version 1
nodes
  0 "ValveBiped.Bip01_Pelvis" -1
  1 "ValveBiped.Bip01_Spine" 0
  2 "ValveBiped.Bip01_Spine1" 1
  3 "ValveBiped.Bip01_Spine2" 2
  4 "ValveBiped.Bip01_Spine4" 3
  5 "ValveBiped.Bip01_R_Clavicle" 4
  6 "ValveBiped.Bip01_R_UpperArm" 5
  7 "ValveBiped.Bip01_R_Forearm" 6
  8 "ValveBiped.Bip01_L_Clavicle" 4
  9 "ValveBiped.Bip01_L_UpperArm" 8
  10 "ValveBiped.Bip01_L_Forearm" 9
  11 "ValveBiped.Bip01_L_Hand" 10
  12 "ValveBiped.Bip01_R_Hand" 7
  13 "ValveBiped.Bip01_R_Thigh" 0
  14 "ValveBiped.Bip01_R_Knee" 13
  15 "ValveBiped.Bip01_R_Quadricep" 13
  16 "ValveBiped.Bip01_Neck1" 4
  17 "ValveBiped.Bip01_Head1" 16
  18 "ValveBiped.Bip01_R_Calf" 13
  19 "ValveBiped.Bip01_R_Foot" 18
  20 "ValveBiped.Bip01_R_Toe0" 19
  21 "ValveBiped.Bip01_L_Thigh" 0
  22 "ValveBiped.Bip01_L_Quadricep" 21
  23 "ValveBiped.Bip01_L_Knee" 21
  24 "ValveBiped.Bip01_L_Finger4" 11
  25 "ValveBiped.Bip01_L_Finger41" 24
  26 "ValveBiped.Bip01_L_Finger42" 25
  27 "ValveBiped.Bip01_L_Finger3" 11
  28 "ValveBiped.Bip01_L_Finger31" 27
  29 "ValveBiped.Bip01_L_Finger32" 28
  30 "ValveBiped.Bip01_L_Finger2" 11
  31 "ValveBiped.Bip01_L_Finger21" 30
  32 "ValveBiped.Bip01_L_Finger22" 31
  33 "ValveBiped.Bip01_L_Finger1" 11
  34 "ValveBiped.Bip01_L_Finger11" 33
  35 "ValveBiped.Bip01_L_Finger12" 34
  36 "ValveBiped.Bip01_L_Finger0" 11
  37 "ValveBiped.Bip01_L_Finger01" 36
  38 "ValveBiped.Bip01_L_Finger02" 37
  39 "ValveBiped.Bip01_L_Calf" 21
  40 "ValveBiped.Bip01_L_Foot" 39
  41 "ValveBiped.Bip01_L_Toe0" 40
  42 "ValveBiped.Bip01_L_Ulna" 10
  43 "ValveBiped.Bip01_L_Wrist" 10
  44 "ValveBiped.Bip01_L_Elbow" 9
  45 "ValveBiped.Bip01_R_Finger4" 12
  46 "ValveBiped.Bip01_R_Finger41" 45
  47 "ValveBiped.Bip01_R_Finger42" 46
  48 "ValveBiped.Bip01_R_Finger3" 12
  49 "ValveBiped.Bip01_R_Finger31" 48
  50 "ValveBiped.Bip01_R_Finger32" 49
  51 "ValveBiped.Bip01_R_Finger2" 12
  52 "ValveBiped.Bip01_R_Finger21" 51
  53 "ValveBiped.Bip01_R_Finger22" 52
  54 "ValveBiped.Bip01_R_Finger1" 12
  55 "ValveBiped.Bip01_R_Finger11" 54
  56 "ValveBiped.Bip01_R_Finger12" 55
  57 "ValveBiped.Bip01_R_Finger0" 12
  58 "ValveBiped.Bip01_R_Finger01" 57
  59 "ValveBiped.Bip01_R_Finger02" 58
  60 "ValveBiped.Bip01_R_Wrist" 7
  61 "ValveBiped.Bip01_R_Ulna" 7
  62 "ValveBiped.Bip01_R_Elbow" 6
  63 "ValveBiped.attachment_bandage_legL" 39
  64 "ValveBiped.attachment_bandage_armL" 10
  65 "ValveBiped.attachment_armL_T" 10
  66 "ValveBiped.attachment_armR_T" 7
  67 "ValveBiped.L_weapon_bone" 11
  68 "ValveBiped.weapon_bone" 12
  69 "ValveBiped.weapon_bone_Clip" 68
  70 "ValveBiped.weapon_bone_extra" 68
  71 "ValveBiped.forward" 17
  72 "ValveBiped.weapon_bone_Clip2" 11
  73 "ValveBiped.weapon_bone_Clip2_Bullets" 72
  74 "ValveBiped.weapon_bolt_l" 11
  75 "ValveBiped.weapon_bone_Clip_Bullets" 69
  76 "ValveBiped.weapon_bolt" 68
  77 "ValveBiped.weapon_bolt_opposite" 68
  78 "ValveBiped.weapon_charger" 68
end
skeleton
time 0
    0 -1.219727 -6.296875 24.734375 1.677609 0.044997 -0.143562
    1 0.000000 4.246162 -0.018825 1.571528 -0.127334 1.574212
    2 4.195629 0.000000 0.000000 0.000638 0.001783 -0.158487
    3 3.883152 0.000001 0.000000 0.000788 -0.000501 -0.042562
    4 5.985943 0.000002 0.000000 -0.000117 -0.002538 0.433992
    5 4.268658 1.531896 -1.575000 1.420804 0.926524 -0.342292
    6 5.782729 0.000000 0.000001 3.074262 -0.034587 0.681651
    7 11.452759 0.000001 0.000000 0.000000 0.000000 -0.289162
    8 4.268658 1.531894 1.575000 -1.656492 -0.876519 -0.151771
    9 5.782726 0.000004 0.000001 -2.978755 0.170276 0.692183
    10 11.452763 0.000001 0.000004 0.000000 0.000000 -0.343801
    11 10.945534 -0.000007 -0.000034 1.396733 -0.177082 0.142600
    12 10.945518 -0.000005 0.000015 -1.147635 0.116304 -0.005760
    13 -3.806942 0.000000 0.000000 -1.132870 -0.210758 -1.823897
    14 19.253841 0.000000 0.000000 0.000000 0.000000 0.025250
    15 6.694798 0.000000 0.000000 0.000000 0.000000 0.000000
    16 5.620499 0.000002 0.000000 2.911343 -0.036843 -0.177818
    17 4.684906 0.000002 0.000000 -0.170338 0.028574 1.071088
    18 19.263098 0.000000 0.000000 0.000000 0.000000 0.286546
    19 17.589096 0.000000 0.000000 0.016608 -0.345650 -0.697337
    20 6.240662 0.000000 0.000000 -0.112052 0.023832 -0.398582
    21 3.806942 0.000000 0.000000 -2.082653 -0.143921 -1.381482
    22 6.694801 0.000000 0.000000 0.000000 0.000000 0.000000
    23 19.253845 0.000000 0.000000 0.000000 0.000000 0.025253
    24 3.147137 0.005680 -1.551346 0.204908 0.143273 -0.954241
    25 1.585903 0.000000 0.000000 0.011390 0.016585 -0.964682
    26 0.849087 0.000002 0.000000 -0.054430 -0.175364 -0.012812
    27 3.471079 0.213264 -0.574066 0.197841 0.103922 -1.056897
    28 1.897533 -0.000002 0.000000 -0.051937 -0.088263 -1.080741
    29 1.014454 0.000002 0.000000 0.002346 0.009693 0.056304
    30 3.750082 0.114767 0.430058 0.187201 0.067923 -1.244533
    31 2.258186 0.000000 0.000000 -0.042022 -0.053930 -0.856641
    32 1.210384 0.000001 0.000000 0.001810 0.011981 0.157202
    33 3.868294 -0.166636 1.490141 0.180581 0.034246 -1.190451
    34 1.786068 0.000000 0.000000 0.051300 0.063943 -1.015925
    35 1.044434 -0.000002 0.000000 0.001325 0.038484 0.095729
    36 1.121473 -1.351564 1.030998 1.138475 -0.607693 0.231095
    37 1.928116 0.000000 0.000000 -0.090105 -0.188036 -0.457011
    38 1.285145 -0.000001 0.000000 -0.000005 -0.040574 -1.047036
    39 19.263105 0.000000 0.000000 0.000000 0.000000 0.167322
    40 17.589100 0.000000 0.000000 0.058880 0.314225 -0.614564
    41 6.240662 0.000000 0.000000 0.020441 -0.027716 -0.532250
    42 5.884350 0.000000 0.000004 -0.126310 0.000000 0.000000
    43 11.768705 0.000000 0.000000 -0.238428 0.000000 0.000000
    44 11.679195 0.000000 0.000008 0.000000 0.000000 -0.161658
    45 3.147156 0.000065 1.551354 -0.201298 -0.143284 -0.649417
    46 1.585903 0.000000 0.000000 -0.011409 -0.016643 -1.331409
    47 0.849087 0.000000 0.000000 0.054379 0.175346 0.227690
    48 3.471100 0.211189 0.574833 -0.194213 -0.103888 -0.872699
    49 1.897533 0.000000 0.000000 0.051947 0.088323 -1.093272
    50 1.014446 0.000003 0.000000 -0.002359 -0.009725 0.111690
    51 3.750099 0.116322 -0.429641 -0.183614 -0.067994 -1.128857
    52 2.258183 0.000000 0.000000 0.042077 0.053977 -0.662652
    53 1.210392 0.000001 0.000000 -0.001842 -0.011976 0.162659
    54 3.868322 -0.161243 -1.490733 -0.177010 -0.034210 -1.024999
    55 1.786068 0.000002 0.000000 -0.051298 -0.063999 -0.749967
    56 1.044445 0.000000 0.000000 -0.001333 -0.038512 0.149883
    57 1.121502 -1.347836 -1.035880 -1.045302 0.582555 0.243500
    58 1.928122 0.000000 -0.000002 -0.000025 0.188108 -0.446082
    59 1.285141 0.000000 -0.000002 -0.000058 0.040588 -0.886387
    60 11.768703 0.000000 -0.000008 0.242666 0.000000 0.000000
    61 5.884356 0.000000 -0.000004 0.128617 0.000000 0.000000
    62 11.679195 0.000000 0.000000 0.000000 0.000000 -0.161657
    63 7.023272 -6.880002 4.339547 2.620672 -1.456011 -1.105365
    64 -25.968750 -6.789063 0.025055 3.026730 -0.006939 1.695005
    65 0.000000 -0.000007 -0.000031 1.373047 0.113574 0.124314
    66 -0.000004 -0.000007 -0.000031 1.373047 0.113574 0.124314
    67 3.348999 -1.371000 0.725000 1.977842 -0.088017 1.557794
    68 2.856895 -1.536201 -0.973800 -1.501147 -0.272558 -1.578261
    69 -0.000004 0.000000 10.000000 0.000000 0.000000 0.000000
    70 0.018894 0.665159 9.395880 0.000000 0.000000 0.000000
    71 2.000008 -3.000000 0.000000 -1.570796 0.000000 -1.326450
    72 3.028210 -0.923410 -2.009452 1.574082 -0.012974 1.587243
    73 0.116953 4.311607 0.061859 0.000010 0.000000 0.000000
    74 -0.000002 0.000000 0.000001 0.000000 0.000000 0.000000
    75 0.000000 1.000000 0.000010 0.000000 0.000000 0.000000
    76 -0.000002 0.000000 0.000000 0.000000 0.000000 0.000000
    77 -0.000002 0.000000 0.000000 0.000000 0.000000 0.000000
    78 -0.000002 0.000000 0.000000 0.000000 0.000000 0.000000
time 1
    0 -0.701172 -6.273438 24.750000 1.675865 0.039848 -0.172389
    1 0.000000 4.246162 -0.018825 1.568825 -0.131451 1.580073
    2 4.195629 0.000000 0.000000 -0.002118 0.003817 -0.156587
    3 3.883152 0.000001 0.000000 -0.001671 -0.002626 -0.042905
    4 5.985943 0.000002 0.000000 -0.004023 -0.005833 0.432946
    5 4.268658 1.531896 -1.575000 1.459082 0.918532 -0.309392
    6 5.782729 0.000000 0.000001 3.073380 -0.033173 0.694740
    7 11.452759 0.000001 0.000000 0.000000 0.000000 -0.263016
    8 4.268658 1.531894 1.575000 -1.630376 -0.883999 -0.182555
    9 5.782726 0.000004 0.000001 -2.983976 0.166513 0.685836
    10 11.452763 0.000001 0.000004 0.000000 0.000000 -0.358617
    11 10.945534 -0.000007 -0.000034 1.418172 -0.180801 0.155852
    12 10.945518 -0.000005 0.000015 -1.134248 0.130828 -0.017184
    13 -3.806942 0.000000 0.000000 -1.189051 -0.244084 -1.824317
    14 19.253841 0.000000 0.000000 0.000000 0.000000 0.025250
    15 6.694798 0.000000 0.000000 0.000000 0.000000 0.000000
    16 5.620499 0.000002 0.000000 2.913195 -0.044789 -0.180078
    17 4.684906 0.000002 0.000000 -0.164402 0.032053 1.072840
    18 19.263098 0.000000 0.000000 0.000000 0.000000 0.318419
    19 17.589096 0.000000 0.000000 0.023348 -0.324357 -0.666833
    20 6.240662 0.000000 0.000000 -0.112095 0.023848 -0.385010
    21 3.806942 0.000000 0.000000 -2.105338 -0.145551 -1.377462
    22 6.694801 0.000000 0.000000 0.000000 0.000000 0.000000
    23 19.253845 0.000000 0.000000 0.000000 0.000000 0.025253
    24 3.147137 0.005680 -1.551346 0.204908 0.143273 -0.954241
    25 1.585903 0.000000 0.000000 0.011390 0.016585 -0.964682
    26 0.849087 0.000002 0.000000 -0.054430 -0.175364 -0.012812
    27 3.471079 0.213264 -0.574066 0.197841 0.103922 -1.056897
    28 1.897533 -0.000002 0.000000 -0.051937 -0.088263 -1.080741
    29 1.014454 0.000002 0.000000 0.002346 0.009693 0.056304
    30 3.750082 0.114767 0.430058 0.187201 0.067923 -1.244533
    31 2.258186 0.000000 0.000000 -0.042022 -0.053930 -0.856641
    32 1.210384 0.000001 0.000000 0.001810 0.011981 0.157202
    33 3.868294 -0.166636 1.490141 0.180581 0.034246 -1.190451
    34 1.786068 0.000000 0.000000 0.051300 0.063943 -1.015925
    35 1.044434 -0.000002 0.000000 0.001325 0.038484 0.095729
    36 1.121473 -1.351564 1.030998 1.138475 -0.607693 0.231095
    37 1.928116 0.000000 0.000000 -0.090105 -0.188036 -0.457011
    38 1.285145 -0.000001 0.000000 -0.000005 -0.040574 -1.047036
    39 19.263105 0.000000 0.000000 0.000000 0.000000 0.164983
    40 17.589100 0.000000 0.000000 0.092999 0.300171 -0.621569
    41 6.240662 0.000000 0.000000 0.020437 -0.027697 -0.521520
    42 5.884350 0.000000 0.000004 -0.126310 0.000000 0.000000
    43 11.768705 0.000000 0.000000 -0.238428 0.000000 0.000000
    44 11.679195 0.000000 0.000008 0.000000 0.000000 -0.161658
    45 3.147156 0.000065 1.551354 -0.201298 -0.143284 -0.649417
    46 1.585903 0.000000 0.000000 -0.011409 -0.016643 -1.331409
    47 0.849087 0.000000 0.000000 0.054379 0.175346 0.227690
    48 3.471100 0.211189 0.574833 -0.194213 -0.103888 -0.872699
    49 1.897533 0.000000 0.000000 0.051947 0.088323 -1.093272
    50 1.014446 0.000003 0.000000 -0.002359 -0.009725 0.111690
    51 3.750099 0.116322 -0.429641 -0.183614 -0.067994 -1.128857
    52 2.258183 0.000000 0.000000 0.042077 0.053977 -0.662652
    53 1.210392 0.000001 0.000000 -0.001842 -0.011976 0.162659
    54 3.868322 -0.161243 -1.490733 -0.177010 -0.034210 -1.024999
    55 1.786068 0.000002 0.000000 -0.051298 -0.063999 -0.749967
    56 1.044445 0.000000 0.000000 -0.001333 -0.038512 0.149883
    57 1.121502 -1.347836 -1.035880 -1.045302 0.582555 0.243500
    58 1.928122 0.000000 -0.000002 -0.000025 0.188108 -0.446082
    59 1.285141 0.000000 -0.000002 -0.000058 0.040588 -0.886387
    60 11.768703 0.000000 -0.000008 0.242666 0.000000 0.000000
    61 5.884356 0.000000 -0.000004 0.128617 0.000000 0.000000
    62 11.679195 0.000000 0.000000 0.000000 0.000000 -0.161657
    63 7.023272 -6.880002 4.339547 2.620672 -1.456011 -1.105365
    64 -26.140625 -6.792969 0.784180 3.031207 -0.032680 1.708951
    65 0.000000 -0.000007 -0.000031 1.373047 0.113574 0.124314
    66 -0.000004 -0.000007 -0.000031 1.373047 0.113574 0.124314
    67 3.348999 -1.371000 0.725000 1.977842 -0.088017 1.557794
    68 2.856895 -1.536201 -0.973800 -1.501147 -0.272558 -1.578261
    69 -0.000004 0.000000 10.000000 0.000000 0.000000 0.000000
    70 0.018894 0.665159 9.395880 0.000000 0.000000 0.000000
    71 2.000008 -3.000000 0.000000 -1.570796 0.000000 -1.326450
    72 3.028210 -0.923410 -2.009452 1.574082 -0.012974 1.587243
    73 0.116953 4.311607 0.061859 0.000010 0.000000 0.000000
    74 -0.000002 0.000000 0.000001 0.000000 0.000000 0.000000
    75 0.000000 1.000000 0.000010 0.000000 0.000000 0.000000
    76 -0.000002 0.000000 0.000000 0.000000 0.000000 0.000000
    77 -0.000002 0.000000 0.000000 0.000000 0.000000 0.000000
    78 -0.000002 0.000000 0.000000 0.000000 0.000000 0.000000
time 2
    0 -0.203369 -6.250000 24.734375 1.672564 0.032959 -0.196083
    1 0.000000 4.246162 -0.018825 1.566457 -0.136598 1.584368
    2 4.195629 0.000000 0.000000 -0.004471 0.005196 -0.154344
    3 3.883152 0.000001 0.000000 -0.003598 -0.005259 -0.043502
    4 5.985943 0.000002 0.000000 -0.007925 -0.010373 0.430772
    5 4.268658 1.531896 -1.575000 1.482920 0.906851 -0.284870
    6 5.782729 0.000000 0.000001 3.072093 -0.031572 0.699031
    7 11.452759 0.000001 0.000000 0.000000 0.000000 -0.237610
    8 4.268658 1.531894 1.575000 -1.615903 -0.882746 -0.200215
    9 5.782726 0.000004 0.000001 -2.989047 0.164421 0.675857
    10 11.452763 0.000001 0.000004 0.000000 0.000000 -0.371697
    11 10.945534 -0.000007 -0.000034 1.440584 -0.182477 0.164229
    12 10.945518 -0.000005 0.000015 -1.118703 0.142433 -0.031621
    13 -3.806942 0.000000 0.000000 -1.239658 -0.274336 -1.824729
    14 19.253841 0.000000 0.000000 0.000000 0.000000 0.025250
    15 6.694798 0.000000 0.000000 0.000000 0.000000 0.000000
    16 5.620499 0.000002 0.000000 2.914054 -0.049808 -0.178915
    17 4.684906 0.000002 0.000000 -0.160637 0.033245 1.071827
    18 19.263098 0.000000 0.000000 0.000000 0.000000 0.344589
    19 17.589096 0.000000 0.000000 0.013659 -0.314904 -0.640920
    20 6.240662 0.000000 0.000000 -0.112051 0.023859 -0.409615
    21 3.806942 0.000000 0.000000 -2.122555 -0.143351 -1.370575
    22 6.694801 0.000000 0.000000 0.000000 0.000000 0.000000
    23 19.253845 0.000000 0.000000 0.000000 0.000000 0.025253
    24 3.147137 0.005680 -1.551346 0.204908 0.143273 -0.954241
    25 1.585903 0.000000 0.000000 0.011390 0.016585 -0.964682
    26 0.849087 0.000002 0.000000 -0.054430 -0.175364 -0.012812
    27 3.471079 0.213264 -0.574066 0.197841 0.103922 -1.056897
    28 1.897533 -0.000002 0.000000 -0.051937 -0.088263 -1.080741
    29 1.014454 0.000002 0.000000 0.002346 0.009693 0.056304
    30 3.750082 0.114767 0.430058 0.187201 0.067923 -1.244533
    31 2.258186 0.000000 0.000000 -0.042022 -0.053930 -0.856641
    32 1.210384 0.000001 0.000000 0.001810 0.011981 0.157202
    33 3.868294 -0.166636 1.490141 0.180581 0.034246 -1.190451
    34 1.786068 0.000000 0.000000 0.051300 0.063943 -1.015925
    35 1.044434 -0.000002 0.000000 0.001325 0.038484 0.095729
    36 1.121473 -1.351564 1.030998 1.138475 -0.607693 0.231095
    37 1.928116 0.000000 0.000000 -0.090105 -0.188036 -0.457011
    38 1.285145 -0.000001 0.000000 -0.000005 -0.040574 -1.047036
    39 19.263105 0.000000 0.000000 0.000000 0.000000 0.165590
    40 17.589100 0.000000 0.000000 0.070904 0.280053 -0.634038
    41 6.240662 0.000000 0.000000 0.020449 -0.027688 -0.522413
    42 5.884350 0.000000 0.000004 -0.126310 0.000000 0.000000
    43 11.768705 0.000000 0.000000 -0.238428 0.000000 0.000000
    44 11.679195 0.000000 0.000008 0.000000 0.000000 -0.161658
    45 3.147156 0.000065 1.551354 -0.201298 -0.143284 -0.649417
    46 1.585903 0.000000 0.000000 -0.011409 -0.016643 -1.331409
    47 0.849087 0.000000 0.000000 0.054379 0.175346 0.227690
    48 3.471100 0.211189 0.574833 -0.194213 -0.103888 -0.872699
    49 1.897533 0.000000 0.000000 0.051947 0.088323 -1.093272
    50 1.014446 0.000003 0.000000 -0.002359 -0.009725 0.111690
    51 3.750099 0.116322 -0.429641 -0.183614 -0.067994 -1.128857
    52 2.258183 0.000000 0.000000 0.042077 0.053977 -0.662652
    53 1.210392 0.000001 0.000000 -0.001842 -0.011976 0.162659
    54 3.868322 -0.161243 -1.490733 -0.177010 -0.034210 -1.024999
    55 1.786068 0.000002 0.000000 -0.051298 -0.063999 -0.749967
    56 1.044445 0.000000 0.000000 -0.001333 -0.038512 0.149883
    57 1.121502 -1.347836 -1.035880 -1.045302 0.582555 0.243500
    58 1.928122 0.000000 -0.000002 -0.000025 0.188108 -0.446082
    59 1.285141 0.000000 -0.000002 -0.000058 0.040588 -0.886387
    60 11.768703 0.000000 -0.000008 0.242666 0.000000 0.000000
    61 5.884356 0.000000 -0.000004 0.128617 0.000000 0.000000
    62 11.679195 0.000000 0.000000 0.000000 0.000000 -0.161657
    63 7.023272 -6.880002 4.339547 2.620672 -1.456011 -1.105365
    64 -26.265625 -7.187500 1.852539 3.034295 -0.059326 1.721737
    65 0.000000 -0.000007 -0.000031 1.373047 0.113574 0.124314
    66 -0.000004 -0.000007 -0.000031 1.373047 0.113574 0.124314
    67 3.348999 -1.371000 0.725000 1.977842 -0.088017 1.557794
    68 2.856895 -1.536201 -0.973800 -1.501147 -0.272558 -1.578261
    69 -0.000004 0.000000 10.000000 0.000000 0.000000 0.000000
    70 0.018894 0.665159 9.395880 0.000000 0.000000 0.000000
    71 2.000008 -3.000000 0.000000 -1.570796 0.000000 -1.326450
    72 3.028210 -0.923410 -2.009452 1.574082 -0.012974 1.587243
    73 0.116953 4.311607 0.061859 0.000010 0.000000 0.000000
    74 -0.000002 0.000000 0.000001 0.000000 0.000000 0.000000
    75 0.000000 1.000000 0.000010 0.000000 0.000000 0.000000
    76 -0.000002 0.000000 0.000000 0.000000 0.000000 0.000000
    77 -0.000002 0.000000 0.000000 0.000000 0.000000 0.000000
    78 -0.000002 0.000000 0.000000 0.000000 0.000000 0.000000
time 3
    0 0.204956 -6.214844 24.734375 1.669352 0.024843 -0.202368
    1 0.000000 4.246162 -0.018825 1.560842 -0.139285 1.585766
    2 4.195629 0.000000 0.000000 -0.010155 0.004849 -0.152973
    3 3.883152 0.000001 0.000000 -0.008991 -0.007617 -0.042528
    4 5.985943 0.000002 0.000000 -0.014362 -0.011872 0.432240
    5 4.268658 1.531896 -1.575000 1.503657 0.896953 -0.262564
    6 5.782729 0.000000 0.000001 3.069407 -0.032169 0.701708
    7 11.452759 0.000001 0.000000 0.000000 0.000000 -0.209985
    8 4.268658 1.531894 1.575000 -1.605428 -0.879263 -0.212100
    9 5.782726 0.000004 0.000001 -2.993310 0.164945 0.670398
    10 11.452763 0.000001 0.000004 0.000000 0.000000 -0.379430
    11 10.945534 -0.000007 -0.000034 1.461811 -0.182975 0.168680
    12 10.945518 -0.000005 0.000015 -1.101626 0.148611 -0.049774
    13 -3.806942 0.000000 0.000000 -1.281437 -0.298489 -1.823880
    14 19.253841 0.000000 0.000000 0.000000 0.000000 0.025250
    15 6.694798 0.000000 0.000000 0.000000 0.000000 0.000000
    16 5.620499 0.000002 0.000000 2.917333 -0.052546 -0.178050
    17 4.684906 0.000002 0.000000 -0.156296 0.033094 1.072007
    18 19.263098 0.000000 0.000000 0.000000 0.000000 0.359144
    19 17.589096 0.000000 0.000000 -0.002537 -0.320068 -0.632065
    20 6.240662 0.000000 0.000000 -0.112087 0.023833 -0.400083
    21 3.806942 0.000000 0.000000 -2.131185 -0.142477 -1.355681
    22 6.694801 0.000000 0.000000 0.000000 0.000000 0.000000
    23 19.253845 0.000000 0.000000 0.000000 0.000000 0.025253
    24 3.147137 0.005680 -1.551346 0.204908 0.143273 -0.954241
    25 1.585903 0.000000 0.000000 0.011390 0.016585 -0.964682
    26 0.849087 0.000002 0.000000 -0.054430 -0.175364 -0.012812
    27 3.471079 0.213264 -0.574066 0.197841 0.103922 -1.056897
    28 1.897533 -0.000002 0.000000 -0.051937 -0.088263 -1.080741
    29 1.014454 0.000002 0.000000 0.002346 0.009693 0.056304
    30 3.750082 0.114767 0.430058 0.187201 0.067923 -1.244533
    31 2.258186 0.000000 0.000000 -0.042022 -0.053930 -0.856641
    32 1.210384 0.000001 0.000000 0.001810 0.011981 0.157202
    33 3.868294 -0.166636 1.490141 0.180581 0.034246 -1.190451
    34 1.786068 0.000000 0.000000 0.051300 0.063943 -1.015925
    35 1.044434 -0.000002 0.000000 0.001325 0.038484 0.095729
    36 1.121473 -1.351564 1.030998 1.138475 -0.607693 0.231095
    37 1.928116 0.000000 0.000000 -0.090105 -0.188036 -0.457011
    38 1.285145 -0.000001 0.000000 -0.000005 -0.040574 -1.047036
    39 19.263105 0.000000 0.000000 0.000000 0.000000 0.174254
    40 17.589100 0.000000 0.000000 0.021006 0.250833 -0.648431
    41 6.240662 0.000000 0.000000 0.020395 -0.027728 -0.518482
    42 5.884350 0.000000 0.000004 -0.126310 0.000000 0.000000
    43 11.768705 0.000000 0.000000 -0.238428 0.000000 0.000000
    44 11.679195 0.000000 0.000008 0.000000 0.000000 -0.161658
    45 3.147156 0.000065 1.551354 -0.201298 -0.143284 -0.649417
    46 1.585903 0.000000 0.000000 -0.011409 -0.016643 -1.331409
    47 0.849087 0.000000 0.000000 0.054379 0.175346 0.227690
    48 3.471100 0.211189 0.574833 -0.194213 -0.103888 -0.872699
    49 1.897533 0.000000 0.000000 0.051947 0.088323 -1.093272
    50 1.014446 0.000003 0.000000 -0.002359 -0.009725 0.111690
    51 3.750099 0.116322 -0.429641 -0.183614 -0.067994 -1.128857
    52 2.258183 0.000000 0.000000 0.042077 0.053977 -0.662652
    53 1.210392 0.000001 0.000000 -0.001842 -0.011976 0.162659
    54 3.868322 -0.161243 -1.490733 -0.177010 -0.034210 -1.024999
    55 1.786068 0.000002 0.000000 -0.051298 -0.063999 -0.749967
    56 1.044445 0.000000 0.000000 -0.001333 -0.038512 0.149883
    57 1.121502 -1.347836 -1.035880 -1.045302 0.582555 0.243500
    58 1.928122 0.000000 -0.000002 -0.000025 0.188108 -0.446082
    59 1.285141 0.000000 -0.000002 -0.000058 0.040588 -0.886387
    60 11.768703 0.000000 -0.000008 0.242666 0.000000 0.000000
    61 5.884356 0.000000 -0.000004 0.128617 0.000000 0.000000
    62 11.679195 0.000000 0.000000 0.000000 0.000000 -0.161657
    63 7.023272 -6.880002 4.339547 2.620672 -1.456011 -1.105365
    64 -26.312500 -8.015625 3.251953 3.035914 -0.083783 1.731999
    65 0.000000 -0.000007 -0.000031 1.373047 0.113574 0.124314
    66 -0.000004 -0.000007 -0.000031 1.373047 0.113574 0.124314
    67 3.348999 -1.371000 0.725000 1.977842 -0.088017 1.557794
    68 2.856895 -1.536201 -0.973800 -1.501147 -0.272558 -1.578261
    69 -0.000004 0.000000 10.000000 0.000000 0.000000 0.000000
    70 0.018894 0.665159 9.395880 0.000000 0.000000 0.000000
    71 2.000008 -3.000000 0.000000 -1.570796 0.000000 -1.326450
    72 3.028210 -0.923410 -2.009452 1.574082 -0.012974 1.587243
    73 0.116953 4.311607 0.061859 0.000010 0.000000 0.000000
    74 -0.000002 0.000000 0.000001 0.000000 0.000000 0.000000
    75 0.000000 1.000000 0.000010 0.000000 0.000000 0.000000
    76 -0.000002 0.000000 0.000000 0.000000 0.000000 0.000000
    77 -0.000002 0.000000 0.000000 0.000000 0.000000 0.000000
    78 -0.000002 0.000000 0.000000 0.000000 0.000000 0.000000
time 4
    0 0.553711 -6.187500 24.718750 1.665411 0.015339 -0.200103
    1 0.000000 4.246162 -0.018825 1.554436 -0.140193 1.584569
    2 4.195629 0.000000 0.000000 -0.016352 0.003255 -0.152285
    3 3.883152 0.000001 0.000000 -0.015085 -0.009804 -0.040504
    4 5.985943 0.000002 0.000000 -0.021250 -0.012089 0.436452
    5 4.268658 1.531896 -1.575000 1.519268 0.890422 -0.246404
    6 5.782729 0.000000 0.000001 3.067676 -0.031766 0.706159
    7 11.452759 0.000001 0.000000 0.000000 0.000000 -0.179280
    8 4.268658 1.531894 1.575000 -1.600363 -0.875855 -0.219579
    9 5.782726 0.000004 0.000001 -2.995683 0.165479 0.670471
    10 11.452763 0.000001 0.000004 0.000000 0.000000 -0.382419
    11 10.945534 -0.000007 -0.000034 1.481631 -0.182862 0.171329
    12 10.945518 -0.000005 0.000015 -1.085757 0.152872 -0.071440
    13 -3.806942 0.000000 0.000000 -1.321207 -0.317400 -1.822948
    14 19.253841 0.000000 0.000000 0.000000 0.000000 0.025250
    15 6.694798 0.000000 0.000000 0.000000 0.000000 0.000000
    16 5.620499 0.000002 0.000000 2.922324 -0.055009 -0.176907
    17 4.684906 0.000002 0.000000 -0.150933 0.032488 1.072798
    18 19.263098 0.000000 0.000000 0.000000 0.000000 0.363444
    19 17.589096 0.000000 0.000000 -0.029121 -0.327130 -0.618452
    20 6.240662 0.000000 0.000000 -0.112078 0.023815 -0.392233
    21 3.806942 0.000000 0.000000 -2.145736 -0.141162 -1.335014
    22 6.694801 0.000000 0.000000 0.000000 0.000000 0.000000
    23 19.253845 0.000000 0.000000 0.000000 0.000000 0.025253
    24 3.147137 0.005680 -1.551346 0.204908 0.143273 -0.954241
    25 1.585903 0.000000 0.000000 0.011390 0.016585 -0.964682
    26 0.849087 0.000002 0.000000 -0.054430 -0.175364 -0.012812
    27 3.471079 0.213264 -0.574066 0.197841 0.103922 -1.056897
    28 1.897533 -0.000002 0.000000 -0.051937 -0.088263 -1.080741
    29 1.014454 0.000002 0.000000 0.002346 0.009693 0.056304
    30 3.750082 0.114767 0.430058 0.187201 0.067923 -1.244533
    31 2.258186 0.000000 0.000000 -0.042022 -0.053930 -0.856641
    32 1.210384 0.000001 0.000000 0.001810 0.011981 0.157202
    33 3.868294 -0.166636 1.490141 0.180581 0.034246 -1.190451
    34 1.786068 0.000000 0.000000 0.051300 0.063943 -1.015925
    35 1.044434 -0.000002 0.000000 0.001325 0.038484 0.095729
    36 1.121473 -1.351564 1.030998 1.138475 -0.607693 0.231095
    37 1.928116 0.000000 0.000000 -0.090105 -0.188036 -0.457011
    38 1.285145 -0.000001 0.000000 -0.000005 -0.040574 -1.047036
    39 19.263105 0.000000 0.000000 0.000000 0.000000 0.188730
    40 17.589100 0.000000 0.000000 -0.026102 0.228185 -0.654272
    41 6.240662 0.000000 0.000000 0.020386 -0.027675 -0.513391
    42 5.884350 0.000000 0.000004 -0.126310 0.000000 0.000000
    43 11.768705 0.000000 0.000000 -0.238428 0.000000 0.000000
    44 11.679195 0.000000 0.000008 0.000000 0.000000 -0.161658
    45 3.147156 0.000065 1.551354 -0.201298 -0.143284 -0.649417
    46 1.585903 0.000000 0.000000 -0.011409 -0.016643 -1.331409
    47 0.849087 0.000000 0.000000 0.054379 0.175346 0.227690
    48 3.471100 0.211189 0.574833 -0.194213 -0.103888 -0.872699
    49 1.897533 0.000000 0.000000 0.051947 0.088323 -1.093272
    50 1.014446 0.000003 0.000000 -0.002359 -0.009725 0.111690
    51 3.750099 0.116322 -0.429641 -0.183614 -0.067994 -1.128857
    52 2.258183 0.000000 0.000000 0.042077 0.053977 -0.662652
    53 1.210392 0.000001 0.000000 -0.001842 -0.011976 0.162659
    54 3.868322 -0.161243 -1.490733 -0.177010 -0.034210 -1.024999
    55 1.786068 0.000002 0.000000 -0.051298 -0.063999 -0.749967
    56 1.044445 0.000000 0.000000 -0.001333 -0.038512 0.149883
    57 1.121502 -1.347836 -1.035880 -1.045302 0.582555 0.243500
    58 1.928122 0.000000 -0.000002 -0.000025 0.188108 -0.446082
    59 1.285141 0.000000 -0.000002 -0.000058 0.040588 -0.886387
    60 11.768703 0.000000 -0.000008 0.242666 0.000000 0.000000
    61 5.884356 0.000000 -0.000004 0.128617 0.000000 0.000000
    62 11.679195 0.000000 0.000000 0.000000 0.000000 -0.161657
    63 7.023272 -6.880002 4.339547 2.620672 -1.456011 -1.105365
    64 -26.281250 -9.304688 4.816406 3.036547 -0.104974 1.740564
    65 0.000000 -0.000007 -0.000031 1.373047 0.113574 0.124314
    66 -0.000004 -0.000007 -0.000031 1.373047 0.113574 0.124314
    67 3.348999 -1.371000 0.725000 1.977842 -0.088017 1.557794
    68 2.856895 -1.536201 -0.973800 -1.501147 -0.272558 -1.578261
    69 -0.000004 0.000000 10.000000 0.000000 0.000000 0.000000
    70 0.018894 0.665159 9.395880 0.000000 0.000000 0.000000
    71 2.000008 -3.000000 0.000000 -1.570796 0.000000 -1.326450
    72 3.028210 -0.923410 -2.009452 1.574082 -0.012974 1.587243
    73 0.116953 4.311607 0.061859 0.000010 0.000000 0.000000
    74 -0.000002 0.000000 0.000001 0.000000 0.000000 0.000000
    75 0.000000 1.000000 0.000010 0.000000 0.000000 0.000000
    76 -0.000002 0.000000 0.000000 0.000000 0.000000 0.000000
    77 -0.000002 0.000000 0.000000 0.000000 0.000000 0.000000
    78 -0.000002 0.000000 0.000000 0.000000 0.000000 0.000000
time 5
    0 0.846680 -6.226563 24.703125 1.661690 0.004963 -0.191064
    1 0.000000 4.246162 -0.018825 1.548631 -0.139739 1.582367
    2 4.195629 0.000000 0.000000 -0.022001 0.001264 -0.152363
    3 3.883152 0.000001 0.000000 -0.020575 -0.011723 -0.039940
    4 5.985943 0.000002 0.000000 -0.027306 -0.012236 0.437568
    5 4.268658 1.531896 -1.575000 1.522512 0.887278 -0.239556
    6 5.782729 0.000000 0.000001 3.061296 -0.025578 0.713163
    7 11.452759 0.000001 0.000000 0.000000 0.000000 -0.148011
    8 4.268658 1.531894 1.575000 -1.601487 -0.875436 -0.215375
    9 5.782726 0.000004 0.000001 -3.000036 0.165031 0.675006
    10 11.452763 0.000001 0.000004 0.000000 0.000000 -0.385585
    11 10.945534 -0.000007 -0.000034 1.499986 -0.181809 0.172677
    12 10.945518 -0.000005 0.000015 -1.070979 0.158697 -0.088653
    13 -3.806942 0.000000 0.000000 -1.356749 -0.328306 -1.822380
    14 19.253841 0.000000 0.000000 0.000000 0.000000 0.025250
    15 6.694798 0.000000 0.000000 0.000000 0.000000 0.000000
    16 5.620499 0.000002 0.000000 2.922063 -0.060185 -0.172331
    17 4.684906 0.000002 0.000000 -0.148225 0.034255 1.071096
    18 19.263098 0.000000 0.000000 0.000000 0.000000 0.355109
    19 17.589096 0.000000 0.000000 -0.061519 -0.337172 -0.600407
    20 6.240662 0.000000 0.000000 -0.112027 0.023846 -0.382014
    21 3.806942 0.000000 0.000000 -2.165492 -0.139345 -1.310687
    22 6.694801 0.000000 0.000000 0.000000 0.000000 0.000000
    23 19.253845 0.000000 0.000000 0.000000 0.000000 0.025253
    24 3.147137 0.005680 -1.551346 0.204908 0.143273 -0.954241
    25 1.585903 0.000000 0.000000 0.011390 0.016585 -0.964682
    26 0.849087 0.000002 0.000000 -0.054430 -0.175364 -0.012812
    27 3.471079 0.213264 -0.574066 0.197841 0.103922 -1.056897
    28 1.897533 -0.000002 0.000000 -0.051937 -0.088263 -1.080741
    29 1.014454 0.000002 0.000000 0.002346 0.009693 0.056304
    30 3.750082 0.114767 0.430058 0.187201 0.067923 -1.244533
    31 2.258186 0.000000 0.000000 -0.042022 -0.053930 -0.856641
    32 1.210384 0.000001 0.000000 0.001810 0.011981 0.157202
    33 3.868294 -0.166636 1.490141 0.180581 0.034246 -1.190451
    34 1.786068 0.000000 0.000000 0.051300 0.063943 -1.015925
    35 1.044434 -0.000002 0.000000 0.001325 0.038484 0.095729
    36 1.121473 -1.351564 1.030998 1.138475 -0.607693 0.231095
    37 1.928116 0.000000 0.000000 -0.090105 -0.188036 -0.457011
    38 1.285145 -0.000001 0.000000 -0.000005 -0.040574 -1.047036
    39 19.263105 0.000000 0.000000 0.000000 0.000000 0.207208
    40 17.589100 0.000000 0.000000 -0.057664 0.212242 -0.657968
    41 6.240662 0.000000 0.000000 0.020386 -0.027675 -0.513391
    42 5.884350 0.000000 0.000004 -0.126310 0.000000 0.000000
    43 11.768705 0.000000 0.000000 -0.238428 0.000000 0.000000
    44 11.679195 0.000000 0.000008 0.000000 0.000000 -0.161658
    45 3.147156 0.000065 1.551354 -0.201298 -0.143284 -0.649417
    46 1.585903 0.000000 0.000000 -0.011409 -0.016643 -1.331409
    47 0.849087 0.000000 0.000000 0.054379 0.175346 0.227690
    48 3.471100 0.211189 0.574833 -0.194213 -0.103888 -0.872699
    49 1.897533 0.000000 0.000000 0.051947 0.088323 -1.093272
    50 1.014446 0.000003 0.000000 -0.002359 -0.009725 0.111690
    51 3.750099 0.116322 -0.429641 -0.183614 -0.067994 -1.128857
    52 2.258183 0.000000 0.000000 0.042077 0.053977 -0.662652
    53 1.210392 0.000001 0.000000 -0.001842 -0.011976 0.162659
    54 3.868322 -0.161243 -1.490733 -0.177010 -0.034210 -1.024999
    55 1.786068 0.000002 0.000000 -0.051298 -0.063999 -0.749967
    56 1.044445 0.000000 0.000000 -0.001333 -0.038512 0.149883
    57 1.121502 -1.347836 -1.035880 -1.045302 0.582555 0.243500
    58 1.928122 0.000000 -0.000002 -0.000025 0.188108 -0.446082
    59 1.285141 0.000000 -0.000002 -0.000058 0.040588 -0.886387
    60 11.768703 0.000000 -0.000008 0.242666 0.000000 0.000000
    61 5.884356 0.000000 -0.000004 0.128617 0.000000 0.000000
    62 11.679195 0.000000 0.000000 0.000000 0.000000 -0.161657
    63 7.023272 -6.880002 4.339547 2.620672 -1.456011 -1.105365
    64 -26.203125 -11.218750 6.371094 3.036559 -0.123239 1.749488
    65 0.000000 -0.000007 -0.000031 1.373047 0.113574 0.124314
    66 -0.000004 -0.000007 -0.000031 1.373047 0.113574 0.124314
    67 3.348999 -1.371000 0.725000 1.977842 -0.088017 1.557794
    68 2.856895 -1.536201 -0.973800 -1.501147 -0.272558 -1.578261
    69 -0.000004 0.000000 10.000000 0.000000 0.000000 0.000000
    70 0.018894 0.665159 9.395880 0.000000 0.000000 0.000000
    71 2.000008 -3.000000 0.000000 -1.570796 0.000000 -1.326450
    72 3.028210 -0.923410 -2.009452 1.574082 -0.012974 1.587243
    73 0.116953 4.311607 0.061859 0.000010 0.000000 0.000000
    74 -0.000002 0.000000 0.000001 0.000000 0.000000 0.000000
    75 0.000000 1.000000 0.000010 0.000000 0.000000 0.000000
    76 -0.000002 0.000000 0.000000 0.000000 0.000000 0.000000
    77 -0.000002 0.000000 0.000000 0.000000 0.000000 0.000000
    78 -0.000002 0.000000 0.000000 0.000000 0.000000 0.000000
time 6
    0 1.065430 -6.335938 24.687500 1.657976 -0.006778 -0.175824
    1 0.000000 4.246162 -0.018825 1.543365 -0.135499 1.579024
    2 4.195629 0.000000 0.000000 -0.027007 -0.001216 -0.153896
    3 3.883152 0.000001 0.000000 -0.025466 -0.014038 -0.037811
    4 5.985943 0.000002 0.000000 -0.033204 -0.013055 0.442947
    5 4.268658 1.531896 -1.575000 1.531704 0.884732 -0.231715
    6 5.782729 0.000000 0.000001 3.045378 -0.021452 0.714242
    7 11.452759 0.000001 0.000000 0.000000 0.000000 -0.125946
    8 4.268658 1.531894 1.575000 -1.603238 -0.879262 -0.210751
    9 5.782726 0.000004 0.000001 -3.003727 0.163451 0.688799
    10 11.452763 0.000001 0.000004 0.000000 0.000000 -0.382419
    11 10.945534 -0.000007 -0.000034 1.513802 -0.181167 0.173264
    12 10.945518 -0.000005 0.000015 -1.058191 0.162684 -0.096964
    13 -3.806942 0.000000 0.000000 -1.392460 -0.329985 -1.822747
    14 19.253841 0.000000 0.000000 0.000000 0.000000 0.025250
    15 6.694798 0.000000 0.000000 0.000000 0.000000 0.000000
    16 5.620499 0.000002 0.000000 2.916269 -0.065239 -0.171567
    17 4.684906 0.000002 0.000000 -0.150412 0.037609 1.072753
    18 19.263098 0.000000 0.000000 0.000000 0.000000 0.335743
    19 17.589096 0.000000 0.000000 -0.093124 -0.347071 -0.583141
    20 6.240662 0.000000 0.000000 -0.112037 0.023820 -0.371011
    21 3.806942 0.000000 0.000000 -2.197962 -0.137242 -1.283536
    22 6.694801 0.000000 0.000000 0.000000 0.000000 0.000000
    23 19.253845 0.000000 0.000000 0.000000 0.000000 0.025253
    24 3.147137 0.005680 -1.551346 0.204908 0.143273 -0.954241
    25 1.585903 0.000000 0.000000 0.011390 0.016585 -0.964682
    26 0.849087 0.000002 0.000000 -0.054430 -0.175364 -0.012812
    27 3.471079 0.213264 -0.574066 0.197841 0.103922 -1.056897
    28 1.897533 -0.000002 0.000000 -0.051937 -0.088263 -1.080741
    29 1.014454 0.000002 0.000000 0.002346 0.009693 0.056304
    30 3.750082 0.114767 0.430058 0.187201 0.067923 -1.244533
    31 2.258186 0.000000 0.000000 -0.042022 -0.053930 -0.856641
    32 1.210384 0.000001 0.000000 0.001810 0.011981 0.157202
    33 3.868294 -0.166636 1.490141 0.180581 0.034246 -1.190451
    34 1.786068 0.000000 0.000000 0.051300 0.063943 -1.015925
    35 1.044434 -0.000002 0.000000 0.001325 0.038484 0.095729
    36 1.121473 -1.351564 1.030998 1.138475 -0.607693 0.231095
    37 1.928116 0.000000 0.000000 -0.090105 -0.188036 -0.457011
    38 1.285145 -0.000001 0.000000 -0.000005 -0.040574 -1.047036
    39 19.263105 0.000000 0.000000 0.000000 0.000000 0.231004
    40 17.589100 0.000000 0.000000 -0.076526 0.200354 -0.656750
    41 6.240662 0.000000 0.000000 0.020388 -0.027673 -0.513570
    42 5.884350 0.000000 0.000004 -0.126310 0.000000 0.000000
    43 11.768705 0.000000 0.000000 -0.238428 0.000000 0.000000
    44 11.679195 0.000000 0.000008 0.000000 0.000000 -0.161658
    45 3.147156 0.000065 1.551354 -0.201298 -0.143284 -0.649417
    46 1.585903 0.000000 0.000000 -0.011409 -0.016643 -1.331409
    47 0.849087 0.000000 0.000000 0.054379 0.175346 0.227690
    48 3.471100 0.211189 0.574833 -0.194213 -0.103888 -0.872699
    49 1.897533 0.000000 0.000000 0.051947 0.088323 -1.093272
    50 1.014446 0.000003 0.000000 -0.002359 -0.009725 0.111690
    51 3.750099 0.116322 -0.429641 -0.183614 -0.067994 -1.128857
    52 2.258183 0.000000 0.000000 0.042077 0.053977 -0.662652
    53 1.210392 0.000001 0.000000 -0.001842 -0.011976 0.162659
    54 3.868322 -0.161243 -1.490733 -0.177010 -0.034210 -1.024999
    55 1.786068 0.000002 0.000000 -0.051298 -0.063999 -0.749967
    56 1.044445 0.000000 0.000000 -0.001333 -0.038512 0.149883
    57 1.121502 -1.347836 -1.035880 -1.045302 0.582555 0.243500
    58 1.928122 0.000000 -0.000002 -0.000025 0.188108 -0.446082
    59 1.285141 0.000000 -0.000002 -0.000058 0.040588 -0.886387
    60 11.768703 0.000000 -0.000008 0.242666 0.000000 0.000000
    61 5.884356 0.000000 -0.000004 0.128617 0.000000 0.000000
    62 11.679195 0.000000 0.000000 0.000000 0.000000 -0.161657
    63 7.023272 -6.880002 4.339547 2.620672 -1.456011 -1.105365
    64 -26.140625 -13.695313 7.738281 3.035802 -0.134027 1.755486
    65 0.000000 -0.000007 -0.000031 1.373047 0.113574 0.124314
    66 -0.000004 -0.000007 -0.000031 1.373047 0.113574 0.124314
    67 3.348999 -1.371000 0.725000 1.977842 -0.088017 1.557794
    68 2.856895 -1.536201 -0.973800 -1.501147 -0.272558 -1.578261
    69 -0.000004 0.000000 10.000000 0.000000 0.000000 0.000000
    70 0.018894 0.665159 9.395880 0.000000 0.000000 0.000000
    71 2.000008 -3.000000 0.000000 -1.570796 0.000000 -1.326450
    72 3.028210 -0.923410 -2.009452 1.574082 -0.012974 1.587243
    73 0.116953 4.311607 0.061859 0.000010 0.000000 0.000000
    74 -0.000002 0.000000 0.000001 0.000000 0.000000 0.000000
    75 0.000000 1.000000 0.000010 0.000000 0.000000 0.000000
    76 -0.000002 0.000000 0.000000 0.000000 0.000000 0.000000
    77 -0.000002 0.000000 0.000000 0.000000 0.000000 0.000000
    78 -0.000002 0.000000 0.000000 0.000000 0.000000 0.000000
time 7
    0 1.195313 -6.480469 24.656250 1.653160 -0.020596 -0.154927
    1 0.000000 4.246162 -0.018825 1.540728 -0.131841 1.571403
    2 4.195629 0.000000 0.000000 -0.029287 -0.005310 -0.155310
    3 3.883152 0.000001 0.000000 -0.027776 -0.015871 -0.036043
    4 5.985943 0.000002 0.000000 -0.036252 -0.013803 0.447243
    5 4.268658 1.531896 -1.575000 1.529913 0.887340 -0.233852
    6 5.782729 0.000000 0.000001 3.034609 -0.017706 0.710751
    7 11.452759 0.000001 0.000000 0.000000 0.000000 -0.113493
    8 4.268658 1.531894 1.575000 -1.615604 -0.879426 -0.195793
    9 5.782726 0.000004 0.000001 -3.008002 0.161534 0.703828
    10 11.452763 0.000001 0.000004 0.000000 0.000000 -0.377848
    11 10.945534 -0.000007 -0.000034 1.524062 -0.177422 0.176991
    12 10.945518 -0.000005 0.000015 -1.051844 0.169045 -0.105281
    13 -3.806942 0.000000 0.000000 -1.424733 -0.324264 -1.825317
    14 19.253841 0.000000 0.000000 0.000000 0.000000 0.025250
    15 6.694798 0.000000 0.000000 0.000000 0.000000 0.000000
    16 5.620499 0.000002 0.000000 2.908084 -0.065281 -0.172337
    17 4.684906 0.000002 0.000000 -0.157645 0.039788 1.074819
    18 19.263098 0.000000 0.000000 0.000000 0.000000 0.311251
    19 17.589096 0.000000 0.000000 -0.122889 -0.356970 -0.571777
    20 6.240662 0.000000 0.000000 -0.112042 0.023861 -0.366968
    21 3.806942 0.000000 0.000000 -2.239850 -0.136694 -1.252746
    22 6.694801 0.000000 0.000000 0.000000 0.000000 0.000000
    23 19.253845 0.000000 0.000000 0.000000 0.000000 0.025253
    24 3.147137 0.005680 -1.551346 0.204908 0.143273 -0.954241
    25 1.585903 0.000000 0.000000 0.011390 0.016585 -0.964682
    26 0.849087 0.000002 0.000000 -0.054430 -0.175364 -0.012812
    27 3.471079 0.213264 -0.574066 0.197841 0.103922 -1.056897
    28 1.897533 -0.000002 0.000000 -0.051937 -0.088263 -1.080741
    29 1.014454 0.000002 0.000000 0.002346 0.009693 0.056304
    30 3.750082 0.114767 0.430058 0.187201 0.067923 -1.244533
    31 2.258186 0.000000 0.000000 -0.042022 -0.053930 -0.856641
    32 1.210384 0.000001 0.000000 0.001810 0.011981 0.157202
    33 3.868294 -0.166636 1.490141 0.180581 0.034246 -1.190451
    34 1.786068 0.000000 0.000000 0.051300 0.063943 -1.015925
    35 1.044434 -0.000002 0.000000 0.001325 0.038484 0.095729
    36 1.121473 -1.351564 1.030998 1.138475 -0.607693 0.231095
    37 1.928116 0.000000 0.000000 -0.090105 -0.188036 -0.457011
    38 1.285145 -0.000001 0.000000 -0.000005 -0.040574 -1.047036
    39 19.263105 0.000000 0.000000 0.000000 0.000000 0.263887
    40 17.589100 0.000000 0.000000 -0.095704 0.185517 -0.657757
    41 6.240662 0.000000 0.000000 0.020420 -0.027689 -0.509823
    42 5.884350 0.000000 0.000004 -0.126310 0.000000 0.000000
    43 11.768705 0.000000 0.000000 -0.238428 0.000000 0.000000
    44 11.679195 0.000000 0.000008 0.000000 0.000000 -0.161658
    45 3.147156 0.000065 1.551354 -0.201298 -0.143284 -0.649417
    46 1.585903 0.000000 0.000000 -0.011409 -0.016643 -1.331409
    47 0.849087 0.000000 0.000000 0.054379 0.175346 0.227690
    48 3.471100 0.211189 0.574833 -0.194213 -0.103888 -0.872699
    49 1.897533 0.000000 0.000000 0.051947 0.088323 -1.093272
    50 1.014446 0.000003 0.000000 -0.002359 -0.009725 0.111690
    51 3.750099 0.116322 -0.429641 -0.183614 -0.067994 -1.128857
    52 2.258183 0.000000 0.000000 0.042077 0.053977 -0.662652
    53 1.210392 0.000001 0.000000 -0.001842 -0.011976 0.162659
    54 3.868322 -0.161243 -1.490733 -0.177010 -0.034210 -1.024999
    55 1.786068 0.000002 0.000000 -0.051298 -0.063999 -0.749967
    56 1.044445 0.000000 0.000000 -0.001333 -0.038512 0.149883
    57 1.121502 -1.347836 -1.035880 -1.045302 0.582555 0.243500
    58 1.928122 0.000000 -0.000002 -0.000025 0.188108 -0.446082
    59 1.285141 0.000000 -0.000002 -0.000058 0.040588 -0.886387
    60 11.768703 0.000000 -0.000008 0.242666 0.000000 0.000000
    61 5.884356 0.000000 -0.000004 0.128617 0.000000 0.000000
    62 11.679195 0.000000 0.000000 0.000000 0.000000 -0.161657
    63 7.023272 -6.880002 4.339547 2.620672 -1.456011 -1.105365
    64 -26.234375 -17.015625 8.609375 3.034862 -0.136745 1.761368
    65 0.000000 -0.000007 -0.000031 1.373047 0.113574 0.124314
    66 -0.000004 -0.000007 -0.000031 1.373047 0.113574 0.124314
    67 3.348999 -1.371000 0.725000 1.977842 -0.088017 1.557794
    68 2.856895 -1.536201 -0.973800 -1.501147 -0.272558 -1.578261
    69 -0.000004 0.000000 10.000000 0.000000 0.000000 0.000000
    70 0.018894 0.665159 9.395880 0.000000 0.000000 0.000000
    71 2.000008 -3.000000 0.000000 -1.570796 0.000000 -1.326450
    72 3.028210 -0.923410 -2.009452 1.574082 -0.012974 1.587243
    73 0.116953 4.311607 0.061859 0.000010 0.000000 0.000000
    74 -0.000002 0.000000 0.000001 0.000000 0.000000 0.000000
    75 0.000000 1.000000 0.000010 0.000000 0.000000 0.000000
    76 -0.000002 0.000000 0.000000 0.000000 0.000000 0.000000
    77 -0.000002 0.000000 0.000000 0.000000 0.000000 0.000000
    78 -0.000002 0.000000 0.000000 0.000000 0.000000 0.000000
time 8
    0 1.285156 -6.652344 24.656250 1.649276 -0.037059 -0.126888
    1 0.000000 4.246162 -0.018825 1.537543 -0.128875 1.565204
    2 4.195629 0.000000 0.000000 -0.032265 -0.009284 -0.156455
    3 3.883152 0.000001 0.000000 -0.030582 -0.019262 -0.034243
    4 5.985943 0.000002 0.000000 -0.041054 -0.017147 0.451535
    5 4.268658 1.531896 -1.575000 1.540862 0.892154 -0.230668
    6 5.782729 0.000000 0.000001 3.018869 -0.019887 0.693409
    7 11.452759 0.000001 0.000000 0.000000 0.000000 -0.135203
    8 4.268658 1.531894 1.575000 -1.608017 -0.888142 -0.200553
    9 5.782726 0.000004 0.000001 -3.004568 0.157294 0.730696
    10 11.452763 0.000001 0.000004 0.000000 0.000000 -0.362742
    11 10.945534 -0.000007 -0.000034 1.522143 -0.172813 0.181386
    12 10.945518 -0.000005 0.000015 -1.049765 0.175603 -0.103159
    13 -3.806942 0.000000 0.000000 -1.438256 -0.313334 -1.832109
    14 19.253841 0.000000 0.000000 0.000000 0.000000 0.025250
    15 6.694798 0.000000 0.000000 0.000000 0.000000 0.000000
    16 5.620499 0.000002 0.000000 2.901962 -0.063496 -0.178874
    17 4.684906 0.000002 0.000000 -0.164126 0.039730 1.081271
    18 19.263098 0.000000 0.000000 0.000000 0.000000 0.283755
    19 17.589096 0.000000 0.000000 -0.151913 -0.357781 -0.565985
    20 6.240662 0.000000 0.000000 -0.112019 0.023843 -0.373916
    21 3.806942 0.000000 0.000000 -2.272196 -0.143060 -1.223358
    22 6.694801 0.000000 0.000000 0.000000 0.000000 0.000000
    23 19.253845 0.000000 0.000000 0.000000 0.000000 0.025253
    24 3.147137 0.005680 -1.551346 0.204908 0.143273 -0.954241
    25 1.585903 0.000000 0.000000 0.011390 0.016585 -0.964682
    26 0.849087 0.000002 0.000000 -0.054430 -0.175364 -0.012812
    27 3.471079 0.213264 -0.574066 0.197841 0.103922 -1.056897
    28 1.897533 -0.000002 0.000000 -0.051937 -0.088263 -1.080741
    29 1.014454 0.000002 0.000000 0.002346 0.009693 0.056304
    30 3.750082 0.114767 0.430058 0.187201 0.067923 -1.244533
    31 2.258186 0.000000 0.000000 -0.042022 -0.053930 -0.856641
    32 1.210384 0.000001 0.000000 0.001810 0.011981 0.157202
    33 3.868294 -0.166636 1.490141 0.180581 0.034246 -1.190451
    34 1.786068 0.000000 0.000000 0.051300 0.063943 -1.015925
    35 1.044434 -0.000002 0.000000 0.001325 0.038484 0.095729
    36 1.121473 -1.351564 1.030998 1.138475 -0.607693 0.231095
    37 1.928116 0.000000 0.000000 -0.090105 -0.188036 -0.457011
    38 1.285145 -0.000001 0.000000 -0.000005 -0.040574 -1.047036
    39 19.263105 0.000000 0.000000 0.000000 0.000000 0.305485
    40 17.589100 0.000000 0.000000 -0.125901 0.159143 -0.668957
    41 6.240662 0.000000 0.000000 0.020430 -0.027703 -0.493958
    42 5.884350 0.000000 0.000004 -0.126310 0.000000 0.000000
    43 11.768705 0.000000 0.000000 -0.238428 0.000000 0.000000
    44 11.679195 0.000000 0.000008 0.000000 0.000000 -0.161658
    45 3.147156 0.000065 1.551354 -0.201298 -0.143284 -0.649417
    46 1.585903 0.000000 0.000000 -0.011409 -0.016643 -1.331409
    47 0.849087 0.000000 0.000000 0.054379 0.175346 0.227690
    48 3.471100 0.211189 0.574833 -0.194213 -0.103888 -0.872699
    49 1.897533 0.000000 0.000000 0.051947 0.088323 -1.093272
    50 1.014446 0.000003 0.000000 -0.002359 -0.009725 0.111690
    51 3.750099 0.116322 -0.429641 -0.183614 -0.067994 -1.128857
    52 2.258183 0.000000 0.000000 0.042077 0.053977 -0.662652
    53 1.210392 0.000001 0.000000 -0.001842 -0.011976 0.162659
    54 3.868322 -0.161243 -1.490733 -0.177010 -0.034210 -1.024999
    55 1.786068 0.000002 0.000000 -0.051298 -0.063999 -0.749967
    56 1.044445 0.000000 0.000000 -0.001333 -0.038512 0.149883
    57 1.121502 -1.347836 -1.035880 -1.045302 0.582555 0.243500
    58 1.928122 0.000000 -0.000002 -0.000025 0.188108 -0.446082
    59 1.285141 0.000000 -0.000002 -0.000058 0.040588 -0.886387
    60 11.768703 0.000000 -0.000008 0.242666 0.000000 0.000000
    61 5.884356 0.000000 -0.000004 0.128617 0.000000 0.000000
    62 11.679195 0.000000 0.000000 0.000000 0.000000 -0.161657
    63 7.023272 -6.880002 4.339547 2.620672 -1.456011 -1.105365
    64 -26.968750 -20.515625 8.265625 3.033467 -0.115364 1.760458
    65 0.000000 -0.000007 -0.000031 1.373047 0.113574 0.124314
    66 -0.000004 -0.000007 -0.000031 1.373047 0.113574 0.124314
    67 3.348999 -1.371000 0.725000 1.977842 -0.088017 1.557794
    68 2.856895 -1.536201 -0.973800 -1.501147 -0.272558 -1.578261
    69 -0.000004 0.000000 10.000000 0.000000 0.000000 0.000000
    70 0.018894 0.665159 9.395880 0.000000 0.000000 0.000000
    71 2.000008 -3.000000 0.000000 -1.570796 0.000000 -1.326450
    72 3.028210 -0.923410 -2.009452 1.574082 -0.012974 1.587243
    73 0.116953 4.311607 0.061859 0.000010 0.000000 0.000000
    74 -0.000002 0.000000 0.000001 0.000000 0.000000 0.000000
    75 0.000000 1.000000 0.000010 0.000000 0.000000 0.000000
    76 -0.000002 0.000000 0.000000 0.000000 0.000000 0.000000
    77 -0.000002 0.000000 0.000000 0.000000 0.000000 0.000000
    78 -0.000002 0.000000 0.000000 0.000000 0.000000 0.000000
time 9
    0 1.277344 -6.777344 24.656250 1.645120 -0.053661 -0.081220
    1 0.000000 4.246162 -0.018825 1.535188 -0.130566 1.556704
    2 4.195629 0.000000 0.000000 -0.034231 -0.014101 -0.155675
    3 3.883152 0.000001 0.000000 -0.032618 -0.021203 -0.034625
    4 5.985943 0.000002 0.000000 -0.043711 -0.017975 0.450527
    5 4.268658 1.531896 -1.575000 1.539555 0.907857 -0.241923
    6 5.782729 0.000000 0.000001 3.000745 -0.022606 0.684295
    7 11.452759 0.000001 0.000000 0.000000 0.000000 -0.159007
    8 4.268658 1.531894 1.575000 -1.619845 -0.893840 -0.184790
    9 5.782726 0.000004 0.000001 -3.000691 0.157167 0.755542
    10 11.452763 0.000001 0.000004 0.000000 0.000000 -0.349234
    11 10.945534 -0.000007 -0.000034 1.512918 -0.167267 0.186618
    12 10.945518 -0.000005 0.000015 -1.053993 0.176028 -0.095294
    13 -3.806942 0.000000 0.000000 -1.432952 -0.295543 -1.840922
    14 19.253841 0.000000 0.000000 0.000000 0.000000 0.025250
    15 6.694798 0.000000 0.000000 0.000000 0.000000 0.000000
    16 5.620499 0.000002 0.000000 2.895660 -0.054884 -0.186253
    17 4.684906 0.000002 0.000000 -0.174481 0.035879 1.088674
    18 19.263098 0.000000 0.000000 0.000000 0.000000 0.258314
    19 17.589096 0.000000 0.000000 -0.164917 -0.351186 -0.581905
    20 6.240662 0.000000 0.000000 -0.112074 0.023806 -0.372771
    21 3.806942 0.000000 0.000000 -2.292048 -0.163584 -1.190865
    22 6.694801 0.000000 0.000000 0.000000 0.000000 0.000000
    23 19.253845 0.000000 0.000000 0.000000 0.000000 0.025253
    24 3.147137 0.005680 -1.551346 0.204908 0.143273 -0.954241
    25 1.585903 0.000000 0.000000 0.011390 0.016585 -0.964682
    26 0.849087 0.000002 0.000000 -0.054430 -0.175364 -0.012812
    27 3.471079 0.213264 -0.574066 0.197841 0.103922 -1.056897
    28 1.897533 -0.000002 0.000000 -0.051937 -0.088263 -1.080741
    29 1.014454 0.000002 0.000000 0.002346 0.009693 0.056304
    30 3.750082 0.114767 0.430058 0.187201 0.067923 -1.244533
    31 2.258186 0.000000 0.000000 -0.042022 -0.053930 -0.856641
    32 1.210384 0.000001 0.000000 0.001810 0.011981 0.157202
    33 3.868294 -0.166636 1.490141 0.180581 0.034246 -1.190451
    34 1.786068 0.000000 0.000000 0.051300 0.063943 -1.015925
    35 1.044434 -0.000002 0.000000 0.001325 0.038484 0.095729
    36 1.121473 -1.351564 1.030998 1.138475 -0.607693 0.231095
    37 1.928116 0.000000 0.000000 -0.090105 -0.188036 -0.457011
    38 1.285145 -0.000001 0.000000 -0.000005 -0.040574 -1.047036
    39 19.263105 0.000000 0.000000 0.000000 0.000000 0.357302
    40 17.589100 0.000000 0.000000 -0.161886 0.126364 -0.686246
    41 6.240662 0.000000 0.000000 0.020429 -0.027728 -0.477237
    42 5.884350 0.000000 0.000004 -0.126310 0.000000 0.000000
    43 11.768705 0.000000 0.000000 -0.238428 0.000000 0.000000
    44 11.679195 0.000000 0.000008 0.000000 0.000000 -0.161658
    45 3.147156 0.000065 1.551354 -0.201298 -0.143284 -0.649417
    46 1.585903 0.000000 0.000000 -0.011409 -0.016643 -1.331409
    47 0.849087 0.000000 0.000000 0.054379 0.175346 0.227690
    48 3.471100 0.211189 0.574833 -0.194213 -0.103888 -0.872699
    49 1.897533 0.000000 0.000000 0.051947 0.088323 -1.093272
    50 1.014446 0.000003 0.000000 -0.002359 -0.009725 0.111690
    51 3.750099 0.116322 -0.429641 -0.183614 -0.067994 -1.128857
    52 2.258183 0.000000 0.000000 0.042077 0.053977 -0.662652
    53 1.210392 0.000001 0.000000 -0.001842 -0.011976 0.162659
    54 3.868322 -0.161243 -1.490733 -0.177010 -0.034210 -1.024999
    55 1.786068 0.000002 0.000000 -0.051298 -0.063999 -0.749967
    56 1.044445 0.000000 0.000000 -0.001333 -0.038512 0.149883
    57 1.121502 -1.347836 -1.035880 -1.045302 0.582555 0.243500
    58 1.928122 0.000000 -0.000002 -0.000025 0.188108 -0.446082
    59 1.285141 0.000000 -0.000002 -0.000058 0.040588 -0.886387
    60 11.768703 0.000000 -0.000008 0.242666 0.000000 0.000000
    61 5.884356 0.000000 -0.000004 0.128617 0.000000 0.000000
    62 11.679195 0.000000 0.000000 0.000000 0.000000 -0.161657
    63 7.023272 -6.880002 4.339547 2.620672 -1.456011 -1.105365
    64 -28.281250 -22.875000 6.070313 3.031942 -0.083661 1.759478
    65 0.000000 -0.000007 -0.000031 1.373047 0.113574 0.124314
    66 -0.000004 -0.000007 -0.000031 1.373047 0.113574 0.124314
    67 3.348999 -1.371000 0.725000 1.977842 -0.088017 1.557794
    68 2.856895 -1.536201 -0.973800 -1.501147 -0.272558 -1.578261
    69 -0.000004 0.000000 10.000000 0.000000 0.000000 0.000000
    70 0.018894 0.665159 9.395880 0.000000 0.000000 0.000000
    71 2.000008 -3.000000 0.000000 -1.570796 0.000000 -1.326450
    72 3.028210 -0.923410 -2.009452 1.574082 -0.012974 1.587243
    73 0.116953 4.311607 0.061859 0.000010 0.000000 0.000000
    74 -0.000002 0.000000 0.000001 0.000000 0.000000 0.000000
    75 0.000000 1.000000 0.000010 0.000000 0.000000 0.000000
    76 -0.000002 0.000000 0.000000 0.000000 0.000000 0.000000
    77 -0.000002 0.000000 0.000000 0.000000 0.000000 0.000000
    78 -0.000002 0.000000 0.000000 0.000000 0.000000 0.000000
time 10
    0 1.226563 -6.921875 24.656250 1.641892 -0.067834 -0.030826
    1 0.000000 4.246162 -0.018825 1.529243 -0.133605 1.555090
    2 4.195629 0.000000 0.000000 -0.039887 -0.016078 -0.154479
    3 3.883152 0.000001 0.000000 -0.037985 -0.023764 -0.037198
    4 5.985943 0.000002 0.000000 -0.049882 -0.018996 0.444798
    5 4.268658 1.531896 -1.575000 1.575359 0.905503 -0.220619
    6 5.782729 0.000000 0.000001 2.988385 -0.034604 0.652843
    7 11.452759 0.000001 0.000000 0.000000 0.000000 -0.216496
    8 4.268658 1.531894 1.575000 -1.594242 -0.911999 -0.196250
    9 5.782726 0.000004 0.000001 -3.007685 0.155675 0.777250
    10 11.452763 0.000001 0.000004 0.000000 0.000000 -0.339333
    11 10.945534 -0.000007 -0.000034 1.496811 -0.162106 0.188833
    12 10.945518 -0.000005 0.000015 -1.068740 0.175302 -0.068015
    13 -3.806942 0.000000 0.000000 -1.421384 -0.275634 -1.848726
    14 19.253841 0.000000 0.000000 0.000000 0.000000 0.025250
    15 6.694798 0.000000 0.000000 0.000000 0.000000 0.000000
    16 5.620499 0.000002 0.000000 2.894897 -0.052848 -0.194445
    17 4.684906 0.000002 0.000000 -0.176045 0.031083 1.096211
    18 19.263098 0.000000 0.000000 0.000000 0.000000 0.235523
    19 17.589096 0.000000 0.000000 -0.145045 -0.339583 -0.617612
    20 6.240662 0.000000 0.000000 -0.112056 0.023890 -0.371280
    21 3.806942 0.000000 0.000000 -2.313034 -0.191769 -1.157096
    22 6.694801 0.000000 0.000000 0.000000 0.000000 0.000000
    23 19.253845 0.000000 0.000000 0.000000 0.000000 0.025253
    24 3.147137 0.005680 -1.551346 0.204908 0.143273 -0.954241
    25 1.585903 0.000000 0.000000 0.011390 0.016585 -0.964682
    26 0.849087 0.000002 0.000000 -0.054430 -0.175364 -0.012812
    27 3.471079 0.213264 -0.574066 0.197841 0.103922 -1.056897
    28 1.897533 -0.000002 0.000000 -0.051937 -0.088263 -1.080741
    29 1.014454 0.000002 0.000000 0.002346 0.009693 0.056304
    30 3.750082 0.114767 0.430058 0.187201 0.067923 -1.244533
    31 2.258186 0.000000 0.000000 -0.042022 -0.053930 -0.856641
    32 1.210384 0.000001 0.000000 0.001810 0.011981 0.157202
    33 3.868294 -0.166636 1.490141 0.180581 0.034246 -1.190451
    34 1.786068 0.000000 0.000000 0.051300 0.063943 -1.015925
    35 1.044434 -0.000002 0.000000 0.001325 0.038484 0.095729
    36 1.121473 -1.351564 1.030998 1.138475 -0.607693 0.231095
    37 1.928116 0.000000 0.000000 -0.090105 -0.188036 -0.457011
    38 1.285145 -0.000001 0.000000 -0.000005 -0.040574 -1.047036
    39 19.263105 0.000000 0.000000 0.000000 0.000000 0.413594
    40 17.589100 0.000000 0.000000 -0.201435 0.085891 -0.707966
    41 6.240662 0.000000 0.000000 0.020383 -0.027704 -0.469332
    42 5.884350 0.000000 0.000004 -0.126310 0.000000 0.000000
    43 11.768705 0.000000 0.000000 -0.238428 0.000000 0.000000
    44 11.679195 0.000000 0.000008 0.000000 0.000000 -0.161658
    45 3.147156 0.000065 1.551354 -0.201298 -0.143284 -0.649417
    46 1.585903 0.000000 0.000000 -0.011409 -0.016643 -1.331409
    47 0.849087 0.000000 0.000000 0.054379 0.175346 0.227690
    48 3.471100 0.211189 0.574833 -0.194213 -0.103888 -0.872699
    49 1.897533 0.000000 0.000000 0.051947 0.088323 -1.093272
    50 1.014446 0.000003 0.000000 -0.002359 -0.009725 0.111690
    51 3.750099 0.116322 -0.429641 -0.183614 -0.067994 -1.128857
    52 2.258183 0.000000 0.000000 0.042077 0.053977 -0.662652
    53 1.210392 0.000001 0.000000 -0.001842 -0.011976 0.162659
    54 3.868322 -0.161243 -1.490733 -0.177010 -0.034210 -1.024999
    55 1.786068 0.000002 0.000000 -0.051298 -0.063999 -0.749967
    56 1.044445 0.000000 0.000000 -0.001333 -0.038512 0.149883
    57 1.121502 -1.347836 -1.035880 -1.045302 0.582555 0.243500
    58 1.928122 0.000000 -0.000002 -0.000025 0.188108 -0.446082
    59 1.285141 0.000000 -0.000002 -0.000058 0.040588 -0.886387
    60 11.768703 0.000000 -0.000008 0.242666 0.000000 0.000000
    61 5.884356 0.000000 -0.000004 0.128617 0.000000 0.000000
    62 11.679195 0.000000 0.000000 0.000000 0.000000 -0.161657
    63 7.023272 -6.880002 4.339547 2.620672 -1.456011 -1.105365
    64 -29.796875 -23.328125 3.087891 3.030322 -0.046853 1.755491
    65 0.000000 -0.000007 -0.000031 1.373047 0.113574 0.124314
    66 -0.000004 -0.000007 -0.000031 1.373047 0.113574 0.124314
    67 3.348999 -1.371000 0.725000 1.977842 -0.088017 1.557794
    68 2.856895 -1.536201 -0.973800 -1.501147 -0.272558 -1.578261
    69 -0.000004 0.000000 10.000000 0.000000 0.000000 0.000000
    70 0.018894 0.665159 9.395880 0.000000 0.000000 0.000000
    71 2.000008 -3.000000 0.000000 -1.570796 0.000000 -1.326450
    72 3.028210 -0.923410 -2.009452 1.574082 -0.012974 1.587243
    73 0.116953 4.311607 0.061859 0.000010 0.000000 0.000000
    74 -0.000002 0.000000 0.000001 0.000000 0.000000 0.000000
    75 0.000000 1.000000 0.000010 0.000000 0.000000 0.000000
    76 -0.000002 0.000000 0.000000 0.000000 0.000000 0.000000
    77 -0.000002 0.000000 0.000000 0.000000 0.000000 0.000000
    78 -0.000002 0.000000 0.000000 0.000000 0.000000 0.000000
time 11
    0 1.125977 -7.128906 24.687500 1.640639 -0.079327 0.023009
    1 0.000000 4.246162 -0.018825 1.522660 -0.132532 1.556126
    2 4.195629 0.000000 0.000000 -0.046306 -0.017024 -0.155110
    3 3.883152 0.000001 0.000000 -0.044044 -0.026676 -0.038706
    4 5.985943 0.000002 0.000000 -0.057098 -0.020189 0.441849
    5 4.268658 1.531896 -1.575000 1.617586 0.900150 -0.190027
    6 5.782729 0.000000 0.000001 2.979163 -0.056510 0.622007
    7 11.452759 0.000001 0.000000 0.000000 0.000000 -0.276345
    8 4.268658 1.531894 1.575000 -1.555730 -0.935516 -0.220773
    9 5.782726 0.000004 0.000001 -3.021692 0.151938 0.801238
    10 11.452763 0.000001 0.000004 0.000000 0.000000 -0.330665
    11 10.945534 -0.000007 -0.000034 1.476676 -0.158064 0.190020
    12 10.945518 -0.000005 0.000015 -1.088657 0.165317 -0.028399
    13 -3.806942 0.000000 0.000000 -1.403965 -0.252001 -1.853928
    14 19.253841 0.000000 0.000000 0.000000 0.000000 0.025250
    15 6.694798 0.000000 0.000000 0.000000 0.000000 0.000000
    16 5.620499 0.000002 0.000000 2.900272 -0.045757 -0.203673
    17 4.684906 0.000002 0.000000 -0.174592 0.019393 1.104413
    18 19.263098 0.000000 0.000000 0.000000 0.000000 0.214152
    19 17.589096 0.000000 0.000000 -0.131880 -0.325873 -0.651340
    20 6.240662 0.000000 0.000000 -0.112101 0.023879 -0.381137
    21 3.806942 0.000000 0.000000 -2.338117 -0.228729 -1.119909
    22 6.694801 0.000000 0.000000 0.000000 0.000000 0.000000
    23 19.253845 0.000000 0.000000 0.000000 0.000000 0.025253
    24 3.147137 0.005680 -1.551346 0.204908 0.143273 -0.954241
    25 1.585903 0.000000 0.000000 0.011390 0.016585 -0.964682
    26 0.849087 0.000002 0.000000 -0.054430 -0.175364 -0.012812
    27 3.471079 0.213264 -0.574066 0.197841 0.103922 -1.056897
    28 1.897533 -0.000002 0.000000 -0.051937 -0.088263 -1.080741
    29 1.014454 0.000002 0.000000 0.002346 0.009693 0.056304
    30 3.750082 0.114767 0.430058 0.187201 0.067923 -1.244533
    31 2.258186 0.000000 0.000000 -0.042022 -0.053930 -0.856641
    32 1.210384 0.000001 0.000000 0.001810 0.011981 0.157202
    33 3.868294 -0.166636 1.490141 0.180581 0.034246 -1.190451
    34 1.786068 0.000000 0.000000 0.051300 0.063943 -1.015925
    35 1.044434 -0.000002 0.000000 0.001325 0.038484 0.095729
    36 1.121473 -1.351564 1.030998 1.138475 -0.607693 0.231095
    37 1.928116 0.000000 0.000000 -0.090105 -0.188036 -0.457011
    38 1.285145 -0.000001 0.000000 -0.000005 -0.040574 -1.047036
    39 19.263105 0.000000 0.000000 0.000000 0.000000 0.481058
    40 17.589100 0.000000 0.000000 -0.238775 0.041823 -0.741616
    41 6.240662 0.000000 0.000000 0.020434 -0.027737 -0.450181
    42 5.884350 0.000000 0.000004 -0.126310 0.000000 0.000000
    43 11.768705 0.000000 0.000000 -0.238428 0.000000 0.000000
    44 11.679195 0.000000 0.000008 0.000000 0.000000 -0.161658
    45 3.147156 0.000065 1.551354 -0.201298 -0.143284 -0.649417
    46 1.585903 0.000000 0.000000 -0.011409 -0.016643 -1.331409
    47 0.849087 0.000000 0.000000 0.054379 0.175346 0.227690
    48 3.471100 0.211189 0.574833 -0.194213 -0.103888 -0.872699
    49 1.897533 0.000000 0.000000 0.051947 0.088323 -1.093272
    50 1.014446 0.000003 0.000000 -0.002359 -0.009725 0.111690
    51 3.750099 0.116322 -0.429641 -0.183614 -0.067994 -1.128857
    52 2.258183 0.000000 0.000000 0.042077 0.053977 -0.662652
    53 1.210392 0.000001 0.000000 -0.001842 -0.011976 0.162659
    54 3.868322 -0.161243 -1.490733 -0.177010 -0.034210 -1.024999
    55 1.786068 0.000002 0.000000 -0.051298 -0.063999 -0.749967
    56 1.044445 0.000000 0.000000 -0.001333 -0.038512 0.149883
    57 1.121502 -1.347836 -1.035880 -1.045302 0.582555 0.243500
    58 1.928122 0.000000 -0.000002 -0.000025 0.188108 -0.446082
    59 1.285141 0.000000 -0.000002 -0.000058 0.040588 -0.886387
    60 11.768703 0.000000 -0.000008 0.242666 0.000000 0.000000
    61 5.884356 0.000000 -0.000004 0.128617 0.000000 0.000000
    62 11.679195 0.000000 0.000000 0.000000 0.000000 -0.161657
    63 7.023272 -6.880002 4.339547 2.620672 -1.456011 -1.105365
    64 -31.250000 -22.531250 -0.263672 3.028510 -0.009548 1.750846
    65 0.000000 -0.000007 -0.000031 1.373047 0.113574 0.124314
    66 -0.000004 -0.000007 -0.000031 1.373047 0.113574 0.124314
    67 3.348999 -1.371000 0.725000 1.977842 -0.088017 1.557794
    68 2.856895 -1.536201 -0.973800 -1.501147 -0.272558 -1.578261
    69 -0.000004 0.000000 10.000000 0.000000 0.000000 0.000000
    70 0.018894 0.665159 9.395880 0.000000 0.000000 0.000000
    71 2.000008 -3.000000 0.000000 -1.570796 0.000000 -1.326450
    72 3.028210 -0.923410 -2.009452 1.574082 -0.012974 1.587243
    73 0.116953 4.311607 0.061859 0.000010 0.000000 0.000000
    74 -0.000002 0.000000 0.000001 0.000000 0.000000 0.000000
    75 0.000000 1.000000 0.000010 0.000000 0.000000 0.000000
    76 -0.000002 0.000000 0.000000 0.000000 0.000000 0.000000
    77 -0.000002 0.000000 0.000000 0.000000 0.000000 0.000000
    78 -0.000002 0.000000 0.000000 0.000000 0.000000 0.000000
time 12
    0 0.944336 -7.371094 24.750000 1.640296 -0.086758 0.083106
    1 0.000000 4.246162 -0.018825 1.515369 -0.128969 1.557954
    2 4.195629 0.000000 0.000000 -0.053609 -0.017641 -0.156865
    3 3.883152 0.000001 0.000000 -0.051154 -0.029169 -0.039502
    4 5.985943 0.000002 0.000000 -0.064848 -0.020064 0.441179
    5 4.268658 1.531896 -1.575000 1.651542 0.900806 -0.163398
    6 5.782729 0.000000 0.000001 2.976265 -0.081159 0.601679
    7 11.452759 0.000001 0.000000 0.000000 0.000000 -0.330140
    8 4.268658 1.531894 1.575000 -1.512701 -0.959581 -0.251500
    9 5.782726 0.000004 0.000001 -3.043364 0.146097 0.825181
    10 11.452763 0.000001 0.000004 0.000000 0.000000 -0.326903
    11 10.945534 -0.000007 -0.000034 1.457257 -0.157444 0.192907
    12 10.945518 -0.000005 0.000015 -1.109530 0.151266 0.012823
    13 -3.806942 0.000000 0.000000 -1.390038 -0.227185 -1.855013
    14 19.253841 0.000000 0.000000 0.000000 0.000000 0.025250
    15 6.694798 0.000000 0.000000 0.000000 0.000000 0.000000
    16 5.620499 0.000002 0.000000 2.912048 -0.031243 -0.211126
    17 4.684906 0.000002 0.000000 -0.171280 0.000269 1.111661
    18 19.263098 0.000000 0.000000 0.000000 0.000000 0.201914
    19 17.589096 0.000000 0.000000 -0.117623 -0.313116 -0.672764
    20 6.240662 0.000000 0.000000 -0.112066 0.023846 -0.372069
    21 3.806942 0.000000 0.000000 -2.375821 -0.274820 -1.077252
    22 6.694801 0.000000 0.000000 0.000000 0.000000 0.000000
    23 19.253845 0.000000 0.000000 0.000000 0.000000 0.025253
    24 3.147137 0.005680 -1.551346 0.204908 0.143273 -0.954241
    25 1.585903 0.000000 0.000000 0.011390 0.016585 -0.964682
    26 0.849087 0.000002 0.000000 -0.054430 -0.175364 -0.012812
    27 3.471079 0.213264 -0.574066 0.197841 0.103922 -1.056897
    28 1.897533 -0.000002 0.000000 -0.051937 -0.088263 -1.080741
    29 1.014454 0.000002 0.000000 0.002346 0.009693 0.056304
    30 3.750082 0.114767 0.430058 0.187201 0.067923 -1.244533
    31 2.258186 0.000000 0.000000 -0.042022 -0.053930 -0.856641
    32 1.210384 0.000001 0.000000 0.001810 0.011981 0.157202
    33 3.868294 -0.166636 1.490141 0.180581 0.034246 -1.190451
    34 1.786068 0.000000 0.000000 0.051300 0.063943 -1.015925
    35 1.044434 -0.000002 0.000000 0.001325 0.038484 0.095729
    36 1.121473 -1.351564 1.030998 1.138475 -0.607693 0.231095
    37 1.928116 0.000000 0.000000 -0.090105 -0.188036 -0.457011
    38 1.285145 -0.000001 0.000000 -0.000005 -0.040574 -1.047036
    39 19.263105 0.000000 0.000000 0.000000 0.000000 0.560215
    40 17.589100 0.000000 0.000000 -0.267734 0.001774 -0.780390
    41 6.240662 0.000000 0.000000 0.020390 -0.027671 -0.448408
    42 5.884350 0.000000 0.000004 -0.126310 0.000000 0.000000
    43 11.768705 0.000000 0.000000 -0.238428 0.000000 0.000000
    44 11.679195 0.000000 0.000008 0.000000 0.000000 -0.161658
    45 3.147156 0.000065 1.551354 -0.201298 -0.143284 -0.649417
    46 1.585903 0.000000 0.000000 -0.011409 -0.016643 -1.331409
    47 0.849087 0.000000 0.000000 0.054379 0.175346 0.227690
    48 3.471100 0.211189 0.574833 -0.194213 -0.103888 -0.872699
    49 1.897533 0.000000 0.000000 0.051947 0.088323 -1.093272
    50 1.014446 0.000003 0.000000 -0.002359 -0.009725 0.111690
    51 3.750099 0.116322 -0.429641 -0.183614 -0.067994 -1.128857
    52 2.258183 0.000000 0.000000 0.042077 0.053977 -0.662652
    53 1.210392 0.000001 0.000000 -0.001842 -0.011976 0.162659
    54 3.868322 -0.161243 -1.490733 -0.177010 -0.034210 -1.024999
    55 1.786068 0.000002 0.000000 -0.051298 -0.063999 -0.749967
    56 1.044445 0.000000 0.000000 -0.001333 -0.038512 0.149883
    57 1.121502 -1.347836 -1.035880 -1.045302 0.582555 0.243500
    58 1.928122 0.000000 -0.000002 -0.000025 0.188108 -0.446082
    59 1.285141 0.000000 -0.000002 -0.000058 0.040588 -0.886387
    60 11.768703 0.000000 -0.000008 0.242666 0.000000 0.000000
    61 5.884356 0.000000 -0.000004 0.128617 0.000000 0.000000
    62 11.679195 0.000000 0.000000 0.000000 0.000000 -0.161657
    63 7.023272 -6.880002 4.339547 2.620672 -1.456011 -1.105365
    64 -32.500000 -20.531250 -3.777344 3.026216 0.023102 1.748207
    65 0.000000 -0.000007 -0.000031 1.373047 0.113574 0.124314
    66 -0.000004 -0.000007 -0.000031 1.373047 0.113574 0.124314
    67 3.348999 -1.371000 0.725000 1.977842 -0.088017 1.557794
    68 2.856895 -1.536201 -0.973800 -1.501147 -0.272558 -1.578261
    69 -0.000004 0.000000 10.000000 0.000000 0.000000 0.000000
    70 0.018894 0.665159 9.395880 0.000000 0.000000 0.000000
    71 2.000008 -3.000000 0.000000 -1.570796 0.000000 -1.326450
    72 3.028210 -0.923410 -2.009452 1.574082 -0.012974 1.587243
    73 0.116953 4.311607 0.061859 0.000010 0.000000 0.000000
    74 -0.000002 0.000000 0.000001 0.000000 0.000000 0.000000
    75 0.000000 1.000000 0.000010 0.000000 0.000000 0.000000
    76 -0.000002 0.000000 0.000000 0.000000 0.000000 0.000000
    77 -0.000002 0.000000 0.000000 0.000000 0.000000 0.000000
    78 -0.000002 0.000000 0.000000 0.000000 0.000000 0.000000
time 13
    0 0.752441 -7.648438 24.812500 1.640845 -0.091910 0.136615
    1 0.000000 4.246162 -0.018825 1.509933 -0.122469 1.559931
    2 4.195629 0.000000 0.000000 -0.059011 -0.018076 -0.160023
    3 3.883152 0.000001 0.000000 -0.056285 -0.031780 -0.039616
    4 5.985943 0.000002 0.000000 -0.070839 -0.020631 0.442368
    5 4.268658 1.531896 -1.575000 1.667306 0.905244 -0.147033
    6 5.782729 0.000000 0.000001 2.977044 -0.104041 0.587894
    7 11.452759 0.000001 0.000000 0.000000 0.000000 -0.377848
    8 4.268658 1.531894 1.575000 -1.470369 -0.981108 -0.282676
    9 5.782726 0.000004 0.000001 -3.072839 0.137170 0.844891
    10 11.452763 0.000001 0.000004 0.000000 0.000000 -0.329178
    11 10.945534 -0.000007 -0.000034 1.442446 -0.160836 0.197180
    12 10.945518 -0.000005 0.000015 -1.127495 0.138374 0.051237
    13 -3.806942 0.000000 0.000000 -1.379329 -0.202949 -1.853413
    14 19.253841 0.000000 0.000000 0.000000 0.000000 0.025250
    15 6.694798 0.000000 0.000000 0.000000 0.000000 0.000000
    16 5.620499 0.000002 0.000000 2.924707 -0.016291 -0.216189
    17 4.684906 0.000002 0.000000 -0.167482 -0.018790 1.115973
    18 19.263098 0.000000 0.000000 0.000000 0.000000 0.199224
    19 17.589096 0.000000 0.000000 -0.104849 -0.305064 -0.681681
    20 6.240662 0.000000 0.000000 -0.112053 0.023886 -0.382810
    21 3.806942 0.000000 0.000000 -2.432900 -0.318957 -1.032248
    22 6.694801 0.000000 0.000000 0.000000 0.000000 0.000000
    23 19.253845 0.000000 0.000000 0.000000 0.000000 0.025253
    24 3.147137 0.005680 -1.551346 0.204908 0.143273 -0.954241
    25 1.585903 0.000000 0.000000 0.011390 0.016585 -0.964682
    26 0.849087 0.000002 0.000000 -0.054430 -0.175364 -0.012812
    27 3.471079 0.213264 -0.574066 0.197841 0.103922 -1.056897
    28 1.897533 -0.000002 0.000000 -0.051937 -0.088263 -1.080741
    29 1.014454 0.000002 0.000000 0.002346 0.009693 0.056304
    30 3.750082 0.114767 0.430058 0.187201 0.067923 -1.244533
    31 2.258186 0.000000 0.000000 -0.042022 -0.053930 -0.856641
    32 1.210384 0.000001 0.000000 0.001810 0.011981 0.157202
    33 3.868294 -0.166636 1.490141 0.180581 0.034246 -1.190451
    34 1.786068 0.000000 0.000000 0.051300 0.063943 -1.015925
    35 1.044434 -0.000002 0.000000 0.001325 0.038484 0.095729
    36 1.121473 -1.351564 1.030998 1.138475 -0.607693 0.231095
    37 1.928116 0.000000 0.000000 -0.090105 -0.188036 -0.457011
    38 1.285145 -0.000001 0.000000 -0.000005 -0.040574 -1.047036
    39 19.263105 0.000000 0.000000 0.000000 0.000000 0.642740
    40 17.589100 0.000000 0.000000 -0.285512 -0.031380 -0.822062
    41 6.240662 0.000000 0.000000 0.020395 -0.027753 -0.436639
    42 5.884350 0.000000 0.000004 -0.126310 0.000000 0.000000
    43 11.768705 0.000000 0.000000 -0.238428 0.000000 0.000000
    44 11.679195 0.000000 0.000008 0.000000 0.000000 -0.161658
    45 3.147156 0.000065 1.551354 -0.201298 -0.143284 -0.649417
    46 1.585903 0.000000 0.000000 -0.011409 -0.016643 -1.331409
    47 0.849087 0.000000 0.000000 0.054379 0.175346 0.227690
    48 3.471100 0.211189 0.574833 -0.194213 -0.103888 -0.872699
    49 1.897533 0.000000 0.000000 0.051947 0.088323 -1.093272
    50 1.014446 0.000003 0.000000 -0.002359 -0.009725 0.111690
    51 3.750099 0.116322 -0.429641 -0.183614 -0.067994 -1.128857
    52 2.258183 0.000000 0.000000 0.042077 0.053977 -0.662652
    53 1.210392 0.000001 0.000000 -0.001842 -0.011976 0.162659
    54 3.868322 -0.161243 -1.490733 -0.177010 -0.034210 -1.024999
    55 1.786068 0.000002 0.000000 -0.051298 -0.063999 -0.749967
    56 1.044445 0.000000 0.000000 -0.001333 -0.038512 0.149883
    57 1.121502 -1.347836 -1.035880 -1.045302 0.582555 0.243500
    58 1.928122 0.000000 -0.000002 -0.000025 0.188108 -0.446082
    59 1.285141 0.000000 -0.000002 -0.000058 0.040588 -0.886387
    60 11.768703 0.000000 -0.000008 0.242666 0.000000 0.000000
    61 5.884356 0.000000 -0.000004 0.128617 0.000000 0.000000
    62 11.679195 0.000000 0.000000 0.000000 0.000000 -0.161657
    63 7.023272 -6.880002 4.339547 2.620672 -1.456011 -1.105365
    64 -33.312500 -16.546875 -6.640625 3.022518 0.046746 1.747919
    65 0.000000 -0.000007 -0.000031 1.373047 0.113574 0.124314
    66 -0.000004 -0.000007 -0.000031 1.373047 0.113574 0.124314
    67 3.348999 -1.371000 0.725000 1.977842 -0.088017 1.557794
    68 2.856895 -1.536201 -0.973800 -1.501147 -0.272558 -1.578261
    69 -0.000004 0.000000 10.000000 0.000000 0.000000 0.000000
    70 0.018894 0.665159 9.395880 0.000000 0.000000 0.000000
    71 2.000008 -3.000000 0.000000 -1.570796 0.000000 -1.326450
    72 3.028210 -0.923410 -2.009452 1.574082 -0.012974 1.587243
    73 0.116953 4.311607 0.061859 0.000010 0.000000 0.000000
    74 -0.000002 0.000000 0.000001 0.000000 0.000000 0.000000
    75 0.000000 1.000000 0.000010 0.000000 0.000000 0.000000
    76 -0.000002 0.000000 0.000000 0.000000 0.000000 0.000000
    77 -0.000002 0.000000 0.000000 0.000000 0.000000 0.000000
    78 -0.000002 0.000000 0.000000 0.000000 0.000000 0.000000
time 14
    0 0.502441 -7.917969 24.890625 1.641431 -0.094076 0.189593
    1 0.000000 4.246162 -0.018825 1.504894 -0.114948 1.562112
    2 4.195629 0.000000 0.000000 -0.063892 -0.018502 -0.163704
    3 3.883152 0.000001 0.000000 -0.060992 -0.034790 -0.038848
    4 5.985943 0.000002 0.000000 -0.076830 -0.022180 0.445643
    5 4.268658 1.531896 -1.575000 1.673282 0.914757 -0.137628
    6 5.782729 0.000000 0.000001 2.967860 -0.126402 0.579354
    7 11.452759 0.000001 0.000000 0.000000 0.000000 -0.418712
    8 4.268658 1.531894 1.575000 -1.430614 -0.996752 -0.318040
    9 5.782726 0.000004 0.000001 -3.105649 0.120229 0.862252
    10 11.452763 0.000001 0.000004 0.000000 0.000000 -0.333379
    11 10.945534 -0.000007 -0.000034 1.425967 -0.168501 0.202877
    12 10.945518 -0.000005 0.000015 -1.142288 0.128976 0.086260
    13 -3.806942 0.000000 0.000000 -1.370763 -0.177627 -1.847644
    14 19.253841 0.000000 0.000000 0.000000 0.000000 0.025250
    15 6.694798 0.000000 0.000000 0.000000 0.000000 0.000000
    16 5.620499 0.000002 0.000000 2.929719 -0.005839 -0.223216
    17 4.684906 0.000002 0.000000 -0.167744 -0.033690 1.122369
    18 19.263098 0.000000 0.000000 0.000000 0.000000 0.208075
    19 17.589096 0.000000 0.000000 -0.075717 -0.300431 -0.694277
    20 6.240662 0.000000 0.000000 -0.112018 0.023882 -0.392853
    21 3.806942 0.000000 0.000000 -2.488603 -0.365244 -0.986505
    22 6.694801 0.000000 0.000000 0.000000 0.000000 0.000000
    23 19.253845 0.000000 0.000000 0.000000 0.000000 0.025253
    24 3.147137 0.005680 -1.551346 0.204908 0.143273 -0.954241
    25 1.585903 0.000000 0.000000 0.011390 0.016585 -0.964682
    26 0.849087 0.000002 0.000000 -0.054430 -0.175364 -0.012812
    27 3.471079 0.213264 -0.574066 0.197841 0.103922 -1.056897
    28 1.897533 -0.000002 0.000000 -0.051937 -0.088263 -1.080741
    29 1.014454 0.000002 0.000000 0.002346 0.009693 0.056304
    30 3.750082 0.114767 0.430058 0.187201 0.067923 -1.244533
    31 2.258186 0.000000 0.000000 -0.042022 -0.053930 -0.856641
    32 1.210384 0.000001 0.000000 0.001810 0.011981 0.157202
    33 3.868294 -0.166636 1.490141 0.180581 0.034246 -1.190451
    34 1.786068 0.000000 0.000000 0.051300 0.063943 -1.015925
    35 1.044434 -0.000002 0.000000 0.001325 0.038484 0.095729
    36 1.121473 -1.351564 1.030998 1.138475 -0.607693 0.231095
    37 1.928116 0.000000 0.000000 -0.090105 -0.188036 -0.457011
    38 1.285145 -0.000001 0.000000 -0.000005 -0.040574 -1.047036
    39 19.263105 0.000000 0.000000 0.000000 0.000000 0.724200
    40 17.589100 0.000000 0.000000 -0.305670 -0.051878 -0.852454
    41 6.240662 0.000000 0.000000 0.020390 -0.027714 -0.442300
    42 5.884350 0.000000 0.000004 -0.126310 0.000000 0.000000
    43 11.768705 0.000000 0.000000 -0.238428 0.000000 0.000000
    44 11.679195 0.000000 0.000008 0.000000 0.000000 -0.161658
    45 3.147156 0.000065 1.551354 -0.201298 -0.143284 -0.649417
    46 1.585903 0.000000 0.000000 -0.011409 -0.016643 -1.331409
    47 0.849087 0.000000 0.000000 0.054379 0.175346 0.227690
    48 3.471100 0.211189 0.574833 -0.194213 -0.103888 -0.872699
    49 1.897533 0.000000 0.000000 0.051947 0.088323 -1.093272
    50 1.014446 0.000003 0.000000 -0.002359 -0.009725 0.111690
    51 3.750099 0.116322 -0.429641 -0.183614 -0.067994 -1.128857
    52 2.258183 0.000000 0.000000 0.042077 0.053977 -0.662652
    53 1.210392 0.000001 0.000000 -0.001842 -0.011976 0.162659
    54 3.868322 -0.161243 -1.490733 -0.177010 -0.034210 -1.024999
    55 1.786068 0.000002 0.000000 -0.051298 -0.063999 -0.749967
    56 1.044445 0.000000 0.000000 -0.001333 -0.038512 0.149883
    57 1.121502 -1.347836 -1.035880 -1.045302 0.582555 0.243500
    58 1.928122 0.000000 -0.000002 -0.000025 0.188108 -0.446082
    59 1.285141 0.000000 -0.000002 -0.000058 0.040588 -0.886387
    60 11.768703 0.000000 -0.000008 0.242666 0.000000 0.000000
    61 5.884356 0.000000 -0.000004 0.128617 0.000000 0.000000
    62 11.679195 0.000000 0.000000 0.000000 0.000000 -0.161657
    63 7.023272 -6.880002 4.339547 2.620672 -1.456011 -1.105365
    64 -32.937500 -10.421875 -6.984375 3.016486 0.064293 1.747768
    65 0.000000 -0.000007 -0.000031 1.373047 0.113574 0.124314
    66 -0.000004 -0.000007 -0.000031 1.373047 0.113574 0.124314
    67 3.348999 -1.371000 0.725000 1.977842 -0.088017 1.557794
    68 2.856895 -1.536201 -0.973800 -1.501147 -0.272558 -1.578261
    69 -0.000004 0.000000 10.000000 0.000000 0.000000 0.000000
    70 0.018894 0.665159 9.395880 0.000000 0.000000 0.000000
    71 2.000008 -3.000000 0.000000 -1.570796 0.000000 -1.326450
    72 3.028210 -0.923410 -2.009452 1.574082 -0.012974 1.587243
    73 0.116953 4.311607 0.061859 0.000010 0.000000 0.000000
    74 -0.000002 0.000000 0.000001 0.000000 0.000000 0.000000
    75 0.000000 1.000000 0.000010 0.000000 0.000000 0.000000
    76 -0.000002 0.000000 0.000000 0.000000 0.000000 0.000000
    77 -0.000002 0.000000 0.000000 0.000000 0.000000 0.000000
    78 -0.000002 0.000000 0.000000 0.000000 0.000000 0.000000
time 15
    0 0.185547 -8.148438 24.968750 1.641316 -0.095512 0.241622
    1 0.000000 4.246162 -0.018825 1.500807 -0.107632 1.562015
    2 4.195629 0.000000 0.000000 -0.067991 -0.020001 -0.167181
    3 3.883152 0.000001 0.000000 -0.065023 -0.037843 -0.037300
    4 5.985943 0.000002 0.000000 -0.082115 -0.023544 0.450505
    5 4.268658 1.531896 -1.575000 1.678548 0.932119 -0.127278
    6 5.782729 0.000000 0.000001 2.954388 -0.150461 0.580333
    7 11.452759 0.000001 0.000000 0.000000 0.000000 -0.452841
    8 4.268658 1.531894 1.575000 -1.401412 -1.008950 -0.345993
    9 5.782726 0.000004 0.000001 -3.134090 0.102470 0.882091
    10 11.452763 0.000001 0.000004 0.000000 0.000000 -0.334342
    11 10.945534 -0.000007 -0.000034 1.409863 -0.177796 0.208777
    12 10.945518 -0.000005 0.000015 -1.155207 0.118231 0.119598
    13 -3.806942 0.000000 0.000000 -1.360377 -0.151984 -1.840194
    14 19.253841 0.000000 0.000000 0.000000 0.000000 0.025250
    15 6.694798 0.000000 0.000000 0.000000 0.000000 0.000000
    16 5.620499 0.000002 0.000000 2.928911 -0.000930 -0.230387
    17 4.684906 0.000002 0.000000 -0.170399 -0.042855 1.129897
    18 19.263098 0.000000 0.000000 0.000000 0.000000 0.222750
    19 17.589096 0.000000 0.000000 -0.042446 -0.297637 -0.710231
    20 6.240662 0.000000 0.000000 -0.112043 0.023877 -0.397791
    21 3.806942 0.000000 0.000000 -2.542122 -0.413899 -0.942551
    22 6.694801 0.000000 0.000000 0.000000 0.000000 0.000000
    23 19.253845 0.000000 0.000000 0.000000 0.000000 0.025253
    24 3.147137 0.005680 -1.551346 0.204908 0.143273 -0.954241
    25 1.585903 0.000000 0.000000 0.011390 0.016585 -0.964682
    26 0.849087 0.000002 0.000000 -0.054430 -0.175364 -0.012812
    27 3.471079 0.213264 -0.574066 0.197841 0.103922 -1.056897
    28 1.897533 -0.000002 0.000000 -0.051937 -0.088263 -1.080741
    29 1.014454 0.000002 0.000000 0.002346 0.009693 0.056304
    30 3.750082 0.114767 0.430058 0.187201 0.067923 -1.244533
    31 2.258186 0.000000 0.000000 -0.042022 -0.053930 -0.856641
    32 1.210384 0.000001 0.000000 0.001810 0.011981 0.157202
    33 3.868294 -0.166636 1.490141 0.180581 0.034246 -1.190451
    34 1.786068 0.000000 0.000000 0.051300 0.063943 -1.015925
    35 1.044434 -0.000002 0.000000 0.001325 0.038484 0.095729
    36 1.121473 -1.351564 1.030998 1.138475 -0.607693 0.231095
    37 1.928116 0.000000 0.000000 -0.090105 -0.188036 -0.457011
    38 1.285145 -0.000001 0.000000 -0.000005 -0.040574 -1.047036
    39 19.263105 0.000000 0.000000 0.000000 0.000000 0.807406
    40 17.589100 0.000000 0.000000 -0.328306 -0.064822 -0.869497
    41 6.240662 0.000000 0.000000 0.020407 -0.027702 -0.443539
    42 5.884350 0.000000 0.000004 -0.126310 0.000000 0.000000
    43 11.768705 0.000000 0.000000 -0.238428 0.000000 0.000000
    44 11.679195 0.000000 0.000008 0.000000 0.000000 -0.161658
    45 3.147156 0.000065 1.551354 -0.201298 -0.143284 -0.649417
    46 1.585903 0.000000 0.000000 -0.011409 -0.016643 -1.331409
    47 0.849087 0.000000 0.000000 0.054379 0.175346 0.227690
    48 3.471100 0.211189 0.574833 -0.194213 -0.103888 -0.872699
    49 1.897533 0.000000 0.000000 0.051947 0.088323 -1.093272
    50 1.014446 0.000003 0.000000 -0.002359 -0.009725 0.111690
    51 3.750099 0.116322 -0.429641 -0.183614 -0.067994 -1.128857
    52 2.258183 0.000000 0.000000 0.042077 0.053977 -0.662652
    53 1.210392 0.000001 0.000000 -0.001842 -0.011976 0.162659
    54 3.868322 -0.161243 -1.490733 -0.177010 -0.034210 -1.024999
    55 1.786068 0.000002 0.000000 -0.051298 -0.063999 -0.749967
    56 1.044445 0.000000 0.000000 -0.001333 -0.038512 0.149883
    57 1.121502 -1.347836 -1.035880 -1.045302 0.582555 0.243500
    58 1.928122 0.000000 -0.000002 -0.000025 0.188108 -0.446082
    59 1.285141 0.000000 -0.000002 -0.000058 0.040588 -0.886387
    60 11.768703 0.000000 -0.000008 0.242666 0.000000 0.000000
    61 5.884356 0.000000 -0.000004 0.128617 0.000000 0.000000
    62 11.679195 0.000000 0.000000 0.000000 0.000000 -0.161657
    63 7.023272 -6.880002 4.339547 2.620672 -1.456011 -1.105365
    64 -30.953125 -4.976563 -4.058594 3.008639 0.080493 1.745187
    65 0.000000 -0.000007 -0.000031 1.373047 0.113574 0.124314
    66 -0.000004 -0.000007 -0.000031 1.373047 0.113574 0.124314
    67 3.348999 -1.371000 0.725000 1.977842 -0.088017 1.557794
    68 2.856895 -1.536201 -0.973800 -1.501147 -0.272558 -1.578261
    69 -0.000004 0.000000 10.000000 0.000000 0.000000 0.000000
    70 0.018894 0.665159 9.395880 0.000000 0.000000 0.000000
    71 2.000008 -3.000000 0.000000 -1.570796 0.000000 -1.326450
    72 3.028210 -0.923410 -2.009452 1.574082 -0.012974 1.587243
    73 0.116953 4.311607 0.061859 0.000010 0.000000 0.000000
    74 -0.000002 0.000000 0.000001 0.000000 0.000000 0.000000
    75 0.000000 1.000000 0.000010 0.000000 0.000000 0.000000
    76 -0.000002 0.000000 0.000000 0.000000 0.000000 0.000000
    77 -0.000002 0.000000 0.000000 0.000000 0.000000 0.000000
    78 -0.000002 0.000000 0.000000 0.000000 0.000000 0.000000
time 16
    0 -0.178589 -8.273438 25.046875 1.638338 -0.095075 0.288922
    1 0.000000 4.246162 -0.018825 1.497982 -0.106042 1.560264
    2 4.195629 0.000000 0.000000 -0.070681 -0.021986 -0.167873
    3 3.883152 0.000001 0.000000 -0.067601 -0.039758 -0.036238
    4 5.985943 0.000002 0.000000 -0.085288 -0.023596 0.453235
    5 4.268658 1.531896 -1.575000 1.683623 0.953126 -0.116553
    6 5.782729 0.000000 0.000001 2.940581 -0.174458 0.589127
    7 11.452759 0.000001 0.000000 0.000000 0.000000 -0.475460
    8 4.268658 1.531894 1.575000 -1.388281 -1.015002 -0.360742
    9 5.782726 0.000004 0.000001 3.129679 0.086387 0.899322
    10 11.452763 0.000001 0.000004 0.000000 0.000000 -0.330840
    11 10.945534 -0.000007 -0.000034 1.392561 -0.183936 0.209286
    12 10.945518 -0.000005 0.000015 -1.169150 0.103998 0.143394
    13 -3.806942 0.000000 0.000000 -1.343819 -0.128497 -1.832562
    14 19.253841 0.000000 0.000000 0.000000 0.000000 0.025250
    15 6.694798 0.000000 0.000000 0.000000 0.000000 0.000000
    16 5.620499 0.000002 0.000000 2.926378 -0.000859 -0.236720
    17 4.684906 0.000002 0.000000 -0.172924 -0.042572 1.135805
    18 19.263098 0.000000 0.000000 0.000000 0.000000 0.243436
    19 17.589096 0.000000 0.000000 -0.016697 -0.305973 -0.714077
    20 6.240662 0.000000 0.000000 -0.112080 0.023861 -0.388094
    21 3.806942 0.000000 0.000000 -2.594179 -0.463765 -0.899543
    22 6.694801 0.000000 0.000000 0.000000 0.000000 0.000000
    23 19.253845 0.000000 0.000000 0.000000 0.000000 0.025253
    24 3.147137 0.005680 -1.551346 0.204908 0.143273 -0.954241
    25 1.585903 0.000000 0.000000 0.011390 0.016585 -0.964682
    26 0.849087 0.000002 0.000000 -0.054430 -0.175364 -0.012812
    27 3.471079 0.213264 -0.574066 0.197841 0.103922 -1.056897
    28 1.897533 -0.000002 0.000000 -0.051937 -0.088263 -1.080741
    29 1.014454 0.000002 0.000000 0.002346 0.009693 0.056304
    30 3.750082 0.114767 0.430058 0.187201 0.067923 -1.244533
    31 2.258186 0.000000 0.000000 -0.042022 -0.053930 -0.856641
    32 1.210384 0.000001 0.000000 0.001810 0.011981 0.157202
    33 3.868294 -0.166636 1.490141 0.180581 0.034246 -1.190451
    34 1.786068 0.000000 0.000000 0.051300 0.063943 -1.015925
    35 1.044434 -0.000002 0.000000 0.001325 0.038484 0.095729
    36 1.121473 -1.351564 1.030998 1.138475 -0.607693 0.231095
    37 1.928116 0.000000 0.000000 -0.090105 -0.188036 -0.457011
    38 1.285145 -0.000001 0.000000 -0.000005 -0.040574 -1.047036
    39 19.263105 0.000000 0.000000 0.000000 0.000000 0.894608
    40 17.589100 0.000000 0.000000 -0.352740 -0.076500 -0.883444
    41 6.240662 0.000000 0.000000 0.020388 -0.027704 -0.431334
    42 5.884350 0.000000 0.000004 -0.126310 0.000000 0.000000
    43 11.768705 0.000000 0.000000 -0.238428 0.000000 0.000000
    44 11.679195 0.000000 0.000008 0.000000 0.000000 -0.161658
    45 3.147156 0.000065 1.551354 -0.201298 -0.143284 -0.649417
    46 1.585903 0.000000 0.000000 -0.011409 -0.016643 -1.331409
    47 0.849087 0.000000 0.000000 0.054379 0.175346 0.227690
    48 3.471100 0.211189 0.574833 -0.194213 -0.103888 -0.872699
    49 1.897533 0.000000 0.000000 0.051947 0.088323 -1.093272
    50 1.014446 0.000003 0.000000 -0.002359 -0.009725 0.111690
    51 3.750099 0.116322 -0.429641 -0.183614 -0.067994 -1.128857
    52 2.258183 0.000000 0.000000 0.042077 0.053977 -0.662652
    53 1.210392 0.000001 0.000000 -0.001842 -0.011976 0.162659
    54 3.868322 -0.161243 -1.490733 -0.177010 -0.034210 -1.024999
    55 1.786068 0.000002 0.000000 -0.051298 -0.063999 -0.749967
    56 1.044445 0.000000 0.000000 -0.001333 -0.038512 0.149883
    57 1.121502 -1.347836 -1.035880 -1.045302 0.582555 0.243500
    58 1.928122 0.000000 -0.000002 -0.000025 0.188108 -0.446082
    59 1.285141 0.000000 -0.000002 -0.000058 0.040588 -0.886387
    60 11.768703 0.000000 -0.000008 0.242666 0.000000 0.000000
    61 5.884356 0.000000 -0.000004 0.128617 0.000000 0.000000
    62 11.679195 0.000000 0.000000 0.000000 0.000000 -0.161657
    63 7.023272 -6.880002 4.339547 2.620672 -1.456011 -1.105365
    64 -27.500000 -3.484375 0.650879 2.999908 0.098849 1.739293
    65 0.000000 -0.000007 -0.000031 1.373047 0.113574 0.124314
    66 -0.000004 -0.000007 -0.000031 1.373047 0.113574 0.124314
    67 3.348999 -1.371000 0.725000 1.977842 -0.088017 1.557794
    68 2.856895 -1.536201 -0.973800 -1.501147 -0.272558 -1.578261
    69 -0.000004 0.000000 10.000000 0.000000 0.000000 0.000000
    70 0.018894 0.665159 9.395880 0.000000 0.000000 0.000000
    71 2.000008 -3.000000 0.000000 -1.570796 0.000000 -1.326450
    72 3.028210 -0.923410 -2.009452 1.574082 -0.012974 1.587243
    73 0.116953 4.311607 0.061859 0.000010 0.000000 0.000000
    74 -0.000002 0.000000 0.000001 0.000000 0.000000 0.000000
    75 0.000000 1.000000 0.000010 0.000000 0.000000 0.000000
    76 -0.000002 0.000000 0.000000 0.000000 0.000000 0.000000
    77 -0.000002 0.000000 0.000000 0.000000 0.000000 0.000000
    78 -0.000002 0.000000 0.000000 0.000000 0.000000 0.000000
time 17
    0 -0.562988 -8.359375 25.109375 1.638217 -0.092264 0.328456
    1 0.000000 4.246162 -0.018825 1.497171 -0.104189 1.558128
    2 4.195629 0.000000 0.000000 -0.071286 -0.023977 -0.168753
    3 3.883152 0.000001 0.000000 -0.068378 -0.040864 -0.035322
    4 5.985943 0.000002 0.000000 -0.086245 -0.023268 0.455901
    5 4.268658 1.531896 -1.575000 1.688832 0.977853 -0.105230
    6 5.782729 0.000000 0.000001 2.927166 -0.197049 0.605071
    7 11.452759 0.000001 0.000000 0.000000 0.000000 -0.489507
    8 4.268658 1.531894 1.575000 -1.389662 -1.018081 -0.362242
    9 5.782726 0.000004 0.000001 3.123942 0.074161 0.915980
    10 11.452763 0.000001 0.000004 0.000000 0.000000 -0.322966
    11 10.945534 -0.000007 -0.000034 1.372429 -0.186702 0.206569
    12 10.945518 -0.000005 0.000015 -1.182487 0.089389 0.162431
    13 -3.806942 0.000000 0.000000 -1.329458 -0.110523 -1.825980
    14 19.253841 0.000000 0.000000 0.000000 0.000000 0.025250
    15 6.694798 0.000000 0.000000 0.000000 0.000000 0.000000
    16 5.620499 0.000002 0.000000 2.922564 -0.006069 -0.242581
    17 4.684906 0.000002 0.000000 -0.174237 -0.033967 1.140497
    18 19.263098 0.000000 0.000000 0.000000 0.000000 0.266325
    19 17.589096 0.000000 0.000000 -0.000245 -0.313624 -0.704542
    20 6.240662 0.000000 0.000000 -0.112071 0.023850 -0.391618
    21 3.806942 0.000000 0.000000 -2.643643 -0.516622 -0.858117
    22 6.694801 0.000000 0.000000 0.000000 0.000000 0.000000
    23 19.253845 0.000000 0.000000 0.000000 0.000000 0.025253
    24 3.147137 0.005680 -1.551346 0.204908 0.143273 -0.954241
    25 1.585903 0.000000 0.000000 0.011390 0.016585 -0.964682
    26 0.849087 0.000002 0.000000 -0.054430 -0.175364 -0.012812
    27 3.471079 0.213264 -0.574066 0.197841 0.103922 -1.056897
    28 1.897533 -0.000002 0.000000 -0.051937 -0.088263 -1.080741
    29 1.014454 0.000002 0.000000 0.002346 0.009693 0.056304
    30 3.750082 0.114767 0.430058 0.187201 0.067923 -1.244533
    31 2.258186 0.000000 0.000000 -0.042022 -0.053930 -0.856641
    32 1.210384 0.000001 0.000000 0.001810 0.011981 0.157202
    33 3.868294 -0.166636 1.490141 0.180581 0.034246 -1.190451
    34 1.786068 0.000000 0.000000 0.051300 0.063943 -1.015925
    35 1.044434 -0.000002 0.000000 0.001325 0.038484 0.095729
    36 1.121473 -1.351564 1.030998 1.138475 -0.607693 0.231095
    37 1.928116 0.000000 0.000000 -0.090105 -0.188036 -0.457011
    38 1.285145 -0.000001 0.000000 -0.000005 -0.040574 -1.047036
    39 19.263105 0.000000 0.000000 0.000000 0.000000 0.978292
    40 17.589100 0.000000 0.000000 -0.364072 -0.075672 -0.886072
    41 6.240662 0.000000 0.000000 0.020388 -0.027704 -0.431334
    42 5.884350 0.000000 0.000004 -0.126310 0.000000 0.000000
    43 11.768705 0.000000 0.000000 -0.238428 0.000000 0.000000
    44 11.679195 0.000000 0.000008 0.000000 0.000000 -0.161658
    45 3.147156 0.000065 1.551354 -0.201298 -0.143284 -0.649417
    46 1.585903 0.000000 0.000000 -0.011409 -0.016643 -1.331409
    47 0.849087 0.000000 0.000000 0.054379 0.175346 0.227690
    48 3.471100 0.211189 0.574833 -0.194213 -0.103888 -0.872699
    49 1.897533 0.000000 0.000000 0.051947 0.088323 -1.093272
    50 1.014446 0.000003 0.000000 -0.002359 -0.009725 0.111690
    51 3.750099 0.116322 -0.429641 -0.183614 -0.067994 -1.128857
    52 2.258183 0.000000 0.000000 0.042077 0.053977 -0.662652
    53 1.210392 0.000001 0.000000 -0.001842 -0.011976 0.162659
    54 3.868322 -0.161243 -1.490733 -0.177010 -0.034210 -1.024999
    55 1.786068 0.000002 0.000000 -0.051298 -0.063999 -0.749967
    56 1.044445 0.000000 0.000000 -0.001333 -0.038512 0.149883
    57 1.121502 -1.347836 -1.035880 -1.045302 0.582555 0.243500
    58 1.928122 0.000000 -0.000002 -0.000025 0.188108 -0.446082
    59 1.285141 0.000000 -0.000002 -0.000058 0.040588 -0.886387
    60 11.768703 0.000000 -0.000008 0.242666 0.000000 0.000000
    61 5.884356 0.000000 -0.000004 0.128617 0.000000 0.000000
    62 11.679195 0.000000 0.000000 0.000000 0.000000 -0.161657
    63 7.023272 -6.880002 4.339547 2.620672 -1.456011 -1.105365
    64 -23.734375 -6.027344 4.851563 2.991244 0.124027 1.730837
    65 0.000000 -0.000007 -0.000031 1.373047 0.113574 0.124314
    66 -0.000004 -0.000007 -0.000031 1.373047 0.113574 0.124314
    67 3.348999 -1.371000 0.725000 1.977842 -0.088017 1.557794
    68 2.856895 -1.536201 -0.973800 -1.501147 -0.272558 -1.578261
    69 -0.000004 0.000000 10.000000 0.000000 0.000000 0.000000
    70 0.018894 0.665159 9.395880 0.000000 0.000000 0.000000
    71 2.000008 -3.000000 0.000000 -1.570796 0.000000 -1.326450
    72 3.028210 -0.923410 -2.009452 1.574082 -0.012974 1.587243
    73 0.116953 4.311607 0.061859 0.000010 0.000000 0.000000
    74 -0.000002 0.000000 0.000001 0.000000 0.000000 0.000000
    75 0.000000 1.000000 0.000010 0.000000 0.000000 0.000000
    76 -0.000002 0.000000 0.000000 0.000000 0.000000 0.000000
    77 -0.000002 0.000000 0.000000 0.000000 0.000000 0.000000
    78 -0.000002 0.000000 0.000000 0.000000 0.000000 0.000000
time 18
    0 -0.924316 -8.390625 25.156250 1.639332 -0.087724 0.357294
    1 0.000000 4.246162 -0.018825 1.499393 -0.102942 1.554623
    2 4.195629 0.000000 0.000000 -0.068974 -0.025624 -0.169413
    3 3.883152 0.000001 0.000000 -0.066422 -0.039684 -0.034708
    4 5.985943 0.000002 0.000000 -0.083349 -0.020931 0.457953
    5 4.268658 1.531896 -1.575000 1.689556 1.000301 -0.099111
    6 5.782729 0.000000 0.000001 2.920058 -0.214017 0.624971
    7 11.452759 0.000001 0.000000 0.000000 0.000000 -0.492710
    8 4.268658 1.531894 1.575000 -1.407229 -1.017467 -0.347336
    9 5.782726 0.000004 0.000001 3.130124 0.065894 0.923900
    10 11.452763 0.000001 0.000004 0.000000 0.000000 -0.317894
    11 10.945534 -0.000007 -0.000034 1.348033 -0.190259 0.206454
    12 10.945518 -0.000005 0.000015 -1.196500 0.075071 0.169364
    13 -3.806942 0.000000 0.000000 -1.312661 -0.096478 -1.822913
    14 19.253841 0.000000 0.000000 0.000000 0.000000 0.025250
    15 6.694798 0.000000 0.000000 0.000000 0.000000 0.000000
    16 5.620499 0.000002 0.000000 2.917597 -0.015908 -0.248362
    17 4.684906 0.000002 0.000000 -0.174885 -0.018943 1.145279
    18 19.263098 0.000000 0.000000 0.000000 0.000000 0.288465
    19 17.589096 0.000000 0.000000 0.015541 -0.316390 -0.695148
    20 6.240662 0.000000 0.000000 -0.112018 0.023882 -0.392853
    21 3.806942 0.000000 0.000000 -2.690340 -0.569207 -0.817443
    22 6.694801 0.000000 0.000000 0.000000 0.000000 0.000000
    23 19.253845 0.000000 0.000000 0.000000 0.000000 0.025253
    24 3.147137 0.005680 -1.551346 0.204908 0.143273 -0.954241
    25 1.585903 0.000000 0.000000 0.011390 0.016585 -0.964682
    26 0.849087 0.000002 0.000000 -0.054430 -0.175364 -0.012812
    27 3.471079 0.213264 -0.574066 0.197841 0.103922 -1.056897
    28 1.897533 -0.000002 0.000000 -0.051937 -0.088263 -1.080741
    29 1.014454 0.000002 0.000000 0.002346 0.009693 0.056304
    30 3.750082 0.114767 0.430058 0.187201 0.067923 -1.244533
    31 2.258186 0.000000 0.000000 -0.042022 -0.053930 -0.856641
    32 1.210384 0.000001 0.000000 0.001810 0.011981 0.157202
    33 3.868294 -0.166636 1.490141 0.180581 0.034246 -1.190451
    34 1.786068 0.000000 0.000000 0.051300 0.063943 -1.015925
    35 1.044434 -0.000002 0.000000 0.001325 0.038484 0.095729
    36 1.121473 -1.351564 1.030998 1.138475 -0.607693 0.231095
    37 1.928116 0.000000 0.000000 -0.090105 -0.188036 -0.457011
    38 1.285145 -0.000001 0.000000 -0.000005 -0.040574 -1.047036
    39 19.263105 0.000000 0.000000 0.000000 0.000000 1.057880
    40 17.589100 0.000000 0.000000 -0.377477 -0.063092 -0.884179
    41 6.240662 0.000000 0.000000 0.020439 -0.027666 -0.435047
    42 5.884350 0.000000 0.000004 -0.126310 0.000000 0.000000
    43 11.768705 0.000000 0.000000 -0.238428 0.000000 0.000000
    44 11.679195 0.000000 0.000008 0.000000 0.000000 -0.161658
    45 3.147156 0.000065 1.551354 -0.201298 -0.143284 -0.649417
    46 1.585903 0.000000 0.000000 -0.011409 -0.016643 -1.331409
    47 0.849087 0.000000 0.000000 0.054379 0.175346 0.227690
    48 3.471100 0.211189 0.574833 -0.194213 -0.103888 -0.872699
    49 1.897533 0.000000 0.000000 0.051947 0.088323 -1.093272
    50 1.014446 0.000003 0.000000 -0.002359 -0.009725 0.111690
    51 3.750099 0.116322 -0.429641 -0.183614 -0.067994 -1.128857
    52 2.258183 0.000000 0.000000 0.042077 0.053977 -0.662652
    53 1.210392 0.000001 0.000000 -0.001842 -0.011976 0.162659
    54 3.868322 -0.161243 -1.490733 -0.177010 -0.034210 -1.024999
    55 1.786068 0.000002 0.000000 -0.051298 -0.063999 -0.749967
    56 1.044445 0.000000 0.000000 -0.001333 -0.038512 0.149883
    57 1.121502 -1.347836 -1.035880 -1.045302 0.582555 0.243500
    58 1.928122 0.000000 -0.000002 -0.000025 0.188108 -0.446082
    59 1.285141 0.000000 -0.000002 -0.000058 0.040588 -0.886387
    60 11.768703 0.000000 -0.000008 0.242666 0.000000 0.000000
    61 5.884356 0.000000 -0.000004 0.128617 0.000000 0.000000
    62 11.679195 0.000000 0.000000 0.000000 0.000000 -0.161657
    63 7.023272 -6.880002 4.339547 2.620672 -1.456011 -1.105365
    64 -20.437500 -11.250000 7.542969 2.981964 0.155097 1.723625
    65 0.000000 -0.000007 -0.000031 1.373047 0.113574 0.124314
    66 -0.000004 -0.000007 -0.000031 1.373047 0.113574 0.124314
    67 3.348999 -1.371000 0.725000 1.977842 -0.088017 1.557794
    68 2.856895 -1.536201 -0.973800 -1.501147 -0.272558 -1.578261
    69 -0.000004 0.000000 10.000000 0.000000 0.000000 0.000000
    70 0.018894 0.665159 9.395880 0.000000 0.000000 0.000000
    71 2.000008 -3.000000 0.000000 -1.570796 0.000000 -1.326450
    72 3.028210 -0.923410 -2.009452 1.574082 -0.012974 1.587243
    73 0.116953 4.311607 0.061859 0.000010 0.000000 0.000000
    74 -0.000002 0.000000 0.000001 0.000000 0.000000 0.000000
    75 0.000000 1.000000 0.000010 0.000000 0.000000 0.000000
    76 -0.000002 0.000000 0.000000 0.000000 0.000000 0.000000
    77 -0.000002 0.000000 0.000000 0.000000 0.000000 0.000000
    78 -0.000002 0.000000 0.000000 0.000000 0.000000 0.000000
time 19
    0 -1.230469 -8.343750 25.156250 1.637883 -0.082255 0.372564
    1 0.000000 4.246162 -0.018825 1.505034 -0.106451 1.550434
    2 4.195629 0.000000 0.000000 -0.063277 -0.026558 -0.167794
    3 3.883152 0.000001 0.000000 -0.061198 -0.035989 -0.035612
    4 5.985943 0.000002 0.000000 -0.075867 -0.017157 0.455880
    5 4.268658 1.531896 -1.575000 1.678245 1.014368 -0.114742
    6 5.782729 0.000000 0.000001 2.920506 -0.211164 0.637582
    7 11.452759 0.000001 0.000000 0.000000 0.000000 -0.494046
    8 4.268658 1.531894 1.575000 -1.440637 -1.011483 -0.317130
    9 5.782726 0.000004 0.000001 3.131631 0.055212 0.919017
    10 11.452763 0.000001 0.000004 0.000000 0.000000 -0.320255
    11 10.945534 -0.000007 -0.000034 1.329229 -0.196452 0.208357
    12 10.945518 -0.000005 0.000015 -1.217316 0.063511 0.171701
    13 -3.806942 0.000000 0.000000 -1.295096 -0.081541 -1.826242
    14 19.253841 0.000000 0.000000 0.000000 0.000000 0.025250
    15 6.694798 0.000000 0.000000 0.000000 0.000000 0.000000
    16 5.620499 0.000002 0.000000 2.913142 -0.028049 -0.251568
    17 4.684906 0.000002 0.000000 -0.174057 -0.001914 1.148012
    18 19.263098 0.000000 0.000000 0.000000 0.000000 0.306621
    19 17.589096 0.000000 0.000000 0.025496 -0.318730 -0.700751
    20 6.240662 0.000000 0.000000 -0.112037 0.023857 -0.378493
    21 3.806942 0.000000 0.000000 -2.737308 -0.614747 -0.778948
    22 6.694801 0.000000 0.000000 0.000000 0.000000 0.000000
    23 19.253845 0.000000 0.000000 0.000000 0.000000 0.025253
    24 3.147137 0.005680 -1.551346 0.204908 0.143273 -0.954241
    25 1.585903 0.000000 0.000000 0.011390 0.016585 -0.964682
    26 0.849087 0.000002 0.000000 -0.054430 -0.175364 -0.012812
    27 3.471079 0.213264 -0.574066 0.197841 0.103922 -1.056897
    28 1.897533 -0.000002 0.000000 -0.051937 -0.088263 -1.080741
    29 1.014454 0.000002 0.000000 0.002346 0.009693 0.056304
    30 3.750082 0.114767 0.430058 0.187201 0.067923 -1.244533
    31 2.258186 0.000000 0.000000 -0.042022 -0.053930 -0.856641
    32 1.210384 0.000001 0.000000 0.001810 0.011981 0.157202
    33 3.868294 -0.166636 1.490141 0.180581 0.034246 -1.190451
    34 1.786068 0.000000 0.000000 0.051300 0.063943 -1.015925
    35 1.044434 -0.000002 0.000000 0.001325 0.038484 0.095729
    36 1.121473 -1.351564 1.030998 1.138475 -0.607693 0.231095
    37 1.928116 0.000000 0.000000 -0.090105 -0.188036 -0.457011
    38 1.285145 -0.000001 0.000000 -0.000005 -0.040574 -1.047036
    39 19.263105 0.000000 0.000000 0.000000 0.000000 1.131481
    40 17.589100 0.000000 0.000000 -0.364784 -0.038269 -0.881415
    41 6.240662 0.000000 0.000000 0.020398 -0.027740 -0.426033
    42 5.884350 0.000000 0.000004 -0.126310 0.000000 0.000000
    43 11.768705 0.000000 0.000000 -0.238428 0.000000 0.000000
    44 11.679195 0.000000 0.000008 0.000000 0.000000 -0.161658
    45 3.147156 0.000065 1.551354 -0.201298 -0.143284 -0.649417
    46 1.585903 0.000000 0.000000 -0.011409 -0.016643 -1.331409
    47 0.849087 0.000000 0.000000 0.054379 0.175346 0.227690
    48 3.471100 0.211189 0.574833 -0.194213 -0.103888 -0.872699
    49 1.897533 0.000000 0.000000 0.051947 0.088323 -1.093272
    50 1.014446 0.000003 0.000000 -0.002359 -0.009725 0.111690
    51 3.750099 0.116322 -0.429641 -0.183614 -0.067994 -1.128857
    52 2.258183 0.000000 0.000000 0.042077 0.053977 -0.662652
    53 1.210392 0.000001 0.000000 -0.001842 -0.011976 0.162659
    54 3.868322 -0.161243 -1.490733 -0.177010 -0.034210 -1.024999
    55 1.786068 0.000002 0.000000 -0.051298 -0.063999 -0.749967
    56 1.044445 0.000000 0.000000 -0.001333 -0.038512 0.149883
    57 1.121502 -1.347836 -1.035880 -1.045302 0.582555 0.243500
    58 1.928122 0.000000 -0.000002 -0.000025 0.188108 -0.446082
    59 1.285141 0.000000 -0.000002 -0.000058 0.040588 -0.886387
    60 11.768703 0.000000 -0.000008 0.242666 0.000000 0.000000
    61 5.884356 0.000000 -0.000004 0.128617 0.000000 0.000000
    62 11.679195 0.000000 0.000000 0.000000 0.000000 -0.161657
    63 7.023272 -6.880002 4.339547 2.620672 -1.456011 -1.105365
    64 -19.703125 -18.109375 5.527344 2.971290 0.174723 1.720363
    65 0.000000 -0.000007 -0.000031 1.373047 0.113574 0.124314
    66 -0.000004 -0.000007 -0.000031 1.373047 0.113574 0.124314
    67 3.348999 -1.371000 0.725000 1.977842 -0.088017 1.557794
    68 2.856895 -1.536201 -0.973800 -1.501147 -0.272558 -1.578261
    69 -0.000004 0.000000 10.000000 0.000000 0.000000 0.000000
    70 0.018894 0.665159 9.395880 0.000000 0.000000 0.000000
    71 2.000008 -3.000000 0.000000 -1.570796 0.000000 -1.326450
    72 3.028210 -0.923410 -2.009452 1.574082 -0.012974 1.587243
    73 0.116953 4.311607 0.061859 0.000010 0.000000 0.000000
    74 -0.000002 0.000000 0.000001 0.000000 0.000000 0.000000
    75 0.000000 1.000000 0.000010 0.000000 0.000000 0.000000
    76 -0.000002 0.000000 0.000000 0.000000 0.000000 0.000000
    77 -0.000002 0.000000 0.000000 0.000000 0.000000 0.000000
    78 -0.000002 0.000000 0.000000 0.000000 0.000000 0.000000
time 20
    0 -1.480469 -8.226563 25.171875 1.635138 -0.074657 0.374369
    1 0.000000 4.246162 -0.018825 1.514415 -0.110631 1.545643
    2 4.195629 0.000000 0.000000 -0.053915 -0.026836 -0.165721
    3 3.883152 0.000001 0.000000 -0.052480 -0.029976 -0.036352
    4 5.985943 0.000002 0.000000 -0.063840 -0.011658 0.454253
    5 4.268658 1.531896 -1.575000 1.657760 1.020409 -0.139598
    6 5.782729 0.000000 0.000001 2.938143 -0.199410 0.645139
    7 11.452759 0.000001 0.000000 0.000000 0.000000 -0.491286
    8 4.268658 1.531894 1.575000 -1.497714 -1.003039 -0.264958
    9 5.782726 0.000004 0.000001 3.132148 0.045694 0.906066
    10 11.452763 0.000001 0.000004 0.000000 0.000000 -0.327953
    11 10.945534 -0.000007 -0.000034 1.317493 -0.205717 0.208767
    12 10.945518 -0.000005 0.000015 -1.249896 0.057832 0.176644
    13 -3.806942 0.000000 0.000000 -1.274992 -0.065891 -1.834741
    14 19.253841 0.000000 0.000000 0.000000 0.000000 0.025250
    15 6.694798 0.000000 0.000000 0.000000 0.000000 0.000000
    16 5.620499 0.000002 0.000000 2.914510 -0.037638 -0.251194
    17 4.684906 0.000002 0.000000 -0.169161 0.014107 1.145686
    18 19.263098 0.000000 0.000000 0.000000 0.000000 0.321479
    19 17.589096 0.000000 0.000000 0.032111 -0.317777 -0.719200
    20 6.240662 0.000000 0.000000 -0.112075 0.023801 -0.372859
    21 3.806942 0.000000 0.000000 -2.783231 -0.645723 -0.746653
    22 6.694801 0.000000 0.000000 0.000000 0.000000 0.000000
    23 19.253845 0.000000 0.000000 0.000000 0.000000 0.025253
    24 3.147137 0.005680 -1.551346 0.204908 0.143273 -0.954241
    25 1.585903 0.000000 0.000000 0.011390 0.016585 -0.964682
    26 0.849087 0.000002 0.000000 -0.054430 -0.175364 -0.012812
    27 3.471079 0.213264 -0.574066 0.197841 0.103922 -1.056897
    28 1.897533 -0.000002 0.000000 -0.051937 -0.088263 -1.080741
    29 1.014454 0.000002 0.000000 0.002346 0.009693 0.056304
    30 3.750082 0.114767 0.430058 0.187201 0.067923 -1.244533
    31 2.258186 0.000000 0.000000 -0.042022 -0.053930 -0.856641
    32 1.210384 0.000001 0.000000 0.001810 0.011981 0.157202
    33 3.868294 -0.166636 1.490141 0.180581 0.034246 -1.190451
    34 1.786068 0.000000 0.000000 0.051300 0.063943 -1.015925
    35 1.044434 -0.000002 0.000000 0.001325 0.038484 0.095729
    36 1.121473 -1.351564 1.030998 1.138475 -0.607693 0.231095
    37 1.928116 0.000000 0.000000 -0.090105 -0.188036 -0.457011
    38 1.285145 -0.000001 0.000000 -0.000005 -0.040574 -1.047036
    39 19.263105 0.000000 0.000000 0.000000 0.000000 1.187305
    40 17.589100 0.000000 0.000000 -0.323364 0.011119 -0.874249
    41 6.240662 0.000000 0.000000 0.020384 -0.027697 -0.420204
    42 5.884350 0.000000 0.000004 -0.126310 0.000000 0.000000
    43 11.768705 0.000000 0.000000 -0.238428 0.000000 0.000000
    44 11.679195 0.000000 0.000008 0.000000 0.000000 -0.161658
    45 3.147156 0.000065 1.551354 -0.201298 -0.143284 -0.649417
    46 1.585903 0.000000 0.000000 -0.011409 -0.016643 -1.331409
    47 0.849087 0.000000 0.000000 0.054379 0.175346 0.227690
    48 3.471100 0.211189 0.574833 -0.194213 -0.103888 -0.872699
    49 1.897533 0.000000 0.000000 0.051947 0.088323 -1.093272
    50 1.014446 0.000003 0.000000 -0.002359 -0.009725 0.111690
    51 3.750099 0.116322 -0.429641 -0.183614 -0.067994 -1.128857
    52 2.258183 0.000000 0.000000 0.042077 0.053977 -0.662652
    53 1.210392 0.000001 0.000000 -0.001842 -0.011976 0.162659
    54 3.868322 -0.161243 -1.490733 -0.177010 -0.034210 -1.024999
    55 1.786068 0.000002 0.000000 -0.051298 -0.063999 -0.749967
    56 1.044445 0.000000 0.000000 -0.001333 -0.038512 0.149883
    57 1.121502 -1.347836 -1.035880 -1.045302 0.582555 0.243500
    58 1.928122 0.000000 -0.000002 -0.000025 0.188108 -0.446082
    59 1.285141 0.000000 -0.000002 -0.000058 0.040588 -0.886387
    60 11.768703 0.000000 -0.000008 0.242666 0.000000 0.000000
    61 5.884356 0.000000 -0.000004 0.128617 0.000000 0.000000
    62 11.679195 0.000000 0.000000 0.000000 0.000000 -0.161657
    63 7.023272 -6.880002 4.339547 2.620672 -1.456011 -1.105365
    64 -21.687500 -21.375000 0.065125 2.959936 0.182434 1.720880
    65 0.000000 -0.000007 -0.000031 1.373047 0.113574 0.124314
    66 -0.000004 -0.000007 -0.000031 1.373047 0.113574 0.124314
    67 3.348999 -1.371000 0.725000 1.977842 -0.088017 1.557794
    68 2.856895 -1.536201 -0.973800 -1.501147 -0.272558 -1.578261
    69 -0.000004 0.000000 10.000000 0.000000 0.000000 0.000000
    70 0.018894 0.665159 9.395880 0.000000 0.000000 0.000000
    71 2.000008 -3.000000 0.000000 -1.570796 0.000000 -1.326450
    72 3.028210 -0.923410 -2.009452 1.574082 -0.012974 1.587243
    73 0.116953 4.311607 0.061859 0.000010 0.000000 0.000000
    74 -0.000002 0.000000 0.000001 0.000000 0.000000 0.000000
    75 0.000000 1.000000 0.000010 0.000000 0.000000 0.000000
    76 -0.000002 0.000000 0.000000 0.000000 0.000000 0.000000
    77 -0.000002 0.000000 0.000000 0.000000 0.000000 0.000000
    78 -0.000002 0.000000 0.000000 0.000000 0.000000 0.000000
time 21
    0 -1.672852 -8.093750 25.203125 1.630850 -0.063802 0.364025
    1 0.000000 4.246162 -0.018825 1.527261 -0.112845 1.542460
    2 4.195629 0.000000 0.000000 -0.041209 -0.025575 -0.164418
    3 3.883152 0.000001 0.000000 -0.040541 -0.021879 -0.035566
    4 5.985943 0.000002 0.000000 -0.047664 -0.004902 0.455660
    5 4.268658 1.531896 -1.575000 1.609074 1.032557 -0.188553
    6 5.782729 0.000000 0.000001 2.980701 -0.174183 0.668570
    7 11.452759 0.000001 0.000000 0.000000 0.000000 -0.477770
    8 4.268658 1.531894 1.575000 -1.570330 -0.995937 -0.198944
    9 5.782726 0.000004 0.000001 3.133623 0.036632 0.884396
    10 11.452763 0.000001 0.000004 0.000000 0.000000 -0.349059
    11 10.945534 -0.000007 -0.000034 1.309656 -0.218645 0.211957
    12 10.945518 -0.000005 0.000015 -1.294833 0.057588 0.182079
    13 -3.806942 0.000000 0.000000 -1.243869 -0.046484 -1.849196
    14 19.253841 0.000000 0.000000 0.000000 0.000000 0.025250
    15 6.694798 0.000000 0.000000 0.000000 0.000000 0.000000
    16 5.620499 0.000002 0.000000 2.910619 -0.037391 -0.250067
    17 4.684906 0.000002 0.000000 -0.173738 0.022973 1.142816
    18 19.263098 0.000000 0.000000 0.000000 0.000000 0.333379
    19 17.589096 0.000000 0.000000 0.047728 -0.322376 -0.744665
    20 6.240662 0.000000 0.000000 -0.112044 0.023823 -0.379108
    21 3.806942 0.000000 0.000000 -2.825944 -0.655845 -0.726002
    22 6.694801 0.000000 0.000000 0.000000 0.000000 0.000000
    23 19.253845 0.000000 0.000000 0.000000 0.000000 0.025253
    24 3.147137 0.005680 -1.551346 0.204908 0.143273 -0.954241
    25 1.585903 0.000000 0.000000 0.011390 0.016585 -0.964682
    26 0.849087 0.000002 0.000000 -0.054430 -0.175364 -0.012812
    27 3.471079 0.213264 -0.574066 0.197841 0.103922 -1.056897
    28 1.897533 -0.000002 0.000000 -0.051937 -0.088263 -1.080741
    29 1.014454 0.000002 0.000000 0.002346 0.009693 0.056304
    30 3.750082 0.114767 0.430058 0.187201 0.067923 -1.244533
    31 2.258186 0.000000 0.000000 -0.042022 -0.053930 -0.856641
    32 1.210384 0.000001 0.000000 0.001810 0.011981 0.157202
    33 3.868294 -0.166636 1.490141 0.180581 0.034246 -1.190451
    34 1.786068 0.000000 0.000000 0.051300 0.063943 -1.015925
    35 1.044434 -0.000002 0.000000 0.001325 0.038484 0.095729
    36 1.121473 -1.351564 1.030998 1.138475 -0.607693 0.231095
    37 1.928116 0.000000 0.000000 -0.090105 -0.188036 -0.457011
    38 1.285145 -0.000001 0.000000 -0.000005 -0.040574 -1.047036
    39 19.263105 0.000000 0.000000 0.000000 0.000000 1.213878
    40 17.589100 0.000000 0.000000 -0.324122 0.054729 -0.865482
    41 6.240662 0.000000 0.000000 0.020401 -0.027720 -0.404416
    42 5.884350 0.000000 0.000004 -0.126310 0.000000 0.000000
    43 11.768705 0.000000 0.000000 -0.238428 0.000000 0.000000
    44 11.679195 0.000000 0.000008 0.000000 0.000000 -0.161658
    45 3.147156 0.000065 1.551354 -0.201298 -0.143284 -0.649417
    46 1.585903 0.000000 0.000000 -0.011409 -0.016643 -1.331409
    47 0.849087 0.000000 0.000000 0.054379 0.175346 0.227690
    48 3.471100 0.211189 0.574833 -0.194213 -0.103888 -0.872699
    49 1.897533 0.000000 0.000000 0.051947 0.088323 -1.093272
    50 1.014446 0.000003 0.000000 -0.002359 -0.009725 0.111690
    51 3.750099 0.116322 -0.429641 -0.183614 -0.067994 -1.128857
    52 2.258183 0.000000 0.000000 0.042077 0.053977 -0.662652
    53 1.210392 0.000001 0.000000 -0.001842 -0.011976 0.162659
    54 3.868322 -0.161243 -1.490733 -0.177010 -0.034210 -1.024999
    55 1.786068 0.000002 0.000000 -0.051298 -0.063999 -0.749967
    56 1.044445 0.000000 0.000000 -0.001333 -0.038512 0.149883
    57 1.121502 -1.347836 -1.035880 -1.045302 0.582555 0.243500
    58 1.928122 0.000000 -0.000002 -0.000025 0.188108 -0.446082
    59 1.285141 0.000000 -0.000002 -0.000058 0.040588 -0.886387
    60 11.768703 0.000000 -0.000008 0.242666 0.000000 0.000000
    61 5.884356 0.000000 -0.000004 0.128617 0.000000 0.000000
    62 11.679195 0.000000 0.000000 0.000000 0.000000 -0.161657
    63 7.023272 -6.880002 4.339547 2.620672 -1.456011 -1.105365
    64 -24.093750 -19.593750 -4.972656 2.947014 0.183745 1.727775
    65 0.000000 -0.000007 -0.000031 1.373047 0.113574 0.124314
    66 -0.000004 -0.000007 -0.000031 1.373047 0.113574 0.124314
    67 3.348999 -1.371000 0.725000 1.977842 -0.088017 1.557794
    68 2.856895 -1.536201 -0.973800 -1.501147 -0.272558 -1.578261
    69 -0.000004 0.000000 10.000000 0.000000 0.000000 0.000000
    70 0.018894 0.665159 9.395880 0.000000 0.000000 0.000000
    71 2.000008 -3.000000 0.000000 -1.570796 0.000000 -1.326450
    72 3.028210 -0.923410 -2.009452 1.574082 -0.012974 1.587243
    73 0.116953 4.311607 0.061859 0.000010 0.000000 0.000000
    74 -0.000002 0.000000 0.000001 0.000000 0.000000 0.000000
    75 0.000000 1.000000 0.000010 0.000000 0.000000 0.000000
    76 -0.000002 0.000000 0.000000 0.000000 0.000000 0.000000
    77 -0.000002 0.000000 0.000000 0.000000 0.000000 0.000000
    78 -0.000002 0.000000 0.000000 0.000000 0.000000 0.000000
time 22
    0 -1.794922 -7.972656 25.296875 1.624067 -0.049717 0.342702
    1 0.000000 4.246162 -0.018825 1.543108 -0.112569 1.542819
    2 4.195629 0.000000 0.000000 -0.025842 -0.021788 -0.164032
    3 3.883152 0.000001 0.000000 -0.025855 -0.013211 -0.033415
    4 5.985943 0.000002 0.000000 -0.028987 0.000404 0.460063
    5 4.268658 1.531896 -1.575000 1.539822 1.053549 -0.262546
    6 5.782729 0.000000 0.000001 3.032285 -0.134704 0.707707
    7 11.452759 0.000001 0.000000 0.000000 0.000000 -0.465074
    8 4.268658 1.531894 1.575000 -1.655589 -0.995959 -0.124281
    9 5.782726 0.000004 0.000001 -3.139304 0.025757 0.865042
    10 11.452763 0.000001 0.000004 0.000000 0.000000 -0.378639
    11 10.945534 -0.000007 -0.000034 1.303207 -0.231936 0.217380
    12 10.945518 -0.000005 0.000015 -1.350457 0.061823 0.191432
    13 -3.806942 0.000000 0.000000 -1.205838 -0.021877 -1.869560
    14 19.253841 0.000000 0.000000 0.000000 0.000000 0.025250
    15 6.694798 0.000000 0.000000 0.000000 0.000000 0.000000
    16 5.620499 0.000002 0.000000 2.901820 -0.031486 -0.243457
    17 4.684906 0.000002 0.000000 -0.185602 0.032086 1.135180
    18 19.263098 0.000000 0.000000 0.000000 0.000000 0.344677
    19 17.589096 0.000000 0.000000 0.064609 -0.326090 -0.772498
    20 6.240662 0.000000 0.000000 -0.112043 0.023826 -0.402022
    21 3.806942 0.000000 0.000000 -2.855050 -0.639856 -0.722380
    22 6.694801 0.000000 0.000000 0.000000 0.000000 0.000000
    23 19.253845 0.000000 0.000000 0.000000 0.000000 0.025253
    24 3.147137 0.005680 -1.551346 0.204908 0.143273 -0.954241
    25 1.585903 0.000000 0.000000 0.011390 0.016585 -0.964682
    26 0.849087 0.000002 0.000000 -0.054430 -0.175364 -0.012812
    27 3.471079 0.213264 -0.574066 0.197841 0.103922 -1.056897
    28 1.897533 -0.000002 0.000000 -0.051937 -0.088263 -1.080741
    29 1.014454 0.000002 0.000000 0.002346 0.009693 0.056304
    30 3.750082 0.114767 0.430058 0.187201 0.067923 -1.244533
    31 2.258186 0.000000 0.000000 -0.042022 -0.053930 -0.856641
    32 1.210384 0.000001 0.000000 0.001810 0.011981 0.157202
    33 3.868294 -0.166636 1.490141 0.180581 0.034246 -1.190451
    34 1.786068 0.000000 0.000000 0.051300 0.063943 -1.015925
    35 1.044434 -0.000002 0.000000 0.001325 0.038484 0.095729
    36 1.121473 -1.351564 1.030998 1.138475 -0.607693 0.231095
    37 1.928116 0.000000 0.000000 -0.090105 -0.188036 -0.457011
    38 1.285145 -0.000001 0.000000 -0.000005 -0.040574 -1.047036
    39 19.263105 0.000000 0.000000 0.000000 0.000000 1.217348
    40 17.589100 0.000000 0.000000 -0.395111 -0.004558 -0.872748
    41 6.240662 0.000000 0.000000 0.020414 -0.027691 -0.361148
    42 5.884350 0.000000 0.000004 -0.126310 0.000000 0.000000
    43 11.768705 0.000000 0.000000 -0.238428 0.000000 0.000000
    44 11.679195 0.000000 0.000008 0.000000 0.000000 -0.161658
    45 3.147156 0.000065 1.551354 -0.201298 -0.143284 -0.649417
    46 1.585903 0.000000 0.000000 -0.011409 -0.016643 -1.331409
    47 0.849087 0.000000 0.000000 0.054379 0.175346 0.227690
    48 3.471100 0.211189 0.574833 -0.194213 -0.103888 -0.872699
    49 1.897533 0.000000 0.000000 0.051947 0.088323 -1.093272
    50 1.014446 0.000003 0.000000 -0.002359 -0.009725 0.111690
    51 3.750099 0.116322 -0.429641 -0.183614 -0.067994 -1.128857
    52 2.258183 0.000000 0.000000 0.042077 0.053977 -0.662652
    53 1.210392 0.000001 0.000000 -0.001842 -0.011976 0.162659
    54 3.868322 -0.161243 -1.490733 -0.177010 -0.034210 -1.024999
    55 1.786068 0.000002 0.000000 -0.051298 -0.063999 -0.749967
    56 1.044445 0.000000 0.000000 -0.001333 -0.038512 0.149883
    57 1.121502 -1.347836 -1.035880 -1.045302 0.582555 0.243500
    58 1.928122 0.000000 -0.000002 -0.000025 0.188108 -0.446082
    59 1.285141 0.000000 -0.000002 -0.000058 0.040588 -0.886387
    60 11.768703 0.000000 -0.000008 0.242666 0.000000 0.000000
    61 5.884356 0.000000 -0.000004 0.128617 0.000000 0.000000
    62 11.679195 0.000000 0.000000 0.000000 0.000000 -0.161657
    63 7.023272 -6.880002 4.339547 2.620672 -1.456011 -1.105365
    64 -25.812500 -13.585938 -7.277344 2.932568 0.186742 1.738741
    65 0.000000 -0.000007 -0.000031 1.373047 0.113574 0.124314
    66 -0.000004 -0.000007 -0.000031 1.373047 0.113574 0.124314
    67 3.348999 -1.371000 0.725000 1.977842 -0.088017 1.557794
    68 2.856895 -1.536201 -0.973800 -1.501147 -0.272558 -1.578261
    69 -0.000004 0.000000 10.000000 0.000000 0.000000 0.000000
    70 0.018894 0.665159 9.395880 0.000000 0.000000 0.000000
    71 2.000008 -3.000000 0.000000 -1.570796 0.000000 -1.326450
    72 3.028210 -0.923410 -2.009452 1.574082 -0.012974 1.587243
    73 0.116953 4.311607 0.061859 0.000010 0.000000 0.000000
    74 -0.000002 0.000000 0.000001 0.000000 0.000000 0.000000
    75 0.000000 1.000000 0.000010 0.000000 0.000000 0.000000
    76 -0.000002 0.000000 0.000000 0.000000 0.000000 0.000000
    77 -0.000002 0.000000 0.000000 0.000000 0.000000 0.000000
    78 -0.000002 0.000000 0.000000 0.000000 0.000000 0.000000
time 23
    0 -1.806641 -7.921875 25.484375 1.615392 -0.036136 0.306670
    1 0.000000 4.246162 -0.018825 1.556155 -0.110836 1.548329
    2 4.195629 0.000000 0.000000 -0.013433 -0.015661 -0.164714
    3 3.883152 0.000001 0.000000 -0.013811 -0.005575 -0.032077
    4 5.985943 0.000002 0.000000 -0.013689 0.004383 0.463460
    5 4.268658 1.531896 -1.575000 1.493720 1.072169 -0.320157
    6 5.782729 0.000000 0.000001 3.070633 -0.086673 0.744490
    7 11.452759 0.000001 0.000000 0.000000 0.000000 -0.480969
    8 4.268658 1.531894 1.575000 -1.723286 -1.015659 -0.061451
    9 5.782726 0.000004 0.000001 -3.096146 0.023226 0.844131
    10 11.452763 0.000001 0.000004 0.000000 0.000000 -0.430633
    11 10.945534 -0.000007 -0.000034 1.288294 -0.246266 0.238290
    12 10.945518 -0.000005 0.000015 -1.385870 0.072687 0.219208
    13 -3.806942 0.000000 0.000000 -1.175300 0.007590 -1.900163
    14 19.253841 0.000000 0.000000 0.000000 0.000000 0.025250
    15 6.694798 0.000000 0.000000 0.000000 0.000000 0.000000
    16 5.620499 0.000002 0.000000 2.895672 -0.024566 -0.229663
    17 4.684906 0.000002 0.000000 -0.195689 0.039053 1.123204
    18 19.263098 0.000000 0.000000 0.000000 0.000000 0.355460
    19 17.589096 0.000000 0.000000 0.103718 -0.320963 -0.799584
    20 6.240662 0.000000 0.000000 -0.112058 0.023829 -0.410143
    21 3.806942 0.000000 0.000000 -2.877892 -0.588417 -0.743955
    22 6.694801 0.000000 0.000000 0.000000 0.000000 0.000000
    23 19.253845 0.000000 0.000000 0.000000 0.000000 0.025253
    24 3.147137 0.005680 -1.551346 0.204908 0.143273 -0.954241
    25 1.585903 0.000000 0.000000 0.011390 0.016585 -0.964682
    26 0.849087 0.000002 0.000000 -0.054430 -0.175364 -0.012812
    27 3.471079 0.213264 -0.574066 0.197841 0.103922 -1.056897
    28 1.897533 -0.000002 0.000000 -0.051937 -0.088263 -1.080741
    29 1.014454 0.000002 0.000000 0.002346 0.009693 0.056304
    30 3.750082 0.114767 0.430058 0.187201 0.067923 -1.244533
    31 2.258186 0.000000 0.000000 -0.042022 -0.053930 -0.856641
    32 1.210384 0.000001 0.000000 0.001810 0.011981 0.157202
    33 3.868294 -0.166636 1.490141 0.180581 0.034246 -1.190451
    34 1.786068 0.000000 0.000000 0.051300 0.063943 -1.015925
    35 1.044434 -0.000002 0.000000 0.001325 0.038484 0.095729
    36 1.121473 -1.351564 1.030998 1.138475 -0.607693 0.231095
    37 1.928116 0.000000 0.000000 -0.090105 -0.188036 -0.457011
    38 1.285145 -0.000001 0.000000 -0.000005 -0.040574 -1.047036
    39 19.263105 0.000000 0.000000 0.000000 0.000000 1.181894
    40 17.589100 0.000000 0.000000 -0.439593 -0.099657 -0.873271
    41 6.240662 0.000000 0.000000 0.020442 -0.027671 -0.363167
    42 5.884350 0.000000 0.000004 -0.126310 0.000000 0.000000
    43 11.768705 0.000000 0.000000 -0.238428 0.000000 0.000000
    44 11.679195 0.000000 0.000008 0.000000 0.000000 -0.161658
    45 3.147156 0.000065 1.551354 -0.201298 -0.143284 -0.649417
    46 1.585903 0.000000 0.000000 -0.011409 -0.016643 -1.331409
    47 0.849087 0.000000 0.000000 0.054379 0.175346 0.227690
    48 3.471100 0.211189 0.574833 -0.194213 -0.103888 -0.872699
    49 1.897533 0.000000 0.000000 0.051947 0.088323 -1.093272
    50 1.014446 0.000003 0.000000 -0.002359 -0.009725 0.111690
    51 3.750099 0.116322 -0.429641 -0.183614 -0.067994 -1.128857
    52 2.258183 0.000000 0.000000 0.042077 0.053977 -0.662652
    53 1.210392 0.000001 0.000000 -0.001842 -0.011976 0.162659
    54 3.868322 -0.161243 -1.490733 -0.177010 -0.034210 -1.024999
    55 1.786068 0.000002 0.000000 -0.051298 -0.063999 -0.749967
    56 1.044445 0.000000 0.000000 -0.001333 -0.038512 0.149883
    57 1.121502 -1.347836 -1.035880 -1.045302 0.582555 0.243500
    58 1.928122 0.000000 -0.000002 -0.000025 0.188108 -0.446082
    59 1.285141 0.000000 -0.000002 -0.000058 0.040588 -0.886387
    60 11.768703 0.000000 -0.000008 0.242666 0.000000 0.000000
    61 5.884356 0.000000 -0.000004 0.128617 0.000000 0.000000
    62 11.679195 0.000000 0.000000 0.000000 0.000000 -0.161657
    63 7.023272 -6.880002 4.339547 2.620672 -1.456011 -1.105365
    64 -26.765625 -7.109375 -6.242188 2.921460 0.211611 1.758878
    65 0.000000 -0.000007 -0.000031 1.373047 0.113574 0.124314
    66 -0.000004 -0.000007 -0.000031 1.373047 0.113574 0.124314
    67 3.348999 -1.371000 0.725000 1.977842 -0.088017 1.557794
    68 2.856895 -1.536201 -0.973800 -1.501147 -0.272558 -1.578261
    69 -0.000004 0.000000 10.000000 0.000000 0.000000 0.000000
    70 0.018894 0.665159 9.395880 0.000000 0.000000 0.000000
    71 2.000008 -3.000000 0.000000 -1.570796 0.000000 -1.326450
    72 3.028210 -0.923410 -2.009452 1.574082 -0.012974 1.587243
    73 0.116953 4.311607 0.061859 0.000010 0.000000 0.000000
    74 -0.000002 0.000000 0.000001 0.000000 0.000000 0.000000
    75 0.000000 1.000000 0.000010 0.000000 0.000000 0.000000
    76 -0.000002 0.000000 0.000000 0.000000 0.000000 0.000000
    77 -0.000002 0.000000 0.000000 0.000000 0.000000 0.000000
    78 -0.000002 0.000000 0.000000 0.000000 0.000000 0.000000
time 24
    0 -1.725586 -7.996094 25.734375 1.604155 -0.022852 0.258006
    1 0.000000 4.246162 -0.018825 1.566781 -0.105416 1.557157
    2 4.195629 0.000000 0.000000 -0.003321 -0.007903 -0.167657
    3 3.883152 0.000001 0.000000 -0.004079 0.001317 -0.031686
    4 5.985943 0.000002 0.000000 -0.001263 0.007397 0.465517
    5 4.268658 1.531896 -1.575000 1.472905 1.084667 -0.357109
    6 5.782729 0.000000 0.000001 3.082484 -0.028884 0.765894
    7 11.452759 0.000001 0.000000 0.000000 0.000000 -0.527235
    8 4.268658 1.531894 1.575000 -1.799749 -1.044127 0.026310
    9 5.782726 0.000004 0.000001 -2.992183 0.051503 0.823555
    10 11.452763 0.000001 0.000004 0.000000 0.000000 -0.488439
    11 10.945534 -0.000007 -0.000034 1.246951 -0.235004 0.251173
    12 10.945518 -0.000005 0.000015 -1.397718 0.083547 0.252056
    13 -3.806942 0.000000 0.000000 -1.167278 0.034540 -1.940137
    14 19.253841 0.000000 0.000000 0.000000 0.000000 0.025250
    15 6.694798 0.000000 0.000000 0.000000 0.000000 0.000000
    16 5.620499 0.000002 0.000000 2.892535 -0.013810 -0.200460
    17 4.684906 0.000002 0.000000 -0.204819 0.038613 1.103171
    18 19.263098 0.000000 0.000000 0.000000 0.000000 0.370468
    19 17.589096 0.000000 0.000000 0.144360 -0.302074 -0.804396
    20 6.240662 0.000000 0.000000 -0.112040 0.023841 -0.401758
    21 3.806942 0.000000 0.000000 -2.868102 -0.502747 -0.795155
    22 6.694801 0.000000 0.000000 0.000000 0.000000 0.000000
    23 19.253845 0.000000 0.000000 0.000000 0.000000 0.025253
    24 3.147137 0.005680 -1.551346 0.204908 0.143273 -0.954241
    25 1.585903 0.000000 0.000000 0.011390 0.016585 -0.964682
    26 0.849087 0.000002 0.000000 -0.054430 -0.175364 -0.012812
    27 3.471079 0.213264 -0.574066 0.197841 0.103922 -1.056897
    28 1.897533 -0.000002 0.000000 -0.051937 -0.088263 -1.080741
    29 1.014454 0.000002 0.000000 0.002346 0.009693 0.056304
    30 3.750082 0.114767 0.430058 0.187201 0.067923 -1.244533
    31 2.258186 0.000000 0.000000 -0.042022 -0.053930 -0.856641
    32 1.210384 0.000001 0.000000 0.001810 0.011981 0.157202
    33 3.868294 -0.166636 1.490141 0.180581 0.034246 -1.190451
    34 1.786068 0.000000 0.000000 0.051300 0.063943 -1.015925
    35 1.044434 -0.000002 0.000000 0.001325 0.038484 0.095729
    36 1.121473 -1.351564 1.030998 1.138475 -0.607693 0.231095
    37 1.928116 0.000000 0.000000 -0.090105 -0.188036 -0.457011
    38 1.285145 -0.000001 0.000000 -0.000005 -0.040574 -1.047036
    39 19.263105 0.000000 0.000000 0.000000 0.000000 1.090534
    40 17.589100 0.000000 0.000000 -0.419337 -0.036385 -0.859054
    41 6.240662 0.000000 0.000000 0.020423 -0.027685 -0.361762
    42 5.884350 0.000000 0.000004 -0.126310 0.000000 0.000000
    43 11.768705 0.000000 0.000000 -0.238428 0.000000 0.000000
    44 11.679195 0.000000 0.000008 0.000000 0.000000 -0.161658
    45 3.147156 0.000065 1.551354 -0.201298 -0.143284 -0.649417
    46 1.585903 0.000000 0.000000 -0.011409 -0.016643 -1.331409
    47 0.849087 0.000000 0.000000 0.054379 0.175346 0.227690
    48 3.471100 0.211189 0.574833 -0.194213 -0.103888 -0.872699
    49 1.897533 0.000000 0.000000 0.051947 0.088323 -1.093272
    50 1.014446 0.000003 0.000000 -0.002359 -0.009725 0.111690
    51 3.750099 0.116322 -0.429641 -0.183614 -0.067994 -1.128857
    52 2.258183 0.000000 0.000000 0.042077 0.053977 -0.662652
    53 1.210392 0.000001 0.000000 -0.001842 -0.011976 0.162659
    54 3.868322 -0.161243 -1.490733 -0.177010 -0.034210 -1.024999
    55 1.786068 0.000002 0.000000 -0.051298 -0.063999 -0.749967
    56 1.044445 0.000000 0.000000 -0.001333 -0.038512 0.149883
    57 1.121502 -1.347836 -1.035880 -1.045302 0.582555 0.243500
    58 1.928122 0.000000 -0.000002 -0.000025 0.188108 -0.446082
    59 1.285141 0.000000 -0.000002 -0.000058 0.040588 -0.886387
    60 11.768703 0.000000 -0.000008 0.242666 0.000000 0.000000
    61 5.884356 0.000000 -0.000004 0.128617 0.000000 0.000000
    62 11.679195 0.000000 0.000000 0.000000 0.000000 -0.161657
    63 7.023272 -6.880002 4.339547 2.620672 -1.456011 -1.105365
    64 -25.968750 -6.660156 -1.557617 2.916072 0.281716 1.777848
    65 0.000000 -0.000007 -0.000031 1.373047 0.113574 0.124314
    66 -0.000004 -0.000007 -0.000031 1.373047 0.113574 0.124314
    67 3.348999 -1.371000 0.725000 1.977842 -0.088017 1.557794
    68 2.856895 -1.536201 -0.973800 -1.501147 -0.272558 -1.578261
    69 -0.000004 0.000000 10.000000 0.000000 0.000000 0.000000
    70 0.018894 0.665159 9.395880 0.000000 0.000000 0.000000
    71 2.000008 -3.000000 0.000000 -1.570796 0.000000 -1.326450
    72 3.028210 -0.923410 -2.009452 1.574082 -0.012974 1.587243
    73 0.116953 4.311607 0.061859 0.000010 0.000000 0.000000
    74 -0.000002 0.000000 0.000001 0.000000 0.000000 0.000000
    75 0.000000 1.000000 0.000010 0.000000 0.000000 0.000000
    76 -0.000002 0.000000 0.000000 0.000000 0.000000 0.000000
    77 -0.000002 0.000000 0.000000 0.000000 0.000000 0.000000
    78 -0.000002 0.000000 0.000000 0.000000 0.000000 0.000000
time 25
    0 -1.663086 -8.093750 25.968750 1.589658 -0.005613 0.208473
    1 0.000000 4.246162 -0.018825 1.573966 -0.108878 1.569185
    2 4.195629 0.000000 0.000000 0.003011 0.001291 -0.166454
    3 3.883152 0.000001 0.000000 0.002284 0.007638 -0.035042
    4 5.985943 0.000002 0.000000 0.007296 0.010352 0.459268
    5 4.268658 1.531896 -1.575000 1.388826 1.104428 -0.436559
    6 5.782729 0.000000 0.000001 3.091458 0.022205 0.808579
    7 11.452759 0.000001 0.000000 0.000000 0.000000 -0.552584
    8 4.268658 1.531894 1.575000 -1.851880 -1.061122 0.096653
    9 5.782726 0.000004 0.000001 -2.893486 0.098703 0.794009
    10 11.452763 0.000001 0.000004 0.000000 0.000000 -0.537346
    11 10.945534 -0.000007 -0.000034 1.196274 -0.214881 0.257455
    12 10.945518 -0.000005 0.000015 -1.385779 0.093334 0.268562
    13 -3.806942 0.000000 0.000000 -1.185735 0.052961 -1.979809
    14 19.253841 0.000000 0.000000 0.000000 0.000000 0.025250
    15 6.694798 0.000000 0.000000 0.000000 0.000000 0.000000
    16 5.620499 0.000002 0.000000 2.888173 0.009030 -0.177604
    17 4.684906 0.000002 0.000000 -0.220821 0.025425 1.089150
    18 19.263098 0.000000 0.000000 0.000000 0.000000 0.386377
    19 17.589096 0.000000 0.000000 0.160615 -0.263515 -0.767237
    20 6.240662 0.000000 0.000000 -0.112093 0.023859 -0.396292
    21 3.806942 0.000000 0.000000 -2.813870 -0.409489 -0.871512
    22 6.694801 0.000000 0.000000 0.000000 0.000000 0.000000
    23 19.253845 0.000000 0.000000 0.000000 0.000000 0.025253
    24 3.147137 0.005680 -1.551346 0.204908 0.143273 -0.954241
    25 1.585903 0.000000 0.000000 0.011390 0.016585 -0.964682
    26 0.849087 0.000002 0.000000 -0.054430 -0.175364 -0.012812
    27 3.471079 0.213264 -0.574066 0.197841 0.103922 -1.056897
    28 1.897533 -0.000002 0.000000 -0.051937 -0.088263 -1.080741
    29 1.014454 0.000002 0.000000 0.002346 0.009693 0.056304
    30 3.750082 0.114767 0.430058 0.187201 0.067923 -1.244533
    31 2.258186 0.000000 0.000000 -0.042022 -0.053930 -0.856641
    32 1.210384 0.000001 0.000000 0.001810 0.011981 0.157202
    33 3.868294 -0.166636 1.490141 0.180581 0.034246 -1.190451
    34 1.786068 0.000000 0.000000 0.051300 0.063943 -1.015925
    35 1.044434 -0.000002 0.000000 0.001325 0.038484 0.095729
    36 1.121473 -1.351564 1.030998 1.138475 -0.607693 0.231095
    37 1.928116 0.000000 0.000000 -0.090105 -0.188036 -0.457011
    38 1.285145 -0.000001 0.000000 -0.000005 -0.040574 -1.047036
    39 19.263105 0.000000 0.000000 0.000000 0.000000 0.939180
    40 17.589100 0.000000 0.000000 -0.400958 0.107014 -0.811987
    41 6.240662 0.000000 0.000000 0.020414 -0.027741 -0.366152
    42 5.884350 0.000000 0.000004 -0.126310 0.000000 0.000000
    43 11.768705 0.000000 0.000000 -0.238428 0.000000 0.000000
    44 11.679195 0.000000 0.000008 0.000000 0.000000 -0.161658
    45 3.147156 0.000065 1.551354 -0.201298 -0.143284 -0.649417
    46 1.585903 0.000000 0.000000 -0.011409 -0.016643 -1.331409
    47 0.849087 0.000000 0.000000 0.054379 0.175346 0.227690
    48 3.471100 0.211189 0.574833 -0.194213 -0.103888 -0.872699
    49 1.897533 0.000000 0.000000 0.051947 0.088323 -1.093272
    50 1.014446 0.000003 0.000000 -0.002359 -0.009725 0.111690
    51 3.750099 0.116322 -0.429641 -0.183614 -0.067994 -1.128857
    52 2.258183 0.000000 0.000000 0.042077 0.053977 -0.662652
    53 1.210392 0.000001 0.000000 -0.001842 -0.011976 0.162659
    54 3.868322 -0.161243 -1.490733 -0.177010 -0.034210 -1.024999
    55 1.786068 0.000002 0.000000 -0.051298 -0.063999 -0.749967
    56 1.044445 0.000000 0.000000 -0.001333 -0.038512 0.149883
    57 1.121502 -1.347836 -1.035880 -1.045302 0.582555 0.243500
    58 1.928122 0.000000 -0.000002 -0.000025 0.188108 -0.446082
    59 1.285141 0.000000 -0.000002 -0.000058 0.040588 -0.886387
    60 11.768703 0.000000 -0.000008 0.242666 0.000000 0.000000
    61 5.884356 0.000000 -0.000004 0.128617 0.000000 0.000000
    62 11.679195 0.000000 0.000000 0.000000 0.000000 -0.161657
    63 7.023272 -6.880002 4.339547 2.620672 -1.456011 -1.105365
    64 -24.796875 -8.960938 3.623047 2.921419 0.350727 1.788987
    65 0.000000 -0.000007 -0.000031 1.373047 0.113574 0.124314
    66 -0.000004 -0.000007 -0.000031 1.373047 0.113574 0.124314
    67 3.348999 -1.371000 0.725000 1.977842 -0.088017 1.557794
    68 2.856895 -1.536201 -0.973800 -1.501147 -0.272558 -1.578261
    69 -0.000004 0.000000 10.000000 0.000000 0.000000 0.000000
    70 0.018894 0.665159 9.395880 0.000000 0.000000 0.000000
    71 2.000008 -3.000000 0.000000 -1.570796 0.000000 -1.326450
    72 3.028210 -0.923410 -2.009452 1.574082 -0.012974 1.587243
    73 0.116953 4.311607 0.061859 0.000010 0.000000 0.000000
    74 -0.000002 0.000000 0.000001 0.000000 0.000000 0.000000
    75 0.000000 1.000000 0.000010 0.000000 0.000000 0.000000
    76 -0.000002 0.000000 0.000000 0.000000 0.000000 0.000000
    77 -0.000002 0.000000 0.000000 0.000000 0.000000 0.000000
    78 -0.000002 0.000000 0.000000 0.000000 0.000000 0.000000
time 26
    0 -1.561523 -8.179688 26.109375 1.575919 0.019401 0.155746
    1 0.000000 4.246162 -0.018825 1.574446 -0.116054 1.586516
    2 4.195629 0.000000 0.000000 0.002783 0.012612 -0.162631
    3 3.883152 0.000001 0.000000 0.001901 0.014281 -0.036074
    4 5.985943 0.000002 0.000000 0.010135 0.016970 0.455341
    5 4.268658 1.531896 -1.575000 1.331900 1.098521 -0.495725
    6 5.782729 0.000000 0.000001 3.098135 0.064263 0.840790
    7 11.452759 0.000001 0.000000 0.000000 0.000000 -0.547919
    8 4.268658 1.531894 1.575000 -1.860981 -1.071079 0.114367
    9 5.782726 0.000004 0.000001 -2.928636 0.121982 0.755933
    10 11.452763 0.000001 0.000004 0.000000 0.000000 -0.547919
    11 10.945534 -0.000007 -0.000034 1.222795 -0.251393 0.305218
    12 10.945518 -0.000005 0.000015 -1.355827 0.100534 0.259973
    13 -3.806942 0.000000 0.000000 -1.232975 0.050693 -2.014189
    14 19.253841 0.000000 0.000000 0.000000 0.000000 0.025250
    15 6.694798 0.000000 0.000000 0.000000 0.000000 0.000000
    16 5.620499 0.000002 0.000000 2.871089 0.023216 -0.165656
    17 4.684906 0.000002 0.000000 -0.243372 0.021494 1.083283
    18 19.263098 0.000000 0.000000 0.000000 0.000000 0.398963
    19 17.589096 0.000000 0.000000 0.122466 -0.231665 -0.692949
    20 6.240662 0.000000 0.000000 -0.112033 0.023864 -0.389856
    21 3.806942 0.000000 0.000000 -2.735667 -0.312674 -0.957415
    22 6.694801 0.000000 0.000000 0.000000 0.000000 0.000000
    23 19.253845 0.000000 0.000000 0.000000 0.000000 0.025253
    24 3.147137 0.005680 -1.551346 0.204908 0.143273 -0.954241
    25 1.585903 0.000000 0.000000 0.011390 0.016585 -0.964682
    26 0.849087 0.000002 0.000000 -0.054430 -0.175364 -0.012812
    27 3.471079 0.213264 -0.574066 0.197841 0.103922 -1.056897
    28 1.897533 -0.000002 0.000000 -0.051937 -0.088263 -1.080741
    29 1.014454 0.000002 0.000000 0.002346 0.009693 0.056304
    30 3.750082 0.114767 0.430058 0.187201 0.067923 -1.244533
    31 2.258186 0.000000 0.000000 -0.042022 -0.053930 -0.856641
    32 1.210384 0.000001 0.000000 0.001810 0.011981 0.157202
    33 3.868294 -0.166636 1.490141 0.180581 0.034246 -1.190451
    34 1.786068 0.000000 0.000000 0.051300 0.063943 -1.015925
    35 1.044434 -0.000002 0.000000 0.001325 0.038484 0.095729
    36 1.121473 -1.351564 1.030998 1.138475 -0.607693 0.231095
    37 1.928116 0.000000 0.000000 -0.090105 -0.188036 -0.457011
    38 1.285145 -0.000001 0.000000 -0.000005 -0.040574 -1.047036
    39 19.263105 0.000000 0.000000 0.000000 0.000000 0.746587
    40 17.589100 0.000000 0.000000 -0.393572 0.219124 -0.760460
    41 6.240662 0.000000 0.000000 0.020427 -0.027665 -0.423295
    42 5.884350 0.000000 0.000004 -0.126310 0.000000 0.000000
    43 11.768705 0.000000 0.000000 -0.238428 0.000000 0.000000
    44 11.679195 0.000000 0.000008 0.000000 0.000000 -0.161658
    45 3.147156 0.000065 1.551354 -0.201298 -0.143284 -0.649417
    46 1.585903 0.000000 0.000000 -0.011409 -0.016643 -1.331409
    47 0.849087 0.000000 0.000000 0.054379 0.175346 0.227690
    48 3.471100 0.211189 0.574833 -0.194213 -0.103888 -0.872699
    49 1.897533 0.000000 0.000000 0.051947 0.088323 -1.093272
    50 1.014446 0.000003 0.000000 -0.002359 -0.009725 0.111690
    51 3.750099 0.116322 -0.429641 -0.183614 -0.067994 -1.128857
    52 2.258183 0.000000 0.000000 0.042077 0.053977 -0.662652
    53 1.210392 0.000001 0.000000 -0.001842 -0.011976 0.162659
    54 3.868322 -0.161243 -1.490733 -0.177010 -0.034210 -1.024999
    55 1.786068 0.000002 0.000000 -0.051298 -0.063999 -0.749967
    56 1.044445 0.000000 0.000000 -0.001333 -0.038512 0.149883
    57 1.121502 -1.347836 -1.035880 -1.045302 0.582555 0.243500
    58 1.928122 0.000000 -0.000002 -0.000025 0.188108 -0.446082
    59 1.285141 0.000000 -0.000002 -0.000058 0.040588 -0.886387
    60 11.768703 0.000000 -0.000008 0.242666 0.000000 0.000000
    61 5.884356 0.000000 -0.000004 0.128617 0.000000 0.000000
    62 11.679195 0.000000 0.000000 0.000000 0.000000 -0.161657
    63 7.023272 -6.880002 4.339547 2.620672 -1.456011 -1.105365
    64 -23.140625 -14.507813 7.867188 2.947879 0.277595 1.781941
    65 0.000000 -0.000007 -0.000031 1.373047 0.113574 0.124314
    66 -0.000004 -0.000007 -0.000031 1.373047 0.113574 0.124314
    67 3.348999 -1.371000 0.725000 1.977842 -0.088017 1.557794
    68 2.856895 -1.536201 -0.973800 -1.501147 -0.272558 -1.578261
    69 -0.000004 0.000000 10.000000 0.000000 0.000000 0.000000
    70 0.018894 0.665159 9.395880 0.000000 0.000000 0.000000
    71 2.000008 -3.000000 0.000000 -1.570796 0.000000 -1.326450
    72 3.028210 -0.923410 -2.009452 1.574082 -0.012974 1.587243
    73 0.116953 4.311607 0.061859 0.000010 0.000000 0.000000
    74 -0.000002 0.000000 0.000001 0.000000 0.000000 0.000000
    75 0.000000 1.000000 0.000010 0.000000 0.000000 0.000000
    76 -0.000002 0.000000 0.000000 0.000000 0.000000 0.000000
    77 -0.000002 0.000000 0.000000 0.000000 0.000000 0.000000
    78 -0.000002 0.000000 0.000000 0.000000 0.000000 0.000000
time 27
    0 -1.439453 -8.273438 26.093750 1.570097 0.050493 0.099910
    1 0.000000 4.246162 -0.018825 1.570317 -0.124222 1.604988
    2 4.195629 0.000000 0.000000 -0.002081 0.022957 -0.158349
    3 3.883152 0.000001 0.000000 -0.003011 0.017990 -0.037151
    4 5.985943 0.000002 0.000000 0.007289 0.022508 0.451006
    5 4.268658 1.531896 -1.575000 1.329894 1.069640 -0.514180
    6 5.782729 0.000000 0.000001 3.109156 0.106177 0.821883
    7 11.452759 0.000001 0.000000 0.000000 0.000000 -0.556084
    8 4.268658 1.531894 1.575000 -1.842857 -1.063828 0.097395
    9 5.782726 0.000004 0.000001 -3.062331 0.132438 0.705845
    10 11.452763 0.000001 0.000004 0.000000 0.000000 -0.567135
    11 10.945534 -0.000007 -0.000034 1.294213 -0.273013 0.286664
    12 10.945518 -0.000005 0.000015 -1.325852 0.112598 0.259220
    13 -3.806942 0.000000 0.000000 -1.293607 0.022736 -2.036273
    14 19.253841 0.000000 0.000000 0.000000 0.000000 0.025250
    15 6.694798 0.000000 0.000000 0.000000 0.000000 0.000000
    16 5.620499 0.000002 0.000000 2.863167 0.026121 -0.168436
    17 4.684906 0.000002 0.000000 -0.252112 0.024529 1.084803
    18 19.263098 0.000000 0.000000 0.000000 0.000000 0.404249
    19 17.589096 0.000000 0.000000 0.019085 -0.223606 -0.625322
    20 6.240662 0.000000 0.000000 -0.112072 0.023816 -0.372596
    21 3.806942 0.000000 0.000000 -2.614874 -0.229017 -1.038372
    22 6.694801 0.000000 0.000000 0.000000 0.000000 0.000000
    23 19.253845 0.000000 0.000000 0.000000 0.000000 0.025253
    24 3.147137 0.005680 -1.551346 0.204908 0.143273 -0.954241
    25 1.585903 0.000000 0.000000 0.011390 0.016585 -0.964682
    26 0.849087 0.000002 0.000000 -0.054430 -0.175364 -0.012812
    27 3.471079 0.213264 -0.574066 0.197841 0.103922 -1.056897
    28 1.897533 -0.000002 0.000000 -0.051937 -0.088263 -1.080741
    29 1.014454 0.000002 0.000000 0.002346 0.009693 0.056304
    30 3.750082 0.114767 0.430058 0.187201 0.067923 -1.244533
    31 2.258186 0.000000 0.000000 -0.042022 -0.053930 -0.856641
    32 1.210384 0.000001 0.000000 0.001810 0.011981 0.157202
    33 3.868294 -0.166636 1.490141 0.180581 0.034246 -1.190451
    34 1.786068 0.000000 0.000000 0.051300 0.063943 -1.015925
    35 1.044434 -0.000002 0.000000 0.001325 0.038484 0.095729
    36 1.121473 -1.351564 1.030998 1.138475 -0.607693 0.231095
    37 1.928116 0.000000 0.000000 -0.090105 -0.188036 -0.457011
    38 1.285145 -0.000001 0.000000 -0.000005 -0.040574 -1.047036
    39 19.263105 0.000000 0.000000 0.000000 0.000000 0.555725
    40 17.589100 0.000000 0.000000 -0.349124 0.230458 -0.750758
    41 6.240662 0.000000 0.000000 0.020419 -0.027681 -0.433632
    42 5.884350 0.000000 0.000004 -0.126310 0.000000 0.000000
    43 11.768705 0.000000 0.000000 -0.238428 0.000000 0.000000
    44 11.679195 0.000000 0.000008 0.000000 0.000000 -0.161658
    45 3.147156 0.000065 1.551354 -0.201298 -0.143284 -0.649417
    46 1.585903 0.000000 0.000000 -0.011409 -0.016643 -1.331409
    47 0.849087 0.000000 0.000000 0.054379 0.175346 0.227690
    48 3.471100 0.211189 0.574833 -0.194213 -0.103888 -0.872699
    49 1.897533 0.000000 0.000000 0.051947 0.088323 -1.093272
    50 1.014446 0.000003 0.000000 -0.002359 -0.009725 0.111690
    51 3.750099 0.116322 -0.429641 -0.183614 -0.067994 -1.128857
    52 2.258183 0.000000 0.000000 0.042077 0.053977 -0.662652
    53 1.210392 0.000001 0.000000 -0.001842 -0.011976 0.162659
    54 3.868322 -0.161243 -1.490733 -0.177010 -0.034210 -1.024999
    55 1.786068 0.000002 0.000000 -0.051298 -0.063999 -0.749967
    56 1.044445 0.000000 0.000000 -0.001333 -0.038512 0.149883
    57 1.121502 -1.347836 -1.035880 -1.045302 0.582555 0.243500
    58 1.928122 0.000000 -0.000002 -0.000025 0.188108 -0.446082
    59 1.285141 0.000000 -0.000002 -0.000058 0.040588 -0.886387
    60 11.768703 0.000000 -0.000008 0.242666 0.000000 0.000000
    61 5.884356 0.000000 -0.000004 0.128617 0.000000 0.000000
    62 11.679195 0.000000 0.000000 0.000000 0.000000 -0.161657
    63 7.023272 -6.880002 4.339547 2.620672 -1.456011 -1.105365
    64 -20.968750 -22.312500 5.171875 2.997539 0.092694 1.787081
    65 0.000000 -0.000007 -0.000031 1.373047 0.113574 0.124314
    66 -0.000004 -0.000007 -0.000031 1.373047 0.113574 0.124314
    67 3.348999 -1.371000 0.725000 1.977842 -0.088017 1.557794
    68 2.856895 -1.536201 -0.973800 -1.501147 -0.272558 -1.578261
    69 -0.000004 0.000000 10.000000 0.000000 0.000000 0.000000
    70 0.018894 0.665159 9.395880 0.000000 0.000000 0.000000
    71 2.000008 -3.000000 0.000000 -1.570796 0.000000 -1.326450
    72 3.028210 -0.923410 -2.009452 1.574082 -0.012974 1.587243
    73 0.116953 4.311607 0.061859 0.000010 0.000000 0.000000
    74 -0.000002 0.000000 0.000001 0.000000 0.000000 0.000000
    75 0.000000 1.000000 0.000010 0.000000 0.000000 0.000000
    76 -0.000002 0.000000 0.000000 0.000000 0.000000 0.000000
    77 -0.000002 0.000000 0.000000 0.000000 0.000000 0.000000
    78 -0.000002 0.000000 0.000000 0.000000 0.000000 0.000000
time 28
    0 -1.431641 -8.343750 26.015625 1.569868 0.087374 0.051483
    1 0.000000 4.246162 -0.018825 1.566780 -0.129726 1.616162
    2 4.195629 0.000000 0.000000 -0.005985 0.028974 -0.155734
    3 3.883152 0.000001 0.000000 -0.007353 0.023085 -0.038591
    4 5.985943 0.000002 0.000000 0.006923 0.032423 0.446728
    5 4.268658 1.531896 -1.575000 1.345714 1.040759 -0.518928
    6 5.782729 0.000000 0.000001 3.106602 0.143647 0.781587
    7 11.452759 0.000001 0.000000 0.000000 0.000000 -0.558059
    8 4.268658 1.531894 1.575000 -1.827574 -1.049484 0.086271
    9 5.782726 0.000004 0.000001 -3.016095 0.165998 0.691045
    10 11.452763 0.000001 0.000004 0.000000 0.000000 -0.573252
    11 10.945534 -0.000007 -0.000034 1.308199 -0.237331 0.239064
    12 10.945518 -0.000005 0.000015 -1.299973 0.123747 0.252834
    13 -3.806942 0.000000 0.000000 -1.339638 -0.015624 -2.041086
    14 19.253841 0.000000 0.000000 0.000000 0.000000 0.025250
    15 6.694798 0.000000 0.000000 0.000000 0.000000 0.000000
    16 5.620499 0.000002 0.000000 2.860800 0.026865 -0.172976
    17 4.684906 0.000002 0.000000 -0.255315 0.029940 1.087209
    18 19.263098 0.000000 0.000000 0.000000 0.000000 0.395705
    19 17.589096 0.000000 0.000000 -0.065567 -0.266022 -0.607705
    20 6.240662 0.000000 0.000000 -0.112018 0.023881 -0.361782
    21 3.806942 0.000000 0.000000 -2.426403 -0.169112 -1.104027
    22 6.694801 0.000000 0.000000 0.000000 0.000000 0.000000
    23 19.253845 0.000000 0.000000 0.000000 0.000000 0.025253
    24 3.147137 0.005680 -1.551346 0.204908 0.143273 -0.954241
    25 1.585903 0.000000 0.000000 0.011390 0.016585 -0.964682
    26 0.849087 0.000002 0.000000 -0.054430 -0.175364 -0.012812
    27 3.471079 0.213264 -0.574066 0.197841 0.103922 -1.056897
    28 1.897533 -0.000002 0.000000 -0.051937 -0.088263 -1.080741
    29 1.014454 0.000002 0.000000 0.002346 0.009693 0.056304
    30 3.750082 0.114767 0.430058 0.187201 0.067923 -1.244533
    31 2.258186 0.000000 0.000000 -0.042022 -0.053930 -0.856641
    32 1.210384 0.000001 0.000000 0.001810 0.011981 0.157202
    33 3.868294 -0.166636 1.490141 0.180581 0.034246 -1.190451
    34 1.786068 0.000000 0.000000 0.051300 0.063943 -1.015925
    35 1.044434 -0.000002 0.000000 0.001325 0.038484 0.095729
    36 1.121473 -1.351564 1.030998 1.138475 -0.607693 0.231095
    37 1.928116 0.000000 0.000000 -0.090105 -0.188036 -0.457011
    38 1.285145 -0.000001 0.000000 -0.000005 -0.040574 -1.047036
    39 19.263105 0.000000 0.000000 0.000000 0.000000 0.394649
    40 17.589100 0.000000 0.000000 -0.223686 0.088492 -0.710224
    41 6.240662 0.000000 0.000000 0.020454 -0.027736 -0.462323
    42 5.884350 0.000000 0.000004 -0.126310 0.000000 0.000000
    43 11.768705 0.000000 0.000000 -0.238428 0.000000 0.000000
    44 11.679195 0.000000 0.000008 0.000000 0.000000 -0.161658
    45 3.147156 0.000065 1.551354 -0.201298 -0.143284 -0.649417
    46 1.585903 0.000000 0.000000 -0.011409 -0.016643 -1.331409
    47 0.849087 0.000000 0.000000 0.054379 0.175346 0.227690
    48 3.471100 0.211189 0.574833 -0.194213 -0.103888 -0.872699
    49 1.897533 0.000000 0.000000 0.051947 0.088323 -1.093272
    50 1.014446 0.000003 0.000000 -0.002359 -0.009725 0.111690
    51 3.750099 0.116322 -0.429641 -0.183614 -0.067994 -1.128857
    52 2.258183 0.000000 0.000000 0.042077 0.053977 -0.662652
    53 1.210392 0.000001 0.000000 -0.001842 -0.011976 0.162659
    54 3.868322 -0.161243 -1.490733 -0.177010 -0.034210 -1.024999
    55 1.786068 0.000002 0.000000 -0.051298 -0.063999 -0.749967
    56 1.044445 0.000000 0.000000 -0.001333 -0.038512 0.149883
    57 1.121502 -1.347836 -1.035880 -1.045302 0.582555 0.243500
    58 1.928122 0.000000 -0.000002 -0.000025 0.188108 -0.446082
    59 1.285141 0.000000 -0.000002 -0.000058 0.040588 -0.886387
    60 11.768703 0.000000 -0.000008 0.242666 0.000000 0.000000
    61 5.884356 0.000000 -0.000004 0.128617 0.000000 0.000000
    62 11.679195 0.000000 0.000000 0.000000 0.000000 -0.161657
    63 7.023272 -6.880002 4.339547 2.620672 -1.456011 -1.105365
    64 -19.812500 -24.515625 1.040039 3.007756 0.087349 1.795423
    65 0.000000 -0.000007 -0.000031 1.373047 0.113574 0.124314
    66 -0.000004 -0.000007 -0.000031 1.373047 0.113574 0.124314
    67 3.348999 -1.371000 0.725000 1.977842 -0.088017 1.557794
    68 2.856895 -1.536201 -0.973800 -1.501147 -0.272558 -1.578261
    69 -0.000004 0.000000 10.000000 0.000000 0.000000 0.000000
    70 0.018894 0.665159 9.395880 0.000000 0.000000 0.000000
    71 2.000008 -3.000000 0.000000 -1.570796 0.000000 -1.326450
    72 3.028210 -0.923410 -2.009452 1.574082 -0.012974 1.587243
    73 0.116953 4.311607 0.061859 0.000010 0.000000 0.000000
    74 -0.000002 0.000000 0.000001 0.000000 0.000000 0.000000
    75 0.000000 1.000000 0.000010 0.000000 0.000000 0.000000
    76 -0.000002 0.000000 0.000000 0.000000 0.000000 0.000000
    77 -0.000002 0.000000 0.000000 0.000000 0.000000 0.000000
    78 -0.000002 0.000000 0.000000 0.000000 0.000000 0.000000
time 29
    0 -1.597656 -8.375000 25.890625 1.575873 0.120719 0.023671
    1 0.000000 4.246162 -0.018825 1.561764 -0.131166 1.615712
    2 4.195629 0.000000 0.000000 -0.010943 0.028155 -0.155715
    3 3.883152 0.000001 0.000000 -0.013004 0.027797 -0.040934
    4 5.985943 0.000002 0.000000 0.006375 0.045731 0.441686
    5 4.268658 1.531896 -1.575000 1.366640 1.021313 -0.503003
    6 5.782729 0.000000 0.000001 3.110030 0.164222 0.735391
    7 11.452759 0.000001 0.000000 0.000000 0.000000 -0.547740
    8 4.268658 1.531894 1.575000 -1.808955 -1.031075 0.084270
    9 5.782726 0.000004 0.000001 -2.940868 0.191910 0.702959
    10 11.452763 0.000001 0.000004 0.000000 0.000000 -0.551417
    11 10.945534 -0.000007 -0.000034 1.304563 -0.195533 0.184960
    12 10.945518 -0.000005 0.000015 -1.285366 0.131912 0.240556
    13 -3.806942 0.000000 0.000000 -1.364406 -0.048183 -2.037541
    14 19.253841 0.000000 0.000000 0.000000 0.000000 0.025250
    15 6.694798 0.000000 0.000000 0.000000 0.000000 0.000000
    16 5.620499 0.000002 0.000000 2.852133 0.020399 -0.175053
    17 4.684906 0.000002 0.000000 -0.259472 0.037573 1.088897
    18 19.263098 0.000000 0.000000 0.000000 0.000000 0.374509
    19 17.589096 0.000000 0.000000 -0.068220 -0.313423 -0.625856
    20 6.240662 0.000000 0.000000 -0.112050 0.023869 -0.355368
    21 3.806942 0.000000 0.000000 -2.188968 -0.131783 -1.156604
    22 6.694801 0.000000 0.000000 0.000000 0.000000 0.000000
    23 19.253845 0.000000 0.000000 0.000000 0.000000 0.025253
    24 3.147137 0.005680 -1.551346 0.204908 0.143273 -0.954241
    25 1.585903 0.000000 0.000000 0.011390 0.016585 -0.964682
    26 0.849087 0.000002 0.000000 -0.054430 -0.175364 -0.012812
    27 3.471079 0.213264 -0.574066 0.197841 0.103922 -1.056897
    28 1.897533 -0.000002 0.000000 -0.051937 -0.088263 -1.080741
    29 1.014454 0.000002 0.000000 0.002346 0.009693 0.056304
    30 3.750082 0.114767 0.430058 0.187201 0.067923 -1.244533
    31 2.258186 0.000000 0.000000 -0.042022 -0.053930 -0.856641
    32 1.210384 0.000001 0.000000 0.001810 0.011981 0.157202
    33 3.868294 -0.166636 1.490141 0.180581 0.034246 -1.190451
    34 1.786068 0.000000 0.000000 0.051300 0.063943 -1.015925
    35 1.044434 -0.000002 0.000000 0.001325 0.038484 0.095729
    36 1.121473 -1.351564 1.030998 1.138475 -0.607693 0.231095
    37 1.928116 0.000000 0.000000 -0.090105 -0.188036 -0.457011
    38 1.285145 -0.000001 0.000000 -0.000005 -0.040574 -1.047036
    39 19.263105 0.000000 0.000000 0.000000 0.000000 0.300683
    40 17.589100 0.000000 0.000000 -0.173534 -0.122419 -0.661989
    41 6.240662 0.000000 0.000000 0.020446 -0.027673 -0.446372
    42 5.884350 0.000000 0.000004 -0.126310 0.000000 0.000000
    43 11.768705 0.000000 0.000000 -0.238428 0.000000 0.000000
    44 11.679195 0.000000 0.000008 0.000000 0.000000 -0.161658
    45 3.147156 0.000065 1.551354 -0.201298 -0.143284 -0.649417
    46 1.585903 0.000000 0.000000 -0.011409 -0.016643 -1.331409
    47 0.849087 0.000000 0.000000 0.054379 0.175346 0.227690
    48 3.471100 0.211189 0.574833 -0.194213 -0.103888 -0.872699
    49 1.897533 0.000000 0.000000 0.051947 0.088323 -1.093272
    50 1.014446 0.000003 0.000000 -0.002359 -0.009725 0.111690
    51 3.750099 0.116322 -0.429641 -0.183614 -0.067994 -1.128857
    52 2.258183 0.000000 0.000000 0.042077 0.053977 -0.662652
    53 1.210392 0.000001 0.000000 -0.001842 -0.011976 0.162659
    54 3.868322 -0.161243 -1.490733 -0.177010 -0.034210 -1.024999
    55 1.786068 0.000002 0.000000 -0.051298 -0.063999 -0.749967
    56 1.044445 0.000000 0.000000 -0.001333 -0.038512 0.149883
    57 1.121502 -1.347836 -1.035880 -1.045302 0.582555 0.243500
    58 1.928122 0.000000 -0.000002 -0.000025 0.188108 -0.446082
    59 1.285141 0.000000 -0.000002 -0.000058 0.040588 -0.886387
    60 11.768703 0.000000 -0.000008 0.242666 0.000000 0.000000
    61 5.884356 0.000000 -0.000004 0.128617 0.000000 0.000000
    62 11.679195 0.000000 0.000000 0.000000 0.000000 -0.161657
    63 7.023272 -6.880002 4.339547 2.620672 -1.456011 -1.105365
    64 -19.843750 -21.109375 -3.001953 2.997491 0.117725 1.790314
    65 0.000000 -0.000007 -0.000031 1.373047 0.113574 0.124314
    66 -0.000004 -0.000007 -0.000031 1.373047 0.113574 0.124314
    67 3.348999 -1.371000 0.725000 1.977842 -0.088017 1.557794
    68 2.856895 -1.536201 -0.973800 -1.501147 -0.272558 -1.578261
    69 -0.000004 0.000000 10.000000 0.000000 0.000000 0.000000
    70 0.018894 0.665159 9.395880 0.000000 0.000000 0.000000
    71 2.000008 -3.000000 0.000000 -1.570796 0.000000 -1.326450
    72 3.028210 -0.923410 -2.009452 1.574082 -0.012974 1.587243
    73 0.116953 4.311607 0.061859 0.000010 0.000000 0.000000
    74 -0.000002 0.000000 0.000001 0.000000 0.000000 0.000000
    75 0.000000 1.000000 0.000010 0.000000 0.000000 0.000000
    76 -0.000002 0.000000 0.000000 0.000000 0.000000 0.000000
    77 -0.000002 0.000000 0.000000 0.000000 0.000000 0.000000
    78 -0.000002 0.000000 0.000000 0.000000 0.000000 0.000000
time 30
    0 -1.902344 -8.351563 25.796875 1.590319 0.148712 0.023229
    1 0.000000 4.246162 -0.018825 1.551066 -0.131358 1.607167
    2 4.195629 0.000000 0.000000 -0.021334 0.022488 -0.156495
    3 3.883152 0.000001 0.000000 -0.024073 0.029682 -0.045086
    4 5.985943 0.000002 0.000000 -0.001177 0.057638 0.433876
    5 4.268658 1.531896 -1.575000 1.423244 1.018552 -0.445428
    6 5.782729 0.000000 0.000001 3.104820 0.162834 0.676968
    7 11.452759 0.000001 0.000000 0.000000 0.000000 -0.546485
    8 4.268658 1.531894 1.575000 -1.773361 -1.034205 0.055282
    9 5.782726 0.000004 0.000001 -2.995911 0.180774 0.760618
    10 11.452763 0.000001 0.000004 0.000000 0.000000 -0.507144
    11 10.945534 -0.000007 -0.000034 1.348011 -0.168047 0.137747
    12 10.945518 -0.000005 0.000015 -1.273176 0.137068 0.227644
    13 -3.806942 0.000000 0.000000 -1.361442 -0.073379 -2.027004
    14 19.253841 0.000000 0.000000 0.000000 0.000000 0.025250
    15 6.694798 0.000000 0.000000 0.000000 0.000000 0.000000
    16 5.620499 0.000002 0.000000 2.863296 0.009559 -0.177474
    17 4.684906 0.000002 0.000000 -0.244231 0.042491 1.090016
    18 19.263098 0.000000 0.000000 0.000000 0.000000 0.355021
    19 17.589096 0.000000 0.000000 -0.039183 -0.320192 -0.637697
    20 6.240662 0.000000 0.000000 -0.112098 0.023872 -0.353525
    21 3.806942 0.000000 0.000000 -2.044582 -0.116331 -1.192080
    22 6.694801 0.000000 0.000000 0.000000 0.000000 0.000000
    23 19.253845 0.000000 0.000000 0.000000 0.000000 0.025253
    24 3.147137 0.005680 -1.551346 0.204908 0.143273 -0.954241
    25 1.585903 0.000000 0.000000 0.011390 0.016585 -0.964682
    26 0.849087 0.000002 0.000000 -0.054430 -0.175364 -0.012812
    27 3.471079 0.213264 -0.574066 0.197841 0.103922 -1.056897
    28 1.897533 -0.000002 0.000000 -0.051937 -0.088263 -1.080741
    29 1.014454 0.000002 0.000000 0.002346 0.009693 0.056304
    30 3.750082 0.114767 0.430058 0.187201 0.067923 -1.244533
    31 2.258186 0.000000 0.000000 -0.042022 -0.053930 -0.856641
    32 1.210384 0.000001 0.000000 0.001810 0.011981 0.157202
    33 3.868294 -0.166636 1.490141 0.180581 0.034246 -1.190451
    34 1.786068 0.000000 0.000000 0.051300 0.063943 -1.015925
    35 1.044434 -0.000002 0.000000 0.001325 0.038484 0.095729
    36 1.121473 -1.351564 1.030998 1.138495 -0.607770 0.231042
    37 1.928116 0.000000 0.000000 -0.090105 -0.188036 -0.457011
    38 1.285145 -0.000001 0.000000 -0.000005 -0.040574 -1.047036
    39 19.263105 0.000000 0.000000 0.000000 0.000000 0.261100
    40 17.589100 0.000000 0.000000 -0.129073 -0.166943 -0.652231
    41 6.240662 0.000000 0.000000 0.020402 -0.027719 -0.404504
    42 5.884350 0.000000 0.000004 -0.126310 0.000000 0.000000
    43 11.768705 0.000000 0.000000 -0.238428 0.000000 0.000000
    44 11.679195 0.000000 0.000008 0.000000 0.000000 -0.161658
    45 3.147156 0.000065 1.551354 -0.201298 -0.143284 -0.649417
    46 1.585903 0.000000 0.000000 -0.011409 -0.016643 -1.331409
    47 0.849087 0.000000 0.000000 0.054379 0.175346 0.227690
    48 3.471100 0.211189 0.574833 -0.194213 -0.103888 -0.872699
    49 1.897533 0.000000 0.000000 0.051947 0.088323 -1.093272
    50 1.014446 0.000003 0.000000 -0.002359 -0.009725 0.111690
    51 3.750099 0.116322 -0.429641 -0.183614 -0.067994 -1.128857
    52 2.258183 0.000000 0.000000 0.042077 0.053977 -0.662652
    53 1.210392 0.000001 0.000000 -0.001842 -0.011976 0.162659
    54 3.868322 -0.161243 -1.490733 -0.177010 -0.034210 -1.024999
    55 1.786068 0.000002 0.000000 -0.051298 -0.063999 -0.749967
    56 1.044445 0.000000 0.000000 -0.001333 -0.038512 0.149883
    57 1.121502 -1.347836 -1.035880 -1.045302 0.582555 0.243500
    58 1.928122 0.000000 -0.000002 -0.000025 0.188108 -0.446082
    59 1.285141 0.000000 -0.000002 -0.000058 0.040588 -0.886387
    60 11.768703 0.000000 -0.000008 0.242666 0.000000 0.000000
    61 5.884356 0.000000 -0.000004 0.128617 0.000000 0.000000
    62 11.679195 0.000000 0.000000 0.000000 0.000000 -0.161657
    63 7.023272 -6.880002 4.339547 2.620672 -1.456011 -1.105365
    64 -20.625000 -13.187500 -6.125000 3.015523 0.024260 1.780938
    65 0.000000 -0.000007 -0.000031 1.373047 0.113574 0.124314
    66 -0.000004 -0.000007 -0.000031 1.373047 0.113574 0.124314
    67 3.348999 -1.371000 0.725000 1.977842 -0.088017 1.557794
    68 2.856895 -1.536201 -0.973800 -1.501147 -0.272558 -1.578261
    69 -0.000004 0.000000 10.000000 0.000000 0.000000 0.000000
    70 0.018894 0.665159 9.395880 0.000000 0.000000 0.000000
    71 2.000008 -3.000000 0.000000 -1.570796 0.000000 -1.326450
    72 3.028210 -0.923410 -2.009452 1.574082 -0.012974 1.587243
    73 0.116953 4.311607 0.061859 0.000010 0.000000 0.000000
    74 -0.000002 0.000000 0.000001 0.000000 0.000000 0.000000
    75 0.000000 1.000000 0.000010 0.000000 0.000000 0.000000
    76 -0.000002 0.000000 0.000000 0.000000 0.000000 0.000000
    77 -0.000002 0.000000 0.000000 0.000000 0.000000 0.000000
    78 -0.000002 0.000000 0.000000 0.000000 0.000000 0.000000
time 31
    0 -2.263672 -8.281250 25.656250 1.606778 0.180997 0.043054
    1 0.000000 4.246162 -0.018825 1.540090 -0.131579 1.606129
    2 4.195629 0.000000 0.000000 -0.032055 0.019998 -0.156845
    3 3.883152 0.000001 0.000000 -0.035349 0.029633 -0.048366
    4 5.985943 0.000002 0.000000 -0.010353 0.065944 0.427088
    5 4.268658 1.531896 -1.575000 1.457654 1.010859 -0.407497
    6 5.782729 0.000000 0.000001 3.075824 0.150174 0.622432
    7 11.452759 0.000001 0.000000 0.000000 0.000000 -0.532513
    8 4.268658 1.531894 1.575000 -1.681263 -1.029778 -0.020394
    9 5.782726 0.000004 0.000001 -3.016880 0.180267 0.820053
    10 11.452763 0.000001 0.000004 0.000000 0.000000 -0.450803
    11 10.945534 -0.000007 -0.000034 1.358515 -0.154241 0.122350
    12 10.945518 -0.000005 0.000015 -1.247636 0.135944 0.202632
    13 -3.806942 0.000000 0.000000 -1.344110 -0.088618 -2.004543
    14 19.253841 0.000000 0.000000 0.000000 0.000000 0.025250
    15 6.694798 0.000000 0.000000 0.000000 0.000000 0.000000
    16 5.620499 0.000002 0.000000 2.877110 -0.008616 -0.183917
    17 4.684906 0.000002 0.000000 -0.223305 0.055036 1.089986
    18 19.263098 0.000000 0.000000 0.000000 0.000000 0.335480
    19 17.589096 0.000000 0.000000 -0.004341 -0.296745 -0.635326
    20 6.240662 0.000000 0.000000 -0.112069 0.023869 -0.360201
    21 3.806942 0.000000 0.000000 -1.998605 -0.105499 -1.214850
    22 6.694801 0.000000 0.000000 0.000000 0.000000 0.000000
    23 19.253845 0.000000 0.000000 0.000000 0.000000 0.025253
    24 3.147137 0.005680 -1.551346 0.204908 0.143273 -0.954241
    25 1.585903 0.000000 0.000000 0.011390 0.016585 -0.964682
    26 0.849087 0.000002 0.000000 -0.054430 -0.175364 -0.012812
    27 3.471079 0.213264 -0.574066 0.197841 0.103922 -1.056897
    28 1.897533 -0.000002 0.000000 -0.051937 -0.088263 -1.080741
    29 1.014454 0.000002 0.000000 0.002346 0.009693 0.056304
    30 3.750082 0.114767 0.430058 0.187201 0.067923 -1.244533
    31 2.258186 0.000000 0.000000 -0.042022 -0.053930 -0.856641
    32 1.210384 0.000001 0.000000 0.001810 0.011981 0.157202
    33 3.868294 -0.166636 1.490141 0.180581 0.034246 -1.190451
    34 1.786068 0.000000 0.000000 0.051300 0.063943 -1.015925
    35 1.044434 -0.000002 0.000000 0.001325 0.038484 0.095729
    36 1.121473 -1.351564 1.030998 1.138495 -0.607770 0.231042
    37 1.928116 0.000000 0.000000 -0.090105 -0.188036 -0.457011
    38 1.285145 -0.000001 0.000000 -0.000005 -0.040574 -1.047036
    39 19.263105 0.000000 0.000000 0.000000 0.000000 0.216757
    40 17.589100 0.000000 0.000000 -0.078267 -0.005955 -0.649762
    41 6.240662 0.000000 0.000000 0.020408 -0.027728 -0.465073
    42 5.884350 0.000000 0.000004 -0.126310 0.000000 0.000000
    43 11.768705 0.000000 0.000000 -0.238428 0.000000 0.000000
    44 11.679195 0.000000 0.000008 0.000000 0.000000 -0.161658
    45 3.147156 0.000065 1.551354 -0.201298 -0.143284 -0.649417
    46 1.585903 0.000000 0.000000 -0.011409 -0.016643 -1.331409
    47 0.849087 0.000000 0.000000 0.054379 0.175346 0.227690
    48 3.471100 0.211189 0.574833 -0.194213 -0.103888 -0.872699
    49 1.897533 0.000000 0.000000 0.051947 0.088323 -1.093272
    50 1.014446 0.000003 0.000000 -0.002359 -0.009725 0.111690
    51 3.750099 0.116322 -0.429641 -0.183614 -0.067994 -1.128857
    52 2.258183 0.000000 0.000000 0.042077 0.053977 -0.662652
    53 1.210392 0.000001 0.000000 -0.001842 -0.011976 0.162659
    54 3.868322 -0.161243 -1.490733 -0.177010 -0.034210 -1.024999
    55 1.786068 0.000002 0.000000 -0.051298 -0.063999 -0.749967
    56 1.044445 0.000000 0.000000 -0.001333 -0.038512 0.149883
    57 1.121502 -1.347836 -1.035880 -1.045302 0.582555 0.243500
    58 1.928122 0.000000 -0.000002 -0.000025 0.188108 -0.446082
    59 1.285141 0.000000 -0.000002 -0.000058 0.040588 -0.886387
    60 11.768703 0.000000 -0.000008 0.242666 0.000000 0.000000
    61 5.884356 0.000000 -0.000004 0.128617 0.000000 0.000000
    62 11.679195 0.000000 0.000000 0.000000 0.000000 -0.161657
    63 7.023272 -6.880002 4.339547 2.620672 -1.456011 -1.105365
    64 -20.234375 -5.800781 -1.805664 3.027448 0.010060 1.769870
    65 0.000000 -0.000007 -0.000031 1.373047 0.113574 0.124314
    66 -0.000004 -0.000007 -0.000031 1.373047 0.113574 0.124314
    67 3.348999 -1.371000 0.725000 1.977842 -0.088017 1.557794
    68 2.856895 -1.536201 -0.973800 -1.501147 -0.272558 -1.578261
    69 -0.000004 0.000000 10.000000 0.000000 0.000000 0.000000
    70 0.018894 0.665159 9.395880 0.000000 0.000000 0.000000
    71 2.000008 -3.000000 0.000000 -1.570796 0.000000 -1.326450
    72 3.028210 -0.923410 -2.009452 1.574082 -0.012974 1.587243
    73 0.116953 4.311607 0.061859 0.000010 0.000000 0.000000
    74 -0.000002 0.000000 0.000001 0.000000 0.000000 0.000000
    75 0.000000 1.000000 0.000010 0.000000 0.000000 0.000000
    76 -0.000002 0.000000 0.000000 0.000000 0.000000 0.000000
    77 -0.000002 0.000000 0.000000 0.000000 0.000000 0.000000
    78 -0.000002 0.000000 0.000000 0.000000 0.000000 0.000000
time 32
    0 -2.621094 -8.179688 25.562500 1.625851 0.202262 0.079160
    1 0.000000 4.246162 -0.018825 1.537152 -0.127229 1.604603
    2 4.195629 0.000000 0.000000 -0.034900 0.018438 -0.159100
    3 3.883152 0.000001 0.000000 -0.038179 0.028877 -0.048221
    4 5.985943 0.000002 0.000000 -0.012956 0.067312 0.427625
    5 4.268658 1.531896 -1.575000 1.417737 0.999676 -0.430133
    6 5.782729 0.000000 0.000001 3.066239 0.126952 0.573950
    7 11.452759 0.000001 0.000000 0.000000 0.000000 -0.527951
    8 4.268658 1.531894 1.575000 -1.648153 -0.984136 -0.042183
    9 5.782726 0.000004 0.000001 -3.033584 0.189254 0.820388
    10 11.452763 0.000001 0.000004 0.000000 0.000000 -0.426746
    11 10.945534 -0.000007 -0.000034 1.357169 -0.134472 0.114158
    12 10.945518 -0.000005 0.000015 -1.237078 0.133667 0.190364
    13 -3.806942 0.000000 0.000000 -1.318636 -0.097018 -1.987086
    14 19.253841 0.000000 0.000000 0.000000 0.000000 0.025250
    15 6.694798 0.000000 0.000000 0.000000 0.000000 0.000000
    16 5.620499 0.000002 0.000000 2.869509 -0.027853 -0.195193
    17 4.684906 0.000002 0.000000 -0.220662 0.073909 1.099886
    18 19.263098 0.000000 0.000000 0.000000 0.000000 0.319118
    19 17.589096 0.000000 0.000000 0.000428 -0.282890 -0.631790
    20 6.240662 0.000000 0.000000 -0.112010 0.023832 -0.357825
    21 3.806942 0.000000 0.000000 -2.052783 -0.097025 -1.244835
    22 6.694801 0.000000 0.000000 0.000000 0.000000 0.000000
    23 19.253845 0.000000 0.000000 0.000000 0.000000 0.025253
    24 3.147137 0.005680 -1.551346 0.204908 0.143273 -0.954241
    25 1.585903 0.000000 0.000000 0.011390 0.016585 -0.964682
    26 0.849087 0.000002 0.000000 -0.054430 -0.175364 -0.012812
    27 3.471079 0.213264 -0.574066 0.197841 0.103922 -1.056897
    28 1.897533 -0.000002 0.000000 -0.051937 -0.088263 -1.080741
    29 1.014454 0.000002 0.000000 0.002346 0.009693 0.056304
    30 3.750082 0.114767 0.430058 0.187201 0.067923 -1.244533
    31 2.258186 0.000000 0.000000 -0.042022 -0.053930 -0.856641
    32 1.210384 0.000001 0.000000 0.001810 0.011981 0.157202
    33 3.868294 -0.166636 1.490141 0.180581 0.034246 -1.190451
    34 1.786068 0.000000 0.000000 0.051300 0.063943 -1.015925
    35 1.044434 -0.000002 0.000000 0.001325 0.038484 0.095729
    36 1.121473 -1.351564 1.030998 1.138495 -0.607770 0.231042
    37 1.928116 0.000000 0.000000 -0.090105 -0.188036 -0.457011
    38 1.285145 -0.000001 0.000000 -0.000005 -0.040574 -1.047036
    39 19.263105 0.000000 0.000000 0.000000 0.000000 0.165763
    40 17.589100 0.000000 0.000000 0.071485 0.189821 -0.584072
    41 6.240662 0.000000 0.000000 0.020414 -0.027723 -0.465516
    42 5.884350 0.000000 0.000004 -0.126310 0.000000 0.000000
    43 11.768705 0.000000 0.000000 -0.238428 0.000000 0.000000
    44 11.679195 0.000000 0.000008 0.000000 0.000000 -0.161658
    45 3.147156 0.000065 1.551354 -0.201298 -0.143284 -0.649417
    46 1.585903 0.000000 0.000000 -0.011409 -0.016643 -1.331409
    47 0.849087 0.000000 0.000000 0.054379 0.175346 0.227690
    48 3.471100 0.211189 0.574833 -0.194213 -0.103888 -0.872699
    49 1.897533 0.000000 0.000000 0.051947 0.088323 -1.093272
    50 1.014446 0.000003 0.000000 -0.002359 -0.009725 0.111690
    51 3.750099 0.116322 -0.429641 -0.183614 -0.067994 -1.128857
    52 2.258183 0.000000 0.000000 0.042077 0.053977 -0.662652
    53 1.210392 0.000001 0.000000 -0.001842 -0.011976 0.162659
    54 3.868322 -0.161243 -1.490733 -0.177010 -0.034210 -1.024999
    55 1.786068 0.000002 0.000000 -0.051298 -0.063999 -0.749967
    56 1.044445 0.000000 0.000000 -0.001333 -0.038512 0.149883
    57 1.121502 -1.347836 -1.035880 -1.045302 0.582555 0.243500
    58 1.928122 0.000000 -0.000002 -0.000025 0.188108 -0.446082
    59 1.285141 0.000000 -0.000002 -0.000058 0.040588 -0.886387
    60 11.768703 0.000000 -0.000008 0.242666 0.000000 0.000000
    61 5.884356 0.000000 -0.000004 0.128617 0.000000 0.000000
    62 11.679195 0.000000 0.000000 0.000000 0.000000 -0.161657
    63 7.023272 -6.880002 4.339547 2.620672 -1.456011 -1.105365
    64 -18.468750 -4.000000 4.269531 3.027990 0.021268 1.765947
    65 0.000000 -0.000007 -0.000031 1.373047 0.113574 0.124314
    66 -0.000004 -0.000007 -0.000031 1.373047 0.113574 0.124314
    67 3.348999 -1.371000 0.725000 1.977842 -0.088017 1.557794
    68 2.856895 -1.536201 -0.973800 -1.501147 -0.272558 -1.578261
    69 -0.000004 0.000000 10.000000 0.000000 0.000000 0.000000
    70 0.018894 0.665159 9.395880 0.000000 0.000000 0.000000
    71 2.000008 -3.000000 0.000000 -1.570796 0.000000 -1.326450
    72 3.028210 -0.923410 -2.009452 1.574082 -0.012974 1.587243
    73 0.116953 4.311607 0.061859 0.000010 0.000000 0.000000
    74 -0.000002 0.000000 0.000001 0.000000 0.000000 0.000000
    75 0.000000 1.000000 0.000010 0.000000 0.000000 0.000000
    76 -0.000002 0.000000 0.000000 0.000000 0.000000 0.000000
    77 -0.000002 0.000000 0.000000 0.000000 0.000000 0.000000
    78 -0.000002 0.000000 0.000000 0.000000 0.000000 0.000000
time 33
    0 -2.900391 -8.070313 25.500000 1.641809 0.210559 0.126213
    1 0.000000 4.246162 -0.018825 1.538858 -0.126563 1.609486
    2 4.195629 0.000000 0.000000 -0.033529 0.020704 -0.159645
    3 3.883152 0.000001 0.000000 -0.036425 0.027083 -0.049458
    4 5.985943 0.000002 0.000000 -0.012966 0.062769 0.424794
    5 4.268658 1.531896 -1.575000 1.373374 0.992533 -0.465623
    6 5.782729 0.000000 0.000001 3.056815 0.101962 0.554721
    7 11.452759 0.000001 0.000000 0.000000 0.000000 -0.529113
    8 4.268658 1.531894 1.575000 -1.646919 -0.957272 -0.033094
    9 5.782726 0.000004 0.000001 -3.049472 0.197618 0.820408
    10 11.452763 0.000001 0.000004 0.000000 0.000000 -0.399492
    11 10.945534 -0.000007 -0.000034 1.342927 -0.131154 0.114322
    12 10.945518 -0.000005 0.000015 -1.241176 0.126494 0.213191
    13 -3.806942 0.000000 0.000000 -1.297402 -0.096454 -1.978598
    14 19.253841 0.000000 0.000000 0.000000 0.000000 0.025250
    15 6.694798 0.000000 0.000000 0.000000 0.000000 0.000000
    16 5.620499 0.000002 0.000000 2.844255 -0.049859 -0.204493
    17 4.684906 0.000002 0.000000 -0.232120 0.100625 1.110471
    18 19.263098 0.000000 0.000000 0.000000 0.000000 0.304612
    19 17.589096 0.000000 0.000000 0.014413 -0.282410 -0.637627
    20 6.240662 0.000000 0.000000 -0.112067 0.023861 -0.352206
    21 3.806942 0.000000 0.000000 -2.124231 -0.090129 -1.286903
    22 6.694801 0.000000 0.000000 0.000000 0.000000 0.000000
    23 19.253845 0.000000 0.000000 0.000000 0.000000 0.025253
    24 3.147137 0.005680 -1.551346 0.204908 0.143273 -0.954241
    25 1.585903 0.000000 0.000000 0.011390 0.016585 -0.964682
    26 0.849087 0.000002 0.000000 -0.054430 -0.175364 -0.012812
    27 3.471079 0.213264 -0.574066 0.197841 0.103922 -1.056897
    28 1.897533 -0.000002 0.000000 -0.051937 -0.088263 -1.080741
    29 1.014454 0.000002 0.000000 0.002346 0.009693 0.056304
    30 3.750082 0.114767 0.430058 0.187201 0.067923 -1.244533
    31 2.258186 0.000000 0.000000 -0.042022 -0.053930 -0.856641
    32 1.210384 0.000001 0.000000 0.001810 0.011981 0.157202
    33 3.868294 -0.166636 1.490141 0.180581 0.034246 -1.190451
    34 1.786068 0.000000 0.000000 0.051300 0.063943 -1.015925
    35 1.044434 -0.000002 0.000000 0.001325 0.038484 0.095729
    36 1.121473 -1.351564 1.030998 1.138495 -0.607770 0.231042
    37 1.928116 0.000000 0.000000 -0.090105 -0.188036 -0.457011
    38 1.285145 -0.000001 0.000000 -0.000005 -0.040574 -1.047036
    39 19.263105 0.000000 0.000000 0.000000 0.000000 0.135117
    40 17.589100 0.000000 0.000000 0.155492 0.286768 -0.504979
    41 6.240662 0.000000 0.000000 0.020416 -0.027680 -0.471729
    42 5.884350 0.000000 0.000004 -0.126310 0.000000 0.000000
    43 11.768705 0.000000 0.000000 -0.238428 0.000000 0.000000
    44 11.679195 0.000000 0.000008 0.000000 0.000000 -0.161658
    45 3.147156 0.000065 1.551354 -0.201298 -0.143284 -0.649417
    46 1.585903 0.000000 0.000000 -0.011409 -0.016643 -1.331409
    47 0.849087 0.000000 0.000000 0.054379 0.175346 0.227690
    48 3.471100 0.211189 0.574833 -0.194213 -0.103888 -0.872699
    49 1.897533 0.000000 0.000000 0.051947 0.088323 -1.093272
    50 1.014446 0.000003 0.000000 -0.002359 -0.009725 0.111690
    51 3.750099 0.116322 -0.429641 -0.183614 -0.067994 -1.128857
    52 2.258183 0.000000 0.000000 0.042077 0.053977 -0.662652
    53 1.210392 0.000001 0.000000 -0.001842 -0.011976 0.162659
    54 3.868322 -0.161243 -1.490733 -0.177010 -0.034210 -1.024999
    55 1.786068 0.000002 0.000000 -0.051298 -0.063999 -0.749967
    56 1.044445 0.000000 0.000000 -0.001333 -0.038512 0.149883
    57 1.121502 -1.347836 -1.035880 -1.045302 0.582555 0.243500
    58 1.928122 0.000000 -0.000002 -0.000025 0.188108 -0.446082
    59 1.285141 0.000000 -0.000002 -0.000058 0.040588 -0.886387
    60 11.768703 0.000000 -0.000008 0.242666 0.000000 0.000000
    61 5.884356 0.000000 -0.000004 0.128617 0.000000 0.000000
    62 11.679195 0.000000 0.000000 0.000000 0.000000 -0.161657
    63 7.023272 -6.880002 4.339547 2.620672 -1.456011 -1.105365
    64 -15.468750 -7.031250 9.039063 3.020725 0.050891 1.750718
    65 0.000000 -0.000007 -0.000031 1.373047 0.113574 0.124314
    66 -0.000004 -0.000007 -0.000031 1.373047 0.113574 0.124314
    67 3.348999 -1.371000 0.725000 1.977842 -0.088017 1.557794
    68 2.856895 -1.536201 -0.973800 -1.501147 -0.272558 -1.578261
    69 -0.000004 0.000000 10.000000 0.000000 0.000000 0.000000
    70 0.018894 0.665159 9.395880 0.000000 0.000000 0.000000
    71 2.000008 -3.000000 0.000000 -1.570796 0.000000 -1.326450
    72 3.028210 -0.923410 -2.009452 1.574082 -0.012974 1.587243
    73 0.116953 4.311607 0.061859 0.000010 0.000000 0.000000
    74 -0.000002 0.000000 0.000001 0.000000 0.000000 0.000000
    75 0.000000 1.000000 0.000010 0.000000 0.000000 0.000000
    76 -0.000002 0.000000 0.000000 0.000000 0.000000 0.000000
    77 -0.000002 0.000000 0.000000 0.000000 0.000000 0.000000
    78 -0.000002 0.000000 0.000000 0.000000 0.000000 0.000000
time 34
    0 -3.136719 -7.960938 25.437500 1.656033 0.206182 0.183195
    1 0.000000 4.246162 -0.018825 1.541919 -0.125184 1.612372
    2 4.195629 0.000000 0.000000 -0.030492 0.022666 -0.160508
    3 3.883152 0.000001 0.000000 -0.033539 0.028608 -0.050307
    4 5.985943 0.000002 0.000000 -0.009577 0.063523 0.423396
    5 4.268658 1.531896 -1.575000 1.346427 0.993095 -0.498137
    6 5.782729 0.000000 0.000001 3.054964 0.077795 0.573223
    7 11.452759 0.000001 0.000000 0.000000 0.000000 -0.520086
    8 4.268658 1.531894 1.575000 -1.674373 -0.950061 -0.002975
    9 5.782726 0.000004 0.000001 -3.065910 0.200499 0.813711
    10 11.452763 0.000001 0.000004 0.000000 0.000000 -0.381628
    11 10.945534 -0.000007 -0.000034 1.325241 -0.136684 0.108284
    12 10.945518 -0.000005 0.000015 -1.256365 0.120749 0.195103
    13 -3.806942 0.000000 0.000000 -1.302273 -0.089425 -1.976729
    14 19.253841 0.000000 0.000000 0.000000 0.000000 0.025250
    15 6.694798 0.000000 0.000000 0.000000 0.000000 0.000000
    16 5.620499 0.000002 0.000000 2.832262 -0.056675 -0.203425
    17 4.684906 0.000002 0.000000 -0.240557 0.118669 1.111257
    18 19.263098 0.000000 0.000000 0.000000 0.000000 0.292652
    19 17.589096 0.000000 0.000000 0.044274 -0.284896 -0.654321
    20 6.240662 0.000000 0.000000 -0.112065 0.023889 -0.359850
    21 3.806942 0.000000 0.000000 -2.191121 -0.088915 -1.331514
    22 6.694801 0.000000 0.000000 0.000000 0.000000 0.000000
    23 19.253845 0.000000 0.000000 0.000000 0.000000 0.025253
    24 3.147137 0.005680 -1.551346 0.204908 0.143273 -0.954241
    25 1.585903 0.000000 0.000000 0.011390 0.016585 -0.964682
    26 0.849087 0.000002 0.000000 -0.054430 -0.175364 -0.012812
    27 3.471079 0.213264 -0.574066 0.197841 0.103922 -1.056897
    28 1.897533 -0.000002 0.000000 -0.051937 -0.088263 -1.080741
    29 1.014454 0.000002 0.000000 0.002346 0.009693 0.056304
    30 3.750082 0.114767 0.430058 0.187201 0.067923 -1.244533
    31 2.258186 0.000000 0.000000 -0.042022 -0.053930 -0.856641
    32 1.210384 0.000001 0.000000 0.001810 0.011981 0.157202
    33 3.868294 -0.166636 1.490141 0.180581 0.034246 -1.190451
    34 1.786068 0.000000 0.000000 0.051300 0.063943 -1.015925
    35 1.044434 -0.000002 0.000000 0.001325 0.038484 0.095729
    36 1.121473 -1.351564 1.030998 1.138495 -0.607770 0.231042
    37 1.928116 0.000000 0.000000 -0.090105 -0.188036 -0.457011
    38 1.285145 -0.000001 0.000000 -0.000005 -0.040574 -1.047036
    39 19.263105 0.000000 0.000000 0.000000 0.000000 0.142559
    40 17.589100 0.000000 0.000000 0.148371 0.321653 -0.490133
    41 6.240662 0.000000 0.000000 0.020391 -0.027726 -0.453192
    42 5.884350 0.000000 0.000004 -0.126310 0.000000 0.000000
    43 11.768705 0.000000 0.000000 -0.238428 0.000000 0.000000
    44 11.679195 0.000000 0.000008 0.000000 0.000000 -0.161658
    45 3.147156 0.000065 1.551354 -0.201298 -0.143284 -0.649417
    46 1.585903 0.000000 0.000000 -0.011409 -0.016643 -1.331409
    47 0.849087 0.000000 0.000000 0.054379 0.175346 0.227690
    48 3.471100 0.211189 0.574833 -0.194213 -0.103888 -0.872699
    49 1.897533 0.000000 0.000000 0.051947 0.088323 -1.093272
    50 1.014446 0.000003 0.000000 -0.002359 -0.009725 0.111690
    51 3.750099 0.116322 -0.429641 -0.183614 -0.067994 -1.128857
    52 2.258183 0.000000 0.000000 0.042077 0.053977 -0.662652
    53 1.210392 0.000001 0.000000 -0.001842 -0.011976 0.162659
    54 3.868322 -0.161243 -1.490733 -0.177010 -0.034210 -1.024999
    55 1.786068 0.000002 0.000000 -0.051298 -0.063999 -0.749967
    56 1.044445 0.000000 0.000000 -0.001333 -0.038512 0.149883
    57 1.121502 -1.347836 -1.035880 -1.045302 0.582555 0.243500
    58 1.928122 0.000000 -0.000002 -0.000025 0.188108 -0.446082
    59 1.285141 0.000000 -0.000002 -0.000058 0.040588 -0.886387
    60 11.768703 0.000000 -0.000008 0.242666 0.000000 0.000000
    61 5.884356 0.000000 -0.000004 0.128617 0.000000 0.000000
    62 11.679195 0.000000 0.000000 0.000000 0.000000 -0.161657
    63 7.023272 -6.880002 4.339547 2.620672 -1.456011 -1.105365
    64 -12.484375 -14.695313 8.929688 3.007768 0.085947 1.732561
    65 0.000000 -0.000007 -0.000031 1.373047 0.113574 0.124314
    66 -0.000004 -0.000007 -0.000031 1.373047 0.113574 0.124314
    67 3.348999 -1.371000 0.725000 1.977842 -0.088017 1.557794
    68 2.856895 -1.536201 -0.973800 -1.501147 -0.272558 -1.578261
    69 -0.000004 0.000000 10.000000 0.000000 0.000000 0.000000
    70 0.018894 0.665159 9.395880 0.000000 0.000000 0.000000
    71 2.000008 -3.000000 0.000000 -1.570796 0.000000 -1.326450
    72 3.028210 -0.923410 -2.009452 1.574082 -0.012974 1.587243
    73 0.116953 4.311607 0.061859 0.000010 0.000000 0.000000
    74 -0.000002 0.000000 0.000001 0.000000 0.000000 0.000000
    75 0.000000 1.000000 0.000010 0.000000 0.000000 0.000000
    76 -0.000002 0.000000 0.000000 0.000000 0.000000 0.000000
    77 -0.000002 0.000000 0.000000 0.000000 0.000000 0.000000
    78 -0.000002 0.000000 0.000000 0.000000 0.000000 0.000000
time 35
    0 -3.437500 -7.847656 25.390625 1.669638 0.195672 0.254764
    1 0.000000 4.246162 -0.018825 1.543357 -0.122322 1.614127
    2 4.195629 0.000000 0.000000 -0.029305 0.023872 -0.161638
    3 3.883152 0.000001 0.000000 -0.032132 0.028494 -0.048816
    4 5.985943 0.000002 0.000000 -0.008593 0.061849 0.426957
    5 4.268658 1.531896 -1.575000 1.305250 0.995426 -0.542233
    6 5.782729 0.000000 0.000001 3.071753 0.050588 0.590436
    7 11.452759 0.000001 0.000000 0.000000 0.000000 -0.524196
    8 4.268658 1.531894 1.575000 -1.709546 -0.933508 0.024526
    9 5.782726 0.000004 0.000001 -3.076962 0.199106 0.798197
    10 11.452763 0.000001 0.000004 0.000000 0.000000 -0.365726
    11 10.945534 -0.000007 -0.000034 1.303579 -0.136766 0.088368
    12 10.945518 -0.000005 0.000015 -1.280074 0.099463 0.183025
    13 -3.806942 0.000000 0.000000 -1.344569 -0.079269 -1.969000
    14 19.253841 0.000000 0.000000 0.000000 0.000000 0.025250
    15 6.694798 0.000000 0.000000 0.000000 0.000000 0.000000
    16 5.620499 0.000002 0.000000 2.820319 -0.043467 -0.201957
    17 4.684906 0.000002 0.000000 -0.258180 0.116402 1.108703
    18 19.263098 0.000000 0.000000 0.000000 0.000000 0.292652
    19 17.589096 0.000000 0.000000 0.069665 -0.275224 -0.672783
    20 6.240662 0.000000 0.000000 -0.112059 0.023848 -0.363891
    21 3.806942 0.000000 0.000000 -2.232842 -0.088306 -1.366815
    22 6.694801 0.000000 0.000000 0.000000 0.000000 0.000000
    23 19.253845 0.000000 0.000000 0.000000 0.000000 0.025253
    24 3.147137 0.005680 -1.551346 0.204908 0.143273 -0.954241
    25 1.585903 0.000000 0.000000 0.011390 0.016585 -0.964682
    26 0.849087 0.000002 0.000000 -0.054430 -0.175364 -0.012812
    27 3.471079 0.213264 -0.574066 0.197841 0.103922 -1.056897
    28 1.897533 -0.000002 0.000000 -0.051937 -0.088263 -1.080741
    29 1.014454 0.000002 0.000000 0.002346 0.009693 0.056304
    30 3.750082 0.114767 0.430058 0.187201 0.067923 -1.244533
    31 2.258186 0.000000 0.000000 -0.042022 -0.053930 -0.856641
    32 1.210384 0.000001 0.000000 0.001810 0.011981 0.157202
    33 3.868294 -0.166636 1.490141 0.180581 0.034246 -1.190451
    34 1.786068 0.000000 0.000000 0.051300 0.063943 -1.015925
    35 1.044434 -0.000002 0.000000 0.001325 0.038484 0.095729
    36 1.121473 -1.351564 1.030998 1.138495 -0.607770 0.231042
    37 1.928116 0.000000 0.000000 -0.090105 -0.188036 -0.457011
    38 1.285145 -0.000001 0.000000 -0.000005 -0.040574 -1.047036
    39 19.263105 0.000000 0.000000 0.000000 0.000000 0.170354
    40 17.589100 0.000000 0.000000 0.089341 0.323323 -0.515513
    41 6.240662 0.000000 0.000000 0.020410 -0.027742 -0.437701
    42 5.884350 0.000000 0.000004 -0.126310 0.000000 0.000000
    43 11.768705 0.000000 0.000000 -0.238428 0.000000 0.000000
    44 11.679195 0.000000 0.000008 0.000000 0.000000 -0.161658
    45 3.147156 0.000065 1.551354 -0.201298 -0.143284 -0.649417
    46 1.585903 0.000000 0.000000 -0.011409 -0.016643 -1.331409
    47 0.849087 0.000000 0.000000 0.054379 0.175346 0.227690
    48 3.471100 0.211189 0.574833 -0.194213 -0.103888 -0.872699
    49 1.897533 0.000000 0.000000 0.051947 0.088323 -1.093272
    50 1.014446 0.000003 0.000000 -0.002359 -0.009725 0.111690
    51 3.750099 0.116322 -0.429641 -0.183614 -0.067994 -1.128857
    52 2.258183 0.000000 0.000000 0.042077 0.053977 -0.662652
    53 1.210392 0.000001 0.000000 -0.001842 -0.011976 0.162659
    54 3.868322 -0.161243 -1.490733 -0.177010 -0.034210 -1.024999
    55 1.786068 0.000002 0.000000 -0.051298 -0.063999 -0.749967
    56 1.044445 0.000000 0.000000 -0.001333 -0.038512 0.149883
    57 1.121502 -1.347836 -1.035880 -1.045302 0.582555 0.243500
    58 1.928122 0.000000 -0.000002 -0.000025 0.188108 -0.446082
    59 1.285141 0.000000 -0.000002 -0.000058 0.040588 -0.886387
    60 11.768703 0.000000 -0.000008 0.242666 0.000000 0.000000
    61 5.884356 0.000000 -0.000004 0.128617 0.000000 0.000000
    62 11.679195 0.000000 0.000000 0.000000 0.000000 -0.161657
    63 7.023272 -6.880002 4.339547 2.620672 -1.456011 -1.105365
    64 -12.000000 -18.937500 3.970703 2.992454 0.127978 1.710654
    65 0.000000 -0.000007 -0.000031 1.373047 0.113574 0.124314
    66 -0.000004 -0.000007 -0.000031 1.373047 0.113574 0.124314
    67 3.348999 -1.371000 0.725000 1.977842 -0.088017 1.557794
    68 2.856895 -1.536201 -0.973800 -1.501147 -0.272558 -1.578261
    69 -0.000004 0.000000 10.000000 0.000000 0.000000 0.000000
    70 0.018894 0.665159 9.395880 0.000000 0.000000 0.000000
    71 2.000008 -3.000000 0.000000 -1.570796 0.000000 -1.326450
    72 3.028210 -0.923410 -2.009452 1.574082 -0.012974 1.587243
    73 0.116953 4.311607 0.061859 0.000010 0.000000 0.000000
    74 -0.000002 0.000000 0.000001 0.000000 0.000000 0.000000
    75 0.000000 1.000000 0.000010 0.000000 0.000000 0.000000
    76 -0.000002 0.000000 0.000000 0.000000 0.000000 0.000000
    77 -0.000002 0.000000 0.000000 0.000000 0.000000 0.000000
    78 -0.000002 0.000000 0.000000 0.000000 0.000000 0.000000
time 36
    0 -3.800781 -7.761719 25.328125 1.681501 0.180481 0.332369
    1 0.000000 4.246162 -0.018825 1.544407 -0.119942 1.615624
    2 4.195629 0.000000 0.000000 -0.028308 0.024197 -0.162842
    3 3.883152 0.000001 0.000000 -0.030775 0.026289 -0.048244
    4 5.985943 0.000002 0.000000 -0.008968 0.057085 0.428350
    5 4.268658 1.531896 -1.575000 1.258204 0.994695 -0.593819
    6 5.782729 0.000000 0.000001 3.079873 0.030277 0.609329
    7 11.452759 0.000001 0.000000 0.000000 0.000000 -0.523838
    8 4.268658 1.531894 1.575000 -1.737904 -0.906728 0.044795
    9 5.782726 0.000004 0.000001 -3.072154 0.194194 0.769019
    10 11.452763 0.000001 0.000004 0.000000 0.000000 -0.358530
    11 10.945534 -0.000007 -0.000034 1.268816 -0.135469 0.069968
    12 10.945518 -0.000005 0.000015 -1.305700 0.080005 0.177885
    13 -3.806942 0.000000 0.000000 -1.389695 -0.070005 -1.955465
    14 19.253841 0.000000 0.000000 0.000000 0.000000 0.025250
    15 6.694798 0.000000 0.000000 0.000000 0.000000 0.000000
    16 5.620499 0.000002 0.000000 2.810021 -0.012268 -0.201450
    17 4.684906 0.000002 0.000000 -0.282677 0.095230 1.104660
    18 19.263098 0.000000 0.000000 0.000000 0.000000 0.305573
    19 17.589096 0.000000 0.000000 0.052092 -0.272318 -0.676316
    20 6.240662 0.000000 0.000000 -0.112060 0.023825 -0.356156
    21 3.806942 0.000000 0.000000 -2.246873 -0.086798 -1.393084
    22 6.694801 0.000000 0.000000 0.000000 0.000000 0.000000
    23 19.253845 0.000000 0.000000 0.000000 0.000000 0.025253
    24 3.147137 0.005680 -1.551346 0.204908 0.143273 -0.954241
    25 1.585903 0.000000 0.000000 0.011390 0.016585 -0.964682
    26 0.849087 0.000002 0.000000 -0.054430 -0.175364 -0.012812
    27 3.471079 0.213264 -0.574066 0.197841 0.103922 -1.056897
    28 1.897533 -0.000002 0.000000 -0.051937 -0.088263 -1.080741
    29 1.014454 0.000002 0.000000 0.002346 0.009693 0.056304
    30 3.750082 0.114767 0.430058 0.187201 0.067923 -1.244533
    31 2.258186 0.000000 0.000000 -0.042022 -0.053930 -0.856641
    32 1.210384 0.000001 0.000000 0.001810 0.011981 0.157202
    33 3.868294 -0.166636 1.490141 0.180581 0.034246 -1.190451
    34 1.786068 0.000000 0.000000 0.051300 0.063943 -1.015925
    35 1.044434 -0.000002 0.000000 0.001325 0.038484 0.095729
    36 1.121473 -1.351564 1.030998 1.138495 -0.607770 0.231042
    37 1.928116 0.000000 0.000000 -0.090105 -0.188036 -0.457011
    38 1.285145 -0.000001 0.000000 -0.000005 -0.040574 -1.047036
    39 19.263105 0.000000 0.000000 0.000000 0.000000 0.209377
    40 17.589100 0.000000 0.000000 0.017705 0.300970 -0.551049
    41 6.240662 0.000000 0.000000 0.020438 -0.027722 -0.439735
    42 5.884350 0.000000 0.000004 -0.126310 0.000000 0.000000
    43 11.768705 0.000000 0.000000 -0.238428 0.000000 0.000000
    44 11.679195 0.000000 0.000008 0.000000 0.000000 -0.161658
    45 3.147156 0.000065 1.551354 -0.201298 -0.143284 -0.649417
    46 1.585903 0.000000 0.000000 -0.011409 -0.016643 -1.331409
    47 0.849087 0.000000 0.000000 0.054379 0.175346 0.227690
    48 3.471100 0.211189 0.574833 -0.194213 -0.103888 -0.872699
    49 1.897533 0.000000 0.000000 0.051947 0.088323 -1.093272
    50 1.014446 0.000003 0.000000 -0.002359 -0.009725 0.111690
    51 3.750099 0.116322 -0.429641 -0.183614 -0.067994 -1.128857
    52 2.258183 0.000000 0.000000 0.042077 0.053977 -0.662652
    53 1.210392 0.000001 0.000000 -0.001842 -0.011976 0.162659
    54 3.868322 -0.161243 -1.490733 -0.177010 -0.034210 -1.024999
    55 1.786068 0.000002 0.000000 -0.051298 -0.063999 -0.749967
    56 1.044445 0.000000 0.000000 -0.001333 -0.038512 0.149883
    57 1.121502 -1.347836 -1.035880 -1.045302 0.582555 0.243500
    58 1.928122 0.000000 -0.000002 -0.000025 0.188108 -0.446082
    59 1.285141 0.000000 -0.000002 -0.000058 0.040588 -0.886387
    60 11.768703 0.000000 -0.000008 0.242666 0.000000 0.000000
    61 5.884356 0.000000 -0.000004 0.128617 0.000000 0.000000
    62 11.679195 0.000000 0.000000 0.000000 0.000000 -0.161657
    63 7.023272 -6.880002 4.339547 2.620672 -1.456011 -1.105365
    64 -13.578125 -16.750000 -1.179688 2.972671 0.193013 1.688885
    65 0.000000 -0.000007 -0.000031 1.373047 0.113574 0.124314
    66 -0.000004 -0.000007 -0.000031 1.373047 0.113574 0.124314
    67 3.348999 -1.371000 0.725000 1.977842 -0.088017 1.557794
    68 2.856895 -1.536201 -0.973800 -1.501147 -0.272558 -1.578261
    69 -0.000004 0.000000 10.000000 0.000000 0.000000 0.000000
    70 0.018894 0.665159 9.395880 0.000000 0.000000 0.000000
    71 2.000008 -3.000000 0.000000 -1.570796 0.000000 -1.326450
    72 3.028210 -0.923410 -2.009452 1.574082 -0.012974 1.587243
    73 0.116953 4.311607 0.061859 0.000010 0.000000 0.000000
    74 -0.000002 0.000000 0.000001 0.000000 0.000000 0.000000
    75 0.000000 1.000000 0.000010 0.000000 0.000000 0.000000
    76 -0.000002 0.000000 0.000000 0.000000 0.000000 0.000000
    77 -0.000002 0.000000 0.000000 0.000000 0.000000 0.000000
    78 -0.000002 0.000000 0.000000 0.000000 0.000000 0.000000
time 37
    0 -4.253906 -7.722656 25.265625 1.692433 0.165018 0.409607
    1 0.000000 4.246162 -0.018825 1.546828 -0.116485 1.616254
    2 4.195629 0.000000 0.000000 -0.025900 0.024111 -0.164715
    3 3.883152 0.000001 0.000000 -0.027858 0.023153 -0.049023
    4 5.985943 0.000002 0.000000 -0.008850 0.050064 0.426930
    5 4.268658 1.531896 -1.575000 1.210525 0.984615 -0.645467
    6 5.782729 0.000000 0.000001 3.088641 0.021219 0.619735
    7 11.452759 0.000001 0.000000 0.000000 0.000000 -0.526341
    8 4.268658 1.531894 1.575000 -1.750294 -0.864548 0.059252
    9 5.782726 0.000004 0.000001 -3.078554 0.186858 0.718509
    10 11.452763 0.000001 0.000004 0.000000 0.000000 -0.366692
    11 10.945534 -0.000007 -0.000034 1.226739 -0.145428 0.059662
    12 10.945518 -0.000005 0.000015 -1.341621 0.064931 0.192785
    13 -3.806942 0.000000 0.000000 -1.430759 -0.067607 -1.931939
    14 19.253841 0.000000 0.000000 0.000000 0.000000 0.025250
    15 6.694798 0.000000 0.000000 0.000000 0.000000 0.000000
    16 5.620499 0.000002 0.000000 2.803944 0.021030 -0.193999
    17 4.684906 0.000002 0.000000 -0.304316 0.072971 1.095277
    18 19.263098 0.000000 0.000000 0.000000 0.000000 0.328828
    19 17.589096 0.000000 0.000000 0.007610 -0.271263 -0.668371
    20 6.240662 0.000000 0.000000 -0.112060 0.023813 -0.348252
    21 3.806942 0.000000 0.000000 -2.244322 -0.085756 -1.407600
    22 6.694801 0.000000 0.000000 0.000000 0.000000 0.000000
    23 19.253845 0.000000 0.000000 0.000000 0.000000 0.025253
    24 3.147137 0.005680 -1.551346 0.204908 0.143273 -0.954241
    25 1.585903 0.000000 0.000000 0.011390 0.016585 -0.964682
    26 0.849087 0.000002 0.000000 -0.054430 -0.175364 -0.012812
    27 3.471079 0.213264 -0.574066 0.197841 0.103922 -1.056897
    28 1.897533 -0.000002 0.000000 -0.051937 -0.088263 -1.080741
    29 1.014454 0.000002 0.000000 0.002346 0.009693 0.056304
    30 3.750082 0.114767 0.430058 0.187201 0.067923 -1.244533
    31 2.258186 0.000000 0.000000 -0.042022 -0.053930 -0.856641
    32 1.210384 0.000001 0.000000 0.001810 0.011981 0.157202
    33 3.868294 -0.166636 1.490141 0.180581 0.034246 -1.190451
    34 1.786068 0.000000 0.000000 0.051300 0.063943 -1.015925
    35 1.044434 -0.000002 0.000000 0.001325 0.038484 0.095729
    36 1.121473 -1.351564 1.030998 1.138495 -0.607770 0.231042
    37 1.928116 0.000000 0.000000 -0.090105 -0.188036 -0.457011
    38 1.285145 -0.000001 0.000000 -0.000005 -0.040574 -1.047036
    39 19.263105 0.000000 0.000000 0.000000 0.000000 0.253005
    40 17.589100 0.000000 0.000000 -0.023954 0.266326 -0.566792
    41 6.240662 0.000000 0.000000 0.020452 -0.027737 -0.462235
    42 5.884350 0.000000 0.000004 -0.126310 0.000000 0.000000
    43 11.768705 0.000000 0.000000 -0.238428 0.000000 0.000000
    44 11.679195 0.000000 0.000008 0.000000 0.000000 -0.161658
    45 3.147156 0.000065 1.551354 -0.201298 -0.143284 -0.649417
    46 1.585903 0.000000 0.000000 -0.011409 -0.016643 -1.331409
    47 0.849087 0.000000 0.000000 0.054379 0.175346 0.227690
    48 3.471100 0.211189 0.574833 -0.194213 -0.103888 -0.872699
    49 1.897533 0.000000 0.000000 0.051947 0.088323 -1.093272
    50 1.014446 0.000003 0.000000 -0.002359 -0.009725 0.111690
    51 3.750099 0.116322 -0.429641 -0.183614 -0.067994 -1.128857
    52 2.258183 0.000000 0.000000 0.042077 0.053977 -0.662652
    53 1.210392 0.000001 0.000000 -0.001842 -0.011976 0.162659
    54 3.868322 -0.161243 -1.490733 -0.177010 -0.034210 -1.024999
    55 1.786068 0.000002 0.000000 -0.051298 -0.063999 -0.749967
    56 1.044445 0.000000 0.000000 -0.001333 -0.038512 0.149883
    57 1.121502 -1.347836 -1.035880 -1.045302 0.582555 0.243500
    58 1.928122 0.000000 -0.000002 -0.000025 0.188108 -0.446082
    59 1.285141 0.000000 -0.000002 -0.000058 0.040588 -0.886387
    60 11.768703 0.000000 -0.000008 0.242666 0.000000 0.000000
    61 5.884356 0.000000 -0.000004 0.128617 0.000000 0.000000
    62 11.679195 0.000000 0.000000 0.000000 0.000000 -0.161657
    63 7.023272 -6.880002 4.339547 2.620672 -1.456011 -1.105365
    64 -15.460938 -11.492188 -4.839844 2.947958 0.258971 1.671176
    65 0.000000 -0.000007 -0.000031 1.373047 0.113574 0.124314
    66 -0.000004 -0.000007 -0.000031 1.373047 0.113574 0.124314
    67 3.348999 -1.371000 0.725000 1.977842 -0.088017 1.557794
    68 2.856895 -1.536201 -0.973800 -1.501147 -0.272558 -1.578261
    69 -0.000004 0.000000 10.000000 0.000000 0.000000 0.000000
    70 0.018894 0.665159 9.395880 0.000000 0.000000 0.000000
    71 2.000008 -3.000000 0.000000 -1.570796 0.000000 -1.326450
    72 3.028210 -0.923410 -2.009452 1.574082 -0.012974 1.587243
    73 0.116953 4.311607 0.061859 0.000010 0.000000 0.000000
    74 -0.000002 0.000000 0.000001 0.000000 0.000000 0.000000
    75 0.000000 1.000000 0.000010 0.000000 0.000000 0.000000
    76 -0.000002 0.000000 0.000000 0.000000 0.000000 0.000000
    77 -0.000002 0.000000 0.000000 0.000000 0.000000 0.000000
    78 -0.000002 0.000000 0.000000 0.000000 0.000000 0.000000
time 38
    0 -4.757813 -7.750000 25.218750 1.702181 0.150130 0.478369
    1 0.000000 4.246162 -0.018825 1.549175 -0.109033 1.613077
    2 4.195629 0.000000 0.000000 -0.023555 0.022444 -0.168475
    3 3.883152 0.000001 0.000000 -0.025138 0.021494 -0.048883
    4 5.985943 0.000002 0.000000 -0.007494 0.046422 0.428017
    5 4.268658 1.531896 -1.575000 1.178001 0.967487 -0.676371
    6 5.782729 0.000000 0.000001 3.069373 0.006966 0.621567
    7 11.452759 0.000001 0.000000 0.000000 0.000000 -0.534392
    8 4.268658 1.531894 1.575000 -1.751351 -0.826959 0.065820
    9 5.782726 0.000004 0.000001 -3.099217 0.171061 0.675250
    10 11.452763 0.000001 0.000004 0.000000 0.000000 -0.369150
    11 10.945534 -0.000007 -0.000034 1.189906 -0.164750 0.059211
    12 10.945518 -0.000005 0.000015 -1.367889 0.054117 0.217050
    13 -3.806942 0.000000 0.000000 -1.455656 -0.071875 -1.900813
    14 19.253841 0.000000 0.000000 0.000000 0.000000 0.025250
    15 6.694798 0.000000 0.000000 0.000000 0.000000 0.000000
    16 5.620499 0.000002 0.000000 2.794286 0.038486 -0.181505
    17 4.684906 0.000002 0.000000 -0.321078 0.063101 1.084333
    18 19.263098 0.000000 0.000000 0.000000 0.000000 0.347393
    19 17.589096 0.000000 0.000000 -0.034267 -0.274530 -0.632853
    20 6.240662 0.000000 0.000000 -0.112078 0.023852 -0.368639
    21 3.806942 0.000000 0.000000 -2.241753 -0.084026 -1.410584
    22 6.694801 0.000000 0.000000 0.000000 0.000000 0.000000
    23 19.253845 0.000000 0.000000 0.000000 0.000000 0.025253
    24 3.147137 0.005680 -1.551346 0.204908 0.143273 -0.954241
    25 1.585903 0.000000 0.000000 0.011390 0.016585 -0.964682
    26 0.849087 0.000002 0.000000 -0.054430 -0.175364 -0.012812
    27 3.471079 0.213264 -0.574066 0.197841 0.103922 -1.056897
    28 1.897533 -0.000002 0.000000 -0.051937 -0.088263 -1.080741
    29 1.014454 0.000002 0.000000 0.002346 0.009693 0.056304
    30 3.750082 0.114767 0.430058 0.187201 0.067923 -1.244533
    31 2.258186 0.000000 0.000000 -0.042022 -0.053930 -0.856641
    32 1.210384 0.000001 0.000000 0.001810 0.011981 0.157202
    33 3.868294 -0.166636 1.490141 0.180581 0.034246 -1.190451
    34 1.786068 0.000000 0.000000 0.051300 0.063943 -1.015925
    35 1.044434 -0.000002 0.000000 0.001325 0.038484 0.095729
    36 1.121473 -1.351564 1.030998 1.138495 -0.607770 0.231042
    37 1.928116 0.000000 0.000000 -0.090105 -0.188036 -0.457011
    38 1.285145 -0.000001 0.000000 -0.000005 -0.040574 -1.047036
    39 19.263105 0.000000 0.000000 0.000000 0.000000 0.291605
    40 17.589100 0.000000 0.000000 -0.020621 0.241236 -0.554563
    41 6.240662 0.000000 0.000000 0.020451 -0.027738 -0.462146
    42 5.884350 0.000000 0.000004 -0.126310 0.000000 0.000000
    43 11.768705 0.000000 0.000000 -0.238428 0.000000 0.000000
    44 11.679195 0.000000 0.000008 0.000000 0.000000 -0.161658
    45 3.147156 0.000065 1.551354 -0.201298 -0.143284 -0.649417
    46 1.585903 0.000000 0.000000 -0.011409 -0.016643 -1.331409
    47 0.849087 0.000000 0.000000 0.054379 0.175346 0.227690
    48 3.471100 0.211189 0.574833 -0.194213 -0.103888 -0.872699
    49 1.897533 0.000000 0.000000 0.051947 0.088323 -1.093272
    50 1.014446 0.000003 0.000000 -0.002359 -0.009725 0.111690
    51 3.750099 0.116322 -0.429641 -0.183614 -0.067994 -1.128857
    52 2.258183 0.000000 0.000000 0.042077 0.053977 -0.662652
    53 1.210392 0.000001 0.000000 -0.001842 -0.011976 0.162659
    54 3.868322 -0.161243 -1.490733 -0.177010 -0.034210 -1.024999
    55 1.786068 0.000002 0.000000 -0.051298 -0.063999 -0.749967
    56 1.044445 0.000000 0.000000 -0.001333 -0.038512 0.149883
    57 1.121502 -1.347836 -1.035880 -1.045302 0.582555 0.243500
    58 1.928122 0.000000 -0.000002 -0.000025 0.188108 -0.446082
    59 1.285141 0.000000 -0.000002 -0.000058 0.040588 -0.886387
    60 11.768703 0.000000 -0.000008 0.242666 0.000000 0.000000
    61 5.884356 0.000000 -0.000004 0.128617 0.000000 0.000000
    62 11.679195 0.000000 0.000000 0.000000 0.000000 -0.161657
    63 7.023272 -6.880002 4.339547 2.620672 -1.456011 -1.105365
    64 -16.640625 -4.429688 -2.712891 2.920561 0.307406 1.650158
    65 0.000000 -0.000007 -0.000031 1.373047 0.113574 0.124314
    66 -0.000004 -0.000007 -0.000031 1.373047 0.113574 0.124314
    67 3.348999 -1.371000 0.725000 1.977842 -0.088017 1.557794
    68 2.856895 -1.536201 -0.973800 -1.501147 -0.272558 -1.578261
    69 -0.000004 0.000000 10.000000 0.000000 0.000000 0.000000
    70 0.018894 0.665159 9.395880 0.000000 0.000000 0.000000
    71 2.000008 -3.000000 0.000000 -1.570796 0.000000 -1.326450
    72 3.028210 -0.923410 -2.009452 1.574082 -0.012974 1.587243
    73 0.116953 4.311607 0.061859 0.000010 0.000000 0.000000
    74 -0.000002 0.000000 0.000001 0.000000 0.000000 0.000000
    75 0.000000 1.000000 0.000010 0.000000 0.000000 0.000000
    76 -0.000002 0.000000 0.000000 0.000000 0.000000 0.000000
    77 -0.000002 0.000000 0.000000 0.000000 0.000000 0.000000
    78 -0.000002 0.000000 0.000000 0.000000 0.000000 0.000000
time 39
    0 -5.265625 -7.843750 25.171875 1.711044 0.135137 0.539253
    1 0.000000 4.246162 -0.018825 1.549175 -0.096870 1.606761
    2 4.195629 0.000000 0.000000 -0.023224 0.018859 -0.174059
    3 3.883152 0.000001 0.000000 -0.024527 0.019044 -0.045564
    4 5.985943 0.000002 0.000000 -0.008239 0.042594 0.436573
    5 4.268658 1.531896 -1.575000 1.161874 0.962463 -0.693313
    6 5.782729 0.000000 0.000001 3.038411 -0.010992 0.628098
    7 11.452759 0.000001 0.000000 0.000000 0.000000 -0.539764
    8 4.268658 1.531894 1.575000 -1.743995 -0.798116 0.057702
    9 5.782726 0.000004 0.000001 -3.111333 0.149189 0.655704
    10 11.452763 0.000001 0.000004 0.000000 0.000000 -0.351426
    11 10.945534 -0.000007 -0.000034 1.152560 -0.177392 0.050143
    12 10.945518 -0.000005 0.000015 -1.385060 0.043446 0.238520
    13 -3.806942 0.000000 0.000000 -1.451947 -0.078299 -1.867959
    14 19.253841 0.000000 0.000000 0.000000 0.000000 0.025250
    15 6.694798 0.000000 0.000000 0.000000 0.000000 0.000000
    16 5.620499 0.000002 0.000000 2.784442 0.047094 -0.178316
    17 4.684906 0.000002 0.000000 -0.333419 0.057966 1.080616
    18 19.263098 0.000000 0.000000 0.000000 0.000000 0.352127
    19 17.589096 0.000000 0.000000 -0.058015 -0.296770 -0.595660
    20 6.240662 0.000000 0.000000 -0.112065 0.023888 -0.379464
    21 3.806942 0.000000 0.000000 -2.249629 -0.080161 -1.405270
    22 6.694801 0.000000 0.000000 0.000000 0.000000 0.000000
    23 19.253845 0.000000 0.000000 0.000000 0.000000 0.025253
    24 3.147137 0.005680 -1.551346 0.204908 0.143273 -0.954241
    25 1.585903 0.000000 0.000000 0.011390 0.016585 -0.964682
    26 0.849087 0.000002 0.000000 -0.054430 -0.175364 -0.012812
    27 3.471079 0.213264 -0.574066 0.197841 0.103922 -1.056897
    28 1.897533 -0.000002 0.000000 -0.051937 -0.088263 -1.080741
    29 1.014454 0.000002 0.000000 0.002346 0.009693 0.056304
    30 3.750082 0.114767 0.430058 0.187201 0.067923 -1.244533
    31 2.258186 0.000000 0.000000 -0.042022 -0.053930 -0.856641
    32 1.210384 0.000001 0.000000 0.001810 0.011981 0.157202
    33 3.868294 -0.166636 1.490141 0.180581 0.034246 -1.190451
    34 1.786068 0.000000 0.000000 0.051300 0.063943 -1.015925
    35 1.044434 -0.000002 0.000000 0.001325 0.038484 0.095729
    36 1.121473 -1.351564 1.030998 1.138495 -0.607770 0.231042
    37 1.928116 0.000000 0.000000 -0.090105 -0.188036 -0.457011
    38 1.285145 -0.000001 0.000000 -0.000005 -0.040574 -1.047036
    39 19.263105 0.000000 0.000000 0.000000 0.000000 0.320255
    40 17.589100 0.000000 0.000000 -0.014719 0.230064 -0.536146
    41 6.240662 0.000000 0.000000 0.020431 -0.027697 -0.456028
    42 5.884350 0.000000 0.000004 -0.126310 0.000000 0.000000
    43 11.768705 0.000000 0.000000 -0.238428 0.000000 0.000000
    44 11.679195 0.000000 0.000008 0.000000 0.000000 -0.161658
    45 3.147156 0.000065 1.551354 -0.201298 -0.143284 -0.649417
    46 1.585903 0.000000 0.000000 -0.011409 -0.016643 -1.331409
    47 0.849087 0.000000 0.000000 0.054379 0.175346 0.227690
    48 3.471100 0.211189 0.574833 -0.194213 -0.103888 -0.872699
    49 1.897533 0.000000 0.000000 0.051947 0.088323 -1.093272
    50 1.014446 0.000003 0.000000 -0.002359 -0.009725 0.111690
    51 3.750099 0.116322 -0.429641 -0.183614 -0.067994 -1.128857
    52 2.258183 0.000000 0.000000 0.042077 0.053977 -0.662652
    53 1.210392 0.000001 0.000000 -0.001842 -0.011976 0.162659
    54 3.868322 -0.161243 -1.490733 -0.177010 -0.034210 -1.024999
    55 1.786068 0.000002 0.000000 -0.051298 -0.063999 -0.749967
    56 1.044445 0.000000 0.000000 -0.001333 -0.038512 0.149883
    57 1.121502 -1.347836 -1.035880 -1.045302 0.582555 0.243500
    58 1.928122 0.000000 -0.000002 -0.000025 0.188108 -0.446082
    59 1.285141 0.000000 -0.000002 -0.000058 0.040588 -0.886387
    60 11.768703 0.000000 -0.000008 0.242666 0.000000 0.000000
    61 5.884356 0.000000 -0.000004 0.128617 0.000000 0.000000
    62 11.679195 0.000000 0.000000 0.000000 0.000000 -0.161657
    63 7.023272 -6.880002 4.339547 2.620672 -1.456011 -1.105365
    64 -16.796875 -1.238281 2.197266 2.893077 0.350572 1.619351
    65 0.000000 -0.000007 -0.000031 1.373047 0.113574 0.124314
    66 -0.000004 -0.000007 -0.000031 1.373047 0.113574 0.124314
    67 3.348999 -1.371000 0.725000 1.977842 -0.088017 1.557794
    68 2.856895 -1.536201 -0.973800 -1.501147 -0.272558 -1.578261
    69 -0.000004 0.000000 10.000000 0.000000 0.000000 0.000000
    70 0.018894 0.665159 9.395880 0.000000 0.000000 0.000000
    71 2.000008 -3.000000 0.000000 -1.570796 0.000000 -1.326450
    72 3.028210 -0.923410 -2.009452 1.574082 -0.012974 1.587243
    73 0.116953 4.311607 0.061859 0.000010 0.000000 0.000000
    74 -0.000002 0.000000 0.000001 0.000000 0.000000 0.000000
    75 0.000000 1.000000 0.000010 0.000000 0.000000 0.000000
    76 -0.000002 0.000000 0.000000 0.000000 0.000000 0.000000
    77 -0.000002 0.000000 0.000000 0.000000 0.000000 0.000000
    78 -0.000002 0.000000 0.000000 0.000000 0.000000 0.000000
time 40
    0 -5.792969 -7.937500 25.156250 1.719898 0.120199 0.595917
    1 0.000000 4.246162 -0.018825 1.548749 -0.088363 1.595822
    2 4.195629 0.000000 0.000000 -0.023185 0.013097 -0.178234
    3 3.883152 0.000001 0.000000 -0.024484 0.017678 -0.044338
    4 5.985943 0.000002 0.000000 -0.008495 0.041890 0.440460
    5 4.268658 1.531896 -1.575000 1.141288 0.959965 -0.713134
    6 5.782729 0.000000 0.000001 3.009927 -0.023987 0.630329
    7 11.452759 0.000001 0.000000 0.000000 0.000000 -0.551238
    8 4.268658 1.531894 1.575000 -1.740241 -0.764220 0.058135
    9 5.782726 0.000004 0.000001 -3.114678 0.136090 0.629689
    10 11.452763 0.000001 0.000004 0.000000 0.000000 -0.345991
    11 10.945534 -0.000007 -0.000034 1.113336 -0.185828 0.038345
    12 10.945518 -0.000005 0.000015 -1.398514 0.032852 0.259990
    13 -3.806942 0.000000 0.000000 -1.421474 -0.088628 -1.834033
    14 19.253841 0.000000 0.000000 0.000000 0.000000 0.025250
    15 6.694798 0.000000 0.000000 0.000000 0.000000 0.000000
    16 5.620499 0.000002 0.000000 2.778518 0.053688 -0.174666
    17 4.684906 0.000002 0.000000 -0.341442 0.053992 1.075476
    18 19.263098 0.000000 0.000000 0.000000 0.000000 0.342048
    19 17.589096 0.000000 0.000000 -0.085166 -0.328420 -0.563681
    20 6.240662 0.000000 0.000000 -0.112066 0.023866 -0.352118
    21 3.806942 0.000000 0.000000 -2.265819 -0.078701 -1.390809
    22 6.694801 0.000000 0.000000 0.000000 0.000000 0.000000
    23 19.253845 0.000000 0.000000 0.000000 0.000000 0.025253
    24 3.147137 0.005680 -1.551346 0.204908 0.143273 -0.954241
    25 1.585903 0.000000 0.000000 0.011390 0.016585 -0.964682
    26 0.849087 0.000002 0.000000 -0.054430 -0.175364 -0.012812
    27 3.471079 0.213264 -0.574066 0.197841 0.103922 -1.056897
    28 1.897533 -0.000002 0.000000 -0.051937 -0.088263 -1.080741
    29 1.014454 0.000002 0.000000 0.002346 0.009693 0.056304
    30 3.750082 0.114767 0.430058 0.187201 0.067923 -1.244533
    31 2.258186 0.000000 0.000000 -0.042022 -0.053930 -0.856641
    32 1.210384 0.000001 0.000000 0.001810 0.011981 0.157202
    33 3.868294 -0.166636 1.490141 0.180581 0.034246 -1.190451
    34 1.786068 0.000000 0.000000 0.051300 0.063943 -1.015925
    35 1.044434 -0.000002 0.000000 0.001325 0.038484 0.095729
    36 1.121473 -1.351564 1.030998 1.138495 -0.607770 0.231042
    37 1.928116 0.000000 0.000000 -0.090105 -0.188036 -0.457011
    38 1.285145 -0.000001 0.000000 -0.000005 -0.040574 -1.047036
    39 19.263105 0.000000 0.000000 0.000000 0.000000 0.343976
    40 17.589100 0.000000 0.000000 -0.040699 0.230674 -0.532071
    41 6.240662 0.000000 0.000000 0.020440 -0.027666 -0.435136
    42 5.884350 0.000000 0.000004 -0.126310 0.000000 0.000000
    43 11.768705 0.000000 0.000000 -0.238428 0.000000 0.000000
    44 11.679195 0.000000 0.000008 0.000000 0.000000 -0.161658
    45 3.147156 0.000065 1.551354 -0.201298 -0.143284 -0.649417
    46 1.585903 0.000000 0.000000 -0.011409 -0.016643 -1.331409
    47 0.849087 0.000000 0.000000 0.054379 0.175346 0.227690
    48 3.471100 0.211189 0.574833 -0.194213 -0.103888 -0.872699
    49 1.897533 0.000000 0.000000 0.051947 0.088323 -1.093272
    50 1.014446 0.000003 0.000000 -0.002359 -0.009725 0.111690
    51 3.750099 0.116322 -0.429641 -0.183614 -0.067994 -1.128857
    52 2.258183 0.000000 0.000000 0.042077 0.053977 -0.662652
    53 1.210392 0.000001 0.000000 -0.001842 -0.011976 0.162659
    54 3.868322 -0.161243 -1.490733 -0.177010 -0.034210 -1.024999
    55 1.786068 0.000002 0.000000 -0.051298 -0.063999 -0.749967
    56 1.044445 0.000000 0.000000 -0.001333 -0.038512 0.149883
    57 1.121502 -1.347836 -1.035880 -1.045302 0.582555 0.243500
    58 1.928122 0.000000 -0.000002 -0.000025 0.188108 -0.446082
    59 1.285141 0.000000 -0.000002 -0.000058 0.040588 -0.886387
    60 11.768703 0.000000 -0.000008 0.242666 0.000000 0.000000
    61 5.884356 0.000000 -0.000004 0.128617 0.000000 0.000000
    62 11.679195 0.000000 0.000000 0.000000 0.000000 -0.161657
    63 7.023272 -6.880002 4.339547 2.620672 -1.456011 -1.105365
    64 -16.984375 -1.796875 6.847656 2.867208 0.394804 1.594483
    65 0.000000 -0.000007 -0.000031 1.373047 0.113574 0.124314
    66 -0.000004 -0.000007 -0.000031 1.373047 0.113574 0.124314
    67 3.348999 -1.371000 0.725000 1.977842 -0.088017 1.557794
    68 2.856895 -1.536201 -0.973800 -1.501147 -0.272558 -1.578261
    69 -0.000004 0.000000 10.000000 0.000000 0.000000 0.000000
    70 0.018894 0.665159 9.395880 0.000000 0.000000 0.000000
    71 2.000008 -3.000000 0.000000 -1.570796 0.000000 -1.326450
    72 3.028210 -0.923410 -2.009452 1.574082 -0.012974 1.587243
    73 0.116953 4.311607 0.061859 0.000010 0.000000 0.000000
    74 -0.000002 0.000000 0.000001 0.000000 0.000000 0.000000
    75 0.000000 1.000000 0.000010 0.000000 0.000000 0.000000
    76 -0.000002 0.000000 0.000000 0.000000 0.000000 0.000000
    77 -0.000002 0.000000 0.000000 0.000000 0.000000 0.000000
    78 -0.000002 0.000000 0.000000 0.000000 0.000000 0.000000
time 41
    0 -6.367188 -7.964844 25.187500 1.729050 0.105005 0.647094
    1 0.000000 4.246162 -0.018825 1.547299 -0.085957 1.581205
    2 4.195629 0.000000 0.000000 -0.023904 0.005563 -0.179533
    3 3.883152 0.000001 0.000000 -0.025680 0.017224 -0.043997
    4 5.985943 0.000002 0.000000 -0.008997 0.043873 0.441778
    5 4.268658 1.531896 -1.575000 1.123724 0.959345 -0.735554
    6 5.782729 0.000000 0.000001 2.989303 -0.032408 0.628913
    7 11.452759 0.000001 0.000000 0.000000 0.000000 -0.566236
    8 4.268658 1.531894 1.575000 -1.731637 -0.730547 0.050353
    9 5.782726 0.000004 0.000001 -3.122923 0.125839 0.603733
    10 11.452763 0.000001 0.000004 0.000000 0.000000 -0.344063
    11 10.945534 -0.000007 -0.000034 1.080682 -0.189759 0.029328
    12 10.945518 -0.000005 0.000015 -1.414305 0.024824 0.281778
    13 -3.806942 0.000000 0.000000 -1.375630 -0.103897 -1.804667
    14 19.253841 0.000000 0.000000 0.000000 0.000000 0.025250
    15 6.694798 0.000000 0.000000 0.000000 0.000000 0.000000
    16 5.620499 0.000002 0.000000 2.778727 0.060506 -0.173634
    17 4.684906 0.000002 0.000000 -0.344585 0.048849 1.072750
    18 19.263098 0.000000 0.000000 0.000000 0.000000 0.316583
    19 17.589096 0.000000 0.000000 -0.082036 -0.358937 -0.549071
    20 6.240662 0.000000 0.000000 -0.112035 0.023852 -0.342725
    21 3.806942 0.000000 0.000000 -2.274165 -0.090051 -1.370754
    22 6.694801 0.000000 0.000000 0.000000 0.000000 0.000000
    23 19.253845 0.000000 0.000000 0.000000 0.000000 0.025253
    24 3.147137 0.005680 -1.551346 0.204908 0.143273 -0.954241
    25 1.585903 0.000000 0.000000 0.011390 0.016585 -0.964682
    26 0.849087 0.000002 0.000000 -0.054430 -0.175364 -0.012812
    27 3.471079 0.213264 -0.574066 0.197841 0.103922 -1.056897
    28 1.897533 -0.000002 0.000000 -0.051937 -0.088263 -1.080741
    29 1.014454 0.000002 0.000000 0.002346 0.009693 0.056304
    30 3.750082 0.114767 0.430058 0.187201 0.067923 -1.244533
    31 2.258186 0.000000 0.000000 -0.042022 -0.053930 -0.856641
    32 1.210384 0.000001 0.000000 0.001810 0.011981 0.157202
    33 3.868294 -0.166636 1.490141 0.180581 0.034246 -1.190451
    34 1.786068 0.000000 0.000000 0.051300 0.063943 -1.015925
    35 1.044434 -0.000002 0.000000 0.001325 0.038484 0.095729
    36 1.121473 -1.351564 1.030998 1.138495 -0.607770 0.231042
    37 1.928116 0.000000 0.000000 -0.090105 -0.188036 -0.457011
    38 1.285145 -0.000001 0.000000 -0.000005 -0.040574 -1.047036
    39 19.263105 0.000000 0.000000 0.000000 0.000000 0.376090
    40 17.589100 0.000000 0.000000 -0.080980 0.227737 -0.545329
    41 6.240662 0.000000 0.000000 0.020471 -0.027731 -0.425151
    42 5.884350 0.000000 0.000004 -0.126310 0.000000 0.000000
    43 11.768705 0.000000 0.000000 -0.238428 0.000000 0.000000
    44 11.679195 0.000000 0.000008 0.000000 0.000000 -0.161658
    45 3.147156 0.000065 1.551354 -0.201298 -0.143284 -0.649417
    46 1.585903 0.000000 0.000000 -0.011409 -0.016643 -1.331409
    47 0.849087 0.000000 0.000000 0.054379 0.175346 0.227690
    48 3.471100 0.211189 0.574833 -0.194213 -0.103888 -0.872699
    49 1.897533 0.000000 0.000000 0.051947 0.088323 -1.093272
    50 1.014446 0.000003 0.000000 -0.002359 -0.009725 0.111690
    51 3.750099 0.116322 -0.429641 -0.183614 -0.067994 -1.128857
    52 2.258183 0.000000 0.000000 0.042077 0.053977 -0.662652
    53 1.210392 0.000001 0.000000 -0.001842 -0.011976 0.162659
    54 3.868322 -0.161243 -1.490733 -0.177010 -0.034210 -1.024999
    55 1.786068 0.000002 0.000000 -0.051298 -0.063999 -0.749967
    56 1.044445 0.000000 0.000000 -0.001333 -0.038512 0.149883
    57 1.121502 -1.347836 -1.035880 -1.045302 0.582555 0.243500
    58 1.928122 0.000000 -0.000002 -0.000025 0.188108 -0.446082
    59 1.285141 0.000000 -0.000002 -0.000058 0.040588 -0.886387
    60 11.768703 0.000000 -0.000008 0.242666 0.000000 0.000000
    61 5.884356 0.000000 -0.000004 0.128617 0.000000 0.000000
    62 11.679195 0.000000 0.000000 0.000000 0.000000 -0.161657
    63 7.023272 -6.880002 4.339547 2.620672 -1.456011 -1.105365
    64 -17.750000 -7.738281 8.867188 2.845255 0.428718 1.573054
    65 0.000000 -0.000007 -0.000031 1.373047 0.113574 0.124314
    66 -0.000004 -0.000007 -0.000031 1.373047 0.113574 0.124314
    67 3.348999 -1.371000 0.725000 1.977842 -0.088017 1.557794
    68 2.856895 -1.536201 -0.973800 -1.501147 -0.272558 -1.578261
    69 -0.000004 0.000000 10.000000 0.000000 0.000000 0.000000
    70 0.018894 0.665159 9.395880 0.000000 0.000000 0.000000
    71 2.000008 -3.000000 0.000000 -1.570796 0.000000 -1.326450
    72 3.028210 -0.923410 -2.009452 1.574082 -0.012974 1.587243
    73 0.116953 4.311607 0.061859 0.000010 0.000000 0.000000
    74 -0.000002 0.000000 0.000001 0.000000 0.000000 0.000000
    75 0.000000 1.000000 0.000010 0.000000 0.000000 0.000000
    76 -0.000002 0.000000 0.000000 0.000000 0.000000 0.000000
    77 -0.000002 0.000000 0.000000 0.000000 0.000000 0.000000
    78 -0.000002 0.000000 0.000000 0.000000 0.000000 0.000000
time 42
    0 -6.980469 -7.960938 25.281250 1.740852 0.089026 0.691239
    1 0.000000 4.246162 -0.018825 1.544518 -0.087887 1.562392
    2 4.195629 0.000000 0.000000 -0.025820 -0.003963 -0.178898
    3 3.883152 0.000001 0.000000 -0.028483 0.018261 -0.045764
    4 5.985943 0.000002 0.000000 -0.009668 0.050275 0.438758
    5 4.268658 1.531896 -1.575000 1.112253 0.969221 -0.753694
    6 5.782729 0.000000 0.000001 2.979355 -0.042349 0.632019
    7 11.452759 0.000001 0.000000 0.000000 0.000000 -0.586495
    8 4.268658 1.531894 1.575000 -1.720166 -0.707440 0.037828
    9 5.782726 0.000004 0.000001 -3.140497 0.114546 0.587730
    10 11.452763 0.000001 0.000004 0.000000 0.000000 -0.344239
    11 10.945534 -0.000007 -0.000034 1.057426 -0.193043 0.022483
    12 10.945518 -0.000005 0.000015 -1.431105 0.016217 0.307438
    13 -3.806942 0.000000 0.000000 -1.334992 -0.125699 -1.779990
    14 19.253841 0.000000 0.000000 0.000000 0.000000 0.025250
    15 6.694798 0.000000 0.000000 0.000000 0.000000 0.000000
    16 5.620499 0.000002 0.000000 2.782720 0.066876 -0.175327
    17 4.684906 0.000002 0.000000 -0.344491 0.044053 1.071877
    18 19.263098 0.000000 0.000000 0.000000 0.000000 0.278001
    19 17.589096 0.000000 0.000000 -0.029394 -0.380966 -0.584117
    20 6.240662 0.000000 0.000000 -0.112035 0.023855 -0.350800
    21 3.806942 0.000000 0.000000 -2.268116 -0.123505 -1.343968
    22 6.694801 0.000000 0.000000 0.000000 0.000000 0.000000
    23 19.253845 0.000000 0.000000 0.000000 0.000000 0.025253
    24 3.147137 0.005680 -1.551346 0.204908 0.143273 -0.954241
    25 1.585903 0.000000 0.000000 0.011390 0.016585 -0.964682
    26 0.849087 0.000002 0.000000 -0.054430 -0.175364 -0.012812
    27 3.471079 0.213264 -0.574066 0.197841 0.103922 -1.056897
    28 1.897533 -0.000002 0.000000 -0.051937 -0.088263 -1.080741
    29 1.014454 0.000002 0.000000 0.002346 0.009693 0.056304
    30 3.750082 0.114767 0.430058 0.187201 0.067923 -1.244533
    31 2.258186 0.000000 0.000000 -0.042022 -0.053930 -0.856641
    32 1.210384 0.000001 0.000000 0.001810 0.011981 0.157202
    33 3.868294 -0.166636 1.490141 0.180581 0.034246 -1.190451
    34 1.786068 0.000000 0.000000 0.051300 0.063943 -1.015925
    35 1.044434 -0.000002 0.000000 0.001325 0.038484 0.095729
    36 1.121473 -1.351564 1.030998 1.138495 -0.607770 0.231042
    37 1.928116 0.000000 0.000000 -0.090105 -0.188036 -0.457011
    38 1.285145 -0.000001 0.000000 -0.000005 -0.040574 -1.047036
    39 19.263105 0.000000 0.000000 0.000000 0.000000 0.432312
    40 17.589100 0.000000 0.000000 -0.104480 0.203456 -0.598769
    41 6.240662 0.000000 0.000000 0.020421 -0.027680 -0.433721
    42 5.884350 0.000000 0.000004 -0.126310 0.000000 0.000000
    43 11.768705 0.000000 0.000000 -0.238428 0.000000 0.000000
    44 11.679195 0.000000 0.000008 0.000000 0.000000 -0.161658
    45 3.147156 0.000065 1.551354 -0.201298 -0.143284 -0.649417
    46 1.585903 0.000000 0.000000 -0.011409 -0.016643 -1.331409
    47 0.849087 0.000000 0.000000 0.054379 0.175346 0.227690
    48 3.471100 0.211189 0.574833 -0.194213 -0.103888 -0.872699
    49 1.897533 0.000000 0.000000 0.051947 0.088323 -1.093272
    50 1.014446 0.000003 0.000000 -0.002359 -0.009725 0.111690
    51 3.750099 0.116322 -0.429641 -0.183614 -0.067994 -1.128857
    52 2.258183 0.000000 0.000000 0.042077 0.053977 -0.662652
    53 1.210392 0.000001 0.000000 -0.001842 -0.011976 0.162659
    54 3.868322 -0.161243 -1.490733 -0.177010 -0.034210 -1.024999
    55 1.786068 0.000002 0.000000 -0.051298 -0.063999 -0.749967
    56 1.044445 0.000000 0.000000 -0.001333 -0.038512 0.149883
    57 1.121502 -1.347836 -1.035880 -1.045302 0.582555 0.243500
    58 1.928122 0.000000 -0.000002 -0.000025 0.188108 -0.446082
    59 1.285141 0.000000 -0.000002 -0.000058 0.040588 -0.886387
    60 11.768703 0.000000 -0.000008 0.242666 0.000000 0.000000
    61 5.884356 0.000000 -0.000004 0.128617 0.000000 0.000000
    62 11.679195 0.000000 0.000000 0.000000 0.000000 -0.161657
    63 7.023272 -6.880002 4.339547 2.620672 -1.456011 -1.105365
    64 -18.265625 -15.718750 6.742188 2.829071 0.445235 1.557347
    65 0.000000 -0.000007 -0.000031 1.373047 0.113574 0.124314
    66 -0.000004 -0.000007 -0.000031 1.373047 0.113574 0.124314
    67 3.348999 -1.371000 0.725000 1.977842 -0.088017 1.557794
    68 2.856895 -1.536201 -0.973800 -1.501147 -0.272558 -1.578261
    69 -0.000004 0.000000 10.000000 0.000000 0.000000 0.000000
    70 0.018894 0.665159 9.395880 0.000000 0.000000 0.000000
    71 2.000008 -3.000000 0.000000 -1.570796 0.000000 -1.326450
    72 3.028210 -0.923410 -2.009452 1.574082 -0.012974 1.587243
    73 0.116953 4.311607 0.061859 0.000010 0.000000 0.000000
    74 -0.000002 0.000000 0.000001 0.000000 0.000000 0.000000
    75 0.000000 1.000000 0.000010 0.000000 0.000000 0.000000
    76 -0.000002 0.000000 0.000000 0.000000 0.000000 0.000000
    77 -0.000002 0.000000 0.000000 0.000000 0.000000 0.000000
    78 -0.000002 0.000000 0.000000 0.000000 0.000000 0.000000
time 43
    0 -7.460938 -7.921875 25.421875 1.754594 0.067882 0.729800
    1 0.000000 4.246162 -0.018825 1.542189 -0.086055 1.541905
    2 4.195629 0.000000 0.000000 -0.027201 -0.014592 -0.180057
    3 3.883152 0.000001 0.000000 -0.030914 0.019168 -0.044938
    4 5.985943 0.000002 0.000000 -0.009875 0.056108 0.441945
    5 4.268658 1.531896 -1.575000 1.092032 0.985091 -0.784220
    6 5.782729 0.000000 0.000001 2.976435 -0.051888 0.646796
    7 11.452759 0.000001 0.000000 0.000000 0.000000 -0.599764
    8 4.268658 1.531894 1.575000 -1.722490 -0.692885 0.031756
    9 5.782726 0.000004 0.000001 3.134207 0.107465 0.583995
    10 11.452763 0.000001 0.000004 0.000000 0.000000 -0.342924
    11 10.945534 -0.000007 -0.000034 1.037946 -0.202679 0.018041
    12 10.945518 -0.000005 0.000015 -1.449221 0.008457 0.331714
    13 -3.806942 0.000000 0.000000 -1.297845 -0.143735 -1.767918
    14 19.253841 0.000000 0.000000 0.000000 0.000000 0.025250
    15 6.694798 0.000000 0.000000 0.000000 0.000000 0.000000
    16 5.620499 0.000002 0.000000 2.784072 0.072389 -0.181646
    17 4.684906 0.000002 0.000000 -0.346058 0.040793 1.076113
    18 19.263098 0.000000 0.000000 0.000000 0.000000 0.224574
    19 17.589096 0.000000 0.000000 0.024866 -0.382537 -0.633483
    20 6.240662 0.000000 0.000000 -0.112082 0.023801 -0.392497
    21 3.806942 0.000000 0.000000 -2.248720 -0.174087 -1.323296
    22 6.694801 0.000000 0.000000 0.000000 0.000000 0.000000
    23 19.253845 0.000000 0.000000 0.000000 0.000000 0.025253
    24 3.147137 0.005680 -1.551346 0.204908 0.143273 -0.954241
    25 1.585903 0.000000 0.000000 0.011390 0.016585 -0.964682
    26 0.849087 0.000002 0.000000 -0.054430 -0.175364 -0.012812
    27 3.471079 0.213264 -0.574066 0.197841 0.103922 -1.056897
    28 1.897533 -0.000002 0.000000 -0.051937 -0.088263 -1.080741
    29 1.014454 0.000002 0.000000 0.002346 0.009693 0.056304
    30 3.750082 0.114767 0.430058 0.187201 0.067923 -1.244533
    31 2.258186 0.000000 0.000000 -0.042022 -0.053930 -0.856641
    32 1.210384 0.000001 0.000000 0.001810 0.011981 0.157202
    33 3.868294 -0.166636 1.490141 0.180581 0.034246 -1.190451
    34 1.786068 0.000000 0.000000 0.051300 0.063943 -1.015925
    35 1.044434 -0.000002 0.000000 0.001325 0.038484 0.095729
    36 1.121473 -1.351564 1.030998 1.138495 -0.607770 0.231042
    37 1.928116 0.000000 0.000000 -0.090105 -0.188036 -0.457011
    38 1.285145 -0.000001 0.000000 -0.000005 -0.040574 -1.047036
    39 19.263105 0.000000 0.000000 0.000000 0.000000 0.510444
    40 17.589100 0.000000 0.000000 -0.141907 0.152824 -0.681462
    41 6.240662 0.000000 0.000000 0.020467 -0.027701 -0.441770
    42 5.884350 0.000000 0.000004 -0.126310 0.000000 0.000000
    43 11.768705 0.000000 0.000000 -0.238428 0.000000 0.000000
    44 11.679195 0.000000 0.000008 0.000000 0.000000 -0.161658
    45 3.147156 0.000065 1.551354 -0.201298 -0.143284 -0.649417
    46 1.585903 0.000000 0.000000 -0.011409 -0.016643 -1.331409
    47 0.849087 0.000000 0.000000 0.054379 0.175346 0.227690
    48 3.471100 0.211189 0.574833 -0.194213 -0.103888 -0.872699
    49 1.897533 0.000000 0.000000 0.051947 0.088323 -1.093272
    50 1.014446 0.000003 0.000000 -0.002359 -0.009725 0.111690
    51 3.750099 0.116322 -0.429641 -0.183614 -0.067994 -1.128857
    52 2.258183 0.000000 0.000000 0.042077 0.053977 -0.662652
    53 1.210392 0.000001 0.000000 -0.001842 -0.011976 0.162659
    54 3.868322 -0.161243 -1.490733 -0.177010 -0.034210 -1.024999
    55 1.786068 0.000002 0.000000 -0.051298 -0.063999 -0.749967
    56 1.044445 0.000000 0.000000 -0.001333 -0.038512 0.149883
    57 1.121502 -1.347836 -1.035880 -1.045302 0.582555 0.243500
    58 1.928122 0.000000 -0.000002 -0.000025 0.188108 -0.446082
    59 1.285141 0.000000 -0.000002 -0.000058 0.040588 -0.886387
    60 11.768703 0.000000 -0.000008 0.242666 0.000000 0.000000
    61 5.884356 0.000000 -0.000004 0.128617 0.000000 0.000000
    62 11.679195 0.000000 0.000000 0.000000 0.000000 -0.161657
    63 7.023272 -6.880002 4.339547 2.620672 -1.456011 -1.105365
    64 -17.515625 -19.953125 2.019531 2.814277 0.459097 1.544210
    65 0.000000 -0.000007 -0.000031 1.373047 0.113574 0.124314
    66 -0.000004 -0.000007 -0.000031 1.373047 0.113574 0.124314
    67 3.348999 -1.371000 0.725000 1.977842 -0.088017 1.557794
    68 2.856895 -1.536201 -0.973800 -1.501147 -0.272558 -1.578261
    69 -0.000004 0.000000 10.000000 0.000000 0.000000 0.000000
    70 0.018894 0.665159 9.395880 0.000000 0.000000 0.000000
    71 2.000008 -3.000000 0.000000 -1.570796 0.000000 -1.326450
    72 3.028210 -0.923410 -2.009452 1.574082 -0.012974 1.587243
    73 0.116953 4.311607 0.061859 0.000010 0.000000 0.000000
    74 -0.000002 0.000000 0.000001 0.000000 0.000000 0.000000
    75 0.000000 1.000000 0.000010 0.000000 0.000000 0.000000
    76 -0.000002 0.000000 0.000000 0.000000 0.000000 0.000000
    77 -0.000002 0.000000 0.000000 0.000000 0.000000 0.000000
    78 -0.000002 0.000000 0.000000 0.000000 0.000000 0.000000
time 44
    0 -7.902344 -7.839844 25.609375 1.765780 0.051326 0.765172
    1 0.000000 4.246162 -0.018825 1.540700 -0.087167 1.526192
    2 4.195629 0.000000 0.000000 -0.027937 -0.022804 -0.179858
    3 3.883152 0.000001 0.000000 -0.032406 0.020616 -0.044113
    4 5.985943 0.000002 0.000000 -0.009160 0.061647 0.444986
    5 4.268658 1.531896 -1.575000 1.064807 1.001433 -0.821214
    6 5.782729 0.000000 0.000001 2.973669 -0.061943 0.665451
    7 11.452759 0.000001 0.000000 0.000000 0.000000 -0.612336
    8 4.268658 1.531894 1.575000 -1.729508 -0.685619 0.030816
    9 5.782726 0.000004 0.000001 3.135237 0.105504 0.587365
    10 11.452763 0.000001 0.000004 0.000000 0.000000 -0.344326
    11 10.945534 -0.000007 -0.000034 1.015121 -0.216670 0.020918
    12 10.945518 -0.000005 0.000015 -1.466973 0.005273 0.359722
    13 -3.806942 0.000000 0.000000 -1.297223 -0.160378 -1.758650
    14 19.253841 0.000000 0.000000 0.000000 0.000000 0.025250
    15 6.694798 0.000000 0.000000 0.000000 0.000000 0.000000
    16 5.620499 0.000002 0.000000 2.783414 0.078038 -0.188273
    17 4.684906 0.000002 0.000000 -0.349743 0.037103 1.083797
    18 19.263098 0.000000 0.000000 0.000000 0.000000 0.180494
    19 17.589096 0.000000 0.000000 0.064012 -0.367490 -0.687670
    20 6.240662 0.000000 0.000000 -0.112057 0.023867 -0.383161
    21 3.806942 0.000000 0.000000 -2.231306 -0.238936 -1.297263
    22 6.694801 0.000000 0.000000 0.000000 0.000000 0.000000
    23 19.253845 0.000000 0.000000 0.000000 0.000000 0.025253
    24 3.147137 0.005680 -1.551346 0.204908 0.143273 -0.954241
    25 1.585903 0.000000 0.000000 0.011390 0.016585 -0.964682
    26 0.849087 0.000002 0.000000 -0.054430 -0.175364 -0.012812
    27 3.471079 0.213264 -0.574066 0.197841 0.103922 -1.056897
    28 1.897533 -0.000002 0.000000 -0.051937 -0.088263 -1.080741
    29 1.014454 0.000002 0.000000 0.002346 0.009693 0.056304
    30 3.750082 0.114767 0.430058 0.187201 0.067923 -1.244533
    31 2.258186 0.000000 0.000000 -0.042022 -0.053930 -0.856641
    32 1.210384 0.000001 0.000000 0.001810 0.011981 0.157202
    33 3.868294 -0.166636 1.490141 0.180581 0.034246 -1.190451
    34 1.786068 0.000000 0.000000 0.051300 0.063943 -1.015925
    35 1.044434 -0.000002 0.000000 0.001325 0.038484 0.095729
    36 1.121473 -1.351564 1.030998 1.138495 -0.607770 0.231042
    37 1.928116 0.000000 0.000000 -0.090105 -0.188036 -0.457011
    38 1.285145 -0.000001 0.000000 -0.000005 -0.040574 -1.047036
    39 19.263105 0.000000 0.000000 0.000000 0.000000 0.608716
    40 17.589100 0.000000 0.000000 -0.163524 0.072474 -0.758276
    41 6.240662 0.000000 0.000000 0.020430 -0.027686 -0.483370
    42 5.884350 0.000000 0.000004 -0.126310 0.000000 0.000000
    43 11.768705 0.000000 0.000000 -0.238428 0.000000 0.000000
    44 11.679195 0.000000 0.000008 0.000000 0.000000 -0.161658
    45 3.147156 0.000065 1.551354 -0.201298 -0.143284 -0.649417
    46 1.585903 0.000000 0.000000 -0.011409 -0.016643 -1.331409
    47 0.849087 0.000000 0.000000 0.054379 0.175346 0.227690
    48 3.471100 0.211189 0.574833 -0.194213 -0.103888 -0.872699
    49 1.897533 0.000000 0.000000 0.051947 0.088323 -1.093272
    50 1.014446 0.000003 0.000000 -0.002359 -0.009725 0.111690
    51 3.750099 0.116322 -0.429641 -0.183614 -0.067994 -1.128857
    52 2.258183 0.000000 0.000000 0.042077 0.053977 -0.662652
    53 1.210392 0.000001 0.000000 -0.001842 -0.011976 0.162659
    54 3.868322 -0.161243 -1.490733 -0.177010 -0.034210 -1.024999
    55 1.786068 0.000002 0.000000 -0.051298 -0.063999 -0.749967
    56 1.044445 0.000000 0.000000 -0.001333 -0.038512 0.149883
    57 1.121502 -1.347836 -1.035880 -1.045302 0.582555 0.243500
    58 1.928122 0.000000 -0.000002 -0.000025 0.188108 -0.446082
    59 1.285141 0.000000 -0.000002 -0.000058 0.040588 -0.886387
    60 11.768703 0.000000 -0.000008 0.242666 0.000000 0.000000
    61 5.884356 0.000000 -0.000004 0.128617 0.000000 0.000000
    62 11.679195 0.000000 0.000000 0.000000 0.000000 -0.161657
    63 7.023272 -6.880002 4.339547 2.620672 -1.456011 -1.105365
    64 -16.078125 -19.937500 -2.265625 2.796909 0.480329 1.533657
    65 0.000000 -0.000007 -0.000031 1.373047 0.113574 0.124314
    66 -0.000004 -0.000007 -0.000031 1.373047 0.113574 0.124314
    67 3.348999 -1.371000 0.725000 1.977842 -0.088017 1.557794
    68 2.856895 -1.536201 -0.973800 -1.501147 -0.272558 -1.578261
    69 -0.000004 0.000000 10.000000 0.000000 0.000000 0.000000
    70 0.018894 0.665159 9.395880 0.000000 0.000000 0.000000
    71 2.000008 -3.000000 0.000000 -1.570796 0.000000 -1.326450
    72 3.028210 -0.923410 -2.009452 1.574082 -0.012974 1.587243
    73 0.116953 4.311607 0.061859 0.000010 0.000000 0.000000
    74 -0.000002 0.000000 0.000001 0.000000 0.000000 0.000000
    75 0.000000 1.000000 0.000010 0.000000 0.000000 0.000000
    76 -0.000002 0.000000 0.000000 0.000000 0.000000 0.000000
    77 -0.000002 0.000000 0.000000 0.000000 0.000000 0.000000
    78 -0.000002 0.000000 0.000000 0.000000 0.000000 0.000000
time 45
    0 -8.281250 -7.667969 25.765625 1.772801 0.039159 0.795950
    1 0.000000 4.246162 -0.018825 1.539605 -0.091992 1.518440
    2 4.195629 0.000000 0.000000 -0.028690 -0.027258 -0.177624
    3 3.883152 0.000001 0.000000 -0.033458 0.021194 -0.044307
    4 5.985943 0.000002 0.000000 -0.009222 0.064139 0.444813
    5 4.268658 1.531896 -1.575000 1.051830 1.013739 -0.841414
    6 5.782729 0.000000 0.000001 2.965014 -0.076108 0.676942
    7 11.452759 0.000001 0.000000 0.000000 0.000000 -0.627837
    8 4.268658 1.531894 1.575000 -1.731686 -0.683407 0.028611
    9 5.782726 0.000004 0.000001 3.133388 0.101749 0.593008
    10 11.452763 0.000001 0.000004 0.000000 0.000000 -0.342837
    11 10.945534 -0.000007 -0.000034 0.993644 -0.229720 0.022984
    12 10.945518 -0.000005 0.000015 -1.478941 0.003791 0.384075
    13 -3.806942 0.000000 0.000000 -1.321373 -0.169503 -1.757684
    14 19.253841 0.000000 0.000000 0.000000 0.000000 0.025250
    15 6.694798 0.000000 0.000000 0.000000 0.000000 0.000000
    16 5.620499 0.000002 0.000000 2.782588 0.081969 -0.191075
    17 4.684906 0.000002 0.000000 -0.352795 0.031440 1.091180
    18 19.263098 0.000000 0.000000 0.000000 0.000000 0.151474
    19 17.589096 0.000000 0.000000 0.056122 -0.355538 -0.713161
    20 6.240662 0.000000 0.000000 -0.112038 0.023852 -0.378581
    21 3.806942 0.000000 0.000000 -2.225013 -0.315693 -1.268137
    22 6.694801 0.000000 0.000000 0.000000 0.000000 0.000000
    23 19.253845 0.000000 0.000000 0.000000 0.000000 0.025253
    24 3.147137 0.005680 -1.551346 0.204908 0.143273 -0.954241
    25 1.585903 0.000000 0.000000 0.011390 0.016585 -0.964682
    26 0.849087 0.000002 0.000000 -0.054430 -0.175364 -0.012812
    27 3.471079 0.213264 -0.574066 0.197841 0.103922 -1.056897
    28 1.897533 -0.000002 0.000000 -0.051937 -0.088263 -1.080741
    29 1.014454 0.000002 0.000000 0.002346 0.009693 0.056304
    30 3.750082 0.114767 0.430058 0.187201 0.067923 -1.244533
    31 2.258186 0.000000 0.000000 -0.042022 -0.053930 -0.856641
    32 1.210384 0.000001 0.000000 0.001810 0.011981 0.157202
    33 3.868294 -0.166636 1.490141 0.180581 0.034246 -1.190451
    34 1.786068 0.000000 0.000000 0.051300 0.063943 -1.015925
    35 1.044434 -0.000002 0.000000 0.001325 0.038484 0.095729
    36 1.121473 -1.351564 1.030998 1.138495 -0.607770 0.231042
    37 1.928116 0.000000 0.000000 -0.090105 -0.188036 -0.457011
    38 1.285145 -0.000001 0.000000 -0.000005 -0.040574 -1.047036
    39 19.263105 0.000000 0.000000 0.000000 0.000000 0.717834
    40 17.589100 0.000000 0.000000 -0.190879 -0.025156 -0.797659
    41 6.240662 0.000000 0.000000 0.020407 -0.027686 -0.471107
    42 5.884350 0.000000 0.000004 -0.126310 0.000000 0.000000
    43 11.768705 0.000000 0.000000 -0.238428 0.000000 0.000000
    44 11.679195 0.000000 0.000008 0.000000 0.000000 -0.161658
    45 3.147156 0.000065 1.551354 -0.201298 -0.143284 -0.649417
    46 1.585903 0.000000 0.000000 -0.011409 -0.016643 -1.331409
    47 0.849087 0.000000 0.000000 0.054379 0.175346 0.227690
    48 3.471100 0.211189 0.574833 -0.194213 -0.103888 -0.872699
    49 1.897533 0.000000 0.000000 0.051947 0.088323 -1.093272
    50 1.014446 0.000003 0.000000 -0.002359 -0.009725 0.111690
    51 3.750099 0.116322 -0.429641 -0.183614 -0.067994 -1.128857
    52 2.258183 0.000000 0.000000 0.042077 0.053977 -0.662652
    53 1.210392 0.000001 0.000000 -0.001842 -0.011976 0.162659
    54 3.868322 -0.161243 -1.490733 -0.177010 -0.034210 -1.024999
    55 1.786068 0.000002 0.000000 -0.051298 -0.063999 -0.749967
    56 1.044445 0.000000 0.000000 -0.001333 -0.038512 0.149883
    57 1.121502 -1.347836 -1.035880 -1.045302 0.582555 0.243500
    58 1.928122 0.000000 -0.000002 -0.000025 0.188108 -0.446082
    59 1.285141 0.000000 -0.000002 -0.000058 0.040588 -0.886387
    60 11.768703 0.000000 -0.000008 0.242666 0.000000 0.000000
    61 5.884356 0.000000 -0.000004 0.128617 0.000000 0.000000
    62 11.679195 0.000000 0.000000 0.000000 0.000000 -0.161657
    63 7.023272 -6.880002 4.339547 2.620672 -1.456011 -1.105365
    64 -14.921875 -17.531250 -5.585938 2.778469 0.499035 1.521728
    65 0.000000 -0.000007 -0.000031 1.373047 0.113574 0.124314
    66 -0.000004 -0.000007 -0.000031 1.373047 0.113574 0.124314
    67 3.348999 -1.371000 0.725000 1.977842 -0.088017 1.557794
    68 2.856895 -1.536201 -0.973800 -1.501147 -0.272558 -1.578261
    69 -0.000004 0.000000 10.000000 0.000000 0.000000 0.000000
    70 0.018894 0.665159 9.395880 0.000000 0.000000 0.000000
    71 2.000008 -3.000000 0.000000 -1.570796 0.000000 -1.326450
    72 3.028210 -0.923410 -2.009452 1.574082 -0.012974 1.587243
    73 0.116953 4.311607 0.061859 0.000010 0.000000 0.000000
    74 -0.000002 0.000000 0.000001 0.000000 0.000000 0.000000
    75 0.000000 1.000000 0.000010 0.000000 0.000000 0.000000
    76 -0.000002 0.000000 0.000000 0.000000 0.000000 0.000000
    77 -0.000002 0.000000 0.000000 0.000000 0.000000 0.000000
    78 -0.000002 0.000000 0.000000 0.000000 0.000000 0.000000
time 46
    0 -8.562500 -7.492188 25.890625 1.775146 0.031169 0.820345
    1 0.000000 4.246162 -0.018825 1.539111 -0.096024 1.516694
    2 4.195629 0.000000 0.000000 -0.028927 -0.028807 -0.175520
    3 3.883152 0.000001 0.000000 -0.033419 0.019647 -0.043935
    4 5.985943 0.000002 0.000000 -0.010099 0.061774 0.445224
    5 4.268658 1.531896 -1.575000 1.045838 1.026129 -0.850360
    6 5.782729 0.000000 0.000001 2.961312 -0.088090 0.684153
    7 11.452759 0.000001 0.000000 0.000000 0.000000 -0.640830
    8 4.268658 1.531894 1.575000 -1.727416 -0.678208 0.021658
    9 5.782726 0.000004 0.000001 3.138337 0.095941 0.595618
    10 11.452763 0.000001 0.000004 0.000000 0.000000 -0.339508
    11 10.945534 -0.000007 -0.000034 0.968429 -0.238376 0.023153
    12 10.945518 -0.000005 0.000015 -1.493866 0.001288 0.401640
    13 -3.806942 0.000000 0.000000 -1.334180 -0.167694 -1.763936
    14 19.253841 0.000000 0.000000 0.000000 0.000000 0.025250
    15 6.694798 0.000000 0.000000 0.000000 0.000000 0.000000
    16 5.620499 0.000002 0.000000 2.788247 0.088503 -0.196961
    17 4.684906 0.000002 0.000000 -0.351375 0.023380 1.098275
    18 19.263098 0.000000 0.000000 0.000000 0.000000 0.138318
    19 17.589096 0.000000 0.000000 0.021660 -0.374153 -0.718973
    20 6.240662 0.000000 0.000000 -0.112043 0.023888 -0.374623
    21 3.806942 0.000000 0.000000 -2.238073 -0.387034 -1.236415
    22 6.694801 0.000000 0.000000 0.000000 0.000000 0.000000
    23 19.253845 0.000000 0.000000 0.000000 0.000000 0.025253
    24 3.147137 0.005680 -1.551346 0.204908 0.143273 -0.954241
    25 1.585903 0.000000 0.000000 0.011390 0.016585 -0.964682
    26 0.849087 0.000002 0.000000 -0.054430 -0.175364 -0.012812
    27 3.471079 0.213264 -0.574066 0.197841 0.103922 -1.056897
    28 1.897533 -0.000002 0.000000 -0.051937 -0.088263 -1.080741
    29 1.014454 0.000002 0.000000 0.002346 0.009693 0.056304
    30 3.750082 0.114767 0.430058 0.187201 0.067923 -1.244533
    31 2.258186 0.000000 0.000000 -0.042022 -0.053930 -0.856641
    32 1.210384 0.000001 0.000000 0.001810 0.011981 0.157202
    33 3.868294 -0.166636 1.490141 0.180581 0.034246 -1.190451
    34 1.786068 0.000000 0.000000 0.051300 0.063943 -1.015925
    35 1.044434 -0.000002 0.000000 0.001325 0.038484 0.095729
    36 1.121473 -1.351564 1.030998 1.138495 -0.607770 0.231042
    37 1.928116 0.000000 0.000000 -0.090105 -0.188036 -0.457011
    38 1.285145 -0.000001 0.000000 -0.000005 -0.040574 -1.047036
    39 19.263105 0.000000 0.000000 0.000000 0.000000 0.810035
    40 17.589100 0.000000 0.000000 -0.244532 -0.077953 -0.780882
    41 6.240662 0.000000 0.000000 0.020434 -0.027682 -0.445487
    42 5.884350 0.000000 0.000004 -0.126310 0.000000 0.000000
    43 11.768705 0.000000 0.000000 -0.238428 0.000000 0.000000
    44 11.679195 0.000000 0.000008 0.000000 0.000000 -0.161658
    45 3.147156 0.000065 1.551354 -0.201298 -0.143284 -0.649417
    46 1.585903 0.000000 0.000000 -0.011409 -0.016643 -1.331409
    47 0.849087 0.000000 0.000000 0.054379 0.175346 0.227690
    48 3.471100 0.211189 0.574833 -0.194213 -0.103888 -0.872699
    49 1.897533 0.000000 0.000000 0.051947 0.088323 -1.093272
    50 1.014446 0.000003 0.000000 -0.002359 -0.009725 0.111690
    51 3.750099 0.116322 -0.429641 -0.183614 -0.067994 -1.128857
    52 2.258183 0.000000 0.000000 0.042077 0.053977 -0.662652
    53 1.210392 0.000001 0.000000 -0.001842 -0.011976 0.162659
    54 3.868322 -0.161243 -1.490733 -0.177010 -0.034210 -1.024999
    55 1.786068 0.000002 0.000000 -0.051298 -0.063999 -0.749967
    56 1.044445 0.000000 0.000000 -0.001333 -0.038512 0.149883
    57 1.121502 -1.347836 -1.035880 -1.045302 0.582555 0.243500
    58 1.928122 0.000000 -0.000002 -0.000025 0.188108 -0.446082
    59 1.285141 0.000000 -0.000002 -0.000058 0.040588 -0.886387
    60 11.768703 0.000000 -0.000008 0.242666 0.000000 0.000000
    61 5.884356 0.000000 -0.000004 0.128617 0.000000 0.000000
    62 11.679195 0.000000 0.000000 0.000000 0.000000 -0.161657
    63 7.023272 -6.880002 4.339547 2.620672 -1.456011 -1.105365
    64 -15.125000 -12.609375 -6.816406 2.757964 0.524127 1.507668
    65 0.000000 -0.000007 -0.000031 1.373047 0.113574 0.124314
    66 -0.000004 -0.000007 -0.000031 1.373047 0.113574 0.124314
    67 3.348999 -1.371000 0.725000 1.977842 -0.088017 1.557794
    68 2.856895 -1.536201 -0.973800 -1.501147 -0.272558 -1.578261
    69 -0.000004 0.000000 10.000000 0.000000 0.000000 0.000000
    70 0.018894 0.665159 9.395880 0.000000 0.000000 0.000000
    71 2.000008 -3.000000 0.000000 -1.570796 0.000000 -1.326450
    72 3.028210 -0.923410 -2.009452 1.574082 -0.012974 1.587243
    73 0.116953 4.311607 0.061859 0.000010 0.000000 0.000000
    74 -0.000002 0.000000 0.000001 0.000000 0.000000 0.000000
    75 0.000000 1.000000 0.000010 0.000000 0.000000 0.000000
    76 -0.000002 0.000000 0.000000 0.000000 0.000000 0.000000
    77 -0.000002 0.000000 0.000000 0.000000 0.000000 0.000000
    78 -0.000002 0.000000 0.000000 0.000000 0.000000 0.000000
time 47
    0 -8.734375 -7.320313 26.000000 1.775337 0.027014 0.839370
    1 0.000000 4.246162 -0.018825 1.539221 -0.097848 1.517809
    2 4.195629 0.000000 0.000000 -0.028972 -0.028448 -0.174484
    3 3.883152 0.000001 0.000000 -0.033402 0.019139 -0.043321
    4 5.985943 0.000002 0.000000 -0.010616 0.060491 0.446535
    5 4.268658 1.531896 -1.575000 1.045915 1.035006 -0.847732
    6 5.782729 0.000000 0.000001 2.961192 -0.100173 0.688677
    7 11.452759 0.000001 0.000000 0.000000 0.000000 -0.655491
    8 4.268658 1.531894 1.575000 -1.723803 -0.678720 0.018280
    9 5.782726 0.000004 0.000001 -3.128846 0.092689 0.599495
    10 11.452763 0.000001 0.000004 0.000000 0.000000 -0.337144
    11 10.945534 -0.000007 -0.000034 0.938708 -0.242599 0.021167
    12 10.945518 -0.000005 0.000015 -1.508233 -0.002666 0.416187
    13 -3.806942 0.000000 0.000000 -1.337601 -0.157322 -1.777181
    14 19.253841 0.000000 0.000000 0.000000 0.000000 0.025250
    15 6.694798 0.000000 0.000000 0.000000 0.000000 0.000000
    16 5.620499 0.000002 0.000000 2.796143 0.092717 -0.202866
    17 4.684906 0.000002 0.000000 -0.346807 0.016502 1.105280
    18 19.263098 0.000000 0.000000 0.000000 0.000000 0.144203
    19 17.589096 0.000000 0.000000 0.003697 -0.391062 -0.714158
    20 6.240662 0.000000 0.000000 -0.112011 0.023817 -0.377698
    21 3.806942 0.000000 0.000000 -2.259992 -0.453858 -1.203723
    22 6.694801 0.000000 0.000000 0.000000 0.000000 0.000000
    23 19.253845 0.000000 0.000000 0.000000 0.000000 0.025253
    24 3.147137 0.005680 -1.551346 0.204908 0.143273 -0.954241
    25 1.585903 0.000000 0.000000 0.011390 0.016585 -0.964682
    26 0.849087 0.000002 0.000000 -0.054430 -0.175364 -0.012812
    27 3.471079 0.213264 -0.574066 0.197841 0.103922 -1.056897
    28 1.897533 -0.000002 0.000000 -0.051937 -0.088263 -1.080741
    29 1.014454 0.000002 0.000000 0.002346 0.009693 0.056304
    30 3.750082 0.114767 0.430058 0.187201 0.067923 -1.244533
    31 2.258186 0.000000 0.000000 -0.042022 -0.053930 -0.856641
    32 1.210384 0.000001 0.000000 0.001810 0.011981 0.157202
    33 3.868294 -0.166636 1.490141 0.180581 0.034246 -1.190451
    34 1.786068 0.000000 0.000000 0.051300 0.063943 -1.015925
    35 1.044434 -0.000002 0.000000 0.001325 0.038484 0.095729
    36 1.121473 -1.351564 1.030998 1.138495 -0.607770 0.231042
    37 1.928116 0.000000 0.000000 -0.090105 -0.188036 -0.457011
    38 1.285145 -0.000001 0.000000 -0.000005 -0.040574 -1.047036
    39 19.263105 0.000000 0.000000 0.000000 0.000000 0.883420
    40 17.589100 0.000000 0.000000 -0.293878 -0.063114 -0.765840
    41 6.240662 0.000000 0.000000 0.020417 -0.027717 -0.416498
    42 5.884350 0.000000 0.000004 -0.126310 0.000000 0.000000
    43 11.768705 0.000000 0.000000 -0.238428 0.000000 0.000000
    44 11.679195 0.000000 0.000008 0.000000 0.000000 -0.161658
    45 3.147156 0.000065 1.551354 -0.201298 -0.143284 -0.649417
    46 1.585903 0.000000 0.000000 -0.011409 -0.016643 -1.331409
    47 0.849087 0.000000 0.000000 0.054379 0.175346 0.227690
    48 3.471100 0.211189 0.574833 -0.194213 -0.103888 -0.872699
    49 1.897533 0.000000 0.000000 0.051947 0.088323 -1.093272
    50 1.014446 0.000003 0.000000 -0.002359 -0.009725 0.111690
    51 3.750099 0.116322 -0.429641 -0.183614 -0.067994 -1.128857
    52 2.258183 0.000000 0.000000 0.042077 0.053977 -0.662652
    53 1.210392 0.000001 0.000000 -0.001842 -0.011976 0.162659
    54 3.868322 -0.161243 -1.490733 -0.177010 -0.034210 -1.024999
    55 1.786068 0.000002 0.000000 -0.051298 -0.063999 -0.749967
    56 1.044445 0.000000 0.000000 -0.001333 -0.038512 0.149883
    57 1.121502 -1.347836 -1.035880 -1.045302 0.582555 0.243500
    58 1.928122 0.000000 -0.000002 -0.000025 0.188108 -0.446082
    59 1.285141 0.000000 -0.000002 -0.000058 0.040588 -0.886387
    60 11.768703 0.000000 -0.000008 0.242666 0.000000 0.000000
    61 5.884356 0.000000 -0.000004 0.128617 0.000000 0.000000
    62 11.679195 0.000000 0.000000 0.000000 0.000000 -0.161657
    63 7.023272 -6.880002 4.339547 2.620672 -1.456011 -1.105365
    64 -17.437500 -7.558594 -4.621094 2.736250 0.556999 1.494316
    65 0.000000 -0.000007 -0.000031 1.373047 0.113574 0.124314
    66 -0.000004 -0.000007 -0.000031 1.373047 0.113574 0.124314
    67 3.348999 -1.371000 0.725000 1.977842 -0.088017 1.557794
    68 2.856895 -1.536201 -0.973800 -1.501147 -0.272558 -1.578261
    69 -0.000004 0.000000 10.000000 0.000000 0.000000 0.000000
    70 0.018894 0.665159 9.395880 0.000000 0.000000 0.000000
    71 2.000008 -3.000000 0.000000 -1.570796 0.000000 -1.326450
    72 3.028210 -0.923410 -2.009452 1.574082 -0.012974 1.587243
    73 0.116953 4.311607 0.061859 0.000010 0.000000 0.000000
    74 -0.000002 0.000000 0.000001 0.000000 0.000000 0.000000
    75 0.000000 1.000000 0.000010 0.000000 0.000000 0.000000
    76 -0.000002 0.000000 0.000000 0.000000 0.000000 0.000000
    77 -0.000002 0.000000 0.000000 0.000000 0.000000 0.000000
    78 -0.000002 0.000000 0.000000 0.000000 0.000000 0.000000
time 48
    0 -8.750000 -7.207031 26.078125 1.773637 0.027840 0.851313
    1 0.000000 4.246162 -0.018825 1.539327 -0.093592 1.521670
    2 4.195629 0.000000 0.000000 -0.028877 -0.026301 -0.176334
    3 3.883152 0.000001 0.000000 -0.033395 0.019778 -0.041259
    4 5.985943 0.000002 0.000000 -0.010394 0.060057 0.451502
    5 4.268658 1.531896 -1.575000 1.060831 1.046501 -0.825691
    6 5.782729 0.000000 0.000001 2.951002 -0.117472 0.697046
    7 11.452759 0.000001 0.000000 0.000000 0.000000 -0.664251
    8 4.268658 1.531894 1.575000 -1.720290 -0.690535 0.020366
    9 5.782726 0.000004 0.000001 -3.121839 0.086503 0.612454
    10 11.452763 0.000001 0.000004 0.000000 0.000000 -0.333729
    11 10.945534 -0.000007 -0.000034 0.918114 -0.251755 0.021475
    12 10.945518 -0.000005 0.000015 -1.515080 -0.009874 0.421951
    13 -3.806942 0.000000 0.000000 -1.333568 -0.136804 -1.791667
    14 19.253841 0.000000 0.000000 0.000000 0.000000 0.025250
    15 6.694798 0.000000 0.000000 0.000000 0.000000 0.000000
    16 5.620499 0.000002 0.000000 2.803134 0.094687 -0.207168
    17 4.684906 0.000002 0.000000 -0.341925 0.011775 1.110747
    18 19.263098 0.000000 0.000000 0.000000 0.000000 0.163597
    19 17.589096 0.000000 0.000000 0.013991 -0.373961 -0.707737
    20 6.240662 0.000000 0.000000 -0.112060 0.023848 -0.394968
    21 3.806942 0.000000 0.000000 -2.289373 -0.511777 -1.169417
    22 6.694801 0.000000 0.000000 0.000000 0.000000 0.000000
    23 19.253845 0.000000 0.000000 0.000000 0.000000 0.025253
    24 3.147137 0.005680 -1.551346 0.204908 0.143273 -0.954241
    25 1.585903 0.000000 0.000000 0.011390 0.016585 -0.964682
    26 0.849087 0.000002 0.000000 -0.054430 -0.175364 -0.012812
    27 3.471079 0.213264 -0.574066 0.197841 0.103922 -1.056897
    28 1.897533 -0.000002 0.000000 -0.051937 -0.088263 -1.080741
    29 1.014454 0.000002 0.000000 0.002346 0.009693 0.056304
    30 3.750082 0.114767 0.430058 0.187201 0.067923 -1.244533
    31 2.258186 0.000000 0.000000 -0.042022 -0.053930 -0.856641
    32 1.210384 0.000001 0.000000 0.001810 0.011981 0.157202
    33 3.868294 -0.166636 1.490141 0.180581 0.034246 -1.190451
    34 1.786068 0.000000 0.000000 0.051300 0.063943 -1.015925
    35 1.044434 -0.000002 0.000000 0.001325 0.038484 0.095729
    36 1.121473 -1.351564 1.030998 1.138495 -0.607770 0.231042
    37 1.928116 0.000000 0.000000 -0.090105 -0.188036 -0.457011
    38 1.285145 -0.000001 0.000000 -0.000005 -0.040574 -1.047036
    39 19.263105 0.000000 0.000000 0.000000 0.000000 0.936954
    40 17.589100 0.000000 0.000000 -0.308584 -0.004176 -0.763456
    41 6.240662 0.000000 0.000000 0.020433 -0.027705 -0.417645
    42 5.884350 0.000000 0.000004 -0.126310 0.000000 0.000000
    43 11.768705 0.000000 0.000000 -0.238428 0.000000 0.000000
    44 11.679195 0.000000 0.000008 0.000000 0.000000 -0.161658
    45 3.147156 0.000065 1.551354 -0.201298 -0.143284 -0.649417
    46 1.585903 0.000000 0.000000 -0.011409 -0.016643 -1.331409
    47 0.849087 0.000000 0.000000 0.054379 0.175346 0.227690
    48 3.471100 0.211189 0.574833 -0.194213 -0.103888 -0.872699
    49 1.897533 0.000000 0.000000 0.051947 0.088323 -1.093272
    50 1.014446 0.000003 0.000000 -0.002359 -0.009725 0.111690
    51 3.750099 0.116322 -0.429641 -0.183614 -0.067994 -1.128857
    52 2.258183 0.000000 0.000000 0.042077 0.053977 -0.662652
    53 1.210392 0.000001 0.000000 -0.001842 -0.011976 0.162659
    54 3.868322 -0.161243 -1.490733 -0.177010 -0.034210 -1.024999
    55 1.786068 0.000002 0.000000 -0.051298 -0.063999 -0.749967
    56 1.044445 0.000000 0.000000 -0.001333 -0.038512 0.149883
    57 1.121502 -1.347836 -1.035880 -1.045302 0.582555 0.243500
    58 1.928122 0.000000 -0.000002 -0.000025 0.188108 -0.446082
    59 1.285141 0.000000 -0.000002 -0.000058 0.040588 -0.886387
    60 11.768703 0.000000 -0.000008 0.242666 0.000000 0.000000
    61 5.884356 0.000000 -0.000004 0.128617 0.000000 0.000000
    62 11.679195 0.000000 0.000000 0.000000 0.000000 -0.161657
    63 7.023272 -6.880002 4.339547 2.620672 -1.456011 -1.105365
    64 -19.812500 -4.472656 -1.713867 2.717399 0.575489 1.484406
    65 0.000000 -0.000007 -0.000031 1.373047 0.113574 0.124314
    66 -0.000004 -0.000007 -0.000031 1.373047 0.113574 0.124314
    67 3.348999 -1.371000 0.725000 1.977842 -0.088017 1.557794
    68 2.856895 -1.536201 -0.973800 -1.501147 -0.272558 -1.578261
    69 -0.000004 0.000000 10.000000 0.000000 0.000000 0.000000
    70 0.018894 0.665159 9.395880 0.000000 0.000000 0.000000
    71 2.000008 -3.000000 0.000000 -1.570796 0.000000 -1.326450
    72 3.028210 -0.923410 -2.009452 1.574082 -0.012974 1.587243
    73 0.116953 4.311607 0.061859 0.000010 0.000000 0.000000
    74 -0.000002 0.000000 0.000001 0.000000 0.000000 0.000000
    75 0.000000 1.000000 0.000010 0.000000 0.000000 0.000000
    76 -0.000002 0.000000 0.000000 0.000000 0.000000 0.000000
    77 -0.000002 0.000000 0.000000 0.000000 0.000000 0.000000
    78 -0.000002 0.000000 0.000000 0.000000 0.000000 0.000000
time 49
    0 -8.640625 -7.121094 26.125000 1.770206 0.029945 0.855725
    1 0.000000 4.246162 -0.018825 1.541039 -0.087825 1.526041
    2 4.195629 0.000000 0.000000 -0.027450 -0.023447 -0.179421
    3 3.883152 0.000001 0.000000 -0.031850 0.021398 -0.039111
    4 5.985943 0.000002 0.000000 -0.008122 0.060749 0.457066
    5 4.268658 1.531896 -1.575000 1.078207 1.048983 -0.800213
    6 5.782729 0.000000 0.000001 2.941737 -0.129642 0.700518
    7 11.452759 0.000001 0.000000 0.000000 0.000000 -0.671653
    8 4.268658 1.531894 1.575000 -1.716991 -0.701064 0.030344
    9 5.782726 0.000004 0.000001 -3.124597 0.085861 0.618024
    10 11.452763 0.000001 0.000004 0.000000 0.000000 -0.336706
    11 10.945534 -0.000007 -0.000034 0.901798 -0.259958 0.025878
    12 10.945518 -0.000005 0.000015 -1.522918 -0.015207 0.427573
    13 -3.806942 0.000000 0.000000 -1.324562 -0.109997 -1.809492
    14 19.253841 0.000000 0.000000 0.000000 0.000000 0.025250
    15 6.694798 0.000000 0.000000 0.000000 0.000000 0.000000
    16 5.620499 0.000002 0.000000 2.805295 0.094205 -0.211347
    17 4.684906 0.000002 0.000000 -0.339957 0.009879 1.116338
    18 19.263098 0.000000 0.000000 0.000000 0.000000 0.191938
    19 17.589096 0.000000 0.000000 0.049246 -0.333748 -0.711691
    20 6.240662 0.000000 0.000000 -0.112052 0.023832 -0.398582
    21 3.806942 0.000000 0.000000 -2.311892 -0.562170 -1.140443
    22 6.694801 0.000000 0.000000 0.000000 0.000000 0.000000
    23 19.253845 0.000000 0.000000 0.000000 0.000000 0.025253
    24 3.147137 0.005680 -1.551346 0.204908 0.143273 -0.954241
    25 1.585903 0.000000 0.000000 0.011390 0.016585 -0.964682
    26 0.849087 0.000002 0.000000 -0.054430 -0.175364 -0.012812
    27 3.471079 0.213264 -0.574066 0.197841 0.103922 -1.056897
    28 1.897533 -0.000002 0.000000 -0.051937 -0.088263 -1.080741
    29 1.014454 0.000002 0.000000 0.002346 0.009693 0.056304
    30 3.750082 0.114767 0.430058 0.187201 0.067923 -1.244533
    31 2.258186 0.000000 0.000000 -0.042022 -0.053930 -0.856641
    32 1.210384 0.000001 0.000000 0.001810 0.011981 0.157202
    33 3.868294 -0.166636 1.490141 0.180581 0.034246 -1.190451
    34 1.786068 0.000000 0.000000 0.051300 0.063943 -1.015925
    35 1.044434 -0.000002 0.000000 0.001325 0.038484 0.095729
    36 1.121473 -1.351564 1.030998 1.138495 -0.607770 0.231042
    37 1.928116 0.000000 0.000000 -0.090105 -0.188036 -0.457011
    38 1.285145 -0.000001 0.000000 -0.000005 -0.040574 -1.047036
    39 19.263105 0.000000 0.000000 0.000000 0.000000 0.969891
    40 17.589100 0.000000 0.000000 -0.315463 0.079103 -0.778494
    41 6.240662 0.000000 0.000000 0.020448 -0.027694 -0.418705
    42 5.884350 0.000000 0.000004 -0.126310 0.000000 0.000000
    43 11.768705 0.000000 0.000000 -0.238428 0.000000 0.000000
    44 11.679195 0.000000 0.000008 0.000000 0.000000 -0.161658
    45 3.147156 0.000065 1.551354 -0.201298 -0.143284 -0.649417
    46 1.585903 0.000000 0.000000 -0.011409 -0.016643 -1.331409
    47 0.849087 0.000000 0.000000 0.054379 0.175346 0.227690
    48 3.471100 0.211189 0.574833 -0.194213 -0.103888 -0.872699
    49 1.897533 0.000000 0.000000 0.051947 0.088323 -1.093272
    50 1.014446 0.000003 0.000000 -0.002359 -0.009725 0.111690
    51 3.750099 0.116322 -0.429641 -0.183614 -0.067994 -1.128857
    52 2.258183 0.000000 0.000000 0.042077 0.053977 -0.662652
    53 1.210392 0.000001 0.000000 -0.001842 -0.011976 0.162659
    54 3.868322 -0.161243 -1.490733 -0.177010 -0.034210 -1.024999
    55 1.786068 0.000002 0.000000 -0.051298 -0.063999 -0.749967
    56 1.044445 0.000000 0.000000 -0.001333 -0.038512 0.149883
    57 1.121502 -1.347836 -1.035880 -1.045302 0.582555 0.243500
    58 1.928122 0.000000 -0.000002 -0.000025 0.188108 -0.446082
    59 1.285141 0.000000 -0.000002 -0.000058 0.040588 -0.886387
    60 11.768703 0.000000 -0.000008 0.242666 0.000000 0.000000
    61 5.884356 0.000000 -0.000004 0.128617 0.000000 0.000000
    62 11.679195 0.000000 0.000000 0.000000 0.000000 -0.161657
    63 7.023272 -6.880002 4.339547 2.620672 -1.456011 -1.105365
    64 -21.593750 -3.460938 1.204102 2.702967 0.585583 1.480435
    65 0.000000 -0.000007 -0.000031 1.373047 0.113574 0.124314
    66 -0.000004 -0.000007 -0.000031 1.373047 0.113574 0.124314
    67 3.348999 -1.371000 0.725000 1.977842 -0.088017 1.557794
    68 2.856895 -1.536201 -0.973800 -1.501147 -0.272558 -1.578261
    69 -0.000004 0.000000 10.000000 0.000000 0.000000 0.000000
    70 0.018894 0.665159 9.395880 0.000000 0.000000 0.000000
    71 2.000008 -3.000000 0.000000 -1.570796 0.000000 -1.326450
    72 3.028210 -0.923410 -2.009452 1.574082 -0.012974 1.587243
    73 0.116953 4.311607 0.061859 0.000010 0.000000 0.000000
    74 -0.000002 0.000000 0.000001 0.000000 0.000000 0.000000
    75 0.000000 1.000000 0.000010 0.000000 0.000000 0.000000
    76 -0.000002 0.000000 0.000000 0.000000 0.000000 0.000000
    77 -0.000002 0.000000 0.000000 0.000000 0.000000 0.000000
    78 -0.000002 0.000000 0.000000 0.000000 0.000000 0.000000
time 50
    0 -8.476563 -7.046875 26.171875 1.765851 0.033807 0.851981
    1 0.000000 4.246162 -0.018825 1.543008 -0.084783 1.531682
    2 4.195629 0.000000 0.000000 -0.025774 -0.019763 -0.180956
    3 3.883152 0.000001 0.000000 -0.030059 0.022911 -0.038423
    4 5.985943 0.000002 0.000000 -0.005961 0.060622 0.459169
    5 4.268658 1.531896 -1.575000 1.088625 1.047870 -0.784005
    6 5.782729 0.000000 0.000001 2.940126 -0.133468 0.702360
    7 11.452759 0.000001 0.000000 0.000000 0.000000 -0.678514
    8 4.268658 1.531894 1.575000 -1.706309 -0.717327 0.033623
    9 5.782726 0.000004 0.000001 -3.134362 0.084233 0.624454
    10 11.452763 0.000001 0.000004 0.000000 0.000000 -0.344764
    11 10.945534 -0.000007 -0.000034 0.890173 -0.267158 0.032690
    12 10.945518 -0.000005 0.000015 -1.528961 -0.019724 0.433816
    13 -3.806942 0.000000 0.000000 -1.316011 -0.082662 -1.828983
    14 19.253841 0.000000 0.000000 0.000000 0.000000 0.025250
    15 6.694798 0.000000 0.000000 0.000000 0.000000 0.000000
    16 5.620499 0.000002 0.000000 2.808276 0.093076 -0.218972
    17 4.684906 0.000002 0.000000 -0.336778 0.007573 1.124674
    18 19.263098 0.000000 0.000000 0.000000 0.000000 0.223010
    19 17.589096 0.000000 0.000000 0.086695 -0.288013 -0.709439
    20 6.240662 0.000000 0.000000 -0.112011 0.023811 -0.400785
    21 3.806942 0.000000 0.000000 -2.325181 -0.606096 -1.116437
    22 6.694801 0.000000 0.000000 0.000000 0.000000 0.000000
    23 19.253845 0.000000 0.000000 0.000000 0.000000 0.025253
    24 3.147137 0.005680 -1.551346 0.204908 0.143273 -0.954241
    25 1.585903 0.000000 0.000000 0.011390 0.016585 -0.964682
    26 0.849087 0.000002 0.000000 -0.054430 -0.175364 -0.012812
    27 3.471079 0.213264 -0.574066 0.197841 0.103922 -1.056897
    28 1.897533 -0.000002 0.000000 -0.051937 -0.088263 -1.080741
    29 1.014454 0.000002 0.000000 0.002346 0.009693 0.056304
    30 3.750082 0.114767 0.430058 0.187201 0.067923 -1.244533
    31 2.258186 0.000000 0.000000 -0.042022 -0.053930 -0.856641
    32 1.210384 0.000001 0.000000 0.001810 0.011981 0.157202
    33 3.868294 -0.166636 1.490141 0.180581 0.034246 -1.190451
    34 1.786068 0.000000 0.000000 0.051300 0.063943 -1.015925
    35 1.044434 -0.000002 0.000000 0.001325 0.038484 0.095729
    36 1.121473 -1.351564 1.030998 1.138495 -0.607770 0.231042
    37 1.928116 0.000000 0.000000 -0.090105 -0.188036 -0.457011
    38 1.285145 -0.000001 0.000000 -0.000005 -0.040574 -1.047036
    39 19.263105 0.000000 0.000000 0.000000 0.000000 0.988182
    40 17.589100 0.000000 0.000000 -0.325120 0.162152 -0.808996
    41 6.240662 0.000000 0.000000 0.020383 -0.027708 -0.430980
    42 5.884350 0.000000 0.000004 -0.126310 0.000000 0.000000
    43 11.768705 0.000000 0.000000 -0.238428 0.000000 0.000000
    44 11.679195 0.000000 0.000008 0.000000 0.000000 -0.161658
    45 3.147156 0.000065 1.551354 -0.201298 -0.143284 -0.649417
    46 1.585903 0.000000 0.000000 -0.011409 -0.016643 -1.331409
    47 0.849087 0.000000 0.000000 0.054379 0.175346 0.227690
    48 3.471100 0.211189 0.574833 -0.194213 -0.103888 -0.872699
    49 1.897533 0.000000 0.000000 0.051947 0.088323 -1.093272
    50 1.014446 0.000003 0.000000 -0.002359 -0.009725 0.111690
    51 3.750099 0.116322 -0.429641 -0.183614 -0.067994 -1.128857
    52 2.258183 0.000000 0.000000 0.042077 0.053977 -0.662652
    53 1.210392 0.000001 0.000000 -0.001842 -0.011976 0.162659
    54 3.868322 -0.161243 -1.490733 -0.177010 -0.034210 -1.024999
    55 1.786068 0.000002 0.000000 -0.051298 -0.063999 -0.749967
    56 1.044445 0.000000 0.000000 -0.001333 -0.038512 0.149883
    57 1.121502 -1.347836 -1.035880 -1.045302 0.582555 0.243500
    58 1.928122 0.000000 -0.000002 -0.000025 0.188108 -0.446082
    59 1.285141 0.000000 -0.000002 -0.000058 0.040588 -0.886387
    60 11.768703 0.000000 -0.000008 0.242666 0.000000 0.000000
    61 5.884356 0.000000 -0.000004 0.128617 0.000000 0.000000
    62 11.679195 0.000000 0.000000 0.000000 0.000000 -0.161657
    63 7.023272 -6.880002 4.339547 2.620672 -1.456011 -1.105365
    64 -22.328125 -4.687500 3.748047 2.694816 0.589378 1.483489
    65 0.000000 -0.000007 -0.000031 1.373047 0.113574 0.124314
    66 -0.000004 -0.000007 -0.000031 1.373047 0.113574 0.124314
    67 3.348999 -1.371000 0.725000 1.977842 -0.088017 1.557794
    68 2.856895 -1.536201 -0.973800 -1.501147 -0.272558 -1.578261
    69 -0.000004 0.000000 10.000000 0.000000 0.000000 0.000000
    70 0.018894 0.665159 9.395880 0.000000 0.000000 0.000000
    71 2.000008 -3.000000 0.000000 -1.570796 0.000000 -1.326450
    72 3.028210 -0.923410 -2.009452 1.574082 -0.012974 1.587243
    73 0.116953 4.311607 0.061859 0.000010 0.000000 0.000000
    74 -0.000002 0.000000 0.000001 0.000000 0.000000 0.000000
    75 0.000000 1.000000 0.000010 0.000000 0.000000 0.000000
    76 -0.000002 0.000000 0.000000 0.000000 0.000000 0.000000
    77 -0.000002 0.000000 0.000000 0.000000 0.000000 0.000000
    78 -0.000002 0.000000 0.000000 0.000000 0.000000 0.000000
time 51
    0 -8.273438 -6.988281 26.234375 1.761307 0.040066 0.838774
    1 0.000000 4.246162 -0.018825 1.544703 -0.084719 1.537864
    2 4.195629 0.000000 0.000000 -0.024560 -0.015927 -0.181098
    3 3.883152 0.000001 0.000000 -0.028518 0.023807 -0.038159
    4 5.985943 0.000002 0.000000 -0.004617 0.059429 0.460090
    5 4.268658 1.531896 -1.575000 1.092109 1.055001 -0.777526
    6 5.782729 0.000000 0.000001 2.950859 -0.134123 0.709746
    7 11.452759 0.000001 0.000000 0.000000 0.000000 -0.683002
    8 4.268658 1.531894 1.575000 -1.704318 -0.737935 0.039236
    9 5.782726 0.000004 0.000001 -3.128868 0.088277 0.636500
    10 11.452763 0.000001 0.000004 0.000000 0.000000 -0.355372
    11 10.945534 -0.000007 -0.000034 0.884689 -0.273450 0.042388
    12 10.945518 -0.000005 0.000015 -1.535276 -0.024113 0.438349
    13 -3.806942 0.000000 0.000000 -1.304436 -0.059361 -1.848815
    14 19.253841 0.000000 0.000000 0.000000 0.000000 0.025250
    15 6.694798 0.000000 0.000000 0.000000 0.000000 0.000000
    16 5.620499 0.000002 0.000000 2.818047 0.094782 -0.230688
    17 4.684906 0.000002 0.000000 -0.329446 0.001309 1.136566
    18 19.263098 0.000000 0.000000 0.000000 0.000000 0.258662
    19 17.589096 0.000000 0.000000 0.103748 -0.245781 -0.714597
    20 6.240662 0.000000 0.000000 -0.112055 0.023816 -0.387386
    21 3.806942 0.000000 0.000000 -2.332894 -0.642044 -1.094086
    22 6.694801 0.000000 0.000000 0.000000 0.000000 0.000000
    23 19.253845 0.000000 0.000000 0.000000 0.000000 0.025253
    24 3.147137 0.005680 -1.551346 0.204908 0.143273 -0.954241
    25 1.585903 0.000000 0.000000 0.011390 0.016585 -0.964682
    26 0.849087 0.000002 0.000000 -0.054430 -0.175364 -0.012812
    27 3.471079 0.213264 -0.574066 0.197841 0.103922 -1.056897
    28 1.897533 -0.000002 0.000000 -0.051937 -0.088263 -1.080741
    29 1.014454 0.000002 0.000000 0.002346 0.009693 0.056304
    30 3.750082 0.114767 0.430058 0.187201 0.067923 -1.244533
    31 2.258186 0.000000 0.000000 -0.042022 -0.053930 -0.856641
    32 1.210384 0.000001 0.000000 0.001810 0.011981 0.157202
    33 3.868294 -0.166636 1.490141 0.180581 0.034246 -1.190451
    34 1.786068 0.000000 0.000000 0.051300 0.063943 -1.015925
    35 1.044434 -0.000002 0.000000 0.001325 0.038484 0.095729
    36 1.121473 -1.351564 1.030998 1.138495 -0.607770 0.231042
    37 1.928116 0.000000 0.000000 -0.090105 -0.188036 -0.457011
    38 1.285145 -0.000001 0.000000 -0.000005 -0.040574 -1.047036
    39 19.263105 0.000000 0.000000 0.000000 0.000000 0.994267
    40 17.589100 0.000000 0.000000 -0.327020 0.220390 -0.843467
    41 6.240662 0.000000 0.000000 0.020420 -0.027735 -0.438408
    42 5.884350 0.000000 0.000004 -0.126310 0.000000 0.000000
    43 11.768705 0.000000 0.000000 -0.238428 0.000000 0.000000
    44 11.679195 0.000000 0.000008 0.000000 0.000000 -0.161658
    45 3.147156 0.000065 1.551354 -0.201298 -0.143284 -0.649417
    46 1.585903 0.000000 0.000000 -0.011409 -0.016643 -1.331409
    47 0.849087 0.000000 0.000000 0.054379 0.175346 0.227690
    48 3.471100 0.211189 0.574833 -0.194213 -0.103888 -0.872699
    49 1.897533 0.000000 0.000000 0.051947 0.088323 -1.093272
    50 1.014446 0.000003 0.000000 -0.002359 -0.009725 0.111690
    51 3.750099 0.116322 -0.429641 -0.183614 -0.067994 -1.128857
    52 2.258183 0.000000 0.000000 0.042077 0.053977 -0.662652
    53 1.210392 0.000001 0.000000 -0.001842 -0.011976 0.162659
    54 3.868322 -0.161243 -1.490733 -0.177010 -0.034210 -1.024999
    55 1.786068 0.000002 0.000000 -0.051298 -0.063999 -0.749967
    56 1.044445 0.000000 0.000000 -0.001333 -0.038512 0.149883
    57 1.121502 -1.347836 -1.035880 -1.045302 0.582555 0.243500
    58 1.928122 0.000000 -0.000002 -0.000025 0.188108 -0.446082
    59 1.285141 0.000000 -0.000002 -0.000058 0.040588 -0.886387
    60 11.768703 0.000000 -0.000008 0.242666 0.000000 0.000000
    61 5.884356 0.000000 -0.000004 0.128617 0.000000 0.000000
    62 11.679195 0.000000 0.000000 0.000000 0.000000 -0.161657
    63 7.023272 -6.880002 4.339547 2.620672 -1.456011 -1.105365
    64 -21.921875 -7.406250 5.738281 2.693708 0.592994 1.493115
    65 0.000000 -0.000007 -0.000031 1.373047 0.113574 0.124314
    66 -0.000004 -0.000007 -0.000031 1.373047 0.113574 0.124314
    67 3.348999 -1.371000 0.725000 1.977842 -0.088017 1.557794
    68 2.856895 -1.536201 -0.973800 -1.501147 -0.272558 -1.578261
    69 -0.000004 0.000000 10.000000 0.000000 0.000000 0.000000
    70 0.018894 0.665159 9.395880 0.000000 0.000000 0.000000
    71 2.000008 -3.000000 0.000000 -1.570796 0.000000 -1.326450
    72 3.028210 -0.923410 -2.009452 1.574082 -0.012974 1.587243
    73 0.116953 4.311607 0.061859 0.000010 0.000000 0.000000
    74 -0.000002 0.000000 0.000001 0.000000 0.000000 0.000000
    75 0.000000 1.000000 0.000010 0.000000 0.000000 0.000000
    76 -0.000002 0.000000 0.000000 0.000000 0.000000 0.000000
    77 -0.000002 0.000000 0.000000 0.000000 0.000000 0.000000
    78 -0.000002 0.000000 0.000000 0.000000 0.000000 0.000000
time 52
    0 -8.046875 -6.957031 26.281250 1.755168 0.046289 0.813571
    1 0.000000 4.246162 -0.018825 1.546498 -0.088617 1.541719
    2 4.195629 0.000000 0.000000 -0.022884 -0.013498 -0.179228
    3 3.883152 0.000001 0.000000 -0.026817 0.024518 -0.039098
    4 5.985943 0.000002 0.000000 -0.003238 0.058379 0.457996
    5 4.268658 1.531896 -1.575000 1.092465 1.062968 -0.774244
    6 5.782729 0.000000 0.000001 2.963970 -0.131043 0.715098
    7 11.452759 0.000001 0.000000 0.000000 0.000000 -0.684193
    8 4.268658 1.531894 1.575000 -1.724188 -0.761746 0.054734
    9 5.782726 0.000004 0.000001 -3.102601 0.095404 0.656431
    10 11.452763 0.000001 0.000004 0.000000 0.000000 -0.363795
    11 10.945534 -0.000007 -0.000034 0.883528 -0.275929 0.056921
    12 10.945518 -0.000005 0.000015 -1.535901 -0.024140 0.437291
    13 -3.806942 0.000000 0.000000 -1.292357 -0.037722 -1.872032
    14 19.253841 0.000000 0.000000 0.000000 0.000000 0.025250
    15 6.694798 0.000000 0.000000 0.000000 0.000000 0.000000
    16 5.620499 0.000002 0.000000 2.831877 0.097663 -0.239660
    17 4.684906 0.000002 0.000000 -0.319016 -0.007808 1.146620
    18 19.263098 0.000000 0.000000 0.000000 0.000000 0.290035
    19 17.589096 0.000000 0.000000 0.106452 -0.218636 -0.721073
    20 6.240662 0.000000 0.000000 -0.112020 0.023838 -0.374003
    21 3.806942 0.000000 0.000000 -2.333497 -0.665193 -1.074850
    22 6.694801 0.000000 0.000000 0.000000 0.000000 0.000000
    23 19.253845 0.000000 0.000000 0.000000 0.000000 0.025253
    24 3.147137 0.005680 -1.551346 0.204908 0.143273 -0.954241
    25 1.585903 0.000000 0.000000 0.011390 0.016585 -0.964682
    26 0.849087 0.000002 0.000000 -0.054430 -0.175364 -0.012812
    27 3.471079 0.213264 -0.574066 0.197841 0.103922 -1.056897
    28 1.897533 -0.000002 0.000000 -0.051937 -0.088263 -1.080741
    29 1.014454 0.000002 0.000000 0.002346 0.009693 0.056304
    30 3.750082 0.114767 0.430058 0.187201 0.067923 -1.244533
    31 2.258186 0.000000 0.000000 -0.042022 -0.053930 -0.856641
    32 1.210384 0.000001 0.000000 0.001810 0.011981 0.157202
    33 3.868294 -0.166636 1.490141 0.180581 0.034246 -1.190451
    34 1.786068 0.000000 0.000000 0.051300 0.063943 -1.015925
    35 1.044434 -0.000002 0.000000 0.001325 0.038484 0.095729
    36 1.121473 -1.351564 1.030998 1.138495 -0.607770 0.231042
    37 1.928116 0.000000 0.000000 -0.090105 -0.188036 -0.457011
    38 1.285145 -0.000001 0.000000 -0.000005 -0.040574 -1.047036
    39 19.263105 0.000000 0.000000 0.000000 0.000000 0.990536
    40 17.589100 0.000000 0.000000 -0.340888 0.249263 -0.877609
    41 6.240662 0.000000 0.000000 0.020426 -0.027743 -0.449649
    42 5.884350 0.000000 0.000004 -0.126310 0.000000 0.000000
    43 11.768705 0.000000 0.000000 -0.238428 0.000000 0.000000
    44 11.679195 0.000000 0.000008 0.000000 0.000000 -0.161658
    45 3.147156 0.000065 1.551354 -0.201298 -0.143284 -0.649417
    46 1.585903 0.000000 0.000000 -0.011409 -0.016643 -1.331409
    47 0.849087 0.000000 0.000000 0.054379 0.175346 0.227690
    48 3.471100 0.211189 0.574833 -0.194213 -0.103888 -0.872699
    49 1.897533 0.000000 0.000000 0.051947 0.088323 -1.093272
    50 1.014446 0.000003 0.000000 -0.002359 -0.009725 0.111690
    51 3.750099 0.116322 -0.429641 -0.183614 -0.067994 -1.128857
    52 2.258183 0.000000 0.000000 0.042077 0.053977 -0.662652
    53 1.210392 0.000001 0.000000 -0.001842 -0.011976 0.162659
    54 3.868322 -0.161243 -1.490733 -0.177010 -0.034210 -1.024999
    55 1.786068 0.000002 0.000000 -0.051298 -0.063999 -0.749967
    56 1.044445 0.000000 0.000000 -0.001333 -0.038512 0.149883
    57 1.121502 -1.347836 -1.035880 -1.045302 0.582555 0.243500
    58 1.928122 0.000000 -0.000002 -0.000025 0.188108 -0.446082
    59 1.285141 0.000000 -0.000002 -0.000058 0.040588 -0.886387
    60 11.768703 0.000000 -0.000008 0.242666 0.000000 0.000000
    61 5.884356 0.000000 -0.000004 0.128617 0.000000 0.000000
    62 11.679195 0.000000 0.000000 0.000000 0.000000 -0.161657
    63 7.023272 -6.880002 4.339547 2.620672 -1.456011 -1.105365
    64 -20.640625 -10.648438 7.289063 2.702013 0.592725 1.508101
    65 0.000000 -0.000007 -0.000031 1.373047 0.113574 0.124314
    66 -0.000004 -0.000007 -0.000031 1.373047 0.113574 0.124314
    67 3.348999 -1.371000 0.725000 1.977842 -0.088017 1.557794
    68 2.856895 -1.536201 -0.973800 -1.501147 -0.272558 -1.578261
    69 -0.000004 0.000000 10.000000 0.000000 0.000000 0.000000
    70 0.018894 0.665159 9.395880 0.000000 0.000000 0.000000
    71 2.000008 -3.000000 0.000000 -1.570796 0.000000 -1.326450
    72 3.028210 -0.923410 -2.009452 1.574082 -0.012974 1.587243
    73 0.116953 4.311607 0.061859 0.000010 0.000000 0.000000
    74 -0.000002 0.000000 0.000001 0.000000 0.000000 0.000000
    75 0.000000 1.000000 0.000010 0.000000 0.000000 0.000000
    76 -0.000002 0.000000 0.000000 0.000000 0.000000 0.000000
    77 -0.000002 0.000000 0.000000 0.000000 0.000000 0.000000
    78 -0.000002 0.000000 0.000000 0.000000 0.000000 0.000000
time 53
    0 -7.738281 -6.980469 26.296875 1.746970 0.051741 0.774462
    1 0.000000 4.246162 -0.018825 1.549899 -0.093568 1.542569
    2 4.195629 0.000000 0.000000 -0.019802 -0.012242 -0.176744
    3 3.883152 0.000001 0.000000 -0.023834 0.025771 -0.040285
    4 5.985943 0.000002 0.000000 -0.000083 0.058158 0.455426
    5 4.268658 1.531896 -1.575000 1.088998 1.068187 -0.775471
    6 5.782729 0.000000 0.000001 2.972336 -0.127182 0.719318
    7 11.452759 0.000001 0.000000 0.000000 0.000000 -0.682269
    8 4.268658 1.531894 1.575000 -1.749227 -0.784770 0.071023
    9 5.782726 0.000004 0.000001 -3.091722 0.099432 0.673841
    10 11.452763 0.000001 0.000004 0.000000 0.000000 -0.375915
    11 10.945534 -0.000007 -0.000034 0.896648 -0.280897 0.076567
    12 10.945518 -0.000005 0.000015 -1.527752 -0.025273 0.432516
    13 -3.806942 0.000000 0.000000 -1.283122 -0.017150 -1.899302
    14 19.253841 0.000000 0.000000 0.000000 0.000000 0.025250
    15 6.694798 0.000000 0.000000 0.000000 0.000000 0.000000
    16 5.620499 0.000002 0.000000 2.839749 0.095513 -0.240550
    17 4.684906 0.000002 0.000000 -0.311240 -0.015239 1.153333
    18 19.263098 0.000000 0.000000 0.000000 0.000000 0.312999
    19 17.589096 0.000000 0.000000 0.109296 -0.208057 -0.728694
    20 6.240662 0.000000 0.000000 -0.112077 0.023829 -0.380517
    21 3.806942 0.000000 0.000000 -2.323743 -0.671410 -1.060830
    22 6.694801 0.000000 0.000000 0.000000 0.000000 0.000000
    23 19.253845 0.000000 0.000000 0.000000 0.000000 0.025253
    24 3.147137 0.005680 -1.551346 0.204908 0.143273 -0.954241
    25 1.585903 0.000000 0.000000 0.011390 0.016585 -0.964682
    26 0.849087 0.000002 0.000000 -0.054430 -0.175364 -0.012812
    27 3.471079 0.213264 -0.574066 0.197841 0.103922 -1.056897
    28 1.897533 -0.000002 0.000000 -0.051937 -0.088263 -1.080741
    29 1.014454 0.000002 0.000000 0.002346 0.009693 0.056304
    30 3.750082 0.114767 0.430058 0.187201 0.067923 -1.244533
    31 2.258186 0.000000 0.000000 -0.042022 -0.053930 -0.856641
    32 1.210384 0.000001 0.000000 0.001810 0.011981 0.157202
    33 3.868294 -0.166636 1.490141 0.180581 0.034246 -1.190451
    34 1.786068 0.000000 0.000000 0.051300 0.063943 -1.015925
    35 1.044434 -0.000002 0.000000 0.001325 0.038484 0.095729
    36 1.121473 -1.351564 1.030998 1.138495 -0.607770 0.231042
    37 1.928116 0.000000 0.000000 -0.090105 -0.188036 -0.457011
    38 1.285145 -0.000001 0.000000 -0.000005 -0.040574 -1.047036
    39 19.263105 0.000000 0.000000 0.000000 0.000000 0.977510
    40 17.589100 0.000000 0.000000 -0.340749 0.240853 -0.892971
    41 6.240662 0.000000 0.000000 0.020448 -0.027714 -0.440443
    42 5.884350 0.000000 0.000004 -0.126310 0.000000 0.000000
    43 11.768705 0.000000 0.000000 -0.238428 0.000000 0.000000
    44 11.679195 0.000000 0.000008 0.000000 0.000000 -0.161658
    45 3.147156 0.000065 1.551354 -0.201298 -0.143284 -0.649417
    46 1.585903 0.000000 0.000000 -0.011409 -0.016643 -1.331409
    47 0.849087 0.000000 0.000000 0.054379 0.175346 0.227690
    48 3.471100 0.211189 0.574833 -0.194213 -0.103888 -0.872699
    49 1.897533 0.000000 0.000000 0.051947 0.088323 -1.093272
    50 1.014446 0.000003 0.000000 -0.002359 -0.009725 0.111690
    51 3.750099 0.116322 -0.429641 -0.183614 -0.067994 -1.128857
    52 2.258183 0.000000 0.000000 0.042077 0.053977 -0.662652
    53 1.210392 0.000001 0.000000 -0.001842 -0.011976 0.162659
    54 3.868322 -0.161243 -1.490733 -0.177010 -0.034210 -1.024999
    55 1.786068 0.000002 0.000000 -0.051298 -0.063999 -0.749967
    56 1.044445 0.000000 0.000000 -0.001333 -0.038512 0.149883
    57 1.121502 -1.347836 -1.035880 -1.045302 0.582555 0.243500
    58 1.928122 0.000000 -0.000002 -0.000025 0.188108 -0.446082
    59 1.285141 0.000000 -0.000002 -0.000058 0.040588 -0.886387
    60 11.768703 0.000000 -0.000008 0.242666 0.000000 0.000000
    61 5.884356 0.000000 -0.000004 0.128617 0.000000 0.000000
    62 11.679195 0.000000 0.000000 0.000000 0.000000 -0.161657
    63 7.023272 -6.880002 4.339547 2.620672 -1.456011 -1.105365
    64 -18.562500 -14.156250 8.078125 2.722115 0.568393 1.532538
    65 0.000000 -0.000007 -0.000031 1.373047 0.113574 0.124314
    66 -0.000004 -0.000007 -0.000031 1.373047 0.113574 0.124314
    67 3.348999 -1.371000 0.725000 1.977842 -0.088017 1.557794
    68 2.856895 -1.536201 -0.973800 -1.501147 -0.272558 -1.578261
    69 -0.000004 0.000000 10.000000 0.000000 0.000000 0.000000
    70 0.018894 0.665159 9.395880 0.000000 0.000000 0.000000
    71 2.000008 -3.000000 0.000000 -1.570796 0.000000 -1.326450
    72 3.028210 -0.923410 -2.009452 1.574082 -0.012974 1.587243
    73 0.116953 4.311607 0.061859 0.000010 0.000000 0.000000
    74 -0.000002 0.000000 0.000001 0.000000 0.000000 0.000000
    75 0.000000 1.000000 0.000010 0.000000 0.000000 0.000000
    76 -0.000002 0.000000 0.000000 0.000000 0.000000 0.000000
    77 -0.000002 0.000000 0.000000 0.000000 0.000000 0.000000
    78 -0.000002 0.000000 0.000000 0.000000 0.000000 0.000000
time 54
    0 -7.406250 -7.074219 26.312500 1.742958 0.064797 0.719147
    1 0.000000 4.246162 -0.018825 1.554847 -0.094208 1.542753
    2 4.195629 0.000000 0.000000 -0.014936 -0.010424 -0.176783
    3 3.883152 0.000001 0.000000 -0.019462 0.030596 -0.041571
    4 5.985943 0.000002 0.000000 0.006567 0.062196 0.453891
    5 4.268658 1.531896 -1.575000 1.089761 1.072276 -0.771190
    6 5.782729 0.000000 0.000001 2.982366 -0.122730 0.724298
    7 11.452759 0.000001 0.000000 0.000000 0.000000 -0.677416
    8 4.268658 1.531894 1.575000 -1.775468 -0.812293 0.090874
    9 5.782726 0.000004 0.000001 -3.084851 0.108448 0.688700
    10 11.452763 0.000001 0.000004 0.000000 0.000000 -0.395353
    11 10.945534 -0.000007 -0.000034 0.916485 -0.287699 0.099011
    12 10.945518 -0.000005 0.000015 -1.515494 -0.025167 0.426679
    13 -3.806942 0.000000 0.000000 -1.269955 -0.008725 -1.920549
    14 19.253841 0.000000 0.000000 0.000000 0.000000 0.025250
    15 6.694798 0.000000 0.000000 0.000000 0.000000 0.000000
    16 5.620499 0.000002 0.000000 2.849083 0.092197 -0.242858
    17 4.684906 0.000002 0.000000 -0.301923 -0.020072 1.160278
    18 19.263098 0.000000 0.000000 0.000000 0.000000 0.327428
    19 17.589096 0.000000 0.000000 0.104392 -0.205050 -0.729200
    20 6.240662 0.000000 0.000000 -0.112081 0.023856 -0.388182
    21 3.806942 0.000000 0.000000 -2.321921 -0.658948 -1.036359
    22 6.694801 0.000000 0.000000 0.000000 0.000000 0.000000
    23 19.253845 0.000000 0.000000 0.000000 0.000000 0.025253
    24 3.147137 0.005680 -1.551346 0.204908 0.143273 -0.954241
    25 1.585903 0.000000 0.000000 0.011390 0.016585 -0.964682
    26 0.849087 0.000002 0.000000 -0.054430 -0.175364 -0.012812
    27 3.471079 0.213264 -0.574066 0.197841 0.103922 -1.056897
    28 1.897533 -0.000002 0.000000 -0.051937 -0.088263 -1.080741
    29 1.014454 0.000002 0.000000 0.002346 0.009693 0.056304
    30 3.750082 0.114767 0.430058 0.187201 0.067923 -1.244533
    31 2.258186 0.000000 0.000000 -0.042022 -0.053930 -0.856641
    32 1.210384 0.000001 0.000000 0.001810 0.011981 0.157202
    33 3.868294 -0.166636 1.490141 0.180581 0.034246 -1.190451
    34 1.786068 0.000000 0.000000 0.051300 0.063943 -1.015925
    35 1.044434 -0.000002 0.000000 0.001325 0.038484 0.095729
    36 1.121473 -1.351564 1.030998 1.138495 -0.607770 0.231042
    37 1.928116 0.000000 0.000000 -0.090105 -0.188036 -0.457011
    38 1.285145 -0.000001 0.000000 -0.000005 -0.040574 -1.047036
    39 19.263105 0.000000 0.000000 0.000000 0.000000 0.951882
    40 17.589100 0.000000 0.000000 -0.329437 0.221072 -0.880672
    41 6.240662 0.000000 0.000000 0.020406 -0.027691 -0.432660
    42 5.884350 0.000000 0.000004 -0.126310 0.000000 0.000000
    43 11.768705 0.000000 0.000000 -0.238428 0.000000 0.000000
    44 11.679195 0.000000 0.000008 0.000000 0.000000 -0.161658
    45 3.147156 0.000065 1.551354 -0.201298 -0.143284 -0.649417
    46 1.585903 0.000000 0.000000 -0.011409 -0.016643 -1.331409
    47 0.849087 0.000000 0.000000 0.054379 0.175346 0.227690
    48 3.471100 0.211189 0.574833 -0.194213 -0.103888 -0.872699
    49 1.897533 0.000000 0.000000 0.051947 0.088323 -1.093272
    50 1.014446 0.000003 0.000000 -0.002359 -0.009725 0.111690
    51 3.750099 0.116322 -0.429641 -0.183614 -0.067994 -1.128857
    52 2.258183 0.000000 0.000000 0.042077 0.053977 -0.662652
    53 1.210392 0.000001 0.000000 -0.001842 -0.011976 0.162659
    54 3.868322 -0.161243 -1.490733 -0.177010 -0.034210 -1.024999
    55 1.786068 0.000002 0.000000 -0.051298 -0.063999 -0.749967
    56 1.044445 0.000000 0.000000 -0.001333 -0.038512 0.149883
    57 1.121502 -1.347836 -1.035880 -1.045302 0.582555 0.243500
    58 1.928122 0.000000 -0.000002 -0.000025 0.188108 -0.446082
    59 1.285141 0.000000 -0.000002 -0.000058 0.040588 -0.886387
    60 11.768703 0.000000 -0.000008 0.242666 0.000000 0.000000
    61 5.884356 0.000000 -0.000004 0.128617 0.000000 0.000000
    62 11.679195 0.000000 0.000000 0.000000 0.000000 -0.161657
    63 7.023272 -6.880002 4.339547 2.620672 -1.456011 -1.105365
    64 -15.875000 -17.156250 7.972656 2.749500 0.534105 1.565128
    65 0.000000 -0.000007 -0.000031 1.373047 0.113574 0.124314
    66 -0.000004 -0.000007 -0.000031 1.373047 0.113574 0.124314
    67 3.348999 -1.371000 0.725000 1.977842 -0.088017 1.557794
    68 2.856895 -1.536201 -0.973800 -1.501147 -0.272558 -1.578261
    69 -0.000004 0.000000 10.000000 0.000000 0.000000 0.000000
    70 0.018894 0.665159 9.395880 0.000000 0.000000 0.000000
    71 2.000008 -3.000000 0.000000 -1.570796 0.000000 -1.326450
    72 3.028210 -0.923410 -2.009452 1.574082 -0.012974 1.587243
    73 0.116953 4.311607 0.061859 0.000010 0.000000 0.000000
    74 -0.000002 0.000000 0.000001 0.000000 0.000000 0.000000
    75 0.000000 1.000000 0.000010 0.000000 0.000000 0.000000
    76 -0.000002 0.000000 0.000000 0.000000 0.000000 0.000000
    77 -0.000002 0.000000 0.000000 0.000000 0.000000 0.000000
    78 -0.000002 0.000000 0.000000 0.000000 0.000000 0.000000
time 55
    0 -6.828125 -7.246094 26.250000 1.721434 0.065990 0.653156
    1 0.000000 4.246162 -0.018825 1.559845 -0.098766 1.539658
    2 4.195629 0.000000 0.000000 -0.009844 -0.011342 -0.173683
    3 3.883152 0.000001 0.000000 -0.014540 0.032005 -0.039779
    4 5.985943 0.000002 0.000000 0.011974 0.061926 0.455834
    5 4.268658 1.531896 -1.575000 1.086063 1.074197 -0.770551
    6 5.782729 0.000000 0.000001 3.002174 -0.108317 0.728423
    7 11.452759 0.000001 0.000000 0.000000 0.000000 -0.668270
    8 4.268658 1.531894 1.575000 -1.800461 -0.835290 0.116172
    9 5.782726 0.000004 0.000001 -3.076934 0.124742 0.699004
    10 11.452763 0.000001 0.000004 0.000000 0.000000 -0.414300
    11 10.945534 -0.000007 -0.000034 0.938648 -0.292126 0.119490
    12 10.945518 -0.000005 0.000015 -1.504427 -0.024911 0.413567
    13 -3.806942 0.000000 0.000000 -1.258278 0.015969 -1.959392
    14 19.253841 0.000000 0.000000 0.000000 0.000000 0.025250
    15 6.694798 0.000000 0.000000 0.000000 0.000000 0.000000
    16 5.620499 0.000002 0.000000 2.856837 0.091152 -0.246074
    17 4.684906 0.000002 0.000000 -0.294948 -0.022051 1.163792
    18 19.263098 0.000000 0.000000 0.000000 0.000000 0.339158
    19 17.589096 0.000000 0.000000 0.120040 -0.201256 -0.748997
    20 6.240662 0.000000 0.000000 -0.112046 0.023860 -0.386596
    21 3.806942 0.000000 0.000000 -2.287000 -0.611512 -1.045751
    22 6.694801 0.000000 0.000000 0.000000 0.000000 0.000000
    23 19.253845 0.000000 0.000000 0.000000 0.000000 0.025253
    24 3.147137 0.005680 -1.551346 0.204908 0.143273 -0.954241
    25 1.585903 0.000000 0.000000 0.011390 0.016585 -0.964682
    26 0.849087 0.000002 0.000000 -0.054430 -0.175364 -0.012812
    27 3.471079 0.213264 -0.574066 0.197841 0.103922 -1.056897
    28 1.897533 -0.000002 0.000000 -0.051937 -0.088263 -1.080741
    29 1.014454 0.000002 0.000000 0.002346 0.009693 0.056304
    30 3.750082 0.114767 0.430058 0.187201 0.067923 -1.244533
    31 2.258186 0.000000 0.000000 -0.042022 -0.053930 -0.856641
    32 1.210384 0.000001 0.000000 0.001810 0.011981 0.157202
    33 3.868294 -0.166636 1.490141 0.180581 0.034246 -1.190451
    34 1.786068 0.000000 0.000000 0.051300 0.063943 -1.015925
    35 1.044434 -0.000002 0.000000 0.001325 0.038484 0.095729
    36 1.121473 -1.351564 1.030998 1.138495 -0.607770 0.231042
    37 1.928116 0.000000 0.000000 -0.090105 -0.188036 -0.457011
    38 1.285145 -0.000001 0.000000 -0.000005 -0.040574 -1.047036
    39 19.263105 0.000000 0.000000 0.000000 0.000000 0.906401
    40 17.589100 0.000000 0.000000 -0.313759 0.217315 -0.839854
    41 6.240662 0.000000 0.000000 0.020420 -0.027747 -0.449206
    42 5.884350 0.000000 0.000004 -0.126310 0.000000 0.000000
    43 11.768705 0.000000 0.000000 -0.238428 0.000000 0.000000
    44 11.679195 0.000000 0.000008 0.000000 0.000000 -0.161658
    45 3.147156 0.000065 1.551354 -0.201298 -0.143284 -0.649417
    46 1.585903 0.000000 0.000000 -0.011409 -0.016643 -1.331409
    47 0.849087 0.000000 0.000000 0.054379 0.175346 0.227690
    48 3.471100 0.211189 0.574833 -0.194213 -0.103888 -0.872699
    49 1.897533 0.000000 0.000000 0.051947 0.088323 -1.093272
    50 1.014446 0.000003 0.000000 -0.002359 -0.009725 0.111690
    51 3.750099 0.116322 -0.429641 -0.183614 -0.067994 -1.128857
    52 2.258183 0.000000 0.000000 0.042077 0.053977 -0.662652
    53 1.210392 0.000001 0.000000 -0.001842 -0.011976 0.162659
    54 3.868322 -0.161243 -1.490733 -0.177010 -0.034210 -1.024999
    55 1.786068 0.000002 0.000000 -0.051298 -0.063999 -0.749967
    56 1.044445 0.000000 0.000000 -0.001333 -0.038512 0.149883
    57 1.121502 -1.347836 -1.035880 -1.045302 0.582555 0.243500
    58 1.928122 0.000000 -0.000002 -0.000025 0.188108 -0.446082
    59 1.285141 0.000000 -0.000002 -0.000058 0.040588 -0.886387
    60 11.768703 0.000000 -0.000008 0.242666 0.000000 0.000000
    61 5.884356 0.000000 -0.000004 0.128617 0.000000 0.000000
    62 11.679195 0.000000 0.000000 0.000000 0.000000 -0.161657
    63 7.023272 -6.880002 4.339547 2.620672 -1.456011 -1.105365
    64 -13.523438 -19.187500 7.433594 2.780720 0.495555 1.597925
    65 0.000000 -0.000007 -0.000031 1.373047 0.113574 0.124314
    66 -0.000004 -0.000007 -0.000031 1.373047 0.113574 0.124314
    67 3.348999 -1.371000 0.725000 1.977842 -0.088017 1.557794
    68 2.856895 -1.536201 -0.973800 -1.501147 -0.272558 -1.578261
    69 -0.000004 0.000000 10.000000 0.000000 0.000000 0.000000
    70 0.018894 0.665159 9.395880 0.000000 0.000000 0.000000
    71 2.000008 -3.000000 0.000000 -1.570796 0.000000 -1.326450
    72 3.028210 -0.923410 -2.009452 1.574082 -0.012974 1.587243
    73 0.116953 4.311607 0.061859 0.000010 0.000000 0.000000
    74 -0.000002 0.000000 0.000001 0.000000 0.000000 0.000000
    75 0.000000 1.000000 0.000010 0.000000 0.000000 0.000000
    76 -0.000002 0.000000 0.000000 0.000000 0.000000 0.000000
    77 -0.000002 0.000000 0.000000 0.000000 0.000000 0.000000
    78 -0.000002 0.000000 0.000000 0.000000 0.000000 0.000000
time 56
    0 -6.273438 -7.445313 26.171875 1.705414 0.076521 0.573455
    1 0.000000 4.246162 -0.018825 1.566418 -0.099304 1.542402
    2 4.195629 0.000000 0.000000 -0.003555 -0.008973 -0.172940
    3 3.883152 0.000001 0.000000 -0.007957 0.032227 -0.038292
    4 5.985943 0.000002 0.000000 0.017517 0.058066 0.457639
    5 4.268658 1.531896 -1.575000 1.090420 1.076420 -0.766178
    6 5.782729 0.000000 0.000001 3.019185 -0.087491 0.727914
    7 11.452759 0.000001 0.000000 0.000000 0.000000 -0.655583
    8 4.268658 1.531894 1.575000 -1.827451 -0.853220 0.133701
    9 5.782726 0.000004 0.000001 -3.063736 0.135648 0.711285
    10 11.452763 0.000001 0.000004 0.000000 0.000000 -0.427276
    11 10.945534 -0.000007 -0.000034 0.966201 -0.291593 0.136974
    12 10.945518 -0.000005 0.000015 -1.490138 -0.022913 0.397294
    13 -3.806942 0.000000 0.000000 -1.245327 0.021723 -1.990387
    14 19.253841 0.000000 0.000000 0.000000 0.000000 0.025250
    15 6.694798 0.000000 0.000000 0.000000 0.000000 0.000000
    16 5.620499 0.000002 0.000000 2.865976 0.091635 -0.247852
    17 4.684906 0.000002 0.000000 -0.287320 -0.024778 1.164431
    18 19.263098 0.000000 0.000000 0.000000 0.000000 0.350286
    19 17.589096 0.000000 0.000000 0.128256 -0.191557 -0.761806
    20 6.240662 0.000000 0.000000 -0.112020 0.023820 -0.385800
    21 3.806942 0.000000 0.000000 -2.253080 -0.546774 -1.050087
    22 6.694801 0.000000 0.000000 0.000000 0.000000 0.000000
    23 19.253845 0.000000 0.000000 0.000000 0.000000 0.025253
    24 3.147137 0.005680 -1.551346 0.204908 0.143273 -0.954241
    25 1.585903 0.000000 0.000000 0.011390 0.016585 -0.964682
    26 0.849087 0.000002 0.000000 -0.054430 -0.175364 -0.012812
    27 3.471079 0.213264 -0.574066 0.197841 0.103922 -1.056897
    28 1.897533 -0.000002 0.000000 -0.051937 -0.088263 -1.080741
    29 1.014454 0.000002 0.000000 0.002346 0.009693 0.056304
    30 3.750082 0.114767 0.430058 0.187201 0.067923 -1.244533
    31 2.258186 0.000000 0.000000 -0.042022 -0.053930 -0.856641
    32 1.210384 0.000001 0.000000 0.001810 0.011981 0.157202
    33 3.868294 -0.166636 1.490141 0.180581 0.034246 -1.190451
    34 1.786068 0.000000 0.000000 0.051300 0.063943 -1.015925
    35 1.044434 -0.000002 0.000000 0.001325 0.038484 0.095729
    36 1.121473 -1.351564 1.030998 1.138495 -0.607770 0.231042
    37 1.928116 0.000000 0.000000 -0.090105 -0.188036 -0.457011
    38 1.285145 -0.000001 0.000000 -0.000005 -0.040574 -1.047036
    39 19.263105 0.000000 0.000000 0.000000 0.000000 0.838488
    40 17.589100 0.000000 0.000000 -0.276377 0.216770 -0.799183
    41 6.240662 0.000000 0.000000 0.020471 -0.027723 -0.463565
    42 5.884350 0.000000 0.000004 -0.126310 0.000000 0.000000
    43 11.768705 0.000000 0.000000 -0.238428 0.000000 0.000000
    44 11.679195 0.000000 0.000008 0.000000 0.000000 -0.161658
    45 3.147156 0.000065 1.551354 -0.201298 -0.143284 -0.649417
    46 1.585903 0.000000 0.000000 -0.011409 -0.016643 -1.331409
    47 0.849087 0.000000 0.000000 0.054379 0.175346 0.227690
    48 3.471100 0.211189 0.574833 -0.194213 -0.103888 -0.872699
    49 1.897533 0.000000 0.000000 0.051947 0.088323 -1.093272
    50 1.014446 0.000003 0.000000 -0.002359 -0.009725 0.111690
    51 3.750099 0.116322 -0.429641 -0.183614 -0.067994 -1.128857
    52 2.258183 0.000000 0.000000 0.042077 0.053977 -0.662652
    53 1.210392 0.000001 0.000000 -0.001842 -0.011976 0.162659
    54 3.868322 -0.161243 -1.490733 -0.177010 -0.034210 -1.024999
    55 1.786068 0.000002 0.000000 -0.051298 -0.063999 -0.749967
    56 1.044445 0.000000 0.000000 -0.001333 -0.038512 0.149883
    57 1.121502 -1.347836 -1.035880 -1.045302 0.582555 0.243500
    58 1.928122 0.000000 -0.000002 -0.000025 0.188108 -0.446082
    59 1.285141 0.000000 -0.000002 -0.000058 0.040588 -0.886387
    60 11.768703 0.000000 -0.000008 0.242666 0.000000 0.000000
    61 5.884356 0.000000 -0.000004 0.128617 0.000000 0.000000
    62 11.679195 0.000000 0.000000 0.000000 0.000000 -0.161657
    63 7.023272 -6.880002 4.339547 2.620672 -1.456011 -1.105365
    64 -11.671875 -20.171875 6.832031 2.815650 0.450171 1.629355
    65 0.000000 -0.000007 -0.000031 1.373047 0.113574 0.124314
    66 -0.000004 -0.000007 -0.000031 1.373047 0.113574 0.124314
    67 3.348999 -1.371000 0.725000 1.977842 -0.088017 1.557794
    68 2.856895 -1.536201 -0.973800 -1.501147 -0.272558 -1.578261
    69 -0.000004 0.000000 10.000000 0.000000 0.000000 0.000000
    70 0.018894 0.665159 9.395880 0.000000 0.000000 0.000000
    71 2.000008 -3.000000 0.000000 -1.570796 0.000000 -1.326450
    72 3.028210 -0.923410 -2.009452 1.574082 -0.012974 1.587243
    73 0.116953 4.311607 0.061859 0.000010 0.000000 0.000000
    74 -0.000002 0.000000 0.000001 0.000000 0.000000 0.000000
    75 0.000000 1.000000 0.000010 0.000000 0.000000 0.000000
    76 -0.000002 0.000000 0.000000 0.000000 0.000000 0.000000
    77 -0.000002 0.000000 0.000000 0.000000 0.000000 0.000000
    78 -0.000002 0.000000 0.000000 0.000000 0.000000 0.000000
time 57
    0 -5.660156 -7.652344 26.046875 1.684137 0.088219 0.485661
    1 0.000000 4.246162 -0.018825 1.572200 -0.105469 1.547961
    2 4.195629 0.000000 0.000000 0.001822 -0.005130 -0.169320
    3 3.883152 0.000001 0.000000 -0.002265 0.032077 -0.038890
    4 5.985943 0.000002 0.000000 0.021855 0.053880 0.454422
    5 4.268658 1.531896 -1.575000 1.108232 1.072292 -0.746717
    6 5.782729 0.000000 0.000001 3.035311 -0.062471 0.721106
    7 11.452759 0.000001 0.000000 0.000000 0.000000 -0.640102
    8 4.268658 1.531894 1.575000 -1.848598 -0.870102 0.142513
    9 5.782726 0.000004 0.000001 -3.048523 0.143174 0.715783
    10 11.452763 0.000001 0.000004 0.000000 0.000000 -0.445845
    11 10.945534 -0.000007 -0.000034 1.002295 -0.285187 0.159795
    12 10.945518 -0.000005 0.000015 -1.472215 -0.019246 0.374380
    13 -3.806942 0.000000 0.000000 -1.234303 0.018931 -2.020390
    14 19.253841 0.000000 0.000000 0.000000 0.000000 0.025250
    15 6.694798 0.000000 0.000000 0.000000 0.000000 0.000000
    16 5.620499 0.000002 0.000000 2.869314 0.088848 -0.246630
    17 4.684906 0.000002 0.000000 -0.282275 -0.024781 1.161080
    18 19.263098 0.000000 0.000000 0.000000 0.000000 0.365638
    19 17.589096 0.000000 0.000000 0.147895 -0.168573 -0.769362
    20 6.240662 0.000000 0.000000 -0.112018 0.023885 -0.381312
    21 3.806942 0.000000 0.000000 -2.191188 -0.462998 -1.070554
    22 6.694801 0.000000 0.000000 0.000000 0.000000 0.000000
    23 19.253845 0.000000 0.000000 0.000000 0.000000 0.025253
    24 3.147137 0.005680 -1.551346 0.204908 0.143273 -0.954241
    25 1.585903 0.000000 0.000000 0.011390 0.016585 -0.964682
    26 0.849087 0.000002 0.000000 -0.054430 -0.175364 -0.012812
    27 3.471079 0.213264 -0.574066 0.197841 0.103922 -1.056897
    28 1.897533 -0.000002 0.000000 -0.051937 -0.088263 -1.080741
    29 1.014454 0.000002 0.000000 0.002346 0.009693 0.056304
    30 3.750082 0.114767 0.430058 0.187201 0.067923 -1.244533
    31 2.258186 0.000000 0.000000 -0.042022 -0.053930 -0.856641
    32 1.210384 0.000001 0.000000 0.001810 0.011981 0.157202
    33 3.868294 -0.166636 1.490141 0.180581 0.034246 -1.190451
    34 1.786068 0.000000 0.000000 0.051300 0.063943 -1.015925
    35 1.044434 -0.000002 0.000000 0.001325 0.038484 0.095729
    36 1.121473 -1.351564 1.030998 1.138495 -0.607770 0.231042
    37 1.928116 0.000000 0.000000 -0.090105 -0.188036 -0.457011
    38 1.285145 -0.000001 0.000000 -0.000005 -0.040574 -1.047036
    39 19.263105 0.000000 0.000000 0.000000 0.000000 0.748071
    40 17.589100 0.000000 0.000000 -0.236535 0.210392 -0.756655
    41 6.240662 0.000000 0.000000 0.020463 -0.027729 -0.463033
    42 5.884350 0.000000 0.000004 -0.126310 0.000000 0.000000
    43 11.768705 0.000000 0.000000 -0.238428 0.000000 0.000000
    44 11.679195 0.000000 0.000008 0.000000 0.000000 -0.161658
    45 3.147156 0.000065 1.551354 -0.201298 -0.143284 -0.649417
    46 1.585903 0.000000 0.000000 -0.011409 -0.016643 -1.331409
    47 0.849087 0.000000 0.000000 0.054379 0.175346 0.227690
    48 3.471100 0.211189 0.574833 -0.194213 -0.103888 -0.872699
    49 1.897533 0.000000 0.000000 0.051947 0.088323 -1.093272
    50 1.014446 0.000003 0.000000 -0.002359 -0.009725 0.111690
    51 3.750099 0.116322 -0.429641 -0.183614 -0.067994 -1.128857
    52 2.258183 0.000000 0.000000 0.042077 0.053977 -0.662652
    53 1.210392 0.000001 0.000000 -0.001842 -0.011976 0.162659
    54 3.868322 -0.161243 -1.490733 -0.177010 -0.034210 -1.024999
    55 1.786068 0.000002 0.000000 -0.051298 -0.063999 -0.749967
    56 1.044445 0.000000 0.000000 -0.001333 -0.038512 0.149883
    57 1.121502 -1.347836 -1.035880 -1.045302 0.582555 0.243500
    58 1.928122 0.000000 -0.000002 -0.000025 0.188108 -0.446082
    59 1.285141 0.000000 -0.000002 -0.000058 0.040588 -0.886387
    60 11.768703 0.000000 -0.000008 0.242666 0.000000 0.000000
    61 5.884356 0.000000 -0.000004 0.128617 0.000000 0.000000
    62 11.679195 0.000000 0.000000 0.000000 0.000000 -0.161657
    63 7.023272 -6.880002 4.339547 2.620672 -1.456011 -1.105365
    64 -10.273438 -20.703125 6.507813 2.852458 0.399887 1.663637
    65 0.000000 -0.000007 -0.000031 1.373047 0.113574 0.124314
    66 -0.000004 -0.000007 -0.000031 1.373047 0.113574 0.124314
    67 3.348999 -1.371000 0.725000 1.977842 -0.088017 1.557794
    68 2.856895 -1.536201 -0.973800 -1.501147 -0.272558 -1.578261
    69 -0.000004 0.000000 10.000000 0.000000 0.000000 0.000000
    70 0.018894 0.665159 9.395880 0.000000 0.000000 0.000000
    71 2.000008 -3.000000 0.000000 -1.570796 0.000000 -1.326450
    72 3.028210 -0.923410 -2.009452 1.574082 -0.012974 1.587243
    73 0.116953 4.311607 0.061859 0.000010 0.000000 0.000000
    74 -0.000002 0.000000 0.000001 0.000000 0.000000 0.000000
    75 0.000000 1.000000 0.000010 0.000000 0.000000 0.000000
    76 -0.000002 0.000000 0.000000 0.000000 0.000000 0.000000
    77 -0.000002 0.000000 0.000000 0.000000 0.000000 0.000000
    78 -0.000002 0.000000 0.000000 0.000000 0.000000 0.000000
time 58
    0 -4.937500 -7.902344 25.921875 1.666904 0.099277 0.381068
    1 0.000000 4.246162 -0.018825 1.578604 -0.106699 1.554290
    2 4.195629 0.000000 0.000000 0.007664 -0.000478 -0.168711
    3 3.883152 0.000001 0.000000 0.003649 0.033662 -0.039743
    4 5.985943 0.000002 0.000000 0.027502 0.052151 0.452074
    5 4.268658 1.531896 -1.575000 1.143949 1.066025 -0.703074
    6 5.782729 0.000000 0.000001 3.048421 -0.043758 0.718007
    7 11.452759 0.000001 0.000000 0.000000 0.000000 -0.616593
    8 4.268658 1.531894 1.575000 -1.873369 -0.892465 0.158242
    9 5.782726 0.000004 0.000001 -3.026807 0.159978 0.718833
    10 11.452763 0.000001 0.000004 0.000000 0.000000 -0.466050
    11 10.945534 -0.000007 -0.000034 1.047489 -0.271743 0.184916
    12 10.945518 -0.000005 0.000015 -1.446647 -0.014512 0.339014
    13 -3.806942 0.000000 0.000000 -1.215439 -0.002936 -2.051052
    14 19.253841 0.000000 0.000000 0.000000 0.000000 0.025250
    15 6.694798 0.000000 0.000000 0.000000 0.000000 0.000000
    16 5.620499 0.000002 0.000000 2.866938 0.078347 -0.242813
    17 4.684906 0.000002 0.000000 -0.278012 -0.018770 1.155901
    18 19.263098 0.000000 0.000000 0.000000 0.000000 0.379079
    19 17.589096 0.000000 0.000000 0.159777 -0.142776 -0.773189
    20 6.240662 0.000000 0.000000 -0.112014 0.023835 -0.365911
    21 3.806942 0.000000 0.000000 -2.119140 -0.365747 -1.102785
    22 6.694801 0.000000 0.000000 0.000000 0.000000 0.000000
    23 19.253845 0.000000 0.000000 0.000000 0.000000 0.025253
    24 3.147137 0.005680 -1.551346 0.204908 0.143273 -0.954241
    25 1.585903 0.000000 0.000000 0.011390 0.016585 -0.964682
    26 0.849087 0.000002 0.000000 -0.054430 -0.175364 -0.012812
    27 3.471079 0.213264 -0.574066 0.197841 0.103922 -1.056897
    28 1.897533 -0.000002 0.000000 -0.051937 -0.088263 -1.080741
    29 1.014454 0.000002 0.000000 0.002346 0.009693 0.056304
    30 3.750082 0.114767 0.430058 0.187201 0.067923 -1.244533
    31 2.258186 0.000000 0.000000 -0.042022 -0.053930 -0.856641
    32 1.210384 0.000001 0.000000 0.001810 0.011981 0.157202
    33 3.868294 -0.166636 1.490141 0.180581 0.034246 -1.190451
    34 1.786068 0.000000 0.000000 0.051300 0.063943 -1.015925
    35 1.044434 -0.000002 0.000000 0.001325 0.038484 0.095729
    36 1.121473 -1.351564 1.030998 1.138495 -0.607770 0.231042
    37 1.928116 0.000000 0.000000 -0.090105 -0.188036 -0.457011
    38 1.285145 -0.000001 0.000000 -0.000005 -0.040574 -1.047036
    39 19.263105 0.000000 0.000000 0.000000 0.000000 0.639647
    40 17.589100 0.000000 0.000000 -0.187347 0.183815 -0.705249
    41 6.240662 0.000000 0.000000 0.020433 -0.027709 -0.466936
    42 5.884350 0.000000 0.000004 -0.126310 0.000000 0.000000
    43 11.768705 0.000000 0.000000 -0.238428 0.000000 0.000000
    44 11.679195 0.000000 0.000008 0.000000 0.000000 -0.161658
    45 3.147156 0.000065 1.551354 -0.201298 -0.143284 -0.649417
    46 1.585903 0.000000 0.000000 -0.011409 -0.016643 -1.331409
    47 0.849087 0.000000 0.000000 0.054379 0.175346 0.227690
    48 3.471100 0.211189 0.574833 -0.194213 -0.103888 -0.872699
    49 1.897533 0.000000 0.000000 0.051947 0.088323 -1.093272
    50 1.014446 0.000003 0.000000 -0.002359 -0.009725 0.111690
    51 3.750099 0.116322 -0.429641 -0.183614 -0.067994 -1.128857
    52 2.258183 0.000000 0.000000 0.042077 0.053977 -0.662652
    53 1.210392 0.000001 0.000000 -0.001842 -0.011976 0.162659
    54 3.868322 -0.161243 -1.490733 -0.177010 -0.034210 -1.024999
    55 1.786068 0.000002 0.000000 -0.051298 -0.063999 -0.749967
    56 1.044445 0.000000 0.000000 -0.001333 -0.038512 0.149883
    57 1.121502 -1.347836 -1.035880 -1.045302 0.582555 0.243500
    58 1.928122 0.000000 -0.000002 -0.000025 0.188108 -0.446082
    59 1.285141 0.000000 -0.000002 -0.000058 0.040588 -0.886387
    60 11.768703 0.000000 -0.000008 0.242666 0.000000 0.000000
    61 5.884356 0.000000 -0.000004 0.128617 0.000000 0.000000
    62 11.679195 0.000000 0.000000 0.000000 0.000000 -0.161657
    63 7.023272 -6.880002 4.339547 2.620672 -1.456011 -1.105365
    64 -9.226563 -20.843750 6.464844 2.893574 0.345061 1.698292
    65 0.000000 -0.000007 -0.000031 1.373047 0.113574 0.124314
    66 -0.000004 -0.000007 -0.000031 1.373047 0.113574 0.124314
    67 3.348999 -1.371000 0.725000 1.977842 -0.088017 1.557794
    68 2.856895 -1.536201 -0.973800 -1.501147 -0.272558 -1.578261
    69 -0.000004 0.000000 10.000000 0.000000 0.000000 0.000000
    70 0.018894 0.665159 9.395880 0.000000 0.000000 0.000000
    71 2.000008 -3.000000 0.000000 -1.570796 0.000000 -1.326450
    72 3.028210 -0.923410 -2.009452 1.574082 -0.012974 1.587243
    73 0.116953 4.311607 0.061859 0.000010 0.000000 0.000000
    74 -0.000002 0.000000 0.000001 0.000000 0.000000 0.000000
    75 0.000000 1.000000 0.000010 0.000000 0.000000 0.000000
    76 -0.000002 0.000000 0.000000 0.000000 0.000000 0.000000
    77 -0.000002 0.000000 0.000000 0.000000 0.000000 0.000000
    78 -0.000002 0.000000 0.000000 0.000000 0.000000 0.000000
time 59
    0 -4.164063 -8.187500 25.750000 1.652065 0.109697 0.270377
    1 0.000000 4.246162 -0.018825 1.583329 -0.106321 1.562121
    2 4.195629 0.000000 0.000000 0.011987 0.004741 -0.169030
    3 3.883152 0.000001 0.000000 0.007913 0.035822 -0.040355
    4 5.985943 0.000002 0.000000 0.032290 0.052399 0.450272
    5 4.268658 1.531896 -1.575000 1.191426 1.056200 -0.645635
    6 5.782729 0.000000 0.000001 3.081686 -0.021669 0.715636
    7 11.452759 0.000001 0.000000 0.000000 0.000000 -0.584782
    8 4.268658 1.531894 1.575000 -1.886527 -0.919427 0.161428
    9 5.782726 0.000004 0.000001 -3.020624 0.172119 0.723912
    10 11.452763 0.000001 0.000004 0.000000 0.000000 -0.480436
    11 10.945534 -0.000007 -0.000034 1.106445 -0.258135 0.212598
    12 10.945518 -0.000005 0.000015 -1.423852 -0.006770 0.289104
    13 -3.806942 0.000000 0.000000 -1.186215 -0.037250 -2.077766
    14 19.253841 0.000000 0.000000 0.000000 0.000000 0.025250
    15 6.694798 0.000000 0.000000 0.000000 0.000000 0.000000
    16 5.620499 0.000002 0.000000 2.862393 0.061202 -0.236374
    17 4.684906 0.000002 0.000000 -0.272325 -0.007367 1.149051
    18 19.263098 0.000000 0.000000 0.000000 0.000000 0.392008
    19 17.589096 0.000000 0.000000 0.169015 -0.126279 -0.771657
    20 6.240662 0.000000 0.000000 -0.112048 0.023831 -0.367494
    21 3.806942 0.000000 0.000000 -2.036404 -0.268414 -1.144869
    22 6.694801 0.000000 0.000000 0.000000 0.000000 0.000000
    23 19.253845 0.000000 0.000000 0.000000 0.000000 0.025253
    24 3.147137 0.005680 -1.551346 0.204908 0.143273 -0.954241
    25 1.585903 0.000000 0.000000 0.011390 0.016585 -0.964682
    26 0.849087 0.000002 0.000000 -0.054430 -0.175364 -0.012812
    27 3.471079 0.213264 -0.574066 0.197841 0.103922 -1.056897
    28 1.897533 -0.000002 0.000000 -0.051937 -0.088263 -1.080741
    29 1.014454 0.000002 0.000000 0.002346 0.009693 0.056304
    30 3.750082 0.114767 0.430058 0.187201 0.067923 -1.244533
    31 2.258186 0.000000 0.000000 -0.042022 -0.053930 -0.856641
    32 1.210384 0.000001 0.000000 0.001810 0.011981 0.157202
    33 3.868294 -0.166636 1.490141 0.180581 0.034246 -1.190451
    34 1.786068 0.000000 0.000000 0.051300 0.063943 -1.015925
    35 1.044434 -0.000002 0.000000 0.001325 0.038484 0.095729
    36 1.121473 -1.351564 1.030998 1.138495 -0.607770 0.231042
    37 1.928116 0.000000 0.000000 -0.090105 -0.188036 -0.457011
    38 1.285145 -0.000001 0.000000 -0.000005 -0.040574 -1.047036
    39 19.263105 0.000000 0.000000 0.000000 0.000000 0.529650
    40 17.589100 0.000000 0.000000 -0.119083 0.122860 -0.657447
    41 6.240662 0.000000 0.000000 0.020403 -0.027731 -0.464718
    42 5.884350 0.000000 0.000004 -0.126310 0.000000 0.000000
    43 11.768705 0.000000 0.000000 -0.238428 0.000000 0.000000
    44 11.679195 0.000000 0.000008 0.000000 0.000000 -0.161658
    45 3.147156 0.000065 1.551354 -0.201298 -0.143284 -0.649417
    46 1.585903 0.000000 0.000000 -0.011409 -0.016643 -1.331409
    47 0.849087 0.000000 0.000000 0.054379 0.175346 0.227690
    48 3.471100 0.211189 0.574833 -0.194213 -0.103888 -0.872699
    49 1.897533 0.000000 0.000000 0.051947 0.088323 -1.093272
    50 1.014446 0.000003 0.000000 -0.002359 -0.009725 0.111690
    51 3.750099 0.116322 -0.429641 -0.183614 -0.067994 -1.128857
    52 2.258183 0.000000 0.000000 0.042077 0.053977 -0.662652
    53 1.210392 0.000001 0.000000 -0.001842 -0.011976 0.162659
    54 3.868322 -0.161243 -1.490733 -0.177010 -0.034210 -1.024999
    55 1.786068 0.000002 0.000000 -0.051298 -0.063999 -0.749967
    56 1.044445 0.000000 0.000000 -0.001333 -0.038512 0.149883
    57 1.121502 -1.347836 -1.035880 -1.045302 0.582555 0.243500
    58 1.928122 0.000000 -0.000002 -0.000025 0.188108 -0.446082
    59 1.285141 0.000000 -0.000002 -0.000058 0.040588 -0.886387
    60 11.768703 0.000000 -0.000008 0.242666 0.000000 0.000000
    61 5.884356 0.000000 -0.000004 0.128617 0.000000 0.000000
    62 11.679195 0.000000 0.000000 0.000000 0.000000 -0.161657
    63 7.023272 -6.880002 4.339547 2.620672 -1.456011 -1.105365
    64 -8.539063 -20.796875 6.402344 2.936106 0.270478 1.729217
    65 0.000000 -0.000007 -0.000031 1.373047 0.113574 0.124314
    66 -0.000004 -0.000007 -0.000031 1.373047 0.113574 0.124314
    67 3.348999 -1.371000 0.725000 1.977842 -0.088017 1.557794
    68 2.856895 -1.536201 -0.973800 -1.501147 -0.272558 -1.578261
    69 -0.000004 0.000000 10.000000 0.000000 0.000000 0.000000
    70 0.018894 0.665159 9.395880 0.000000 0.000000 0.000000
    71 2.000008 -3.000000 0.000000 -1.570796 0.000000 -1.326450
    72 3.028210 -0.923410 -2.009452 1.574082 -0.012974 1.587243
    73 0.116953 4.311607 0.061859 0.000010 0.000000 0.000000
    74 -0.000002 0.000000 0.000001 0.000000 0.000000 0.000000
    75 0.000000 1.000000 0.000010 0.000000 0.000000 0.000000
    76 -0.000002 0.000000 0.000000 0.000000 0.000000 0.000000
    77 -0.000002 0.000000 0.000000 0.000000 0.000000 0.000000
    78 -0.000002 0.000000 0.000000 0.000000 0.000000 0.000000
time 60
    0 -3.330078 -8.445313 25.546875 1.638568 0.117208 0.154463
    1 0.000000 4.246162 -0.018825 1.587278 -0.107837 1.570638
    2 4.195629 0.000000 0.000000 0.015439 0.010053 -0.168378
    3 3.883152 0.000001 0.000000 0.011474 0.037802 -0.041749
    4 5.985943 0.000002 0.000000 0.036396 0.053011 0.446690
    5 4.268658 1.531896 -1.575000 1.242894 1.041004 -0.582761
    6 5.782729 0.000000 0.000001 3.128607 0.003476 0.716077
    7 11.452759 0.000001 0.000000 0.000000 0.000000 -0.542093
    8 4.268658 1.531894 1.575000 -1.886585 -0.944448 0.153160
    9 5.782726 0.000004 0.000001 -3.029260 0.182822 0.726811
    10 11.452763 0.000001 0.000004 0.000000 0.000000 -0.489774
    11 10.945534 -0.000007 -0.000034 1.179805 -0.240691 0.236465
    12 10.945518 -0.000005 0.000015 -1.405586 0.002241 0.228842
    13 -3.806942 0.000000 0.000000 -1.162126 -0.087243 -2.100420
    14 19.253841 0.000000 0.000000 0.000000 0.000000 0.025250
    15 6.694798 0.000000 0.000000 0.000000 0.000000 0.000000
    16 5.620499 0.000002 0.000000 2.861303 0.039736 -0.227456
    17 4.684906 0.000002 0.000000 -0.261548 0.007946 1.139643
    18 19.263098 0.000000 0.000000 0.000000 0.000000 0.409009
    19 17.589096 0.000000 0.000000 0.176196 -0.108448 -0.759256
    20 6.240662 0.000000 0.000000 -0.112046 0.023813 -0.379283
    21 3.806942 0.000000 0.000000 -1.962339 -0.178611 -1.192220
    22 6.694801 0.000000 0.000000 0.000000 0.000000 0.000000
    23 19.253845 0.000000 0.000000 0.000000 0.000000 0.025253
    24 3.147137 0.005680 -1.551346 0.204908 0.143273 -0.954241
    25 1.585903 0.000000 0.000000 0.011390 0.016585 -0.964682
    26 0.849087 0.000002 0.000000 -0.054430 -0.175364 -0.012812
    27 3.471079 0.213264 -0.574066 0.197841 0.103922 -1.056897
    28 1.897533 -0.000002 0.000000 -0.051937 -0.088263 -1.080741
    29 1.014454 0.000002 0.000000 0.002346 0.009693 0.056304
    30 3.750082 0.114767 0.430058 0.187201 0.067923 -1.244533
    31 2.258186 0.000000 0.000000 -0.042022 -0.053930 -0.856641
    32 1.210384 0.000001 0.000000 0.001810 0.011981 0.157202
    33 3.868294 -0.166636 1.490141 0.180581 0.034246 -1.190451
    34 1.786068 0.000000 0.000000 0.051300 0.063943 -1.015925
    35 1.044434 -0.000002 0.000000 0.001325 0.038484 0.095729
    36 1.121473 -1.351564 1.030998 1.138475 -0.607693 0.231095
    37 1.928116 0.000000 0.000000 -0.090105 -0.188036 -0.457011
    38 1.285145 -0.000001 0.000000 -0.000005 -0.040574 -1.047036
    39 19.263105 0.000000 0.000000 0.000000 0.000000 0.436379
    40 17.589100 0.000000 0.000000 -0.056131 0.047996 -0.626721
    41 6.240662 0.000000 0.000000 0.020457 -0.027692 -0.468623
    42 5.884350 0.000000 0.000004 -0.126310 0.000000 0.000000
    43 11.768705 0.000000 0.000000 -0.238428 0.000000 0.000000
    44 11.679195 0.000000 0.000008 0.000000 0.000000 -0.161658
    45 3.147156 0.000065 1.551354 -0.201298 -0.143284 -0.649417
    46 1.585903 0.000000 0.000000 -0.011409 -0.016643 -1.331409
    47 0.849087 0.000000 0.000000 0.054379 0.175346 0.227690
    48 3.471100 0.211189 0.574833 -0.194213 -0.103888 -0.872699
    49 1.897533 0.000000 0.000000 0.051947 0.088323 -1.093272
    50 1.014446 0.000003 0.000000 -0.002359 -0.009725 0.111690
    51 3.750099 0.116322 -0.429641 -0.183614 -0.067994 -1.128857
    52 2.258183 0.000000 0.000000 0.042077 0.053977 -0.662652
    53 1.210392 0.000001 0.000000 -0.001842 -0.011976 0.162659
    54 3.868322 -0.161243 -1.490733 -0.177010 -0.034210 -1.024999
    55 1.786068 0.000002 0.000000 -0.051298 -0.063999 -0.749967
    56 1.044445 0.000000 0.000000 -0.001333 -0.038512 0.149883
    57 1.121502 -1.347836 -1.035880 -1.045302 0.582555 0.243500
    58 1.928122 0.000000 -0.000002 -0.000025 0.188108 -0.446082
    59 1.285141 0.000000 -0.000002 -0.000058 0.040588 -0.886387
    60 11.768703 0.000000 -0.000008 0.242666 0.000000 0.000000
    61 5.884356 0.000000 -0.000004 0.128617 0.000000 0.000000
    62 11.679195 0.000000 0.000000 0.000000 0.000000 -0.161657
    63 7.023272 -6.880002 4.339547 2.620672 -1.456011 -1.105365
    64 -8.218750 -20.625000 6.441406 2.978100 0.179282 1.755580
    65 0.000000 -0.000007 -0.000031 1.373047 0.113574 0.124314
    66 -0.000004 -0.000007 -0.000031 1.373047 0.113574 0.124314
    67 3.348999 -1.371000 0.725000 1.977842 -0.088017 1.557794
    68 2.856895 -1.536201 -0.973800 -1.501147 -0.272558 -1.578261
    69 -0.000004 0.000000 10.000000 0.000000 0.000000 0.000000
    70 0.018894 0.665159 9.395880 0.000000 0.000000 0.000000
    71 2.000008 -3.000000 0.000000 -1.570796 0.000000 -1.326450
    72 3.028210 -0.923410 -2.009452 1.574082 -0.012974 1.587243
    73 0.116953 4.311607 0.061859 0.000010 0.000000 0.000000
    74 -0.000002 0.000000 0.000001 0.000000 0.000000 0.000000
    75 0.000000 1.000000 0.000010 0.000000 0.000000 0.000000
    76 -0.000002 0.000000 0.000000 0.000000 0.000000 0.000000
    77 -0.000002 0.000000 0.000000 0.000000 0.000000 0.000000
    78 -0.000002 0.000000 0.000000 0.000000 0.000000 0.000000
time 61
    0 -2.486328 -8.640625 25.359375 1.626145 0.120457 0.043358
    1 0.000000 4.246162 -0.018825 1.589114 -0.115490 1.578802
    2 4.195629 0.000000 0.000000 0.016944 0.014046 -0.164788
    3 3.883152 0.000001 0.000000 0.012987 0.037078 -0.044834
    4 5.985943 0.000002 0.000000 0.036652 0.050931 0.438416
    5 4.268658 1.531896 -1.575000 1.287104 1.028638 -0.526769
    6 5.782729 0.000000 0.000001 -3.122849 0.023465 0.722659
    7 11.452759 0.000001 0.000000 0.000000 0.000000 -0.488439
    8 4.268658 1.531894 1.575000 -1.872173 -0.966255 0.125610
    9 5.782726 0.000004 0.000001 -3.043794 0.185574 0.734977
    10 11.452763 0.000001 0.000004 0.000000 0.000000 -0.491820
    11 10.945534 -0.000007 -0.000034 1.260769 -0.222147 0.255271
    12 10.945518 -0.000005 0.000015 -1.375394 0.015692 0.163520
    13 -3.806942 0.000000 0.000000 -1.140667 -0.146212 -2.117128
    14 19.253841 0.000000 0.000000 0.000000 0.000000 0.025250
    15 6.694798 0.000000 0.000000 0.000000 0.000000 0.000000
    16 5.620499 0.000002 0.000000 2.868630 0.020138 -0.222102
    17 4.684906 0.000002 0.000000 -0.244720 0.021829 1.130814
    18 19.263098 0.000000 0.000000 0.000000 0.000000 0.431605
    19 17.589096 0.000000 0.000000 0.175614 -0.100691 -0.736496
    20 6.240662 0.000000 0.000000 -0.112060 0.023848 -0.394968
    21 3.806942 0.000000 0.000000 -1.890024 -0.110766 -1.243131
    22 6.694801 0.000000 0.000000 0.000000 0.000000 0.000000
    23 19.253845 0.000000 0.000000 0.000000 0.000000 0.025253
    24 3.147137 0.005680 -1.551346 0.204908 0.143273 -0.954241
    25 1.585903 0.000000 0.000000 0.011390 0.016585 -0.964682
    26 0.849087 0.000002 0.000000 -0.054430 -0.175364 -0.012812
    27 3.471079 0.213264 -0.574066 0.197841 0.103922 -1.056897
    28 1.897533 -0.000002 0.000000 -0.051937 -0.088263 -1.080741
    29 1.014454 0.000002 0.000000 0.002346 0.009693 0.056304
    30 3.750082 0.114767 0.430058 0.187201 0.067923 -1.244533
    31 2.258186 0.000000 0.000000 -0.042022 -0.053930 -0.856641
    32 1.210384 0.000001 0.000000 0.001810 0.011981 0.157202
    33 3.868294 -0.166636 1.490141 0.180581 0.034246 -1.190451
    34 1.786068 0.000000 0.000000 0.051300 0.063943 -1.015925
    35 1.044434 -0.000002 0.000000 0.001325 0.038484 0.095729
    36 1.121473 -1.351564 1.030998 1.138475 -0.607693 0.231095
    37 1.928116 0.000000 0.000000 -0.090105 -0.188036 -0.457011
    38 1.285145 -0.000001 0.000000 -0.000005 -0.040574 -1.047036
    39 19.263105 0.000000 0.000000 0.000000 0.000000 0.377760
    40 17.589100 0.000000 0.000000 -0.042471 0.013855 -0.630109
    41 6.240662 0.000000 0.000000 0.020436 -0.027707 -0.467114
    42 5.884350 0.000000 0.000004 -0.126310 0.000000 0.000000
    43 11.768705 0.000000 0.000000 -0.238428 0.000000 0.000000
    44 11.679195 0.000000 0.000008 0.000000 0.000000 -0.161658
    45 3.147156 0.000065 1.551354 -0.201298 -0.143284 -0.649417
    46 1.585903 0.000000 0.000000 -0.011409 -0.016643 -1.331409
    47 0.849087 0.000000 0.000000 0.054379 0.175346 0.227690
    48 3.471100 0.211189 0.574833 -0.194213 -0.103888 -0.872699
    49 1.897533 0.000000 0.000000 0.051947 0.088323 -1.093272
    50 1.014446 0.000003 0.000000 -0.002359 -0.009725 0.111690
    51 3.750099 0.116322 -0.429641 -0.183614 -0.067994 -1.128857
    52 2.258183 0.000000 0.000000 0.042077 0.053977 -0.662652
    53 1.210392 0.000001 0.000000 -0.001842 -0.011976 0.162659
    54 3.868322 -0.161243 -1.490733 -0.177010 -0.034210 -1.024999
    55 1.786068 0.000002 0.000000 -0.051298 -0.063999 -0.749967
    56 1.044445 0.000000 0.000000 -0.001333 -0.038512 0.149883
    57 1.121502 -1.347836 -1.035880 -1.045302 0.582555 0.243500
    58 1.928122 0.000000 -0.000002 -0.000025 0.188108 -0.446082
    59 1.285141 0.000000 -0.000002 -0.000058 0.040588 -0.886387
    60 11.768703 0.000000 -0.000008 0.242666 0.000000 0.000000
    61 5.884356 0.000000 -0.000004 0.128617 0.000000 0.000000
    62 11.679195 0.000000 0.000000 0.000000 0.000000 -0.161657
    63 7.023272 -6.880002 4.339547 2.620672 -1.456011 -1.105365
    64 -8.226563 -20.390625 6.687500 3.016674 0.079085 1.775658
    65 0.000000 -0.000007 -0.000031 1.373047 0.113574 0.124314
    66 -0.000004 -0.000007 -0.000031 1.373047 0.113574 0.124314
    67 3.348999 -1.371000 0.725000 1.977842 -0.088017 1.557794
    68 2.856895 -1.536201 -0.973800 -1.501147 -0.272558 -1.578261
    69 -0.000004 0.000000 10.000000 0.000000 0.000000 0.000000
    70 0.018894 0.665159 9.395880 0.000000 0.000000 0.000000
    71 2.000008 -3.000000 0.000000 -1.570796 0.000000 -1.326450
    72 3.028210 -0.923410 -2.009452 1.574082 -0.012974 1.587243
    73 0.116953 4.311607 0.061859 0.000010 0.000000 0.000000
    74 -0.000002 0.000000 0.000001 0.000000 0.000000 0.000000
    75 0.000000 1.000000 0.000010 0.000000 0.000000 0.000000
    76 -0.000002 0.000000 0.000000 0.000000 0.000000 0.000000
    77 -0.000002 0.000000 0.000000 0.000000 0.000000 0.000000
    78 -0.000002 0.000000 0.000000 0.000000 0.000000 0.000000
time 62
    0 -1.710938 -8.750000 25.187500 1.615010 0.121302 -0.050319
    1 0.000000 4.246162 -0.018825 1.587686 -0.124486 1.585173
    2 4.195629 0.000000 0.000000 0.015128 0.016543 -0.160105
    3 3.883152 0.000001 0.000000 0.011467 0.034804 -0.045738
    4 5.985943 0.000002 0.000000 0.033489 0.047964 0.434365
    5 4.268658 1.531896 -1.575000 1.322159 1.014271 -0.477947
    6 5.782729 0.000000 0.000001 -3.107101 0.031631 0.723383
    7 11.452759 0.000001 0.000000 0.000000 0.000000 -0.435229
    8 4.268658 1.531894 1.575000 -1.845942 -0.974335 0.078461
    9 5.782726 0.000004 0.000001 -3.062378 0.182699 0.734854
    10 11.452763 0.000001 0.000004 0.000000 0.000000 -0.497430
    11 10.945534 -0.000007 -0.000034 1.342719 -0.208689 0.274574
    12 10.945518 -0.000005 0.000015 -1.334563 0.036017 0.103605
    13 -3.806942 0.000000 0.000000 -1.119569 -0.202638 -2.122805
    14 19.253841 0.000000 0.000000 0.000000 0.000000 0.025250
    15 6.694798 0.000000 0.000000 0.000000 0.000000 0.000000
    16 5.620499 0.000002 0.000000 2.877758 0.002565 -0.224087
    17 4.684906 0.000002 0.000000 -0.227562 0.034887 1.126686
    18 19.263098 0.000000 0.000000 0.000000 0.000000 0.455676
    19 17.589096 0.000000 0.000000 0.169601 -0.110292 -0.709868
    20 6.240662 0.000000 0.000000 -0.112056 0.023890 -0.371280
    21 3.806942 0.000000 0.000000 -1.833020 -0.066545 -1.289848
    22 6.694801 0.000000 0.000000 0.000000 0.000000 0.000000
    23 19.253845 0.000000 0.000000 0.000000 0.000000 0.025253
    24 3.147137 0.005680 -1.551346 0.204908 0.143273 -0.954241
    25 1.585903 0.000000 0.000000 0.011390 0.016585 -0.964682
    26 0.849087 0.000002 0.000000 -0.054430 -0.175364 -0.012812
    27 3.471079 0.213264 -0.574066 0.197841 0.103922 -1.056897
    28 1.897533 -0.000002 0.000000 -0.051937 -0.088263 -1.080741
    29 1.014454 0.000002 0.000000 0.002346 0.009693 0.056304
    30 3.750082 0.114767 0.430058 0.187201 0.067923 -1.244533
    31 2.258186 0.000000 0.000000 -0.042022 -0.053930 -0.856641
    32 1.210384 0.000001 0.000000 0.001810 0.011981 0.157202
    33 3.868294 -0.166636 1.490141 0.180581 0.034246 -1.190451
    34 1.786068 0.000000 0.000000 0.051300 0.063943 -1.015925
    35 1.044434 -0.000002 0.000000 0.001325 0.038484 0.095729
    36 1.121473 -1.351564 1.030998 1.138475 -0.607693 0.231095
    37 1.928116 0.000000 0.000000 -0.090105 -0.188036 -0.457011
    38 1.285145 -0.000001 0.000000 -0.000005 -0.040574 -1.047036
    39 19.263105 0.000000 0.000000 0.000000 0.000000 0.344589
    40 17.589100 0.000000 0.000000 -0.034314 0.050495 -0.649472
    41 6.240662 0.000000 0.000000 0.020421 -0.027729 -0.503848
    42 5.884350 0.000000 0.000004 -0.126310 0.000000 0.000000
    43 11.768705 0.000000 0.000000 -0.238428 0.000000 0.000000
    44 11.679195 0.000000 0.000008 0.000000 0.000000 -0.161658
    45 3.147156 0.000065 1.551354 -0.201298 -0.143284 -0.649417
    46 1.585903 0.000000 0.000000 -0.011409 -0.016643 -1.331409
    47 0.849087 0.000000 0.000000 0.054379 0.175346 0.227690
    48 3.471100 0.211189 0.574833 -0.194213 -0.103888 -0.872699
    49 1.897533 0.000000 0.000000 0.051947 0.088323 -1.093272
    50 1.014446 0.000003 0.000000 -0.002359 -0.009725 0.111690
    51 3.750099 0.116322 -0.429641 -0.183614 -0.067994 -1.128857
    52 2.258183 0.000000 0.000000 0.042077 0.053977 -0.662652
    53 1.210392 0.000001 0.000000 -0.001842 -0.011976 0.162659
    54 3.868322 -0.161243 -1.490733 -0.177010 -0.034210 -1.024999
    55 1.786068 0.000002 0.000000 -0.051298 -0.063999 -0.749967
    56 1.044445 0.000000 0.000000 -0.001333 -0.038512 0.149883
    57 1.121502 -1.347836 -1.035880 -1.045302 0.582555 0.243500
    58 1.928122 0.000000 -0.000002 -0.000025 0.188108 -0.446082
    59 1.285141 0.000000 -0.000002 -0.000058 0.040588 -0.886387
    60 11.768703 0.000000 -0.000008 0.242666 0.000000 0.000000
    61 5.884356 0.000000 -0.000004 0.128617 0.000000 0.000000
    62 11.679195 0.000000 0.000000 0.000000 0.000000 -0.161657
    63 7.023272 -6.880002 4.339547 2.620672 -1.456011 -1.105365
    64 -8.437500 -20.156250 7.105469 3.047797 -0.022213 1.793611
    65 0.000000 -0.000007 -0.000031 1.373047 0.113574 0.124314
    66 -0.000004 -0.000007 -0.000031 1.373047 0.113574 0.124314
    67 3.348999 -1.371000 0.725000 1.977842 -0.088017 1.557794
    68 2.856895 -1.536201 -0.973800 -1.501147 -0.272558 -1.578261
    69 -0.000004 0.000000 10.000000 0.000000 0.000000 0.000000
    70 0.018894 0.665159 9.395880 0.000000 0.000000 0.000000
    71 2.000008 -3.000000 0.000000 -1.570796 0.000000 -1.326450
    72 3.028210 -0.923410 -2.009452 1.574082 -0.012974 1.587243
    73 0.116953 4.311607 0.061859 0.000010 0.000000 0.000000
    74 -0.000002 0.000000 0.000001 0.000000 0.000000 0.000000
    75 0.000000 1.000000 0.000010 0.000000 0.000000 0.000000
    76 -0.000002 0.000000 0.000000 0.000000 0.000000 0.000000
    77 -0.000002 0.000000 0.000000 0.000000 0.000000 0.000000
    78 -0.000002 0.000000 0.000000 0.000000 0.000000 0.000000
time 63
    0 -1.038086 -8.757813 25.093750 1.609531 0.122970 -0.117038
    1 0.000000 4.246162 -0.018825 1.583751 -0.132030 1.592656
    2 4.195629 0.000000 0.000000 0.011156 0.018972 -0.156400
    3 3.883152 0.000001 0.000000 0.007911 0.030584 -0.047369
    4 5.985943 0.000002 0.000000 0.027021 0.042446 0.429401
    5 4.268658 1.531896 -1.575000 1.357053 1.008200 -0.431096
    6 5.782729 0.000000 0.000001 -3.118306 0.034181 0.728362
    7 11.452759 0.000001 0.000000 0.000000 0.000000 -0.383650
    8 4.268658 1.531894 1.575000 -1.836346 -0.973101 0.048115
    9 5.782726 0.000004 0.000001 -3.081135 0.175832 0.738197
    10 11.452763 0.000001 0.000004 0.000000 0.000000 -0.504380
    11 10.945534 -0.000007 -0.000034 1.426318 -0.190317 0.285149
    12 10.945518 -0.000005 0.000015 -1.289506 0.059690 0.058541
    13 -3.806942 0.000000 0.000000 -1.099636 -0.254859 -2.116807
    14 19.253841 0.000000 0.000000 0.000000 0.000000 0.025250
    15 6.694798 0.000000 0.000000 0.000000 0.000000 0.000000
    16 5.620499 0.000002 0.000000 2.875989 -0.013638 -0.223183
    17 4.684906 0.000002 0.000000 -0.220806 0.050453 1.121309
    18 19.263098 0.000000 0.000000 0.000000 0.000000 0.484170
    19 17.589096 0.000000 0.000000 0.154165 -0.145886 -0.680990
    20 6.240662 0.000000 0.000000 -0.112046 0.023819 -0.359582
    21 3.806942 0.000000 0.000000 -1.845686 -0.046394 -1.319537
    22 6.694801 0.000000 0.000000 0.000000 0.000000 0.000000
    23 19.253845 0.000000 0.000000 0.000000 0.000000 0.025253
    24 3.147137 0.005680 -1.551346 0.204908 0.143273 -0.954241
    25 1.585903 0.000000 0.000000 0.011390 0.016585 -0.964682
    26 0.849087 0.000002 0.000000 -0.054430 -0.175364 -0.012812
    27 3.471079 0.213264 -0.574066 0.197841 0.103922 -1.056897
    28 1.897533 -0.000002 0.000000 -0.051937 -0.088263 -1.080741
    29 1.014454 0.000002 0.000000 0.002346 0.009693 0.056304
    30 3.750082 0.114767 0.430058 0.187201 0.067923 -1.244533
    31 2.258186 0.000000 0.000000 -0.042022 -0.053930 -0.856641
    32 1.210384 0.000001 0.000000 0.001810 0.011981 0.157202
    33 3.868294 -0.166636 1.490141 0.180581 0.034246 -1.190451
    34 1.786068 0.000000 0.000000 0.051300 0.063943 -1.015925
    35 1.044434 -0.000002 0.000000 0.001325 0.038484 0.095729
    36 1.121473 -1.351564 1.030998 1.138475 -0.607693 0.231095
    37 1.928116 0.000000 0.000000 -0.090105 -0.188036 -0.457011
    38 1.285145 -0.000001 0.000000 -0.000005 -0.040574 -1.047036
    39 19.263105 0.000000 0.000000 0.000000 0.000000 0.325503
    40 17.589100 0.000000 0.000000 0.054888 0.185220 -0.649177
    41 6.240662 0.000000 0.000000 0.020470 -0.027712 -0.517858
    42 5.884350 0.000000 0.000004 -0.126310 0.000000 0.000000
    43 11.768705 0.000000 0.000000 -0.238428 0.000000 0.000000
    44 11.679195 0.000000 0.000008 0.000000 0.000000 -0.161658
    45 3.147156 0.000065 1.551354 -0.201298 -0.143284 -0.649417
    46 1.585903 0.000000 0.000000 -0.011409 -0.016643 -1.331409
    47 0.849087 0.000000 0.000000 0.054379 0.175346 0.227690
    48 3.471100 0.211189 0.574833 -0.194213 -0.103888 -0.872699
    49 1.897533 0.000000 0.000000 0.051947 0.088323 -1.093272
    50 1.014446 0.000003 0.000000 -0.002359 -0.009725 0.111690
    51 3.750099 0.116322 -0.429641 -0.183614 -0.067994 -1.128857
    52 2.258183 0.000000 0.000000 0.042077 0.053977 -0.662652
    53 1.210392 0.000001 0.000000 -0.001842 -0.011976 0.162659
    54 3.868322 -0.161243 -1.490733 -0.177010 -0.034210 -1.024999
    55 1.786068 0.000002 0.000000 -0.051298 -0.063999 -0.749967
    56 1.044445 0.000000 0.000000 -0.001333 -0.038512 0.149883
    57 1.121502 -1.347836 -1.035880 -1.045302 0.582555 0.243500
    58 1.928122 0.000000 -0.000002 -0.000025 0.188108 -0.446082
    59 1.285141 0.000000 -0.000002 -0.000058 0.040588 -0.886387
    60 11.768703 0.000000 -0.000008 0.242666 0.000000 0.000000
    61 5.884356 0.000000 -0.000004 0.128617 0.000000 0.000000
    62 11.679195 0.000000 0.000000 0.000000 0.000000 -0.161657
    63 7.023272 -6.880002 4.339547 2.620672 -1.456011 -1.105365
    64 -8.859375 -19.937500 7.531250 3.070523 -0.120442 1.809508
    65 0.000000 -0.000007 -0.000031 1.373047 0.113574 0.124314
    66 -0.000004 -0.000007 -0.000031 1.373047 0.113574 0.124314
    67 3.348999 -1.371000 0.725000 1.977842 -0.088017 1.557794
    68 2.856895 -1.536201 -0.973800 -1.501147 -0.272558 -1.578261
    69 -0.000004 0.000000 10.000000 0.000000 0.000000 0.000000
    70 0.018894 0.665159 9.395880 0.000000 0.000000 0.000000
    71 2.000008 -3.000000 0.000000 -1.570796 0.000000 -1.326450
    72 3.028210 -0.923410 -2.009452 1.574082 -0.012974 1.587243
    73 0.116953 4.311607 0.061859 0.000010 0.000000 0.000000
    74 -0.000002 0.000000 0.000001 0.000000 0.000000 0.000000
    75 0.000000 1.000000 0.000010 0.000000 0.000000 0.000000
    76 -0.000002 0.000000 0.000000 0.000000 0.000000 0.000000
    77 -0.000002 0.000000 0.000000 0.000000 0.000000 0.000000
    78 -0.000002 0.000000 0.000000 0.000000 0.000000 0.000000
time 64
    0 -0.437500 -8.625000 25.078125 1.610009 0.123586 -0.165261
    1 0.000000 4.246162 -0.018825 1.580164 -0.135597 1.601457
    2 4.195629 0.000000 0.000000 0.007451 0.022226 -0.155125
    3 3.883152 0.000001 0.000000 0.004785 0.026113 -0.050189
    4 5.985943 0.000002 0.000000 0.020503 0.035421 0.423225
    5 4.268658 1.531896 -1.575000 1.407007 1.003990 -0.372399
    6 5.782729 0.000000 0.000001 3.132785 0.036378 0.731656
    7 11.452759 0.000001 0.000000 0.000000 0.000000 -0.348270
    8 4.268658 1.531894 1.575000 -1.815527 -0.980061 0.019459
    9 5.782726 0.000004 0.000001 -3.083390 0.166023 0.744886
    10 11.452763 0.000001 0.000004 0.000000 0.000000 -0.515085
    11 10.945534 -0.000007 -0.000034 1.483351 -0.175652 0.297797
    12 10.945518 -0.000005 0.000015 -1.245049 0.086327 0.036609
    13 -3.806942 0.000000 0.000000 -1.086973 -0.306862 -2.102740
    14 19.253841 0.000000 0.000000 0.000000 0.000000 0.025250
    15 6.694798 0.000000 0.000000 0.000000 0.000000 0.000000
    16 5.620499 0.000002 0.000000 2.867255 -0.033824 -0.221285
    17 4.684906 0.000002 0.000000 -0.218161 0.068761 1.117472
    18 19.263098 0.000000 0.000000 0.000000 0.000000 0.511872
    19 17.589096 0.000000 0.000000 0.149256 -0.192301 -0.652387
    20 6.240662 0.000000 0.000000 -0.112008 0.023829 -0.349744
    21 3.806942 0.000000 0.000000 -1.887875 -0.042770 -1.337688
    22 6.694801 0.000000 0.000000 0.000000 0.000000 0.000000
    23 19.253845 0.000000 0.000000 0.000000 0.000000 0.025253
    24 3.147137 0.005680 -1.551346 0.204908 0.143273 -0.954241
    25 1.585903 0.000000 0.000000 0.011390 0.016585 -0.964682
    26 0.849087 0.000002 0.000000 -0.054430 -0.175364 -0.012812
    27 3.471079 0.213264 -0.574066 0.197841 0.103922 -1.056897
    28 1.897533 -0.000002 0.000000 -0.051937 -0.088263 -1.080741
    29 1.014454 0.000002 0.000000 0.002346 0.009693 0.056304
    30 3.750082 0.114767 0.430058 0.187201 0.067923 -1.244533
    31 2.258186 0.000000 0.000000 -0.042022 -0.053930 -0.856641
    32 1.210384 0.000001 0.000000 0.001810 0.011981 0.157202
    33 3.868294 -0.166636 1.490141 0.180581 0.034246 -1.190451
    34 1.786068 0.000000 0.000000 0.051300 0.063943 -1.015925
    35 1.044434 -0.000002 0.000000 0.001325 0.038484 0.095729
    36 1.121473 -1.351564 1.030998 1.138475 -0.607693 0.231095
    37 1.928116 0.000000 0.000000 -0.090105 -0.188036 -0.457011
    38 1.285145 -0.000001 0.000000 -0.000005 -0.040574 -1.047036
    39 19.263105 0.000000 0.000000 0.000000 0.000000 0.308980
    40 17.589100 0.000000 0.000000 0.123492 0.356312 -0.601621
    41 6.240662 0.000000 0.000000 0.020394 -0.027708 -0.507949
    42 5.884350 0.000000 0.000004 -0.126310 0.000000 0.000000
    43 11.768705 0.000000 0.000000 -0.238428 0.000000 0.000000
    44 11.679195 0.000000 0.000008 0.000000 0.000000 -0.161658
    45 3.147156 0.000065 1.551354 -0.201298 -0.143284 -0.649417
    46 1.585903 0.000000 0.000000 -0.011409 -0.016643 -1.331409
    47 0.849087 0.000000 0.000000 0.054379 0.175346 0.227690
    48 3.471100 0.211189 0.574833 -0.194213 -0.103888 -0.872699
    49 1.897533 0.000000 0.000000 0.051947 0.088323 -1.093272
    50 1.014446 0.000003 0.000000 -0.002359 -0.009725 0.111690
    51 3.750099 0.116322 -0.429641 -0.183614 -0.067994 -1.128857
    52 2.258183 0.000000 0.000000 0.042077 0.053977 -0.662652
    53 1.210392 0.000001 0.000000 -0.001842 -0.011976 0.162659
    54 3.868322 -0.161243 -1.490733 -0.177010 -0.034210 -1.024999
    55 1.786068 0.000002 0.000000 -0.051298 -0.063999 -0.749967
    56 1.044445 0.000000 0.000000 -0.001333 -0.038512 0.149883
    57 1.121502 -1.347836 -1.035880 -1.045302 0.582555 0.243500
    58 1.928122 0.000000 -0.000002 -0.000025 0.188108 -0.446082
    59 1.285141 0.000000 -0.000002 -0.000058 0.040588 -0.886387
    60 11.768703 0.000000 -0.000008 0.242666 0.000000 0.000000
    61 5.884356 0.000000 -0.000004 0.128617 0.000000 0.000000
    62 11.679195 0.000000 0.000000 0.000000 0.000000 -0.161657
    63 7.023272 -6.880002 4.339547 2.620672 -1.456011 -1.105365
    64 -9.695313 -19.359375 8.382813 3.078221 -0.175305 1.825858
    65 0.000000 -0.000007 -0.000031 1.373047 0.113574 0.124314
    66 -0.000004 -0.000007 -0.000031 1.373047 0.113574 0.124314
    67 3.348999 -1.371000 0.725000 1.977842 -0.088017 1.557794
    68 2.856895 -1.536201 -0.973800 -1.501147 -0.272558 -1.578261
    69 -0.000004 0.000000 10.000000 0.000000 0.000000 0.000000
    70 0.018894 0.665159 9.395880 0.000000 0.000000 0.000000
    71 2.000008 -3.000000 0.000000 -1.570796 0.000000 -1.326450
    72 3.028210 -0.923410 -2.009452 1.574082 -0.012974 1.587243
    73 0.116953 4.311607 0.061859 0.000010 0.000000 0.000000
    74 -0.000002 0.000000 0.000001 0.000000 0.000000 0.000000
    75 0.000000 1.000000 0.000010 0.000000 0.000000 0.000000
    76 -0.000002 0.000000 0.000000 0.000000 0.000000 0.000000
    77 -0.000002 0.000000 0.000000 0.000000 0.000000 0.000000
    78 -0.000002 0.000000 0.000000 0.000000 0.000000 0.000000
time 65
    0 0.114075 -8.421875 25.093750 1.612943 0.123335 -0.197185
    1 0.000000 4.246162 -0.018825 1.576055 -0.134025 1.612649
    2 4.195629 0.000000 0.000000 0.003044 0.026389 -0.156210
    3 3.883152 0.000001 0.000000 0.001297 0.020154 -0.051273
    4 5.985943 0.000002 0.000000 0.012701 0.025534 0.421389
    5 4.268658 1.531896 -1.575000 1.450226 0.988703 -0.322307
    6 5.782729 0.000000 0.000001 3.127921 0.048320 0.714328
    7 11.452759 0.000001 0.000000 0.000000 0.000000 -0.334779
    8 4.268658 1.531894 1.575000 -1.774259 -0.991750 -0.023713
    9 5.782726 0.000004 0.000001 -3.087914 0.146857 0.754052
    10 11.452763 0.000001 0.000004 0.000000 0.000000 -0.522498
    11 10.945534 -0.000007 -0.000034 1.521553 -0.171593 0.308837
    12 10.945518 -0.000005 0.000015 -1.217415 0.116798 0.021064
    13 -3.806942 0.000000 0.000000 -1.072342 -0.353507 -2.086066
    14 19.253841 0.000000 0.000000 0.000000 0.000000 0.025250
    15 6.694798 0.000000 0.000000 0.000000 0.000000 0.000000
    16 5.620499 0.000002 0.000000 2.866023 -0.053322 -0.213099
    17 4.684906 0.000002 0.000000 -0.208925 0.082454 1.109387
    18 19.263098 0.000000 0.000000 0.000000 0.000000 0.536719
    19 17.589096 0.000000 0.000000 0.154598 -0.242295 -0.624207
    20 6.240662 0.000000 0.000000 -0.112057 0.023835 -0.355981
    21 3.806942 0.000000 0.000000 -1.943698 -0.047060 -1.343890
    22 6.694801 0.000000 0.000000 0.000000 0.000000 0.000000
    23 19.253845 0.000000 0.000000 0.000000 0.000000 0.025253
    24 3.147137 0.005680 -1.551346 0.204908 0.143273 -0.954241
    25 1.585903 0.000000 0.000000 0.011390 0.016585 -0.964682
    26 0.849087 0.000002 0.000000 -0.054430 -0.175364 -0.012812
    27 3.471079 0.213264 -0.574066 0.197841 0.103922 -1.056897
    28 1.897533 -0.000002 0.000000 -0.051937 -0.088263 -1.080741
    29 1.014454 0.000002 0.000000 0.002346 0.009693 0.056304
    30 3.750082 0.114767 0.430058 0.187201 0.067923 -1.244533
    31 2.258186 0.000000 0.000000 -0.042022 -0.053930 -0.856641
    32 1.210384 0.000001 0.000000 0.001810 0.011981 0.157202
    33 3.868294 -0.166636 1.490141 0.180581 0.034246 -1.190451
    34 1.786068 0.000000 0.000000 0.051300 0.063943 -1.015925
    35 1.044434 -0.000002 0.000000 0.001325 0.038484 0.095729
    36 1.121473 -1.351564 1.030998 1.138475 -0.607693 0.231095
    37 1.928116 0.000000 0.000000 -0.090105 -0.188036 -0.457011
    38 1.285145 -0.000001 0.000000 -0.000005 -0.040574 -1.047036
    39 19.263105 0.000000 0.000000 0.000000 0.000000 0.301818
    40 17.589100 0.000000 0.000000 0.149998 0.492052 -0.532168
    41 6.240662 0.000000 0.000000 0.020457 -0.027724 -0.489864
    42 5.884350 0.000000 0.000004 -0.126310 0.000000 0.000000
    43 11.768705 0.000000 0.000000 -0.238428 0.000000 0.000000
    44 11.679195 0.000000 0.000008 0.000000 0.000000 -0.161658
    45 3.147156 0.000065 1.551354 -0.201298 -0.143284 -0.649417
    46 1.585903 0.000000 0.000000 -0.011409 -0.016643 -1.331409
    47 0.849087 0.000000 0.000000 0.054379 0.175346 0.227690
    48 3.471100 0.211189 0.574833 -0.194213 -0.103888 -0.872699
    49 1.897533 0.000000 0.000000 0.051947 0.088323 -1.093272
    50 1.014446 0.000003 0.000000 -0.002359 -0.009725 0.111690
    51 3.750099 0.116322 -0.429641 -0.183614 -0.067994 -1.128857
    52 2.258183 0.000000 0.000000 0.042077 0.053977 -0.662652
    53 1.210392 0.000001 0.000000 -0.001842 -0.011976 0.162659
    54 3.868322 -0.161243 -1.490733 -0.177010 -0.034210 -1.024999
    55 1.786068 0.000002 0.000000 -0.051298 -0.063999 -0.749967
    56 1.044445 0.000000 0.000000 -0.001333 -0.038512 0.149883
    57 1.121502 -1.347836 -1.035880 -1.045302 0.582555 0.243500
    58 1.928122 0.000000 -0.000002 -0.000025 0.188108 -0.446082
    59 1.285141 0.000000 -0.000002 -0.000058 0.040588 -0.886387
    60 11.768703 0.000000 -0.000008 0.242666 0.000000 0.000000
    61 5.884356 0.000000 -0.000004 0.128617 0.000000 0.000000
    62 11.679195 0.000000 0.000000 0.000000 0.000000 -0.161657
    63 7.023272 -6.880002 4.339547 2.620672 -1.456011 -1.105365
    64 -11.164063 -18.296875 9.273438 3.073616 -0.208774 1.840815
    65 0.000000 -0.000007 -0.000031 1.373047 0.113574 0.124314
    66 -0.000004 -0.000007 -0.000031 1.373047 0.113574 0.124314
    67 3.348999 -1.371000 0.725000 1.977842 -0.088017 1.557794
    68 2.856895 -1.536201 -0.973800 -1.501147 -0.272558 -1.578261
    69 -0.000004 0.000000 10.000000 0.000000 0.000000 0.000000
    70 0.018894 0.665159 9.395880 0.000000 0.000000 0.000000
    71 2.000008 -3.000000 0.000000 -1.570796 0.000000 -1.326450
    72 3.028210 -0.923410 -2.009452 1.574082 -0.012974 1.587243
    73 0.116953 4.311607 0.061859 0.000010 0.000000 0.000000
    74 -0.000002 0.000000 0.000001 0.000000 0.000000 0.000000
    75 0.000000 1.000000 0.000010 0.000000 0.000000 0.000000
    76 -0.000002 0.000000 0.000000 0.000000 0.000000 0.000000
    77 -0.000002 0.000000 0.000000 0.000000 0.000000 0.000000
    78 -0.000002 0.000000 0.000000 0.000000 0.000000 0.000000
time 66
    0 0.646973 -8.218750 25.140625 1.615033 0.119093 -0.214958
    1 0.000000 4.246162 -0.018825 1.569534 -0.128605 1.621802
    2 4.195629 0.000000 0.000000 -0.003673 0.029845 -0.158734
    3 3.883152 0.000001 0.000000 -0.004451 0.015778 -0.049766
    4 5.985943 0.000002 0.000000 0.004125 0.019510 0.425395
    5 4.268658 1.531896 -1.575000 1.509678 0.967931 -0.262293
    6 5.782729 0.000000 0.000001 3.119169 0.057534 0.691135
    7 11.452759 0.000001 0.000000 0.000000 0.000000 -0.335918
    8 4.268658 1.531894 1.575000 -1.705794 -1.013514 -0.096652
    9 5.782726 0.000004 0.000001 -3.125966 0.104889 0.759014
    10 11.452763 0.000001 0.000004 0.000000 0.000000 -0.538510
    11 10.945534 -0.000007 -0.000034 1.562839 -0.180191 0.319740
    12 10.945518 -0.000005 0.000015 -1.197271 0.132759 0.010057
    13 -3.806942 0.000000 0.000000 -1.058847 -0.389403 -2.071575
    14 19.253841 0.000000 0.000000 0.000000 0.000000 0.025250
    15 6.694798 0.000000 0.000000 0.000000 0.000000 0.000000
    16 5.620499 0.000002 0.000000 2.868185 -0.075633 -0.203990
    17 4.684906 0.000002 0.000000 -0.195355 0.097324 1.101295
    18 19.263098 0.000000 0.000000 0.000000 0.000000 0.555276
    19 17.589096 0.000000 0.000000 0.148597 -0.290933 -0.605345
    20 6.240662 0.000000 0.000000 -0.112066 0.023884 -0.359938
    21 3.806942 0.000000 0.000000 -2.007107 -0.050700 -1.342120
    22 6.694801 0.000000 0.000000 0.000000 0.000000 0.000000
    23 19.253845 0.000000 0.000000 0.000000 0.000000 0.025253
    24 3.147137 0.005680 -1.551346 0.204908 0.143273 -0.954241
    25 1.585903 0.000000 0.000000 0.011390 0.016585 -0.964682
    26 0.849087 0.000002 0.000000 -0.054430 -0.175364 -0.012812
    27 3.471079 0.213264 -0.574066 0.197841 0.103922 -1.056897
    28 1.897533 -0.000002 0.000000 -0.051937 -0.088263 -1.080741
    29 1.014454 0.000002 0.000000 0.002346 0.009693 0.056304
    30 3.750082 0.114767 0.430058 0.187201 0.067923 -1.244533
    31 2.258186 0.000000 0.000000 -0.042022 -0.053930 -0.856641
    32 1.210384 0.000001 0.000000 0.001810 0.011981 0.157202
    33 3.868294 -0.166636 1.490141 0.180581 0.034246 -1.190451
    34 1.786068 0.000000 0.000000 0.051300 0.063943 -1.015925
    35 1.044434 -0.000002 0.000000 0.001325 0.038484 0.095729
    36 1.121473 -1.351564 1.030998 1.138475 -0.607693 0.231095
    37 1.928116 0.000000 0.000000 -0.090105 -0.188036 -0.457011
    38 1.285145 -0.000001 0.000000 -0.000005 -0.040574 -1.047036
    39 19.263105 0.000000 0.000000 0.000000 0.000000 0.307320
    40 17.589100 0.000000 0.000000 0.123561 0.568385 -0.502893
    41 6.240662 0.000000 0.000000 0.020461 -0.027704 -0.479548
    42 5.884350 0.000000 0.000004 -0.126310 0.000000 0.000000
    43 11.768705 0.000000 0.000000 -0.238428 0.000000 0.000000
    44 11.679195 0.000000 0.000008 0.000000 0.000000 -0.161658
    45 3.147156 0.000065 1.551354 -0.201298 -0.143284 -0.649417
    46 1.585903 0.000000 0.000000 -0.011409 -0.016643 -1.331409
    47 0.849087 0.000000 0.000000 0.054379 0.175346 0.227690
    48 3.471100 0.211189 0.574833 -0.194213 -0.103888 -0.872699
    49 1.897533 0.000000 0.000000 0.051947 0.088323 -1.093272
    50 1.014446 0.000003 0.000000 -0.002359 -0.009725 0.111690
    51 3.750099 0.116322 -0.429641 -0.183614 -0.067994 -1.128857
    52 2.258183 0.000000 0.000000 0.042077 0.053977 -0.662652
    53 1.210392 0.000001 0.000000 -0.001842 -0.011976 0.162659
    54 3.868322 -0.161243 -1.490733 -0.177010 -0.034210 -1.024999
    55 1.786068 0.000002 0.000000 -0.051298 -0.063999 -0.749967
    56 1.044445 0.000000 0.000000 -0.001333 -0.038512 0.149883
    57 1.121502 -1.347836 -1.035880 -1.045302 0.582555 0.243500
    58 1.928122 0.000000 -0.000002 -0.000025 0.188108 -0.446082
    59 1.285141 0.000000 -0.000002 -0.000058 0.040588 -0.886387
    60 11.768703 0.000000 -0.000008 0.242666 0.000000 0.000000
    61 5.884356 0.000000 -0.000004 0.128617 0.000000 0.000000
    62 11.679195 0.000000 0.000000 0.000000 0.000000 -0.161657
    63 7.023272 -6.880002 4.339547 2.620672 -1.456011 -1.105365
    64 -13.187500 -16.906250 9.539063 3.058782 -0.258341 1.861034
    65 0.000000 -0.000007 -0.000031 1.373047 0.113574 0.124314
    66 -0.000004 -0.000007 -0.000031 1.373047 0.113574 0.124314
    67 3.348999 -1.371000 0.725000 1.977842 -0.088017 1.557794
    68 2.856895 -1.536201 -0.973800 -1.501147 -0.272558 -1.578261
    69 -0.000004 0.000000 10.000000 0.000000 0.000000 0.000000
    70 0.018894 0.665159 9.395880 0.000000 0.000000 0.000000
    71 2.000008 -3.000000 0.000000 -1.570796 0.000000 -1.326450
    72 3.028210 -0.923410 -2.009452 1.574082 -0.012974 1.587243
    73 0.116953 4.311607 0.061859 0.000010 0.000000 0.000000
    74 -0.000002 0.000000 0.000001 0.000000 0.000000 0.000000
    75 0.000000 1.000000 0.000010 0.000000 0.000000 0.000000
    76 -0.000002 0.000000 0.000000 0.000000 0.000000 0.000000
    77 -0.000002 0.000000 0.000000 0.000000 0.000000 0.000000
    78 -0.000002 0.000000 0.000000 0.000000 0.000000 0.000000
time 67
    0 1.125000 -8.054688 25.234375 1.616702 0.108282 -0.220506
    1 0.000000 4.246162 -0.018825 1.564804 -0.119076 1.623558
    2 4.195629 0.000000 0.000000 -0.008642 0.030476 -0.163143
    3 3.883152 0.000001 0.000000 -0.008865 0.013610 -0.046509
    4 5.985943 0.000002 0.000000 -0.001290 0.016993 0.434262
    5 4.268658 1.531896 -1.575000 1.557667 0.951403 -0.212853
    6 5.782729 0.000000 0.000001 3.091178 0.057637 0.676112
    7 11.452759 0.000001 0.000000 0.000000 0.000000 -0.340121
    8 4.268658 1.531894 1.575000 -1.638063 -1.035977 -0.172409
    9 5.782726 0.000004 0.000001 3.079533 0.042290 0.760322
    10 11.452763 0.000001 0.000004 0.000000 0.000000 -0.570373
    11 10.945534 -0.000007 -0.000034 1.617557 -0.195844 0.334153
    12 10.945518 -0.000005 0.000015 -1.181693 0.141848 0.019015
    13 -3.806942 0.000000 0.000000 -1.049213 -0.411899 -2.060864
    14 19.253841 0.000000 0.000000 0.000000 0.000000 0.025250
    15 6.694798 0.000000 0.000000 0.000000 0.000000 0.000000
    16 5.620499 0.000002 0.000000 2.869966 -0.094344 -0.203222
    17 4.684906 0.000002 0.000000 -0.184548 0.112001 1.099789
    18 19.263098 0.000000 0.000000 0.000000 0.000000 0.562641
    19 17.589096 0.000000 0.000000 0.132962 -0.325363 -0.590299
    20 6.240662 0.000000 0.000000 -0.112080 0.023873 -0.348695
    21 3.806942 0.000000 0.000000 -2.061246 -0.048541 -1.337170
    22 6.694801 0.000000 0.000000 0.000000 0.000000 0.000000
    23 19.253845 0.000000 0.000000 0.000000 0.000000 0.025253
    24 3.147137 0.005680 -1.551346 0.204908 0.143273 -0.954241
    25 1.585903 0.000000 0.000000 0.011390 0.016585 -0.964682
    26 0.849087 0.000002 0.000000 -0.054430 -0.175364 -0.012812
    27 3.471079 0.213264 -0.574066 0.197841 0.103922 -1.056897
    28 1.897533 -0.000002 0.000000 -0.051937 -0.088263 -1.080741
    29 1.014454 0.000002 0.000000 0.002346 0.009693 0.056304
    30 3.750082 0.114767 0.430058 0.187201 0.067923 -1.244533
    31 2.258186 0.000000 0.000000 -0.042022 -0.053930 -0.856641
    32 1.210384 0.000001 0.000000 0.001810 0.011981 0.157202
    33 3.868294 -0.166636 1.490141 0.180581 0.034246 -1.190451
    34 1.786068 0.000000 0.000000 0.051300 0.063943 -1.015925
    35 1.044434 -0.000002 0.000000 0.001325 0.038484 0.095729
    36 1.121473 -1.351564 1.030998 1.138475 -0.607693 0.231095
    37 1.928116 0.000000 0.000000 -0.090105 -0.188036 -0.457011
    38 1.285145 -0.000001 0.000000 -0.000005 -0.040574 -1.047036
    39 19.263105 0.000000 0.000000 0.000000 0.000000 0.323578
    40 17.589100 0.000000 0.000000 0.031134 0.550879 -0.556095
    41 6.240662 0.000000 0.000000 0.020447 -0.027669 -0.511786
    42 5.884350 0.000000 0.000004 -0.126310 0.000000 0.000000
    43 11.768705 0.000000 0.000000 -0.238428 0.000000 0.000000
    44 11.679195 0.000000 0.000008 0.000000 0.000000 -0.161658
    45 3.147156 0.000065 1.551354 -0.201298 -0.143284 -0.649417
    46 1.585903 0.000000 0.000000 -0.011409 -0.016643 -1.331409
    47 0.849087 0.000000 0.000000 0.054379 0.175346 0.227690
    48 3.471100 0.211189 0.574833 -0.194213 -0.103888 -0.872699
    49 1.897533 0.000000 0.000000 0.051947 0.088323 -1.093272
    50 1.014446 0.000003 0.000000 -0.002359 -0.009725 0.111690
    51 3.750099 0.116322 -0.429641 -0.183614 -0.067994 -1.128857
    52 2.258183 0.000000 0.000000 0.042077 0.053977 -0.662652
    53 1.210392 0.000001 0.000000 -0.001842 -0.011976 0.162659
    54 3.868322 -0.161243 -1.490733 -0.177010 -0.034210 -1.024999
    55 1.786068 0.000002 0.000000 -0.051298 -0.063999 -0.749967
    56 1.044445 0.000000 0.000000 -0.001333 -0.038512 0.149883
    57 1.121502 -1.347836 -1.035880 -1.045302 0.582555 0.243500
    58 1.928122 0.000000 -0.000002 -0.000025 0.188108 -0.446082
    59 1.285141 0.000000 -0.000002 -0.000058 0.040588 -0.886387
    60 11.768703 0.000000 -0.000008 0.242666 0.000000 0.000000
    61 5.884356 0.000000 -0.000004 0.128617 0.000000 0.000000
    62 11.679195 0.000000 0.000000 0.000000 0.000000 -0.161657
    63 7.023272 -6.880002 4.339547 2.620672 -1.456011 -1.105365
    64 -15.359375 -15.320313 8.765625 3.035262 -0.333916 1.892471
    65 0.000000 -0.000007 -0.000031 1.373047 0.113574 0.124314
    66 -0.000004 -0.000007 -0.000031 1.373047 0.113574 0.124314
    67 3.348999 -1.371000 0.725000 1.977842 -0.088017 1.557794
    68 2.856895 -1.536201 -0.973800 -1.501147 -0.272558 -1.578261
    69 -0.000004 0.000000 10.000000 0.000000 0.000000 0.000000
    70 0.018894 0.665159 9.395880 0.000000 0.000000 0.000000
    71 2.000008 -3.000000 0.000000 -1.570796 0.000000 -1.326450
    72 3.028210 -0.923410 -2.009452 1.574082 -0.012974 1.587243
    73 0.116953 4.311607 0.061859 0.000010 0.000000 0.000000
    74 -0.000002 0.000000 0.000001 0.000000 0.000000 0.000000
    75 0.000000 1.000000 0.000010 0.000000 0.000000 0.000000
    76 -0.000002 0.000000 0.000000 0.000000 0.000000 0.000000
    77 -0.000002 0.000000 0.000000 0.000000 0.000000 0.000000
    78 -0.000002 0.000000 0.000000 0.000000 0.000000 0.000000
time 68
    0 1.465820 -8.054688 25.406250 1.616422 0.094950 -0.210006
    1 0.000000 4.246162 -0.018825 1.563620 -0.100473 1.618877
    2 4.195629 0.000000 0.000000 -0.009667 0.028715 -0.171899
    3 3.883152 0.000001 0.000000 -0.009229 0.012771 -0.039082
    4 5.985943 0.000002 0.000000 -0.002540 0.015114 0.453101
    5 4.268658 1.531896 -1.575000 1.576513 0.954803 -0.189428
    6 5.782729 0.000000 0.000001 3.045735 0.053878 0.671406
    7 11.452759 0.000001 0.000000 0.000000 0.000000 -0.350549
    8 4.268658 1.531894 1.575000 -1.613432 -1.052307 -0.215998
    9 5.782726 0.000004 0.000001 2.960029 -0.045945 0.762236
    10 11.452763 0.000001 0.000004 0.000000 0.000000 -0.618949
    11 10.945534 -0.000007 -0.000034 1.703633 -0.203784 0.345482
    12 10.945518 -0.000005 0.000015 -1.168713 0.159450 0.036060
    13 -3.806942 0.000000 0.000000 -1.041195 -0.411847 -2.049765
    14 19.253841 0.000000 0.000000 0.000000 0.000000 0.025250
    15 6.694798 0.000000 0.000000 0.000000 0.000000 0.000000
    16 5.620499 0.000002 0.000000 2.869808 -0.102045 -0.214755
    17 4.684906 0.000002 0.000000 -0.182277 0.122367 1.107603
    18 19.263098 0.000000 0.000000 0.000000 0.000000 0.560484
    19 17.589096 0.000000 0.000000 0.110385 -0.352277 -0.576994
    20 6.240662 0.000000 0.000000 -0.112049 0.023871 -0.330974
    21 3.806942 0.000000 0.000000 -2.093460 -0.036375 -1.325803
    22 6.694801 0.000000 0.000000 0.000000 0.000000 0.000000
    23 19.253845 0.000000 0.000000 0.000000 0.000000 0.025253
    24 3.147137 0.005680 -1.551346 0.204908 0.143273 -0.954241
    25 1.585903 0.000000 0.000000 0.011390 0.016585 -0.964682
    26 0.849087 0.000002 0.000000 -0.054430 -0.175364 -0.012812
    27 3.471079 0.213264 -0.574066 0.197841 0.103922 -1.056897
    28 1.897533 -0.000002 0.000000 -0.051937 -0.088263 -1.080741
    29 1.014454 0.000002 0.000000 0.002346 0.009693 0.056304
    30 3.750082 0.114767 0.430058 0.187201 0.067923 -1.244533
    31 2.258186 0.000000 0.000000 -0.042022 -0.053930 -0.856641
    32 1.210384 0.000001 0.000000 0.001810 0.011981 0.157202
    33 3.868294 -0.166636 1.490141 0.180581 0.034246 -1.190451
    34 1.786068 0.000000 0.000000 0.051300 0.063943 -1.015925
    35 1.044434 -0.000002 0.000000 0.001325 0.038484 0.095729
    36 1.121473 -1.351564 1.030998 1.138475 -0.607693 0.231095
    37 1.928116 0.000000 0.000000 -0.090105 -0.188036 -0.457011
    38 1.285145 -0.000001 0.000000 -0.000005 -0.040574 -1.047036
    39 19.263105 0.000000 0.000000 0.000000 0.000000 0.339420
    40 17.589100 0.000000 0.000000 -0.064195 0.461503 -0.639660
    41 6.240662 0.000000 0.000000 0.020435 -0.027738 -0.515357
    42 5.884350 0.000000 0.000004 -0.126310 0.000000 0.000000
    43 11.768705 0.000000 0.000000 -0.238428 0.000000 0.000000
    44 11.679195 0.000000 0.000008 0.000000 0.000000 -0.161658
    45 3.147156 0.000065 1.551354 -0.201298 -0.143284 -0.649417
    46 1.585903 0.000000 0.000000 -0.011409 -0.016643 -1.331409
    47 0.849087 0.000000 0.000000 0.054379 0.175346 0.227690
    48 3.471100 0.211189 0.574833 -0.194213 -0.103888 -0.872699
    49 1.897533 0.000000 0.000000 0.051947 0.088323 -1.093272
    50 1.014446 0.000003 0.000000 -0.002359 -0.009725 0.111690
    51 3.750099 0.116322 -0.429641 -0.183614 -0.067994 -1.128857
    52 2.258183 0.000000 0.000000 0.042077 0.053977 -0.662652
    53 1.210392 0.000001 0.000000 -0.001842 -0.011976 0.162659
    54 3.868322 -0.161243 -1.490733 -0.177010 -0.034210 -1.024999
    55 1.786068 0.000002 0.000000 -0.051298 -0.063999 -0.749967
    56 1.044445 0.000000 0.000000 -0.001333 -0.038512 0.149883
    57 1.121502 -1.347836 -1.035880 -1.045302 0.582555 0.243500
    58 1.928122 0.000000 -0.000002 -0.000025 0.188108 -0.446082
    59 1.285141 0.000000 -0.000002 -0.000058 0.040588 -0.886387
    60 11.768703 0.000000 -0.000008 0.242666 0.000000 0.000000
    61 5.884356 0.000000 -0.000004 0.128617 0.000000 0.000000
    62 11.679195 0.000000 0.000000 0.000000 0.000000 -0.161657
    63 7.023272 -6.880002 4.339547 2.620672 -1.456011 -1.105365
    64 -16.953125 -13.921875 6.921875 3.002902 -0.449613 1.936060
    65 0.000000 -0.000007 -0.000031 1.373047 0.113574 0.124314
    66 -0.000004 -0.000007 -0.000031 1.373047 0.113574 0.124314
    67 3.348999 -1.371000 0.725000 1.977842 -0.088017 1.557794
    68 2.856895 -1.536201 -0.973800 -1.501147 -0.272558 -1.578261
    69 -0.000004 0.000000 10.000000 0.000000 0.000000 0.000000
    70 0.018894 0.665159 9.395880 0.000000 0.000000 0.000000
    71 2.000008 -3.000000 0.000000 -1.570796 0.000000 -1.326450
    72 3.028210 -0.923410 -2.009452 1.574082 -0.012974 1.587243
    73 0.116953 4.311607 0.061859 0.000010 0.000000 0.000000
    74 -0.000002 0.000000 0.000001 0.000000 0.000000 0.000000
    75 0.000000 1.000000 0.000010 0.000000 0.000000 0.000000
    76 -0.000002 0.000000 0.000000 0.000000 0.000000 0.000000
    77 -0.000002 0.000000 0.000000 0.000000 0.000000 0.000000
    78 -0.000002 0.000000 0.000000 0.000000 0.000000 0.000000
time 69
    0 1.633789 -8.109375 25.656250 1.608000 0.082767 -0.181429
    1 0.000000 4.246162 -0.018825 1.564713 -0.094014 1.610392
    2 4.195629 0.000000 0.000000 -0.008326 0.024570 -0.176364
    3 3.883152 0.000001 0.000000 -0.008033 0.012613 -0.041491
    4 5.985943 0.000002 0.000000 -0.001216 0.015159 0.451073
    5 4.268658 1.531896 -1.575000 1.564026 0.973360 -0.183798
    6 5.782729 0.000000 0.000001 3.042732 0.067883 0.655731
    7 11.452759 0.000001 0.000000 0.000000 0.000000 -0.390688
    8 4.268658 1.531894 1.575000 -1.598627 -1.057212 -0.243000
    9 5.782726 0.000004 0.000001 2.889495 -0.147439 0.756637
    10 11.452763 0.000001 0.000004 0.000000 0.000000 -0.676501
    11 10.945534 -0.000007 -0.000034 1.757469 -0.215483 0.368136
    12 10.945518 -0.000005 0.000015 -1.181544 0.171372 0.049345
    13 -3.806942 0.000000 0.000000 -1.044164 -0.385650 -2.031040
    14 19.253841 0.000000 0.000000 0.000000 0.000000 0.025250
    15 6.694798 0.000000 0.000000 0.000000 0.000000 0.000000
    16 5.620499 0.000002 0.000000 2.863731 -0.103688 -0.212206
    17 4.684906 0.000002 0.000000 -0.187409 0.129582 1.102676
    18 19.263098 0.000000 0.000000 0.000000 0.000000 0.550431
    19 17.589096 0.000000 0.000000 0.082382 -0.367488 -0.559821
    20 6.240662 0.000000 0.000000 -0.112037 0.023856 -0.326416
    21 3.806942 0.000000 0.000000 -2.108632 -0.014344 -1.305169
    22 6.694801 0.000000 0.000000 0.000000 0.000000 0.000000
    23 19.253845 0.000000 0.000000 0.000000 0.000000 0.025253
    24 3.147137 0.005680 -1.551346 0.204908 0.143273 -0.954241
    25 1.585903 0.000000 0.000000 0.011390 0.016585 -0.964682
    26 0.849087 0.000002 0.000000 -0.054430 -0.175364 -0.012812
    27 3.471079 0.213264 -0.574066 0.197841 0.103922 -1.056897
    28 1.897533 -0.000002 0.000000 -0.051937 -0.088263 -1.080741
    29 1.014454 0.000002 0.000000 0.002346 0.009693 0.056304
    30 3.750082 0.114767 0.430058 0.187201 0.067923 -1.244533
    31 2.258186 0.000000 0.000000 -0.042022 -0.053930 -0.856641
    32 1.210384 0.000001 0.000000 0.001810 0.011981 0.157202
    33 3.868294 -0.166636 1.490141 0.180581 0.034246 -1.190451
    34 1.786068 0.000000 0.000000 0.051300 0.063943 -1.015925
    35 1.044434 -0.000002 0.000000 0.001325 0.038484 0.095729
    36 1.121473 -1.351564 1.030998 1.138475 -0.607693 0.231095
    37 1.928116 0.000000 0.000000 -0.090105 -0.188036 -0.457011
    38 1.285145 -0.000001 0.000000 -0.000005 -0.040574 -1.047036
    39 19.263105 0.000000 0.000000 0.000000 0.000000 0.352215
    40 17.589100 0.000000 0.000000 -0.128669 0.345843 -0.699642
    41 6.240662 0.000000 0.000000 0.020395 -0.027670 -0.486926
    42 5.884350 0.000000 0.000004 -0.126310 0.000000 0.000000
    43 11.768705 0.000000 0.000000 -0.238428 0.000000 0.000000
    44 11.679195 0.000000 0.000008 0.000000 0.000000 -0.161658
    45 3.147156 0.000065 1.551354 -0.201298 -0.143284 -0.649417
    46 1.585903 0.000000 0.000000 -0.011409 -0.016643 -1.331409
    47 0.849087 0.000000 0.000000 0.054379 0.175346 0.227690
    48 3.471100 0.211189 0.574833 -0.194213 -0.103888 -0.872699
    49 1.897533 0.000000 0.000000 0.051947 0.088323 -1.093272
    50 1.014446 0.000003 0.000000 -0.002359 -0.009725 0.111690
    51 3.750099 0.116322 -0.429641 -0.183614 -0.067994 -1.128857
    52 2.258183 0.000000 0.000000 0.042077 0.053977 -0.662652
    53 1.210392 0.000001 0.000000 -0.001842 -0.011976 0.162659
    54 3.868322 -0.161243 -1.490733 -0.177010 -0.034210 -1.024999
    55 1.786068 0.000002 0.000000 -0.051298 -0.063999 -0.749967
    56 1.044445 0.000000 0.000000 -0.001333 -0.038512 0.149883
    57 1.121502 -1.347836 -1.035880 -1.045302 0.582555 0.243500
    58 1.928122 0.000000 -0.000002 -0.000025 0.188108 -0.446082
    59 1.285141 0.000000 -0.000002 -0.000058 0.040588 -0.886387
    60 11.768703 0.000000 -0.000008 0.242666 0.000000 0.000000
    61 5.884356 0.000000 -0.000004 0.128617 0.000000 0.000000
    62 11.679195 0.000000 0.000000 0.000000 0.000000 -0.161657
    63 7.023272 -6.880002 4.339547 2.620672 -1.456011 -1.105365
    64 -18.140625 -12.210938 4.882813 2.962338 -0.502961 1.985231
    65 0.000000 -0.000007 -0.000031 1.373047 0.113574 0.124314
    66 -0.000004 -0.000007 -0.000031 1.373047 0.113574 0.124314
    67 3.348999 -1.371000 0.725000 1.977842 -0.088017 1.557794
    68 2.856895 -1.536201 -0.973800 -1.501147 -0.272558 -1.578261
    69 -0.000004 0.000000 10.000000 0.000000 0.000000 0.000000
    70 0.018894 0.665159 9.395880 0.000000 0.000000 0.000000
    71 2.000008 -3.000000 0.000000 -1.570796 0.000000 -1.326450
    72 3.028210 -0.923410 -2.009452 1.574082 -0.012974 1.587243
    73 0.116953 4.311607 0.061859 0.000010 0.000000 0.000000
    74 -0.000002 0.000000 0.000001 0.000000 0.000000 0.000000
    75 0.000000 1.000000 0.000010 0.000000 0.000000 0.000000
    76 -0.000002 0.000000 0.000000 0.000000 0.000000 0.000000
    77 -0.000002 0.000000 0.000000 0.000000 0.000000 0.000000
    78 -0.000002 0.000000 0.000000 0.000000 0.000000 0.000000
time 70
    0 1.794922 -8.226563 25.890625 1.591992 0.068495 -0.142510
    1 0.000000 4.246162 -0.018825 1.565291 -0.096443 1.604829
    2 4.195629 0.000000 0.000000 -0.007449 0.020575 -0.176074
    3 3.883152 0.000001 0.000000 -0.007210 0.009244 -0.046568
    4 5.985943 0.000002 0.000000 -0.002467 0.011082 0.441591
    5 4.268658 1.531896 -1.575000 1.543385 0.994407 -0.195707
    6 5.782729 0.000000 0.000001 3.071062 0.099845 0.633170
    7 11.452759 0.000001 0.000000 0.000000 0.000000 -0.441774
    8 4.268658 1.531894 1.575000 -1.591554 -1.052350 -0.247749
    9 5.782726 0.000004 0.000001 2.851948 -0.225445 0.744966
    10 11.452763 0.000001 0.000004 0.000000 0.000000 -0.728632
    11 10.945534 -0.000007 -0.000034 1.782634 -0.226873 0.385193
    12 10.945518 -0.000005 0.000015 -1.214720 0.175668 0.062880
    13 -3.806942 0.000000 0.000000 -1.052452 -0.339716 -2.014135
    14 19.253841 0.000000 0.000000 0.000000 0.000000 0.025250
    15 6.694798 0.000000 0.000000 0.000000 0.000000 0.000000
    16 5.620499 0.000002 0.000000 2.863816 -0.102861 -0.209597
    17 4.684906 0.000002 0.000000 -0.188623 0.134953 1.093275
    18 19.263098 0.000000 0.000000 0.000000 0.000000 0.534660
    19 17.589096 0.000000 0.000000 0.050233 -0.378001 -0.540517
    20 6.240662 0.000000 0.000000 -0.112042 0.023818 -0.343337
    21 3.806942 0.000000 0.000000 -2.098808 0.013410 -1.283588
    22 6.694801 0.000000 0.000000 0.000000 0.000000 0.000000
    23 19.253845 0.000000 0.000000 0.000000 0.000000 0.025253
    24 3.147137 0.005680 -1.551346 0.204908 0.143273 -0.954241
    25 1.585903 0.000000 0.000000 0.011390 0.016585 -0.964682
    26 0.849087 0.000002 0.000000 -0.054430 -0.175364 -0.012812
    27 3.471079 0.213264 -0.574066 0.197841 0.103922 -1.056897
    28 1.897533 -0.000002 0.000000 -0.051937 -0.088263 -1.080741
    29 1.014454 0.000002 0.000000 0.002346 0.009693 0.056304
    30 3.750082 0.114767 0.430058 0.187201 0.067923 -1.244533
    31 2.258186 0.000000 0.000000 -0.042022 -0.053930 -0.856641
    32 1.210384 0.000001 0.000000 0.001810 0.011981 0.157202
    33 3.868294 -0.166636 1.490141 0.180581 0.034246 -1.190451
    34 1.786068 0.000000 0.000000 0.051300 0.063943 -1.015925
    35 1.044434 -0.000002 0.000000 0.001325 0.038484 0.095729
    36 1.121473 -1.351564 1.030998 1.138475 -0.607693 0.231095
    37 1.928116 0.000000 0.000000 -0.090105 -0.188036 -0.457011
    38 1.285145 -0.000001 0.000000 -0.000005 -0.040574 -1.047036
    39 19.263105 0.000000 0.000000 0.000000 0.000000 0.366780
    40 17.589100 0.000000 0.000000 -0.143015 0.226709 -0.730852
    41 6.240662 0.000000 0.000000 0.020460 -0.027689 -0.468889
    42 5.884350 0.000000 0.000004 -0.126310 0.000000 0.000000
    43 11.768705 0.000000 0.000000 -0.238428 0.000000 0.000000
    44 11.679195 0.000000 0.000008 0.000000 0.000000 -0.161658
    45 3.147156 0.000065 1.551354 -0.201298 -0.143284 -0.649417
    46 1.585903 0.000000 0.000000 -0.011409 -0.016643 -1.331409
    47 0.849087 0.000000 0.000000 0.054379 0.175346 0.227690
    48 3.471100 0.211189 0.574833 -0.194213 -0.103888 -0.872699
    49 1.897533 0.000000 0.000000 0.051947 0.088323 -1.093272
    50 1.014446 0.000003 0.000000 -0.002359 -0.009725 0.111690
    51 3.750099 0.116322 -0.429641 -0.183614 -0.067994 -1.128857
    52 2.258183 0.000000 0.000000 0.042077 0.053977 -0.662652
    53 1.210392 0.000001 0.000000 -0.001842 -0.011976 0.162659
    54 3.868322 -0.161243 -1.490733 -0.177010 -0.034210 -1.024999
    55 1.786068 0.000002 0.000000 -0.051298 -0.063999 -0.749967
    56 1.044445 0.000000 0.000000 -0.001333 -0.038512 0.149883
    57 1.121502 -1.347836 -1.035880 -1.045302 0.582555 0.243500
    58 1.928122 0.000000 -0.000002 -0.000025 0.188108 -0.446082
    59 1.285141 0.000000 -0.000002 -0.000058 0.040588 -0.886387
    60 11.768703 0.000000 -0.000008 0.242666 0.000000 0.000000
    61 5.884356 0.000000 -0.000004 0.128617 0.000000 0.000000
    62 11.679195 0.000000 0.000000 0.000000 0.000000 -0.161657
    63 7.023272 -6.880002 4.339547 2.620672 -1.456011 -1.105365
    64 -18.656250 -10.398438 2.677734 2.927210 -0.516392 2.025746
    65 0.000000 -0.000007 -0.000031 1.373047 0.113574 0.124314
    66 -0.000004 -0.000007 -0.000031 1.373047 0.113574 0.124314
    67 3.348999 -1.371000 0.725000 1.977842 -0.088017 1.557794
    68 2.856895 -1.536201 -0.973800 -1.501147 -0.272558 -1.578261
    69 -0.000004 0.000000 10.000000 0.000000 0.000000 0.000000
    70 0.018894 0.665159 9.395880 0.000000 0.000000 0.000000
    71 2.000008 -3.000000 0.000000 -1.570796 0.000000 -1.326450
    72 3.028210 -0.923410 -2.009452 1.574082 -0.012974 1.587243
    73 0.116953 4.311607 0.061859 0.000010 0.000000 0.000000
    74 -0.000002 0.000000 0.000001 0.000000 0.000000 0.000000
    75 0.000000 1.000000 0.000010 0.000000 0.000000 0.000000
    76 -0.000002 0.000000 0.000000 0.000000 0.000000 0.000000
    77 -0.000002 0.000000 0.000000 0.000000 0.000000 0.000000
    78 -0.000002 0.000000 0.000000 0.000000 0.000000 0.000000
time 71
    0 1.947266 -8.398438 26.093750 1.576329 0.053095 -0.089478
    1 0.000000 4.246162 -0.018825 1.564127 -0.096248 1.600636
    2 4.195629 0.000000 0.000000 -0.008236 0.017644 -0.176674
    3 3.883152 0.000001 0.000000 -0.008039 0.007403 -0.048809
    4 5.985943 0.000002 0.000000 -0.004061 0.009571 0.437957
    5 4.268658 1.531896 -1.575000 1.529192 1.009355 -0.219636
    6 5.782729 0.000000 0.000001 3.092299 0.136208 0.616539
    7 11.452759 0.000001 0.000000 0.000000 0.000000 -0.488973
    8 4.268658 1.531894 1.575000 -1.597669 -1.062711 -0.240453
    9 5.782726 0.000004 0.000001 2.793916 -0.300506 0.752019
    10 11.452763 0.000001 0.000004 0.000000 0.000000 -0.761349
    11 10.945534 -0.000007 -0.000034 1.808900 -0.237832 0.387651
    12 10.945518 -0.000005 0.000015 -1.254023 0.172062 0.076937
    13 -3.806942 0.000000 0.000000 -1.061157 -0.280721 -1.998905
    14 19.253841 0.000000 0.000000 0.000000 0.000000 0.025250
    15 6.694798 0.000000 0.000000 0.000000 0.000000 0.000000
    16 5.620499 0.000002 0.000000 2.860221 -0.105893 -0.206592
    17 4.684906 0.000002 0.000000 -0.190653 0.140539 1.085810
    18 19.263098 0.000000 0.000000 0.000000 0.000000 0.513746
    19 17.589096 0.000000 0.000000 0.045283 -0.379655 -0.538479
    20 6.240662 0.000000 0.000000 -0.112101 0.023875 -0.361608
    21 3.806942 0.000000 0.000000 -2.069096 0.036241 -1.261660
    22 6.694801 0.000000 0.000000 0.000000 0.000000 0.000000
    23 19.253845 0.000000 0.000000 0.000000 0.000000 0.025253
    24 3.147137 0.005680 -1.551346 0.204908 0.143273 -0.954241
    25 1.585903 0.000000 0.000000 0.011390 0.016585 -0.964682
    26 0.849087 0.000002 0.000000 -0.054430 -0.175364 -0.012812
    27 3.471079 0.213264 -0.574066 0.197841 0.103922 -1.056897
    28 1.897533 -0.000002 0.000000 -0.051937 -0.088263 -1.080741
    29 1.014454 0.000002 0.000000 0.002346 0.009693 0.056304
    30 3.750082 0.114767 0.430058 0.187201 0.067923 -1.244533
    31 2.258186 0.000000 0.000000 -0.042022 -0.053930 -0.856641
    32 1.210384 0.000001 0.000000 0.001810 0.011981 0.157202
    33 3.868294 -0.166636 1.490141 0.180581 0.034246 -1.190451
    34 1.786068 0.000000 0.000000 0.051300 0.063943 -1.015925
    35 1.044434 -0.000002 0.000000 0.001325 0.038484 0.095729
    36 1.121473 -1.351564 1.030998 1.138475 -0.607693 0.231095
    37 1.928116 0.000000 0.000000 -0.090105 -0.188036 -0.457011
    38 1.285145 -0.000001 0.000000 -0.000005 -0.040574 -1.047036
    39 19.263105 0.000000 0.000000 0.000000 0.000000 0.377409
    40 17.589100 0.000000 0.000000 -0.150104 0.130036 -0.739402
    41 6.240662 0.000000 0.000000 0.020453 -0.027653 -0.474394
    42 5.884350 0.000000 0.000004 -0.126310 0.000000 0.000000
    43 11.768705 0.000000 0.000000 -0.238428 0.000000 0.000000
    44 11.679195 0.000000 0.000008 0.000000 0.000000 -0.161658
    45 3.147156 0.000065 1.551354 -0.201298 -0.143284 -0.649417
    46 1.585903 0.000000 0.000000 -0.011409 -0.016643 -1.331409
    47 0.849087 0.000000 0.000000 0.054379 0.175346 0.227690
    48 3.471100 0.211189 0.574833 -0.194213 -0.103888 -0.872699
    49 1.897533 0.000000 0.000000 0.051947 0.088323 -1.093272
    50 1.014446 0.000003 0.000000 -0.002359 -0.009725 0.111690
    51 3.750099 0.116322 -0.429641 -0.183614 -0.067994 -1.128857
    52 2.258183 0.000000 0.000000 0.042077 0.053977 -0.662652
    53 1.210392 0.000001 0.000000 -0.001842 -0.011976 0.162659
    54 3.868322 -0.161243 -1.490733 -0.177010 -0.034210 -1.024999
    55 1.786068 0.000002 0.000000 -0.051298 -0.063999 -0.749967
    56 1.044445 0.000000 0.000000 -0.001333 -0.038512 0.149883
    57 1.121502 -1.347836 -1.035880 -1.045302 0.582555 0.243500
    58 1.928122 0.000000 -0.000002 -0.000025 0.188108 -0.446082
    59 1.285141 0.000000 -0.000002 -0.000058 0.040588 -0.886387
    60 11.768703 0.000000 -0.000008 0.242666 0.000000 0.000000
    61 5.884356 0.000000 -0.000004 0.128617 0.000000 0.000000
    62 11.679195 0.000000 0.000000 0.000000 0.000000 -0.161657
    63 7.023272 -6.880002 4.339547 2.620672 -1.456011 -1.105365
    64 -17.937500 -9.054688 -0.044556 2.893407 -0.545934 2.051826
    65 0.000000 -0.000007 -0.000031 1.373047 0.113574 0.124314
    66 -0.000004 -0.000007 -0.000031 1.373047 0.113574 0.124314
    67 3.348999 -1.371000 0.725000 1.977842 -0.088017 1.557794
    68 2.856895 -1.536201 -0.973800 -1.501147 -0.272558 -1.578261
    69 -0.000004 0.000000 10.000000 0.000000 0.000000 0.000000
    70 0.018894 0.665159 9.395880 0.000000 0.000000 0.000000
    71 2.000008 -3.000000 0.000000 -1.570796 0.000000 -1.326450
    72 3.028210 -0.923410 -2.009452 1.574082 -0.012974 1.587243
    73 0.116953 4.311607 0.061859 0.000010 0.000000 0.000000
    74 -0.000002 0.000000 0.000001 0.000000 0.000000 0.000000
    75 0.000000 1.000000 0.000010 0.000000 0.000000 0.000000
    76 -0.000002 0.000000 0.000000 0.000000 0.000000 0.000000
    77 -0.000002 0.000000 0.000000 0.000000 0.000000 0.000000
    78 -0.000002 0.000000 0.000000 0.000000 0.000000 0.000000
time 72
    0 2.037109 -8.640625 26.265625 1.565470 0.036612 -0.027287
    1 0.000000 4.246162 -0.018825 1.562986 -0.091951 1.594469
    2 4.195629 0.000000 0.000000 -0.009123 0.013742 -0.179262
    3 3.883152 0.000001 0.000000 -0.008959 0.006082 -0.049498
    4 5.985943 0.000002 0.000000 -0.005252 0.009392 0.437599
    5 4.268658 1.531896 -1.575000 1.490058 1.018882 -0.271924
    6 5.782729 0.000000 0.000001 3.119267 0.174687 0.596404
    7 11.452759 0.000001 0.000000 0.000000 0.000000 -0.539316
    8 4.268658 1.531894 1.575000 -1.609121 -1.063617 -0.227356
    9 5.782726 0.000004 0.000001 2.744239 -0.363836 0.751725
    10 11.452763 0.000001 0.000004 0.000000 0.000000 -0.788201
    11 10.945534 -0.000007 -0.000034 1.822535 -0.249794 0.388221
    12 10.945518 -0.000005 0.000015 -1.294547 0.163154 0.088158
    13 -3.806942 0.000000 0.000000 -1.069602 -0.218353 -1.982583
    14 19.253841 0.000000 0.000000 0.000000 0.000000 0.025250
    15 6.694798 0.000000 0.000000 0.000000 0.000000 0.000000
    16 5.620499 0.000002 0.000000 2.863560 -0.104000 -0.202146
    17 4.684906 0.000002 0.000000 -0.188636 0.139275 1.079589
    18 19.263098 0.000000 0.000000 0.000000 0.000000 0.489507
    19 17.589096 0.000000 0.000000 0.051028 -0.371499 -0.551193
    20 6.240662 0.000000 0.000000 -0.112028 0.023837 -0.362571
    21 3.806942 0.000000 0.000000 -2.042301 0.046761 -1.236002
    22 6.694801 0.000000 0.000000 0.000000 0.000000 0.000000
    23 19.253845 0.000000 0.000000 0.000000 0.000000 0.025253
    24 3.147137 0.005680 -1.551346 0.204908 0.143273 -0.954241
    25 1.585903 0.000000 0.000000 0.011390 0.016585 -0.964682
    26 0.849087 0.000002 0.000000 -0.054430 -0.175364 -0.012812
    27 3.471079 0.213264 -0.574066 0.197841 0.103922 -1.056897
    28 1.897533 -0.000002 0.000000 -0.051937 -0.088263 -1.080741
    29 1.014454 0.000002 0.000000 0.002346 0.009693 0.056304
    30 3.750082 0.114767 0.430058 0.187201 0.067923 -1.244533
    31 2.258186 0.000000 0.000000 -0.042022 -0.053930 -0.856641
    32 1.210384 0.000001 0.000000 0.001810 0.011981 0.157202
    33 3.868294 -0.166636 1.490141 0.180581 0.034246 -1.190451
    34 1.786068 0.000000 0.000000 0.051300 0.063943 -1.015925
    35 1.044434 -0.000002 0.000000 0.001325 0.038484 0.095729
    36 1.121473 -1.351564 1.030998 1.138475 -0.607693 0.231095
    37 1.928116 0.000000 0.000000 -0.090105 -0.188036 -0.457011
    38 1.285145 -0.000001 0.000000 -0.000005 -0.040574 -1.047036
    39 19.263105 0.000000 0.000000 0.000000 0.000000 0.393856
    40 17.589100 0.000000 0.000000 -0.106899 0.087847 -0.729236
    41 6.240662 0.000000 0.000000 0.020406 -0.027673 -0.460282
    42 5.884350 0.000000 0.000004 -0.126310 0.000000 0.000000
    43 11.768705 0.000000 0.000000 -0.238428 0.000000 0.000000
    44 11.679195 0.000000 0.000008 0.000000 0.000000 -0.161658
    45 3.147156 0.000065 1.551354 -0.201298 -0.143284 -0.649417
    46 1.585903 0.000000 0.000000 -0.011409 -0.016643 -1.331409
    47 0.849087 0.000000 0.000000 0.054379 0.175346 0.227690
    48 3.471100 0.211189 0.574833 -0.194213 -0.103888 -0.872699
    49 1.897533 0.000000 0.000000 0.051947 0.088323 -1.093272
    50 1.014446 0.000003 0.000000 -0.002359 -0.009725 0.111690
    51 3.750099 0.116322 -0.429641 -0.183614 -0.067994 -1.128857
    52 2.258183 0.000000 0.000000 0.042077 0.053977 -0.662652
    53 1.210392 0.000001 0.000000 -0.001842 -0.011976 0.162659
    54 3.868322 -0.161243 -1.490733 -0.177010 -0.034210 -1.024999
    55 1.786068 0.000002 0.000000 -0.051298 -0.063999 -0.749967
    56 1.044445 0.000000 0.000000 -0.001333 -0.038512 0.149883
    57 1.121502 -1.347836 -1.035880 -1.045302 0.582555 0.243500
    58 1.928122 0.000000 -0.000002 -0.000025 0.188108 -0.446082
    59 1.285141 0.000000 -0.000002 -0.000058 0.040588 -0.886387
    60 11.768703 0.000000 -0.000008 0.242666 0.000000 0.000000
    61 5.884356 0.000000 -0.000004 0.128617 0.000000 0.000000
    62 11.679195 0.000000 0.000000 0.000000 0.000000 -0.161657
    63 7.023272 -6.880002 4.339547 2.620672 -1.456011 -1.105365
    64 -15.789063 -8.820313 -3.480469 2.866351 -0.558562 2.068321
    65 0.000000 -0.000007 -0.000031 1.373047 0.113574 0.124314
    66 -0.000004 -0.000007 -0.000031 1.373047 0.113574 0.124314
    67 3.348999 -1.371000 0.725000 1.977842 -0.088017 1.557794
    68 2.856895 -1.536201 -0.973800 -1.501147 -0.272558 -1.578261
    69 -0.000004 0.000000 10.000000 0.000000 0.000000 0.000000
    70 0.018894 0.665159 9.395880 0.000000 0.000000 0.000000
    71 2.000008 -3.000000 0.000000 -1.570796 0.000000 -1.326450
    72 3.028210 -0.923410 -2.009452 1.574082 -0.012974 1.587243
    73 0.116953 4.311607 0.061859 0.000010 0.000000 0.000000
    74 -0.000002 0.000000 0.000001 0.000000 0.000000 0.000000
    75 0.000000 1.000000 0.000010 0.000000 0.000000 0.000000
    76 -0.000002 0.000000 0.000000 0.000000 0.000000 0.000000
    77 -0.000002 0.000000 0.000000 0.000000 0.000000 0.000000
    78 -0.000002 0.000000 0.000000 0.000000 0.000000 0.000000
time 73
    0 2.099609 -8.835938 26.375000 1.559351 0.019867 0.027366
    1 0.000000 4.246162 -0.018825 1.561259 -0.087274 1.590021
    2 4.195629 0.000000 0.000000 -0.010482 0.010402 -0.181506
    3 3.883152 0.000001 0.000000 -0.010294 0.004236 -0.049406
    4 5.985943 0.000002 0.000000 -0.007035 0.008910 0.438742
    5 4.268658 1.531896 -1.575000 1.465074 1.015230 -0.314667
    6 5.782729 0.000000 0.000001 -3.107077 0.215180 0.569274
    7 11.452759 0.000001 0.000000 0.000000 0.000000 -0.586585
    8 4.268658 1.531894 1.575000 -1.606120 -1.056262 -0.233097
    9 5.782726 0.000004 0.000001 2.716375 -0.411119 0.734816
    10 11.452763 0.000001 0.000004 0.000000 0.000000 -0.810317
    11 10.945534 -0.000007 -0.000034 1.822820 -0.258037 0.386908
    12 10.945518 -0.000005 0.000015 -1.353182 0.138319 0.089319
    13 -3.806942 0.000000 0.000000 -1.090329 -0.167912 -1.962458
    14 19.253841 0.000000 0.000000 0.000000 0.000000 0.025250
    15 6.694798 0.000000 0.000000 0.000000 0.000000 0.000000
    16 5.620499 0.000002 0.000000 2.873718 -0.101928 -0.202100
    17 4.684906 0.000002 0.000000 -0.180846 0.135660 1.077847
    18 19.263098 0.000000 0.000000 0.000000 0.000000 0.463921
    19 17.589096 0.000000 0.000000 0.048034 -0.351301 -0.563935
    20 6.240662 0.000000 0.000000 -0.112048 0.023879 -0.355193
    21 3.806942 0.000000 0.000000 -2.035498 0.047596 -1.208660
    22 6.694801 0.000000 0.000000 0.000000 0.000000 0.000000
    23 19.253845 0.000000 0.000000 0.000000 0.000000 0.025253
    24 3.147137 0.005680 -1.551346 0.204908 0.143273 -0.954241
    25 1.585903 0.000000 0.000000 0.011390 0.016585 -0.964682
    26 0.849087 0.000002 0.000000 -0.054430 -0.175364 -0.012812
    27 3.471079 0.213264 -0.574066 0.197841 0.103922 -1.056897
    28 1.897533 -0.000002 0.000000 -0.051937 -0.088263 -1.080741
    29 1.014454 0.000002 0.000000 0.002346 0.009693 0.056304
    30 3.750082 0.114767 0.430058 0.187201 0.067923 -1.244533
    31 2.258186 0.000000 0.000000 -0.042022 -0.053930 -0.856641
    32 1.210384 0.000001 0.000000 0.001810 0.011981 0.157202
    33 3.868294 -0.166636 1.490141 0.180581 0.034246 -1.190451
    34 1.786068 0.000000 0.000000 0.051300 0.063943 -1.015925
    35 1.044434 -0.000002 0.000000 0.001325 0.038484 0.095729
    36 1.121473 -1.351564 1.030998 1.138475 -0.607693 0.231095
    37 1.928116 0.000000 0.000000 -0.090105 -0.188036 -0.457011
    38 1.285145 -0.000001 0.000000 -0.000005 -0.040574 -1.047036
    39 19.263105 0.000000 0.000000 0.000000 0.000000 0.417388
    40 17.589100 0.000000 0.000000 -0.058570 0.078251 -0.703970
    41 6.240662 0.000000 0.000000 0.020420 -0.027693 -0.482658
    42 5.884350 0.000000 0.000004 -0.126310 0.000000 0.000000
    43 11.768705 0.000000 0.000000 -0.238428 0.000000 0.000000
    44 11.679195 0.000000 0.000008 0.000000 0.000000 -0.161658
    45 3.147156 0.000065 1.551354 -0.201298 -0.143284 -0.649417
    46 1.585903 0.000000 0.000000 -0.011409 -0.016643 -1.331409
    47 0.849087 0.000000 0.000000 0.054379 0.175346 0.227690
    48 3.471100 0.211189 0.574833 -0.194213 -0.103888 -0.872699
    49 1.897533 0.000000 0.000000 0.051947 0.088323 -1.093272
    50 1.014446 0.000003 0.000000 -0.002359 -0.009725 0.111690
    51 3.750099 0.116322 -0.429641 -0.183614 -0.067994 -1.128857
    52 2.258183 0.000000 0.000000 0.042077 0.053977 -0.662652
    53 1.210392 0.000001 0.000000 -0.001842 -0.011976 0.162659
    54 3.868322 -0.161243 -1.490733 -0.177010 -0.034210 -1.024999
    55 1.786068 0.000002 0.000000 -0.051298 -0.063999 -0.749967
    56 1.044445 0.000000 0.000000 -0.001333 -0.038512 0.149883
    57 1.121502 -1.347836 -1.035880 -1.045302 0.582555 0.243500
    58 1.928122 0.000000 -0.000002 -0.000025 0.188108 -0.446082
    59 1.285141 0.000000 -0.000002 -0.000058 0.040588 -0.886387
    60 11.768703 0.000000 -0.000008 0.242666 0.000000 0.000000
    61 5.884356 0.000000 -0.000004 0.128617 0.000000 0.000000
    62 11.679195 0.000000 0.000000 0.000000 0.000000 -0.161657
    63 7.023272 -6.880002 4.339547 2.620672 -1.456011 -1.105365
    64 -12.726563 -9.898438 -7.445313 2.851997 -0.551231 2.072227
    65 0.000000 -0.000007 -0.000031 1.373047 0.113574 0.124314
    66 -0.000004 -0.000007 -0.000031 1.373047 0.113574 0.124314
    67 3.348999 -1.371000 0.725000 1.977842 -0.088017 1.557794
    68 2.856895 -1.536201 -0.973800 -1.501147 -0.272558 -1.578261
    69 -0.000004 0.000000 10.000000 0.000000 0.000000 0.000000
    70 0.018894 0.665159 9.395880 0.000000 0.000000 0.000000
    71 2.000008 -3.000000 0.000000 -1.570796 0.000000 -1.326450
    72 3.028210 -0.923410 -2.009452 1.574082 -0.012974 1.587243
    73 0.116953 4.311607 0.061859 0.000010 0.000000 0.000000
    74 -0.000002 0.000000 0.000001 0.000000 0.000000 0.000000
    75 0.000000 1.000000 0.000010 0.000000 0.000000 0.000000
    76 -0.000002 0.000000 0.000000 0.000000 0.000000 0.000000
    77 -0.000002 0.000000 0.000000 0.000000 0.000000 0.000000
    78 -0.000002 0.000000 0.000000 0.000000 0.000000 0.000000
time 74
    0 2.093750 -9.039063 26.437500 1.554635 -0.001018 0.073374
    1 0.000000 4.246162 -0.018825 1.560509 -0.083862 1.583488
    2 4.195629 0.000000 0.000000 -0.010785 0.006029 -0.183564
    3 3.883152 0.000001 0.000000 -0.010477 0.001122 -0.049563
    4 5.985943 0.000002 0.000000 -0.008930 0.005173 0.438307
    5 4.268658 1.531896 -1.575000 1.446784 1.013921 -0.339427
    6 5.782729 0.000000 0.000001 -3.048809 0.243002 0.548485
    7 11.452759 0.000001 0.000000 0.000000 0.000000 -0.632286
    8 4.268658 1.531894 1.575000 -1.600508 -1.049570 -0.237992
    9 5.782726 0.000004 0.000001 2.709586 -0.438931 0.718492
    10 11.452763 0.000001 0.000004 0.000000 0.000000 -0.824616
    11 10.945534 -0.000007 -0.000034 1.810656 -0.263407 0.386924
    12 10.945518 -0.000005 0.000015 -1.424239 0.116147 0.105319
    13 -3.806942 0.000000 0.000000 -1.130673 -0.125019 -1.939028
    14 19.253841 0.000000 0.000000 0.000000 0.000000 0.025250
    15 6.694798 0.000000 0.000000 0.000000 0.000000 0.000000
    16 5.620499 0.000002 0.000000 2.880867 -0.098378 -0.193261
    17 4.684906 0.000002 0.000000 -0.175884 0.130293 1.071789
    18 19.263098 0.000000 0.000000 0.000000 0.000000 0.431075
    19 17.589096 0.000000 0.000000 0.005652 -0.335151 -0.561148
    20 6.240662 0.000000 0.000000 -0.112019 0.023850 -0.346059
    21 3.806942 0.000000 0.000000 -2.054827 0.040673 -1.182165
    22 6.694801 0.000000 0.000000 0.000000 0.000000 0.000000
    23 19.253845 0.000000 0.000000 0.000000 0.000000 0.025253
    24 3.147137 0.005680 -1.551346 0.204908 0.143273 -0.954241
    25 1.585903 0.000000 0.000000 0.011390 0.016585 -0.964682
    26 0.849087 0.000002 0.000000 -0.054430 -0.175364 -0.012812
    27 3.471079 0.213264 -0.574066 0.197841 0.103922 -1.056897
    28 1.897533 -0.000002 0.000000 -0.051937 -0.088263 -1.080741
    29 1.014454 0.000002 0.000000 0.002346 0.009693 0.056304
    30 3.750082 0.114767 0.430058 0.187201 0.067923 -1.244533
    31 2.258186 0.000000 0.000000 -0.042022 -0.053930 -0.856641
    32 1.210384 0.000001 0.000000 0.001810 0.011981 0.157202
    33 3.868294 -0.166636 1.490141 0.180581 0.034246 -1.190451
    34 1.786068 0.000000 0.000000 0.051300 0.063943 -1.015925
    35 1.044434 -0.000002 0.000000 0.001325 0.038484 0.095729
    36 1.121473 -1.351564 1.030998 1.138475 -0.607693 0.231095
    37 1.928116 0.000000 0.000000 -0.090105 -0.188036 -0.457011
    38 1.285145 -0.000001 0.000000 -0.000005 -0.040574 -1.047036
    39 19.263105 0.000000 0.000000 0.000000 0.000000 0.457537
    40 17.589100 0.000000 0.000000 -0.052181 0.105077 -0.693951
    41 6.240662 0.000000 0.000000 0.020452 -0.027669 -0.484970
    42 5.884350 0.000000 0.000004 -0.126310 0.000000 0.000000
    43 11.768705 0.000000 0.000000 -0.238428 0.000000 0.000000
    44 11.679195 0.000000 0.000008 0.000000 0.000000 -0.161658
    45 3.147156 0.000065 1.551354 -0.201298 -0.143284 -0.649417
    46 1.585903 0.000000 0.000000 -0.011409 -0.016643 -1.331409
    47 0.849087 0.000000 0.000000 0.054379 0.175346 0.227690
    48 3.471100 0.211189 0.574833 -0.194213 -0.103888 -0.872699
    49 1.897533 0.000000 0.000000 0.051947 0.088323 -1.093272
    50 1.014446 0.000003 0.000000 -0.002359 -0.009725 0.111690
    51 3.750099 0.116322 -0.429641 -0.183614 -0.067994 -1.128857
    52 2.258183 0.000000 0.000000 0.042077 0.053977 -0.662652
    53 1.210392 0.000001 0.000000 -0.001842 -0.011976 0.162659
    54 3.868322 -0.161243 -1.490733 -0.177010 -0.034210 -1.024999
    55 1.786068 0.000002 0.000000 -0.051298 -0.063999 -0.749967
    56 1.044445 0.000000 0.000000 -0.001333 -0.038512 0.149883
    57 1.121502 -1.347836 -1.035880 -1.045302 0.582555 0.243500
    58 1.928122 0.000000 -0.000002 -0.000025 0.188108 -0.446082
    59 1.285141 0.000000 -0.000002 -0.000058 0.040588 -0.886387
    60 11.768703 0.000000 -0.000008 0.242666 0.000000 0.000000
    61 5.884356 0.000000 -0.000004 0.128617 0.000000 0.000000
    62 11.679195 0.000000 0.000000 0.000000 0.000000 -0.161657
    63 7.023272 -6.880002 4.339547 2.620672 -1.456011 -1.105365
    64 -9.289063 -13.250000 -11.421875 2.848250 -0.523777 2.065659
    65 0.000000 -0.000007 -0.000031 1.373047 0.113574 0.124314
    66 -0.000004 -0.000007 -0.000031 1.373047 0.113574 0.124314
    67 3.348999 -1.371000 0.725000 1.977842 -0.088017 1.557794
    68 2.856895 -1.536201 -0.973800 -1.501147 -0.272558 -1.578261
    69 -0.000004 0.000000 10.000000 0.000000 0.000000 0.000000
    70 0.018894 0.665159 9.395880 0.000000 0.000000 0.000000
    71 2.000008 -3.000000 0.000000 -1.570796 0.000000 -1.326450
    72 3.028210 -0.923410 -2.009452 1.574082 -0.012974 1.587243
    73 0.116953 4.311607 0.061859 0.000010 0.000000 0.000000
    74 -0.000002 0.000000 0.000001 0.000000 0.000000 0.000000
    75 0.000000 1.000000 0.000010 0.000000 0.000000 0.000000
    76 -0.000002 0.000000 0.000000 0.000000 0.000000 0.000000
    77 -0.000002 0.000000 0.000000 0.000000 0.000000 0.000000
    78 -0.000002 0.000000 0.000000 0.000000 0.000000 0.000000
time 75
    0 2.041016 -9.164063 26.453125 1.551751 -0.020408 0.114880
    1 0.000000 4.246162 -0.018825 1.560855 -0.083580 1.578499
    2 4.195629 0.000000 0.000000 -0.010100 0.002365 -0.183542
    3 3.883152 0.000001 0.000000 -0.009428 -0.002907 -0.048852
    4 5.985943 0.000002 0.000000 -0.010600 -0.000728 0.439573
    5 4.268658 1.531896 -1.575000 1.408200 1.020121 -0.372583
    6 5.782729 0.000000 0.000001 -2.967136 0.256212 0.556450
    7 11.452759 0.000001 0.000000 0.000000 0.000000 -0.660143
    8 4.268658 1.531894 1.575000 -1.598117 -1.043008 -0.242061
    9 5.782726 0.000004 0.000001 2.704582 -0.449326 0.709158
    10 11.452763 0.000001 0.000004 0.000000 0.000000 -0.826407
    11 10.945534 -0.000007 -0.000034 1.794686 -0.265633 0.385004
    12 10.945518 -0.000005 0.000015 -1.500861 0.091407 0.129666
    13 -3.806942 0.000000 0.000000 -1.177146 -0.089388 -1.911752
    14 19.253841 0.000000 0.000000 0.000000 0.000000 0.025250
    15 6.694798 0.000000 0.000000 0.000000 0.000000 0.000000
    16 5.620499 0.000002 0.000000 2.882493 -0.094436 -0.187334
    17 4.684906 0.000002 0.000000 -0.175893 0.125006 1.068915
    18 19.263098 0.000000 0.000000 0.000000 0.000000 0.396233
    19 17.589096 0.000000 0.000000 -0.038919 -0.325231 -0.558899
    20 6.240662 0.000000 0.000000 -0.112101 0.023875 -0.361608
    21 3.806942 0.000000 0.000000 -2.080772 0.014848 -1.150347
    22 6.694801 0.000000 0.000000 0.000000 0.000000 0.000000
    23 19.253845 0.000000 0.000000 0.000000 0.000000 0.025253
    24 3.147137 0.005680 -1.551346 0.204908 0.143273 -0.954241
    25 1.585903 0.000000 0.000000 0.011390 0.016585 -0.964682
    26 0.849087 0.000002 0.000000 -0.054430 -0.175364 -0.012812
    27 3.471079 0.213264 -0.574066 0.197841 0.103922 -1.056897
    28 1.897533 -0.000002 0.000000 -0.051937 -0.088263 -1.080741
    29 1.014454 0.000002 0.000000 0.002346 0.009693 0.056304
    30 3.750082 0.114767 0.430058 0.187201 0.067923 -1.244533
    31 2.258186 0.000000 0.000000 -0.042022 -0.053930 -0.856641
    32 1.210384 0.000001 0.000000 0.001810 0.011981 0.157202
    33 3.868294 -0.166636 1.490141 0.180581 0.034246 -1.190451
    34 1.786068 0.000000 0.000000 0.051300 0.063943 -1.015925
    35 1.044434 -0.000002 0.000000 0.001325 0.038484 0.095729
    36 1.121473 -1.351564 1.030998 1.138475 -0.607693 0.231095
    37 1.928116 0.000000 0.000000 -0.090105 -0.188036 -0.457011
    38 1.285145 -0.000001 0.000000 -0.000005 -0.040574 -1.047036
    39 19.263105 0.000000 0.000000 0.000000 0.000000 0.530813
    40 17.589100 0.000000 0.000000 -0.065665 0.135917 -0.708743
    41 6.240662 0.000000 0.000000 0.020419 -0.027663 -0.461258
    42 5.884350 0.000000 0.000004 -0.126310 0.000000 0.000000
    43 11.768705 0.000000 0.000000 -0.238428 0.000000 0.000000
    44 11.679195 0.000000 0.000008 0.000000 0.000000 -0.161658
    45 3.147156 0.000065 1.551354 -0.201298 -0.143284 -0.649417
    46 1.585903 0.000000 0.000000 -0.011409 -0.016643 -1.331409
    47 0.849087 0.000000 0.000000 0.054379 0.175346 0.227690
    48 3.471100 0.211189 0.574833 -0.194213 -0.103888 -0.872699
    49 1.897533 0.000000 0.000000 0.051947 0.088323 -1.093272
    50 1.014446 0.000003 0.000000 -0.002359 -0.009725 0.111690
    51 3.750099 0.116322 -0.429641 -0.183614 -0.067994 -1.128857
    52 2.258183 0.000000 0.000000 0.042077 0.053977 -0.662652
    53 1.210392 0.000001 0.000000 -0.001842 -0.011976 0.162659
    54 3.868322 -0.161243 -1.490733 -0.177010 -0.034210 -1.024999
    55 1.786068 0.000002 0.000000 -0.051298 -0.063999 -0.749967
    56 1.044445 0.000000 0.000000 -0.001333 -0.038512 0.149883
    57 1.121502 -1.347836 -1.035880 -1.045302 0.582555 0.243500
    58 1.928122 0.000000 -0.000002 -0.000025 0.188108 -0.446082
    59 1.285141 0.000000 -0.000002 -0.000058 0.040588 -0.886387
    60 11.768703 0.000000 -0.000008 0.242666 0.000000 0.000000
    61 5.884356 0.000000 -0.000004 0.128617 0.000000 0.000000
    62 11.679195 0.000000 0.000000 0.000000 0.000000 -0.161657
    63 7.023272 -6.880002 4.339547 2.620672 -1.456011 -1.105365
    64 -8.210938 -18.265625 -12.273438 2.850952 -0.490812 2.050415
    65 0.000000 -0.000007 -0.000031 1.373047 0.113574 0.124314
    66 -0.000004 -0.000007 -0.000031 1.373047 0.113574 0.124314
    67 3.348999 -1.371000 0.725000 1.977842 -0.088017 1.557794
    68 2.856895 -1.536201 -0.973800 -1.501147 -0.272558 -1.578261
    69 -0.000004 0.000000 10.000000 0.000000 0.000000 0.000000
    70 0.018894 0.665159 9.395880 0.000000 0.000000 0.000000
    71 2.000008 -3.000000 0.000000 -1.570796 0.000000 -1.326450
    72 3.028210 -0.923410 -2.009452 1.574082 -0.012974 1.587243
    73 0.116953 4.311607 0.061859 0.000010 0.000000 0.000000
    74 -0.000002 0.000000 0.000001 0.000000 0.000000 0.000000
    75 0.000000 1.000000 0.000010 0.000000 0.000000 0.000000
    76 -0.000002 0.000000 0.000000 0.000000 0.000000 0.000000
    77 -0.000002 0.000000 0.000000 0.000000 0.000000 0.000000
    78 -0.000002 0.000000 0.000000 0.000000 0.000000 0.000000
time 76
    0 1.939453 -9.125000 26.421875 1.551007 -0.039786 0.153905
    1 0.000000 4.246162 -0.018825 1.562880 -0.090506 1.571768
    2 4.195629 0.000000 0.000000 -0.007574 -0.001551 -0.180142
    3 3.883152 0.000001 0.000000 -0.007028 -0.005447 -0.051092
    4 5.985943 0.000002 0.000000 -0.009795 -0.004736 0.433845
    5 4.268658 1.531896 -1.575000 1.380915 1.031502 -0.394041
    6 5.782729 0.000000 0.000001 -2.939395 0.237360 0.572966
    7 11.452759 0.000001 0.000000 0.000000 0.000000 -0.675677
    8 4.268658 1.531894 1.575000 -1.616300 -1.040331 -0.221735
    9 5.782726 0.000004 0.000001 2.694277 -0.446678 0.706372
    10 11.452763 0.000001 0.000004 0.000000 0.000000 -0.821885
    11 10.945534 -0.000007 -0.000034 1.780818 -0.264929 0.381562
    12 10.945518 -0.000005 0.000015 -1.546593 0.061980 0.150158
    13 -3.806942 0.000000 0.000000 -1.217117 -0.064608 -1.885484
    14 19.253841 0.000000 0.000000 0.000000 0.000000 0.025250
    15 6.694798 0.000000 0.000000 0.000000 0.000000 0.000000
    16 5.620499 0.000002 0.000000 2.881971 -0.086252 -0.185285
    17 4.684906 0.000002 0.000000 -0.180292 0.119609 1.067546
    18 19.263098 0.000000 0.000000 0.000000 0.000000 0.363970
    19 17.589096 0.000000 0.000000 -0.066501 -0.319722 -0.568183
    20 6.240662 0.000000 0.000000 -0.112070 0.023863 -0.379903
    21 3.806942 0.000000 0.000000 -2.104279 -0.039307 -1.113627
    22 6.694801 0.000000 0.000000 0.000000 0.000000 0.000000
    23 19.253845 0.000000 0.000000 0.000000 0.000000 0.025253
    24 3.147137 0.005680 -1.551346 0.204908 0.143273 -0.954241
    25 1.585903 0.000000 0.000000 0.011390 0.016585 -0.964682
    26 0.849087 0.000002 0.000000 -0.054430 -0.175364 -0.012812
    27 3.471079 0.213264 -0.574066 0.197841 0.103922 -1.056897
    28 1.897533 -0.000002 0.000000 -0.051937 -0.088263 -1.080741
    29 1.014454 0.000002 0.000000 0.002346 0.009693 0.056304
    30 3.750082 0.114767 0.430058 0.187201 0.067923 -1.244533
    31 2.258186 0.000000 0.000000 -0.042022 -0.053930 -0.856641
    32 1.210384 0.000001 0.000000 0.001810 0.011981 0.157202
    33 3.868294 -0.166636 1.490141 0.180581 0.034246 -1.190451
    34 1.786068 0.000000 0.000000 0.051300 0.063943 -1.015925
    35 1.044434 -0.000002 0.000000 0.001325 0.038484 0.095729
    36 1.121473 -1.351564 1.030998 1.138475 -0.607693 0.231095
    37 1.928116 0.000000 0.000000 -0.090105 -0.188036 -0.457011
    38 1.285145 -0.000001 0.000000 -0.000005 -0.040574 -1.047036
    39 19.263105 0.000000 0.000000 0.000000 0.000000 0.649021
    40 17.589100 0.000000 0.000000 -0.104121 0.133805 -0.743370
    41 6.240662 0.000000 0.000000 0.020434 -0.027694 -0.456293
    42 5.884350 0.000000 0.000004 -0.126310 0.000000 0.000000
    43 11.768705 0.000000 0.000000 -0.238428 0.000000 0.000000
    44 11.679195 0.000000 0.000008 0.000000 0.000000 -0.161658
    45 3.147156 0.000065 1.551354 -0.201298 -0.143284 -0.649417
    46 1.585903 0.000000 0.000000 -0.011409 -0.016643 -1.331409
    47 0.849087 0.000000 0.000000 0.054379 0.175346 0.227690
    48 3.471100 0.211189 0.574833 -0.194213 -0.103888 -0.872699
    49 1.897533 0.000000 0.000000 0.051947 0.088323 -1.093272
    50 1.014446 0.000003 0.000000 -0.002359 -0.009725 0.111690
    51 3.750099 0.116322 -0.429641 -0.183614 -0.067994 -1.128857
    52 2.258183 0.000000 0.000000 0.042077 0.053977 -0.662652
    53 1.210392 0.000001 0.000000 -0.001842 -0.011976 0.162659
    54 3.868322 -0.161243 -1.490733 -0.177010 -0.034210 -1.024999
    55 1.786068 0.000002 0.000000 -0.051298 -0.063999 -0.749967
    56 1.044445 0.000000 0.000000 -0.001333 -0.038512 0.149883
    57 1.121502 -1.347836 -1.035880 -1.045302 0.582555 0.243500
    58 1.928122 0.000000 -0.000002 -0.000025 0.188108 -0.446082
    59 1.285141 0.000000 -0.000002 -0.000058 0.040588 -0.886387
    60 11.768703 0.000000 -0.000008 0.242666 0.000000 0.000000
    61 5.884356 0.000000 -0.000004 0.128617 0.000000 0.000000
    62 11.679195 0.000000 0.000000 0.000000 0.000000 -0.161657
    63 7.023272 -6.880002 4.339547 2.620672 -1.456011 -1.105365
    64 -9.148438 -22.109375 -10.460938 2.856045 -0.463286 2.032396
    65 0.000000 -0.000007 -0.000031 1.373047 0.113574 0.124314
    66 -0.000004 -0.000007 -0.000031 1.373047 0.113574 0.124314
    67 3.348999 -1.371000 0.725000 1.977842 -0.088017 1.557794
    68 2.856895 -1.536201 -0.973800 -1.501147 -0.272558 -1.578261
    69 -0.000004 0.000000 10.000000 0.000000 0.000000 0.000000
    70 0.018894 0.665159 9.395880 0.000000 0.000000 0.000000
    71 2.000008 -3.000000 0.000000 -1.570796 0.000000 -1.326450
    72 3.028210 -0.923410 -2.009452 1.574082 -0.012974 1.587243
    73 0.116953 4.311607 0.061859 0.000010 0.000000 0.000000
    74 -0.000002 0.000000 0.000001 0.000000 0.000000 0.000000
    75 0.000000 1.000000 0.000010 0.000000 0.000000 0.000000
    76 -0.000002 0.000000 0.000000 0.000000 0.000000 0.000000
    77 -0.000002 0.000000 0.000000 0.000000 0.000000 0.000000
    78 -0.000002 0.000000 0.000000 0.000000 0.000000 0.000000
time 77
    0 1.756836 -8.945313 26.328125 1.555913 -0.058672 0.195685
    1 0.000000 4.246162 -0.018825 1.564085 -0.100010 1.562773
    2 4.195629 0.000000 0.000000 -0.006122 -0.006258 -0.175536
    3 3.883152 0.000001 0.000000 -0.005876 -0.006121 -0.055325
    4 5.985943 0.000002 0.000000 -0.008703 -0.004752 0.423328
    5 4.268658 1.531896 -1.575000 1.369421 1.035391 -0.406244
    6 5.782729 0.000000 0.000001 -2.982334 0.193436 0.589741
    7 11.452759 0.000001 0.000000 0.000000 0.000000 -0.670190
    8 4.268658 1.531894 1.575000 -1.626333 -1.031367 -0.204319
    9 5.782726 0.000004 0.000001 2.681016 -0.434909 0.697474
    10 11.452763 0.000001 0.000004 0.000000 0.000000 -0.809284
    11 10.945534 -0.000007 -0.000034 1.764725 -0.261079 0.373065
    12 10.945518 -0.000005 0.000015 -1.547480 0.045228 0.172750
    13 -3.806942 0.000000 0.000000 -1.226218 -0.049675 -1.863380
    14 19.253841 0.000000 0.000000 0.000000 0.000000 0.025250
    15 6.694798 0.000000 0.000000 0.000000 0.000000 0.000000
    16 5.620499 0.000002 0.000000 2.879892 -0.079170 -0.183149
    17 4.684906 0.000002 0.000000 -0.185947 0.117755 1.064486
    18 19.263098 0.000000 0.000000 0.000000 0.000000 0.337932
    19 17.589096 0.000000 0.000000 -0.064378 -0.325590 -0.599997
    20 6.240662 0.000000 0.000000 -0.112034 0.023812 -0.382629
    21 3.806942 0.000000 0.000000 -2.131812 -0.128744 -1.067569
    22 6.694801 0.000000 0.000000 0.000000 0.000000 0.000000
    23 19.253845 0.000000 0.000000 0.000000 0.000000 0.025253
    24 3.147137 0.005680 -1.551346 0.204908 0.143273 -0.954241
    25 1.585903 0.000000 0.000000 0.011390 0.016585 -0.964682
    26 0.849087 0.000002 0.000000 -0.054430 -0.175364 -0.012812
    27 3.471079 0.213264 -0.574066 0.197841 0.103922 -1.056897
    28 1.897533 -0.000002 0.000000 -0.051937 -0.088263 -1.080741
    29 1.014454 0.000002 0.000000 0.002346 0.009693 0.056304
    30 3.750082 0.114767 0.430058 0.187201 0.067923 -1.244533
    31 2.258186 0.000000 0.000000 -0.042022 -0.053930 -0.856641
    32 1.210384 0.000001 0.000000 0.001810 0.011981 0.157202
    33 3.868294 -0.166636 1.490141 0.180581 0.034246 -1.190451
    34 1.786068 0.000000 0.000000 0.051300 0.063943 -1.015925
    35 1.044434 -0.000002 0.000000 0.001325 0.038484 0.095729
    36 1.121473 -1.351564 1.030998 1.138475 -0.607693 0.231095
    37 1.928116 0.000000 0.000000 -0.090105 -0.188036 -0.457011
    38 1.285145 -0.000001 0.000000 -0.000005 -0.040574 -1.047036
    39 19.263105 0.000000 0.000000 0.000000 0.000000 0.814452
    40 17.589100 0.000000 0.000000 -0.140944 0.115891 -0.785878
    41 6.240662 0.000000 0.000000 0.020401 -0.027706 -0.443097
    42 5.884350 0.000000 0.000004 -0.126310 0.000000 0.000000
    43 11.768705 0.000000 0.000000 -0.238428 0.000000 0.000000
    44 11.679195 0.000000 0.000008 0.000000 0.000000 -0.161658
    45 3.147156 0.000065 1.551354 -0.201298 -0.143284 -0.649417
    46 1.585903 0.000000 0.000000 -0.011409 -0.016643 -1.331409
    47 0.849087 0.000000 0.000000 0.054379 0.175346 0.227690
    48 3.471100 0.211189 0.574833 -0.194213 -0.103888 -0.872699
    49 1.897533 0.000000 0.000000 0.051947 0.088323 -1.093272
    50 1.014446 0.000003 0.000000 -0.002359 -0.009725 0.111690
    51 3.750099 0.116322 -0.429641 -0.183614 -0.067994 -1.128857
    52 2.258183 0.000000 0.000000 0.042077 0.053977 -0.662652
    53 1.210392 0.000001 0.000000 -0.001842 -0.011976 0.162659
    54 3.868322 -0.161243 -1.490733 -0.177010 -0.034210 -1.024999
    55 1.786068 0.000002 0.000000 -0.051298 -0.063999 -0.749967
    56 1.044445 0.000000 0.000000 -0.001333 -0.038512 0.149883
    57 1.121502 -1.347836 -1.035880 -1.045302 0.582555 0.243500
    58 1.928122 0.000000 -0.000002 -0.000025 0.188108 -0.446082
    59 1.285141 0.000000 -0.000002 -0.000058 0.040588 -0.886387
    60 11.768703 0.000000 -0.000008 0.242666 0.000000 0.000000
    61 5.884356 0.000000 -0.000004 0.128617 0.000000 0.000000
    62 11.679195 0.000000 0.000000 0.000000 0.000000 -0.161657
    63 7.023272 -6.880002 4.339547 2.620672 -1.456011 -1.105365
    64 -10.859375 -24.375000 -6.945313 2.862870 -0.431910 2.007749
    65 0.000000 -0.000007 -0.000031 1.373047 0.113574 0.124314
    66 -0.000004 -0.000007 -0.000031 1.373047 0.113574 0.124314
    67 3.348999 -1.371000 0.725000 1.977842 -0.088017 1.557794
    68 2.856895 -1.536201 -0.973800 -1.501147 -0.272558 -1.578261
    69 -0.000004 0.000000 10.000000 0.000000 0.000000 0.000000
    70 0.018894 0.665159 9.395880 0.000000 0.000000 0.000000
    71 2.000008 -3.000000 0.000000 -1.570796 0.000000 -1.326450
    72 3.028210 -0.923410 -2.009452 1.574082 -0.012974 1.587243
    73 0.116953 4.311607 0.061859 0.000010 0.000000 0.000000
    74 -0.000002 0.000000 0.000001 0.000000 0.000000 0.000000
    75 0.000000 1.000000 0.000010 0.000000 0.000000 0.000000
    76 -0.000002 0.000000 0.000000 0.000000 0.000000 0.000000
    77 -0.000002 0.000000 0.000000 0.000000 0.000000 0.000000
    78 -0.000002 0.000000 0.000000 0.000000 0.000000 0.000000
time 78
    0 1.504883 -8.703125 26.187500 1.563637 -0.073987 0.240182
    1 0.000000 4.246162 -0.018825 1.564335 -0.109512 1.553405
    2 4.195629 0.000000 0.000000 -0.005465 -0.011039 -0.171021
    3 3.883152 0.000001 0.000000 -0.005540 -0.005348 -0.059905
    4 5.985943 0.000002 0.000000 -0.007332 -0.002174 0.411489
    5 4.268658 1.531896 -1.575000 1.358294 1.033583 -0.411982
    6 5.782729 0.000000 0.000001 -3.073361 0.126848 0.605795
    7 11.452759 0.000001 0.000000 0.000000 0.000000 -0.649112
    8 4.268658 1.531894 1.575000 -1.639551 -1.011457 -0.177050
    9 5.782726 0.000004 0.000001 2.677175 -0.409059 0.678182
    10 11.452763 0.000001 0.000004 0.000000 0.000000 -0.793252
    11 10.945534 -0.000007 -0.000034 1.740214 -0.255786 0.363152
    12 10.945518 -0.000005 0.000015 -1.516752 0.036377 0.185260
    13 -3.806942 0.000000 0.000000 -1.218485 -0.038805 -1.843215
    14 19.253841 0.000000 0.000000 0.000000 0.000000 0.025250
    15 6.694798 0.000000 0.000000 0.000000 0.000000 0.000000
    16 5.620499 0.000002 0.000000 2.878915 -0.073231 -0.178634
    17 4.684906 0.000002 0.000000 -0.190338 0.117183 1.060159
    18 19.263098 0.000000 0.000000 0.000000 0.000000 0.319555
    19 17.589096 0.000000 0.000000 -0.019638 -0.329745 -0.659205
    20 6.240662 0.000000 0.000000 -0.112083 0.023828 -0.369078
    21 3.806942 0.000000 0.000000 -2.184873 -0.241101 -1.007295
    22 6.694801 0.000000 0.000000 0.000000 0.000000 0.000000
    23 19.253845 0.000000 0.000000 0.000000 0.000000 0.025253
    24 3.147137 0.005680 -1.551346 0.204908 0.143273 -0.954241
    25 1.585903 0.000000 0.000000 0.011390 0.016585 -0.964682
    26 0.849087 0.000002 0.000000 -0.054430 -0.175364 -0.012812
    27 3.471079 0.213264 -0.574066 0.197841 0.103922 -1.056897
    28 1.897533 -0.000002 0.000000 -0.051937 -0.088263 -1.080741
    29 1.014454 0.000002 0.000000 0.002346 0.009693 0.056304
    30 3.750082 0.114767 0.430058 0.187201 0.067923 -1.244533
    31 2.258186 0.000000 0.000000 -0.042022 -0.053930 -0.856641
    32 1.210384 0.000001 0.000000 0.001810 0.011981 0.157202
    33 3.868294 -0.166636 1.490141 0.180581 0.034246 -1.190451
    34 1.786068 0.000000 0.000000 0.051300 0.063943 -1.015925
    35 1.044434 -0.000002 0.000000 0.001325 0.038484 0.095729
    36 1.121473 -1.351564 1.030998 1.138475 -0.607693 0.231095
    37 1.928116 0.000000 0.000000 -0.090105 -0.188036 -0.457011
    38 1.285145 -0.000001 0.000000 -0.000005 -0.040574 -1.047036
    39 19.263105 0.000000 0.000000 0.000000 0.000000 1.002920
    40 17.589100 0.000000 0.000000 -0.189673 0.060421 -0.807309
    41 6.240662 0.000000 0.000000 0.020393 -0.027755 -0.436462
    42 5.884350 0.000000 0.000004 -0.126310 0.000000 0.000000
    43 11.768705 0.000000 0.000000 -0.238428 0.000000 0.000000
    44 11.679195 0.000000 0.000008 0.000000 0.000000 -0.161658
    45 3.147156 0.000065 1.551354 -0.201298 -0.143284 -0.649417
    46 1.585903 0.000000 0.000000 -0.011409 -0.016643 -1.331409
    47 0.849087 0.000000 0.000000 0.054379 0.175346 0.227690
    48 3.471100 0.211189 0.574833 -0.194213 -0.103888 -0.872699
    49 1.897533 0.000000 0.000000 0.051947 0.088323 -1.093272
    50 1.014446 0.000003 0.000000 -0.002359 -0.009725 0.111690
    51 3.750099 0.116322 -0.429641 -0.183614 -0.067994 -1.128857
    52 2.258183 0.000000 0.000000 0.042077 0.053977 -0.662652
    53 1.210392 0.000001 0.000000 -0.001842 -0.011976 0.162659
    54 3.868322 -0.161243 -1.490733 -0.177010 -0.034210 -1.024999
    55 1.786068 0.000002 0.000000 -0.051298 -0.063999 -0.749967
    56 1.044445 0.000000 0.000000 -0.001333 -0.038512 0.149883
    57 1.121502 -1.347836 -1.035880 -1.045302 0.582555 0.243500
    58 1.928122 0.000000 -0.000002 -0.000025 0.188108 -0.446082
    59 1.285141 0.000000 -0.000002 -0.000058 0.040588 -0.886387
    60 11.768703 0.000000 -0.000008 0.242666 0.000000 0.000000
    61 5.884356 0.000000 -0.000004 0.128617 0.000000 0.000000
    62 11.679195 0.000000 0.000000 0.000000 0.000000 -0.161657
    63 7.023272 -6.880002 4.339547 2.620672 -1.456011 -1.105365
    64 -12.148438 -23.031250 -1.198242 2.869916 -0.389448 1.981454
    65 0.000000 -0.000007 -0.000031 1.373047 0.113574 0.124314
    66 -0.000004 -0.000007 -0.000031 1.373047 0.113574 0.124314
    67 3.348999 -1.371000 0.725000 1.977842 -0.088017 1.557794
    68 2.856895 -1.536201 -0.973800 -1.501147 -0.272558 -1.578261
    69 -0.000004 0.000000 10.000000 0.000000 0.000000 0.000000
    70 0.018894 0.665159 9.395880 0.000000 0.000000 0.000000
    71 2.000008 -3.000000 0.000000 -1.570796 0.000000 -1.326450
    72 3.028210 -0.923410 -2.009452 1.574082 -0.012974 1.587243
    73 0.116953 4.311607 0.061859 0.000010 0.000000 0.000000
    74 -0.000002 0.000000 0.000001 0.000000 0.000000 0.000000
    75 0.000000 1.000000 0.000010 0.000000 0.000000 0.000000
    76 -0.000002 0.000000 0.000000 0.000000 0.000000 0.000000
    77 -0.000002 0.000000 0.000000 0.000000 0.000000 0.000000
    78 -0.000002 0.000000 0.000000 0.000000 0.000000 0.000000
time 79
    0 1.242188 -8.437500 26.062500 1.570242 -0.087243 0.280150
    1 0.000000 4.246162 -0.018825 1.564456 -0.117485 1.546509
    2 4.195629 0.000000 0.000000 -0.004978 -0.015057 -0.166943
    3 3.883152 0.000001 0.000000 -0.004784 -0.007401 -0.060938
    4 5.985943 0.000002 0.000000 -0.007616 -0.004861 0.407709
    5 4.268658 1.531896 -1.575000 1.333856 1.032877 -0.427163
    6 5.782729 0.000000 0.000001 3.111051 0.055354 0.618604
    7 11.452759 0.000001 0.000000 0.000000 0.000000 -0.631287
    8 4.268658 1.531894 1.575000 -1.655014 -0.992458 -0.159994
    9 5.782726 0.000004 0.000001 2.708703 -0.373750 0.665338
    10 11.452763 0.000001 0.000004 0.000000 0.000000 -0.771029
    11 10.945534 -0.000007 -0.000034 1.695040 -0.255116 0.354571
    12 10.945518 -0.000005 0.000015 -1.478220 0.037735 0.214227
    13 -3.806942 0.000000 0.000000 -1.207179 -0.027551 -1.828509
    14 19.253841 0.000000 0.000000 0.000000 0.000000 0.025250
    15 6.694798 0.000000 0.000000 0.000000 0.000000 0.000000
    16 5.620499 0.000002 0.000000 2.879421 -0.066186 -0.181216
    17 4.684906 0.000002 0.000000 -0.193813 0.113993 1.063083
    18 19.263098 0.000000 0.000000 0.000000 0.000000 0.312387
    19 17.589096 0.000000 0.000000 0.078484 -0.324544 -0.725729
    20 6.240662 0.000000 0.000000 -0.112067 0.023808 -0.364592
    21 3.806942 0.000000 0.000000 -2.257264 -0.355886 -0.942174
    22 6.694801 0.000000 0.000000 0.000000 0.000000 0.000000
    23 19.253845 0.000000 0.000000 0.000000 0.000000 0.025253
    24 3.147137 0.005680 -1.551346 0.204908 0.143273 -0.954241
    25 1.585903 0.000000 0.000000 0.011390 0.016585 -0.964682
    26 0.849087 0.000002 0.000000 -0.054430 -0.175364 -0.012812
    27 3.471079 0.213264 -0.574066 0.197841 0.103922 -1.056897
    28 1.897533 -0.000002 0.000000 -0.051937 -0.088263 -1.080741
    29 1.014454 0.000002 0.000000 0.002346 0.009693 0.056304
    30 3.750082 0.114767 0.430058 0.187201 0.067923 -1.244533
    31 2.258186 0.000000 0.000000 -0.042022 -0.053930 -0.856641
    32 1.210384 0.000001 0.000000 0.001810 0.011981 0.157202
    33 3.868294 -0.166636 1.490141 0.180581 0.034246 -1.190451
    34 1.786068 0.000000 0.000000 0.051300 0.063943 -1.015925
    35 1.044434 -0.000002 0.000000 0.001325 0.038484 0.095729
    36 1.121473 -1.351564 1.030998 1.138475 -0.607693 0.231095
    37 1.928116 0.000000 0.000000 -0.090105 -0.188036 -0.457011
    38 1.285145 -0.000001 0.000000 -0.000005 -0.040574 -1.047036
    39 19.263105 0.000000 0.000000 0.000000 0.000000 1.175352
    40 17.589100 0.000000 0.000000 -0.262166 -0.018790 -0.785790
    41 6.240662 0.000000 0.000000 0.020395 -0.027689 -0.420999
    42 5.884350 0.000000 0.000004 -0.126310 0.000000 0.000000
    43 11.768705 0.000000 0.000000 -0.238428 0.000000 0.000000
    44 11.679195 0.000000 0.000008 0.000000 0.000000 -0.161658
    45 3.147156 0.000065 1.551354 -0.201298 -0.143284 -0.649417
    46 1.585903 0.000000 0.000000 -0.011409 -0.016643 -1.331409
    47 0.849087 0.000000 0.000000 0.054379 0.175346 0.227690
    48 3.471100 0.211189 0.574833 -0.194213 -0.103888 -0.872699
    49 1.897533 0.000000 0.000000 0.051947 0.088323 -1.093272
    50 1.014446 0.000003 0.000000 -0.002359 -0.009725 0.111690
    51 3.750099 0.116322 -0.429641 -0.183614 -0.067994 -1.128857
    52 2.258183 0.000000 0.000000 0.042077 0.053977 -0.662652
    53 1.210392 0.000001 0.000000 -0.001842 -0.011976 0.162659
    54 3.868322 -0.161243 -1.490733 -0.177010 -0.034210 -1.024999
    55 1.786068 0.000002 0.000000 -0.051298 -0.063999 -0.749967
    56 1.044445 0.000000 0.000000 -0.001333 -0.038512 0.149883
    57 1.121502 -1.347836 -1.035880 -1.045302 0.582555 0.243500
    58 1.928122 0.000000 -0.000002 -0.000025 0.188108 -0.446082
    59 1.285141 0.000000 -0.000002 -0.000058 0.040588 -0.886387
    60 11.768703 0.000000 -0.000008 0.242666 0.000000 0.000000
    61 5.884356 0.000000 -0.000004 0.128617 0.000000 0.000000
    62 11.679195 0.000000 0.000000 0.000000 0.000000 -0.161657
    63 7.023272 -6.880002 4.339547 2.620672 -1.456011 -1.105365
    64 -12.148438 -17.125000 4.304688 2.873944 -0.317334 1.956623
    65 0.000000 -0.000007 -0.000031 1.373047 0.113574 0.124314
    66 -0.000004 -0.000007 -0.000031 1.373047 0.113574 0.124314
    67 3.348999 -1.371000 0.725000 1.977842 -0.088017 1.557794
    68 2.856895 -1.536201 -0.973800 -1.501147 -0.272558 -1.578261
    69 -0.000004 0.000000 10.000000 0.000000 0.000000 0.000000
    70 0.018894 0.665159 9.395880 0.000000 0.000000 0.000000
    71 2.000008 -3.000000 0.000000 -1.570796 0.000000 -1.326450
    72 3.028210 -0.923410 -2.009452 1.574082 -0.012974 1.587243
    73 0.116953 4.311607 0.061859 0.000010 0.000000 0.000000
    74 -0.000002 0.000000 0.000001 0.000000 0.000000 0.000000
    75 0.000000 1.000000 0.000010 0.000000 0.000000 0.000000
    76 -0.000002 0.000000 0.000000 0.000000 0.000000 0.000000
    77 -0.000002 0.000000 0.000000 0.000000 0.000000 0.000000
    78 -0.000002 0.000000 0.000000 0.000000 0.000000 0.000000
time 80
    0 1.040039 -8.187500 26.000000 1.575278 -0.097477 0.308464
    1 0.000000 4.246162 -0.018825 1.566593 -0.124194 1.542263
    2 4.195629 0.000000 0.000000 -0.002715 -0.017632 -0.163320
    3 3.883152 0.000001 0.000000 -0.002218 -0.009395 -0.060946
    4 5.985943 0.000002 0.000000 -0.006452 -0.008629 0.406839
    5 4.268658 1.531896 -1.575000 1.309569 1.040126 -0.436675
    6 5.782729 0.000000 0.000001 3.069972 0.002727 0.642615
    7 11.452759 0.000001 0.000000 0.000000 0.000000 -0.601391
    8 4.268658 1.531894 1.575000 -1.665425 -0.983384 -0.152066
    9 5.782726 0.000004 0.000001 2.732126 -0.348213 0.668548
    10 11.452763 0.000001 0.000004 0.000000 0.000000 -0.748534
    11 10.945534 -0.000007 -0.000034 1.651501 -0.262025 0.351309
    12 10.945518 -0.000005 0.000015 -1.469358 0.052780 0.241269
    13 -3.806942 0.000000 0.000000 -1.206483 -0.017013 -1.820513
    14 19.253841 0.000000 0.000000 0.000000 0.000000 0.025250
    15 6.694798 0.000000 0.000000 0.000000 0.000000 0.000000
    16 5.620499 0.000002 0.000000 2.875770 -0.062440 -0.185831
    17 4.684906 0.000002 0.000000 -0.199064 0.112820 1.069443
    18 19.263098 0.000000 0.000000 0.000000 0.000000 0.322441
    19 17.589096 0.000000 0.000000 0.163604 -0.303935 -0.772793
    20 6.240662 0.000000 0.000000 -0.112049 0.023826 -0.367582
    21 3.806942 0.000000 0.000000 -2.343643 -0.457464 -0.874826
    22 6.694801 0.000000 0.000000 0.000000 0.000000 0.000000
    23 19.253845 0.000000 0.000000 0.000000 0.000000 0.025253
    24 3.147137 0.005680 -1.551346 0.204908 0.143273 -0.954241
    25 1.585903 0.000000 0.000000 0.011390 0.016585 -0.964682
    26 0.849087 0.000002 0.000000 -0.054430 -0.175364 -0.012812
    27 3.471079 0.213264 -0.574066 0.197841 0.103922 -1.056897
    28 1.897533 -0.000002 0.000000 -0.051937 -0.088263 -1.080741
    29 1.014454 0.000002 0.000000 0.002346 0.009693 0.056304
    30 3.750082 0.114767 0.430058 0.187201 0.067923 -1.244533
    31 2.258186 0.000000 0.000000 -0.042022 -0.053930 -0.856641
    32 1.210384 0.000001 0.000000 0.001810 0.011981 0.157202
    33 3.868294 -0.166636 1.490141 0.180581 0.034246 -1.190451
    34 1.786068 0.000000 0.000000 0.051300 0.063943 -1.015925
    35 1.044434 -0.000002 0.000000 0.001325 0.038484 0.095729
    36 1.121473 -1.351564 1.030998 1.138475 -0.607693 0.231095
    37 1.928116 0.000000 0.000000 -0.090105 -0.188036 -0.457011
    38 1.285145 -0.000001 0.000000 -0.000005 -0.040574 -1.047036
    39 19.263105 0.000000 0.000000 0.000000 0.000000 1.318177
    40 17.589100 0.000000 0.000000 -0.325418 -0.062865 -0.771126
    41 6.240662 0.000000 0.000000 0.020416 -0.027718 -0.416410
    42 5.884350 0.000000 0.000004 -0.126310 0.000000 0.000000
    43 11.768705 0.000000 0.000000 -0.238428 0.000000 0.000000
    44 11.679195 0.000000 0.000008 0.000000 0.000000 -0.161658
    45 3.147156 0.000065 1.551354 -0.201298 -0.143284 -0.649417
    46 1.585903 0.000000 0.000000 -0.011409 -0.016643 -1.331409
    47 0.849087 0.000000 0.000000 0.054379 0.175346 0.227690
    48 3.471100 0.211189 0.574833 -0.194213 -0.103888 -0.872699
    49 1.897533 0.000000 0.000000 0.051947 0.088323 -1.093272
    50 1.014446 0.000003 0.000000 -0.002359 -0.009725 0.111690
    51 3.750099 0.116322 -0.429641 -0.183614 -0.067994 -1.128857
    52 2.258183 0.000000 0.000000 0.042077 0.053977 -0.662652
    53 1.210392 0.000001 0.000000 -0.001842 -0.011976 0.162659
    54 3.868322 -0.161243 -1.490733 -0.177010 -0.034210 -1.024999
    55 1.786068 0.000002 0.000000 -0.051298 -0.063999 -0.749967
    56 1.044445 0.000000 0.000000 -0.001333 -0.038512 0.149883
    57 1.121502 -1.347836 -1.035880 -1.045302 0.582555 0.243500
    58 1.928122 0.000000 -0.000002 -0.000025 0.188108 -0.446082
    59 1.285141 0.000000 -0.000002 -0.000058 0.040588 -0.886387
    60 11.768703 0.000000 -0.000008 0.242666 0.000000 0.000000
    61 5.884356 0.000000 -0.000004 0.128617 0.000000 0.000000
    62 11.679195 0.000000 0.000000 0.000000 0.000000 -0.161657
    63 7.023272 -6.880002 4.339547 2.620672 -1.456011 -1.105365
    64 -11.765625 -10.898438 5.046875 2.872980 -0.255574 1.937543
    65 0.000000 -0.000007 -0.000031 1.373047 0.113574 0.124314
    66 -0.000004 -0.000007 -0.000031 1.373047 0.113574 0.124314
    67 3.348999 -1.371000 0.725000 1.977842 -0.088017 1.557794
    68 2.856895 -1.536201 -0.973800 -1.501147 -0.272558 -1.578261
    69 -0.000004 0.000000 10.000000 0.000000 0.000000 0.000000
    70 0.018894 0.665159 9.395880 0.000000 0.000000 0.000000
    71 2.000008 -3.000000 0.000000 -1.570796 0.000000 -1.326450
    72 3.028210 -0.923410 -2.009452 1.574082 -0.012974 1.587243
    73 0.116953 4.311607 0.061859 0.000010 0.000000 0.000000
    74 -0.000002 0.000000 0.000001 0.000000 0.000000 0.000000
    75 0.000000 1.000000 0.000010 0.000000 0.000000 0.000000
    76 -0.000002 0.000000 0.000000 0.000000 0.000000 0.000000
    77 -0.000002 0.000000 0.000000 0.000000 0.000000 0.000000
    78 -0.000002 0.000000 0.000000 0.000000 0.000000 0.000000
time 81
    0 0.920898 -8.070313 26.000000 1.579452 -0.102478 0.319152
    1 0.000000 4.246162 -0.018825 1.569399 -0.122499 1.539596
    2 4.195629 0.000000 0.000000 0.000343 -0.018941 -0.163868
    3 3.883152 0.000001 0.000000 0.000526 -0.009053 -0.058886
    4 5.985943 0.000002 0.000000 -0.003529 -0.008876 0.411763
    5 4.268658 1.531896 -1.575000 1.316624 1.048136 -0.432359
    6 5.782729 0.000000 0.000001 3.140089 0.002798 0.661511
    7 11.452759 0.000001 0.000000 0.000000 0.000000 -0.583249
    8 4.268658 1.531894 1.575000 -1.671898 -0.989920 -0.141709
    9 5.782726 0.000004 0.000001 2.750609 -0.325656 0.685237
    10 11.452763 0.000001 0.000004 0.000000 0.000000 -0.724569
    11 10.945534 -0.000007 -0.000034 1.613920 -0.270981 0.348940
    12 10.945518 -0.000005 0.000015 -1.512041 0.044230 0.241875
    13 -3.806942 0.000000 0.000000 -1.215165 -0.004826 -1.819763
    14 19.253841 0.000000 0.000000 0.000000 0.000000 0.025250
    15 6.694798 0.000000 0.000000 0.000000 0.000000 0.000000
    16 5.620499 0.000002 0.000000 2.873459 -0.063023 -0.185886
    17 4.684906 0.000002 0.000000 -0.200716 0.112964 1.073697
    18 19.263098 0.000000 0.000000 0.000000 0.000000 0.343012
    19 17.589096 0.000000 0.000000 0.167257 -0.301003 -0.779827
    20 6.240662 0.000000 0.000000 -0.112068 0.023873 -0.379727
    21 3.806942 0.000000 0.000000 -2.449467 -0.531026 -0.797676
    22 6.694801 0.000000 0.000000 0.000000 0.000000 0.000000
    23 19.253845 0.000000 0.000000 0.000000 0.000000 0.025253
    24 3.147137 0.005680 -1.551346 0.204908 0.143273 -0.954241
    25 1.585903 0.000000 0.000000 0.011390 0.016585 -0.964682
    26 0.849087 0.000002 0.000000 -0.054430 -0.175364 -0.012812
    27 3.471079 0.213264 -0.574066 0.197841 0.103922 -1.056897
    28 1.897533 -0.000002 0.000000 -0.051937 -0.088263 -1.080741
    29 1.014454 0.000002 0.000000 0.002346 0.009693 0.056304
    30 3.750082 0.114767 0.430058 0.187201 0.067923 -1.244533
    31 2.258186 0.000000 0.000000 -0.042022 -0.053930 -0.856641
    32 1.210384 0.000001 0.000000 0.001810 0.011981 0.157202
    33 3.868294 -0.166636 1.490141 0.180581 0.034246 -1.190451
    34 1.786068 0.000000 0.000000 0.051300 0.063943 -1.015925
    35 1.044434 -0.000002 0.000000 0.001325 0.038484 0.095729
    36 1.121473 -1.351564 1.030998 1.138475 -0.607693 0.231095
    37 1.928116 0.000000 0.000000 -0.090105 -0.188036 -0.457011
    38 1.285145 -0.000001 0.000000 -0.000005 -0.040574 -1.047036
    39 19.263105 0.000000 0.000000 0.000000 0.000000 1.433393
    40 17.589100 0.000000 0.000000 -0.351048 -0.040680 -0.789868
    41 6.240662 0.000000 0.000000 0.020454 -0.027720 -0.391118
    42 5.884350 0.000000 0.000004 -0.126310 0.000000 0.000000
    43 11.768705 0.000000 0.000000 -0.238428 0.000000 0.000000
    44 11.679195 0.000000 0.000008 0.000000 0.000000 -0.161658
    45 3.147156 0.000065 1.551354 -0.201298 -0.143284 -0.649417
    46 1.585903 0.000000 0.000000 -0.011409 -0.016643 -1.331409
    47 0.849087 0.000000 0.000000 0.054379 0.175346 0.227690
    48 3.471100 0.211189 0.574833 -0.194213 -0.103888 -0.872699
    49 1.897533 0.000000 0.000000 0.051947 0.088323 -1.093272
    50 1.014446 0.000003 0.000000 -0.002359 -0.009725 0.111690
    51 3.750099 0.116322 -0.429641 -0.183614 -0.067994 -1.128857
    52 2.258183 0.000000 0.000000 0.042077 0.053977 -0.662652
    53 1.210392 0.000001 0.000000 -0.001842 -0.011976 0.162659
    54 3.868322 -0.161243 -1.490733 -0.177010 -0.034210 -1.024999
    55 1.786068 0.000002 0.000000 -0.051298 -0.063999 -0.749967
    56 1.044445 0.000000 0.000000 -0.001333 -0.038512 0.149883
    57 1.121502 -1.347836 -1.035880 -1.045302 0.582555 0.243500
    58 1.928122 0.000000 -0.000002 -0.000025 0.188108 -0.446082
    59 1.285141 0.000000 -0.000002 -0.000058 0.040588 -0.886387
    60 11.768703 0.000000 -0.000008 0.242666 0.000000 0.000000
    61 5.884356 0.000000 -0.000004 0.128617 0.000000 0.000000
    62 11.679195 0.000000 0.000000 0.000000 0.000000 -0.161657
    63 7.023272 -6.880002 4.339547 2.620672 -1.456011 -1.105365
    64 -11.828125 -8.148438 0.775879 2.869970 -0.210440 1.921083
    65 0.000000 -0.000007 -0.000031 1.373047 0.113574 0.124314
    66 -0.000004 -0.000007 -0.000031 1.373047 0.113574 0.124314
    67 3.348999 -1.371000 0.725000 1.977842 -0.088017 1.557794
    68 2.856895 -1.536201 -0.973800 -1.501147 -0.272558 -1.578261
    69 -0.000004 0.000000 10.000000 0.000000 0.000000 0.000000
    70 0.018894 0.665159 9.395880 0.000000 0.000000 0.000000
    71 2.000008 -3.000000 0.000000 -1.570796 0.000000 -1.326450
    72 3.028210 -0.923410 -2.009452 1.574082 -0.012974 1.587243
    73 0.116953 4.311607 0.061859 0.000010 0.000000 0.000000
    74 -0.000002 0.000000 0.000001 0.000000 0.000000 0.000000
    75 0.000000 1.000000 0.000010 0.000000 0.000000 0.000000
    76 -0.000002 0.000000 0.000000 0.000000 0.000000 0.000000
    77 -0.000002 0.000000 0.000000 0.000000 0.000000 0.000000
    78 -0.000002 0.000000 0.000000 0.000000 0.000000 0.000000
time 82
    0 0.785156 -8.007813 26.046875 1.581981 -0.100005 0.313155
    1 0.000000 4.246162 -0.018825 1.572039 -0.119147 1.536092
    2 4.195629 0.000000 0.000000 0.002881 -0.020118 -0.165454
    3 3.883152 0.000001 0.000000 0.002401 -0.005459 -0.057076
    4 5.985943 0.000002 0.000000 0.000713 -0.002886 0.416946
    5 4.268658 1.531896 -1.575000 1.345369 1.068101 -0.408488
    6 5.782729 0.000000 0.000001 3.107516 -0.017195 0.690576
    7 11.452759 0.000001 0.000000 0.000000 0.000000 -0.572082
    8 4.268658 1.531894 1.575000 -1.683709 -1.007914 -0.130805
    9 5.782726 0.000004 0.000001 2.776228 -0.314514 0.701453
    10 11.452763 0.000001 0.000004 0.000000 0.000000 -0.714976
    11 10.945534 -0.000007 -0.000034 1.590156 -0.277115 0.344945
    12 10.945518 -0.000005 0.000015 -1.503229 0.030283 0.244431
    13 -3.806942 0.000000 0.000000 -1.217313 0.007557 -1.822157
    14 19.253841 0.000000 0.000000 0.000000 0.000000 0.025250
    15 6.694798 0.000000 0.000000 0.000000 0.000000 0.000000
    16 5.620499 0.000002 0.000000 2.875287 -0.065394 -0.187887
    17 4.684906 0.000002 0.000000 -0.197745 0.111844 1.079448
    18 19.263098 0.000000 0.000000 0.000000 0.000000 0.378200
    19 17.589096 0.000000 0.000000 0.115431 -0.304138 -0.753137
    20 6.240662 0.000000 0.000000 -0.112044 0.023815 -0.390734
    21 3.806942 0.000000 0.000000 -2.562099 -0.573027 -0.714593
    22 6.694801 0.000000 0.000000 0.000000 0.000000 0.000000
    23 19.253845 0.000000 0.000000 0.000000 0.000000 0.025253
    24 3.147137 0.005680 -1.551346 0.204908 0.143273 -0.954241
    25 1.585903 0.000000 0.000000 0.011390 0.016585 -0.964682
    26 0.849087 0.000002 0.000000 -0.054430 -0.175364 -0.012812
    27 3.471079 0.213264 -0.574066 0.197841 0.103922 -1.056897
    28 1.897533 -0.000002 0.000000 -0.051937 -0.088263 -1.080741
    29 1.014454 0.000002 0.000000 0.002346 0.009693 0.056304
    30 3.750082 0.114767 0.430058 0.187201 0.067923 -1.244533
    31 2.258186 0.000000 0.000000 -0.042022 -0.053930 -0.856641
    32 1.210384 0.000001 0.000000 0.001810 0.011981 0.157202
    33 3.868294 -0.166636 1.490141 0.180581 0.034246 -1.190451
    34 1.786068 0.000000 0.000000 0.051300 0.063943 -1.015925
    35 1.044434 -0.000002 0.000000 0.001325 0.038484 0.095729
    36 1.121473 -1.351564 1.030998 1.138475 -0.607693 0.231095
    37 1.928116 0.000000 0.000000 -0.090105 -0.188036 -0.457011
    38 1.285145 -0.000001 0.000000 -0.000005 -0.040574 -1.047036
    39 19.263105 0.000000 0.000000 0.000000 0.000000 1.510146
    40 17.589100 0.000000 0.000000 -0.327740 0.050975 -0.811152
    41 6.240662 0.000000 0.000000 0.020417 -0.027709 -0.405562
    42 5.884350 0.000000 0.000004 -0.126310 0.000000 0.000000
    43 11.768705 0.000000 0.000000 -0.238428 0.000000 0.000000
    44 11.679195 0.000000 0.000008 0.000000 0.000000 -0.161658
    45 3.147156 0.000065 1.551354 -0.201298 -0.143284 -0.649417
    46 1.585903 0.000000 0.000000 -0.011409 -0.016643 -1.331409
    47 0.849087 0.000000 0.000000 0.054379 0.175346 0.227690
    48 3.471100 0.211189 0.574833 -0.194213 -0.103888 -0.872699
    49 1.897533 0.000000 0.000000 0.051947 0.088323 -1.093272
    50 1.014446 0.000003 0.000000 -0.002359 -0.009725 0.111690
    51 3.750099 0.116322 -0.429641 -0.183614 -0.067994 -1.128857
    52 2.258183 0.000000 0.000000 0.042077 0.053977 -0.662652
    53 1.210392 0.000001 0.000000 -0.001842 -0.011976 0.162659
    54 3.868322 -0.161243 -1.490733 -0.177010 -0.034210 -1.024999
    55 1.786068 0.000002 0.000000 -0.051298 -0.063999 -0.749967
    56 1.044445 0.000000 0.000000 -0.001333 -0.038512 0.149883
    57 1.121502 -1.347836 -1.035880 -1.045302 0.582555 0.243500
    58 1.928122 0.000000 -0.000002 -0.000025 0.188108 -0.446082
    59 1.285141 0.000000 -0.000002 -0.000058 0.040588 -0.886387
    60 11.768703 0.000000 -0.000008 0.242666 0.000000 0.000000
    61 5.884356 0.000000 -0.000004 0.128617 0.000000 0.000000
    62 11.679195 0.000000 0.000000 0.000000 0.000000 -0.161657
    63 7.023272 -6.880002 4.339547 2.620672 -1.456011 -1.105365
    64 -11.765625 -8.757813 -5.308594 2.866199 -0.183688 1.915253
    65 0.000000 -0.000007 -0.000031 1.373047 0.113574 0.124314
    66 -0.000004 -0.000007 -0.000031 1.373047 0.113574 0.124314
    67 3.348999 -1.371000 0.725000 1.977842 -0.088017 1.557794
    68 2.856895 -1.536201 -0.973800 -1.501147 -0.272558 -1.578261
    69 -0.000004 0.000000 10.000000 0.000000 0.000000 0.000000
    70 0.018894 0.665159 9.395880 0.000000 0.000000 0.000000
    71 2.000008 -3.000000 0.000000 -1.570796 0.000000 -1.326450
    72 3.028210 -0.923410 -2.009452 1.574082 -0.012974 1.587243
    73 0.116953 4.311607 0.061859 0.000010 0.000000 0.000000
    74 -0.000002 0.000000 0.000001 0.000000 0.000000 0.000000
    75 0.000000 1.000000 0.000010 0.000000 0.000000 0.000000
    76 -0.000002 0.000000 0.000000 0.000000 0.000000 0.000000
    77 -0.000002 0.000000 0.000000 0.000000 0.000000 0.000000
    78 -0.000002 0.000000 0.000000 0.000000 0.000000 0.000000
time 83
    0 0.714844 -8.007813 26.140625 1.582963 -0.092312 0.295000
    1 0.000000 4.246162 -0.018825 1.575759 -0.112627 1.536121
    2 4.195629 0.000000 0.000000 0.006567 -0.019285 -0.168520
    3 3.883152 0.000001 0.000000 0.005658 -0.001661 -0.053879
    4 5.985943 0.000002 0.000000 0.006291 0.001732 0.425517
    5 4.268658 1.531896 -1.575000 1.359776 1.088413 -0.401583
    6 5.782729 0.000000 0.000001 3.064368 -0.023411 0.718242
    7 11.452759 0.000001 0.000000 0.000000 0.000000 -0.569833
    8 4.268658 1.531894 1.575000 -1.711933 -1.024270 -0.108624
    9 5.782726 0.000004 0.000001 2.800017 -0.312415 0.705526
    10 11.452763 0.000001 0.000004 0.000000 0.000000 -0.723923
    11 10.945534 -0.000007 -0.000034 1.581228 -0.279016 0.337269
    12 10.945518 -0.000005 0.000015 -1.492291 0.037734 0.259857
    13 -3.806942 0.000000 0.000000 -1.205261 0.023475 -1.833904
    14 19.253841 0.000000 0.000000 0.000000 0.000000 0.025250
    15 6.694798 0.000000 0.000000 0.000000 0.000000 0.000000
    16 5.620499 0.000002 0.000000 2.878880 -0.063206 -0.189205
    17 4.684906 0.000002 0.000000 -0.195414 0.106420 1.084269
    18 19.263098 0.000000 0.000000 0.000000 0.000000 0.422419
    19 17.589096 0.000000 0.000000 0.057544 -0.311077 -0.733631
    20 6.240662 0.000000 0.000000 -0.112042 0.023880 -0.386244
    21 3.806942 0.000000 0.000000 -2.656707 -0.594857 -0.645179
    22 6.694801 0.000000 0.000000 0.000000 0.000000 0.000000
    23 19.253845 0.000000 0.000000 0.000000 0.000000 0.025253
    24 3.147137 0.005680 -1.551346 0.204908 0.143273 -0.954241
    25 1.585903 0.000000 0.000000 0.011390 0.016585 -0.964682
    26 0.849087 0.000002 0.000000 -0.054430 -0.175364 -0.012812
    27 3.471079 0.213264 -0.574066 0.197841 0.103922 -1.056897
    28 1.897533 -0.000002 0.000000 -0.051937 -0.088263 -1.080741
    29 1.014454 0.000002 0.000000 0.002346 0.009693 0.056304
    30 3.750082 0.114767 0.430058 0.187201 0.067923 -1.244533
    31 2.258186 0.000000 0.000000 -0.042022 -0.053930 -0.856641
    32 1.210384 0.000001 0.000000 0.001810 0.011981 0.157202
    33 3.868294 -0.166636 1.490141 0.180581 0.034246 -1.190451
    34 1.786068 0.000000 0.000000 0.051300 0.063943 -1.015925
    35 1.044434 -0.000002 0.000000 0.001325 0.038484 0.095729
    36 1.121473 -1.351564 1.030998 1.138475 -0.607693 0.231095
    37 1.928116 0.000000 0.000000 -0.090105 -0.188036 -0.457011
    38 1.285145 -0.000001 0.000000 -0.000005 -0.040574 -1.047036
    39 19.263105 0.000000 0.000000 0.000000 0.000000 1.553868
    40 17.589100 0.000000 0.000000 -0.294855 0.134148 -0.820658
    41 6.240662 0.000000 0.000000 0.020446 -0.027681 -0.396664
    42 5.884350 0.000000 0.000004 -0.126310 0.000000 0.000000
    43 11.768705 0.000000 0.000000 -0.238428 0.000000 0.000000
    44 11.679195 0.000000 0.000008 0.000000 0.000000 -0.161658
    45 3.147156 0.000065 1.551354 -0.201298 -0.143284 -0.649417
    46 1.585903 0.000000 0.000000 -0.011409 -0.016643 -1.331409
    47 0.849087 0.000000 0.000000 0.054379 0.175346 0.227690
    48 3.471100 0.211189 0.574833 -0.194213 -0.103888 -0.872699
    49 1.897533 0.000000 0.000000 0.051947 0.088323 -1.093272
    50 1.014446 0.000003 0.000000 -0.002359 -0.009725 0.111690
    51 3.750099 0.116322 -0.429641 -0.183614 -0.067994 -1.128857
    52 2.258183 0.000000 0.000000 0.042077 0.053977 -0.662652
    53 1.210392 0.000001 0.000000 -0.001842 -0.011976 0.162659
    54 3.868322 -0.161243 -1.490733 -0.177010 -0.034210 -1.024999
    55 1.786068 0.000002 0.000000 -0.051298 -0.063999 -0.749967
    56 1.044445 0.000000 0.000000 -0.001333 -0.038512 0.149883
    57 1.121502 -1.347836 -1.035880 -1.045302 0.582555 0.243500
    58 1.928122 0.000000 -0.000002 -0.000025 0.188108 -0.446082
    59 1.285141 0.000000 -0.000002 -0.000058 0.040588 -0.886387
    60 11.768703 0.000000 -0.000008 0.242666 0.000000 0.000000
    61 5.884356 0.000000 -0.000004 0.128617 0.000000 0.000000
    62 11.679195 0.000000 0.000000 0.000000 0.000000 -0.161657
    63 7.023272 -6.880002 4.339547 2.620672 -1.456011 -1.105365
    64 -10.726563 -14.406250 -10.367188 2.863193 -0.178399 1.918928
    65 0.000000 -0.000007 -0.000031 1.373047 0.113574 0.124314
    66 -0.000004 -0.000007 -0.000031 1.373047 0.113574 0.124314
    67 3.348999 -1.371000 0.725000 1.977842 -0.088017 1.557794
    68 2.856895 -1.536201 -0.973800 -1.501147 -0.272558 -1.578261
    69 -0.000004 0.000000 10.000000 0.000000 0.000000 0.000000
    70 0.018894 0.665159 9.395880 0.000000 0.000000 0.000000
    71 2.000008 -3.000000 0.000000 -1.570796 0.000000 -1.326450
    72 3.028210 -0.923410 -2.009452 1.574082 -0.012974 1.587243
    73 0.116953 4.311607 0.061859 0.000010 0.000000 0.000000
    74 -0.000002 0.000000 0.000001 0.000000 0.000000 0.000000
    75 0.000000 1.000000 0.000010 0.000000 0.000000 0.000000
    76 -0.000002 0.000000 0.000000 0.000000 0.000000 0.000000
    77 -0.000002 0.000000 0.000000 0.000000 0.000000 0.000000
    78 -0.000002 0.000000 0.000000 0.000000 0.000000 0.000000
time 84
    0 0.683105 -8.054688 26.296875 1.582722 -0.077656 0.268747
    1 0.000000 4.246162 -0.018825 1.579426 -0.105209 1.542292
    2 4.195629 0.000000 0.000000 0.009959 -0.014998 -0.172082
    3 3.883152 0.000001 0.000000 0.008850 0.001775 -0.049894
    4 5.985943 0.000002 0.000000 0.011008 0.004194 0.435879
    5 4.268658 1.531896 -1.575000 1.363087 1.111156 -0.408683
    6 5.782729 0.000000 0.000001 3.088875 0.000999 0.753887
    7 11.452759 0.000001 0.000000 0.000000 0.000000 -0.563000
    8 4.268658 1.531894 1.575000 -1.753425 -1.046509 -0.072978
    9 5.782726 0.000004 0.000001 2.850923 -0.296416 0.709519
    10 11.452763 0.000001 0.000004 0.000000 0.000000 -0.738250
    11 10.945534 -0.000007 -0.000034 1.566662 -0.276344 0.340116
    12 10.945518 -0.000005 0.000015 -1.510082 0.057260 0.284634
    13 -3.806942 0.000000 0.000000 -1.189202 0.040005 -1.854643
    14 19.253841 0.000000 0.000000 0.000000 0.000000 0.025250
    15 6.694798 0.000000 0.000000 0.000000 0.000000 0.000000
    16 5.620499 0.000002 0.000000 2.883160 -0.053749 -0.187690
    17 4.684906 0.000002 0.000000 -0.195965 0.093703 1.088193
    18 19.263098 0.000000 0.000000 0.000000 0.000000 0.479814
    19 17.589096 0.000000 0.000000 0.078139 -0.322173 -0.743203
    20 6.240662 0.000000 0.000000 -0.112083 0.023828 -0.369078
    21 3.806942 0.000000 0.000000 -2.723080 -0.592747 -0.596453
    22 6.694801 0.000000 0.000000 0.000000 0.000000 0.000000
    23 19.253845 0.000000 0.000000 0.000000 0.000000 0.025253
    24 3.147137 0.005680 -1.551346 0.204908 0.143273 -0.954241
    25 1.585903 0.000000 0.000000 0.011390 0.016585 -0.964682
    26 0.849087 0.000002 0.000000 -0.054430 -0.175364 -0.012812
    27 3.471079 0.213264 -0.574066 0.197841 0.103922 -1.056897
    28 1.897533 -0.000002 0.000000 -0.051937 -0.088263 -1.080741
    29 1.014454 0.000002 0.000000 0.002346 0.009693 0.056304
    30 3.750082 0.114767 0.430058 0.187201 0.067923 -1.244533
    31 2.258186 0.000000 0.000000 -0.042022 -0.053930 -0.856641
    32 1.210384 0.000001 0.000000 0.001810 0.011981 0.157202
    33 3.868294 -0.166636 1.490141 0.180581 0.034246 -1.190451
    34 1.786068 0.000000 0.000000 0.051300 0.063943 -1.015925
    35 1.044434 -0.000002 0.000000 0.001325 0.038484 0.095729
    36 1.121473 -1.351564 1.030998 1.138475 -0.607693 0.231095
    37 1.928116 0.000000 0.000000 -0.090105 -0.188036 -0.457011
    38 1.285145 -0.000001 0.000000 -0.000005 -0.040574 -1.047036
    39 19.263105 0.000000 0.000000 0.000000 0.000000 1.565401
    40 17.589100 0.000000 0.000000 -0.259072 0.179716 -0.810776
    41 6.240662 0.000000 0.000000 0.020393 -0.027681 -0.409969
    42 5.884350 0.000000 0.000004 -0.126310 0.000000 0.000000
    43 11.768705 0.000000 0.000000 -0.238428 0.000000 0.000000
    44 11.679195 0.000000 0.000008 0.000000 0.000000 -0.161658
    45 3.147156 0.000065 1.551354 -0.201298 -0.143284 -0.649417
    46 1.585903 0.000000 0.000000 -0.011409 -0.016643 -1.331409
    47 0.849087 0.000000 0.000000 0.054379 0.175346 0.227690
    48 3.471100 0.211189 0.574833 -0.194213 -0.103888 -0.872699
    49 1.897533 0.000000 0.000000 0.051947 0.088323 -1.093272
    50 1.014446 0.000003 0.000000 -0.002359 -0.009725 0.111690
    51 3.750099 0.116322 -0.429641 -0.183614 -0.067994 -1.128857
    52 2.258183 0.000000 0.000000 0.042077 0.053977 -0.662652
    53 1.210392 0.000001 0.000000 -0.001842 -0.011976 0.162659
    54 3.868322 -0.161243 -1.490733 -0.177010 -0.034210 -1.024999
    55 1.786068 0.000002 0.000000 -0.051298 -0.063999 -0.749967
    56 1.044445 0.000000 0.000000 -0.001333 -0.038512 0.149883
    57 1.121502 -1.347836 -1.035880 -1.045302 0.582555 0.243500
    58 1.928122 0.000000 -0.000002 -0.000025 0.188108 -0.446082
    59 1.285141 0.000000 -0.000002 -0.000058 0.040588 -0.886387
    60 11.768703 0.000000 -0.000008 0.242666 0.000000 0.000000
    61 5.884356 0.000000 -0.000004 0.128617 0.000000 0.000000
    62 11.679195 0.000000 0.000000 0.000000 0.000000 -0.161657
    63 7.023272 -6.880002 4.339547 2.620672 -1.456011 -1.105365
    64 -8.953125 -21.031250 -8.710938 2.863713 -0.157671 1.927777
    65 0.000000 -0.000007 -0.000031 1.373047 0.113574 0.124314
    66 -0.000004 -0.000007 -0.000031 1.373047 0.113574 0.124314
    67 3.348999 -1.371000 0.725000 1.977842 -0.088017 1.557794
    68 2.856895 -1.536201 -0.973800 -1.501147 -0.272558 -1.578261
    69 -0.000004 0.000000 10.000000 0.000000 0.000000 0.000000
    70 0.018894 0.665159 9.395880 0.000000 0.000000 0.000000
    71 2.000008 -3.000000 0.000000 -1.570796 0.000000 -1.326450
    72 3.028210 -0.923410 -2.009452 1.574082 -0.012974 1.587243
    73 0.116953 4.311607 0.061859 0.000010 0.000000 0.000000
    74 -0.000002 0.000000 0.000001 0.000000 0.000000 0.000000
    75 0.000000 1.000000 0.000010 0.000000 0.000000 0.000000
    76 -0.000002 0.000000 0.000000 0.000000 0.000000 0.000000
    77 -0.000002 0.000000 0.000000 0.000000 0.000000 0.000000
    78 -0.000002 0.000000 0.000000 0.000000 0.000000 0.000000
time 85
    0 0.694824 -8.132813 26.531250 1.579396 -0.063740 0.235409
    1 0.000000 4.246162 -0.018825 1.581752 -0.103298 1.548499
    2 4.195629 0.000000 0.000000 0.011730 -0.010331 -0.173540
    3 3.883152 0.000001 0.000000 0.010298 0.006126 -0.049266
    4 5.985943 0.000002 0.000000 0.014718 0.008478 0.439287
    5 4.268658 1.531896 -1.575000 1.341905 1.137526 -0.439008
    6 5.782729 0.000000 0.000001 3.125104 0.038369 0.788347
    7 11.452759 0.000001 0.000000 0.000000 0.000000 -0.580546
    8 4.268658 1.531894 1.575000 -1.799292 -1.077072 -0.024011
    9 5.782726 0.000004 0.000001 3.005628 -0.225909 0.708440
    10 11.452763 0.000001 0.000004 0.000000 0.000000 -0.756052
    11 10.945534 -0.000007 -0.000034 1.498841 -0.249619 0.366937
    12 10.945518 -0.000005 0.000015 -1.519655 0.069647 0.304025
    13 -3.806942 0.000000 0.000000 -1.158498 0.060724 -1.891497
    14 19.253841 0.000000 0.000000 0.000000 0.000000 0.025250
    15 6.694798 0.000000 0.000000 0.000000 0.000000 0.000000
    16 5.620499 0.000002 0.000000 2.887158 -0.033354 -0.187780
    17 4.684906 0.000002 0.000000 -0.203160 0.077165 1.091792
    18 19.263098 0.000000 0.000000 0.000000 0.000000 0.530544
    19 17.589096 0.000000 0.000000 0.105993 -0.334131 -0.727608
    20 6.240662 0.000000 0.000000 -0.112088 0.023840 -0.376997
    21 3.806942 0.000000 0.000000 -2.758953 -0.562176 -0.590364
    22 6.694801 0.000000 0.000000 0.000000 0.000000 0.000000
    23 19.253845 0.000000 0.000000 0.000000 0.000000 0.025253
    24 3.147137 0.005680 -1.551346 0.204908 0.143273 -0.954241
    25 1.585903 0.000000 0.000000 0.011390 0.016585 -0.964682
    26 0.849087 0.000002 0.000000 -0.054430 -0.175364 -0.012812
    27 3.471079 0.213264 -0.574066 0.197841 0.103922 -1.056897
    28 1.897533 -0.000002 0.000000 -0.051937 -0.088263 -1.080741
    29 1.014454 0.000002 0.000000 0.002346 0.009693 0.056304
    30 3.750082 0.114767 0.430058 0.187201 0.067923 -1.244533
    31 2.258186 0.000000 0.000000 -0.042022 -0.053930 -0.856641
    32 1.210384 0.000001 0.000000 0.001810 0.011981 0.157202
    33 3.868294 -0.166636 1.490141 0.180581 0.034246 -1.190451
    34 1.786068 0.000000 0.000000 0.051300 0.063943 -1.015925
    35 1.044434 -0.000002 0.000000 0.001325 0.038484 0.095729
    36 1.121473 -1.351564 1.030998 1.138475 -0.607693 0.231095
    37 1.928116 0.000000 0.000000 -0.090105 -0.188036 -0.457011
    38 1.285145 -0.000001 0.000000 -0.000005 -0.040574 -1.047036
    39 19.263105 0.000000 0.000000 0.000000 0.000000 1.537589
    40 17.589100 0.000000 0.000000 -0.228859 0.211929 -0.811522
    41 6.240662 0.000000 0.000000 0.020391 -0.027683 -0.409793
    42 5.884350 0.000000 0.000004 -0.126310 0.000000 0.000000
    43 11.768705 0.000000 0.000000 -0.238428 0.000000 0.000000
    44 11.679195 0.000000 0.000008 0.000000 0.000000 -0.161658
    45 3.147156 0.000065 1.551354 -0.201298 -0.143284 -0.649417
    46 1.585903 0.000000 0.000000 -0.011409 -0.016643 -1.331409
    47 0.849087 0.000000 0.000000 0.054379 0.175346 0.227690
    48 3.471100 0.211189 0.574833 -0.194213 -0.103888 -0.872699
    49 1.897533 0.000000 0.000000 0.051947 0.088323 -1.093272
    50 1.014446 0.000003 0.000000 -0.002359 -0.009725 0.111690
    51 3.750099 0.116322 -0.429641 -0.183614 -0.067994 -1.128857
    52 2.258183 0.000000 0.000000 0.042077 0.053977 -0.662652
    53 1.210392 0.000001 0.000000 -0.001842 -0.011976 0.162659
    54 3.868322 -0.161243 -1.490733 -0.177010 -0.034210 -1.024999
    55 1.786068 0.000002 0.000000 -0.051298 -0.063999 -0.749967
    56 1.044445 0.000000 0.000000 -0.001333 -0.038512 0.149883
    57 1.121502 -1.347836 -1.035880 -1.045302 0.582555 0.243500
    58 1.928122 0.000000 -0.000002 -0.000025 0.188108 -0.446082
    59 1.285141 0.000000 -0.000002 -0.000058 0.040588 -0.886387
    60 11.768703 0.000000 -0.000008 0.242666 0.000000 0.000000
    61 5.884356 0.000000 -0.000004 0.128617 0.000000 0.000000
    62 11.679195 0.000000 0.000000 0.000000 0.000000 -0.161657
    63 7.023272 -6.880002 4.339547 2.620672 -1.456011 -1.105365
    64 -7.554688 -25.328125 -2.050781 2.873953 -0.033037 1.940223
    65 0.000000 -0.000007 -0.000031 1.373047 0.113574 0.124314
    66 -0.000004 -0.000007 -0.000031 1.373047 0.113574 0.124314
    67 3.348999 -1.371000 0.725000 1.977842 -0.088017 1.557794
    68 2.856895 -1.536201 -0.973800 -1.501147 -0.272558 -1.578261
    69 -0.000004 0.000000 10.000000 0.000000 0.000000 0.000000
    70 0.018894 0.665159 9.395880 0.000000 0.000000 0.000000
    71 2.000008 -3.000000 0.000000 -1.570796 0.000000 -1.326450
    72 3.028210 -0.923410 -2.009452 1.574082 -0.012974 1.587243
    73 0.116953 4.311607 0.061859 0.000010 0.000000 0.000000
    74 -0.000002 0.000000 0.000001 0.000000 0.000000 0.000000
    75 0.000000 1.000000 0.000010 0.000000 0.000000 0.000000
    76 -0.000002 0.000000 0.000000 0.000000 0.000000 0.000000
    77 -0.000002 0.000000 0.000000 0.000000 0.000000 0.000000
    78 -0.000002 0.000000 0.000000 0.000000 0.000000 0.000000
time 86
    0 0.812500 -8.312500 26.765625 1.569527 -0.050897 0.187982
    1 0.000000 4.246162 -0.018825 1.584987 -0.106778 1.553815
    2 4.195629 0.000000 0.000000 0.014444 -0.004737 -0.171520
    3 3.883152 0.000001 0.000000 0.012353 0.013946 -0.048868
    4 5.985943 0.000002 0.000000 0.020884 0.016650 0.439953
    5 4.268658 1.531896 -1.575000 1.291510 1.147057 -0.504208
    6 5.782729 0.000000 0.000001 -3.141142 0.083881 0.814571
    7 11.452759 0.000001 0.000000 0.000000 0.000000 -0.605911
    8 4.268658 1.531894 1.575000 -1.848766 -1.108766 0.033070
    9 5.782726 0.000004 0.000001 -3.021618 -0.085142 0.717894
    10 11.452763 0.000001 0.000004 0.000000 0.000000 -0.761814
    11 10.945534 -0.000007 -0.000034 1.349614 -0.161311 0.387145
    12 10.945518 -0.000005 0.000015 -1.508354 0.078697 0.313460
    13 -3.806942 0.000000 0.000000 -1.134134 0.088091 -1.940283
    14 19.253841 0.000000 0.000000 0.000000 0.000000 0.025250
    15 6.694798 0.000000 0.000000 0.000000 0.000000 0.000000
    16 5.620499 0.000002 0.000000 2.886070 -0.009872 -0.194003
    17 4.684906 0.000002 0.000000 -0.217456 0.066151 1.097610
    18 19.263098 0.000000 0.000000 0.000000 0.000000 0.556353
    19 17.589096 0.000000 0.000000 0.114445 -0.327519 -0.675949
    20 6.240662 0.000000 0.000000 -0.112020 0.023872 -0.393029
    21 3.806942 0.000000 0.000000 -2.763368 -0.493903 -0.634251
    22 6.694801 0.000000 0.000000 0.000000 0.000000 0.000000
    23 19.253845 0.000000 0.000000 0.000000 0.000000 0.025253
    24 3.147137 0.005680 -1.551346 0.204908 0.143273 -0.954241
    25 1.585903 0.000000 0.000000 0.011390 0.016585 -0.964682
    26 0.849087 0.000002 0.000000 -0.054430 -0.175364 -0.012812
    27 3.471079 0.213264 -0.574066 0.197841 0.103922 -1.056897
    28 1.897533 -0.000002 0.000000 -0.051937 -0.088263 -1.080741
    29 1.014454 0.000002 0.000000 0.002346 0.009693 0.056304
    30 3.750082 0.114767 0.430058 0.187201 0.067923 -1.244533
    31 2.258186 0.000000 0.000000 -0.042022 -0.053930 -0.856641
    32 1.210384 0.000001 0.000000 0.001810 0.011981 0.157202
    33 3.868294 -0.166636 1.490141 0.180581 0.034246 -1.190451
    34 1.786068 0.000000 0.000000 0.051300 0.063943 -1.015925
    35 1.044434 -0.000002 0.000000 0.001325 0.038484 0.095729
    36 1.121473 -1.351564 1.030998 1.138475 -0.607693 0.231095
    37 1.928116 0.000000 0.000000 -0.090105 -0.188036 -0.457011
    38 1.285145 -0.000001 0.000000 -0.000005 -0.040574 -1.047036
    39 19.263105 0.000000 0.000000 0.000000 0.000000 1.462778
    40 17.589100 0.000000 0.000000 -0.202914 0.213371 -0.806467
    41 6.240662 0.000000 0.000000 0.020439 -0.027666 -0.435047
    42 5.884350 0.000000 0.000004 -0.126310 0.000000 0.000000
    43 11.768705 0.000000 0.000000 -0.238428 0.000000 0.000000
    44 11.679195 0.000000 0.000008 0.000000 0.000000 -0.161658
    45 3.147156 0.000065 1.551354 -0.201298 -0.143284 -0.649417
    46 1.585903 0.000000 0.000000 -0.011409 -0.016643 -1.331409
    47 0.849087 0.000000 0.000000 0.054379 0.175346 0.227690
    48 3.471100 0.211189 0.574833 -0.194213 -0.103888 -0.872699
    49 1.897533 0.000000 0.000000 0.051947 0.088323 -1.093272
    50 1.014446 0.000003 0.000000 -0.002359 -0.009725 0.111690
    51 3.750099 0.116322 -0.429641 -0.183614 -0.067994 -1.128857
    52 2.258183 0.000000 0.000000 0.042077 0.053977 -0.662652
    53 1.210392 0.000001 0.000000 -0.001842 -0.011976 0.162659
    54 3.868322 -0.161243 -1.490733 -0.177010 -0.034210 -1.024999
    55 1.786068 0.000002 0.000000 -0.051298 -0.063999 -0.749967
    56 1.044445 0.000000 0.000000 -0.001333 -0.038512 0.149883
    57 1.121502 -1.347836 -1.035880 -1.045302 0.582555 0.243500
    58 1.928122 0.000000 -0.000002 -0.000025 0.188108 -0.446082
    59 1.285141 0.000000 -0.000002 -0.000058 0.040588 -0.886387
    60 11.768703 0.000000 -0.000008 0.242666 0.000000 0.000000
    61 5.884356 0.000000 -0.000004 0.128617 0.000000 0.000000
    62 11.679195 0.000000 0.000000 0.000000 0.000000 -0.161657
    63 7.023272 -6.880002 4.339547 2.620672 -1.456011 -1.105365
    64 -9.187500 -20.578125 7.320313 2.903244 0.207785 1.947788
    65 0.000000 -0.000007 -0.000031 1.373047 0.113574 0.124314
    66 -0.000004 -0.000007 -0.000031 1.373047 0.113574 0.124314
    67 3.348999 -1.371000 0.725000 1.977842 -0.088017 1.557794
    68 2.856895 -1.536201 -0.973800 -1.501147 -0.272558 -1.578261
    69 -0.000004 0.000000 10.000000 0.000000 0.000000 0.000000
    70 0.018894 0.665159 9.395880 0.000000 0.000000 0.000000
    71 2.000008 -3.000000 0.000000 -1.570796 0.000000 -1.326450
    72 3.028210 -0.923410 -2.009452 1.574082 -0.012974 1.587243
    73 0.116953 4.311607 0.061859 0.000010 0.000000 0.000000
    74 -0.000002 0.000000 0.000001 0.000000 0.000000 0.000000
    75 0.000000 1.000000 0.000010 0.000000 0.000000 0.000000
    76 -0.000002 0.000000 0.000000 0.000000 0.000000 0.000000
    77 -0.000002 0.000000 0.000000 0.000000 0.000000 0.000000
    78 -0.000002 0.000000 0.000000 0.000000 0.000000 0.000000
time 87
    0 0.975098 -8.570313 26.953125 1.564328 -0.034601 0.138453
    1 0.000000 4.246162 -0.018825 1.585570 -0.104633 1.560048
    2 4.195629 0.000000 0.000000 0.014483 0.001855 -0.171905
    3 3.883152 0.000001 0.000000 0.011440 0.024528 -0.045966
    4 5.985943 0.000002 0.000000 0.026302 0.030163 0.445182
    5 4.268658 1.531896 -1.575000 1.272062 1.138536 -0.547244
    6 5.782729 0.000000 0.000001 3.127655 0.122538 0.827694
    7 11.452759 0.000001 0.000000 0.000000 0.000000 -0.627111
    8 4.268658 1.531894 1.575000 -1.888231 -1.129909 0.104103
    9 5.782726 0.000004 0.000001 -2.850860 0.068158 0.740643
    10 11.452763 0.000001 0.000004 0.000000 0.000000 -0.763768
    11 10.945534 -0.000007 -0.000034 1.260723 -0.113558 0.399151
    12 10.945518 -0.000005 0.000015 -1.482681 0.088914 0.325361
    13 -3.806942 0.000000 0.000000 -1.128244 0.103719 -1.985722
    14 19.253841 0.000000 0.000000 0.000000 0.000000 0.025250
    15 6.694798 0.000000 0.000000 0.000000 0.000000 0.000000
    16 5.620499 0.000002 0.000000 2.877651 0.005718 -0.193599
    17 4.684906 0.000002 0.000000 -0.233742 0.062437 1.098463
    18 19.263098 0.000000 0.000000 0.000000 0.000000 0.555635
    19 17.589096 0.000000 0.000000 0.102804 -0.300974 -0.608331
    20 6.240662 0.000000 0.000000 -0.112096 0.023861 -0.373303
    21 3.806942 0.000000 0.000000 -2.768085 -0.409502 -0.701462
    22 6.694801 0.000000 0.000000 0.000000 0.000000 0.000000
    23 19.253845 0.000000 0.000000 0.000000 0.000000 0.025253
    24 3.147137 0.005680 -1.551346 0.204908 0.143273 -0.954241
    25 1.585903 0.000000 0.000000 0.011390 0.016585 -0.964682
    26 0.849087 0.000002 0.000000 -0.054430 -0.175364 -0.012812
    27 3.471079 0.213264 -0.574066 0.197841 0.103922 -1.056897
    28 1.897533 -0.000002 0.000000 -0.051937 -0.088263 -1.080741
    29 1.014454 0.000002 0.000000 0.002346 0.009693 0.056304
    30 3.750082 0.114767 0.430058 0.187201 0.067923 -1.244533
    31 2.258186 0.000000 0.000000 -0.042022 -0.053930 -0.856641
    32 1.210384 0.000001 0.000000 0.001810 0.011981 0.157202
    33 3.868294 -0.166636 1.490141 0.180581 0.034246 -1.190451
    34 1.786068 0.000000 0.000000 0.051300 0.063943 -1.015925
    35 1.044434 -0.000002 0.000000 0.001325 0.038484 0.095729
    36 1.121473 -1.351564 1.030998 1.138475 -0.607693 0.231095
    37 1.928116 0.000000 0.000000 -0.090105 -0.188036 -0.457011
    38 1.285145 -0.000001 0.000000 -0.000005 -0.040574 -1.047036
    39 19.263105 0.000000 0.000000 0.000000 0.000000 1.341322
    40 17.589100 0.000000 0.000000 -0.183422 0.195147 -0.773503
    41 6.240662 0.000000 0.000000 0.020397 -0.027679 -0.459661
    42 5.884350 0.000000 0.000004 -0.126310 0.000000 0.000000
    43 11.768705 0.000000 0.000000 -0.238428 0.000000 0.000000
    44 11.679195 0.000000 0.000008 0.000000 0.000000 -0.161658
    45 3.147156 0.000065 1.551354 -0.201298 -0.143284 -0.649417
    46 1.585903 0.000000 0.000000 -0.011409 -0.016643 -1.331409
    47 0.849087 0.000000 0.000000 0.054379 0.175346 0.227690
    48 3.471100 0.211189 0.574833 -0.194213 -0.103888 -0.872699
    49 1.897533 0.000000 0.000000 0.051947 0.088323 -1.093272
    50 1.014446 0.000003 0.000000 -0.002359 -0.009725 0.111690
    51 3.750099 0.116322 -0.429641 -0.183614 -0.067994 -1.128857
    52 2.258183 0.000000 0.000000 0.042077 0.053977 -0.662652
    53 1.210392 0.000001 0.000000 -0.001842 -0.011976 0.162659
    54 3.868322 -0.161243 -1.490733 -0.177010 -0.034210 -1.024999
    55 1.786068 0.000002 0.000000 -0.051298 -0.063999 -0.749967
    56 1.044445 0.000000 0.000000 -0.001333 -0.038512 0.149883
    57 1.121502 -1.347836 -1.035880 -1.045302 0.582555 0.243500
    58 1.928122 0.000000 -0.000002 -0.000025 0.188108 -0.446082
    59 1.285141 0.000000 -0.000002 -0.000058 0.040588 -0.886387
    60 11.768703 0.000000 -0.000008 0.242666 0.000000 0.000000
    61 5.884356 0.000000 -0.000004 0.128617 0.000000 0.000000
    62 11.679195 0.000000 0.000000 0.000000 0.000000 -0.161657
    63 7.023272 -6.880002 4.339547 2.620672 -1.456011 -1.105365
    64 -12.562500 -10.859375 7.453125 2.953182 0.369793 1.963792
    65 0.000000 -0.000007 -0.000031 1.373047 0.113574 0.124314
    66 -0.000004 -0.000007 -0.000031 1.373047 0.113574 0.124314
    67 3.348999 -1.371000 0.725000 1.977842 -0.088017 1.557794
    68 2.856895 -1.536201 -0.973800 -1.501147 -0.272558 -1.578261
    69 -0.000004 0.000000 10.000000 0.000000 0.000000 0.000000
    70 0.018894 0.665159 9.395880 0.000000 0.000000 0.000000
    71 2.000008 -3.000000 0.000000 -1.570796 0.000000 -1.326450
    72 3.028210 -0.923410 -2.009452 1.574082 -0.012974 1.587243
    73 0.116953 4.311607 0.061859 0.000010 0.000000 0.000000
    74 -0.000002 0.000000 0.000001 0.000000 0.000000 0.000000
    75 0.000000 1.000000 0.000010 0.000000 0.000000 0.000000
    76 -0.000002 0.000000 0.000000 0.000000 0.000000 0.000000
    77 -0.000002 0.000000 0.000000 0.000000 0.000000 0.000000
    78 -0.000002 0.000000 0.000000 0.000000 0.000000 0.000000
time 88
    0 1.086914 -8.781250 27.109375 1.562087 -0.014608 0.101901
    1 0.000000 4.246162 -0.018825 1.581378 -0.103985 1.565637
    2 4.195629 0.000000 0.000000 0.009753 0.007509 -0.171274
    3 3.883152 0.000001 0.000000 0.006214 0.033546 -0.041428
    4 5.985943 0.000002 0.000000 0.027139 0.043541 0.453052
    5 4.268658 1.531896 -1.575000 1.274085 1.127846 -0.577337
    6 5.782729 0.000000 0.000001 3.101999 0.153150 0.835684
    7 11.452759 0.000001 0.000000 0.000000 0.000000 -0.627383
    8 4.268658 1.531894 1.575000 -1.946262 -1.153781 0.169901
    9 5.782726 0.000004 0.000001 -2.914999 0.111688 0.771105
    10 11.452763 0.000001 0.000004 0.000000 0.000000 -0.729002
    11 10.945534 -0.000007 -0.000034 1.317004 -0.219271 0.405952
    12 10.945518 -0.000005 0.000015 -1.443766 0.101695 0.322705
    13 -3.806942 0.000000 0.000000 -1.172982 0.103171 -2.014006
    14 19.253841 0.000000 0.000000 0.000000 0.000000 0.025250
    15 6.694798 0.000000 0.000000 0.000000 0.000000 0.000000
    16 5.620499 0.000002 0.000000 2.868548 0.013768 -0.206414
    17 4.684906 0.000002 0.000000 -0.246097 0.061353 1.108323
    18 19.263098 0.000000 0.000000 0.000000 0.000000 0.533944
    19 17.589096 0.000000 0.000000 0.110248 -0.286185 -0.584745
    20 6.240662 0.000000 0.000000 -0.112099 0.023868 -0.353612
    21 3.806942 0.000000 0.000000 -2.767782 -0.330767 -0.781028
    22 6.694801 0.000000 0.000000 0.000000 0.000000 0.000000
    23 19.253845 0.000000 0.000000 0.000000 0.000000 0.025253
    24 3.147137 0.005680 -1.551346 0.204908 0.143273 -0.954241
    25 1.585903 0.000000 0.000000 0.011390 0.016585 -0.964682
    26 0.849087 0.000002 0.000000 -0.054430 -0.175364 -0.012812
    27 3.471079 0.213264 -0.574066 0.197841 0.103922 -1.056897
    28 1.897533 -0.000002 0.000000 -0.051937 -0.088263 -1.080741
    29 1.014454 0.000002 0.000000 0.002346 0.009693 0.056304
    30 3.750082 0.114767 0.430058 0.187201 0.067923 -1.244533
    31 2.258186 0.000000 0.000000 -0.042022 -0.053930 -0.856641
    32 1.210384 0.000001 0.000000 0.001810 0.011981 0.157202
    33 3.868294 -0.166636 1.490141 0.180581 0.034246 -1.190451
    34 1.786068 0.000000 0.000000 0.051300 0.063943 -1.015925
    35 1.044434 -0.000002 0.000000 0.001325 0.038484 0.095729
    36 1.121473 -1.351564 1.030998 1.138475 -0.607693 0.231095
    37 1.928116 0.000000 0.000000 -0.090105 -0.188036 -0.457011
    38 1.285145 -0.000001 0.000000 -0.000005 -0.040574 -1.047036
    39 19.263105 0.000000 0.000000 0.000000 0.000000 1.190327
    40 17.589100 0.000000 0.000000 -0.209513 0.167774 -0.753105
    41 6.240662 0.000000 0.000000 0.020414 -0.027728 -0.427182
    42 5.884350 0.000000 0.000004 -0.126310 0.000000 0.000000
    43 11.768705 0.000000 0.000000 -0.238428 0.000000 0.000000
    44 11.679195 0.000000 0.000008 0.000000 0.000000 -0.161658
    45 3.147156 0.000065 1.551354 -0.201298 -0.143284 -0.649417
    46 1.585903 0.000000 0.000000 -0.011409 -0.016643 -1.331409
    47 0.849087 0.000000 0.000000 0.054379 0.175346 0.227690
    48 3.471100 0.211189 0.574833 -0.194213 -0.103888 -0.872699
    49 1.897533 0.000000 0.000000 0.051947 0.088323 -1.093272
    50 1.014446 0.000003 0.000000 -0.002359 -0.009725 0.111690
    51 3.750099 0.116322 -0.429641 -0.183614 -0.067994 -1.128857
    52 2.258183 0.000000 0.000000 0.042077 0.053977 -0.662652
    53 1.210392 0.000001 0.000000 -0.001842 -0.011976 0.162659
    54 3.868322 -0.161243 -1.490733 -0.177010 -0.034210 -1.024999
    55 1.786068 0.000002 0.000000 -0.051298 -0.063999 -0.749967
    56 1.044445 0.000000 0.000000 -0.001333 -0.038512 0.149883
    57 1.121502 -1.347836 -1.035880 -1.045302 0.582555 0.243500
    58 1.928122 0.000000 -0.000002 -0.000025 0.188108 -0.446082
    59 1.285141 0.000000 -0.000002 -0.000058 0.040588 -0.886387
    60 11.768703 0.000000 -0.000008 0.242666 0.000000 0.000000
    61 5.884356 0.000000 -0.000004 0.128617 0.000000 0.000000
    62 11.679195 0.000000 0.000000 0.000000 0.000000 -0.161657
    63 7.023272 -6.880002 4.339547 2.620672 -1.456011 -1.105365
    64 -14.937500 -7.921875 2.183594 3.001568 0.259796 1.957563
    65 0.000000 -0.000007 -0.000031 1.373047 0.113574 0.124314
    66 -0.000004 -0.000007 -0.000031 1.373047 0.113574 0.124314
    67 3.348999 -1.371000 0.725000 1.977842 -0.088017 1.557794
    68 2.856895 -1.536201 -0.973800 -1.501147 -0.272558 -1.578261
    69 -0.000004 0.000000 10.000000 0.000000 0.000000 0.000000
    70 0.018894 0.665159 9.395880 0.000000 0.000000 0.000000
    71 2.000008 -3.000000 0.000000 -1.570796 0.000000 -1.326450
    72 3.028210 -0.923410 -2.009452 1.574082 -0.012974 1.587243
    73 0.116953 4.311607 0.061859 0.000010 0.000000 0.000000
    74 -0.000002 0.000000 0.000001 0.000000 0.000000 0.000000
    75 0.000000 1.000000 0.000010 0.000000 0.000000 0.000000
    76 -0.000002 0.000000 0.000000 0.000000 0.000000 0.000000
    77 -0.000002 0.000000 0.000000 0.000000 0.000000 0.000000
    78 -0.000002 0.000000 0.000000 0.000000 0.000000 0.000000
time 89
    0 1.115234 -8.867188 27.171875 1.558952 0.010342 0.087097
    1 0.000000 4.246162 -0.018825 1.572362 -0.111259 1.570869
    2 4.195629 0.000000 0.000000 0.000447 0.011213 -0.167149
    3 3.883152 0.000001 0.000000 -0.003596 0.039213 -0.042468
    4 5.985943 0.000002 0.000000 0.021720 0.055439 0.449748
    5 4.268658 1.531896 -1.575000 1.281457 1.119199 -0.584046
    6 5.782729 0.000000 0.000001 3.110382 0.182119 0.822389
    7 11.452759 0.000001 0.000000 0.000000 0.000000 -0.629834
    8 4.268658 1.531894 1.575000 -1.938919 -1.162526 0.172822
    9 5.782726 0.000004 0.000001 -3.131416 0.073881 0.781583
    10 11.452763 0.000001 0.000004 0.000000 0.000000 -0.715253
    11 10.945534 -0.000007 -0.000034 1.408614 -0.234085 0.330340
    12 10.945518 -0.000005 0.000015 -1.412643 0.116640 0.319013
    13 -3.806942 0.000000 0.000000 -1.242995 0.096719 -2.020194
    14 19.253841 0.000000 0.000000 0.000000 0.000000 0.025250
    15 6.694798 0.000000 0.000000 0.000000 0.000000 0.000000
    16 5.620499 0.000002 0.000000 2.870285 0.017060 -0.207355
    17 4.684906 0.000002 0.000000 -0.245403 0.054500 1.108400
    18 19.263098 0.000000 0.000000 0.000000 0.000000 0.505361
    19 17.589096 0.000000 0.000000 0.097337 -0.269555 -0.643074
    20 6.240662 0.000000 0.000000 -0.112039 0.023848 -0.378669
    21 3.806942 0.000000 0.000000 -2.743333 -0.271185 -0.866746
    22 6.694801 0.000000 0.000000 0.000000 0.000000 0.000000
    23 19.253845 0.000000 0.000000 0.000000 0.000000 0.025253
    24 3.147137 0.005680 -1.551346 0.204908 0.143273 -0.954241
    25 1.585903 0.000000 0.000000 0.011390 0.016585 -0.964682
    26 0.849087 0.000002 0.000000 -0.054430 -0.175364 -0.012812
    27 3.471079 0.213264 -0.574066 0.197841 0.103922 -1.056897
    28 1.897533 -0.000002 0.000000 -0.051937 -0.088263 -1.080741
    29 1.014454 0.000002 0.000000 0.002346 0.009693 0.056304
    30 3.750082 0.114767 0.430058 0.187201 0.067923 -1.244533
    31 2.258186 0.000000 0.000000 -0.042022 -0.053930 -0.856641
    32 1.210384 0.000001 0.000000 0.001810 0.011981 0.157202
    33 3.868294 -0.166636 1.490141 0.180581 0.034246 -1.190451
    34 1.786068 0.000000 0.000000 0.051300 0.063943 -1.015925
    35 1.044434 -0.000002 0.000000 0.001325 0.038484 0.095729
    36 1.121473 -1.351564 1.030998 1.138475 -0.607693 0.231095
    37 1.928116 0.000000 0.000000 -0.090105 -0.188036 -0.457011
    38 1.285145 -0.000001 0.000000 -0.000005 -0.040574 -1.047036
    39 19.263105 0.000000 0.000000 0.000000 0.000000 1.023554
    40 17.589100 0.000000 0.000000 -0.325824 0.124826 -0.776804
    41 6.240662 0.000000 0.000000 0.020427 -0.027710 -0.417204
    42 5.884350 0.000000 0.000004 -0.126310 0.000000 0.000000
    43 11.768705 0.000000 0.000000 -0.238428 0.000000 0.000000
    44 11.679195 0.000000 0.000008 0.000000 0.000000 -0.161658
    45 3.147156 0.000065 1.551354 -0.201298 -0.143284 -0.649417
    46 1.585903 0.000000 0.000000 -0.011409 -0.016643 -1.331409
    47 0.849087 0.000000 0.000000 0.054379 0.175346 0.227690
    48 3.471100 0.211189 0.574833 -0.194213 -0.103888 -0.872699
    49 1.897533 0.000000 0.000000 0.051947 0.088323 -1.093272
    50 1.014446 0.000003 0.000000 -0.002359 -0.009725 0.111690
    51 3.750099 0.116322 -0.429641 -0.183614 -0.067994 -1.128857
    52 2.258183 0.000000 0.000000 0.042077 0.053977 -0.662652
    53 1.210392 0.000001 0.000000 -0.001842 -0.011976 0.162659
    54 3.868322 -0.161243 -1.490733 -0.177010 -0.034210 -1.024999
    55 1.786068 0.000002 0.000000 -0.051298 -0.063999 -0.749967
    56 1.044445 0.000000 0.000000 -0.001333 -0.038512 0.149883
    57 1.121502 -1.347836 -1.035880 -1.045302 0.582555 0.243500
    58 1.928122 0.000000 -0.000002 -0.000025 0.188108 -0.446082
    59 1.285141 0.000000 -0.000002 -0.000058 0.040588 -0.886387
    60 11.768703 0.000000 -0.000008 0.242666 0.000000 0.000000
    61 5.884356 0.000000 -0.000004 0.128617 0.000000 0.000000
    62 11.679195 0.000000 0.000000 0.000000 0.000000 -0.161657
    63 7.023272 -6.880002 4.339547 2.620672 -1.456011 -1.105365
    64 -16.953125 -9.460938 -2.980469 3.025097 -0.001309 1.961243
    65 0.000000 -0.000007 -0.000031 1.373047 0.113574 0.124314
    66 -0.000004 -0.000007 -0.000031 1.373047 0.113574 0.124314
    67 3.348999 -1.371000 0.725000 1.977842 -0.088017 1.557794
    68 2.856895 -1.536201 -0.973800 -1.501147 -0.272558 -1.578261
    69 -0.000004 0.000000 10.000000 0.000000 0.000000 0.000000
    70 0.018894 0.665159 9.395880 0.000000 0.000000 0.000000
    71 2.000008 -3.000000 0.000000 -1.570796 0.000000 -1.326450
    72 3.028210 -0.923410 -2.009452 1.574082 -0.012974 1.587243
    73 0.116953 4.311607 0.061859 0.000010 0.000000 0.000000
    74 -0.000002 0.000000 0.000001 0.000000 0.000000 0.000000
    75 0.000000 1.000000 0.000010 0.000000 0.000000 0.000000
    76 -0.000002 0.000000 0.000000 0.000000 0.000000 0.000000
    77 -0.000002 0.000000 0.000000 0.000000 0.000000 0.000000
    78 -0.000002 0.000000 0.000000 0.000000 0.000000 0.000000
time 90
    0 1.099609 -8.875000 27.125000 1.558037 0.039054 0.088317
    1 0.000000 4.246162 -0.018825 1.562362 -0.117005 1.578986
    2 4.195629 0.000000 0.000000 -0.009707 0.014792 -0.164282
    3 3.883152 0.000001 0.000000 -0.013924 0.039673 -0.044489
    4 5.985943 0.000002 0.000000 0.012508 0.060464 0.444226
    5 4.268658 1.531896 -1.575000 1.293974 1.114962 -0.570491
    6 5.782729 0.000000 0.000001 3.127158 0.201866 0.796852
    7 11.452759 0.000001 0.000000 0.000000 0.000000 -0.624026
    8 4.268658 1.531894 1.575000 -1.918746 -1.156875 0.165111
    9 5.782726 0.000004 0.000001 -3.085656 0.081268 0.812319
    10 11.452763 0.000001 0.000004 0.000000 0.000000 -0.693823
    11 10.945534 -0.000007 -0.000034 1.408817 -0.154862 0.249204
    12 10.945518 -0.000005 0.000015 -1.396443 0.131164 0.310097
    13 -3.806942 0.000000 0.000000 -1.304022 0.087411 -2.013730
    14 19.253841 0.000000 0.000000 0.000000 0.000000 0.025250
    15 6.694798 0.000000 0.000000 0.000000 0.000000 0.000000
    16 5.620499 0.000002 0.000000 2.870226 0.012997 -0.201106
    17 4.684906 0.000002 0.000000 -0.242392 0.051828 1.103311
    18 19.263098 0.000000 0.000000 0.000000 0.000000 0.471287
    19 17.589096 0.000000 0.000000 0.032619 -0.237565 -0.711188
    20 6.240662 0.000000 0.000000 -0.112037 0.023885 -0.366530
    21 3.806942 0.000000 0.000000 -2.693441 -0.229851 -0.947964
    22 6.694801 0.000000 0.000000 0.000000 0.000000 0.000000
    23 19.253845 0.000000 0.000000 0.000000 0.000000 0.025253
    24 3.147137 0.005680 -1.551346 0.204908 0.143273 -0.954241
    25 1.585903 0.000000 0.000000 0.011390 0.016585 -0.964682
    26 0.849087 0.000002 0.000000 -0.054430 -0.175364 -0.012812
    27 3.471079 0.213264 -0.574066 0.197841 0.103922 -1.056897
    28 1.897533 -0.000002 0.000000 -0.051937 -0.088263 -1.080741
    29 1.014454 0.000002 0.000000 0.002346 0.009693 0.056304
    30 3.750082 0.114767 0.430058 0.187201 0.067923 -1.244533
    31 2.258186 0.000000 0.000000 -0.042022 -0.053930 -0.856641
    32 1.210384 0.000001 0.000000 0.001810 0.011981 0.157202
    33 3.868294 -0.166636 1.490141 0.180581 0.034246 -1.190451
    34 1.786068 0.000000 0.000000 0.051300 0.063943 -1.015925
    35 1.044434 -0.000002 0.000000 0.001325 0.038484 0.095729
    36 1.121473 -1.351564 1.030998 1.138475 -0.607693 0.231095
    37 1.928116 0.000000 0.000000 -0.090105 -0.188036 -0.457011
    38 1.285145 -0.000001 0.000000 -0.000005 -0.040574 -1.047036
    39 19.263105 0.000000 0.000000 0.000000 0.000000 0.856766
    40 17.589100 0.000000 0.000000 -0.444485 0.054928 -0.813280
    41 6.240662 0.000000 0.000000 0.020443 -0.027698 -0.418351
    42 5.884350 0.000000 0.000004 -0.126310 0.000000 0.000000
    43 11.768705 0.000000 0.000000 -0.238428 0.000000 0.000000
    44 11.679195 0.000000 0.000008 0.000000 0.000000 -0.161658
    45 3.147156 0.000065 1.551354 -0.201298 -0.143284 -0.649417
    46 1.585903 0.000000 0.000000 -0.011409 -0.016643 -1.331409
    47 0.849087 0.000000 0.000000 0.054379 0.175346 0.227690
    48 3.471100 0.211189 0.574833 -0.194213 -0.103888 -0.872699
    49 1.897533 0.000000 0.000000 0.051947 0.088323 -1.093272
    50 1.014446 0.000003 0.000000 -0.002359 -0.009725 0.111690
    51 3.750099 0.116322 -0.429641 -0.183614 -0.067994 -1.128857
    52 2.258183 0.000000 0.000000 0.042077 0.053977 -0.662652
    53 1.210392 0.000001 0.000000 -0.001842 -0.011976 0.162659
    54 3.868322 -0.161243 -1.490733 -0.177010 -0.034210 -1.024999
    55 1.786068 0.000002 0.000000 -0.051298 -0.063999 -0.749967
    56 1.044445 0.000000 0.000000 -0.001333 -0.038512 0.149883
    57 1.121502 -1.347836 -1.035880 -1.045302 0.582555 0.243500
    58 1.928122 0.000000 -0.000002 -0.000025 0.188108 -0.446082
    59 1.285141 0.000000 -0.000002 -0.000058 0.040588 -0.886387
    60 11.768703 0.000000 -0.000008 0.242666 0.000000 0.000000
    61 5.884356 0.000000 -0.000004 0.128617 0.000000 0.000000
    62 11.679195 0.000000 0.000000 0.000000 0.000000 -0.161657
    63 7.023272 -6.880002 4.339547 2.620672 -1.456011 -1.105365
    64 -17.593750 -15.804688 -7.562500 3.009200 0.007865 1.968397
    65 0.000000 -0.000007 -0.000031 1.373047 0.113574 0.124314
    66 -0.000004 -0.000007 -0.000031 1.373047 0.113574 0.124314
    67 3.348999 -1.371000 0.725000 1.977842 -0.088017 1.557794
    68 2.856895 -1.536201 -0.973800 -1.501147 -0.272558 -1.578261
    69 -0.000004 0.000000 10.000000 0.000000 0.000000 0.000000
    70 0.018894 0.665159 9.395880 0.000000 0.000000 0.000000
    71 2.000008 -3.000000 0.000000 -1.570796 0.000000 -1.326450
    72 3.028210 -0.923410 -2.009452 1.574082 -0.012974 1.587243
    73 0.116953 4.311607 0.061859 0.000010 0.000000 0.000000
    74 -0.000002 0.000000 0.000001 0.000000 0.000000 0.000000
    75 0.000000 1.000000 0.000010 0.000000 0.000000 0.000000
    76 -0.000002 0.000000 0.000000 0.000000 0.000000 0.000000
    77 -0.000002 0.000000 0.000000 0.000000 0.000000 0.000000
    78 -0.000002 0.000000 0.000000 0.000000 0.000000 0.000000
time 91
    0 1.028320 -8.843750 26.921875 1.560696 0.066331 0.094698
    1 0.000000 4.246162 -0.018825 1.555393 -0.120168 1.588647
    2 4.195629 0.000000 0.000000 -0.016892 0.016983 -0.163060
    3 3.883152 0.000001 0.000000 -0.020663 0.033270 -0.048009
    4 5.985943 0.000002 0.000000 0.002488 0.055870 0.436533
    5 4.268658 1.531896 -1.575000 1.305845 1.105842 -0.541510
    6 5.782729 0.000000 0.000001 3.125821 0.200605 0.752061
    7 11.452759 0.000001 0.000000 0.000000 0.000000 -0.604555
    8 4.268658 1.531894 1.575000 -1.879131 -1.140900 0.142876
    9 5.782726 0.000004 0.000001 -2.916053 0.106460 0.862574
    10 11.452763 0.000001 0.000004 0.000000 0.000000 -0.644924
    11 10.945534 -0.000007 -0.000034 1.347996 -0.112629 0.254850
    12 10.945518 -0.000005 0.000015 -1.374618 0.143517 0.292316
    13 -3.806942 0.000000 0.000000 -1.336939 0.074581 -2.009876
    14 19.253841 0.000000 0.000000 0.000000 0.000000 0.025250
    15 6.694798 0.000000 0.000000 0.000000 0.000000 0.000000
    16 5.620499 0.000002 0.000000 2.862667 0.001200 -0.194870
    17 4.684906 0.000002 0.000000 -0.241684 0.057725 1.097545
    18 19.263098 0.000000 0.000000 0.000000 0.000000 0.434787
    19 17.589096 0.000000 0.000000 -0.019852 -0.216227 -0.745247
    20 6.240662 0.000000 0.000000 -0.112064 0.023884 -0.391003
    21 3.806942 0.000000 0.000000 -2.618227 -0.198002 -1.021874
    22 6.694801 0.000000 0.000000 0.000000 0.000000 0.000000
    23 19.253845 0.000000 0.000000 0.000000 0.000000 0.025253
    24 3.147137 0.005680 -1.551346 0.204908 0.143273 -0.954241
    25 1.585903 0.000000 0.000000 0.011390 0.016585 -0.964682
    26 0.849087 0.000002 0.000000 -0.054430 -0.175364 -0.012812
    27 3.471079 0.213264 -0.574066 0.197841 0.103922 -1.056897
    28 1.897533 -0.000002 0.000000 -0.051937 -0.088263 -1.080741
    29 1.014454 0.000002 0.000000 0.002346 0.009693 0.056304
    30 3.750082 0.114767 0.430058 0.187201 0.067923 -1.244533
    31 2.258186 0.000000 0.000000 -0.042022 -0.053930 -0.856641
    32 1.210384 0.000001 0.000000 0.001810 0.011981 0.157202
    33 3.868294 -0.166636 1.490141 0.180581 0.034246 -1.190451
    34 1.786068 0.000000 0.000000 0.051300 0.063943 -1.015925
    35 1.044434 -0.000002 0.000000 0.001325 0.038484 0.095729
    36 1.121473 -1.351564 1.030998 1.138475 -0.607693 0.231095
    37 1.928116 0.000000 0.000000 -0.090105 -0.188036 -0.457011
    38 1.285145 -0.000001 0.000000 -0.000005 -0.040574 -1.047036
    39 19.263105 0.000000 0.000000 0.000000 0.000000 0.700620
    40 17.589100 0.000000 0.000000 -0.455178 0.014636 -0.816572
    41 6.240662 0.000000 0.000000 0.020413 -0.027729 -0.427093
    42 5.884350 0.000000 0.000004 -0.126310 0.000000 0.000000
    43 11.768705 0.000000 0.000000 -0.238428 0.000000 0.000000
    44 11.679195 0.000000 0.000008 0.000000 0.000000 -0.161658
    45 3.147156 0.000065 1.551354 -0.201298 -0.143284 -0.649417
    46 1.585903 0.000000 0.000000 -0.011409 -0.016643 -1.331409
    47 0.849087 0.000000 0.000000 0.054379 0.175346 0.227690
    48 3.471100 0.211189 0.574833 -0.194213 -0.103888 -0.872699
    49 1.897533 0.000000 0.000000 0.051947 0.088323 -1.093272
    50 1.014446 0.000003 0.000000 -0.002359 -0.009725 0.111690
    51 3.750099 0.116322 -0.429641 -0.183614 -0.067994 -1.128857
    52 2.258183 0.000000 0.000000 0.042077 0.053977 -0.662652
    53 1.210392 0.000001 0.000000 -0.001842 -0.011976 0.162659
    54 3.868322 -0.161243 -1.490733 -0.177010 -0.034210 -1.024999
    55 1.786068 0.000002 0.000000 -0.051298 -0.063999 -0.749967
    56 1.044445 0.000000 0.000000 -0.001333 -0.038512 0.149883
    57 1.121502 -1.347836 -1.035880 -1.045302 0.582555 0.243500
    58 1.928122 0.000000 -0.000002 -0.000025 0.188108 -0.446082
    59 1.285141 0.000000 -0.000002 -0.000058 0.040588 -0.886387
    60 11.768703 0.000000 -0.000008 0.242666 0.000000 0.000000
    61 5.884356 0.000000 -0.000004 0.128617 0.000000 0.000000
    62 11.679195 0.000000 0.000000 0.000000 0.000000 -0.161657
    63 7.023272 -6.880002 4.339547 2.620672 -1.456011 -1.105365
    64 -16.250000 -23.546875 -4.109375 2.986219 0.158786 1.959085
    65 0.000000 -0.000007 -0.000031 1.373047 0.113574 0.124314
    66 -0.000004 -0.000007 -0.000031 1.373047 0.113574 0.124314
    67 3.348999 -1.371000 0.725000 1.977842 -0.088017 1.557794
    68 2.856895 -1.536201 -0.973800 -1.501147 -0.272558 -1.578261
    69 -0.000004 0.000000 10.000000 0.000000 0.000000 0.000000
    70 0.018894 0.665159 9.395880 0.000000 0.000000 0.000000
    71 2.000008 -3.000000 0.000000 -1.570796 0.000000 -1.326450
    72 3.028210 -0.923410 -2.009452 1.574082 -0.012974 1.587243
    73 0.116953 4.311607 0.061859 0.000010 0.000000 0.000000
    74 -0.000002 0.000000 0.000001 0.000000 0.000000 0.000000
    75 0.000000 1.000000 0.000010 0.000000 0.000000 0.000000
    76 -0.000002 0.000000 0.000000 0.000000 0.000000 0.000000
    77 -0.000002 0.000000 0.000000 0.000000 0.000000 0.000000
    78 -0.000002 0.000000 0.000000 0.000000 0.000000 0.000000
time 92
    0 0.849121 -8.773438 26.625000 1.567107 0.094122 0.107046
    1 0.000000 4.246162 -0.018825 1.551950 -0.121418 1.593474
    2 4.195629 0.000000 0.000000 -0.020281 0.017142 -0.162746
    3 3.883152 0.000001 0.000000 -0.023358 0.029123 -0.050164
    4 5.985943 0.000002 0.000000 -0.001994 0.053549 0.430383
    5 4.268658 1.531896 -1.575000 1.321066 1.077349 -0.511272
    6 5.782729 0.000000 0.000001 3.089459 0.182764 0.673621
    7 11.452759 0.000001 0.000000 0.000000 0.000000 -0.590915
    8 4.268658 1.531894 1.575000 -1.848840 -1.099091 0.128925
    9 5.782726 0.000004 0.000001 -2.988160 0.087025 0.870357
    10 11.452763 0.000001 0.000004 0.000000 0.000000 -0.610435
    11 10.945534 -0.000007 -0.000034 1.380781 -0.176421 0.282757
    12 10.945518 -0.000005 0.000015 -1.340067 0.142944 0.252285
    13 -3.806942 0.000000 0.000000 -1.323996 0.053941 -2.003443
    14 19.253841 0.000000 0.000000 0.000000 0.000000 0.025250
    15 6.694798 0.000000 0.000000 0.000000 0.000000 0.000000
    16 5.620499 0.000002 0.000000 2.854104 -0.010411 -0.191213
    17 4.684906 0.000002 0.000000 -0.242946 0.070022 1.091333
    18 19.263098 0.000000 0.000000 0.000000 0.000000 0.413947
    19 17.589096 0.000000 0.000000 -0.036011 -0.202316 -0.763902
    20 6.240662 0.000000 0.000000 -0.112036 0.023862 -0.378406
    21 3.806942 0.000000 0.000000 -2.508152 -0.174741 -1.081377
    22 6.694801 0.000000 0.000000 0.000000 0.000000 0.000000
    23 19.253845 0.000000 0.000000 0.000000 0.000000 0.025253
    24 3.147137 0.005680 -1.551346 0.204908 0.143273 -0.954241
    25 1.585903 0.000000 0.000000 0.011390 0.016585 -0.964682
    26 0.849087 0.000002 0.000000 -0.054430 -0.175364 -0.012812
    27 3.471079 0.213264 -0.574066 0.197841 0.103922 -1.056897
    28 1.897533 -0.000002 0.000000 -0.051937 -0.088263 -1.080741
    29 1.014454 0.000002 0.000000 0.002346 0.009693 0.056304
    30 3.750082 0.114767 0.430058 0.187201 0.067923 -1.244533
    31 2.258186 0.000000 0.000000 -0.042022 -0.053930 -0.856641
    32 1.210384 0.000001 0.000000 0.001810 0.011981 0.157202
    33 3.868294 -0.166636 1.490141 0.180581 0.034246 -1.190451
    34 1.786068 0.000000 0.000000 0.051300 0.063943 -1.015925
    35 1.044434 -0.000002 0.000000 0.001325 0.038484 0.095729
    36 1.121473 -1.351564 1.030998 1.138475 -0.607693 0.231095
    37 1.928116 0.000000 0.000000 -0.090105 -0.188036 -0.457011
    38 1.285145 -0.000001 0.000000 -0.000005 -0.040574 -1.047036
    39 19.263105 0.000000 0.000000 0.000000 0.000000 0.563090
    40 17.589100 0.000000 0.000000 -0.360971 -0.000616 -0.763584
    41 6.240662 0.000000 0.000000 0.020388 -0.027704 -0.431334
    42 5.884350 0.000000 0.000004 -0.126310 0.000000 0.000000
    43 11.768705 0.000000 0.000000 -0.238428 0.000000 0.000000
    44 11.679195 0.000000 0.000008 0.000000 0.000000 -0.161658
    45 3.147156 0.000065 1.551354 -0.201298 -0.143284 -0.649417
    46 1.585903 0.000000 0.000000 -0.011409 -0.016643 -1.331409
    47 0.849087 0.000000 0.000000 0.054379 0.175346 0.227690
    48 3.471100 0.211189 0.574833 -0.194213 -0.103888 -0.872699
    49 1.897533 0.000000 0.000000 0.051947 0.088323 -1.093272
    50 1.014446 0.000003 0.000000 -0.002359 -0.009725 0.111690
    51 3.750099 0.116322 -0.429641 -0.183614 -0.067994 -1.128857
    52 2.258183 0.000000 0.000000 0.042077 0.053977 -0.662652
    53 1.210392 0.000001 0.000000 -0.001842 -0.011976 0.162659
    54 3.868322 -0.161243 -1.490733 -0.177010 -0.034210 -1.024999
    55 1.786068 0.000002 0.000000 -0.051298 -0.063999 -0.749967
    56 1.044445 0.000000 0.000000 -0.001333 -0.038512 0.149883
    57 1.121502 -1.347836 -1.035880 -1.045302 0.582555 0.243500
    58 1.928122 0.000000 -0.000002 -0.000025 0.188108 -0.446082
    59 1.285141 0.000000 -0.000002 -0.000058 0.040588 -0.886387
    60 11.768703 0.000000 -0.000008 0.242666 0.000000 0.000000
    61 5.884356 0.000000 -0.000004 0.128617 0.000000 0.000000
    62 11.679195 0.000000 0.000000 0.000000 0.000000 -0.161657
    63 7.023272 -6.880002 4.339547 2.620672 -1.456011 -1.105365
    64 -15.976563 -26.640625 -0.566895 2.976892 0.077865 1.949045
    65 0.000000 -0.000007 -0.000031 1.373047 0.113574 0.124314
    66 -0.000004 -0.000007 -0.000031 1.373047 0.113574 0.124314
    67 3.348999 -1.371000 0.725000 1.977842 -0.088017 1.557794
    68 2.856895 -1.536201 -0.973800 -1.501147 -0.272558 -1.578261
    69 -0.000004 0.000000 10.000000 0.000000 0.000000 0.000000
    70 0.018894 0.665159 9.395880 0.000000 0.000000 0.000000
    71 2.000008 -3.000000 0.000000 -1.570796 0.000000 -1.326450
    72 3.028210 -0.923410 -2.009452 1.574082 -0.012974 1.587243
    73 0.116953 4.311607 0.061859 0.000010 0.000000 0.000000
    74 -0.000002 0.000000 0.000001 0.000000 0.000000 0.000000
    75 0.000000 1.000000 0.000010 0.000000 0.000000 0.000000
    76 -0.000002 0.000000 0.000000 0.000000 0.000000 0.000000
    77 -0.000002 0.000000 0.000000 0.000000 0.000000 0.000000
    78 -0.000002 0.000000 0.000000 0.000000 0.000000 0.000000
time 93
    0 0.575684 -8.656250 26.296875 1.573547 0.114165 0.125025
    1 0.000000 4.246162 -0.018825 1.548616 -0.128337 1.590213
    2 4.195629 0.000000 0.000000 -0.023169 0.013564 -0.159525
    3 3.883152 0.000001 0.000000 -0.026486 0.028230 -0.053049
    4 5.985943 0.000002 0.000000 -0.004113 0.058002 0.421156
    5 4.268658 1.531896 -1.575000 1.322688 1.040653 -0.496169
    6 5.782729 0.000000 0.000001 3.055258 0.161366 0.600912
    7 11.452759 0.000001 0.000000 0.000000 0.000000 -0.569833
    8 4.268658 1.531894 1.575000 -1.785843 -1.052394 0.086459
    9 5.782726 0.000004 0.000001 -3.057350 0.091314 0.866473
    10 11.452763 0.000001 0.000004 0.000000 0.000000 -0.578564
    11 10.945534 -0.000007 -0.000034 1.398912 -0.180755 0.258775
    12 10.945518 -0.000005 0.000015 -1.308776 0.134835 0.200639
    13 -3.806942 0.000000 0.000000 -1.289796 0.031764 -2.002396
    14 19.253841 0.000000 0.000000 0.000000 0.000000 0.025250
    15 6.694798 0.000000 0.000000 0.000000 0.000000 0.000000
    16 5.620499 0.000002 0.000000 2.846881 -0.022145 -0.193491
    17 4.684906 0.000002 0.000000 -0.243777 0.084868 1.088055
    18 19.263098 0.000000 0.000000 0.000000 0.000000 0.400372
    19 17.589096 0.000000 0.000000 0.008288 -0.206912 -0.755773
    20 6.240662 0.000000 0.000000 -0.112080 0.023875 -0.376383
    21 3.806942 0.000000 0.000000 -2.384678 -0.148667 -1.140414
    22 6.694801 0.000000 0.000000 0.000000 0.000000 0.000000
    23 19.253845 0.000000 0.000000 0.000000 0.000000 0.025253
    24 3.147137 0.005680 -1.551346 0.204908 0.143273 -0.954241
    25 1.585903 0.000000 0.000000 0.011390 0.016585 -0.964682
    26 0.849087 0.000002 0.000000 -0.054430 -0.175364 -0.012812
    27 3.471079 0.213264 -0.574066 0.197841 0.103922 -1.056897
    28 1.897533 -0.000002 0.000000 -0.051937 -0.088263 -1.080741
    29 1.014454 0.000002 0.000000 0.002346 0.009693 0.056304
    30 3.750082 0.114767 0.430058 0.187201 0.067923 -1.244533
    31 2.258186 0.000000 0.000000 -0.042022 -0.053930 -0.856641
    32 1.210384 0.000001 0.000000 0.001810 0.011981 0.157202
    33 3.868294 -0.166636 1.490141 0.180581 0.034246 -1.190451
    34 1.786068 0.000000 0.000000 0.051300 0.063943 -1.015925
    35 1.044434 -0.000002 0.000000 0.001325 0.038484 0.095729
    36 1.121473 -1.351564 1.030998 1.138475 -0.607693 0.231095
    37 1.928116 0.000000 0.000000 -0.090105 -0.188036 -0.457011
    38 1.285145 -0.000001 0.000000 -0.000005 -0.040574 -1.047036
    39 19.263105 0.000000 0.000000 0.000000 0.000000 0.430633
    40 17.589100 0.000000 0.000000 -0.223835 -0.001448 -0.679847
    41 6.240662 0.000000 0.000000 0.020387 -0.027716 -0.442123
    42 5.884350 0.000000 0.000004 -0.126310 0.000000 0.000000
    43 11.768705 0.000000 0.000000 -0.238428 0.000000 0.000000
    44 11.679195 0.000000 0.000008 0.000000 0.000000 -0.161658
    45 3.147156 0.000065 1.551354 -0.201298 -0.143284 -0.649417
    46 1.585903 0.000000 0.000000 -0.011409 -0.016643 -1.331409
    47 0.849087 0.000000 0.000000 0.054379 0.175346 0.227690
    48 3.471100 0.211189 0.574833 -0.194213 -0.103888 -0.872699
    49 1.897533 0.000000 0.000000 0.051947 0.088323 -1.093272
    50 1.014446 0.000003 0.000000 -0.002359 -0.009725 0.111690
    51 3.750099 0.116322 -0.429641 -0.183614 -0.067994 -1.128857
    52 2.258183 0.000000 0.000000 0.042077 0.053977 -0.662652
    53 1.210392 0.000001 0.000000 -0.001842 -0.011976 0.162659
    54 3.868322 -0.161243 -1.490733 -0.177010 -0.034210 -1.024999
    55 1.786068 0.000002 0.000000 -0.051298 -0.063999 -0.749967
    56 1.044445 0.000000 0.000000 -0.001333 -0.038512 0.149883
    57 1.121502 -1.347836 -1.035880 -1.045302 0.582555 0.243500
    58 1.928122 0.000000 -0.000002 -0.000025 0.188108 -0.446082
    59 1.285141 0.000000 -0.000002 -0.000058 0.040588 -0.886387
    60 11.768703 0.000000 -0.000008 0.242666 0.000000 0.000000
    61 5.884356 0.000000 -0.000004 0.128617 0.000000 0.000000
    62 11.679195 0.000000 0.000000 0.000000 0.000000 -0.161657
    63 7.023272 -6.880002 4.339547 2.620672 -1.456011 -1.105365
    64 -17.406250 -24.828125 3.994141 2.981601 0.027529 1.941020
    65 0.000000 -0.000007 -0.000031 1.373047 0.113574 0.124314
    66 -0.000004 -0.000007 -0.000031 1.373047 0.113574 0.124314
    67 3.348999 -1.371000 0.725000 1.977842 -0.088017 1.557794
    68 2.856895 -1.536201 -0.973800 -1.501147 -0.272558 -1.578261
    69 -0.000004 0.000000 10.000000 0.000000 0.000000 0.000000
    70 0.018894 0.665159 9.395880 0.000000 0.000000 0.000000
    71 2.000008 -3.000000 0.000000 -1.570796 0.000000 -1.326450
    72 3.028210 -0.923410 -2.009452 1.574082 -0.012974 1.587243
    73 0.116953 4.311607 0.061859 0.000010 0.000000 0.000000
    74 -0.000002 0.000000 0.000001 0.000000 0.000000 0.000000
    75 0.000000 1.000000 0.000010 0.000000 0.000000 0.000000
    76 -0.000002 0.000000 0.000000 0.000000 0.000000 0.000000
    77 -0.000002 0.000000 0.000000 0.000000 0.000000 0.000000
    78 -0.000002 0.000000 0.000000 0.000000 0.000000 0.000000
time 94
    0 0.229492 -8.531250 26.000000 1.588238 0.130626 0.149812
    1 0.000000 4.246162 -0.018825 1.544698 -0.131494 1.586911
    2 4.195629 0.000000 0.000000 -0.026800 0.010347 -0.158210
    3 3.883152 0.000001 0.000000 -0.030459 0.027234 -0.054905
    4 5.985943 0.000002 0.000000 -0.007297 0.062153 0.415073
    5 4.268658 1.531896 -1.575000 1.312819 1.014844 -0.495750
    6 5.782729 0.000000 0.000001 3.030810 0.138911 0.554322
    7 11.452759 0.000001 0.000000 0.000000 0.000000 -0.539585
    8 4.268658 1.531894 1.575000 -1.735559 -1.009424 0.047193
    9 5.782726 0.000004 0.000001 -3.050148 0.111916 0.877818
    10 11.452763 0.000001 0.000004 0.000000 0.000000 -0.518031
    11 10.945534 -0.000007 -0.000034 1.386585 -0.144732 0.237208
    12 10.945518 -0.000005 0.000015 -1.282115 0.126479 0.152747
    13 -3.806942 0.000000 0.000000 -1.259675 0.008648 -1.995471
    14 19.253841 0.000000 0.000000 0.000000 0.000000 0.025250
    15 6.694798 0.000000 0.000000 0.000000 0.000000 0.000000
    16 5.620499 0.000002 0.000000 2.829912 -0.034694 -0.197836
    17 4.684906 0.000002 0.000000 -0.252079 0.099653 1.085433
    18 19.263098 0.000000 0.000000 0.000000 0.000000 0.379694
    19 17.589096 0.000000 0.000000 0.065468 -0.214608 -0.736972
    20 6.240662 0.000000 0.000000 -0.112034 0.023835 -0.370748
    21 3.806942 0.000000 0.000000 -2.276445 -0.128640 -1.187477
    22 6.694801 0.000000 0.000000 0.000000 0.000000 0.000000
    23 19.253845 0.000000 0.000000 0.000000 0.000000 0.025253
    24 3.147137 0.005680 -1.551346 0.204908 0.143273 -0.954241
    25 1.585903 0.000000 0.000000 0.011390 0.016585 -0.964682
    26 0.849087 0.000002 0.000000 -0.054430 -0.175364 -0.012812
    27 3.471079 0.213264 -0.574066 0.197841 0.103922 -1.056897
    28 1.897533 -0.000002 0.000000 -0.051937 -0.088263 -1.080741
    29 1.014454 0.000002 0.000000 0.002346 0.009693 0.056304
    30 3.750082 0.114767 0.430058 0.187201 0.067923 -1.244533
    31 2.258186 0.000000 0.000000 -0.042022 -0.053930 -0.856641
    32 1.210384 0.000001 0.000000 0.001810 0.011981 0.157202
    33 3.868294 -0.166636 1.490141 0.180581 0.034246 -1.190451
    34 1.786068 0.000000 0.000000 0.051300 0.063943 -1.015925
    35 1.044434 -0.000002 0.000000 0.001325 0.038484 0.095729
    36 1.121473 -1.351564 1.030998 1.138475 -0.607693 0.231095
    37 1.928116 0.000000 0.000000 -0.090105 -0.188036 -0.457011
    38 1.285145 -0.000001 0.000000 -0.000005 -0.040574 -1.047036
    39 19.263105 0.000000 0.000000 0.000000 0.000000 0.329353
    40 17.589100 0.000000 0.000000 -0.121657 0.021394 -0.637115
    41 6.240662 0.000000 0.000000 0.020397 -0.027697 -0.432041
    42 5.884350 0.000000 0.000004 -0.126310 0.000000 0.000000
    43 11.768705 0.000000 0.000000 -0.238428 0.000000 0.000000
    44 11.679195 0.000000 0.000008 0.000000 0.000000 -0.161658
    45 3.147156 0.000065 1.551354 -0.201298 -0.143284 -0.649417
    46 1.585903 0.000000 0.000000 -0.011409 -0.016643 -1.331409
    47 0.849087 0.000000 0.000000 0.054379 0.175346 0.227690
    48 3.471100 0.211189 0.574833 -0.194213 -0.103888 -0.872699
    49 1.897533 0.000000 0.000000 0.051947 0.088323 -1.093272
    50 1.014446 0.000003 0.000000 -0.002359 -0.009725 0.111690
    51 3.750099 0.116322 -0.429641 -0.183614 -0.067994 -1.128857
    52 2.258183 0.000000 0.000000 0.042077 0.053977 -0.662652
    53 1.210392 0.000001 0.000000 -0.001842 -0.011976 0.162659
    54 3.868322 -0.161243 -1.490733 -0.177010 -0.034210 -1.024999
    55 1.786068 0.000002 0.000000 -0.051298 -0.063999 -0.749967
    56 1.044445 0.000000 0.000000 -0.001333 -0.038512 0.149883
    57 1.121502 -1.347836 -1.035880 -1.045302 0.582555 0.243500
    58 1.928122 0.000000 -0.000002 -0.000025 0.188108 -0.446082
    59 1.285141 0.000000 -0.000002 -0.000058 0.040588 -0.886387
    60 11.768703 0.000000 -0.000008 0.242666 0.000000 0.000000
    61 5.884356 0.000000 -0.000004 0.128617 0.000000 0.000000
    62 11.679195 0.000000 0.000000 0.000000 0.000000 -0.161657
    63 7.023272 -6.880002 4.339547 2.620672 -1.456011 -1.105365
    64 -21.234375 -17.796875 7.792969 2.990034 0.055459 1.914849
    65 0.000000 -0.000007 -0.000031 1.373047 0.113574 0.124314
    66 -0.000004 -0.000007 -0.000031 1.373047 0.113574 0.124314
    67 3.348999 -1.371000 0.725000 1.977842 -0.088017 1.557794
    68 2.856895 -1.536201 -0.973800 -1.501147 -0.272558 -1.578261
    69 -0.000004 0.000000 10.000000 0.000000 0.000000 0.000000
    70 0.018894 0.665159 9.395880 0.000000 0.000000 0.000000
    71 2.000008 -3.000000 0.000000 -1.570796 0.000000 -1.326450
    72 3.028210 -0.923410 -2.009452 1.574082 -0.012974 1.587243
    73 0.116953 4.311607 0.061859 0.000010 0.000000 0.000000
    74 -0.000002 0.000000 0.000001 0.000000 0.000000 0.000000
    75 0.000000 1.000000 0.000010 0.000000 0.000000 0.000000
    76 -0.000002 0.000000 0.000000 0.000000 0.000000 0.000000
    77 -0.000002 0.000000 0.000000 0.000000 0.000000 0.000000
    78 -0.000002 0.000000 0.000000 0.000000 0.000000 0.000000
time 95
    0 -0.141357 -8.445313 25.734375 1.604542 0.143413 0.180192
    1 0.000000 4.246162 -0.018825 1.544634 -0.129638 1.586236
    2 4.195629 0.000000 0.000000 -0.026806 0.009301 -0.158628
    3 3.883152 0.000001 0.000000 -0.030403 0.025964 -0.053329
    4 5.985943 0.000002 0.000000 -0.007564 0.061435 0.417093
    5 4.268658 1.531896 -1.575000 1.284171 0.997825 -0.521724
    6 5.782729 0.000000 0.000001 3.034588 0.118771 0.531570
    7 11.452759 0.000001 0.000000 0.000000 0.000000 -0.502865
    8 4.268658 1.531894 1.575000 -1.736480 -0.965587 0.046846
    9 5.782726 0.000004 0.000001 -3.006756 0.137633 0.890214
    10 11.452763 0.000001 0.000004 0.000000 0.000000 -0.458335
    11 10.945534 -0.000007 -0.000034 1.355931 -0.149217 0.259473
    12 10.945518 -0.000005 0.000015 -1.279105 0.115373 0.120584
    13 -3.806942 0.000000 0.000000 -1.240566 -0.012536 -1.982807
    14 19.253841 0.000000 0.000000 0.000000 0.000000 0.025250
    15 6.694798 0.000000 0.000000 0.000000 0.000000 0.000000
    16 5.620499 0.000002 0.000000 2.817264 -0.037695 -0.192232
    17 4.684906 0.000002 0.000000 -0.261559 0.106453 1.080008
    18 19.263098 0.000000 0.000000 0.000000 0.000000 0.359232
    19 17.589096 0.000000 0.000000 0.121790 -0.219447 -0.736451
    20 6.240662 0.000000 0.000000 -0.112033 0.023812 -0.363009
    21 3.806942 0.000000 0.000000 -2.201121 -0.110948 -1.226576
    22 6.694801 0.000000 0.000000 0.000000 0.000000 0.000000
    23 19.253845 0.000000 0.000000 0.000000 0.000000 0.025253
    24 3.147137 0.005680 -1.551346 0.204908 0.143273 -0.954241
    25 1.585903 0.000000 0.000000 0.011390 0.016585 -0.964682
    26 0.849087 0.000002 0.000000 -0.054430 -0.175364 -0.012812
    27 3.471079 0.213264 -0.574066 0.197841 0.103922 -1.056897
    28 1.897533 -0.000002 0.000000 -0.051937 -0.088263 -1.080741
    29 1.014454 0.000002 0.000000 0.002346 0.009693 0.056304
    30 3.750082 0.114767 0.430058 0.187201 0.067923 -1.244533
    31 2.258186 0.000000 0.000000 -0.042022 -0.053930 -0.856641
    32 1.210384 0.000001 0.000000 0.001810 0.011981 0.157202
    33 3.868294 -0.166636 1.490141 0.180581 0.034246 -1.190451
    34 1.786068 0.000000 0.000000 0.051300 0.063943 -1.015925
    35 1.044434 -0.000002 0.000000 0.001325 0.038484 0.095729
    36 1.121473 -1.351564 1.030998 1.138475 -0.607693 0.231095
    37 1.928116 0.000000 0.000000 -0.090105 -0.188036 -0.457011
    38 1.285145 -0.000001 0.000000 -0.000005 -0.040574 -1.047036
    39 19.263105 0.000000 0.000000 0.000000 0.000000 0.249786
    40 17.589100 0.000000 0.000000 -0.055050 0.061236 -0.616915
    41 6.240662 0.000000 0.000000 0.020468 -0.027699 -0.480081
    42 5.884350 0.000000 0.000004 -0.126310 0.000000 0.000000
    43 11.768705 0.000000 0.000000 -0.238428 0.000000 0.000000
    44 11.679195 0.000000 0.000008 0.000000 0.000000 -0.161658
    45 3.147156 0.000065 1.551354 -0.201298 -0.143284 -0.649417
    46 1.585903 0.000000 0.000000 -0.011409 -0.016643 -1.331409
    47 0.849087 0.000000 0.000000 0.054379 0.175346 0.227690
    48 3.471100 0.211189 0.574833 -0.194213 -0.103888 -0.872699
    49 1.897533 0.000000 0.000000 0.051947 0.088323 -1.093272
    50 1.014446 0.000003 0.000000 -0.002359 -0.009725 0.111690
    51 3.750099 0.116322 -0.429641 -0.183614 -0.067994 -1.128857
    52 2.258183 0.000000 0.000000 0.042077 0.053977 -0.662652
    53 1.210392 0.000001 0.000000 -0.001842 -0.011976 0.162659
    54 3.868322 -0.161243 -1.490733 -0.177010 -0.034210 -1.024999
    55 1.786068 0.000002 0.000000 -0.051298 -0.063999 -0.749967
    56 1.044445 0.000000 0.000000 -0.001333 -0.038512 0.149883
    57 1.121502 -1.347836 -1.035880 -1.045302 0.582555 0.243500
    58 1.928122 0.000000 -0.000002 -0.000025 0.188108 -0.446082
    59 1.285141 0.000000 -0.000002 -0.000058 0.040588 -0.886387
    60 11.768703 0.000000 -0.000008 0.242666 0.000000 0.000000
    61 5.884356 0.000000 -0.000004 0.128617 0.000000 0.000000
    62 11.679195 0.000000 0.000000 0.000000 0.000000 -0.161657
    63 7.023272 -6.880002 4.339547 2.620672 -1.456011 -1.105365
    64 -25.406250 -10.929688 5.542969 2.996591 0.114694 1.885905
    65 0.000000 -0.000007 -0.000031 1.373047 0.113574 0.124314
    66 -0.000004 -0.000007 -0.000031 1.373047 0.113574 0.124314
    67 3.348999 -1.371000 0.725000 1.977842 -0.088017 1.557794
    68 2.856895 -1.536201 -0.973800 -1.501147 -0.272558 -1.578261
    69 -0.000004 0.000000 10.000000 0.000000 0.000000 0.000000
    70 0.018894 0.665159 9.395880 0.000000 0.000000 0.000000
    71 2.000008 -3.000000 0.000000 -1.570796 0.000000 -1.326450
    72 3.028210 -0.923410 -2.009452 1.574082 -0.012974 1.587243
    73 0.116953 4.311607 0.061859 0.000010 0.000000 0.000000
    74 -0.000002 0.000000 0.000001 0.000000 0.000000 0.000000
    75 0.000000 1.000000 0.000010 0.000000 0.000000 0.000000
    76 -0.000002 0.000000 0.000000 0.000000 0.000000 0.000000
    77 -0.000002 0.000000 0.000000 0.000000 0.000000 0.000000
    78 -0.000002 0.000000 0.000000 0.000000 0.000000 0.000000
time 96
    0 -0.503906 -8.367188 25.546875 1.624167 0.149237 0.215849
    1 0.000000 4.246162 -0.018825 1.546153 -0.127020 1.588608
    2 4.195629 0.000000 0.000000 -0.025361 0.010609 -0.160196
    3 3.883152 0.000001 0.000000 -0.028890 0.027471 -0.053418
    4 5.985943 0.000002 0.000000 -0.005156 0.063744 0.416381
    5 4.268658 1.531896 -1.575000 1.274945 0.987327 -0.538972
    6 5.782729 0.000000 0.000001 3.020254 0.089060 0.539783
    7 11.452759 0.000001 0.000000 0.000000 0.000000 -0.472352
    8 4.268658 1.531894 1.575000 -1.760500 -0.947122 0.069214
    9 5.782726 0.000004 0.000001 -3.009923 0.156786 0.892787
    10 11.452763 0.000001 0.000004 0.000000 0.000000 -0.417829
    11 10.945534 -0.000007 -0.000034 1.340118 -0.148851 0.243590
    12 10.945518 -0.000005 0.000015 -1.278136 0.100893 0.115004
    13 -3.806942 0.000000 0.000000 -1.248957 -0.035600 -1.968831
    14 19.253841 0.000000 0.000000 0.000000 0.000000 0.025250
    15 6.694798 0.000000 0.000000 0.000000 0.000000 0.000000
    16 5.620499 0.000002 0.000000 2.813522 -0.041428 -0.183432
    17 4.684906 0.000002 0.000000 -0.263406 0.113712 1.072495
    18 19.263098 0.000000 0.000000 0.000000 0.000000 0.340647
    19 17.589096 0.000000 0.000000 0.163119 -0.211066 -0.755177
    20 6.240662 0.000000 0.000000 -0.112040 0.023848 -0.359056
    21 3.806942 0.000000 0.000000 -2.154458 -0.097724 -1.264807
    22 6.694801 0.000000 0.000000 0.000000 0.000000 0.000000
    23 19.253845 0.000000 0.000000 0.000000 0.000000 0.025253
    24 3.147137 0.005680 -1.551346 0.204908 0.143273 -0.954241
    25 1.585903 0.000000 0.000000 0.011390 0.016585 -0.964682
    26 0.849087 0.000002 0.000000 -0.054430 -0.175364 -0.012812
    27 3.471079 0.213264 -0.574066 0.197841 0.103922 -1.056897
    28 1.897533 -0.000002 0.000000 -0.051937 -0.088263 -1.080741
    29 1.014454 0.000002 0.000000 0.002346 0.009693 0.056304
    30 3.750082 0.114767 0.430058 0.187201 0.067923 -1.244533
    31 2.258186 0.000000 0.000000 -0.042022 -0.053930 -0.856641
    32 1.210384 0.000001 0.000000 0.001810 0.011981 0.157202
    33 3.868294 -0.166636 1.490141 0.180581 0.034246 -1.190451
    34 1.786068 0.000000 0.000000 0.051300 0.063943 -1.015925
    35 1.044434 -0.000002 0.000000 0.001325 0.038484 0.095729
    36 1.121473 -1.351564 1.030998 1.138475 -0.607693 0.231095
    37 1.928116 0.000000 0.000000 -0.090105 -0.188036 -0.457011
    38 1.285145 -0.000001 0.000000 -0.000005 -0.040574 -1.047036
    39 19.263105 0.000000 0.000000 0.000000 0.000000 0.185088
    40 17.589100 0.000000 0.000000 -0.039705 0.125560 -0.619745
    41 6.240662 0.000000 0.000000 0.020455 -0.027703 -0.506345
    42 5.884350 0.000000 0.000004 -0.126310 0.000000 0.000000
    43 11.768705 0.000000 0.000000 -0.238428 0.000000 0.000000
    44 11.679195 0.000000 0.000008 0.000000 0.000000 -0.161658
    45 3.147156 0.000065 1.551354 -0.201298 -0.143284 -0.649417
    46 1.585903 0.000000 0.000000 -0.011409 -0.016643 -1.331409
    47 0.849087 0.000000 0.000000 0.054379 0.175346 0.227690
    48 3.471100 0.211189 0.574833 -0.194213 -0.103888 -0.872699
    49 1.897533 0.000000 0.000000 0.051947 0.088323 -1.093272
    50 1.014446 0.000003 0.000000 -0.002359 -0.009725 0.111690
    51 3.750099 0.116322 -0.429641 -0.183614 -0.067994 -1.128857
    52 2.258183 0.000000 0.000000 0.042077 0.053977 -0.662652
    53 1.210392 0.000001 0.000000 -0.001842 -0.011976 0.162659
    54 3.868322 -0.161243 -1.490733 -0.177010 -0.034210 -1.024999
    55 1.786068 0.000002 0.000000 -0.051298 -0.063999 -0.749967
    56 1.044445 0.000000 0.000000 -0.001333 -0.038512 0.149883
    57 1.121502 -1.347836 -1.035880 -1.045302 0.582555 0.243500
    58 1.928122 0.000000 -0.000002 -0.000025 0.188108 -0.446082
    59 1.285141 0.000000 -0.000002 -0.000058 0.040588 -0.886387
    60 11.768703 0.000000 -0.000008 0.242666 0.000000 0.000000
    61 5.884356 0.000000 -0.000004 0.128617 0.000000 0.000000
    62 11.679195 0.000000 0.000000 0.000000 0.000000 -0.161657
    63 7.023272 -6.880002 4.339547 2.620672 -1.456011 -1.105365
    64 -27.968750 -7.957031 0.750488 2.999563 0.134248 1.855382
    65 0.000000 -0.000007 -0.000031 1.373047 0.113574 0.124314
    66 -0.000004 -0.000007 -0.000031 1.373047 0.113574 0.124314
    67 3.348999 -1.371000 0.725000 1.977842 -0.088017 1.557794
    68 2.856895 -1.536201 -0.973800 -1.501147 -0.272558 -1.578261
    69 -0.000004 0.000000 10.000000 0.000000 0.000000 0.000000
    70 0.018894 0.665159 9.395880 0.000000 0.000000 0.000000
    71 2.000008 -3.000000 0.000000 -1.570796 0.000000 -1.326450
    72 3.028210 -0.923410 -2.009452 1.574082 -0.012974 1.587243
    73 0.116953 4.311607 0.061859 0.000010 0.000000 0.000000
    74 -0.000002 0.000000 0.000001 0.000000 0.000000 0.000000
    75 0.000000 1.000000 0.000010 0.000000 0.000000 0.000000
    76 -0.000002 0.000000 0.000000 0.000000 0.000000 0.000000
    77 -0.000002 0.000000 0.000000 0.000000 0.000000 0.000000
    78 -0.000002 0.000000 0.000000 0.000000 0.000000 0.000000
time 97
    0 -0.824707 -8.304688 25.390625 1.643749 0.146860 0.256559
    1 0.000000 4.246162 -0.018825 1.547812 -0.122528 1.595085
    2 4.195629 0.000000 0.000000 -0.023896 0.013736 -0.162131
    3 3.883152 0.000001 0.000000 -0.027208 0.026227 -0.052858
    4 5.985943 0.000002 0.000000 -0.004588 0.060014 0.417442
    5 4.268658 1.531896 -1.575000 1.251378 0.969212 -0.562253
    6 5.782729 0.000000 0.000001 3.021648 0.055845 0.540046
    7 11.452759 0.000001 0.000000 0.000000 0.000000 -0.464010
    8 4.268658 1.531894 1.575000 -1.767898 -0.924088 0.074303
    9 5.782726 0.000004 0.000001 -3.061710 0.169172 0.858684
    10 11.452763 0.000001 0.000004 0.000000 0.000000 -0.409185
    11 10.945534 -0.000007 -0.000034 1.336404 -0.141327 0.201961
    12 10.945518 -0.000005 0.000015 -1.281805 0.086889 0.117289
    13 -3.806942 0.000000 0.000000 -1.266241 -0.054707 -1.958173
    14 19.253841 0.000000 0.000000 0.000000 0.000000 0.025250
    15 6.694798 0.000000 0.000000 0.000000 0.000000 0.000000
    16 5.620499 0.000002 0.000000 2.820929 -0.039533 -0.170251
    17 4.684906 0.000002 0.000000 -0.257987 0.112969 1.059946
    18 19.263098 0.000000 0.000000 0.000000 0.000000 0.322441
    19 17.589096 0.000000 0.000000 0.144078 -0.203577 -0.763319
    20 6.240662 0.000000 0.000000 -0.112080 0.023875 -0.376383
    21 3.806942 0.000000 0.000000 -2.165382 -0.086585 -1.301969
    22 6.694801 0.000000 0.000000 0.000000 0.000000 0.000000
    23 19.253845 0.000000 0.000000 0.000000 0.000000 0.025253
    24 3.147137 0.005680 -1.551346 0.204908 0.143273 -0.954241
    25 1.585903 0.000000 0.000000 0.011390 0.016585 -0.964682
    26 0.849087 0.000002 0.000000 -0.054430 -0.175364 -0.012812
    27 3.471079 0.213264 -0.574066 0.197841 0.103922 -1.056897
    28 1.897533 -0.000002 0.000000 -0.051937 -0.088263 -1.080741
    29 1.014454 0.000002 0.000000 0.002346 0.009693 0.056304
    30 3.750082 0.114767 0.430058 0.187201 0.067923 -1.244533
    31 2.258186 0.000000 0.000000 -0.042022 -0.053930 -0.856641
    32 1.210384 0.000001 0.000000 0.001810 0.011981 0.157202
    33 3.868294 -0.166636 1.490141 0.180581 0.034246 -1.190451
    34 1.786068 0.000000 0.000000 0.051300 0.063943 -1.015925
    35 1.044434 -0.000002 0.000000 0.001325 0.038484 0.095729
    36 1.121473 -1.351564 1.030998 1.138475 -0.607693 0.231095
    37 1.928116 0.000000 0.000000 -0.090105 -0.188036 -0.457011
    38 1.285145 -0.000001 0.000000 -0.000005 -0.040574 -1.047036
    39 19.263105 0.000000 0.000000 0.000000 0.000000 0.136847
    40 17.589100 0.000000 0.000000 0.014643 0.225015 -0.619191
    41 6.240662 0.000000 0.000000 0.020401 -0.027703 -0.508484
    42 5.884350 0.000000 0.000004 -0.126310 0.000000 0.000000
    43 11.768705 0.000000 0.000000 -0.238428 0.000000 0.000000
    44 11.679195 0.000000 0.000008 0.000000 0.000000 -0.161658
    45 3.147156 0.000065 1.551354 -0.201298 -0.143284 -0.649417
    46 1.585903 0.000000 0.000000 -0.011409 -0.016643 -1.331409
    47 0.849087 0.000000 0.000000 0.054379 0.175346 0.227690
    48 3.471100 0.211189 0.574833 -0.194213 -0.103888 -0.872699
    49 1.897533 0.000000 0.000000 0.051947 0.088323 -1.093272
    50 1.014446 0.000003 0.000000 -0.002359 -0.009725 0.111690
    51 3.750099 0.116322 -0.429641 -0.183614 -0.067994 -1.128857
    52 2.258183 0.000000 0.000000 0.042077 0.053977 -0.662652
    53 1.210392 0.000001 0.000000 -0.001842 -0.011976 0.162659
    54 3.868322 -0.161243 -1.490733 -0.177010 -0.034210 -1.024999
    55 1.786068 0.000002 0.000000 -0.051298 -0.063999 -0.749967
    56 1.044445 0.000000 0.000000 -0.001333 -0.038512 0.149883
    57 1.121502 -1.347836 -1.035880 -1.045302 0.582555 0.243500
    58 1.928122 0.000000 -0.000002 -0.000025 0.188108 -0.446082
    59 1.285141 0.000000 -0.000002 -0.000058 0.040588 -0.886387
    60 11.768703 0.000000 -0.000008 0.242666 0.000000 0.000000
    61 5.884356 0.000000 -0.000004 0.128617 0.000000 0.000000
    62 11.679195 0.000000 0.000000 0.000000 0.000000 -0.161657
    63 7.023272 -6.880002 4.339547 2.620672 -1.456011 -1.105365
    64 -28.765625 -8.945313 -4.277344 2.999310 0.123165 1.832382
    65 0.000000 -0.000007 -0.000031 1.373047 0.113574 0.124314
    66 -0.000004 -0.000007 -0.000031 1.373047 0.113574 0.124314
    67 3.348999 -1.371000 0.725000 1.977842 -0.088017 1.557794
    68 2.856895 -1.536201 -0.973800 -1.501147 -0.272558 -1.578261
    69 -0.000004 0.000000 10.000000 0.000000 0.000000 0.000000
    70 0.018894 0.665159 9.395880 0.000000 0.000000 0.000000
    71 2.000008 -3.000000 0.000000 -1.570796 0.000000 -1.326450
    72 3.028210 -0.923410 -2.009452 1.574082 -0.012974 1.587243
    73 0.116953 4.311607 0.061859 0.000010 0.000000 0.000000
    74 -0.000002 0.000000 0.000001 0.000000 0.000000 0.000000
    75 0.000000 1.000000 0.000010 0.000000 0.000000 0.000000
    76 -0.000002 0.000000 0.000000 0.000000 0.000000 0.000000
    77 -0.000002 0.000000 0.000000 0.000000 0.000000 0.000000
    78 -0.000002 0.000000 0.000000 0.000000 0.000000 0.000000
time 98
    0 -1.233398 -8.234375 25.265625 1.661384 0.140870 0.311236
    1 0.000000 4.246162 -0.018825 1.549689 -0.117854 1.601702
    2 4.195629 0.000000 0.000000 -0.022511 0.016683 -0.164408
    3 3.883152 0.000001 0.000000 -0.025063 0.023963 -0.051937
    4 5.985943 0.000002 0.000000 -0.004768 0.053890 0.419621
    5 4.268658 1.531896 -1.575000 1.208527 0.959264 -0.599539
    6 5.782729 0.000000 0.000001 3.028639 0.020537 0.550740
    7 11.452759 0.000001 0.000000 0.000000 0.000000 -0.460729
    8 4.268658 1.531894 1.575000 -1.767439 -0.899257 0.074725
    9 5.782726 0.000004 0.000001 -3.079131 0.183915 0.823633
    10 11.452763 0.000001 0.000004 0.000000 0.000000 -0.399580
    11 10.945534 -0.000007 -0.000034 1.308569 -0.134197 0.177899
    12 10.945518 -0.000005 0.000015 -1.290374 0.071308 0.116093
    13 -3.806942 0.000000 0.000000 -1.282445 -0.066415 -1.943856
    14 19.253841 0.000000 0.000000 0.000000 0.000000 0.025250
    15 6.694798 0.000000 0.000000 0.000000 0.000000 0.000000
    16 5.620499 0.000002 0.000000 2.820825 -0.028955 -0.154832
    17 4.684906 0.000002 0.000000 -0.263230 0.107867 1.044261
    18 19.263098 0.000000 0.000000 0.000000 0.000000 0.310115
    19 17.589096 0.000000 0.000000 0.110985 -0.194939 -0.760522
    20 6.240662 0.000000 0.000000 -0.112056 0.023868 -0.394616
    21 3.806942 0.000000 0.000000 -2.201373 -0.081960 -1.330953
    22 6.694801 0.000000 0.000000 0.000000 0.000000 0.000000
    23 19.253845 0.000000 0.000000 0.000000 0.000000 0.025253
    24 3.147137 0.005680 -1.551346 0.204908 0.143273 -0.954241
    25 1.585903 0.000000 0.000000 0.011390 0.016585 -0.964682
    26 0.849087 0.000002 0.000000 -0.054430 -0.175364 -0.012812
    27 3.471079 0.213264 -0.574066 0.197841 0.103922 -1.056897
    28 1.897533 -0.000002 0.000000 -0.051937 -0.088263 -1.080741
    29 1.014454 0.000002 0.000000 0.002346 0.009693 0.056304
    30 3.750082 0.114767 0.430058 0.187201 0.067923 -1.244533
    31 2.258186 0.000000 0.000000 -0.042022 -0.053930 -0.856641
    32 1.210384 0.000001 0.000000 0.001810 0.011981 0.157202
    33 3.868294 -0.166636 1.490141 0.180581 0.034246 -1.190451
    34 1.786068 0.000000 0.000000 0.051300 0.063943 -1.015925
    35 1.044434 -0.000002 0.000000 0.001325 0.038484 0.095729
    36 1.121473 -1.351564 1.030998 1.138475 -0.607693 0.231095
    37 1.928116 0.000000 0.000000 -0.090105 -0.188036 -0.457011
    38 1.285145 -0.000001 0.000000 -0.000005 -0.040574 -1.047036
    39 19.263105 0.000000 0.000000 0.000000 0.000000 0.110467
    40 17.589100 0.000000 0.000000 0.081181 0.337412 -0.599388
    41 6.240662 0.000000 0.000000 0.020416 -0.027732 -0.503491
    42 5.884350 0.000000 0.000004 -0.126310 0.000000 0.000000
    43 11.768705 0.000000 0.000000 -0.238428 0.000000 0.000000
    44 11.679195 0.000000 0.000008 0.000000 0.000000 -0.161658
    45 3.147156 0.000065 1.551354 -0.201298 -0.143284 -0.649417
    46 1.585903 0.000000 0.000000 -0.011409 -0.016643 -1.331409
    47 0.849087 0.000000 0.000000 0.054379 0.175346 0.227690
    48 3.471100 0.211189 0.574833 -0.194213 -0.103888 -0.872699
    49 1.897533 0.000000 0.000000 0.051947 0.088323 -1.093272
    50 1.014446 0.000003 0.000000 -0.002359 -0.009725 0.111690
    51 3.750099 0.116322 -0.429641 -0.183614 -0.067994 -1.128857
    52 2.258183 0.000000 0.000000 0.042077 0.053977 -0.662652
    53 1.210392 0.000001 0.000000 -0.001842 -0.011976 0.162659
    54 3.868322 -0.161243 -1.490733 -0.177010 -0.034210 -1.024999
    55 1.786068 0.000002 0.000000 -0.051298 -0.063999 -0.749967
    56 1.044445 0.000000 0.000000 -0.001333 -0.038512 0.149883
    57 1.121502 -1.347836 -1.035880 -1.045302 0.582555 0.243500
    58 1.928122 0.000000 -0.000002 -0.000025 0.188108 -0.446082
    59 1.285141 0.000000 -0.000002 -0.000058 0.040588 -0.886387
    60 11.768703 0.000000 -0.000008 0.242666 0.000000 0.000000
    61 5.884356 0.000000 -0.000004 0.128617 0.000000 0.000000
    62 11.679195 0.000000 0.000000 0.000000 0.000000 -0.161657
    63 7.023272 -6.880002 4.339547 2.620672 -1.456011 -1.105365
    64 -26.000000 -15.507813 -5.414063 2.994918 0.165493 1.807790
    65 0.000000 -0.000007 -0.000031 1.373047 0.113574 0.124314
    66 -0.000004 -0.000007 -0.000031 1.373047 0.113574 0.124314
    67 3.348999 -1.371000 0.725000 1.977842 -0.088017 1.557794
    68 2.856895 -1.536201 -0.973800 -1.501147 -0.272558 -1.578261
    69 -0.000004 0.000000 10.000000 0.000000 0.000000 0.000000
    70 0.018894 0.665159 9.395880 0.000000 0.000000 0.000000
    71 2.000008 -3.000000 0.000000 -1.570796 0.000000 -1.326450
    72 3.028210 -0.923410 -2.009452 1.574082 -0.012974 1.587243
    73 0.116953 4.311607 0.061859 0.000010 0.000000 0.000000
    74 -0.000002 0.000000 0.000001 0.000000 0.000000 0.000000
    75 0.000000 1.000000 0.000010 0.000000 0.000000 0.000000
    76 -0.000002 0.000000 0.000000 0.000000 0.000000 0.000000
    77 -0.000002 0.000000 0.000000 0.000000 0.000000 0.000000
    78 -0.000002 0.000000 0.000000 0.000000 0.000000 0.000000
time 99
    0 -1.731445 -8.187500 25.156250 1.675154 0.128819 0.375963
    1 0.000000 4.246162 -0.018825 1.551417 -0.114885 1.604566
    2 4.195629 0.000000 0.000000 -0.020795 0.017763 -0.165877
    3 3.883152 0.000001 0.000000 -0.022923 0.021517 -0.051623
    4 5.985943 0.000002 0.000000 -0.004842 0.048083 0.420220
    5 4.268658 1.531896 -1.575000 1.167874 0.956593 -0.643963
    6 5.782729 0.000000 0.000001 3.021549 -0.009417 0.574257
    7 11.452759 0.000001 0.000000 0.000000 0.000000 -0.461261
    8 4.268658 1.531894 1.575000 -1.776673 -0.877838 0.085068
    9 5.782726 0.000004 0.000001 -3.078416 0.195059 0.794634
    10 11.452763 0.000001 0.000004 0.000000 0.000000 -0.389632
    11 10.945534 -0.000007 -0.000034 1.264962 -0.129188 0.163518
    12 10.945518 -0.000005 0.000015 -1.302480 0.055694 0.125032
    13 -3.806942 0.000000 0.000000 -1.293007 -0.070298 -1.927712
    14 19.253841 0.000000 0.000000 0.000000 0.000000 0.025250
    15 6.694798 0.000000 0.000000 0.000000 0.000000 0.000000
    16 5.620499 0.000002 0.000000 2.812079 -0.012123 -0.142330
    17 4.684906 0.000002 0.000000 -0.279222 0.100019 1.030690
    18 19.263098 0.000000 0.000000 0.000000 0.000000 0.299286
    19 17.589096 0.000000 0.000000 0.065046 -0.192484 -0.752357
    20 6.240662 0.000000 0.000000 -0.112012 0.023812 -0.377786
    21 3.806942 0.000000 0.000000 -2.239240 -0.081397 -1.352272
    22 6.694801 0.000000 0.000000 0.000000 0.000000 0.000000
    23 19.253845 0.000000 0.000000 0.000000 0.000000 0.025253
    24 3.147137 0.005680 -1.551346 0.204908 0.143273 -0.954241
    25 1.585903 0.000000 0.000000 0.011390 0.016585 -0.964682
    26 0.849087 0.000002 0.000000 -0.054430 -0.175364 -0.012812
    27 3.471079 0.213264 -0.574066 0.197841 0.103922 -1.056897
    28 1.897533 -0.000002 0.000000 -0.051937 -0.088263 -1.080741
    29 1.014454 0.000002 0.000000 0.002346 0.009693 0.056304
    30 3.750082 0.114767 0.430058 0.187201 0.067923 -1.244533
    31 2.258186 0.000000 0.000000 -0.042022 -0.053930 -0.856641
    32 1.210384 0.000001 0.000000 0.001810 0.011981 0.157202
    33 3.868294 -0.166636 1.490141 0.180581 0.034246 -1.190451
    34 1.786068 0.000000 0.000000 0.051300 0.063943 -1.015925
    35 1.044434 -0.000002 0.000000 0.001325 0.038484 0.095729
    36 1.121473 -1.351564 1.030998 1.138475 -0.607693 0.231095
    37 1.928116 0.000000 0.000000 -0.090105 -0.188036 -0.457011
    38 1.285145 -0.000001 0.000000 -0.000005 -0.040574 -1.047036
    39 19.263105 0.000000 0.000000 0.000000 0.000000 0.109430
    40 17.589100 0.000000 0.000000 0.131148 0.436616 -0.559519
    41 6.240662 0.000000 0.000000 0.020406 -0.027680 -0.498322
    42 5.884350 0.000000 0.000004 -0.126310 0.000000 0.000000
    43 11.768705 0.000000 0.000000 -0.238428 0.000000 0.000000
    44 11.679195 0.000000 0.000008 0.000000 0.000000 -0.161658
    45 3.147156 0.000065 1.551354 -0.201298 -0.143284 -0.649417
    46 1.585903 0.000000 0.000000 -0.011409 -0.016643 -1.331409
    47 0.849087 0.000000 0.000000 0.054379 0.175346 0.227690
    48 3.471100 0.211189 0.574833 -0.194213 -0.103888 -0.872699
    49 1.897533 0.000000 0.000000 0.051947 0.088323 -1.093272
    50 1.014446 0.000003 0.000000 -0.002359 -0.009725 0.111690
    51 3.750099 0.116322 -0.429641 -0.183614 -0.067994 -1.128857
    52 2.258183 0.000000 0.000000 0.042077 0.053977 -0.662652
    53 1.210392 0.000001 0.000000 -0.001842 -0.011976 0.162659
    54 3.868322 -0.161243 -1.490733 -0.177010 -0.034210 -1.024999
    55 1.786068 0.000002 0.000000 -0.051298 -0.063999 -0.749967
    56 1.044445 0.000000 0.000000 -0.001333 -0.038512 0.149883
    57 1.121502 -1.347836 -1.035880 -1.045302 0.582555 0.243500
    58 1.928122 0.000000 -0.000002 -0.000025 0.188108 -0.446082
    59 1.285141 0.000000 -0.000002 -0.000058 0.040588 -0.886387
    60 11.768703 0.000000 -0.000008 0.242666 0.000000 0.000000
    61 5.884356 0.000000 -0.000004 0.128617 0.000000 0.000000
    62 11.679195 0.000000 0.000000 0.000000 0.000000 -0.161657
    63 7.023272 -6.880002 4.339547 2.620672 -1.456011 -1.105365
    64 -22.656250 -20.859375 -2.955078 2.985354 0.231001 1.781110
    65 0.000000 -0.000007 -0.000031 1.373047 0.113574 0.124314
    66 -0.000004 -0.000007 -0.000031 1.373047 0.113574 0.124314
    67 3.348999 -1.371000 0.725000 1.977842 -0.088017 1.557794
    68 2.856895 -1.536201 -0.973800 -1.501147 -0.272558 -1.578261
    69 -0.000004 0.000000 10.000000 0.000000 0.000000 0.000000
    70 0.018894 0.665159 9.395880 0.000000 0.000000 0.000000
    71 2.000008 -3.000000 0.000000 -1.570796 0.000000 -1.326450
    72 3.028210 -0.923410 -2.009452 1.574082 -0.012974 1.587243
    73 0.116953 4.311607 0.061859 0.000010 0.000000 0.000000
    74 -0.000002 0.000000 0.000001 0.000000 0.000000 0.000000
    75 0.000000 1.000000 0.000010 0.000000 0.000000 0.000000
    76 -0.000002 0.000000 0.000000 0.000000 0.000000 0.000000
    77 -0.000002 0.000000 0.000000 0.000000 0.000000 0.000000
    78 -0.000002 0.000000 0.000000 0.000000 0.000000 0.000000
time 100
    0 -2.257813 -8.101563 25.078125 1.685849 0.118768 0.440954
    1 0.000000 4.246162 -0.018825 1.553506 -0.111544 1.609378
    2 4.195629 0.000000 0.000000 -0.018888 0.019641 -0.167350
    3 3.883152 0.000001 0.000000 -0.020421 0.018389 -0.051303
    4 5.985943 0.000002 0.000000 -0.005079 0.040721 0.420640
    5 4.268658 1.531896 -1.575000 1.144726 0.941413 -0.666681
    6 5.782729 0.000000 0.000001 3.031926 -0.033348 0.575241
    7 11.452759 0.000001 0.000000 0.000000 0.000000 -0.474927
    8 4.268658 1.531894 1.575000 -1.776425 -0.844026 0.090906
    9 5.782726 0.000004 0.000001 -3.076665 0.201945 0.749385
    10 11.452763 0.000001 0.000004 0.000000 0.000000 -0.383826
    11 10.945534 -0.000007 -0.000034 1.211880 -0.131268 0.141971
    12 10.945518 -0.000005 0.000015 -1.326986 0.042410 0.138221
    13 -3.806942 0.000000 0.000000 -1.302852 -0.074599 -1.904209
    14 19.253841 0.000000 0.000000 0.000000 0.000000 0.025250
    15 6.694798 0.000000 0.000000 0.000000 0.000000 0.000000
    16 5.620499 0.000002 0.000000 2.803306 0.008060 -0.128887
    17 4.684906 0.000002 0.000000 -0.296400 0.088120 1.018517
    18 19.263098 0.000000 0.000000 0.000000 0.000000 0.288814
    19 17.589096 0.000000 0.000000 0.047007 -0.190243 -0.739859
    20 6.240662 0.000000 0.000000 -0.112080 0.023875 -0.376383
    21 3.806942 0.000000 0.000000 -2.256752 -0.083220 -1.359513
    22 6.694801 0.000000 0.000000 0.000000 0.000000 0.000000
    23 19.253845 0.000000 0.000000 0.000000 0.000000 0.025253
    24 3.147137 0.005680 -1.551346 0.204908 0.143273 -0.954241
    25 1.585903 0.000000 0.000000 0.011390 0.016585 -0.964682
    26 0.849087 0.000002 0.000000 -0.054430 -0.175364 -0.012812
    27 3.471079 0.213264 -0.574066 0.197841 0.103922 -1.056897
    28 1.897533 -0.000002 0.000000 -0.051937 -0.088263 -1.080741
    29 1.014454 0.000002 0.000000 0.002346 0.009693 0.056304
    30 3.750082 0.114767 0.430058 0.187201 0.067923 -1.244533
    31 2.258186 0.000000 0.000000 -0.042022 -0.053930 -0.856641
    32 1.210384 0.000001 0.000000 0.001810 0.011981 0.157202
    33 3.868294 -0.166636 1.490141 0.180581 0.034246 -1.190451
    34 1.786068 0.000000 0.000000 0.051300 0.063943 -1.015925
    35 1.044434 -0.000002 0.000000 0.001325 0.038484 0.095729
    36 1.121473 -1.351564 1.030998 1.138475 -0.607693 0.231095
    37 1.928116 0.000000 0.000000 -0.090105 -0.188036 -0.457011
    38 1.285145 -0.000001 0.000000 -0.000005 -0.040574 -1.047036
    39 19.263105 0.000000 0.000000 0.000000 0.000000 0.129147
    40 17.589100 0.000000 0.000000 0.178170 0.495648 -0.520299
    41 6.240662 0.000000 0.000000 0.020404 -0.027722 -0.492089
    42 5.884350 0.000000 0.000004 -0.126310 0.000000 0.000000
    43 11.768705 0.000000 0.000000 -0.238428 0.000000 0.000000
    44 11.679195 0.000000 0.000008 0.000000 0.000000 -0.161658
    45 3.147156 0.000065 1.551354 -0.201298 -0.143284 -0.649417
    46 1.585903 0.000000 0.000000 -0.011409 -0.016643 -1.331409
    47 0.849087 0.000000 0.000000 0.054379 0.175346 0.227690
    48 3.471100 0.211189 0.574833 -0.194213 -0.103888 -0.872699
    49 1.897533 0.000000 0.000000 0.051947 0.088323 -1.093272
    50 1.014446 0.000003 0.000000 -0.002359 -0.009725 0.111690
    51 3.750099 0.116322 -0.429641 -0.183614 -0.067994 -1.128857
    52 2.258183 0.000000 0.000000 0.042077 0.053977 -0.662652
    53 1.210392 0.000001 0.000000 -0.001842 -0.011976 0.162659
    54 3.868322 -0.161243 -1.490733 -0.177010 -0.034210 -1.024999
    55 1.786068 0.000002 0.000000 -0.051298 -0.063999 -0.749967
    56 1.044445 0.000000 0.000000 -0.001333 -0.038512 0.149883
    57 1.121502 -1.347836 -1.035880 -1.045302 0.582555 0.243500
    58 1.928122 0.000000 -0.000002 -0.000025 0.188108 -0.446082
    59 1.285141 0.000000 -0.000002 -0.000058 0.040588 -0.886387
    60 11.768703 0.000000 -0.000008 0.242666 0.000000 0.000000
    61 5.884356 0.000000 -0.000004 0.128617 0.000000 0.000000
    62 11.679195 0.000000 0.000000 0.000000 0.000000 -0.161657
    63 7.023272 -6.880002 4.339547 2.620672 -1.456011 -1.105365
    64 -19.968750 -21.578125 2.054688 2.968200 0.302579 1.752347
    65 0.000000 -0.000007 -0.000031 1.373047 0.113574 0.124314
    66 -0.000004 -0.000007 -0.000031 1.373047 0.113574 0.124314
    67 3.348999 -1.371000 0.725000 1.977842 -0.088017 1.557794
    68 2.856895 -1.536201 -0.973800 -1.501147 -0.272558 -1.578261
    69 -0.000004 0.000000 10.000000 0.000000 0.000000 0.000000
    70 0.018894 0.665159 9.395880 0.000000 0.000000 0.000000
    71 2.000008 -3.000000 0.000000 -1.570796 0.000000 -1.326450
    72 3.028210 -0.923410 -2.009452 1.574082 -0.012974 1.587243
    73 0.116953 4.311607 0.061859 0.000010 0.000000 0.000000
    74 -0.000002 0.000000 0.000001 0.000000 0.000000 0.000000
    75 0.000000 1.000000 0.000010 0.000000 0.000000 0.000000
    76 -0.000002 0.000000 0.000000 0.000000 0.000000 0.000000
    77 -0.000002 0.000000 0.000000 0.000000 0.000000 0.000000
    78 -0.000002 0.000000 0.000000 0.000000 0.000000 0.000000
time 101
    0 -2.787109 -8.031250 25.015625 1.693268 0.107134 0.500427
    1 0.000000 4.246162 -0.018825 1.556441 -0.106060 1.608466
    2 4.195629 0.000000 0.000000 -0.016021 0.019258 -0.169742
    3 3.883152 0.000001 0.000000 -0.017275 0.017621 -0.049453
    4 5.985943 0.000002 0.000000 -0.002821 0.037701 0.424827
    5 4.268658 1.531896 -1.575000 1.128782 0.925366 -0.684171
    6 5.782729 0.000000 0.000001 3.054349 -0.047087 0.577655
    7 11.452759 0.000001 0.000000 0.000000 0.000000 -0.486749
    8 4.268658 1.531894 1.575000 -1.774363 -0.810666 0.095201
    9 5.782726 0.000004 0.000001 -3.085012 0.201716 0.699932
    10 11.452763 0.000001 0.000004 0.000000 0.000000 -0.385937
    11 10.945534 -0.000007 -0.000034 1.157688 -0.138649 0.118080
    12 10.945518 -0.000005 0.000015 -1.363105 0.028330 0.157904
    13 -3.806942 0.000000 0.000000 -1.298428 -0.081623 -1.878529
    14 19.253841 0.000000 0.000000 0.000000 0.000000 0.025250
    15 6.694798 0.000000 0.000000 0.000000 0.000000 0.000000
    16 5.620499 0.000002 0.000000 2.789365 0.021933 -0.122438
    17 4.684906 0.000002 0.000000 -0.315160 0.081549 1.013164
    18 19.263098 0.000000 0.000000 0.000000 0.000000 0.276606
    19 17.589096 0.000000 0.000000 0.029302 -0.192158 -0.719398
    20 6.240662 0.000000 0.000000 -0.112044 0.023823 -0.379108
    21 3.806942 0.000000 0.000000 -2.251209 -0.084358 -1.361562
    22 6.694801 0.000000 0.000000 0.000000 0.000000 0.000000
    23 19.253845 0.000000 0.000000 0.000000 0.000000 0.025253
    24 3.147137 0.005680 -1.551346 0.204908 0.143273 -0.954241
    25 1.585903 0.000000 0.000000 0.011390 0.016585 -0.964682
    26 0.849087 0.000002 0.000000 -0.054430 -0.175364 -0.012812
    27 3.471079 0.213264 -0.574066 0.197841 0.103922 -1.056897
    28 1.897533 -0.000002 0.000000 -0.051937 -0.088263 -1.080741
    29 1.014454 0.000002 0.000000 0.002346 0.009693 0.056304
    30 3.750082 0.114767 0.430058 0.187201 0.067923 -1.244533
    31 2.258186 0.000000 0.000000 -0.042022 -0.053930 -0.856641
    32 1.210384 0.000001 0.000000 0.001810 0.011981 0.157202
    33 3.868294 -0.166636 1.490141 0.180581 0.034246 -1.190451
    34 1.786068 0.000000 0.000000 0.051300 0.063943 -1.015925
    35 1.044434 -0.000002 0.000000 0.001325 0.038484 0.095729
    36 1.121473 -1.351564 1.030998 1.138475 -0.607693 0.231095
    37 1.928116 0.000000 0.000000 -0.090105 -0.188036 -0.457011
    38 1.285145 -0.000001 0.000000 -0.000005 -0.040574 -1.047036
    39 19.263105 0.000000 0.000000 0.000000 0.000000 0.157535
    40 17.589100 0.000000 0.000000 0.211724 0.495447 -0.497919
    41 6.240662 0.000000 0.000000 0.020454 -0.027726 -0.489686
    42 5.884350 0.000000 0.000004 -0.126310 0.000000 0.000000
    43 11.768705 0.000000 0.000000 -0.238428 0.000000 0.000000
    44 11.679195 0.000000 0.000008 0.000000 0.000000 -0.161658
    45 3.147156 0.000065 1.551354 -0.201298 -0.143284 -0.649417
    46 1.585903 0.000000 0.000000 -0.011409 -0.016643 -1.331409
    47 0.849087 0.000000 0.000000 0.054379 0.175346 0.227690
    48 3.471100 0.211189 0.574833 -0.194213 -0.103888 -0.872699
    49 1.897533 0.000000 0.000000 0.051947 0.088323 -1.093272
    50 1.014446 0.000003 0.000000 -0.002359 -0.009725 0.111690
    51 3.750099 0.116322 -0.429641 -0.183614 -0.067994 -1.128857
    52 2.258183 0.000000 0.000000 0.042077 0.053977 -0.662652
    53 1.210392 0.000001 0.000000 -0.001842 -0.011976 0.162659
    54 3.868322 -0.161243 -1.490733 -0.177010 -0.034210 -1.024999
    55 1.786068 0.000002 0.000000 -0.051298 -0.063999 -0.749967
    56 1.044445 0.000000 0.000000 -0.001333 -0.038512 0.149883
    57 1.121502 -1.347836 -1.035880 -1.045302 0.582555 0.243500
    58 1.928122 0.000000 -0.000002 -0.000025 0.188108 -0.446082
    59 1.285141 0.000000 -0.000002 -0.000058 0.040588 -0.886387
    60 11.768703 0.000000 -0.000008 0.242666 0.000000 0.000000
    61 5.884356 0.000000 -0.000004 0.128617 0.000000 0.000000
    62 11.679195 0.000000 0.000000 0.000000 0.000000 -0.161657
    63 7.023272 -6.880002 4.339547 2.620672 -1.456011 -1.105365
    64 -19.140625 -17.484375 6.910156 2.945129 0.363715 1.725644
    65 0.000000 -0.000007 -0.000031 1.373047 0.113574 0.124314
    66 -0.000004 -0.000007 -0.000031 1.373047 0.113574 0.124314
    67 3.348999 -1.371000 0.725000 1.977842 -0.088017 1.557794
    68 2.856895 -1.536201 -0.973800 -1.501147 -0.272558 -1.578261
    69 -0.000004 0.000000 10.000000 0.000000 0.000000 0.000000
    70 0.018894 0.665159 9.395880 0.000000 0.000000 0.000000
    71 2.000008 -3.000000 0.000000 -1.570796 0.000000 -1.326450
    72 3.028210 -0.923410 -2.009452 1.574082 -0.012974 1.587243
    73 0.116953 4.311607 0.061859 0.000010 0.000000 0.000000
    74 -0.000002 0.000000 0.000001 0.000000 0.000000 0.000000
    75 0.000000 1.000000 0.000010 0.000000 0.000000 0.000000
    76 -0.000002 0.000000 0.000000 0.000000 0.000000 0.000000
    77 -0.000002 0.000000 0.000000 0.000000 0.000000 0.000000
    78 -0.000002 0.000000 0.000000 0.000000 0.000000 0.000000
time 102
    0 -3.300781 -7.976563 25.000000 1.696502 0.092892 0.548862
    1 0.000000 4.246162 -0.018825 1.558108 -0.099994 1.601594
    2 4.195629 0.000000 0.000000 -0.014028 0.015945 -0.172295
    3 3.883152 0.000001 0.000000 -0.015156 0.016745 -0.046577
    4 5.985943 0.000002 0.000000 -0.001240 0.035888 0.431389
    5 4.268658 1.531896 -1.575000 1.126653 0.927067 -0.692161
    6 5.782729 0.000000 0.000001 3.043495 -0.060977 0.594473
    7 11.452759 0.000001 0.000000 0.000000 0.000000 -0.492799
    8 4.268658 1.531894 1.575000 -1.778000 -0.788542 0.098219
    9 5.782726 0.000004 0.000001 -3.087876 0.189352 0.674542
    10 11.452763 0.000001 0.000004 0.000000 0.000000 -0.379694
    11 10.945534 -0.000007 -0.000034 1.108174 -0.145725 0.096693
    12 10.945518 -0.000005 0.000015 -1.392176 0.013670 0.178761
    13 -3.806942 0.000000 0.000000 -1.283695 -0.091627 -1.855584
    14 19.253841 0.000000 0.000000 0.000000 0.000000 0.025250
    15 6.694798 0.000000 0.000000 0.000000 0.000000 0.000000
    16 5.620499 0.000002 0.000000 2.780615 0.031981 -0.123330
    17 4.684906 0.000002 0.000000 -0.327670 0.076575 1.013693
    18 19.263098 0.000000 0.000000 0.000000 0.000000 0.261535
    19 17.589096 0.000000 0.000000 0.016227 -0.214140 -0.696339
    20 6.240662 0.000000 0.000000 -0.112040 0.023834 -0.390383
    21 3.806942 0.000000 0.000000 -2.232359 -0.083972 -1.359801
    22 6.694801 0.000000 0.000000 0.000000 0.000000 0.000000
    23 19.253845 0.000000 0.000000 0.000000 0.000000 0.025253
    24 3.147137 0.005680 -1.551346 0.204908 0.143273 -0.954241
    25 1.585903 0.000000 0.000000 0.011390 0.016585 -0.964682
    26 0.849087 0.000002 0.000000 -0.054430 -0.175364 -0.012812
    27 3.471079 0.213264 -0.574066 0.197841 0.103922 -1.056897
    28 1.897533 -0.000002 0.000000 -0.051937 -0.088263 -1.080741
    29 1.014454 0.000002 0.000000 0.002346 0.009693 0.056304
    30 3.750082 0.114767 0.430058 0.187201 0.067923 -1.244533
    31 2.258186 0.000000 0.000000 -0.042022 -0.053930 -0.856641
    32 1.210384 0.000001 0.000000 0.001810 0.011981 0.157202
    33 3.868294 -0.166636 1.490141 0.180581 0.034246 -1.190451
    34 1.786068 0.000000 0.000000 0.051300 0.063943 -1.015925
    35 1.044434 -0.000002 0.000000 0.001325 0.038484 0.095729
    36 1.121473 -1.351564 1.030998 1.138475 -0.607693 0.231095
    37 1.928116 0.000000 0.000000 -0.090105 -0.188036 -0.457011
    38 1.285145 -0.000001 0.000000 -0.000005 -0.040574 -1.047036
    39 19.263105 0.000000 0.000000 0.000000 0.000000 0.196362
    40 17.589100 0.000000 0.000000 0.197288 0.448478 -0.504640
    41 6.240662 0.000000 0.000000 0.020444 -0.027733 -0.488974
    42 5.884350 0.000000 0.000004 -0.126310 0.000000 0.000000
    43 11.768705 0.000000 0.000000 -0.238428 0.000000 0.000000
    44 11.679195 0.000000 0.000008 0.000000 0.000000 -0.161658
    45 3.147156 0.000065 1.551354 -0.201298 -0.143284 -0.649417
    46 1.585903 0.000000 0.000000 -0.011409 -0.016643 -1.331409
    47 0.849087 0.000000 0.000000 0.054379 0.175346 0.227690
    48 3.471100 0.211189 0.574833 -0.194213 -0.103888 -0.872699
    49 1.897533 0.000000 0.000000 0.051947 0.088323 -1.093272
    50 1.014446 0.000003 0.000000 -0.002359 -0.009725 0.111690
    51 3.750099 0.116322 -0.429641 -0.183614 -0.067994 -1.128857
    52 2.258183 0.000000 0.000000 0.042077 0.053977 -0.662652
    53 1.210392 0.000001 0.000000 -0.001842 -0.011976 0.162659
    54 3.868322 -0.161243 -1.490733 -0.177010 -0.034210 -1.024999
    55 1.786068 0.000002 0.000000 -0.051298 -0.063999 -0.749967
    56 1.044445 0.000000 0.000000 -0.001333 -0.038512 0.149883
    57 1.121502 -1.347836 -1.035880 -1.045302 0.582555 0.243500
    58 1.928122 0.000000 -0.000002 -0.000025 0.188108 -0.446082
    59 1.285141 0.000000 -0.000002 -0.000058 0.040588 -0.886387
    60 11.768703 0.000000 -0.000008 0.242666 0.000000 0.000000
    61 5.884356 0.000000 -0.000004 0.128617 0.000000 0.000000
    62 11.679195 0.000000 0.000000 0.000000 0.000000 -0.161657
    63 7.023272 -6.880002 4.339547 2.620672 -1.456011 -1.105365
    64 -21.750000 -10.851563 7.835938 2.919308 0.408922 1.696948
    65 0.000000 -0.000007 -0.000031 1.373047 0.113574 0.124314
    66 -0.000004 -0.000007 -0.000031 1.373047 0.113574 0.124314
    67 3.348999 -1.371000 0.725000 1.977842 -0.088017 1.557794
    68 2.856895 -1.536201 -0.973800 -1.501147 -0.272558 -1.578261
    69 -0.000004 0.000000 10.000000 0.000000 0.000000 0.000000
    70 0.018894 0.665159 9.395880 0.000000 0.000000 0.000000
    71 2.000008 -3.000000 0.000000 -1.570796 0.000000 -1.326450
    72 3.028210 -0.923410 -2.009452 1.574082 -0.012974 1.587243
    73 0.116953 4.311607 0.061859 0.000010 0.000000 0.000000
    74 -0.000002 0.000000 0.000001 0.000000 0.000000 0.000000
    75 0.000000 1.000000 0.000010 0.000000 0.000000 0.000000
    76 -0.000002 0.000000 0.000000 0.000000 0.000000 0.000000
    77 -0.000002 0.000000 0.000000 0.000000 0.000000 0.000000
    78 -0.000002 0.000000 0.000000 0.000000 0.000000 0.000000
time 103
    0 -3.845703 -7.910156 25.015625 1.697158 0.080683 0.591779
    1 0.000000 4.246162 -0.018825 1.559459 -0.095178 1.590466
    2 4.195629 0.000000 0.000000 -0.012294 0.010799 -0.174066
    3 3.883152 0.000001 0.000000 -0.013661 0.016978 -0.042767
    4 5.985943 0.000002 0.000000 0.000951 0.036677 0.440186
    5 4.268658 1.531896 -1.575000 1.120577 0.934578 -0.710998
    6 5.782729 0.000000 0.000001 3.007716 -0.069471 0.615163
    7 11.452759 0.000001 0.000000 0.000000 0.000000 -0.496450
    8 4.268658 1.531894 1.575000 -1.791580 -0.766099 0.103425
    9 5.782726 0.000004 0.000001 -3.079055 0.175159 0.661185
    10 11.452763 0.000001 0.000004 0.000000 0.000000 -0.367482
    11 10.945534 -0.000007 -0.000034 1.063038 -0.155079 0.078578
    12 10.945518 -0.000005 0.000015 -1.410901 0.003758 0.199776
    13 -3.806942 0.000000 0.000000 -1.273786 -0.105212 -1.829864
    14 19.253841 0.000000 0.000000 0.000000 0.000000 0.025250
    15 6.694798 0.000000 0.000000 0.000000 0.000000 0.000000
    16 5.620499 0.000002 0.000000 2.774554 0.041282 -0.131567
    17 4.684906 0.000002 0.000000 -0.337946 0.072342 1.020535
    18 19.263098 0.000000 0.000000 0.000000 0.000000 0.245523
    19 17.589096 0.000000 0.000000 0.007786 -0.241945 -0.681527
    20 6.240662 0.000000 0.000000 -0.112072 0.023853 -0.380079
    21 3.806942 0.000000 0.000000 -2.196263 -0.086315 -1.352933
    22 6.694801 0.000000 0.000000 0.000000 0.000000 0.000000
    23 19.253845 0.000000 0.000000 0.000000 0.000000 0.025253
    24 3.147137 0.005680 -1.551346 0.204908 0.143273 -0.954241
    25 1.585903 0.000000 0.000000 0.011390 0.016585 -0.964682
    26 0.849087 0.000002 0.000000 -0.054430 -0.175364 -0.012812
    27 3.471079 0.213264 -0.574066 0.197841 0.103922 -1.056897
    28 1.897533 -0.000002 0.000000 -0.051937 -0.088263 -1.080741
    29 1.014454 0.000002 0.000000 0.002346 0.009693 0.056304
    30 3.750082 0.114767 0.430058 0.187201 0.067923 -1.244533
    31 2.258186 0.000000 0.000000 -0.042022 -0.053930 -0.856641
    32 1.210384 0.000001 0.000000 0.001810 0.011981 0.157202
    33 3.868294 -0.166636 1.490141 0.180581 0.034246 -1.190451
    34 1.786068 0.000000 0.000000 0.051300 0.063943 -1.015925
    35 1.044434 -0.000002 0.000000 0.001325 0.038484 0.095729
    36 1.121473 -1.351564 1.030998 1.138475 -0.607693 0.231095
    37 1.928116 0.000000 0.000000 -0.090105 -0.188036 -0.457011
    38 1.285145 -0.000001 0.000000 -0.000005 -0.040574 -1.047036
    39 19.263105 0.000000 0.000000 0.000000 0.000000 0.238392
    40 17.589100 0.000000 0.000000 0.136103 0.364946 -0.530159
    41 6.240662 0.000000 0.000000 0.020390 -0.027732 -0.491109
    42 5.884350 0.000000 0.000004 -0.126310 0.000000 0.000000
    43 11.768705 0.000000 0.000000 -0.238428 0.000000 0.000000
    44 11.679195 0.000000 0.000008 0.000000 0.000000 -0.161658
    45 3.147156 0.000065 1.551354 -0.201298 -0.143284 -0.649417
    46 1.585903 0.000000 0.000000 -0.011409 -0.016643 -1.331409
    47 0.849087 0.000000 0.000000 0.054379 0.175346 0.227690
    48 3.471100 0.211189 0.574833 -0.194213 -0.103888 -0.872699
    49 1.897533 0.000000 0.000000 0.051947 0.088323 -1.093272
    50 1.014446 0.000003 0.000000 -0.002359 -0.009725 0.111690
    51 3.750099 0.116322 -0.429641 -0.183614 -0.067994 -1.128857
    52 2.258183 0.000000 0.000000 0.042077 0.053977 -0.662652
    53 1.210392 0.000001 0.000000 -0.001842 -0.011976 0.162659
    54 3.868322 -0.161243 -1.490733 -0.177010 -0.034210 -1.024999
    55 1.786068 0.000002 0.000000 -0.051298 -0.063999 -0.749967
    56 1.044445 0.000000 0.000000 -0.001333 -0.038512 0.149883
    57 1.121502 -1.347836 -1.035880 -1.045302 0.582555 0.243500
    58 1.928122 0.000000 -0.000002 -0.000025 0.188108 -0.446082
    59 1.285141 0.000000 -0.000002 -0.000058 0.040588 -0.886387
    60 11.768703 0.000000 -0.000008 0.242666 0.000000 0.000000
    61 5.884356 0.000000 -0.000004 0.128617 0.000000 0.000000
    62 11.679195 0.000000 0.000000 0.000000 0.000000 -0.161657
    63 7.023272 -6.880002 4.339547 2.620672 -1.456011 -1.105365
    64 -26.015625 -6.566406 4.105469 2.892566 0.447962 1.666982
    65 0.000000 -0.000007 -0.000031 1.373047 0.113574 0.124314
    66 -0.000004 -0.000007 -0.000031 1.373047 0.113574 0.124314
    67 3.348999 -1.371000 0.725000 1.977842 -0.088017 1.557794
    68 2.856895 -1.536201 -0.973800 -1.501147 -0.272558 -1.578261
    69 -0.000004 0.000000 10.000000 0.000000 0.000000 0.000000
    70 0.018894 0.665159 9.395880 0.000000 0.000000 0.000000
    71 2.000008 -3.000000 0.000000 -1.570796 0.000000 -1.326450
    72 3.028210 -0.923410 -2.009452 1.574082 -0.012974 1.587243
    73 0.116953 4.311607 0.061859 0.000010 0.000000 0.000000
    74 -0.000002 0.000000 0.000001 0.000000 0.000000 0.000000
    75 0.000000 1.000000 0.000010 0.000000 0.000000 0.000000
    76 -0.000002 0.000000 0.000000 0.000000 0.000000 0.000000
    77 -0.000002 0.000000 0.000000 0.000000 0.000000 0.000000
    78 -0.000002 0.000000 0.000000 0.000000 0.000000 0.000000
time 104
    0 -4.402344 -7.835938 25.046875 1.698126 0.070795 0.630592
    1 0.000000 4.246162 -0.018825 1.558264 -0.094964 1.579451
    2 4.195629 0.000000 0.000000 -0.012954 0.005455 -0.174120
    3 3.883152 0.000001 0.000000 -0.014687 0.017139 -0.041223
    4 5.985943 0.000002 0.000000 0.000800 0.038849 0.443822
    5 4.268658 1.531896 -1.575000 1.116567 0.940075 -0.724179
    6 5.782729 0.000000 0.000001 2.987545 -0.071002 0.622369
    7 11.452759 0.000001 0.000000 0.000000 0.000000 -0.512675
    8 4.268658 1.531894 1.575000 -1.790222 -0.747885 0.096679
    9 5.782726 0.000004 0.000001 -3.072768 0.157970 0.649661
    10 11.452763 0.000001 0.000004 0.000000 0.000000 -0.357126
    11 10.945534 -0.000007 -0.000034 1.022696 -0.168540 0.064406
    12 10.945518 -0.000005 0.000015 -1.424812 0.001176 0.223026
    13 -3.806942 0.000000 0.000000 -1.261527 -0.123024 -1.803872
    14 19.253841 0.000000 0.000000 0.000000 0.000000 0.025250
    15 6.694798 0.000000 0.000000 0.000000 0.000000 0.000000
    16 5.620499 0.000002 0.000000 2.772401 0.045808 -0.141115
    17 4.684906 0.000002 0.000000 -0.342324 0.069686 1.028271
    18 19.263098 0.000000 0.000000 0.000000 0.000000 0.227788
    19 17.589096 0.000000 0.000000 0.004047 -0.277010 -0.672136
    20 6.240662 0.000000 0.000000 -0.112030 0.023892 -0.358268
    21 3.806942 0.000000 0.000000 -2.145070 -0.095262 -1.344158
    22 6.694801 0.000000 0.000000 0.000000 0.000000 0.000000
    23 19.253845 0.000000 0.000000 0.000000 0.000000 0.025253
    24 3.147137 0.005680 -1.551346 0.204908 0.143273 -0.954241
    25 1.585903 0.000000 0.000000 0.011390 0.016585 -0.964682
    26 0.849087 0.000002 0.000000 -0.054430 -0.175364 -0.012812
    27 3.471079 0.213264 -0.574066 0.197841 0.103922 -1.056897
    28 1.897533 -0.000002 0.000000 -0.051937 -0.088263 -1.080741
    29 1.014454 0.000002 0.000000 0.002346 0.009693 0.056304
    30 3.750082 0.114767 0.430058 0.187201 0.067923 -1.244533
    31 2.258186 0.000000 0.000000 -0.042022 -0.053930 -0.856641
    32 1.210384 0.000001 0.000000 0.001810 0.011981 0.157202
    33 3.868294 -0.166636 1.490141 0.180581 0.034246 -1.190451
    34 1.786068 0.000000 0.000000 0.051300 0.063943 -1.015925
    35 1.044434 -0.000002 0.000000 0.001325 0.038484 0.095729
    36 1.121473 -1.351564 1.030998 1.138475 -0.607693 0.231095
    37 1.928116 0.000000 0.000000 -0.090105 -0.188036 -0.457011
    38 1.285145 -0.000001 0.000000 -0.000005 -0.040574 -1.047036
    39 19.263105 0.000000 0.000000 0.000000 0.000000 0.280093
    40 17.589100 0.000000 0.000000 0.025127 0.263221 -0.565311
    41 6.240662 0.000000 0.000000 0.020440 -0.027720 -0.478037
    42 5.884350 0.000000 0.000004 -0.126310 0.000000 0.000000
    43 11.768705 0.000000 0.000000 -0.238428 0.000000 0.000000
    44 11.679195 0.000000 0.000008 0.000000 0.000000 -0.161658
    45 3.147156 0.000065 1.551354 -0.201298 -0.143284 -0.649417
    46 1.585903 0.000000 0.000000 -0.011409 -0.016643 -1.331409
    47 0.849087 0.000000 0.000000 0.054379 0.175346 0.227690
    48 3.471100 0.211189 0.574833 -0.194213 -0.103888 -0.872699
    49 1.897533 0.000000 0.000000 0.051947 0.088323 -1.093272
    50 1.014446 0.000003 0.000000 -0.002359 -0.009725 0.111690
    51 3.750099 0.116322 -0.429641 -0.183614 -0.067994 -1.128857
    52 2.258183 0.000000 0.000000 0.042077 0.053977 -0.662652
    53 1.210392 0.000001 0.000000 -0.001842 -0.011976 0.162659
    54 3.868322 -0.161243 -1.490733 -0.177010 -0.034210 -1.024999
    55 1.786068 0.000002 0.000000 -0.051298 -0.063999 -0.749967
    56 1.044445 0.000000 0.000000 -0.001333 -0.038512 0.149883
    57 1.121502 -1.347836 -1.035880 -1.045302 0.582555 0.243500
    58 1.928122 0.000000 -0.000002 -0.000025 0.188108 -0.446082
    59 1.285141 0.000000 -0.000002 -0.000058 0.040588 -0.886387
    60 11.768703 0.000000 -0.000008 0.242666 0.000000 0.000000
    61 5.884356 0.000000 -0.000004 0.128617 0.000000 0.000000
    62 11.679195 0.000000 0.000000 0.000000 0.000000 -0.161657
    63 7.023272 -6.880002 4.339547 2.620672 -1.456011 -1.105365
    64 -29.796875 -4.957031 -0.910156 2.866406 0.480313 1.639093
    65 0.000000 -0.000007 -0.000031 1.373047 0.113574 0.124314
    66 -0.000004 -0.000007 -0.000031 1.373047 0.113574 0.124314
    67 3.348999 -1.371000 0.725000 1.977842 -0.088017 1.557794
    68 2.856895 -1.536201 -0.973800 -1.501147 -0.272558 -1.578261
    69 -0.000004 0.000000 10.000000 0.000000 0.000000 0.000000
    70 0.018894 0.665159 9.395880 0.000000 0.000000 0.000000
    71 2.000008 -3.000000 0.000000 -1.570796 0.000000 -1.326450
    72 3.028210 -0.923410 -2.009452 1.574082 -0.012974 1.587243
    73 0.116953 4.311607 0.061859 0.000010 0.000000 0.000000
    74 -0.000002 0.000000 0.000001 0.000000 0.000000 0.000000
    75 0.000000 1.000000 0.000010 0.000000 0.000000 0.000000
    76 -0.000002 0.000000 0.000000 0.000000 0.000000 0.000000
    77 -0.000002 0.000000 0.000000 0.000000 0.000000 0.000000
    78 -0.000002 0.000000 0.000000 0.000000 0.000000 0.000000
time 105
    0 -4.945313 -7.750000 25.093750 1.699801 0.060946 0.666653
    1 0.000000 4.246162 -0.018825 1.556177 -0.096935 1.567281
    2 4.195629 0.000000 0.000000 -0.014508 -0.000566 -0.173214
    3 3.883152 0.000001 0.000000 -0.016859 0.017874 -0.040989
    4 5.985943 0.000002 0.000000 0.000157 0.042981 0.444625
    5 4.268658 1.531896 -1.575000 1.116263 0.946797 -0.729465
    6 5.782729 0.000000 0.000001 2.996379 -0.069800 0.624105
    7 11.452759 0.000001 0.000000 0.000000 0.000000 -0.533229
    8 4.268658 1.531894 1.575000 -1.782777 -0.733542 0.087607
    9 5.782726 0.000004 0.000001 -3.081605 0.140121 0.642228
    10 11.452763 0.000001 0.000004 0.000000 0.000000 -0.345641
    11 10.945534 -0.000007 -0.000034 0.995042 -0.184492 0.053364
    12 10.945518 -0.000005 0.000015 -1.451822 -0.002030 0.245955
    13 -3.806942 0.000000 0.000000 -1.250090 -0.142713 -1.781596
    14 19.253841 0.000000 0.000000 0.000000 0.000000 0.025250
    15 6.694798 0.000000 0.000000 0.000000 0.000000 0.000000
    16 5.620499 0.000002 0.000000 2.768232 0.044860 -0.158352
    17 4.684906 0.000002 0.000000 -0.345771 0.072146 1.040662
    18 19.263098 0.000000 0.000000 0.000000 0.000000 0.206600
    19 17.589096 0.000000 0.000000 0.006014 -0.309506 -0.661152
    20 6.240662 0.000000 0.000000 -0.112062 0.023860 -0.371806
    21 3.806942 0.000000 0.000000 -2.089083 -0.112468 -1.336269
    22 6.694801 0.000000 0.000000 0.000000 0.000000 0.000000
    23 19.253845 0.000000 0.000000 0.000000 0.000000 0.025253
    24 3.147137 0.005680 -1.551346 0.204908 0.143273 -0.954241
    25 1.585903 0.000000 0.000000 0.011390 0.016585 -0.964682
    26 0.849087 0.000002 0.000000 -0.054430 -0.175364 -0.012812
    27 3.471079 0.213264 -0.574066 0.197841 0.103922 -1.056897
    28 1.897533 -0.000002 0.000000 -0.051937 -0.088263 -1.080741
    29 1.014454 0.000002 0.000000 0.002346 0.009693 0.056304
    30 3.750082 0.114767 0.430058 0.187201 0.067923 -1.244533
    31 2.258186 0.000000 0.000000 -0.042022 -0.053930 -0.856641
    32 1.210384 0.000001 0.000000 0.001810 0.011981 0.157202
    33 3.868294 -0.166636 1.490141 0.180581 0.034246 -1.190451
    34 1.786068 0.000000 0.000000 0.051300 0.063943 -1.015925
    35 1.044434 -0.000002 0.000000 0.001325 0.038484 0.095729
    36 1.121473 -1.351564 1.030998 1.138475 -0.607693 0.231095
    37 1.928116 0.000000 0.000000 -0.090105 -0.188036 -0.457011
    38 1.285145 -0.000001 0.000000 -0.000005 -0.040574 -1.047036
    39 19.263105 0.000000 0.000000 0.000000 0.000000 0.326728
    40 17.589100 0.000000 0.000000 -0.073527 0.166314 -0.600383
    41 6.240662 0.000000 0.000000 0.020461 -0.027731 -0.462856
    42 5.884350 0.000000 0.000004 -0.126310 0.000000 0.000000
    43 11.768705 0.000000 0.000000 -0.238428 0.000000 0.000000
    44 11.679195 0.000000 0.000008 0.000000 0.000000 -0.161658
    45 3.147156 0.000065 1.551354 -0.201298 -0.143284 -0.649417
    46 1.585903 0.000000 0.000000 -0.011409 -0.016643 -1.331409
    47 0.849087 0.000000 0.000000 0.054379 0.175346 0.227690
    48 3.471100 0.211189 0.574833 -0.194213 -0.103888 -0.872699
    49 1.897533 0.000000 0.000000 0.051947 0.088323 -1.093272
    50 1.014446 0.000003 0.000000 -0.002359 -0.009725 0.111690
    51 3.750099 0.116322 -0.429641 -0.183614 -0.067994 -1.128857
    52 2.258183 0.000000 0.000000 0.042077 0.053977 -0.662652
    53 1.210392 0.000001 0.000000 -0.001842 -0.011976 0.162659
    54 3.868322 -0.161243 -1.490733 -0.177010 -0.034210 -1.024999
    55 1.786068 0.000002 0.000000 -0.051298 -0.063999 -0.749967
    56 1.044445 0.000000 0.000000 -0.001333 -0.038512 0.149883
    57 1.121502 -1.347836 -1.035880 -1.045302 0.582555 0.243500
    58 1.928122 0.000000 -0.000002 -0.000025 0.188108 -0.446082
    59 1.285141 0.000000 -0.000002 -0.000058 0.040588 -0.886387
    60 11.768703 0.000000 -0.000008 0.242666 0.000000 0.000000
    61 5.884356 0.000000 -0.000004 0.128617 0.000000 0.000000
    62 11.679195 0.000000 0.000000 0.000000 0.000000 -0.161657
    63 7.023272 -6.880002 4.339547 2.620672 -1.456011 -1.105365
    64 -32.343750 -6.906250 -6.136719 2.842849 0.495490 1.613604
    65 0.000000 -0.000007 -0.000031 1.373047 0.113574 0.124314
    66 -0.000004 -0.000007 -0.000031 1.373047 0.113574 0.124314
    67 3.348999 -1.371000 0.725000 1.977842 -0.088017 1.557794
    68 2.856895 -1.536201 -0.973800 -1.501147 -0.272558 -1.578261
    69 -0.000004 0.000000 10.000000 0.000000 0.000000 0.000000
    70 0.018894 0.665159 9.395880 0.000000 0.000000 0.000000
    71 2.000008 -3.000000 0.000000 -1.570796 0.000000 -1.326450
    72 3.028210 -0.923410 -2.009452 1.574082 -0.012974 1.587243
    73 0.116953 4.311607 0.061859 0.000010 0.000000 0.000000
    74 -0.000002 0.000000 0.000001 0.000000 0.000000 0.000000
    75 0.000000 1.000000 0.000010 0.000000 0.000000 0.000000
    76 -0.000002 0.000000 0.000000 0.000000 0.000000 0.000000
    77 -0.000002 0.000000 0.000000 0.000000 0.000000 0.000000
    78 -0.000002 0.000000 0.000000 0.000000 0.000000 0.000000
time 106
    0 -5.445313 -7.621094 25.156250 1.701587 0.050862 0.700844
    1 0.000000 4.246162 -0.018825 1.552862 -0.103132 1.557083
    2 4.195629 0.000000 0.000000 -0.017351 -0.005815 -0.170484
    3 3.883152 0.000001 0.000000 -0.020083 0.018570 -0.042493
    4 5.985943 0.000002 0.000000 -0.001731 0.047546 0.440975
    5 4.268658 1.531896 -1.575000 1.124137 0.952007 -0.730878
    6 5.782729 0.000000 0.000001 3.011187 -0.063458 0.625413
    7 11.452759 0.000001 0.000000 0.000000 0.000000 -0.551956
    8 4.268658 1.531894 1.575000 -1.766717 -0.725890 0.075199
    9 5.782726 0.000004 0.000001 -3.099349 0.125647 0.638841
    10 11.452763 0.000001 0.000004 0.000000 0.000000 -0.334779
    11 10.945534 -0.000007 -0.000034 0.976117 -0.199492 0.047397
    12 10.945518 -0.000005 0.000015 -1.483375 -0.007803 0.268392
    13 -3.806942 0.000000 0.000000 -1.241321 -0.161410 -1.766600
    14 19.253841 0.000000 0.000000 0.000000 0.000000 0.025250
    15 6.694798 0.000000 0.000000 0.000000 0.000000 0.000000
    16 5.620499 0.000002 0.000000 2.768210 0.043436 -0.166894
    17 4.684906 0.000002 0.000000 -0.345493 0.073089 1.049437
    18 19.263098 0.000000 0.000000 0.000000 0.000000 0.187602
    19 17.589096 0.000000 0.000000 0.019196 -0.343261 -0.665847
    20 6.240662 0.000000 0.000000 -0.112063 0.023837 -0.383688
    21 3.806942 0.000000 0.000000 -2.040230 -0.135866 -1.331381
    22 6.694801 0.000000 0.000000 0.000000 0.000000 0.000000
    23 19.253845 0.000000 0.000000 0.000000 0.000000 0.025253
    24 3.147137 0.005680 -1.551346 0.204908 0.143273 -0.954241
    25 1.585903 0.000000 0.000000 0.011390 0.016585 -0.964682
    26 0.849087 0.000002 0.000000 -0.054430 -0.175364 -0.012812
    27 3.471079 0.213264 -0.574066 0.197841 0.103922 -1.056897
    28 1.897533 -0.000002 0.000000 -0.051937 -0.088263 -1.080741
    29 1.014454 0.000002 0.000000 0.002346 0.009693 0.056304
    30 3.750082 0.114767 0.430058 0.187201 0.067923 -1.244533
    31 2.258186 0.000000 0.000000 -0.042022 -0.053930 -0.856641
    32 1.210384 0.000001 0.000000 0.001810 0.011981 0.157202
    33 3.868294 -0.166636 1.490141 0.180581 0.034246 -1.190451
    34 1.786068 0.000000 0.000000 0.051300 0.063943 -1.015925
    35 1.044434 -0.000002 0.000000 0.001325 0.038484 0.095729
    36 1.121473 -1.351564 1.030998 1.138475 -0.607693 0.231095
    37 1.928116 0.000000 0.000000 -0.090105 -0.188036 -0.457011
    38 1.285145 -0.000001 0.000000 -0.000005 -0.040574 -1.047036
    39 19.263105 0.000000 0.000000 0.000000 0.000000 0.374772
    40 17.589100 0.000000 0.000000 -0.121955 0.094485 -0.633449
    41 6.240662 0.000000 0.000000 0.020431 -0.027711 -0.466759
    42 5.884350 0.000000 0.000004 -0.126310 0.000000 0.000000
    43 11.768705 0.000000 0.000000 -0.238428 0.000000 0.000000
    44 11.679195 0.000000 0.000008 0.000000 0.000000 -0.161658
    45 3.147156 0.000065 1.551354 -0.201298 -0.143284 -0.649417
    46 1.585903 0.000000 0.000000 -0.011409 -0.016643 -1.331409
    47 0.849087 0.000000 0.000000 0.054379 0.175346 0.227690
    48 3.471100 0.211189 0.574833 -0.194213 -0.103888 -0.872699
    49 1.897533 0.000000 0.000000 0.051947 0.088323 -1.093272
    50 1.014446 0.000003 0.000000 -0.002359 -0.009725 0.111690
    51 3.750099 0.116322 -0.429641 -0.183614 -0.067994 -1.128857
    52 2.258183 0.000000 0.000000 0.042077 0.053977 -0.662652
    53 1.210392 0.000001 0.000000 -0.001842 -0.011976 0.162659
    54 3.868322 -0.161243 -1.490733 -0.177010 -0.034210 -1.024999
    55 1.786068 0.000002 0.000000 -0.051298 -0.063999 -0.749967
    56 1.044445 0.000000 0.000000 -0.001333 -0.038512 0.149883
    57 1.121502 -1.347836 -1.035880 -1.045302 0.582555 0.243500
    58 1.928122 0.000000 -0.000002 -0.000025 0.188108 -0.446082
    59 1.285141 0.000000 -0.000002 -0.000058 0.040588 -0.886387
    60 11.768703 0.000000 -0.000008 0.242666 0.000000 0.000000
    61 5.884356 0.000000 -0.000004 0.128617 0.000000 0.000000
    62 11.679195 0.000000 0.000000 0.000000 0.000000 -0.161657
    63 7.023272 -6.880002 4.339547 2.620672 -1.456011 -1.105365
    64 -33.062500 -12.015625 -9.679688 2.823206 0.504008 1.592230
    65 0.000000 -0.000007 -0.000031 1.373047 0.113574 0.124314
    66 -0.000004 -0.000007 -0.000031 1.373047 0.113574 0.124314
    67 3.348999 -1.371000 0.725000 1.977842 -0.088017 1.557794
    68 2.856895 -1.536201 -0.973800 -1.501147 -0.272558 -1.578261
    69 -0.000004 0.000000 10.000000 0.000000 0.000000 0.000000
    70 0.018894 0.665159 9.395880 0.000000 0.000000 0.000000
    71 2.000008 -3.000000 0.000000 -1.570796 0.000000 -1.326450
    72 3.028210 -0.923410 -2.009452 1.574082 -0.012974 1.587243
    73 0.116953 4.311607 0.061859 0.000010 0.000000 0.000000
    74 -0.000002 0.000000 0.000001 0.000000 0.000000 0.000000
    75 0.000000 1.000000 0.000010 0.000000 0.000000 0.000000
    76 -0.000002 0.000000 0.000000 0.000000 0.000000 0.000000
    77 -0.000002 0.000000 0.000000 0.000000 0.000000 0.000000
    78 -0.000002 0.000000 0.000000 0.000000 0.000000 0.000000
time 107
    0 -5.859375 -7.503906 25.234375 1.705644 0.042889 0.733268
    1 0.000000 4.246162 -0.018825 1.550077 -0.107160 1.549339
    2 4.195629 0.000000 0.000000 -0.019954 -0.009918 -0.168706
    3 3.883152 0.000001 0.000000 -0.023126 0.019010 -0.043736
    4 5.985943 0.000002 0.000000 -0.003678 0.050973 0.438553
    5 4.268658 1.531896 -1.575000 1.125811 0.958270 -0.735421
    6 5.782729 0.000000 0.000001 3.017688 -0.061766 0.628133
    7 11.452759 0.000001 0.000000 0.000000 0.000000 -0.565697
    8 4.268658 1.531894 1.575000 -1.753359 -0.718147 0.066201
    9 5.782726 0.000004 0.000001 -3.120526 0.114400 0.637968
    10 11.452763 0.000001 0.000004 0.000000 0.000000 -0.328478
    11 10.945534 -0.000007 -0.000034 0.966085 -0.217538 0.053376
    12 10.945518 -0.000005 0.000015 -1.509204 -0.011686 0.289153
    13 -3.806942 0.000000 0.000000 -1.239734 -0.176897 -1.756051
    14 19.253841 0.000000 0.000000 0.000000 0.000000 0.025250
    15 6.694798 0.000000 0.000000 0.000000 0.000000 0.000000
    16 5.620499 0.000002 0.000000 2.771848 0.045480 -0.170757
    17 4.684906 0.000002 0.000000 -0.343583 0.070201 1.056982
    18 19.263098 0.000000 0.000000 0.000000 0.000000 0.174167
    19 17.589096 0.000000 0.000000 0.017589 -0.361871 -0.681838
    20 6.240662 0.000000 0.000000 -0.112039 0.023895 -0.385981
    21 3.806942 0.000000 0.000000 -2.006522 -0.167675 -1.326519
    22 6.694801 0.000000 0.000000 0.000000 0.000000 0.000000
    23 19.253845 0.000000 0.000000 0.000000 0.000000 0.025253
    24 3.147137 0.005680 -1.551346 0.204908 0.143273 -0.954241
    25 1.585903 0.000000 0.000000 0.011390 0.016585 -0.964682
    26 0.849087 0.000002 0.000000 -0.054430 -0.175364 -0.012812
    27 3.471079 0.213264 -0.574066 0.197841 0.103922 -1.056897
    28 1.897533 -0.000002 0.000000 -0.051937 -0.088263 -1.080741
    29 1.014454 0.000002 0.000000 0.002346 0.009693 0.056304
    30 3.750082 0.114767 0.430058 0.187201 0.067923 -1.244533
    31 2.258186 0.000000 0.000000 -0.042022 -0.053930 -0.856641
    32 1.210384 0.000001 0.000000 0.001810 0.011981 0.157202
    33 3.868294 -0.166636 1.490141 0.180581 0.034246 -1.190451
    34 1.786068 0.000000 0.000000 0.051300 0.063943 -1.015925
    35 1.044434 -0.000002 0.000000 0.001325 0.038484 0.095729
    36 1.121473 -1.351564 1.030998 1.138475 -0.607693 0.231095
    37 1.928116 0.000000 0.000000 -0.090105 -0.188036 -0.457011
    38 1.285145 -0.000001 0.000000 -0.000005 -0.040574 -1.047036
    39 19.263105 0.000000 0.000000 0.000000 0.000000 0.428424
    40 17.589100 0.000000 0.000000 -0.133363 0.058346 -0.676301
    41 6.240662 0.000000 0.000000 0.020454 -0.027693 -0.468445
    42 5.884350 0.000000 0.000004 -0.126310 0.000000 0.000000
    43 11.768705 0.000000 0.000000 -0.238428 0.000000 0.000000
    44 11.679195 0.000000 0.000008 0.000000 0.000000 -0.161658
    45 3.147156 0.000065 1.551354 -0.201298 -0.143284 -0.649417
    46 1.585903 0.000000 0.000000 -0.011409 -0.016643 -1.331409
    47 0.849087 0.000000 0.000000 0.054379 0.175346 0.227690
    48 3.471100 0.211189 0.574833 -0.194213 -0.103888 -0.872699
    49 1.897533 0.000000 0.000000 0.051947 0.088323 -1.093272
    50 1.014446 0.000003 0.000000 -0.002359 -0.009725 0.111690
    51 3.750099 0.116322 -0.429641 -0.183614 -0.067994 -1.128857
    52 2.258183 0.000000 0.000000 0.042077 0.053977 -0.662652
    53 1.210392 0.000001 0.000000 -0.001842 -0.011976 0.162659
    54 3.868322 -0.161243 -1.490733 -0.177010 -0.034210 -1.024999
    55 1.786068 0.000002 0.000000 -0.051298 -0.063999 -0.749967
    56 1.044445 0.000000 0.000000 -0.001333 -0.038512 0.149883
    57 1.121502 -1.347836 -1.035880 -1.045302 0.582555 0.243500
    58 1.928122 0.000000 -0.000002 -0.000025 0.188108 -0.446082
    59 1.285141 0.000000 -0.000002 -0.000058 0.040588 -0.886387
    60 11.768703 0.000000 -0.000008 0.242666 0.000000 0.000000
    61 5.884356 0.000000 -0.000004 0.128617 0.000000 0.000000
    62 11.679195 0.000000 0.000000 0.000000 0.000000 -0.161657
    63 7.023272 -6.880002 4.339547 2.620672 -1.456011 -1.105365
    64 -32.406250 -17.625000 -10.414063 2.806608 0.506877 1.578042
    65 0.000000 -0.000007 -0.000031 1.373047 0.113574 0.124314
    66 -0.000004 -0.000007 -0.000031 1.373047 0.113574 0.124314
    67 3.348999 -1.371000 0.725000 1.977842 -0.088017 1.557794
    68 2.856895 -1.536201 -0.973800 -1.501147 -0.272558 -1.578261
    69 -0.000004 0.000000 10.000000 0.000000 0.000000 0.000000
    70 0.018894 0.665159 9.395880 0.000000 0.000000 0.000000
    71 2.000008 -3.000000 0.000000 -1.570796 0.000000 -1.326450
    72 3.028210 -0.923410 -2.009452 1.574082 -0.012974 1.587243
    73 0.116953 4.311607 0.061859 0.000010 0.000000 0.000000
    74 -0.000002 0.000000 0.000001 0.000000 0.000000 0.000000
    75 0.000000 1.000000 0.000010 0.000000 0.000000 0.000000
    76 -0.000002 0.000000 0.000000 0.000000 0.000000 0.000000
    77 -0.000002 0.000000 0.000000 0.000000 0.000000 0.000000
    78 -0.000002 0.000000 0.000000 0.000000 0.000000 0.000000
time 108
    0 -6.160156 -7.375000 25.312500 1.712082 0.038642 0.763081
    1 0.000000 4.246162 -0.018825 1.548573 -0.106749 1.545992
    2 4.195629 0.000000 0.000000 -0.021277 -0.011679 -0.168943
    3 3.883152 0.000001 0.000000 -0.024506 0.019159 -0.043234
    4 5.985943 0.000002 0.000000 -0.004688 0.052186 0.440390
    5 4.268658 1.531896 -1.575000 1.115513 0.965084 -0.748951
    6 5.782729 0.000000 0.000001 3.005742 -0.069386 0.632903
    7 11.452759 0.000001 0.000000 0.000000 0.000000 -0.574872
    8 4.268658 1.531894 1.575000 -1.749065 -0.708279 0.063319
    9 5.782726 0.000004 0.000001 -3.139213 0.108355 0.637472
    10 11.452763 0.000001 0.000004 0.000000 0.000000 -0.326553
    11 10.945534 -0.000007 -0.000034 0.960878 -0.234465 0.063550
    12 10.945518 -0.000005 0.000015 -1.521339 -0.012756 0.303596
    13 -3.806942 0.000000 0.000000 -1.250439 -0.187680 -1.749894
    14 19.253841 0.000000 0.000000 0.000000 0.000000 0.025250
    15 6.694798 0.000000 0.000000 0.000000 0.000000 0.000000
    16 5.620499 0.000002 0.000000 2.776149 0.051022 -0.176120
    17 4.684906 0.000002 0.000000 -0.343065 0.064886 1.066743
    18 19.263098 0.000000 0.000000 0.000000 0.000000 0.167669
    19 17.589096 0.000000 0.000000 0.035100 -0.360560 -0.697777
    20 6.240662 0.000000 0.000000 -0.112089 0.023822 -0.388797
    21 3.806942 0.000000 0.000000 -1.990849 -0.206460 -1.319392
    22 6.694801 0.000000 0.000000 0.000000 0.000000 0.000000
    23 19.253845 0.000000 0.000000 0.000000 0.000000 0.025253
    24 3.147137 0.005680 -1.551346 0.204908 0.143273 -0.954241
    25 1.585903 0.000000 0.000000 0.011390 0.016585 -0.964682
    26 0.849087 0.000002 0.000000 -0.054430 -0.175364 -0.012812
    27 3.471079 0.213264 -0.574066 0.197841 0.103922 -1.056897
    28 1.897533 -0.000002 0.000000 -0.051937 -0.088263 -1.080741
    29 1.014454 0.000002 0.000000 0.002346 0.009693 0.056304
    30 3.750082 0.114767 0.430058 0.187201 0.067923 -1.244533
    31 2.258186 0.000000 0.000000 -0.042022 -0.053930 -0.856641
    32 1.210384 0.000001 0.000000 0.001810 0.011981 0.157202
    33 3.868294 -0.166636 1.490141 0.180581 0.034246 -1.190451
    34 1.786068 0.000000 0.000000 0.051300 0.063943 -1.015925
    35 1.044434 -0.000002 0.000000 0.001325 0.038484 0.095729
    36 1.121473 -1.351564 1.030998 1.138475 -0.607693 0.231095
    37 1.928116 0.000000 0.000000 -0.090105 -0.188036 -0.457011
    38 1.285145 -0.000001 0.000000 -0.000005 -0.040574 -1.047036
    39 19.263105 0.000000 0.000000 0.000000 0.000000 0.488795
    40 17.589100 0.000000 0.000000 -0.143229 0.044607 -0.715385
    41 6.240662 0.000000 0.000000 0.020451 -0.027738 -0.462146
    42 5.884350 0.000000 0.000004 -0.126310 0.000000 0.000000
    43 11.768705 0.000000 0.000000 -0.238428 0.000000 0.000000
    44 11.679195 0.000000 0.000008 0.000000 0.000000 -0.161658
    45 3.147156 0.000065 1.551354 -0.201298 -0.143284 -0.649417
    46 1.585903 0.000000 0.000000 -0.011409 -0.016643 -1.331409
    47 0.849087 0.000000 0.000000 0.054379 0.175346 0.227690
    48 3.471100 0.211189 0.574833 -0.194213 -0.103888 -0.872699
    49 1.897533 0.000000 0.000000 0.051947 0.088323 -1.093272
    50 1.014446 0.000003 0.000000 -0.002359 -0.009725 0.111690
    51 3.750099 0.116322 -0.429641 -0.183614 -0.067994 -1.128857
    52 2.258183 0.000000 0.000000 0.042077 0.053977 -0.662652
    53 1.210392 0.000001 0.000000 -0.001842 -0.011976 0.162659
    54 3.868322 -0.161243 -1.490733 -0.177010 -0.034210 -1.024999
    55 1.786068 0.000002 0.000000 -0.051298 -0.063999 -0.749967
    56 1.044445 0.000000 0.000000 -0.001333 -0.038512 0.149883
    57 1.121502 -1.347836 -1.035880 -1.045302 0.582555 0.243500
    58 1.928122 0.000000 -0.000002 -0.000025 0.188108 -0.446082
    59 1.285141 0.000000 -0.000002 -0.000058 0.040588 -0.886387
    60 11.768703 0.000000 -0.000008 0.242666 0.000000 0.000000
    61 5.884356 0.000000 -0.000004 0.128617 0.000000 0.000000
    62 11.679195 0.000000 0.000000 0.000000 0.000000 -0.161657
    63 7.023272 -6.880002 4.339547 2.620672 -1.456011 -1.105365
    64 -31.218750 -21.421875 -8.664063 2.792248 0.508950 1.569905
    65 0.000000 -0.000007 -0.000031 1.373047 0.113574 0.124314
    66 -0.000004 -0.000007 -0.000031 1.373047 0.113574 0.124314
    67 3.348999 -1.371000 0.725000 1.977842 -0.088017 1.557794
    68 2.856895 -1.536201 -0.973800 -1.501147 -0.272558 -1.578261
    69 -0.000004 0.000000 10.000000 0.000000 0.000000 0.000000
    70 0.018894 0.665159 9.395880 0.000000 0.000000 0.000000
    71 2.000008 -3.000000 0.000000 -1.570796 0.000000 -1.326450
    72 3.028210 -0.923410 -2.009452 1.574082 -0.012974 1.587243
    73 0.116953 4.311607 0.061859 0.000010 0.000000 0.000000
    74 -0.000002 0.000000 0.000001 0.000000 0.000000 0.000000
    75 0.000000 1.000000 0.000010 0.000000 0.000000 0.000000
    76 -0.000002 0.000000 0.000000 0.000000 0.000000 0.000000
    77 -0.000002 0.000000 0.000000 0.000000 0.000000 0.000000
    78 -0.000002 0.000000 0.000000 0.000000 0.000000 0.000000
time 109
    0 -6.347656 -7.261719 25.375000 1.717841 0.032210 0.786839
    1 0.000000 4.246162 -0.018825 1.547260 -0.104449 1.543969
    2 4.195629 0.000000 0.000000 -0.022286 -0.012990 -0.170051
    3 3.883152 0.000001 0.000000 -0.025674 0.017501 -0.042619
    4 5.985943 0.000002 0.000000 -0.006874 0.049606 0.443426
    5 4.268658 1.531896 -1.575000 1.108187 0.977041 -0.756870
    6 5.782729 0.000000 0.000001 2.999083 -0.079813 0.640626
    7 11.452759 0.000001 0.000000 0.000000 0.000000 -0.580546
    8 4.268658 1.531894 1.575000 -1.740121 -0.699490 0.058368
    9 5.782726 0.000004 0.000001 3.139478 0.107792 0.635216
    10 11.452763 0.000001 0.000004 0.000000 0.000000 -0.329090
    11 10.945534 -0.000007 -0.000034 0.949731 -0.238191 0.067087
    12 10.945518 -0.000005 0.000015 -1.531746 -0.014398 0.316698
    13 -3.806942 0.000000 0.000000 -1.253948 -0.186599 -1.756573
    14 19.253841 0.000000 0.000000 0.000000 0.000000 0.025250
    15 6.694798 0.000000 0.000000 0.000000 0.000000 0.000000
    16 5.620499 0.000002 0.000000 2.780537 0.058127 -0.181303
    17 4.684906 0.000002 0.000000 -0.342966 0.057056 1.075008
    18 19.263098 0.000000 0.000000 0.000000 0.000000 0.166802
    19 17.589096 0.000000 0.000000 0.052229 -0.362196 -0.698850
    20 6.240662 0.000000 0.000000 -0.112081 0.023812 -0.403787
    21 3.806942 0.000000 0.000000 -1.999256 -0.243925 -1.314157
    22 6.694801 0.000000 0.000000 0.000000 0.000000 0.000000
    23 19.253845 0.000000 0.000000 0.000000 0.000000 0.025253
    24 3.147137 0.005680 -1.551346 0.204908 0.143273 -0.954241
    25 1.585903 0.000000 0.000000 0.011390 0.016585 -0.964682
    26 0.849087 0.000002 0.000000 -0.054430 -0.175364 -0.012812
    27 3.471079 0.213264 -0.574066 0.197841 0.103922 -1.056897
    28 1.897533 -0.000002 0.000000 -0.051937 -0.088263 -1.080741
    29 1.014454 0.000002 0.000000 0.002346 0.009693 0.056304
    30 3.750082 0.114767 0.430058 0.187201 0.067923 -1.244533
    31 2.258186 0.000000 0.000000 -0.042022 -0.053930 -0.856641
    32 1.210384 0.000001 0.000000 0.001810 0.011981 0.157202
    33 3.868294 -0.166636 1.490141 0.180581 0.034246 -1.190451
    34 1.786068 0.000000 0.000000 0.051300 0.063943 -1.015925
    35 1.044434 -0.000002 0.000000 0.001325 0.038484 0.095729
    36 1.121473 -1.351564 1.030998 1.138475 -0.607693 0.231095
    37 1.928116 0.000000 0.000000 -0.090105 -0.188036 -0.457011
    38 1.285145 -0.000001 0.000000 -0.000005 -0.040574 -1.047036
    39 19.263105 0.000000 0.000000 0.000000 0.000000 0.549982
    40 17.589100 0.000000 0.000000 -0.173443 0.050533 -0.732714
    41 6.240662 0.000000 0.000000 0.020435 -0.027708 -0.467025
    42 5.884350 0.000000 0.000004 -0.126310 0.000000 0.000000
    43 11.768705 0.000000 0.000000 -0.238428 0.000000 0.000000
    44 11.679195 0.000000 0.000008 0.000000 0.000000 -0.161658
    45 3.147156 0.000065 1.551354 -0.201298 -0.143284 -0.649417
    46 1.585903 0.000000 0.000000 -0.011409 -0.016643 -1.331409
    47 0.849087 0.000000 0.000000 0.054379 0.175346 0.227690
    48 3.471100 0.211189 0.574833 -0.194213 -0.103888 -0.872699
    49 1.897533 0.000000 0.000000 0.051947 0.088323 -1.093272
    50 1.014446 0.000003 0.000000 -0.002359 -0.009725 0.111690
    51 3.750099 0.116322 -0.429641 -0.183614 -0.067994 -1.128857
    52 2.258183 0.000000 0.000000 0.042077 0.053977 -0.662652
    53 1.210392 0.000001 0.000000 -0.001842 -0.011976 0.162659
    54 3.868322 -0.161243 -1.490733 -0.177010 -0.034210 -1.024999
    55 1.786068 0.000002 0.000000 -0.051298 -0.063999 -0.749967
    56 1.044445 0.000000 0.000000 -0.001333 -0.038512 0.149883
    57 1.121502 -1.347836 -1.035880 -1.045302 0.582555 0.243500
    58 1.928122 0.000000 -0.000002 -0.000025 0.188108 -0.446082
    59 1.285141 0.000000 -0.000002 -0.000058 0.040588 -0.886387
    60 11.768703 0.000000 -0.000008 0.242666 0.000000 0.000000
    61 5.884356 0.000000 -0.000004 0.128617 0.000000 0.000000
    62 11.679195 0.000000 0.000000 0.000000 0.000000 -0.161657
    63 7.023272 -6.880002 4.339547 2.620672 -1.456011 -1.105365
    64 -30.046875 -23.593750 -5.726563 2.779630 0.525379 1.564559
    65 0.000000 -0.000007 -0.000031 1.373047 0.113574 0.124314
    66 -0.000004 -0.000007 -0.000031 1.373047 0.113574 0.124314
    67 3.348999 -1.371000 0.725000 1.977842 -0.088017 1.557794
    68 2.856895 -1.536201 -0.973800 -1.501147 -0.272558 -1.578261
    69 -0.000004 0.000000 10.000000 0.000000 0.000000 0.000000
    70 0.018894 0.665159 9.395880 0.000000 0.000000 0.000000
    71 2.000008 -3.000000 0.000000 -1.570796 0.000000 -1.326450
    72 3.028210 -0.923410 -2.009452 1.574082 -0.012974 1.587243
    73 0.116953 4.311607 0.061859 0.000010 0.000000 0.000000
    74 -0.000002 0.000000 0.000001 0.000000 0.000000 0.000000
    75 0.000000 1.000000 0.000010 0.000000 0.000000 0.000000
    76 -0.000002 0.000000 0.000000 0.000000 0.000000 0.000000
    77 -0.000002 0.000000 0.000000 0.000000 0.000000 0.000000
    78 -0.000002 0.000000 0.000000 0.000000 0.000000 0.000000
time 110
    0 -6.445313 -7.179688 25.453125 1.723343 0.025249 0.802677
    1 0.000000 4.246162 -0.018825 1.547372 -0.099672 1.541113
    2 4.195629 0.000000 0.000000 -0.022101 -0.014994 -0.172370
    3 3.883152 0.000001 0.000000 -0.025299 0.016751 -0.041052
    4 5.985943 0.000002 0.000000 -0.006864 0.048485 0.447054
    5 4.268658 1.531896 -1.575000 1.104100 0.987268 -0.759029
    6 5.782729 0.000000 0.000001 2.993381 -0.092331 0.649126
    7 11.452759 0.000001 0.000000 0.000000 0.000000 -0.585593
    8 4.268658 1.531894 1.575000 -1.735378 -0.697703 0.060436
    9 5.782726 0.000004 0.000001 -3.124834 0.115540 0.637284
    10 11.452763 0.000001 0.000004 0.000000 0.000000 -0.332591
    11 10.945534 -0.000007 -0.000034 0.928161 -0.235126 0.068875
    12 10.945518 -0.000005 0.000015 -1.541758 -0.016403 0.329644
    13 -3.806942 0.000000 0.000000 -1.251769 -0.177524 -1.771572
    14 19.253841 0.000000 0.000000 0.000000 0.000000 0.025250
    15 6.694798 0.000000 0.000000 0.000000 0.000000 0.000000
    16 5.620499 0.000002 0.000000 2.780214 0.062684 -0.186216
    17 4.684906 0.000002 0.000000 -0.345589 0.051986 1.081850
    18 19.263098 0.000000 0.000000 0.000000 0.000000 0.176333
    19 17.589096 0.000000 0.000000 0.041627 -0.366633 -0.693946
    20 6.240662 0.000000 0.000000 -0.112071 0.023861 -0.402907
    21 3.806942 0.000000 0.000000 -2.026806 -0.280920 -1.308034
    22 6.694801 0.000000 0.000000 0.000000 0.000000 0.000000
    23 19.253845 0.000000 0.000000 0.000000 0.000000 0.025253
    24 3.147137 0.005680 -1.551346 0.204908 0.143273 -0.954241
    25 1.585903 0.000000 0.000000 0.011390 0.016585 -0.964682
    26 0.849087 0.000002 0.000000 -0.054430 -0.175364 -0.012812
    27 3.471079 0.213264 -0.574066 0.197841 0.103922 -1.056897
    28 1.897533 -0.000002 0.000000 -0.051937 -0.088263 -1.080741
    29 1.014454 0.000002 0.000000 0.002346 0.009693 0.056304
    30 3.750082 0.114767 0.430058 0.187201 0.067923 -1.244533
    31 2.258186 0.000000 0.000000 -0.042022 -0.053930 -0.856641
    32 1.210384 0.000001 0.000000 0.001810 0.011981 0.157202
    33 3.868294 -0.166636 1.490141 0.180581 0.034246 -1.190451
    34 1.786068 0.000000 0.000000 0.051300 0.063943 -1.015925
    35 1.044434 -0.000002 0.000000 0.001325 0.038484 0.095729
    36 1.121473 -1.351564 1.030998 1.138475 -0.607693 0.231095
    37 1.928116 0.000000 0.000000 -0.090105 -0.188036 -0.457011
    38 1.285145 -0.000001 0.000000 -0.000005 -0.040574 -1.047036
    39 19.263105 0.000000 0.000000 0.000000 0.000000 0.615596
    40 17.589100 0.000000 0.000000 -0.189843 0.062938 -0.739754
    41 6.240662 0.000000 0.000000 0.020451 -0.027724 -0.451421
    42 5.884350 0.000000 0.000004 -0.126310 0.000000 0.000000
    43 11.768705 0.000000 0.000000 -0.238428 0.000000 0.000000
    44 11.679195 0.000000 0.000008 0.000000 0.000000 -0.161658
    45 3.147156 0.000065 1.551354 -0.201298 -0.143284 -0.649417
    46 1.585903 0.000000 0.000000 -0.011409 -0.016643 -1.331409
    47 0.849087 0.000000 0.000000 0.054379 0.175346 0.227690
    48 3.471100 0.211189 0.574833 -0.194213 -0.103888 -0.872699
    49 1.897533 0.000000 0.000000 0.051947 0.088323 -1.093272
    50 1.014446 0.000003 0.000000 -0.002359 -0.009725 0.111690
    51 3.750099 0.116322 -0.429641 -0.183614 -0.067994 -1.128857
    52 2.258183 0.000000 0.000000 0.042077 0.053977 -0.662652
    53 1.210392 0.000001 0.000000 -0.001842 -0.011976 0.162659
    54 3.868322 -0.161243 -1.490733 -0.177010 -0.034210 -1.024999
    55 1.786068 0.000002 0.000000 -0.051298 -0.063999 -0.749967
    56 1.044445 0.000000 0.000000 -0.001333 -0.038512 0.149883
    57 1.121502 -1.347836 -1.035880 -1.045302 0.582555 0.243500
    58 1.928122 0.000000 -0.000002 -0.000025 0.188108 -0.446082
    59 1.285141 0.000000 -0.000002 -0.000058 0.040588 -0.886387
    60 11.768703 0.000000 -0.000008 0.242666 0.000000 0.000000
    61 5.884356 0.000000 -0.000004 0.128617 0.000000 0.000000
    62 11.679195 0.000000 0.000000 0.000000 0.000000 -0.161657
    63 7.023272 -6.880002 4.339547 2.620672 -1.456011 -1.105365
    64 -28.984375 -24.703125 -2.103516 2.765738 0.562700 1.559518
    65 0.000000 -0.000007 -0.000031 1.373047 0.113574 0.124314
    66 -0.000004 -0.000007 -0.000031 1.373047 0.113574 0.124314
    67 3.348999 -1.371000 0.725000 1.977842 -0.088017 1.557794
    68 2.856895 -1.536201 -0.973800 -1.501147 -0.272558 -1.578261
    69 -0.000004 0.000000 10.000000 0.000000 0.000000 0.000000
    70 0.018894 0.665159 9.395880 0.000000 0.000000 0.000000
    71 2.000008 -3.000000 0.000000 -1.570796 0.000000 -1.326450
    72 3.028210 -0.923410 -2.009452 1.574082 -0.012974 1.587243
    73 0.116953 4.311607 0.061859 0.000010 0.000000 0.000000
    74 -0.000002 0.000000 0.000001 0.000000 0.000000 0.000000
    75 0.000000 1.000000 0.000010 0.000000 0.000000 0.000000
    76 -0.000002 0.000000 0.000000 0.000000 0.000000 0.000000
    77 -0.000002 0.000000 0.000000 0.000000 0.000000 0.000000
    78 -0.000002 0.000000 0.000000 0.000000 0.000000 0.000000
time 111
    0 -6.496094 -7.140625 25.531250 1.730046 0.020918 0.814236
    1 0.000000 4.246162 -0.018825 1.548630 -0.094132 1.537823
    2 4.195629 0.000000 0.000000 -0.020651 -0.016463 -0.175485
    3 3.883152 0.000001 0.000000 -0.024108 0.017462 -0.041395
    4 5.985943 0.000002 0.000000 -0.005135 0.049341 0.448249
    5 4.268658 1.531896 -1.575000 1.097831 0.995548 -0.758368
    6 5.782729 0.000000 0.000001 2.980847 -0.107267 0.655507
    7 11.452759 0.000001 0.000000 0.000000 0.000000 -0.594616
    8 4.268658 1.531894 1.575000 -1.736178 -0.698079 0.071710
    9 5.782726 0.000004 0.000001 -3.110902 0.124009 0.643089
    10 11.452763 0.000001 0.000004 0.000000 0.000000 -0.336355
    11 10.945534 -0.000007 -0.000034 0.909616 -0.235059 0.073401
    12 10.945518 -0.000005 0.000015 -1.548077 -0.017435 0.342490
    13 -3.806942 0.000000 0.000000 -1.254270 -0.162177 -1.790603
    14 19.253841 0.000000 0.000000 0.000000 0.000000 0.025250
    15 6.694798 0.000000 0.000000 0.000000 0.000000 0.000000
    16 5.620499 0.000002 0.000000 2.777256 0.065465 -0.186968
    17 4.684906 0.000002 0.000000 -0.349428 0.048983 1.085515
    18 19.263098 0.000000 0.000000 0.000000 0.000000 0.195147
    19 17.589096 0.000000 0.000000 0.038180 -0.362134 -0.693271
    20 6.240662 0.000000 0.000000 -0.112057 0.023806 -0.387562
    21 3.806942 0.000000 0.000000 -2.066692 -0.320960 -1.296107
    22 6.694801 0.000000 0.000000 0.000000 0.000000 0.000000
    23 19.253845 0.000000 0.000000 0.000000 0.000000 0.025253
    24 3.147137 0.005680 -1.551346 0.204908 0.143273 -0.954241
    25 1.585903 0.000000 0.000000 0.011390 0.016585 -0.964682
    26 0.849087 0.000002 0.000000 -0.054430 -0.175364 -0.012812
    27 3.471079 0.213264 -0.574066 0.197841 0.103922 -1.056897
    28 1.897533 -0.000002 0.000000 -0.051937 -0.088263 -1.080741
    29 1.014454 0.000002 0.000000 0.002346 0.009693 0.056304
    30 3.750082 0.114767 0.430058 0.187201 0.067923 -1.244533
    31 2.258186 0.000000 0.000000 -0.042022 -0.053930 -0.856641
    32 1.210384 0.000001 0.000000 0.001810 0.011981 0.157202
    33 3.868294 -0.166636 1.490141 0.180581 0.034246 -1.190451
    34 1.786068 0.000000 0.000000 0.051300 0.063943 -1.015925
    35 1.044434 -0.000002 0.000000 0.001325 0.038484 0.095729
    36 1.121473 -1.351564 1.030998 1.138475 -0.607693 0.231095
    37 1.928116 0.000000 0.000000 -0.090105 -0.188036 -0.457011
    38 1.285145 -0.000001 0.000000 -0.000005 -0.040574 -1.047036
    39 19.263105 0.000000 0.000000 0.000000 0.000000 0.687218
    40 17.589100 0.000000 0.000000 -0.203764 0.070449 -0.744938
    41 6.240662 0.000000 0.000000 0.020433 -0.027683 -0.445398
    42 5.884350 0.000000 0.000004 -0.126310 0.000000 0.000000
    43 11.768705 0.000000 0.000000 -0.238428 0.000000 0.000000
    44 11.679195 0.000000 0.000008 0.000000 0.000000 -0.161658
    45 3.147156 0.000065 1.551354 -0.201298 -0.143284 -0.649417
    46 1.585903 0.000000 0.000000 -0.011409 -0.016643 -1.331409
    47 0.849087 0.000000 0.000000 0.054379 0.175346 0.227690
    48 3.471100 0.211189 0.574833 -0.194213 -0.103888 -0.872699
    49 1.897533 0.000000 0.000000 0.051947 0.088323 -1.093272
    50 1.014446 0.000003 0.000000 -0.002359 -0.009725 0.111690
    51 3.750099 0.116322 -0.429641 -0.183614 -0.067994 -1.128857
    52 2.258183 0.000000 0.000000 0.042077 0.053977 -0.662652
    53 1.210392 0.000001 0.000000 -0.001842 -0.011976 0.162659
    54 3.868322 -0.161243 -1.490733 -0.177010 -0.034210 -1.024999
    55 1.786068 0.000002 0.000000 -0.051298 -0.063999 -0.749967
    56 1.044445 0.000000 0.000000 -0.001333 -0.038512 0.149883
    57 1.121502 -1.347836 -1.035880 -1.045302 0.582555 0.243500
    58 1.928122 0.000000 -0.000002 -0.000025 0.188108 -0.446082
    59 1.285141 0.000000 -0.000002 -0.000058 0.040588 -0.886387
    60 11.768703 0.000000 -0.000008 0.242666 0.000000 0.000000
    61 5.884356 0.000000 -0.000004 0.128617 0.000000 0.000000
    62 11.679195 0.000000 0.000000 0.000000 0.000000 -0.161657
    63 7.023272 -6.880002 4.339547 2.620672 -1.456011 -1.105365
    64 -28.046875 -24.531250 1.434570 2.753769 0.591941 1.557565
    65 0.000000 -0.000007 -0.000031 1.373047 0.113574 0.124314
    66 -0.000004 -0.000007 -0.000031 1.373047 0.113574 0.124314
    67 3.348999 -1.371000 0.725000 1.977842 -0.088017 1.557794
    68 2.856895 -1.536201 -0.973800 -1.501147 -0.272558 -1.578261
    69 -0.000004 0.000000 10.000000 0.000000 0.000000 0.000000
    70 0.018894 0.665159 9.395880 0.000000 0.000000 0.000000
    71 2.000008 -3.000000 0.000000 -1.570796 0.000000 -1.326450
    72 3.028210 -0.923410 -2.009452 1.574082 -0.012974 1.587243
    73 0.116953 4.311607 0.061859 0.000010 0.000000 0.000000
    74 -0.000002 0.000000 0.000001 0.000000 0.000000 0.000000
    75 0.000000 1.000000 0.000010 0.000000 0.000000 0.000000
    76 -0.000002 0.000000 0.000000 0.000000 0.000000 0.000000
    77 -0.000002 0.000000 0.000000 0.000000 0.000000 0.000000
    78 -0.000002 0.000000 0.000000 0.000000 0.000000 0.000000
time 112
    0 -6.515625 -7.113281 25.625000 1.736922 0.019853 0.823093
    1 0.000000 4.246162 -0.018825 1.548814 -0.088344 1.537493
    2 4.195629 0.000000 0.000000 -0.020351 -0.016645 -0.178693
    3 3.883152 0.000001 0.000000 -0.023761 0.017471 -0.041220
    4 5.985943 0.000002 0.000000 -0.004864 0.048764 0.450291
    5 4.268658 1.531896 -1.575000 1.097779 1.008100 -0.753109
    6 5.782729 0.000000 0.000001 2.950282 -0.128331 0.665548
    7 11.452759 0.000001 0.000000 0.000000 0.000000 -0.597686
    8 4.268658 1.531894 1.575000 -1.731725 -0.700453 0.075644
    9 5.782726 0.000004 0.000001 -3.102380 0.128037 0.651767
    10 11.452763 0.000001 0.000004 0.000000 0.000000 -0.337231
    11 10.945534 -0.000007 -0.000034 0.894859 -0.240556 0.081452
    12 10.945518 -0.000005 0.000015 -1.539725 -0.020671 0.345738
    13 -3.806942 0.000000 0.000000 -1.256909 -0.142545 -1.810673
    14 19.253841 0.000000 0.000000 0.000000 0.000000 0.025250
    15 6.694798 0.000000 0.000000 0.000000 0.000000 0.000000
    16 5.620499 0.000002 0.000000 2.779200 0.068130 -0.186838
    17 4.684906 0.000002 0.000000 -0.349141 0.044024 1.089380
    18 19.263098 0.000000 0.000000 0.000000 0.000000 0.221186
    19 17.589096 0.000000 0.000000 0.049606 -0.340051 -0.696465
    20 6.240662 0.000000 0.000000 -0.112009 0.023827 -0.377523
    21 3.806942 0.000000 0.000000 -2.113417 -0.365083 -1.277965
    22 6.694801 0.000000 0.000000 0.000000 0.000000 0.000000
    23 19.253845 0.000000 0.000000 0.000000 0.000000 0.025253
    24 3.147137 0.005680 -1.551346 0.204908 0.143273 -0.954241
    25 1.585903 0.000000 0.000000 0.011390 0.016585 -0.964682
    26 0.849087 0.000002 0.000000 -0.054430 -0.175364 -0.012812
    27 3.471079 0.213264 -0.574066 0.197841 0.103922 -1.056897
    28 1.897533 -0.000002 0.000000 -0.051937 -0.088263 -1.080741
    29 1.014454 0.000002 0.000000 0.002346 0.009693 0.056304
    30 3.750082 0.114767 0.430058 0.187201 0.067923 -1.244533
    31 2.258186 0.000000 0.000000 -0.042022 -0.053930 -0.856641
    32 1.210384 0.000001 0.000000 0.001810 0.011981 0.157202
    33 3.868294 -0.166636 1.490141 0.180581 0.034246 -1.190451
    34 1.786068 0.000000 0.000000 0.051300 0.063943 -1.015925
    35 1.044434 -0.000002 0.000000 0.001325 0.038484 0.095729
    36 1.121473 -1.351564 1.030998 1.138475 -0.607693 0.231095
    37 1.928116 0.000000 0.000000 -0.090105 -0.188036 -0.457011
    38 1.285145 -0.000001 0.000000 -0.000005 -0.040574 -1.047036
    39 19.263105 0.000000 0.000000 0.000000 0.000000 0.767583
    40 17.589100 0.000000 0.000000 -0.216227 0.071451 -0.756364
    41 6.240662 0.000000 0.000000 0.020424 -0.027689 -0.444779
    42 5.884350 0.000000 0.000004 -0.126310 0.000000 0.000000
    43 11.768705 0.000000 0.000000 -0.238428 0.000000 0.000000
    44 11.679195 0.000000 0.000008 0.000000 0.000000 -0.161658
    45 3.147156 0.000065 1.551354 -0.201298 -0.143284 -0.649417
    46 1.585903 0.000000 0.000000 -0.011409 -0.016643 -1.331409
    47 0.849087 0.000000 0.000000 0.054379 0.175346 0.227690
    48 3.471100 0.211189 0.574833 -0.194213 -0.103888 -0.872699
    49 1.897533 0.000000 0.000000 0.051947 0.088323 -1.093272
    50 1.014446 0.000003 0.000000 -0.002359 -0.009725 0.111690
    51 3.750099 0.116322 -0.429641 -0.183614 -0.067994 -1.128857
    52 2.258183 0.000000 0.000000 0.042077 0.053977 -0.662652
    53 1.210392 0.000001 0.000000 -0.001842 -0.011976 0.162659
    54 3.868322 -0.161243 -1.490733 -0.177010 -0.034210 -1.024999
    55 1.786068 0.000002 0.000000 -0.051298 -0.063999 -0.749967
    56 1.044445 0.000000 0.000000 -0.001333 -0.038512 0.149883
    57 1.121502 -1.347836 -1.035880 -1.045302 0.582555 0.243500
    58 1.928122 0.000000 -0.000002 -0.000025 0.188108 -0.446082
    59 1.285141 0.000000 -0.000002 -0.000058 0.040588 -0.886387
    60 11.768703 0.000000 -0.000008 0.242666 0.000000 0.000000
    61 5.884356 0.000000 -0.000004 0.128617 0.000000 0.000000
    62 11.679195 0.000000 0.000000 0.000000 0.000000 -0.161657
    63 7.023272 -6.880002 4.339547 2.620672 -1.456011 -1.105365
    64 -27.468750 -22.468750 4.441406 2.743818 0.611968 1.556180
    65 0.000000 -0.000007 -0.000031 1.373047 0.113574 0.124314
    66 -0.000004 -0.000007 -0.000031 1.373047 0.113574 0.124314
    67 3.348999 -1.371000 0.725000 1.977842 -0.088017 1.557794
    68 2.856895 -1.536201 -0.973800 -1.501147 -0.272558 -1.578261
    69 -0.000004 0.000000 10.000000 0.000000 0.000000 0.000000
    70 0.018894 0.665159 9.395880 0.000000 0.000000 0.000000
    71 2.000008 -3.000000 0.000000 -1.570796 0.000000 -1.326450
    72 3.028210 -0.923410 -2.009452 1.574082 -0.012974 1.587243
    73 0.116953 4.311607 0.061859 0.000010 0.000000 0.000000
    74 -0.000002 0.000000 0.000001 0.000000 0.000000 0.000000
    75 0.000000 1.000000 0.000010 0.000000 0.000000 0.000000
    76 -0.000002 0.000000 0.000000 0.000000 0.000000 0.000000
    77 -0.000002 0.000000 0.000000 0.000000 0.000000 0.000000
    78 -0.000002 0.000000 0.000000 0.000000 0.000000 0.000000
time 113
    0 -6.503906 -7.105469 25.687500 1.743628 0.022399 0.827687
    1 0.000000 4.246162 -0.018825 1.548723 -0.084209 1.538640
    2 4.195629 0.000000 0.000000 -0.020401 -0.015897 -0.181213
    3 3.883152 0.000001 0.000000 -0.023959 0.018498 -0.041666
    4 5.985943 0.000002 0.000000 -0.004386 0.049990 0.451104
    5 4.268658 1.531896 -1.575000 1.097640 1.018319 -0.750107
    6 5.782729 0.000000 0.000001 2.945368 -0.140704 0.670103
    7 11.452759 0.000001 0.000000 0.000000 0.000000 -0.606725
    8 4.268658 1.531894 1.575000 -1.731127 -0.706960 0.078124
    9 5.782726 0.000004 0.000001 -3.099104 0.129951 0.655279
    10 11.452763 0.000001 0.000004 0.000000 0.000000 -0.346868
    11 10.945534 -0.000007 -0.000034 0.887017 -0.245593 0.088957
    12 10.945518 -0.000005 0.000015 -1.540709 -0.023983 0.353762
    13 -3.806942 0.000000 0.000000 -1.259985 -0.120638 -1.830874
    14 19.253841 0.000000 0.000000 0.000000 0.000000 0.025250
    15 6.694798 0.000000 0.000000 0.000000 0.000000 0.000000
    16 5.620499 0.000002 0.000000 2.784200 0.069712 -0.189341
    17 4.684906 0.000002 0.000000 -0.345840 0.039988 1.095513
    18 19.263098 0.000000 0.000000 0.000000 0.000000 0.253005
    19 17.589096 0.000000 0.000000 0.064860 -0.304556 -0.704537
    20 6.240662 0.000000 0.000000 -0.112080 0.023814 -0.380781
    21 3.806942 0.000000 0.000000 -2.154848 -0.412774 -1.254904
    22 6.694801 0.000000 0.000000 0.000000 0.000000 0.000000
    23 19.253845 0.000000 0.000000 0.000000 0.000000 0.025253
    24 3.147137 0.005680 -1.551346 0.204908 0.143273 -0.954241
    25 1.585903 0.000000 0.000000 0.011390 0.016585 -0.964682
    26 0.849087 0.000002 0.000000 -0.054430 -0.175364 -0.012812
    27 3.471079 0.213264 -0.574066 0.197841 0.103922 -1.056897
    28 1.897533 -0.000002 0.000000 -0.051937 -0.088263 -1.080741
    29 1.014454 0.000002 0.000000 0.002346 0.009693 0.056304
    30 3.750082 0.114767 0.430058 0.187201 0.067923 -1.244533
    31 2.258186 0.000000 0.000000 -0.042022 -0.053930 -0.856641
    32 1.210384 0.000001 0.000000 0.001810 0.011981 0.157202
    33 3.868294 -0.166636 1.490141 0.180581 0.034246 -1.190451
    34 1.786068 0.000000 0.000000 0.051300 0.063943 -1.015925
    35 1.044434 -0.000002 0.000000 0.001325 0.038484 0.095729
    36 1.121473 -1.351564 1.030998 1.138475 -0.607693 0.231095
    37 1.928116 0.000000 0.000000 -0.090105 -0.188036 -0.457011
    38 1.285145 -0.000001 0.000000 -0.000005 -0.040574 -1.047036
    39 19.263105 0.000000 0.000000 0.000000 0.000000 0.855438
    40 17.589100 0.000000 0.000000 -0.254794 0.068654 -0.780072
    41 6.240662 0.000000 0.000000 0.020453 -0.027711 -0.440797
    42 5.884350 0.000000 0.000004 -0.126310 0.000000 0.000000
    43 11.768705 0.000000 0.000000 -0.238428 0.000000 0.000000
    44 11.679195 0.000000 0.000008 0.000000 0.000000 -0.161658
    45 3.147156 0.000065 1.551354 -0.201298 -0.143284 -0.649417
    46 1.585903 0.000000 0.000000 -0.011409 -0.016643 -1.331409
    47 0.849087 0.000000 0.000000 0.054379 0.175346 0.227690
    48 3.471100 0.211189 0.574833 -0.194213 -0.103888 -0.872699
    49 1.897533 0.000000 0.000000 0.051947 0.088323 -1.093272
    50 1.014446 0.000003 0.000000 -0.002359 -0.009725 0.111690
    51 3.750099 0.116322 -0.429641 -0.183614 -0.067994 -1.128857
    52 2.258183 0.000000 0.000000 0.042077 0.053977 -0.662652
    53 1.210392 0.000001 0.000000 -0.001842 -0.011976 0.162659
    54 3.868322 -0.161243 -1.490733 -0.177010 -0.034210 -1.024999
    55 1.786068 0.000002 0.000000 -0.051298 -0.063999 -0.749967
    56 1.044445 0.000000 0.000000 -0.001333 -0.038512 0.149883
    57 1.121502 -1.347836 -1.035880 -1.045302 0.582555 0.243500
    58 1.928122 0.000000 -0.000002 -0.000025 0.188108 -0.446082
    59 1.285141 0.000000 -0.000002 -0.000058 0.040588 -0.886387
    60 11.768703 0.000000 -0.000008 0.242666 0.000000 0.000000
    61 5.884356 0.000000 -0.000004 0.128617 0.000000 0.000000
    62 11.679195 0.000000 0.000000 0.000000 0.000000 -0.161657
    63 7.023272 -6.880002 4.339547 2.620672 -1.456011 -1.105365
    64 -27.453125 -19.046875 5.800781 2.739520 0.620556 1.560579
    65 0.000000 -0.000007 -0.000031 1.373047 0.113574 0.124314
    66 -0.000004 -0.000007 -0.000031 1.373047 0.113574 0.124314
    67 3.348999 -1.371000 0.725000 1.977842 -0.088017 1.557794
    68 2.856895 -1.536201 -0.973800 -1.501147 -0.272558 -1.578261
    69 -0.000004 0.000000 10.000000 0.000000 0.000000 0.000000
    70 0.018894 0.665159 9.395880 0.000000 0.000000 0.000000
    71 2.000008 -3.000000 0.000000 -1.570796 0.000000 -1.326450
    72 3.028210 -0.923410 -2.009452 1.574082 -0.012974 1.587243
    73 0.116953 4.311607 0.061859 0.000010 0.000000 0.000000
    74 -0.000002 0.000000 0.000001 0.000000 0.000000 0.000000
    75 0.000000 1.000000 0.000010 0.000000 0.000000 0.000000
    76 -0.000002 0.000000 0.000000 0.000000 0.000000 0.000000
    77 -0.000002 0.000000 0.000000 0.000000 0.000000 0.000000
    78 -0.000002 0.000000 0.000000 0.000000 0.000000 0.000000
time 114
    0 -6.496094 -7.109375 25.750000 1.749388 0.027696 0.826752
    1 0.000000 4.246162 -0.018825 1.548424 -0.083224 1.541072
    2 4.195629 0.000000 0.000000 -0.020925 -0.014828 -0.182174
    3 3.883152 0.000001 0.000000 -0.024303 0.018138 -0.042269
    4 5.985943 0.000002 0.000000 -0.005185 0.048843 0.450904
    5 4.268658 1.531896 -1.575000 1.090309 1.030179 -0.756613
    6 5.782729 0.000000 0.000001 2.949536 -0.147014 0.678062
    7 11.452759 0.000001 0.000000 0.000000 0.000000 -0.602566
    8 4.268658 1.531894 1.575000 -1.732939 -0.709075 0.080502
    9 5.782726 0.000004 0.000001 -3.091015 0.137806 0.664934
    10 11.452763 0.000001 0.000004 0.000000 0.000000 -0.351513
    11 10.945534 -0.000007 -0.000034 0.881904 -0.246588 0.100410
    12 10.945518 -0.000005 0.000015 -1.542289 -0.027295 0.353613
    13 -3.806942 0.000000 0.000000 -1.259401 -0.099271 -1.850982
    14 19.253841 0.000000 0.000000 0.000000 0.000000 0.025250
    15 6.694798 0.000000 0.000000 0.000000 0.000000 0.000000
    16 5.620499 0.000002 0.000000 2.794048 0.074112 -0.194462
    17 4.684906 0.000002 0.000000 -0.339974 0.032630 1.102986
    18 19.263098 0.000000 0.000000 0.000000 0.000000 0.290820
    19 17.589096 0.000000 0.000000 0.087014 -0.262792 -0.721029
    20 6.240662 0.000000 0.000000 -0.112080 0.023875 -0.376383
    21 3.806942 0.000000 0.000000 -2.190760 -0.461904 -1.227923
    22 6.694801 0.000000 0.000000 0.000000 0.000000 0.000000
    23 19.253845 0.000000 0.000000 0.000000 0.000000 0.025253
    24 3.147137 0.005680 -1.551346 0.204908 0.143273 -0.954241
    25 1.585903 0.000000 0.000000 0.011390 0.016585 -0.964682
    26 0.849087 0.000002 0.000000 -0.054430 -0.175364 -0.012812
    27 3.471079 0.213264 -0.574066 0.197841 0.103922 -1.056897
    28 1.897533 -0.000002 0.000000 -0.051937 -0.088263 -1.080741
    29 1.014454 0.000002 0.000000 0.002346 0.009693 0.056304
    30 3.750082 0.114767 0.430058 0.187201 0.067923 -1.244533
    31 2.258186 0.000000 0.000000 -0.042022 -0.053930 -0.856641
    32 1.210384 0.000001 0.000000 0.001810 0.011981 0.157202
    33 3.868294 -0.166636 1.490141 0.180581 0.034246 -1.190451
    34 1.786068 0.000000 0.000000 0.051300 0.063943 -1.015925
    35 1.044434 -0.000002 0.000000 0.001325 0.038484 0.095729
    36 1.121473 -1.351564 1.030998 1.138475 -0.607693 0.231095
    37 1.928116 0.000000 0.000000 -0.090105 -0.188036 -0.457011
    38 1.285145 -0.000001 0.000000 -0.000005 -0.040574 -1.047036
    39 19.263105 0.000000 0.000000 0.000000 0.000000 0.943442
    40 17.589100 0.000000 0.000000 -0.305610 0.070791 -0.799490
    41 6.240662 0.000000 0.000000 0.020464 -0.027703 -0.441593
    42 5.884350 0.000000 0.000004 -0.126310 0.000000 0.000000
    43 11.768705 0.000000 0.000000 -0.238428 0.000000 0.000000
    44 11.679195 0.000000 0.000008 0.000000 0.000000 -0.161658
    45 3.147156 0.000065 1.551354 -0.201298 -0.143284 -0.649417
    46 1.585903 0.000000 0.000000 -0.011409 -0.016643 -1.331409
    47 0.849087 0.000000 0.000000 0.054379 0.175346 0.227690
    48 3.471100 0.211189 0.574833 -0.194213 -0.103888 -0.872699
    49 1.897533 0.000000 0.000000 0.051947 0.088323 -1.093272
    50 1.014446 0.000003 0.000000 -0.002359 -0.009725 0.111690
    51 3.750099 0.116322 -0.429641 -0.183614 -0.067994 -1.128857
    52 2.258183 0.000000 0.000000 0.042077 0.053977 -0.662652
    53 1.210392 0.000001 0.000000 -0.001842 -0.011976 0.162659
    54 3.868322 -0.161243 -1.490733 -0.177010 -0.034210 -1.024999
    55 1.786068 0.000002 0.000000 -0.051298 -0.063999 -0.749967
    56 1.044445 0.000000 0.000000 -0.001333 -0.038512 0.149883
    57 1.121502 -1.347836 -1.035880 -1.045302 0.582555 0.243500
    58 1.928122 0.000000 -0.000002 -0.000025 0.188108 -0.446082
    59 1.285141 0.000000 -0.000002 -0.000058 0.040588 -0.886387
    60 11.768703 0.000000 -0.000008 0.242666 0.000000 0.000000
    61 5.884356 0.000000 -0.000004 0.128617 0.000000 0.000000
    62 11.679195 0.000000 0.000000 0.000000 0.000000 -0.161657
    63 7.023272 -6.880002 4.339547 2.620672 -1.456011 -1.105365
    64 -27.750000 -15.960938 5.992188 2.743365 0.624333 1.571075
    65 0.000000 -0.000007 -0.000031 1.373047 0.113574 0.124314
    66 -0.000004 -0.000007 -0.000031 1.373047 0.113574 0.124314
    67 3.348999 -1.371000 0.725000 1.977842 -0.088017 1.557794
    68 2.856895 -1.536201 -0.973800 -1.501147 -0.272558 -1.578261
    69 -0.000004 0.000000 10.000000 0.000000 0.000000 0.000000
    70 0.018894 0.665159 9.395880 0.000000 0.000000 0.000000
    71 2.000008 -3.000000 0.000000 -1.570796 0.000000 -1.326450
    72 3.028210 -0.923410 -2.009452 1.574082 -0.012974 1.587243
    73 0.116953 4.311607 0.061859 0.000010 0.000000 0.000000
    74 -0.000002 0.000000 0.000001 0.000000 0.000000 0.000000
    75 0.000000 1.000000 0.000010 0.000000 0.000000 0.000000
    76 -0.000002 0.000000 0.000000 0.000000 0.000000 0.000000
    77 -0.000002 0.000000 0.000000 0.000000 0.000000 0.000000
    78 -0.000002 0.000000 0.000000 0.000000 0.000000 0.000000
time 115
    0 -6.484375 -7.121094 25.796875 1.753607 0.034220 0.818653
    1 0.000000 4.246162 -0.018825 1.548696 -0.085629 1.541438
    2 4.195629 0.000000 0.000000 -0.020626 -0.014359 -0.181400
    3 3.883152 0.000001 0.000000 -0.024166 0.019072 -0.043920
    4 5.985943 0.000002 0.000000 -0.004647 0.049938 0.448174
    5 4.268658 1.531896 -1.575000 1.074652 1.035308 -0.770297
    6 5.782729 0.000000 0.000001 2.957639 -0.147351 0.677698
    7 11.452759 0.000001 0.000000 0.000000 0.000000 -0.601933
    8 4.268658 1.531894 1.575000 -1.737539 -0.707754 0.088680
    9 5.782726 0.000004 0.000001 -3.085886 0.153182 0.666791
    10 11.452763 0.000001 0.000004 0.000000 0.000000 -0.359670
    11 10.945534 -0.000007 -0.000034 0.881407 -0.243614 0.109189
    12 10.945518 -0.000005 0.000015 -1.540457 -0.026254 0.353358
    13 -3.806942 0.000000 0.000000 -1.261326 -0.078733 -1.871290
    14 19.253841 0.000000 0.000000 0.000000 0.000000 0.025250
    15 6.694798 0.000000 0.000000 0.000000 0.000000 0.000000
    16 5.620499 0.000002 0.000000 2.802256 0.077333 -0.199159
    17 4.684906 0.000002 0.000000 -0.334841 0.027025 1.109509
    18 19.263098 0.000000 0.000000 0.000000 0.000000 0.331803
    19 17.589096 0.000000 0.000000 0.115956 -0.214416 -0.739639
    20 6.240662 0.000000 0.000000 -0.112057 0.023824 -0.375763
    21 3.806942 0.000000 0.000000 -2.223498 -0.511199 -1.198862
    22 6.694801 0.000000 0.000000 0.000000 0.000000 0.000000
    23 19.253845 0.000000 0.000000 0.000000 0.000000 0.025253
    24 3.147137 0.005680 -1.551346 0.204908 0.143273 -0.954241
    25 1.585903 0.000000 0.000000 0.011390 0.016585 -0.964682
    26 0.849087 0.000002 0.000000 -0.054430 -0.175364 -0.012812
    27 3.471079 0.213264 -0.574066 0.197841 0.103922 -1.056897
    28 1.897533 -0.000002 0.000000 -0.051937 -0.088263 -1.080741
    29 1.014454 0.000002 0.000000 0.002346 0.009693 0.056304
    30 3.750082 0.114767 0.430058 0.187201 0.067923 -1.244533
    31 2.258186 0.000000 0.000000 -0.042022 -0.053930 -0.856641
    32 1.210384 0.000001 0.000000 0.001810 0.011981 0.157202
    33 3.868294 -0.166636 1.490141 0.180581 0.034246 -1.190451
    34 1.786068 0.000000 0.000000 0.051300 0.063943 -1.015925
    35 1.044434 -0.000002 0.000000 0.001325 0.038484 0.095729
    36 1.121473 -1.351564 1.030998 1.138475 -0.607693 0.231095
    37 1.928116 0.000000 0.000000 -0.090105 -0.188036 -0.457011
    38 1.285145 -0.000001 0.000000 -0.000005 -0.040574 -1.047036
    39 19.263105 0.000000 0.000000 0.000000 0.000000 1.025733
    40 17.589100 0.000000 0.000000 -0.330731 0.077885 -0.802233
    41 6.240662 0.000000 0.000000 0.020442 -0.027675 -0.446107
    42 5.884350 0.000000 0.000004 -0.126310 0.000000 0.000000
    43 11.768705 0.000000 0.000000 -0.238428 0.000000 0.000000
    44 11.679195 0.000000 0.000008 0.000000 0.000000 -0.161658
    45 3.147156 0.000065 1.551354 -0.201298 -0.143284 -0.649417
    46 1.585903 0.000000 0.000000 -0.011409 -0.016643 -1.331409
    47 0.849087 0.000000 0.000000 0.054379 0.175346 0.227690
    48 3.471100 0.211189 0.574833 -0.194213 -0.103888 -0.872699
    49 1.897533 0.000000 0.000000 0.051947 0.088323 -1.093272
    50 1.014446 0.000003 0.000000 -0.002359 -0.009725 0.111690
    51 3.750099 0.116322 -0.429641 -0.183614 -0.067994 -1.128857
    52 2.258183 0.000000 0.000000 0.042077 0.053977 -0.662652
    53 1.210392 0.000001 0.000000 -0.001842 -0.011976 0.162659
    54 3.868322 -0.161243 -1.490733 -0.177010 -0.034210 -1.024999
    55 1.786068 0.000002 0.000000 -0.051298 -0.063999 -0.749967
    56 1.044445 0.000000 0.000000 -0.001333 -0.038512 0.149883
    57 1.121502 -1.347836 -1.035880 -1.045302 0.582555 0.243500
    58 1.928122 0.000000 -0.000002 -0.000025 0.188108 -0.446082
    59 1.285141 0.000000 -0.000002 -0.000058 0.040588 -0.886387
    60 11.768703 0.000000 -0.000008 0.242666 0.000000 0.000000
    61 5.884356 0.000000 -0.000004 0.128617 0.000000 0.000000
    62 11.679195 0.000000 0.000000 0.000000 0.000000 -0.161657
    63 7.023272 -6.880002 4.339547 2.620672 -1.456011 -1.105365
    64 -28.140625 -13.585938 5.820313 2.754041 0.620598 1.585090
    65 0.000000 -0.000007 -0.000031 1.373047 0.113574 0.124314
    66 -0.000004 -0.000007 -0.000031 1.373047 0.113574 0.124314
    67 3.348999 -1.371000 0.725000 1.977842 -0.088017 1.557794
    68 2.856895 -1.536201 -0.973800 -1.501147 -0.272558 -1.578261
    69 -0.000004 0.000000 10.000000 0.000000 0.000000 0.000000
    70 0.018894 0.665159 9.395880 0.000000 0.000000 0.000000
    71 2.000008 -3.000000 0.000000 -1.570796 0.000000 -1.326450
    72 3.028210 -0.923410 -2.009452 1.574082 -0.012974 1.587243
    73 0.116953 4.311607 0.061859 0.000010 0.000000 0.000000
    74 -0.000002 0.000000 0.000001 0.000000 0.000000 0.000000
    75 0.000000 1.000000 0.000010 0.000000 0.000000 0.000000
    76 -0.000002 0.000000 0.000000 0.000000 0.000000 0.000000
    77 -0.000002 0.000000 0.000000 0.000000 0.000000 0.000000
    78 -0.000002 0.000000 0.000000 0.000000 0.000000 0.000000
time 116
    0 -6.433594 -7.117188 25.828125 1.758559 0.040394 0.801909
    1 0.000000 4.246162 -0.018825 1.549448 -0.088188 1.540001
    2 4.195629 0.000000 0.000000 -0.019826 -0.014626 -0.180709
    3 3.883152 0.000001 0.000000 -0.023813 0.021647 -0.045934
    4 5.985943 0.000002 0.000000 -0.002725 0.053642 0.445404
    5 4.268658 1.531896 -1.575000 1.061341 1.037416 -0.783895
    6 5.782729 0.000000 0.000001 2.964870 -0.146493 0.678308
    7 11.452759 0.000001 0.000000 0.000000 0.000000 -0.598047
    8 4.268658 1.531894 1.575000 -1.750691 -0.712762 0.104189
    9 5.782726 0.000004 0.000001 -3.074366 0.174341 0.675349
    10 11.452763 0.000001 0.000004 0.000000 0.000000 -0.364760
    11 10.945534 -0.000007 -0.000034 0.884812 -0.240196 0.118100
    12 10.945518 -0.000005 0.000015 -1.534986 -0.025278 0.351767
    13 -3.806942 0.000000 0.000000 -1.258941 -0.060884 -1.893631
    14 19.253841 0.000000 0.000000 0.000000 0.000000 0.025250
    15 6.694798 0.000000 0.000000 0.000000 0.000000 0.000000
    16 5.620499 0.000002 0.000000 2.805384 0.077080 -0.205102
    17 4.684906 0.000002 0.000000 -0.332490 0.026668 1.116372
    18 19.263098 0.000000 0.000000 0.000000 0.000000 0.368272
    19 17.589096 0.000000 0.000000 0.133111 -0.165961 -0.749158
    20 6.240662 0.000000 0.000000 -0.112098 0.023852 -0.373478
    21 3.806942 0.000000 0.000000 -2.250857 -0.561506 -1.169037
    22 6.694801 0.000000 0.000000 0.000000 0.000000 0.000000
    23 19.253845 0.000000 0.000000 0.000000 0.000000 0.025253
    24 3.147137 0.005680 -1.551346 0.204908 0.143273 -0.954241
    25 1.585903 0.000000 0.000000 0.011390 0.016585 -0.964682
    26 0.849087 0.000002 0.000000 -0.054430 -0.175364 -0.012812
    27 3.471079 0.213264 -0.574066 0.197841 0.103922 -1.056897
    28 1.897533 -0.000002 0.000000 -0.051937 -0.088263 -1.080741
    29 1.014454 0.000002 0.000000 0.002346 0.009693 0.056304
    30 3.750082 0.114767 0.430058 0.187201 0.067923 -1.244533
    31 2.258186 0.000000 0.000000 -0.042022 -0.053930 -0.856641
    32 1.210384 0.000001 0.000000 0.001810 0.011981 0.157202
    33 3.868294 -0.166636 1.490141 0.180581 0.034246 -1.190451
    34 1.786068 0.000000 0.000000 0.051300 0.063943 -1.015925
    35 1.044434 -0.000002 0.000000 0.001325 0.038484 0.095729
    36 1.121473 -1.351564 1.030998 1.138475 -0.607693 0.231095
    37 1.928116 0.000000 0.000000 -0.090105 -0.188036 -0.457011
    38 1.285145 -0.000001 0.000000 -0.000005 -0.040574 -1.047036
    39 19.263105 0.000000 0.000000 0.000000 0.000000 1.100140
    40 17.589100 0.000000 0.000000 -0.333854 0.104364 -0.798995
    41 6.240662 0.000000 0.000000 0.020429 -0.027729 -0.439028
    42 5.884350 0.000000 0.000004 -0.126310 0.000000 0.000000
    43 11.768705 0.000000 0.000000 -0.238428 0.000000 0.000000
    44 11.679195 0.000000 0.000008 0.000000 0.000000 -0.161658
    45 3.147156 0.000065 1.551354 -0.201298 -0.143284 -0.649417
    46 1.585903 0.000000 0.000000 -0.011409 -0.016643 -1.331409
    47 0.849087 0.000000 0.000000 0.054379 0.175346 0.227690
    48 3.471100 0.211189 0.574833 -0.194213 -0.103888 -0.872699
    49 1.897533 0.000000 0.000000 0.051947 0.088323 -1.093272
    50 1.014446 0.000003 0.000000 -0.002359 -0.009725 0.111690
    51 3.750099 0.116322 -0.429641 -0.183614 -0.067994 -1.128857
    52 2.258183 0.000000 0.000000 0.042077 0.053977 -0.662652
    53 1.210392 0.000001 0.000000 -0.001842 -0.011976 0.162659
    54 3.868322 -0.161243 -1.490733 -0.177010 -0.034210 -1.024999
    55 1.786068 0.000002 0.000000 -0.051298 -0.063999 -0.749967
    56 1.044445 0.000000 0.000000 -0.001333 -0.038512 0.149883
    57 1.121502 -1.347836 -1.035880 -1.045302 0.582555 0.243500
    58 1.928122 0.000000 -0.000002 -0.000025 0.188108 -0.446082
    59 1.285141 0.000000 -0.000002 -0.000058 0.040588 -0.886387
    60 11.768703 0.000000 -0.000008 0.242666 0.000000 0.000000
    61 5.884356 0.000000 -0.000004 0.128617 0.000000 0.000000
    62 11.679195 0.000000 0.000000 0.000000 0.000000 -0.161657
    63 7.023272 -6.880002 4.339547 2.620672 -1.456011 -1.105365
    64 -28.484375 -11.710938 5.636719 2.770397 0.612618 1.601683
    65 0.000000 -0.000007 -0.000031 1.373047 0.113574 0.124314
    66 -0.000004 -0.000007 -0.000031 1.373047 0.113574 0.124314
    67 3.348999 -1.371000 0.725000 1.977842 -0.088017 1.557794
    68 2.856895 -1.536201 -0.973800 -1.501147 -0.272558 -1.578261
    69 -0.000004 0.000000 10.000000 0.000000 0.000000 0.000000
    70 0.018894 0.665159 9.395880 0.000000 0.000000 0.000000
    71 2.000008 -3.000000 0.000000 -1.570796 0.000000 -1.326450
    72 3.028210 -0.923410 -2.009452 1.574082 -0.012974 1.587243
    73 0.116953 4.311607 0.061859 0.000010 0.000000 0.000000
    74 -0.000002 0.000000 0.000001 0.000000 0.000000 0.000000
    75 0.000000 1.000000 0.000010 0.000000 0.000000 0.000000
    76 -0.000002 0.000000 0.000000 0.000000 0.000000 0.000000
    77 -0.000002 0.000000 0.000000 0.000000 0.000000 0.000000
    78 -0.000002 0.000000 0.000000 0.000000 0.000000 0.000000
time 117
    0 -6.332031 -7.121094 25.859375 1.761192 0.046552 0.774771
    1 0.000000 4.246162 -0.018825 1.550983 -0.091723 1.537641
    2 4.195629 0.000000 0.000000 -0.018405 -0.015091 -0.179414
    3 3.883152 0.000001 0.000000 -0.022794 0.025016 -0.047948
    4 5.985943 0.000002 0.000000 0.000368 0.058323 0.442242
    5 4.268658 1.531896 -1.575000 1.060298 1.037163 -0.785553
    6 5.782729 0.000000 0.000001 2.965653 -0.146710 0.676229
    7 11.452759 0.000001 0.000000 0.000000 0.000000 -0.593352
    8 4.268658 1.531894 1.575000 -1.761754 -0.723976 0.120404
    9 5.782726 0.000004 0.000001 -3.064856 0.197041 0.687666
    10 11.452763 0.000001 0.000004 0.000000 0.000000 -0.367921
    11 10.945534 -0.000007 -0.000034 0.892263 -0.237225 0.130052
    12 10.945518 -0.000005 0.000015 -1.524132 -0.024756 0.347960
    13 -3.806942 0.000000 0.000000 -1.252403 -0.042298 -1.919040
    14 19.253841 0.000000 0.000000 0.000000 0.000000 0.025250
    15 6.694798 0.000000 0.000000 0.000000 0.000000 0.000000
    16 5.620499 0.000002 0.000000 2.805051 0.074621 -0.208039
    17 4.684906 0.000002 0.000000 -0.332037 0.029489 1.120536
    18 19.263098 0.000000 0.000000 0.000000 0.000000 0.396498
    19 17.589096 0.000000 0.000000 0.147166 -0.132517 -0.752016
    20 6.240662 0.000000 0.000000 -0.112077 0.023857 -0.368552
    21 3.806942 0.000000 0.000000 -2.278530 -0.604855 -1.137419
    22 6.694801 0.000000 0.000000 0.000000 0.000000 0.000000
    23 19.253845 0.000000 0.000000 0.000000 0.000000 0.025253
    24 3.147137 0.005680 -1.551346 0.204908 0.143273 -0.954241
    25 1.585903 0.000000 0.000000 0.011390 0.016585 -0.964682
    26 0.849087 0.000002 0.000000 -0.054430 -0.175364 -0.012812
    27 3.471079 0.213264 -0.574066 0.197841 0.103922 -1.056897
    28 1.897533 -0.000002 0.000000 -0.051937 -0.088263 -1.080741
    29 1.014454 0.000002 0.000000 0.002346 0.009693 0.056304
    30 3.750082 0.114767 0.430058 0.187201 0.067923 -1.244533
    31 2.258186 0.000000 0.000000 -0.042022 -0.053930 -0.856641
    32 1.210384 0.000001 0.000000 0.001810 0.011981 0.157202
    33 3.868294 -0.166636 1.490141 0.180581 0.034246 -1.190451
    34 1.786068 0.000000 0.000000 0.051300 0.063943 -1.015925
    35 1.044434 -0.000002 0.000000 0.001325 0.038484 0.095729
    36 1.121473 -1.351564 1.030998 1.138475 -0.607693 0.231095
    37 1.928116 0.000000 0.000000 -0.090105 -0.188036 -0.457011
    38 1.285145 -0.000001 0.000000 -0.000005 -0.040574 -1.047036
    39 19.263105 0.000000 0.000000 0.000000 0.000000 1.166238
    40 17.589100 0.000000 0.000000 -0.327350 0.145248 -0.799365
    41 6.240662 0.000000 0.000000 0.020445 -0.027706 -0.429391
    42 5.884350 0.000000 0.000004 -0.126310 0.000000 0.000000
    43 11.768705 0.000000 0.000000 -0.238428 0.000000 0.000000
    44 11.679195 0.000000 0.000008 0.000000 0.000000 -0.161658
    45 3.147156 0.000065 1.551354 -0.201298 -0.143284 -0.649417
    46 1.585903 0.000000 0.000000 -0.011409 -0.016643 -1.331409
    47 0.849087 0.000000 0.000000 0.054379 0.175346 0.227690
    48 3.471100 0.211189 0.574833 -0.194213 -0.103888 -0.872699
    49 1.897533 0.000000 0.000000 0.051947 0.088323 -1.093272
    50 1.014446 0.000003 0.000000 -0.002359 -0.009725 0.111690
    51 3.750099 0.116322 -0.429641 -0.183614 -0.067994 -1.128857
    52 2.258183 0.000000 0.000000 0.042077 0.053977 -0.662652
    53 1.210392 0.000001 0.000000 -0.001842 -0.011976 0.162659
    54 3.868322 -0.161243 -1.490733 -0.177010 -0.034210 -1.024999
    55 1.786068 0.000002 0.000000 -0.051298 -0.063999 -0.749967
    56 1.044445 0.000000 0.000000 -0.001333 -0.038512 0.149883
    57 1.121502 -1.347836 -1.035880 -1.045302 0.582555 0.243500
    58 1.928122 0.000000 -0.000002 -0.000025 0.188108 -0.446082
    59 1.285141 0.000000 -0.000002 -0.000058 0.040588 -0.886387
    60 11.768703 0.000000 -0.000008 0.242666 0.000000 0.000000
    61 5.884356 0.000000 -0.000004 0.128617 0.000000 0.000000
    62 11.679195 0.000000 0.000000 0.000000 0.000000 -0.161657
    63 7.023272 -6.880002 4.339547 2.620672 -1.456011 -1.105365
    64 -28.781250 -10.257813 5.460938 2.789693 0.599195 1.619300
    65 0.000000 -0.000007 -0.000031 1.373047 0.113574 0.124314
    66 -0.000004 -0.000007 -0.000031 1.373047 0.113574 0.124314
    67 3.348999 -1.371000 0.725000 1.977842 -0.088017 1.557794
    68 2.856895 -1.536201 -0.973800 -1.501147 -0.272558 -1.578261
    69 -0.000004 0.000000 10.000000 0.000000 0.000000 0.000000
    70 0.018894 0.665159 9.395880 0.000000 0.000000 0.000000
    71 2.000008 -3.000000 0.000000 -1.570796 0.000000 -1.326450
    72 3.028210 -0.923410 -2.009452 1.574082 -0.012974 1.587243
    73 0.116953 4.311607 0.061859 0.000010 0.000000 0.000000
    74 -0.000002 0.000000 0.000001 0.000000 0.000000 0.000000
    75 0.000000 1.000000 0.000010 0.000000 0.000000 0.000000
    76 -0.000002 0.000000 0.000000 0.000000 0.000000 0.000000
    77 -0.000002 0.000000 0.000000 0.000000 0.000000 0.000000
    78 -0.000002 0.000000 0.000000 0.000000 0.000000 0.000000
time 118
    0 -6.175781 -7.140625 25.875000 1.762321 0.052662 0.737622
    1 0.000000 4.246162 -0.018825 1.553203 -0.093828 1.534150
    2 4.195629 0.000000 0.000000 -0.015988 -0.015995 -0.178817
    3 3.883152 0.000001 0.000000 -0.021006 0.028845 -0.049262
    4 5.985943 0.000002 0.000000 0.004522 0.063224 0.440815
    5 4.268658 1.531896 -1.575000 1.067909 1.038392 -0.775195
    6 5.782729 0.000000 0.000001 2.963033 -0.152315 0.672556
    7 11.452759 0.000001 0.000000 0.000000 0.000000 -0.589471
    8 4.268658 1.531894 1.575000 -1.774530 -0.741276 0.140521
    9 5.782726 0.000004 0.000001 -3.054332 0.222459 0.706815
    10 11.452763 0.000001 0.000004 0.000000 0.000000 -0.368624
    11 10.945534 -0.000007 -0.000034 0.902742 -0.234332 0.141788
    12 10.945518 -0.000005 0.000015 -1.510085 -0.024604 0.341595
    13 -3.806942 0.000000 0.000000 -1.245464 -0.026631 -1.946146
    14 19.253841 0.000000 0.000000 0.000000 0.000000 0.025250
    15 6.694798 0.000000 0.000000 0.000000 0.000000 0.000000
    16 5.620499 0.000002 0.000000 2.801897 0.070203 -0.213604
    17 4.684906 0.000002 0.000000 -0.332850 0.034999 1.126578
    18 19.263098 0.000000 0.000000 0.000000 0.000000 0.419241
    19 17.589096 0.000000 0.000000 0.147699 -0.122630 -0.753136
    20 6.240662 0.000000 0.000000 -0.112059 0.023815 -0.375939
    21 3.806942 0.000000 0.000000 -2.305494 -0.641400 -1.105054
    22 6.694801 0.000000 0.000000 0.000000 0.000000 0.000000
    23 19.253845 0.000000 0.000000 0.000000 0.000000 0.025253
    24 3.147137 0.005680 -1.551346 0.204908 0.143273 -0.954241
    25 1.585903 0.000000 0.000000 0.011390 0.016585 -0.964682
    26 0.849087 0.000002 0.000000 -0.054430 -0.175364 -0.012812
    27 3.471079 0.213264 -0.574066 0.197841 0.103922 -1.056897
    28 1.897533 -0.000002 0.000000 -0.051937 -0.088263 -1.080741
    29 1.014454 0.000002 0.000000 0.002346 0.009693 0.056304
    30 3.750082 0.114767 0.430058 0.187201 0.067923 -1.244533
    31 2.258186 0.000000 0.000000 -0.042022 -0.053930 -0.856641
    32 1.210384 0.000001 0.000000 0.001810 0.011981 0.157202
    33 3.868294 -0.166636 1.490141 0.180581 0.034246 -1.190451
    34 1.786068 0.000000 0.000000 0.051300 0.063943 -1.015925
    35 1.044434 -0.000002 0.000000 0.001325 0.038484 0.095729
    36 1.121473 -1.351564 1.030998 1.138475 -0.607693 0.231095
    37 1.928116 0.000000 0.000000 -0.090105 -0.188036 -0.457011
    38 1.285145 -0.000001 0.000000 -0.000005 -0.040574 -1.047036
    39 19.263105 0.000000 0.000000 0.000000 0.000000 1.222508
    40 17.589100 0.000000 0.000000 -0.305305 0.190815 -0.806872
    41 6.240662 0.000000 0.000000 0.020401 -0.027738 -0.426210
    42 5.884350 0.000000 0.000004 -0.126310 0.000000 0.000000
    43 11.768705 0.000000 0.000000 -0.238428 0.000000 0.000000
    44 11.679195 0.000000 0.000008 0.000000 0.000000 -0.161658
    45 3.147156 0.000065 1.551354 -0.201298 -0.143284 -0.649417
    46 1.585903 0.000000 0.000000 -0.011409 -0.016643 -1.331409
    47 0.849087 0.000000 0.000000 0.054379 0.175346 0.227690
    48 3.471100 0.211189 0.574833 -0.194213 -0.103888 -0.872699
    49 1.897533 0.000000 0.000000 0.051947 0.088323 -1.093272
    50 1.014446 0.000003 0.000000 -0.002359 -0.009725 0.111690
    51 3.750099 0.116322 -0.429641 -0.183614 -0.067994 -1.128857
    52 2.258183 0.000000 0.000000 0.042077 0.053977 -0.662652
    53 1.210392 0.000001 0.000000 -0.001842 -0.011976 0.162659
    54 3.868322 -0.161243 -1.490733 -0.177010 -0.034210 -1.024999
    55 1.786068 0.000002 0.000000 -0.051298 -0.063999 -0.749967
    56 1.044445 0.000000 0.000000 -0.001333 -0.038512 0.149883
    57 1.121502 -1.347836 -1.035880 -1.045302 0.582555 0.243500
    58 1.928122 0.000000 -0.000002 -0.000025 0.188108 -0.446082
    59 1.285141 0.000000 -0.000002 -0.000058 0.040588 -0.886387
    60 11.768703 0.000000 -0.000008 0.242666 0.000000 0.000000
    61 5.884356 0.000000 -0.000004 0.128617 0.000000 0.000000
    62 11.679195 0.000000 0.000000 0.000000 0.000000 -0.161657
    63 7.023272 -6.880002 4.339547 2.620672 -1.456011 -1.105365
    64 -28.953125 -9.195313 5.347656 2.811671 0.580583 1.637087
    65 0.000000 -0.000007 -0.000031 1.373047 0.113574 0.124314
    66 -0.000004 -0.000007 -0.000031 1.373047 0.113574 0.124314
    67 3.348999 -1.371000 0.725000 1.977842 -0.088017 1.557794
    68 2.856895 -1.536201 -0.973800 -1.501147 -0.272558 -1.578261
    69 -0.000004 0.000000 10.000000 0.000000 0.000000 0.000000
    70 0.018894 0.665159 9.395880 0.000000 0.000000 0.000000
    71 2.000008 -3.000000 0.000000 -1.570796 0.000000 -1.326450
    72 3.028210 -0.923410 -2.009452 1.574082 -0.012974 1.587243
    73 0.116953 4.311607 0.061859 0.000010 0.000000 0.000000
    74 -0.000002 0.000000 0.000001 0.000000 0.000000 0.000000
    75 0.000000 1.000000 0.000010 0.000000 0.000000 0.000000
    76 -0.000002 0.000000 0.000000 0.000000 0.000000 0.000000
    77 -0.000002 0.000000 0.000000 0.000000 0.000000 0.000000
    78 -0.000002 0.000000 0.000000 0.000000 0.000000 0.000000
time 119
    0 -5.980469 -7.207031 25.906250 1.761465 0.058716 0.691826
    1 0.000000 4.246162 -0.018825 1.556290 -0.094158 1.529338
    2 4.195629 0.000000 0.000000 -0.012809 -0.017617 -0.178831
    3 3.883152 0.000001 0.000000 -0.018334 0.032625 -0.049173
    4 5.985943 0.000002 0.000000 0.009571 0.067763 0.442185
    5 4.268658 1.531896 -1.575000 1.073708 1.044457 -0.769845
    6 5.782729 0.000000 0.000001 2.954801 -0.155303 0.676747
    7 11.452759 0.000001 0.000000 0.000000 0.000000 -0.580816
    8 4.268658 1.531894 1.575000 -1.793804 -0.761508 0.163225
    9 5.782726 0.000004 0.000001 -3.038202 0.247321 0.731977
    10 11.452763 0.000001 0.000004 0.000000 0.000000 -0.367219
    11 10.945534 -0.000007 -0.000034 0.915530 -0.229716 0.150768
    12 10.945518 -0.000005 0.000015 -1.491410 -0.025243 0.333025
    13 -3.806942 0.000000 0.000000 -1.238346 -0.013089 -1.973847
    14 19.253841 0.000000 0.000000 0.000000 0.000000 0.025250
    15 6.694798 0.000000 0.000000 0.000000 0.000000 0.000000
    16 5.620499 0.000002 0.000000 2.799188 0.066108 -0.222103
    17 4.684906 0.000002 0.000000 -0.333746 0.040113 1.135727
    18 19.263098 0.000000 0.000000 0.000000 0.000000 0.435937
    19 17.589096 0.000000 0.000000 0.137411 -0.126764 -0.752881
    20 6.240662 0.000000 0.000000 -0.112035 0.023854 -0.390031
    21 3.806942 0.000000 0.000000 -2.338887 -0.667703 -1.069090
    22 6.694801 0.000000 0.000000 0.000000 0.000000 0.000000
    23 19.253845 0.000000 0.000000 0.000000 0.000000 0.025253
    24 3.147137 0.005680 -1.551346 0.204908 0.143273 -0.954241
    25 1.585903 0.000000 0.000000 0.011390 0.016585 -0.964682
    26 0.849087 0.000002 0.000000 -0.054430 -0.175364 -0.012812
    27 3.471079 0.213264 -0.574066 0.197841 0.103922 -1.056897
    28 1.897533 -0.000002 0.000000 -0.051937 -0.088263 -1.080741
    29 1.014454 0.000002 0.000000 0.002346 0.009693 0.056304
    30 3.750082 0.114767 0.430058 0.187201 0.067923 -1.244533
    31 2.258186 0.000000 0.000000 -0.042022 -0.053930 -0.856641
    32 1.210384 0.000001 0.000000 0.001810 0.011981 0.157202
    33 3.868294 -0.166636 1.490141 0.180581 0.034246 -1.190451
    34 1.786068 0.000000 0.000000 0.051300 0.063943 -1.015925
    35 1.044434 -0.000002 0.000000 0.001325 0.038484 0.095729
    36 1.121473 -1.351564 1.030998 1.138475 -0.607693 0.231095
    37 1.928116 0.000000 0.000000 -0.090105 -0.188036 -0.457011
    38 1.285145 -0.000001 0.000000 -0.000005 -0.040574 -1.047036
    39 19.263105 0.000000 0.000000 0.000000 0.000000 1.268849
    40 17.589100 0.000000 0.000000 -0.265274 0.220065 -0.814787
    41 6.240662 0.000000 0.000000 0.020401 -0.027684 -0.421440
    42 5.884350 0.000000 0.000004 -0.126310 0.000000 0.000000
    43 11.768705 0.000000 0.000000 -0.238428 0.000000 0.000000
    44 11.679195 0.000000 0.000008 0.000000 0.000000 -0.161658
    45 3.147156 0.000065 1.551354 -0.201298 -0.143284 -0.649417
    46 1.585903 0.000000 0.000000 -0.011409 -0.016643 -1.331409
    47 0.849087 0.000000 0.000000 0.054379 0.175346 0.227690
    48 3.471100 0.211189 0.574833 -0.194213 -0.103888 -0.872699
    49 1.897533 0.000000 0.000000 0.051947 0.088323 -1.093272
    50 1.014446 0.000003 0.000000 -0.002359 -0.009725 0.111690
    51 3.750099 0.116322 -0.429641 -0.183614 -0.067994 -1.128857
    52 2.258183 0.000000 0.000000 0.042077 0.053977 -0.662652
    53 1.210392 0.000001 0.000000 -0.001842 -0.011976 0.162659
    54 3.868322 -0.161243 -1.490733 -0.177010 -0.034210 -1.024999
    55 1.786068 0.000002 0.000000 -0.051298 -0.063999 -0.749967
    56 1.044445 0.000000 0.000000 -0.001333 -0.038512 0.149883
    57 1.121502 -1.347836 -1.035880 -1.045302 0.582555 0.243500
    58 1.928122 0.000000 -0.000002 -0.000025 0.188108 -0.446082
    59 1.285141 0.000000 -0.000002 -0.000058 0.040588 -0.886387
    60 11.768703 0.000000 -0.000008 0.242666 0.000000 0.000000
    61 5.884356 0.000000 -0.000004 0.128617 0.000000 0.000000
    62 11.679195 0.000000 0.000000 0.000000 0.000000 -0.161657
    63 7.023272 -6.880002 4.339547 2.620672 -1.456011 -1.105365
    64 -28.968750 -8.523438 5.335938 2.836036 0.558134 1.654415
    65 0.000000 -0.000007 -0.000031 1.373047 0.113574 0.124314
    66 -0.000004 -0.000007 -0.000031 1.373047 0.113574 0.124314
    67 3.348999 -1.371000 0.725000 1.977842 -0.088017 1.557794
    68 2.856895 -1.536201 -0.973800 -1.501147 -0.272558 -1.578261
    69 -0.000004 0.000000 10.000000 0.000000 0.000000 0.000000
    70 0.018894 0.665159 9.395880 0.000000 0.000000 0.000000
    71 2.000008 -3.000000 0.000000 -1.570796 0.000000 -1.326450
    72 3.028210 -0.923410 -2.009452 1.574082 -0.012974 1.587243
    73 0.116953 4.311607 0.061859 0.000010 0.000000 0.000000
    74 -0.000002 0.000000 0.000001 0.000000 0.000000 0.000000
    75 0.000000 1.000000 0.000010 0.000000 0.000000 0.000000
    76 -0.000002 0.000000 0.000000 0.000000 0.000000 0.000000
    77 -0.000002 0.000000 0.000000 0.000000 0.000000 0.000000
    78 -0.000002 0.000000 0.000000 0.000000 0.000000 0.000000
time 120
    0 -5.757813 -7.316406 25.906250 1.757243 0.065963 0.637942
    1 0.000000 4.246162 -0.018825 1.560163 -0.094031 1.524306
    2 4.195629 0.000000 0.000000 -0.008768 -0.019162 -0.179033
    3 3.883152 0.000001 0.000000 -0.014967 0.036685 -0.048459
    4 5.985943 0.000002 0.000000 0.015444 0.072288 0.444145
    5 4.268658 1.531896 -1.575000 1.083365 1.052105 -0.760629
    6 5.782729 0.000000 0.000001 2.945890 -0.156294 0.683294
    7 11.452759 0.000001 0.000000 0.000000 0.000000 -0.572352
    8 4.268658 1.531894 1.575000 -1.818306 -0.781670 0.187354
    9 5.782726 0.000004 0.000001 -3.021934 0.267318 0.755772
    10 11.452763 0.000001 0.000004 0.000000 0.000000 -0.366341
    11 10.945534 -0.000007 -0.000034 0.932347 -0.224937 0.157215
    12 10.945518 -0.000005 0.000015 -1.469659 -0.027514 0.324192
    13 -3.806942 0.000000 0.000000 -1.228877 -0.001086 -2.001267
    14 19.253841 0.000000 0.000000 0.000000 0.000000 0.025250
    15 6.694798 0.000000 0.000000 0.000000 0.000000 0.000000
    16 5.620499 0.000002 0.000000 2.796889 0.061986 -0.228281
    17 4.684906 0.000002 0.000000 -0.334086 0.045031 1.142184
    18 19.263098 0.000000 0.000000 0.000000 0.000000 0.447616
    19 17.589096 0.000000 0.000000 0.120626 -0.144891 -0.756693
    20 6.240662 0.000000 0.000000 -0.112081 0.023863 -0.399555
    21 3.806942 0.000000 0.000000 -2.380966 -0.677775 -1.027182
    22 6.694801 0.000000 0.000000 0.000000 0.000000 0.000000
    23 19.253845 0.000000 0.000000 0.000000 0.000000 0.025253
    24 3.147137 0.005680 -1.551346 0.204908 0.143273 -0.954241
    25 1.585903 0.000000 0.000000 0.011390 0.016585 -0.964682
    26 0.849087 0.000002 0.000000 -0.054430 -0.175364 -0.012812
    27 3.471079 0.213264 -0.574066 0.197841 0.103922 -1.056897
    28 1.897533 -0.000002 0.000000 -0.051937 -0.088263 -1.080741
    29 1.014454 0.000002 0.000000 0.002346 0.009693 0.056304
    30 3.750082 0.114767 0.430058 0.187201 0.067923 -1.244533
    31 2.258186 0.000000 0.000000 -0.042022 -0.053930 -0.856641
    32 1.210384 0.000001 0.000000 0.001810 0.011981 0.157202
    33 3.868294 -0.166636 1.490141 0.180581 0.034246 -1.190451
    34 1.786068 0.000000 0.000000 0.051300 0.063943 -1.015925
    35 1.044434 -0.000002 0.000000 0.001325 0.038484 0.095729
    36 1.121473 -1.351564 1.030998 1.138475 -0.607693 0.231095
    37 1.928116 0.000000 0.000000 -0.090105 -0.188036 -0.457011
    38 1.285145 -0.000001 0.000000 -0.000005 -0.040574 -1.047036
    39 19.263105 0.000000 0.000000 0.000000 0.000000 1.305106
    40 17.589100 0.000000 0.000000 -0.250985 0.238113 -0.821840
    41 6.240662 0.000000 0.000000 0.020424 -0.027667 -0.423118
    42 5.884350 0.000000 0.000004 -0.126310 0.000000 0.000000
    43 11.768705 0.000000 0.000000 -0.238428 0.000000 0.000000
    44 11.679195 0.000000 0.000008 0.000000 0.000000 -0.161658
    45 3.147156 0.000065 1.551354 -0.201298 -0.143284 -0.649417
    46 1.585903 0.000000 0.000000 -0.011409 -0.016643 -1.331409
    47 0.849087 0.000000 0.000000 0.054379 0.175346 0.227690
    48 3.471100 0.211189 0.574833 -0.194213 -0.103888 -0.872699
    49 1.897533 0.000000 0.000000 0.051947 0.088323 -1.093272
    50 1.014446 0.000003 0.000000 -0.002359 -0.009725 0.111690
    51 3.750099 0.116322 -0.429641 -0.183614 -0.067994 -1.128857
    52 2.258183 0.000000 0.000000 0.042077 0.053977 -0.662652
    53 1.210392 0.000001 0.000000 -0.001842 -0.011976 0.162659
    54 3.868322 -0.161243 -1.490733 -0.177010 -0.034210 -1.024999
    55 1.786068 0.000002 0.000000 -0.051298 -0.063999 -0.749967
    56 1.044445 0.000000 0.000000 -0.001333 -0.038512 0.149883
    57 1.121502 -1.347836 -1.035880 -1.045302 0.582555 0.243500
    58 1.928122 0.000000 -0.000002 -0.000025 0.188108 -0.446082
    59 1.285141 0.000000 -0.000002 -0.000058 0.040588 -0.886387
    60 11.768703 0.000000 -0.000008 0.242666 0.000000 0.000000
    61 5.884356 0.000000 -0.000004 0.128617 0.000000 0.000000
    62 11.679195 0.000000 0.000000 0.000000 0.000000 -0.161657
    63 7.023272 -6.880002 4.339547 2.620672 -1.456011 -1.105365
    64 -28.859375 -8.242188 5.429688 2.861110 0.527755 1.670125
    65 0.000000 -0.000007 -0.000031 1.373047 0.113574 0.124314
    66 -0.000004 -0.000007 -0.000031 1.373047 0.113574 0.124314
    67 3.348999 -1.371000 0.725000 1.977842 -0.088017 1.557794
    68 2.856895 -1.536201 -0.973800 -1.501147 -0.272558 -1.578261
    69 -0.000004 0.000000 10.000000 0.000000 0.000000 0.000000
    70 0.018894 0.665159 9.395880 0.000000 0.000000 0.000000
    71 2.000008 -3.000000 0.000000 -1.570796 0.000000 -1.326450
    72 3.028210 -0.923410 -2.009452 1.574082 -0.012974 1.587243
    73 0.116953 4.311607 0.061859 0.000010 0.000000 0.000000
    74 -0.000002 0.000000 0.000001 0.000000 0.000000 0.000000
    75 0.000000 1.000000 0.000010 0.000000 0.000000 0.000000
    76 -0.000002 0.000000 0.000000 0.000000 0.000000 0.000000
    77 -0.000002 0.000000 0.000000 0.000000 0.000000 0.000000
    78 -0.000002 0.000000 0.000000 0.000000 0.000000 0.000000
time 121
    0 -5.511719 -7.421875 25.937500 1.750175 0.071320 0.577851
    1 0.000000 4.246162 -0.018825 1.565744 -0.095135 1.518423
    2 4.195629 0.000000 0.000000 -0.003148 -0.020997 -0.178564
    3 3.883152 0.000001 0.000000 -0.010212 0.041124 -0.047186
    4 5.985943 0.000002 0.000000 0.022948 0.076789 0.446825
    5 4.268658 1.531896 -1.575000 1.077682 1.057898 -0.770360
    6 5.782729 0.000000 0.000001 2.951254 -0.147304 0.694492
    7 11.452759 0.000001 0.000000 0.000000 0.000000 -0.564168
    8 4.268658 1.531894 1.575000 -1.849898 -0.798629 0.209872
    9 5.782726 0.000004 0.000001 -3.007553 0.282867 0.771594
    10 11.452763 0.000001 0.000004 0.000000 0.000000 -0.374333
    11 10.945534 -0.000007 -0.000034 0.952541 -0.224196 0.169217
    12 10.945518 -0.000005 0.000015 -1.451918 -0.027434 0.315811
    13 -3.806942 0.000000 0.000000 -1.210789 0.006020 -2.031374
    14 19.253841 0.000000 0.000000 0.000000 0.000000 0.025250
    15 6.694798 0.000000 0.000000 0.000000 0.000000 0.000000
    16 5.620499 0.000002 0.000000 2.793658 0.058729 -0.238980
    17 4.684906 0.000002 0.000000 -0.335792 0.050418 1.151325
    18 19.263098 0.000000 0.000000 0.000000 0.000000 0.459665
    19 17.589096 0.000000 0.000000 0.106397 -0.160185 -0.762584
    20 6.240662 0.000000 0.000000 -0.112093 0.023859 -0.396292
    21 3.806942 0.000000 0.000000 -2.420013 -0.669663 -0.990916
    22 6.694801 0.000000 0.000000 0.000000 0.000000 0.000000
    23 19.253845 0.000000 0.000000 0.000000 0.000000 0.025253
    24 3.147137 0.005680 -1.551346 0.204908 0.143273 -0.954241
    25 1.585903 0.000000 0.000000 0.011390 0.016585 -0.964682
    26 0.849087 0.000002 0.000000 -0.054430 -0.175364 -0.012812
    27 3.471079 0.213264 -0.574066 0.197841 0.103922 -1.056897
    28 1.897533 -0.000002 0.000000 -0.051937 -0.088263 -1.080741
    29 1.014454 0.000002 0.000000 0.002346 0.009693 0.056304
    30 3.750082 0.114767 0.430058 0.187201 0.067923 -1.244533
    31 2.258186 0.000000 0.000000 -0.042022 -0.053930 -0.856641
    32 1.210384 0.000001 0.000000 0.001810 0.011981 0.157202
    33 3.868294 -0.166636 1.490141 0.180581 0.034246 -1.190451
    34 1.786068 0.000000 0.000000 0.051300 0.063943 -1.015925
    35 1.044434 -0.000002 0.000000 0.001325 0.038484 0.095729
    36 1.121473 -1.351564 1.030998 1.138475 -0.607693 0.231095
    37 1.928116 0.000000 0.000000 -0.090105 -0.188036 -0.457011
    38 1.285145 -0.000001 0.000000 -0.000005 -0.040574 -1.047036
    39 19.263105 0.000000 0.000000 0.000000 0.000000 1.319269
    40 17.589100 0.000000 0.000000 -0.270449 0.259913 -0.823775
    41 6.240662 0.000000 0.000000 0.020395 -0.027699 -0.431864
    42 5.884350 0.000000 0.000004 -0.126310 0.000000 0.000000
    43 11.768705 0.000000 0.000000 -0.238428 0.000000 0.000000
    44 11.679195 0.000000 0.000008 0.000000 0.000000 -0.161658
    45 3.147156 0.000065 1.551354 -0.201298 -0.143284 -0.649417
    46 1.585903 0.000000 0.000000 -0.011409 -0.016643 -1.331409
    47 0.849087 0.000000 0.000000 0.054379 0.175346 0.227690
    48 3.471100 0.211189 0.574833 -0.194213 -0.103888 -0.872699
    49 1.897533 0.000000 0.000000 0.051947 0.088323 -1.093272
    50 1.014446 0.000003 0.000000 -0.002359 -0.009725 0.111690
    51 3.750099 0.116322 -0.429641 -0.183614 -0.067994 -1.128857
    52 2.258183 0.000000 0.000000 0.042077 0.053977 -0.662652
    53 1.210392 0.000001 0.000000 -0.001842 -0.011976 0.162659
    54 3.868322 -0.161243 -1.490733 -0.177010 -0.034210 -1.024999
    55 1.786068 0.000002 0.000000 -0.051298 -0.063999 -0.749967
    56 1.044445 0.000000 0.000000 -0.001333 -0.038512 0.149883
    57 1.121502 -1.347836 -1.035880 -1.045302 0.582555 0.243500
    58 1.928122 0.000000 -0.000002 -0.000025 0.188108 -0.446082
    59 1.285141 0.000000 -0.000002 -0.000058 0.040588 -0.886387
    60 11.768703 0.000000 -0.000008 0.242666 0.000000 0.000000
    61 5.884356 0.000000 -0.000004 0.128617 0.000000 0.000000
    62 11.679195 0.000000 0.000000 0.000000 0.000000 -0.161657
    63 7.023272 -6.880002 4.339547 2.620672 -1.456011 -1.105365
    64 -28.578125 -8.507813 5.691406 2.885960 0.492407 1.688670
    65 0.000000 -0.000007 -0.000031 1.373047 0.113574 0.124314
    66 -0.000004 -0.000007 -0.000031 1.373047 0.113574 0.124314
    67 3.348999 -1.371000 0.725000 1.977842 -0.088017 1.557794
    68 2.856895 -1.536201 -0.973800 -1.501147 -0.272558 -1.578261
    69 -0.000004 0.000000 10.000000 0.000000 0.000000 0.000000
    70 0.018894 0.665159 9.395880 0.000000 0.000000 0.000000
    71 2.000008 -3.000000 0.000000 -1.570796 0.000000 -1.326450
    72 3.028210 -0.923410 -2.009452 1.574082 -0.012974 1.587243
    73 0.116953 4.311607 0.061859 0.000010 0.000000 0.000000
    74 -0.000002 0.000000 0.000001 0.000000 0.000000 0.000000
    75 0.000000 1.000000 0.000010 0.000000 0.000000 0.000000
    76 -0.000002 0.000000 0.000000 0.000000 0.000000 0.000000
    77 -0.000002 0.000000 0.000000 0.000000 0.000000 0.000000
    78 -0.000002 0.000000 0.000000 0.000000 0.000000 0.000000
time 122
    0 -5.214844 -7.523438 25.953125 1.741435 0.077589 0.512100
    1 0.000000 4.246162 -0.018825 1.571870 -0.098005 1.516740
    2 4.195629 0.000000 0.000000 0.003031 -0.020531 -0.176634
    3 3.883152 0.000001 0.000000 -0.003912 0.044121 -0.048100
    4 5.985943 0.000002 0.000000 0.029927 0.077433 0.445003
    5 4.268658 1.531896 -1.575000 1.067153 1.061673 -0.782830
    6 5.782729 0.000000 0.000001 2.968990 -0.130601 0.704207
    7 11.452759 0.000001 0.000000 0.000000 0.000000 -0.561562
    8 4.268658 1.531894 1.575000 -1.883872 -0.815830 0.231344
    9 5.782726 0.000004 0.000001 -2.996289 0.290477 0.781944
    10 11.452763 0.000001 0.000004 0.000000 0.000000 -0.391128
    11 10.945534 -0.000007 -0.000034 0.977442 -0.225953 0.185353
    12 10.945518 -0.000005 0.000015 -1.436596 -0.024128 0.310457
    13 -3.806942 0.000000 0.000000 -1.180172 0.003864 -2.062141
    14 19.253841 0.000000 0.000000 0.000000 0.000000 0.025250
    15 6.694798 0.000000 0.000000 0.000000 0.000000 0.000000
    16 5.620499 0.000002 0.000000 2.790836 0.055885 -0.247881
    17 4.684906 0.000002 0.000000 -0.337025 0.054116 1.159567
    18 19.263098 0.000000 0.000000 0.000000 0.000000 0.479103
    19 17.589096 0.000000 0.000000 0.105933 -0.163691 -0.769651
    20 6.240662 0.000000 0.000000 -0.112036 0.023849 -0.390119
    21 3.806942 0.000000 0.000000 -2.453009 -0.642385 -0.963398
    22 6.694801 0.000000 0.000000 0.000000 0.000000 0.000000
    23 19.253845 0.000000 0.000000 0.000000 0.000000 0.025253
    24 3.147137 0.005680 -1.551346 0.204908 0.143273 -0.954241
    25 1.585903 0.000000 0.000000 0.011390 0.016585 -0.964682
    26 0.849087 0.000002 0.000000 -0.054430 -0.175364 -0.012812
    27 3.471079 0.213264 -0.574066 0.197841 0.103922 -1.056897
    28 1.897533 -0.000002 0.000000 -0.051937 -0.088263 -1.080741
    29 1.014454 0.000002 0.000000 0.002346 0.009693 0.056304
    30 3.750082 0.114767 0.430058 0.187201 0.067923 -1.244533
    31 2.258186 0.000000 0.000000 -0.042022 -0.053930 -0.856641
    32 1.210384 0.000001 0.000000 0.001810 0.011981 0.157202
    33 3.868294 -0.166636 1.490141 0.180581 0.034246 -1.190451
    34 1.786068 0.000000 0.000000 0.051300 0.063943 -1.015925
    35 1.044434 -0.000002 0.000000 0.001325 0.038484 0.095729
    36 1.121473 -1.351564 1.030998 1.138475 -0.607693 0.231095
    37 1.928116 0.000000 0.000000 -0.090105 -0.188036 -0.457011
    38 1.285145 -0.000001 0.000000 -0.000005 -0.040574 -1.047036
    39 19.263105 0.000000 0.000000 0.000000 0.000000 1.308259
    40 17.589100 0.000000 0.000000 -0.299963 0.272741 -0.817628
    41 6.240662 0.000000 0.000000 0.020381 -0.027709 -0.430892
    42 5.884350 0.000000 0.000004 -0.126310 0.000000 0.000000
    43 11.768705 0.000000 0.000000 -0.238428 0.000000 0.000000
    44 11.679195 0.000000 0.000008 0.000000 0.000000 -0.161658
    45 3.147156 0.000065 1.551354 -0.201298 -0.143284 -0.649417
    46 1.585903 0.000000 0.000000 -0.011409 -0.016643 -1.331409
    47 0.849087 0.000000 0.000000 0.054379 0.175346 0.227690
    48 3.471100 0.211189 0.574833 -0.194213 -0.103888 -0.872699
    49 1.897533 0.000000 0.000000 0.051947 0.088323 -1.093272
    50 1.014446 0.000003 0.000000 -0.002359 -0.009725 0.111690
    51 3.750099 0.116322 -0.429641 -0.183614 -0.067994 -1.128857
    52 2.258183 0.000000 0.000000 0.042077 0.053977 -0.662652
    53 1.210392 0.000001 0.000000 -0.001842 -0.011976 0.162659
    54 3.868322 -0.161243 -1.490733 -0.177010 -0.034210 -1.024999
    55 1.786068 0.000002 0.000000 -0.051298 -0.063999 -0.749967
    56 1.044445 0.000000 0.000000 -0.001333 -0.038512 0.149883
    57 1.121502 -1.347836 -1.035880 -1.045302 0.582555 0.243500
    58 1.928122 0.000000 -0.000002 -0.000025 0.188108 -0.446082
    59 1.285141 0.000000 -0.000002 -0.000058 0.040588 -0.886387
    60 11.768703 0.000000 -0.000008 0.242666 0.000000 0.000000
    61 5.884356 0.000000 -0.000004 0.128617 0.000000 0.000000
    62 11.679195 0.000000 0.000000 0.000000 0.000000 -0.161657
    63 7.023272 -6.880002 4.339547 2.620672 -1.456011 -1.105365
    64 -28.156250 -9.242188 6.089844 2.909593 0.452034 1.709723
    65 0.000000 -0.000007 -0.000031 1.373047 0.113574 0.124314
    66 -0.000004 -0.000007 -0.000031 1.373047 0.113574 0.124314
    67 3.348999 -1.371000 0.725000 1.977842 -0.088017 1.557794
    68 2.856895 -1.536201 -0.973800 -1.501147 -0.272558 -1.578261
    69 -0.000004 0.000000 10.000000 0.000000 0.000000 0.000000
    70 0.018894 0.665159 9.395880 0.000000 0.000000 0.000000
    71 2.000008 -3.000000 0.000000 -1.570796 0.000000 -1.326450
    72 3.028210 -0.923410 -2.009452 1.574082 -0.012974 1.587243
    73 0.116953 4.311607 0.061859 0.000010 0.000000 0.000000
    74 -0.000002 0.000000 0.000001 0.000000 0.000000 0.000000
    75 0.000000 1.000000 0.000010 0.000000 0.000000 0.000000
    76 -0.000002 0.000000 0.000000 0.000000 0.000000 0.000000
    77 -0.000002 0.000000 0.000000 0.000000 0.000000 0.000000
    78 -0.000002 0.000000 0.000000 0.000000 0.000000 0.000000
time 123
    0 -4.843750 -7.640625 25.953125 1.728274 0.083156 0.437351
    1 0.000000 4.246162 -0.018825 1.577553 -0.102552 1.516841
    2 4.195629 0.000000 0.000000 0.008585 -0.018922 -0.174171
    3 3.883152 0.000001 0.000000 0.001249 0.047270 -0.049454
    4 5.985943 0.000002 0.000000 0.036246 0.079054 0.441330
    5 4.268658 1.531896 -1.575000 1.075518 1.060479 -0.776451
    6 5.782729 0.000000 0.000001 3.000966 -0.105187 0.709747
    7 11.452759 0.000001 0.000000 0.000000 0.000000 -0.563360
    8 4.268658 1.531894 1.575000 -1.910322 -0.841791 0.239790
    9 5.782726 0.000004 0.000001 -2.996719 0.285138 0.782107
    10 11.452763 0.000001 0.000004 0.000000 0.000000 -0.420124
    11 10.945534 -0.000007 -0.000034 1.014009 -0.231413 0.210392
    12 10.945518 -0.000005 0.000015 -1.427026 -0.018313 0.306085
    13 -3.806942 0.000000 0.000000 -1.143000 -0.007368 -2.095477
    14 19.253841 0.000000 0.000000 0.000000 0.000000 0.025250
    15 6.694798 0.000000 0.000000 0.000000 0.000000 0.000000
    16 5.620499 0.000002 0.000000 2.792000 0.049920 -0.254524
    17 4.684906 0.000002 0.000000 -0.333296 0.058696 1.165924
    18 19.263098 0.000000 0.000000 0.000000 0.000000 0.507233
    19 17.589096 0.000000 0.000000 0.115014 -0.155154 -0.777590
    20 6.240662 0.000000 0.000000 -0.112018 0.023882 -0.392853
    21 3.806942 0.000000 0.000000 -2.470571 -0.592761 -0.953732
    22 6.694801 0.000000 0.000000 0.000000 0.000000 0.000000
    23 19.253845 0.000000 0.000000 0.000000 0.000000 0.025253
    24 3.147137 0.005680 -1.551346 0.204908 0.143273 -0.954241
    25 1.585903 0.000000 0.000000 0.011390 0.016585 -0.964682
    26 0.849087 0.000002 0.000000 -0.054430 -0.175364 -0.012812
    27 3.471079 0.213264 -0.574066 0.197841 0.103922 -1.056897
    28 1.897533 -0.000002 0.000000 -0.051937 -0.088263 -1.080741
    29 1.014454 0.000002 0.000000 0.002346 0.009693 0.056304
    30 3.750082 0.114767 0.430058 0.187201 0.067923 -1.244533
    31 2.258186 0.000000 0.000000 -0.042022 -0.053930 -0.856641
    32 1.210384 0.000001 0.000000 0.001810 0.011981 0.157202
    33 3.868294 -0.166636 1.490141 0.180581 0.034246 -1.190451
    34 1.786068 0.000000 0.000000 0.051300 0.063943 -1.015925
    35 1.044434 -0.000002 0.000000 0.001325 0.038484 0.095729
    36 1.121473 -1.351564 1.030998 1.138475 -0.607693 0.231095
    37 1.928116 0.000000 0.000000 -0.090105 -0.188036 -0.457011
    38 1.285145 -0.000001 0.000000 -0.000005 -0.040574 -1.047036
    39 19.263105 0.000000 0.000000 0.000000 0.000000 1.264779
    40 17.589100 0.000000 0.000000 -0.324543 0.286356 -0.799479
    41 6.240662 0.000000 0.000000 0.020410 -0.027669 -0.411204
    42 5.884350 0.000000 0.000004 -0.126310 0.000000 0.000000
    43 11.768705 0.000000 0.000000 -0.238428 0.000000 0.000000
    44 11.679195 0.000000 0.000008 0.000000 0.000000 -0.161658
    45 3.147156 0.000065 1.551354 -0.201298 -0.143284 -0.649417
    46 1.585903 0.000000 0.000000 -0.011409 -0.016643 -1.331409
    47 0.849087 0.000000 0.000000 0.054379 0.175346 0.227690
    48 3.471100 0.211189 0.574833 -0.194213 -0.103888 -0.872699
    49 1.897533 0.000000 0.000000 0.051947 0.088323 -1.093272
    50 1.014446 0.000003 0.000000 -0.002359 -0.009725 0.111690
    51 3.750099 0.116322 -0.429641 -0.183614 -0.067994 -1.128857
    52 2.258183 0.000000 0.000000 0.042077 0.053977 -0.662652
    53 1.210392 0.000001 0.000000 -0.001842 -0.011976 0.162659
    54 3.868322 -0.161243 -1.490733 -0.177010 -0.034210 -1.024999
    55 1.786068 0.000002 0.000000 -0.051298 -0.063999 -0.749967
    56 1.044445 0.000000 0.000000 -0.001333 -0.038512 0.149883
    57 1.121502 -1.347836 -1.035880 -1.045302 0.582555 0.243500
    58 1.928122 0.000000 -0.000002 -0.000025 0.188108 -0.446082
    59 1.285141 0.000000 -0.000002 -0.000058 0.040588 -0.886387
    60 11.768703 0.000000 -0.000008 0.242666 0.000000 0.000000
    61 5.884356 0.000000 -0.000004 0.128617 0.000000 0.000000
    62 11.679195 0.000000 0.000000 0.000000 0.000000 -0.161657
    63 7.023272 -6.880002 4.339547 2.620672 -1.456011 -1.105365
    64 -27.609375 -10.500000 6.582031 2.932649 0.399083 1.734877
    65 0.000000 -0.000007 -0.000031 1.373047 0.113574 0.124314
    66 -0.000004 -0.000007 -0.000031 1.373047 0.113574 0.124314
    67 3.348999 -1.371000 0.725000 1.977842 -0.088017 1.557794
    68 2.856895 -1.536201 -0.973800 -1.501147 -0.272558 -1.578261
    69 -0.000004 0.000000 10.000000 0.000000 0.000000 0.000000
    70 0.018894 0.665159 9.395880 0.000000 0.000000 0.000000
    71 2.000008 -3.000000 0.000000 -1.570796 0.000000 -1.326450
    72 3.028210 -0.923410 -2.009452 1.574082 -0.012974 1.587243
    73 0.116953 4.311607 0.061859 0.000010 0.000000 0.000000
    74 -0.000002 0.000000 0.000001 0.000000 0.000000 0.000000
    75 0.000000 1.000000 0.000010 0.000000 0.000000 0.000000
    76 -0.000002 0.000000 0.000000 0.000000 0.000000 0.000000
    77 -0.000002 0.000000 0.000000 0.000000 0.000000 0.000000
    78 -0.000002 0.000000 0.000000 0.000000 0.000000 0.000000
time 124
    0 -4.332031 -7.777344 25.937500 1.712070 0.088469 0.351426
    1 0.000000 4.246162 -0.018825 1.584947 -0.100973 1.515339
    2 4.195629 0.000000 0.000000 0.015486 -0.016587 -0.174047
    3 3.883152 0.000001 0.000000 0.007095 0.056210 -0.045662
    4 5.985943 0.000002 0.000000 0.047189 0.088033 0.448046
    5 4.268658 1.531896 -1.575000 1.089066 1.053664 -0.766339
    6 5.782729 0.000000 0.000001 3.045267 -0.076949 0.729073
    7 11.452759 0.000001 0.000000 0.000000 0.000000 -0.550610
    8 4.268658 1.531894 1.575000 -1.959227 -0.873251 0.265539
    9 5.782726 0.000004 0.000001 -3.004544 0.284626 0.778908
    10 11.452763 0.000001 0.000004 0.000000 0.000000 -0.454878
    11 10.945534 -0.000007 -0.000034 1.068813 -0.235799 0.240590
    12 10.945518 -0.000005 0.000015 -1.420959 -0.013389 0.288448
    13 -3.806942 0.000000 0.000000 -1.097151 -0.031162 -2.132542
    14 19.253841 0.000000 0.000000 0.000000 0.000000 0.025250
    15 6.694798 0.000000 0.000000 0.000000 0.000000 0.000000
    16 5.620499 0.000002 0.000000 2.796323 0.040135 -0.264158
    17 4.684906 0.000002 0.000000 -0.325176 0.067886 1.174591
    18 19.263098 0.000000 0.000000 0.000000 0.000000 0.545409
    19 17.589096 0.000000 0.000000 0.123881 -0.133546 -0.779886
    20 6.240662 0.000000 0.000000 -0.112056 0.023868 -0.394616
    21 3.806942 0.000000 0.000000 -2.474537 -0.520449 -0.964314
    22 6.694801 0.000000 0.000000 0.000000 0.000000 0.000000
    23 19.253845 0.000000 0.000000 0.000000 0.000000 0.025253
    24 3.147137 0.005680 -1.551346 0.204908 0.143273 -0.954241
    25 1.585903 0.000000 0.000000 0.011390 0.016585 -0.964682
    26 0.849087 0.000002 0.000000 -0.054430 -0.175364 -0.012812
    27 3.471079 0.213264 -0.574066 0.197841 0.103922 -1.056897
    28 1.897533 -0.000002 0.000000 -0.051937 -0.088263 -1.080741
    29 1.014454 0.000002 0.000000 0.002346 0.009693 0.056304
    30 3.750082 0.114767 0.430058 0.187201 0.067923 -1.244533
    31 2.258186 0.000000 0.000000 -0.042022 -0.053930 -0.856641
    32 1.210384 0.000001 0.000000 0.001810 0.011981 0.157202
    33 3.868294 -0.166636 1.490141 0.180581 0.034246 -1.190451
    34 1.786068 0.000000 0.000000 0.051300 0.063943 -1.015925
    35 1.044434 -0.000002 0.000000 0.001325 0.038484 0.095729
    36 1.121473 -1.351564 1.030998 1.138475 -0.607693 0.231095
    37 1.928116 0.000000 0.000000 -0.090105 -0.188036 -0.457011
    38 1.285145 -0.000001 0.000000 -0.000005 -0.040574 -1.047036
    39 19.263105 0.000000 0.000000 0.000000 0.000000 1.186264
    40 17.589100 0.000000 0.000000 -0.332001 0.315181 -0.770550
    41 6.240662 0.000000 0.000000 0.020396 -0.027732 -0.414998
    42 5.884350 0.000000 0.000004 -0.126310 0.000000 0.000000
    43 11.768705 0.000000 0.000000 -0.238428 0.000000 0.000000
    44 11.679195 0.000000 0.000008 0.000000 0.000000 -0.161658
    45 3.147156 0.000065 1.551354 -0.201298 -0.143284 -0.649417
    46 1.585903 0.000000 0.000000 -0.011409 -0.016643 -1.331409
    47 0.849087 0.000000 0.000000 0.054379 0.175346 0.227690
    48 3.471100 0.211189 0.574833 -0.194213 -0.103888 -0.872699
    49 1.897533 0.000000 0.000000 0.051947 0.088323 -1.093272
    50 1.014446 0.000003 0.000000 -0.002359 -0.009725 0.111690
    51 3.750099 0.116322 -0.429641 -0.183614 -0.067994 -1.128857
    52 2.258183 0.000000 0.000000 0.042077 0.053977 -0.662652
    53 1.210392 0.000001 0.000000 -0.001842 -0.011976 0.162659
    54 3.868322 -0.161243 -1.490733 -0.177010 -0.034210 -1.024999
    55 1.786068 0.000002 0.000000 -0.051298 -0.063999 -0.749967
    56 1.044445 0.000000 0.000000 -0.001333 -0.038512 0.149883
    57 1.121502 -1.347836 -1.035880 -1.045302 0.582555 0.243500
    58 1.928122 0.000000 -0.000002 -0.000025 0.188108 -0.446082
    59 1.285141 0.000000 -0.000002 -0.000058 0.040588 -0.886387
    60 11.768703 0.000000 -0.000008 0.242666 0.000000 0.000000
    61 5.884356 0.000000 -0.000004 0.128617 0.000000 0.000000
    62 11.679195 0.000000 0.000000 0.000000 0.000000 -0.161657
    63 7.023272 -6.880002 4.339547 2.620672 -1.456011 -1.105365
    64 -26.875000 -12.195313 7.203125 2.957524 0.326649 1.763217
    65 0.000000 -0.000007 -0.000031 1.373047 0.113574 0.124314
    66 -0.000004 -0.000007 -0.000031 1.373047 0.113574 0.124314
    67 3.348999 -1.371000 0.725000 1.977842 -0.088017 1.557794
    68 2.856895 -1.536201 -0.973800 -1.501147 -0.272558 -1.578261
    69 -0.000004 0.000000 10.000000 0.000000 0.000000 0.000000
    70 0.018894 0.665159 9.395880 0.000000 0.000000 0.000000
    71 2.000008 -3.000000 0.000000 -1.570796 0.000000 -1.326450
    72 3.028210 -0.923410 -2.009452 1.574082 -0.012974 1.587243
    73 0.116953 4.311607 0.061859 0.000010 0.000000 0.000000
    74 -0.000002 0.000000 0.000001 0.000000 0.000000 0.000000
    75 0.000000 1.000000 0.000010 0.000000 0.000000 0.000000
    76 -0.000002 0.000000 0.000000 0.000000 0.000000 0.000000
    77 -0.000002 0.000000 0.000000 0.000000 0.000000 0.000000
    78 -0.000002 0.000000 0.000000 0.000000 0.000000 0.000000
time 125
    0 -3.681641 -7.945313 25.921875 1.697154 0.092680 0.254954
    1 0.000000 4.246162 -0.018825 1.592923 -0.095483 1.516830
    2 4.195629 0.000000 0.000000 0.023152 -0.011907 -0.176313
    3 3.883152 0.000001 0.000000 0.013978 0.066706 -0.041947
    4 5.985943 0.000002 0.000000 0.059904 0.097604 0.455547
    5 4.268658 1.531896 -1.575000 1.091822 1.041839 -0.759169
    6 5.782729 0.000000 0.000001 3.100748 -0.046285 0.758306
    7 11.452759 0.000001 0.000000 0.000000 0.000000 -0.531081
    8 4.268658 1.531894 1.575000 -2.013100 -0.916799 0.299569
    9 5.782726 0.000004 0.000001 -3.048591 0.274713 0.775165
    10 11.452763 0.000001 0.000004 0.000000 0.000000 -0.495916
    11 10.945534 -0.000007 -0.000034 1.150407 -0.235996 0.266571
    12 10.945518 -0.000005 0.000015 -1.414536 -0.009198 0.261911
    13 -3.806942 0.000000 0.000000 -1.044053 -0.072367 -2.172002
    14 19.253841 0.000000 0.000000 0.000000 0.000000 0.025250
    15 6.694798 0.000000 0.000000 0.000000 0.000000 0.000000
    16 5.620499 0.000002 0.000000 2.800761 0.026264 -0.271624
    17 4.684906 0.000002 0.000000 -0.314678 0.078690 1.179857
    18 19.263098 0.000000 0.000000 0.000000 0.000000 0.590554
    19 17.589096 0.000000 0.000000 0.122987 -0.110931 -0.772427
    20 6.240662 0.000000 0.000000 -0.112056 0.023811 -0.387474
    21 3.806942 0.000000 0.000000 -2.467462 -0.434152 -0.997328
    22 6.694801 0.000000 0.000000 0.000000 0.000000 0.000000
    23 19.253845 0.000000 0.000000 0.000000 0.000000 0.025253
    24 3.147137 0.005680 -1.551346 0.204908 0.143273 -0.954241
    25 1.585903 0.000000 0.000000 0.011390 0.016585 -0.964682
    26 0.849087 0.000002 0.000000 -0.054430 -0.175364 -0.012812
    27 3.471079 0.213264 -0.574066 0.197841 0.103922 -1.056897
    28 1.897533 -0.000002 0.000000 -0.051937 -0.088263 -1.080741
    29 1.014454 0.000002 0.000000 0.002346 0.009693 0.056304
    30 3.750082 0.114767 0.430058 0.187201 0.067923 -1.244533
    31 2.258186 0.000000 0.000000 -0.042022 -0.053930 -0.856641
    32 1.210384 0.000001 0.000000 0.001810 0.011981 0.157202
    33 3.868294 -0.166636 1.490141 0.180581 0.034246 -1.190451
    34 1.786068 0.000000 0.000000 0.051300 0.063943 -1.015925
    35 1.044434 -0.000002 0.000000 0.001325 0.038484 0.095729
    36 1.121473 -1.351564 1.030998 1.138475 -0.607693 0.231095
    37 1.928116 0.000000 0.000000 -0.090105 -0.188036 -0.457011
    38 1.285145 -0.000001 0.000000 -0.000005 -0.040574 -1.047036
    39 19.263105 0.000000 0.000000 0.000000 0.000000 1.067392
    40 17.589100 0.000000 0.000000 -0.292426 0.333534 -0.719531
    41 6.240662 0.000000 0.000000 0.020397 -0.027687 -0.421175
    42 5.884350 0.000000 0.000004 -0.126310 0.000000 0.000000
    43 11.768705 0.000000 0.000000 -0.238428 0.000000 0.000000
    44 11.679195 0.000000 0.000008 0.000000 0.000000 -0.161658
    45 3.147156 0.000065 1.551354 -0.201298 -0.143284 -0.649417
    46 1.585903 0.000000 0.000000 -0.011409 -0.016643 -1.331409
    47 0.849087 0.000000 0.000000 0.054379 0.175346 0.227690
    48 3.471100 0.211189 0.574833 -0.194213 -0.103888 -0.872699
    49 1.897533 0.000000 0.000000 0.051947 0.088323 -1.093272
    50 1.014446 0.000003 0.000000 -0.002359 -0.009725 0.111690
    51 3.750099 0.116322 -0.429641 -0.183614 -0.067994 -1.128857
    52 2.258183 0.000000 0.000000 0.042077 0.053977 -0.662652
    53 1.210392 0.000001 0.000000 -0.001842 -0.011976 0.162659
    54 3.868322 -0.161243 -1.490733 -0.177010 -0.034210 -1.024999
    55 1.786068 0.000002 0.000000 -0.051298 -0.063999 -0.749967
    56 1.044445 0.000000 0.000000 -0.001333 -0.038512 0.149883
    57 1.121502 -1.347836 -1.035880 -1.045302 0.582555 0.243500
    58 1.928122 0.000000 -0.000002 -0.000025 0.188108 -0.446082
    59 1.285141 0.000000 -0.000002 -0.000058 0.040588 -0.886387
    60 11.768703 0.000000 -0.000008 0.242666 0.000000 0.000000
    61 5.884356 0.000000 -0.000004 0.128617 0.000000 0.000000
    62 11.679195 0.000000 0.000000 0.000000 0.000000 -0.161657
    63 7.023272 -6.880002 4.339547 2.620672 -1.456011 -1.105365
    64 -25.906250 -14.500000 7.730469 2.982431 0.218263 1.793845
    65 0.000000 -0.000007 -0.000031 1.373047 0.113574 0.124314
    66 -0.000004 -0.000007 -0.000031 1.373047 0.113574 0.124314
    67 3.348999 -1.371000 0.725000 1.977842 -0.088017 1.557794
    68 2.856895 -1.536201 -0.973800 -1.501147 -0.272558 -1.578261
    69 -0.000004 0.000000 10.000000 0.000000 0.000000 0.000000
    70 0.018894 0.665159 9.395880 0.000000 0.000000 0.000000
    71 2.000008 -3.000000 0.000000 -1.570796 0.000000 -1.326450
    72 3.028210 -0.923410 -2.009452 1.574082 -0.012974 1.587243
    73 0.116953 4.311607 0.061859 0.000010 0.000000 0.000000
    74 -0.000002 0.000000 0.000001 0.000000 0.000000 0.000000
    75 0.000000 1.000000 0.000010 0.000000 0.000000 0.000000
    76 -0.000002 0.000000 0.000000 0.000000 0.000000 0.000000
    77 -0.000002 0.000000 0.000000 0.000000 0.000000 0.000000
    78 -0.000002 0.000000 0.000000 0.000000 0.000000 0.000000
time 126
    0 -3.029297 -8.039063 25.890625 1.680231 0.100189 0.165823
    1 0.000000 4.246162 -0.018825 1.598134 -0.097426 1.525822
    2 4.195629 0.000000 0.000000 0.027617 -0.003651 -0.174494
    3 3.883152 0.000001 0.000000 0.018355 0.074907 -0.040523
    4 5.985943 0.000002 0.000000 0.068260 0.104530 0.456956
    5 4.268658 1.531896 -1.575000 1.108371 1.024066 -0.734714
    6 5.782729 0.000000 0.000001 -3.140720 -0.020336 0.780855
    7 11.452759 0.000001 0.000000 0.000000 0.000000 -0.508571
    8 4.268658 1.531894 1.575000 -2.057005 -0.954824 0.322434
    9 5.782726 0.000004 0.000001 -3.126082 0.250575 0.756908
    10 11.452763 0.000001 0.000004 0.000000 0.000000 -0.542004
    11 10.945534 -0.000007 -0.000034 1.257816 -0.225661 0.279426
    12 10.945518 -0.000005 0.000015 -1.402183 -0.003795 0.229972
    13 -3.806942 0.000000 0.000000 -0.989680 -0.123707 -2.202008
    14 19.253841 0.000000 0.000000 0.000000 0.000000 0.025250
    15 6.694798 0.000000 0.000000 0.000000 0.000000 0.000000
    16 5.620499 0.000002 0.000000 2.805828 0.011096 -0.272826
    17 4.684906 0.000002 0.000000 -0.302344 0.089002 1.178508
    18 19.263098 0.000000 0.000000 0.000000 0.000000 0.649021
    19 17.589096 0.000000 0.000000 0.126644 -0.093296 -0.765270
    20 6.240662 0.000000 0.000000 -0.112101 0.023875 -0.361608
    21 3.806942 0.000000 0.000000 -2.428081 -0.347724 -1.050443
    22 6.694801 0.000000 0.000000 0.000000 0.000000 0.000000
    23 19.253845 0.000000 0.000000 0.000000 0.000000 0.025253
    24 3.147137 0.005680 -1.551346 0.204908 0.143273 -0.954241
    25 1.585903 0.000000 0.000000 0.011390 0.016585 -0.964682
    26 0.849087 0.000002 0.000000 -0.054430 -0.175364 -0.012812
    27 3.471079 0.213264 -0.574066 0.197841 0.103922 -1.056897
    28 1.897533 -0.000002 0.000000 -0.051937 -0.088263 -1.080741
    29 1.014454 0.000002 0.000000 0.002346 0.009693 0.056304
    30 3.750082 0.114767 0.430058 0.187201 0.067923 -1.244533
    31 2.258186 0.000000 0.000000 -0.042022 -0.053930 -0.856641
    32 1.210384 0.000001 0.000000 0.001810 0.011981 0.157202
    33 3.868294 -0.166636 1.490141 0.180581 0.034246 -1.190451
    34 1.786068 0.000000 0.000000 0.051300 0.063943 -1.015925
    35 1.044434 -0.000002 0.000000 0.001325 0.038484 0.095729
    36 1.121473 -1.351564 1.030998 1.138475 -0.607693 0.231095
    37 1.928116 0.000000 0.000000 -0.090105 -0.188036 -0.457011
    38 1.285145 -0.000001 0.000000 -0.000005 -0.040574 -1.047036
    39 19.263105 0.000000 0.000000 0.000000 0.000000 0.906689
    40 17.589100 0.000000 0.000000 -0.231519 0.336737 -0.653384
    41 6.240662 0.000000 0.000000 0.020402 -0.027683 -0.421529
    42 5.884350 0.000000 0.000004 -0.126310 0.000000 0.000000
    43 11.768705 0.000000 0.000000 -0.238428 0.000000 0.000000
    44 11.679195 0.000000 0.000008 0.000000 0.000000 -0.161658
    45 3.147156 0.000065 1.551354 -0.201298 -0.143284 -0.649417
    46 1.585903 0.000000 0.000000 -0.011409 -0.016643 -1.331409
    47 0.849087 0.000000 0.000000 0.054379 0.175346 0.227690
    48 3.471100 0.211189 0.574833 -0.194213 -0.103888 -0.872699
    49 1.897533 0.000000 0.000000 0.051947 0.088323 -1.093272
    50 1.014446 0.000003 0.000000 -0.002359 -0.009725 0.111690
    51 3.750099 0.116322 -0.429641 -0.183614 -0.067994 -1.128857
    52 2.258183 0.000000 0.000000 0.042077 0.053977 -0.662652
    53 1.210392 0.000001 0.000000 -0.001842 -0.011976 0.162659
    54 3.868322 -0.161243 -1.490733 -0.177010 -0.034210 -1.024999
    55 1.786068 0.000002 0.000000 -0.051298 -0.063999 -0.749967
    56 1.044445 0.000000 0.000000 -0.001333 -0.038512 0.149883
    57 1.121502 -1.347836 -1.035880 -1.045302 0.582555 0.243500
    58 1.928122 0.000000 -0.000002 -0.000025 0.188108 -0.446082
    59 1.285141 0.000000 -0.000002 -0.000058 0.040588 -0.886387
    60 11.768703 0.000000 -0.000008 0.242666 0.000000 0.000000
    61 5.884356 0.000000 -0.000004 0.128617 0.000000 0.000000
    62 11.679195 0.000000 0.000000 0.000000 0.000000 -0.161657
    63 7.023272 -6.880002 4.339547 2.620672 -1.456011 -1.105365
    64 -24.750000 -17.531250 8.109375 3.005598 0.076472 1.822902
    65 0.000000 -0.000007 -0.000031 1.373047 0.113574 0.124314
    66 -0.000004 -0.000007 -0.000031 1.373047 0.113574 0.124314
    67 3.348999 -1.371000 0.725000 1.977842 -0.088017 1.557794
    68 2.856895 -1.536201 -0.973800 -1.501147 -0.272558 -1.578261
    69 -0.000004 0.000000 10.000000 0.000000 0.000000 0.000000
    70 0.018894 0.665159 9.395880 0.000000 0.000000 0.000000
    71 2.000008 -3.000000 0.000000 -1.570796 0.000000 -1.326450
    72 3.028210 -0.923410 -2.009452 1.574082 -0.012974 1.587243
    73 0.116953 4.311607 0.061859 0.000010 0.000000 0.000000
    74 -0.000002 0.000000 0.000001 0.000000 0.000000 0.000000
    75 0.000000 1.000000 0.000010 0.000000 0.000000 0.000000
    76 -0.000002 0.000000 0.000000 0.000000 0.000000 0.000000
    77 -0.000002 0.000000 0.000000 0.000000 0.000000 0.000000
    78 -0.000002 0.000000 0.000000 0.000000 0.000000 0.000000
time 127
    0 -2.294922 -8.085938 25.796875 1.663576 0.108391 0.075067
    1 0.000000 4.246162 -0.018825 1.605457 -0.101985 1.545100
    2 4.195629 0.000000 0.000000 0.033860 0.008286 -0.171627
    3 3.883152 0.000001 0.000000 0.025428 0.074713 -0.040953
    4 5.985943 0.000002 0.000000 0.072682 0.097282 0.453769
    5 4.268658 1.531896 -1.575000 1.136937 1.007519 -0.686635
    6 5.782729 0.000000 0.000001 -3.136688 -0.013362 0.789966
    7 11.452759 0.000001 0.000000 0.000000 0.000000 -0.481058
    8 4.268658 1.531894 1.575000 -2.059188 -0.983680 0.305246
    9 5.782726 0.000004 0.000001 3.062514 0.202975 0.730792
    10 11.452763 0.000001 0.000004 0.000000 0.000000 -0.585142
    11 10.945534 -0.000007 -0.000034 1.370060 -0.210309 0.285244
    12 10.945518 -0.000005 0.000015 -1.373871 0.003826 0.192110
    13 -3.806942 0.000000 0.000000 -0.944153 -0.184485 -2.223072
    14 19.253841 0.000000 0.000000 0.000000 0.000000 0.025250
    15 6.694798 0.000000 0.000000 0.000000 0.000000 0.000000
    16 5.620499 0.000002 0.000000 2.815127 0.000951 -0.263295
    17 4.684906 0.000002 0.000000 -0.288826 0.093669 1.168691
    18 19.263098 0.000000 0.000000 0.000000 0.000000 0.710371
    19 17.589096 0.000000 0.000000 0.139161 -0.113583 -0.792725
    20 6.240662 0.000000 0.000000 -0.112012 0.023822 -0.358000
    21 3.806942 0.000000 0.000000 -2.341864 -0.258959 -1.126458
    22 6.694801 0.000000 0.000000 0.000000 0.000000 0.000000
    23 19.253845 0.000000 0.000000 0.000000 0.000000 0.025253
    24 3.147137 0.005680 -1.551346 0.204908 0.143273 -0.954241
    25 1.585903 0.000000 0.000000 0.011390 0.016585 -0.964682
    26 0.849087 0.000002 0.000000 -0.054430 -0.175364 -0.012812
    27 3.471079 0.213264 -0.574066 0.197841 0.103922 -1.056897
    28 1.897533 -0.000002 0.000000 -0.051937 -0.088263 -1.080741
    29 1.014454 0.000002 0.000000 0.002346 0.009693 0.056304
    30 3.750082 0.114767 0.430058 0.187201 0.067923 -1.244533
    31 2.258186 0.000000 0.000000 -0.042022 -0.053930 -0.856641
    32 1.210384 0.000001 0.000000 0.001810 0.011981 0.157202
    33 3.868294 -0.166636 1.490141 0.180581 0.034246 -1.190451
    34 1.786068 0.000000 0.000000 0.051300 0.063943 -1.015925
    35 1.044434 -0.000002 0.000000 0.001325 0.038484 0.095729
    36 1.121473 -1.351564 1.030998 1.138475 -0.607693 0.231095
    37 1.928116 0.000000 0.000000 -0.090105 -0.188036 -0.457011
    38 1.285145 -0.000001 0.000000 -0.000005 -0.040574 -1.047036
    39 19.263105 0.000000 0.000000 0.000000 0.000000 0.706873
    40 17.589100 0.000000 0.000000 -0.168858 0.340769 -0.638774
    41 6.240662 0.000000 0.000000 0.020398 -0.027721 -0.453635
    42 5.884350 0.000000 0.000004 -0.126310 0.000000 0.000000
    43 11.768705 0.000000 0.000000 -0.238428 0.000000 0.000000
    44 11.679195 0.000000 0.000008 0.000000 0.000000 -0.161658
    45 3.147156 0.000065 1.551354 -0.201298 -0.143284 -0.649417
    46 1.585903 0.000000 0.000000 -0.011409 -0.016643 -1.331409
    47 0.849087 0.000000 0.000000 0.054379 0.175346 0.227690
    48 3.471100 0.211189 0.574833 -0.194213 -0.103888 -0.872699
    49 1.897533 0.000000 0.000000 0.051947 0.088323 -1.093272
    50 1.014446 0.000003 0.000000 -0.002359 -0.009725 0.111690
    51 3.750099 0.116322 -0.429641 -0.183614 -0.067994 -1.128857
    52 2.258183 0.000000 0.000000 0.042077 0.053977 -0.662652
    53 1.210392 0.000001 0.000000 -0.001842 -0.011976 0.162659
    54 3.868322 -0.161243 -1.490733 -0.177010 -0.034210 -1.024999
    55 1.786068 0.000002 0.000000 -0.051298 -0.063999 -0.749967
    56 1.044445 0.000000 0.000000 -0.001333 -0.038512 0.149883
    57 1.121502 -1.347836 -1.035880 -1.045302 0.582555 0.243500
    58 1.928122 0.000000 -0.000002 -0.000025 0.188108 -0.446082
    59 1.285141 0.000000 -0.000002 -0.000058 0.040588 -0.886387
    60 11.768703 0.000000 -0.000008 0.242666 0.000000 0.000000
    61 5.884356 0.000000 -0.000004 0.128617 0.000000 0.000000
    62 11.679195 0.000000 0.000000 0.000000 0.000000 -0.161657
    63 7.023272 -6.880002 4.339547 2.620672 -1.456011 -1.105365
    64 -23.546875 -21.046875 7.839844 3.020127 -0.067941 1.849426
    65 0.000000 -0.000007 -0.000031 1.373047 0.113574 0.124314
    66 -0.000004 -0.000007 -0.000031 1.373047 0.113574 0.124314
    67 3.348999 -1.371000 0.725000 1.977842 -0.088017 1.557794
    68 2.856895 -1.536201 -0.973800 -1.501147 -0.272558 -1.578261
    69 -0.000004 0.000000 10.000000 0.000000 0.000000 0.000000
    70 0.018894 0.665159 9.395880 0.000000 0.000000 0.000000
    71 2.000008 -3.000000 0.000000 -1.570796 0.000000 -1.326450
    72 3.028210 -0.923410 -2.009452 1.574082 -0.012974 1.587243
    73 0.116953 4.311607 0.061859 0.000010 0.000000 0.000000
    74 -0.000002 0.000000 0.000001 0.000000 0.000000 0.000000
    75 0.000000 1.000000 0.000010 0.000000 0.000000 0.000000
    76 -0.000002 0.000000 0.000000 0.000000 0.000000 0.000000
    77 -0.000002 0.000000 0.000000 0.000000 0.000000 0.000000
    78 -0.000002 0.000000 0.000000 0.000000 0.000000 0.000000
time 128
    0 -1.509766 -8.140625 25.671875 1.649193 0.113385 -0.011965
    1 0.000000 4.246162 -0.018825 1.615910 -0.104208 1.565532
    2 4.195629 0.000000 0.000000 0.043073 0.020228 -0.170227
    3 3.883152 0.000001 0.000000 0.035692 0.071300 -0.040977
    4 5.985943 0.000002 0.000000 0.077770 0.083746 0.451708
    5 4.268658 1.531896 -1.575000 1.160215 0.989304 -0.640795
    6 5.782729 0.000000 0.000001 -3.129603 -0.008475 0.792008
    7 11.452759 0.000001 0.000000 0.000000 0.000000 -0.447970
    8 4.268658 1.531894 1.575000 -2.038167 -1.004788 0.269809
    9 5.782726 0.000004 0.000001 2.981841 0.149720 0.712372
    10 11.452763 0.000001 0.000004 0.000000 0.000000 -0.614238
    11 10.945534 -0.000007 -0.000034 1.468841 -0.195857 0.292053
    12 10.945518 -0.000005 0.000015 -1.353244 0.013750 0.156338
    13 -3.806942 0.000000 0.000000 -0.896232 -0.248438 -2.237781
    14 19.253841 0.000000 0.000000 0.000000 0.000000 0.025250
    15 6.694798 0.000000 0.000000 0.000000 0.000000 0.000000
    16 5.620499 0.000002 0.000000 2.825031 -0.006992 -0.251145
    17 4.684906 0.000002 0.000000 -0.276250 0.099071 1.156608
    18 19.263098 0.000000 0.000000 0.000000 0.000000 0.780821
    19 17.589096 0.000000 0.000000 0.159469 -0.189546 -0.891735
    20 6.240662 0.000000 0.000000 -0.112038 0.023877 -0.412619
    21 3.806942 0.000000 0.000000 -2.178640 -0.183892 -1.210755
    22 6.694801 0.000000 0.000000 0.000000 0.000000 0.000000
    23 19.253845 0.000000 0.000000 0.000000 0.000000 0.025253
    24 3.147137 0.005680 -1.551346 0.204908 0.143273 -0.954241
    25 1.585903 0.000000 0.000000 0.011390 0.016585 -0.964682
    26 0.849087 0.000002 0.000000 -0.054430 -0.175364 -0.012812
    27 3.471079 0.213264 -0.574066 0.197841 0.103922 -1.056897
    28 1.897533 -0.000002 0.000000 -0.051937 -0.088263 -1.080741
    29 1.014454 0.000002 0.000000 0.002346 0.009693 0.056304
    30 3.750082 0.114767 0.430058 0.187201 0.067923 -1.244533
    31 2.258186 0.000000 0.000000 -0.042022 -0.053930 -0.856641
    32 1.210384 0.000001 0.000000 0.001810 0.011981 0.157202
    33 3.868294 -0.166636 1.490141 0.180581 0.034246 -1.190451
    34 1.786068 0.000000 0.000000 0.051300 0.063943 -1.015925
    35 1.044434 -0.000002 0.000000 0.001325 0.038484 0.095729
    36 1.121473 -1.351564 1.030998 1.138475 -0.607693 0.231095
    37 1.928116 0.000000 0.000000 -0.090105 -0.188036 -0.457011
    38 1.285145 -0.000001 0.000000 -0.000005 -0.040574 -1.047036
    39 19.263105 0.000000 0.000000 0.000000 0.000000 0.514817
    40 17.589100 0.000000 0.000000 -0.116646 0.293947 -0.753557
    41 6.240662 0.000000 0.000000 0.020417 -0.027691 -0.509644
    42 5.884350 0.000000 0.000004 -0.126310 0.000000 0.000000
    43 11.768705 0.000000 0.000000 -0.238428 0.000000 0.000000
    44 11.679195 0.000000 0.000008 0.000000 0.000000 -0.161658
    45 3.147156 0.000065 1.551354 -0.201298 -0.143284 -0.649417
    46 1.585903 0.000000 0.000000 -0.011409 -0.016643 -1.331409
    47 0.849087 0.000000 0.000000 0.054379 0.175346 0.227690
    48 3.471100 0.211189 0.574833 -0.194213 -0.103888 -0.872699
    49 1.897533 0.000000 0.000000 0.051947 0.088323 -1.093272
    50 1.014446 0.000003 0.000000 -0.002359 -0.009725 0.111690
    51 3.750099 0.116322 -0.429641 -0.183614 -0.067994 -1.128857
    52 2.258183 0.000000 0.000000 0.042077 0.053977 -0.662652
    53 1.210392 0.000001 0.000000 -0.001842 -0.011976 0.162659
    54 3.868322 -0.161243 -1.490733 -0.177010 -0.034210 -1.024999
    55 1.786068 0.000002 0.000000 -0.051298 -0.063999 -0.749967
    56 1.044445 0.000000 0.000000 -0.001333 -0.038512 0.149883
    57 1.121502 -1.347836 -1.035880 -1.045302 0.582555 0.243500
    58 1.928122 0.000000 -0.000002 -0.000025 0.188108 -0.446082
    59 1.285141 0.000000 -0.000002 -0.000058 0.040588 -0.886387
    60 11.768703 0.000000 -0.000008 0.242666 0.000000 0.000000
    61 5.884356 0.000000 -0.000004 0.128617 0.000000 0.000000
    62 11.679195 0.000000 0.000000 0.000000 0.000000 -0.161657
    63 7.023272 -6.880002 4.339547 2.620672 -1.456011 -1.105365
    64 -22.578125 -24.750000 6.675781 3.025114 -0.182331 1.871950
    65 0.000000 -0.000007 -0.000031 1.373047 0.113574 0.124314
    66 -0.000004 -0.000007 -0.000031 1.373047 0.113574 0.124314
    67 3.348999 -1.371000 0.725000 1.977842 -0.088017 1.557794
    68 2.856895 -1.536201 -0.973800 -1.501147 -0.272558 -1.578261
    69 -0.000004 0.000000 10.000000 0.000000 0.000000 0.000000
    70 0.018894 0.665159 9.395880 0.000000 0.000000 0.000000
    71 2.000008 -3.000000 0.000000 -1.570796 0.000000 -1.326450
    72 3.028210 -0.923410 -2.009452 1.574082 -0.012974 1.587243
    73 0.116953 4.311607 0.061859 0.000010 0.000000 0.000000
    74 -0.000002 0.000000 0.000001 0.000000 0.000000 0.000000
    75 0.000000 1.000000 0.000010 0.000000 0.000000 0.000000
    76 -0.000002 0.000000 0.000000 0.000000 0.000000 0.000000
    77 -0.000002 0.000000 0.000000 0.000000 0.000000 0.000000
    78 -0.000002 0.000000 0.000000 0.000000 0.000000 0.000000
time 129
    0 -0.758301 -8.164063 25.625000 1.641285 0.114286 -0.089825
    1 0.000000 4.246162 -0.018825 1.627332 -0.106411 1.580016
    2 4.195629 0.000000 0.000000 0.053551 0.029602 -0.169641
    3 3.883152 0.000001 0.000000 0.046787 0.069354 -0.043655
    4 5.985943 0.000002 0.000000 0.084244 0.071460 0.445916
    5 4.268658 1.531896 -1.575000 1.178696 0.974509 -0.597641
    6 5.782729 0.000000 0.000001 -3.116025 -0.005109 0.794382
    7 11.452759 0.000001 0.000000 0.000000 0.000000 -0.417564
    8 4.268658 1.531894 1.575000 -2.025085 -1.026643 0.244370
    9 5.782726 0.000004 0.000001 3.003200 0.122852 0.706597
    10 11.452763 0.000001 0.000004 0.000000 0.000000 -0.630833
    11 10.945534 -0.000007 -0.000034 1.497311 -0.191163 0.317748
    12 10.945518 -0.000005 0.000015 -1.341854 0.029138 0.133101
    13 -3.806942 0.000000 0.000000 -0.842196 -0.313475 -2.244070
    14 19.253841 0.000000 0.000000 0.000000 0.000000 0.025250
    15 6.694798 0.000000 0.000000 0.000000 0.000000 0.000000
    16 5.620499 0.000002 0.000000 2.826324 -0.019869 -0.238517
    17 4.684906 0.000002 0.000000 -0.268567 0.110243 1.146494
    18 19.263098 0.000000 0.000000 0.000000 0.000000 0.858095
    19 17.589096 0.000000 0.000000 0.213914 -0.310815 -1.062661
    20 6.240662 0.000000 0.000000 -0.112096 0.023855 -0.422694
    21 3.806942 0.000000 0.000000 -1.941048 -0.138135 -1.282473
    22 6.694801 0.000000 0.000000 0.000000 0.000000 0.000000
    23 19.253845 0.000000 0.000000 0.000000 0.000000 0.025253
    24 3.147137 0.005680 -1.551346 0.204908 0.143273 -0.954241
    25 1.585903 0.000000 0.000000 0.011390 0.016585 -0.964682
    26 0.849087 0.000002 0.000000 -0.054430 -0.175364 -0.012812
    27 3.471079 0.213264 -0.574066 0.197841 0.103922 -1.056897
    28 1.897533 -0.000002 0.000000 -0.051937 -0.088263 -1.080741
    29 1.014454 0.000002 0.000000 0.002346 0.009693 0.056304
    30 3.750082 0.114767 0.430058 0.187201 0.067923 -1.244533
    31 2.258186 0.000000 0.000000 -0.042022 -0.053930 -0.856641
    32 1.210384 0.000001 0.000000 0.001810 0.011981 0.157202
    33 3.868294 -0.166636 1.490141 0.180581 0.034246 -1.190451
    34 1.786068 0.000000 0.000000 0.051300 0.063943 -1.015925
    35 1.044434 -0.000002 0.000000 0.001325 0.038484 0.095729
    36 1.121473 -1.351564 1.030998 1.138475 -0.607693 0.231095
    37 1.928116 0.000000 0.000000 -0.090105 -0.188036 -0.457011
    38 1.285145 -0.000001 0.000000 -0.000005 -0.040574 -1.047036
    39 19.263105 0.000000 0.000000 0.000000 0.000000 0.386201
    40 17.589100 0.000000 0.000000 -0.005538 0.146533 -0.939991
    41 6.240662 0.000000 0.000000 0.020385 -0.027709 -0.625039
    42 5.884350 0.000000 0.000004 -0.126310 0.000000 0.000000
    43 11.768705 0.000000 0.000000 -0.238428 0.000000 0.000000
    44 11.679195 0.000000 0.000008 0.000000 0.000000 -0.161658
    45 3.147156 0.000065 1.551354 -0.201298 -0.143284 -0.649417
    46 1.585903 0.000000 0.000000 -0.011409 -0.016643 -1.331409
    47 0.849087 0.000000 0.000000 0.054379 0.175346 0.227690
    48 3.471100 0.211189 0.574833 -0.194213 -0.103888 -0.872699
    49 1.897533 0.000000 0.000000 0.051947 0.088323 -1.093272
    50 1.014446 0.000003 0.000000 -0.002359 -0.009725 0.111690
    51 3.750099 0.116322 -0.429641 -0.183614 -0.067994 -1.128857
    52 2.258183 0.000000 0.000000 0.042077 0.053977 -0.662652
    53 1.210392 0.000001 0.000000 -0.001842 -0.011976 0.162659
    54 3.868322 -0.161243 -1.490733 -0.177010 -0.034210 -1.024999
    55 1.786068 0.000002 0.000000 -0.051298 -0.063999 -0.749967
    56 1.044445 0.000000 0.000000 -0.001333 -0.038512 0.149883
    57 1.121502 -1.347836 -1.035880 -1.045302 0.582555 0.243500
    58 1.928122 0.000000 -0.000002 -0.000025 0.188108 -0.446082
    59 1.285141 0.000000 -0.000002 -0.000058 0.040588 -0.886387
    60 11.768703 0.000000 -0.000008 0.242666 0.000000 0.000000
    61 5.884356 0.000000 -0.000004 0.128617 0.000000 0.000000
    62 11.679195 0.000000 0.000000 0.000000 0.000000 -0.161657
    63 7.023272 -6.880002 4.339547 2.620672 -1.456011 -1.105365
    64 -22.390625 -27.546875 5.425781 3.023078 -0.185588 1.891122
    65 0.000000 -0.000007 -0.000031 1.373047 0.113574 0.124314
    66 -0.000004 -0.000007 -0.000031 1.373047 0.113574 0.124314
    67 3.348999 -1.371000 0.725000 1.977842 -0.088017 1.557794
    68 2.856895 -1.536201 -0.973800 -1.501147 -0.272558 -1.578261
    69 -0.000004 0.000000 10.000000 0.000000 0.000000 0.000000
    70 0.018894 0.665159 9.395880 0.000000 0.000000 0.000000
    71 2.000008 -3.000000 0.000000 -1.570796 0.000000 -1.326450
    72 3.028210 -0.923410 -2.009452 1.574082 -0.012974 1.587243
    73 0.116953 4.311607 0.061859 0.000010 0.000000 0.000000
    74 -0.000002 0.000000 0.000001 0.000000 0.000000 0.000000
    75 0.000000 1.000000 0.000010 0.000000 0.000000 0.000000
    76 -0.000002 0.000000 0.000000 0.000000 0.000000 0.000000
    77 -0.000002 0.000000 0.000000 0.000000 0.000000 0.000000
    78 -0.000002 0.000000 0.000000 0.000000 0.000000 0.000000
time 130
    0 -0.103394 -8.101563 25.687500 1.642643 0.106513 -0.152685
    1 0.000000 4.246162 -0.018825 1.634729 -0.112708 1.579559
    2 4.195629 0.000000 0.000000 0.060641 0.032074 -0.168355
    3 3.883152 0.000001 0.000000 0.053034 0.073202 -0.052765
    4 5.985943 0.000002 0.000000 0.090336 0.070927 0.430579
    5 4.268658 1.531896 -1.575000 1.206205 0.967104 -0.542577
    6 5.782729 0.000000 0.000001 -3.111285 -0.008793 0.800530
    7 11.452759 0.000001 0.000000 0.000000 0.000000 -0.403104
    8 4.268658 1.531894 1.575000 -2.019083 -1.072698 0.232598
    9 5.782726 0.000004 0.000001 3.077264 0.111972 0.722821
    10 11.452763 0.000001 0.000004 0.000000 0.000000 -0.647018
    11 10.945534 -0.000007 -0.000034 1.482946 -0.195848 0.362763
    12 10.945518 -0.000005 0.000015 -1.331725 0.044911 0.123967
    13 -3.806942 0.000000 0.000000 -0.778421 -0.375189 -2.243391
    14 19.253841 0.000000 0.000000 0.000000 0.000000 0.025250
    15 6.694798 0.000000 0.000000 0.000000 0.000000 0.000000
    16 5.620499 0.000002 0.000000 2.820938 -0.043267 -0.228483
    17 4.684906 0.000002 0.000000 -0.260984 0.130200 1.140442
    18 19.263098 0.000000 0.000000 0.000000 0.000000 0.931636
    19 17.589096 0.000000 0.000000 0.252558 -0.430820 -1.241933
    20 6.240662 0.000000 0.000000 -0.112056 0.023833 -0.443140
    21 3.806942 0.000000 0.000000 -1.715910 -0.126391 -1.349927
    22 6.694801 0.000000 0.000000 0.000000 0.000000 0.000000
    23 19.253845 0.000000 0.000000 0.000000 0.000000 0.025253
    24 3.147137 0.005680 -1.551346 0.204908 0.143273 -0.954241
    25 1.585903 0.000000 0.000000 0.011390 0.016585 -0.964682
    26 0.849087 0.000002 0.000000 -0.054430 -0.175364 -0.012812
    27 3.471079 0.213264 -0.574066 0.197841 0.103922 -1.056897
    28 1.897533 -0.000002 0.000000 -0.051937 -0.088263 -1.080741
    29 1.014454 0.000002 0.000000 0.002346 0.009693 0.056304
    30 3.750082 0.114767 0.430058 0.187201 0.067923 -1.244533
    31 2.258186 0.000000 0.000000 -0.042022 -0.053930 -0.856641
    32 1.210384 0.000001 0.000000 0.001810 0.011981 0.157202
    33 3.868294 -0.166636 1.490141 0.180581 0.034246 -1.190451
    34 1.786068 0.000000 0.000000 0.051300 0.063943 -1.015925
    35 1.044434 -0.000002 0.000000 0.001325 0.038484 0.095729
    36 1.121473 -1.351564 1.030998 1.138475 -0.607693 0.231095
    37 1.928116 0.000000 0.000000 -0.090105 -0.188036 -0.457011
    38 1.285145 -0.000001 0.000000 -0.000005 -0.040574 -1.047036
    39 19.263105 0.000000 0.000000 0.000000 0.000000 0.339596
    40 17.589100 0.000000 0.000000 0.029501 -0.082157 -1.150331
    41 6.240662 0.000000 0.000000 0.020414 -0.027693 -0.658702
    42 5.884350 0.000000 0.000004 -0.126310 0.000000 0.000000
    43 11.768705 0.000000 0.000000 -0.238428 0.000000 0.000000
    44 11.679195 0.000000 0.000008 0.000000 0.000000 -0.161658
    45 3.147156 0.000065 1.551354 -0.201298 -0.143284 -0.649417
    46 1.585903 0.000000 0.000000 -0.011409 -0.016643 -1.331409
    47 0.849087 0.000000 0.000000 0.054379 0.175346 0.227690
    48 3.471100 0.211189 0.574833 -0.194213 -0.103888 -0.872699
    49 1.897533 0.000000 0.000000 0.051947 0.088323 -1.093272
    50 1.014446 0.000003 0.000000 -0.002359 -0.009725 0.111690
    51 3.750099 0.116322 -0.429641 -0.183614 -0.067994 -1.128857
    52 2.258183 0.000000 0.000000 0.042077 0.053977 -0.662652
    53 1.210392 0.000001 0.000000 -0.001842 -0.011976 0.162659
    54 3.868322 -0.161243 -1.490733 -0.177010 -0.034210 -1.024999
    55 1.786068 0.000002 0.000000 -0.051298 -0.063999 -0.749967
    56 1.044445 0.000000 0.000000 -0.001333 -0.038512 0.149883
    57 1.121502 -1.347836 -1.035880 -1.045302 0.582555 0.243500
    58 1.928122 0.000000 -0.000002 -0.000025 0.188108 -0.446082
    59 1.285141 0.000000 -0.000002 -0.000058 0.040588 -0.886387
    60 11.768703 0.000000 -0.000008 0.242666 0.000000 0.000000
    61 5.884356 0.000000 -0.000004 0.128617 0.000000 0.000000
    62 11.679195 0.000000 0.000000 0.000000 0.000000 -0.161657
    63 7.023272 -6.880002 4.339547 2.620672 -1.456011 -1.105365
    64 -22.718750 -29.156250 4.277344 3.020798 -0.130284 1.913152
    65 0.000000 -0.000007 -0.000031 1.373047 0.113574 0.124314
    66 -0.000004 -0.000007 -0.000031 1.373047 0.113574 0.124314
    67 3.348999 -1.371000 0.725000 1.977842 -0.088017 1.557794
    68 2.856895 -1.536201 -0.973800 -1.501147 -0.272558 -1.578261
    69 -0.000004 0.000000 10.000000 0.000000 0.000000 0.000000
    70 0.018894 0.665159 9.395880 0.000000 0.000000 0.000000
    71 2.000008 -3.000000 0.000000 -1.570796 0.000000 -1.326450
    72 3.028210 -0.923410 -2.009452 1.574082 -0.012974 1.587243
    73 0.116953 4.311607 0.061859 0.000010 0.000000 0.000000
    74 -0.000002 0.000000 0.000001 0.000000 0.000000 0.000000
    75 0.000000 1.000000 0.000010 0.000000 0.000000 0.000000
    76 -0.000002 0.000000 0.000000 0.000000 0.000000 0.000000
    77 -0.000002 0.000000 0.000000 0.000000 0.000000 0.000000
    78 -0.000002 0.000000 0.000000 0.000000 0.000000 0.000000
time 131
    0 0.430420 -7.929688 25.718750 1.645734 0.102642 -0.197216
    1 0.000000 4.246162 -0.018825 1.637004 -0.118178 1.578250
    2 4.195629 0.000000 0.000000 0.062664 0.033199 -0.165694
    3 3.883152 0.000001 0.000000 0.054033 0.077201 -0.055651
    4 5.985943 0.000002 0.000000 0.092863 0.075095 0.425348
    5 4.268658 1.531896 -1.575000 1.249824 0.954722 -0.489967
    6 5.782729 0.000000 0.000001 -3.127851 -0.018674 0.802174
    7 11.452759 0.000001 0.000000 0.000000 0.000000 -0.377233
    8 4.268658 1.531894 1.575000 -1.976715 -1.112428 0.173021
    9 5.782726 0.000004 0.000001 3.123816 0.096641 0.732952
    10 11.452763 0.000001 0.000004 0.000000 0.000000 -0.656677
    11 10.945534 -0.000007 -0.000034 1.473495 -0.204956 0.402334
    12 10.945518 -0.000005 0.000015 -1.309208 0.060518 0.105199
    13 -3.806942 0.000000 0.000000 -0.718039 -0.429181 -2.227813
    14 19.253841 0.000000 0.000000 0.000000 0.000000 0.025250
    15 6.694798 0.000000 0.000000 0.000000 0.000000 0.000000
    16 5.620499 0.000002 0.000000 2.815298 -0.069610 -0.228797
    17 4.684906 0.000002 0.000000 -0.252156 0.151160 1.143261
    18 19.263098 0.000000 0.000000 0.000000 0.000000 1.008042
    19 17.589096 0.000000 0.000000 0.304700 -0.499998 -1.375764
    20 6.240662 0.000000 0.000000 -0.112013 0.023832 -0.445000
    21 3.806942 0.000000 0.000000 -1.630119 -0.126702 -1.381727
    22 6.694801 0.000000 0.000000 0.000000 0.000000 0.000000
    23 19.253845 0.000000 0.000000 0.000000 0.000000 0.025253
    24 3.147137 0.005680 -1.551346 0.204908 0.143273 -0.954241
    25 1.585903 0.000000 0.000000 0.011390 0.016585 -0.964682
    26 0.849087 0.000002 0.000000 -0.054430 -0.175364 -0.012812
    27 3.471079 0.213264 -0.574066 0.197841 0.103922 -1.056897
    28 1.897533 -0.000002 0.000000 -0.051937 -0.088263 -1.080741
    29 1.014454 0.000002 0.000000 0.002346 0.009693 0.056304
    30 3.750082 0.114767 0.430058 0.187201 0.067923 -1.244533
    31 2.258186 0.000000 0.000000 -0.042022 -0.053930 -0.856641
    32 1.210384 0.000001 0.000000 0.001810 0.011981 0.157202
    33 3.868294 -0.166636 1.490141 0.180581 0.034246 -1.190451
    34 1.786068 0.000000 0.000000 0.051300 0.063943 -1.015925
    35 1.044434 -0.000002 0.000000 0.001325 0.038484 0.095729
    36 1.121473 -1.351564 1.030998 1.138475 -0.607693 0.231095
    37 1.928116 0.000000 0.000000 -0.090105 -0.188036 -0.457011
    38 1.285145 -0.000001 0.000000 -0.000005 -0.040574 -1.047036
    39 19.263105 0.000000 0.000000 0.000000 0.000000 0.293787
    40 17.589100 0.000000 0.000000 -0.024010 -0.045618 -1.230453
    41 6.240662 0.000000 0.000000 0.020400 -0.027666 -0.647854
    42 5.884350 0.000000 0.000004 -0.126310 0.000000 0.000000
    43 11.768705 0.000000 0.000000 -0.238428 0.000000 0.000000
    44 11.679195 0.000000 0.000008 0.000000 0.000000 -0.161658
    45 3.147156 0.000065 1.551354 -0.201298 -0.143284 -0.649417
    46 1.585903 0.000000 0.000000 -0.011409 -0.016643 -1.331409
    47 0.849087 0.000000 0.000000 0.054379 0.175346 0.227690
    48 3.471100 0.211189 0.574833 -0.194213 -0.103888 -0.872699
    49 1.897533 0.000000 0.000000 0.051947 0.088323 -1.093272
    50 1.014446 0.000003 0.000000 -0.002359 -0.009725 0.111690
    51 3.750099 0.116322 -0.429641 -0.183614 -0.067994 -1.128857
    52 2.258183 0.000000 0.000000 0.042077 0.053977 -0.662652
    53 1.210392 0.000001 0.000000 -0.001842 -0.011976 0.162659
    54 3.868322 -0.161243 -1.490733 -0.177010 -0.034210 -1.024999
    55 1.786068 0.000002 0.000000 -0.051298 -0.063999 -0.749967
    56 1.044445 0.000000 0.000000 -0.001333 -0.038512 0.149883
    57 1.121502 -1.347836 -1.035880 -1.045302 0.582555 0.243500
    58 1.928122 0.000000 -0.000002 -0.000025 0.188108 -0.446082
    59 1.285141 0.000000 -0.000002 -0.000058 0.040588 -0.886387
    60 11.768703 0.000000 -0.000008 0.242666 0.000000 0.000000
    61 5.884356 0.000000 -0.000004 0.128617 0.000000 0.000000
    62 11.679195 0.000000 0.000000 0.000000 0.000000 -0.161657
    63 7.023272 -6.880002 4.339547 2.620672 -1.456011 -1.105365
    64 -23.343750 -30.046875 2.441406 3.018350 -0.096112 1.930354
    65 0.000000 -0.000007 -0.000031 1.373047 0.113574 0.124314
    66 -0.000004 -0.000007 -0.000031 1.373047 0.113574 0.124314
    67 3.348999 -1.371000 0.725000 1.977842 -0.088017 1.557794
    68 2.856895 -1.536201 -0.973800 -1.501147 -0.272558 -1.578261
    69 -0.000004 0.000000 10.000000 0.000000 0.000000 0.000000
    70 0.018894 0.665159 9.395880 0.000000 0.000000 0.000000
    71 2.000008 -3.000000 0.000000 -1.570796 0.000000 -1.326450
    72 3.028210 -0.923410 -2.009452 1.574082 -0.012974 1.587243
    73 0.116953 4.311607 0.061859 0.000010 0.000000 0.000000
    74 -0.000002 0.000000 0.000001 0.000000 0.000000 0.000000
    75 0.000000 1.000000 0.000010 0.000000 0.000000 0.000000
    76 -0.000002 0.000000 0.000000 0.000000 0.000000 0.000000
    77 -0.000002 0.000000 0.000000 0.000000 0.000000 0.000000
    78 -0.000002 0.000000 0.000000 0.000000 0.000000 0.000000
time 132
    0 0.859863 -7.535156 25.796875 1.655284 0.099446 -0.214469
    1 0.000000 4.246162 -0.018825 1.634936 -0.132193 1.583275
    2 4.195629 0.000000 0.000000 0.060293 0.033661 -0.159127
    3 3.883152 0.000001 0.000000 0.051578 0.069793 -0.062497
    4 5.985943 0.000002 0.000000 0.085191 0.066407 0.409885
    5 4.268658 1.531896 -1.575000 1.276051 0.960612 -0.451849
    6 5.782729 0.000000 0.000001 3.130760 -0.037022 0.793515
    7 11.452759 0.000001 0.000000 0.000000 0.000000 -0.374860
    8 4.268658 1.531894 1.575000 -1.924006 -1.129978 0.111735
    9 5.782726 0.000004 0.000001 3.079507 0.067460 0.746707
    10 11.452763 0.000001 0.000004 0.000000 0.000000 -0.664251
    11 10.945534 -0.000007 -0.000034 1.500225 -0.220745 0.414867
    12 10.945518 -0.000005 0.000015 -1.282232 0.073525 0.098486
    13 -3.806942 0.000000 0.000000 -0.661398 -0.475824 -2.200757
    14 19.253841 0.000000 0.000000 0.000000 0.000000 0.025250
    15 6.694798 0.000000 0.000000 0.000000 0.000000 0.000000
    16 5.620499 0.000002 0.000000 2.812364 -0.084647 -0.229670
    17 4.684906 0.000002 0.000000 -0.246446 0.159461 1.144705
    18 19.263098 0.000000 0.000000 0.000000 0.000000 1.072510
    19 17.589096 0.000000 0.000000 0.327172 -0.513815 -1.443453
    20 6.240662 0.000000 0.000000 -0.112033 0.023885 -0.448905
    21 3.806942 0.000000 0.000000 -1.643600 -0.152247 -1.392485
    22 6.694801 0.000000 0.000000 0.000000 0.000000 0.000000
    23 19.253845 0.000000 0.000000 0.000000 0.000000 0.025253
    24 3.147137 0.005680 -1.551346 0.204908 0.143273 -0.954241
    25 1.585903 0.000000 0.000000 0.011390 0.016585 -0.964682
    26 0.849087 0.000002 0.000000 -0.054430 -0.175364 -0.012812
    27 3.471079 0.213264 -0.574066 0.197841 0.103922 -1.056897
    28 1.897533 -0.000002 0.000000 -0.051937 -0.088263 -1.080741
    29 1.014454 0.000002 0.000000 0.002346 0.009693 0.056304
    30 3.750082 0.114767 0.430058 0.187201 0.067923 -1.244533
    31 2.258186 0.000000 0.000000 -0.042022 -0.053930 -0.856641
    32 1.210384 0.000001 0.000000 0.001810 0.011981 0.157202
    33 3.868294 -0.166636 1.490141 0.180581 0.034246 -1.190451
    34 1.786068 0.000000 0.000000 0.051300 0.063943 -1.015925
    35 1.044434 -0.000002 0.000000 0.001325 0.038484 0.095729
    36 1.121473 -1.351564 1.030998 1.138475 -0.607693 0.231095
    37 1.928116 0.000000 0.000000 -0.090105 -0.188036 -0.457011
    38 1.285145 -0.000001 0.000000 -0.000005 -0.040574 -1.047036
    39 19.263105 0.000000 0.000000 0.000000 0.000000 0.249438
    40 17.589100 0.000000 0.000000 -0.056868 0.205468 -1.236802
    41 6.240662 0.000000 0.000000 0.020414 -0.027668 -0.680183
    42 5.884350 0.000000 0.000004 -0.126310 0.000000 0.000000
    43 11.768705 0.000000 0.000000 -0.238428 0.000000 0.000000
    44 11.679195 0.000000 0.000008 0.000000 0.000000 -0.161658
    45 3.147156 0.000065 1.551354 -0.201298 -0.143284 -0.649417
    46 1.585903 0.000000 0.000000 -0.011409 -0.016643 -1.331409
    47 0.849087 0.000000 0.000000 0.054379 0.175346 0.227690
    48 3.471100 0.211189 0.574833 -0.194213 -0.103888 -0.872699
    49 1.897533 0.000000 0.000000 0.051947 0.088323 -1.093272
    50 1.014446 0.000003 0.000000 -0.002359 -0.009725 0.111690
    51 3.750099 0.116322 -0.429641 -0.183614 -0.067994 -1.128857
    52 2.258183 0.000000 0.000000 0.042077 0.053977 -0.662652
    53 1.210392 0.000001 0.000000 -0.001842 -0.011976 0.162659
    54 3.868322 -0.161243 -1.490733 -0.177010 -0.034210 -1.024999
    55 1.786068 0.000002 0.000000 -0.051298 -0.063999 -0.749967
    56 1.044445 0.000000 0.000000 -0.001333 -0.038512 0.149883
    57 1.121502 -1.347836 -1.035880 -1.045302 0.582555 0.243500
    58 1.928122 0.000000 -0.000002 -0.000025 0.188108 -0.446082
    59 1.285141 0.000000 -0.000002 -0.000058 0.040588 -0.886387
    60 11.768703 0.000000 -0.000008 0.242666 0.000000 0.000000
    61 5.884356 0.000000 -0.000004 0.128617 0.000000 0.000000
    62 11.679195 0.000000 0.000000 0.000000 0.000000 -0.161657
    63 7.023272 -6.880002 4.339547 2.620672 -1.456011 -1.105365
    64 -24.140625 -30.343750 -1.178711 3.014720 -0.153859 1.944531
    65 0.000000 -0.000007 -0.000031 1.373047 0.113574 0.124314
    66 -0.000004 -0.000007 -0.000031 1.373047 0.113574 0.124314
    67 3.348999 -1.371000 0.725000 1.977842 -0.088017 1.557794
    68 2.856895 -1.536201 -0.973800 -1.501147 -0.272558 -1.578261
    69 -0.000004 0.000000 10.000000 0.000000 0.000000 0.000000
    70 0.018894 0.665159 9.395880 0.000000 0.000000 0.000000
    71 2.000008 -3.000000 0.000000 -1.570796 0.000000 -1.326450
    72 3.028210 -0.923410 -2.009452 1.574082 -0.012974 1.587243
    73 0.116953 4.311607 0.061859 0.000010 0.000000 0.000000
    74 -0.000002 0.000000 0.000001 0.000000 0.000000 0.000000
    75 0.000000 1.000000 0.000010 0.000000 0.000000 0.000000
    76 -0.000002 0.000000 0.000000 0.000000 0.000000 0.000000
    77 -0.000002 0.000000 0.000000 0.000000 0.000000 0.000000
    78 -0.000002 0.000000 0.000000 0.000000 0.000000 0.000000
time 133
    0 1.249023 -7.050781 25.906250 1.666244 0.097035 -0.227350
    1 0.000000 4.246162 -0.018825 1.632734 -0.144306 1.591617
    2 4.195629 0.000000 0.000000 0.057808 0.035614 -0.152957
    3 3.883152 0.000001 0.000000 0.050075 0.059368 -0.065651
    4 5.985943 0.000002 0.000000 0.076482 0.050559 0.401499
    5 4.268658 1.531896 -1.575000 1.284904 0.969200 -0.437306
    6 5.782729 0.000000 0.000001 3.123265 -0.050809 0.778599
    7 11.452759 0.000001 0.000000 0.000000 0.000000 -0.388224
    8 4.268658 1.531894 1.575000 -1.885006 -1.140249 0.061059
    9 5.782726 0.000004 0.000001 2.990559 0.032898 0.766391
    10 11.452763 0.000001 0.000004 0.000000 0.000000 -0.670830
    11 10.945534 -0.000007 -0.000034 1.551893 -0.230997 0.406731
    12 10.945518 -0.000005 0.000015 -1.259851 0.091342 0.109116
    13 -3.806942 0.000000 0.000000 -0.643273 -0.524694 -2.148882
    14 19.253841 0.000000 0.000000 0.000000 0.000000 0.025250
    15 6.694798 0.000000 0.000000 0.000000 0.000000 0.000000
    16 5.620499 0.000002 0.000000 2.813615 -0.093755 -0.229738
    17 4.684906 0.000002 0.000000 -0.240353 0.161969 1.144538
    18 19.263098 0.000000 0.000000 0.000000 0.000000 1.082366
    19 17.589096 0.000000 0.000000 0.315464 -0.553532 -1.452677
    20 6.240662 0.000000 0.000000 -0.112048 0.023842 -0.446331
    21 3.806942 0.000000 0.000000 -1.723017 -0.198350 -1.389934
    22 6.694801 0.000000 0.000000 0.000000 0.000000 0.000000
    23 19.253845 0.000000 0.000000 0.000000 0.000000 0.025253
    24 3.147137 0.005680 -1.551346 0.204908 0.143273 -0.954241
    25 1.585903 0.000000 0.000000 0.011390 0.016585 -0.964682
    26 0.849087 0.000002 0.000000 -0.054430 -0.175364 -0.012812
    27 3.471079 0.213264 -0.574066 0.197841 0.103922 -1.056897
    28 1.897533 -0.000002 0.000000 -0.051937 -0.088263 -1.080741
    29 1.014454 0.000002 0.000000 0.002346 0.009693 0.056304
    30 3.750082 0.114767 0.430058 0.187201 0.067923 -1.244533
    31 2.258186 0.000000 0.000000 -0.042022 -0.053930 -0.856641
    32 1.210384 0.000001 0.000000 0.001810 0.011981 0.157202
    33 3.868294 -0.166636 1.490141 0.180581 0.034246 -1.190451
    34 1.786068 0.000000 0.000000 0.051300 0.063943 -1.015925
    35 1.044434 -0.000002 0.000000 0.001325 0.038484 0.095729
    36 1.121473 -1.351564 1.030998 1.138475 -0.607693 0.231095
    37 1.928116 0.000000 0.000000 -0.090105 -0.188036 -0.457011
    38 1.285145 -0.000001 0.000000 -0.000005 -0.040574 -1.047036
    39 19.263105 0.000000 0.000000 0.000000 0.000000 0.249003
    40 17.589100 0.000000 0.000000 -0.055049 0.420212 -1.251674
    41 6.240662 0.000000 0.000000 0.020374 -0.027666 -0.683205
    42 5.884350 0.000000 0.000004 -0.126310 0.000000 0.000000
    43 11.768705 0.000000 0.000000 -0.238428 0.000000 0.000000
    44 11.679195 0.000000 0.000008 0.000000 0.000000 -0.161658
    45 3.147156 0.000065 1.551354 -0.201298 -0.143284 -0.649417
    46 1.585903 0.000000 0.000000 -0.011409 -0.016643 -1.331409
    47 0.849087 0.000000 0.000000 0.054379 0.175346 0.227690
    48 3.471100 0.211189 0.574833 -0.194213 -0.103888 -0.872699
    49 1.897533 0.000000 0.000000 0.051947 0.088323 -1.093272
    50 1.014446 0.000003 0.000000 -0.002359 -0.009725 0.111690
    51 3.750099 0.116322 -0.429641 -0.183614 -0.067994 -1.128857
    52 2.258183 0.000000 0.000000 0.042077 0.053977 -0.662652
    53 1.210392 0.000001 0.000000 -0.001842 -0.011976 0.162659
    54 3.868322 -0.161243 -1.490733 -0.177010 -0.034210 -1.024999
    55 1.786068 0.000002 0.000000 -0.051298 -0.063999 -0.749967
    56 1.044445 0.000000 0.000000 -0.001333 -0.038512 0.149883
    57 1.121502 -1.347836 -1.035880 -1.045302 0.582555 0.243500
    58 1.928122 0.000000 -0.000002 -0.000025 0.188108 -0.446082
    59 1.285141 0.000000 -0.000002 -0.000058 0.040588 -0.886387
    60 11.768703 0.000000 -0.000008 0.242666 0.000000 0.000000
    61 5.884356 0.000000 -0.000004 0.128617 0.000000 0.000000
    62 11.679195 0.000000 0.000000 0.000000 0.000000 -0.161657
    63 7.023272 -6.880002 4.339547 2.620672 -1.456011 -1.105365
    64 -25.453125 -29.062500 -5.472656 3.008188 -0.258691 1.957067
    65 0.000000 -0.000007 -0.000031 1.373047 0.113574 0.124314
    66 -0.000004 -0.000007 -0.000031 1.373047 0.113574 0.124314
    67 3.348999 -1.371000 0.725000 1.977842 -0.088017 1.557794
    68 2.856895 -1.536201 -0.973800 -1.501147 -0.272558 -1.578261
    69 -0.000004 0.000000 10.000000 0.000000 0.000000 0.000000
    70 0.018894 0.665159 9.395880 0.000000 0.000000 0.000000
    71 2.000008 -3.000000 0.000000 -1.570796 0.000000 -1.326450
    72 3.028210 -0.923410 -2.009452 1.574082 -0.012974 1.587243
    73 0.116953 4.311607 0.061859 0.000010 0.000000 0.000000
    74 -0.000002 0.000000 0.000001 0.000000 0.000000 0.000000
    75 0.000000 1.000000 0.000010 0.000000 0.000000 0.000000
    76 -0.000002 0.000000 0.000000 0.000000 0.000000 0.000000
    77 -0.000002 0.000000 0.000000 0.000000 0.000000 0.000000
    78 -0.000002 0.000000 0.000000 0.000000 0.000000 0.000000
time 134
    0 1.649414 -6.562500 26.000000 1.665541 0.087643 -0.250794
    1 0.000000 4.246162 -0.018825 1.633312 -0.162963 1.592303
    2 4.195629 0.000000 0.000000 0.058655 0.033284 -0.142616
    3 3.883152 0.000001 0.000000 0.051777 0.050494 -0.067812
    4 5.985943 0.000002 0.000000 0.072605 0.037985 0.391959
    5 4.268658 1.531896 -1.575000 1.272825 0.970700 -0.446102
    6 5.782729 0.000000 0.000001 -3.123644 -0.045638 0.769186
    7 11.452759 0.000001 0.000000 0.000000 0.000000 -0.387256
    8 4.268658 1.531894 1.575000 -1.844818 -1.132901 0.005877
    9 5.782726 0.000004 0.000001 2.961021 0.013456 0.761369
    10 11.452763 0.000001 0.000004 0.000000 0.000000 -0.684468
    11 10.945534 -0.000007 -0.000034 1.585623 -0.232355 0.412374
    12 10.945518 -0.000005 0.000015 -1.257015 0.106514 0.107560
    13 -3.806942 0.000000 0.000000 -0.695658 -0.563675 -2.067834
    14 19.253841 0.000000 0.000000 0.000000 0.000000 0.025250
    15 6.694798 0.000000 0.000000 0.000000 0.000000 0.000000
    16 5.620499 0.000002 0.000000 2.821068 -0.092924 -0.228136
    17 4.684906 0.000002 0.000000 -0.233847 0.154858 1.137123
    18 19.263098 0.000000 0.000000 0.000000 0.000000 0.984850
    19 17.589096 0.000000 0.000000 0.275596 -0.669050 -1.346279
    20 6.240662 0.000000 0.000000 -0.112063 0.023847 -0.461149
    21 3.806942 0.000000 0.000000 -1.830553 -0.240752 -1.381179
    22 6.694801 0.000000 0.000000 0.000000 0.000000 0.000000
    23 19.253845 0.000000 0.000000 0.000000 0.000000 0.025253
    24 3.147137 0.005680 -1.551346 0.204908 0.143273 -0.954241
    25 1.585903 0.000000 0.000000 0.011390 0.016585 -0.964682
    26 0.849087 0.000002 0.000000 -0.054430 -0.175364 -0.012812
    27 3.471079 0.213264 -0.574066 0.197841 0.103922 -1.056897
    28 1.897533 -0.000002 0.000000 -0.051937 -0.088263 -1.080741
    29 1.014454 0.000002 0.000000 0.002346 0.009693 0.056304
    30 3.750082 0.114767 0.430058 0.187201 0.067923 -1.244533
    31 2.258186 0.000000 0.000000 -0.042022 -0.053930 -0.856641
    32 1.210384 0.000001 0.000000 0.001810 0.011981 0.157202
    33 3.868294 -0.166636 1.490141 0.180581 0.034246 -1.190451
    34 1.786068 0.000000 0.000000 0.051300 0.063943 -1.015925
    35 1.044434 -0.000002 0.000000 0.001325 0.038484 0.095729
    36 1.121473 -1.351564 1.030998 1.138475 -0.607693 0.231095
    37 1.928116 0.000000 0.000000 -0.090105 -0.188036 -0.457011
    38 1.285145 -0.000001 0.000000 -0.000005 -0.040574 -1.047036
    39 19.263105 0.000000 0.000000 0.000000 0.000000 0.297191
    40 17.589100 0.000000 0.000000 -0.060656 0.481252 -1.274852
    41 6.240662 0.000000 0.000000 0.020439 -0.027703 -0.707081
    42 5.884350 0.000000 0.000004 -0.126310 0.000000 0.000000
    43 11.768705 0.000000 0.000000 -0.238428 0.000000 0.000000
    44 11.679195 0.000000 0.000008 0.000000 0.000000 -0.161658
    45 3.147156 0.000065 1.551354 -0.201298 -0.143284 -0.649417
    46 1.585903 0.000000 0.000000 -0.011409 -0.016643 -1.331409
    47 0.849087 0.000000 0.000000 0.054379 0.175346 0.227690
    48 3.471100 0.211189 0.574833 -0.194213 -0.103888 -0.872699
    49 1.897533 0.000000 0.000000 0.051947 0.088323 -1.093272
    50 1.014446 0.000003 0.000000 -0.002359 -0.009725 0.111690
    51 3.750099 0.116322 -0.429641 -0.183614 -0.067994 -1.128857
    52 2.258183 0.000000 0.000000 0.042077 0.053977 -0.662652
    53 1.210392 0.000001 0.000000 -0.001842 -0.011976 0.162659
    54 3.868322 -0.161243 -1.490733 -0.177010 -0.034210 -1.024999
    55 1.786068 0.000002 0.000000 -0.051298 -0.063999 -0.749967
    56 1.044445 0.000000 0.000000 -0.001333 -0.038512 0.149883
    57 1.121502 -1.347836 -1.035880 -1.045302 0.582555 0.243500
    58 1.928122 0.000000 -0.000002 -0.000025 0.188108 -0.446082
    59 1.285141 0.000000 -0.000002 -0.000058 0.040588 -0.886387
    60 11.768703 0.000000 -0.000008 0.242666 0.000000 0.000000
    61 5.884356 0.000000 -0.000004 0.128617 0.000000 0.000000
    62 11.679195 0.000000 0.000000 0.000000 0.000000 -0.161657
    63 7.023272 -6.880002 4.339547 2.620672 -1.456011 -1.105365
    64 -27.093750 -25.968750 -7.988281 3.001209 -0.301799 1.971326
    65 0.000000 -0.000007 -0.000031 1.373047 0.113574 0.124314
    66 -0.000004 -0.000007 -0.000031 1.373047 0.113574 0.124314
    67 3.348999 -1.371000 0.725000 1.977842 -0.088017 1.557794
    68 2.856895 -1.536201 -0.973800 -1.501147 -0.272558 -1.578261
    69 -0.000004 0.000000 10.000000 0.000000 0.000000 0.000000
    70 0.018894 0.665159 9.395880 0.000000 0.000000 0.000000
    71 2.000008 -3.000000 0.000000 -1.570796 0.000000 -1.326450
    72 3.028210 -0.923410 -2.009452 1.574082 -0.012974 1.587243
    73 0.116953 4.311607 0.061859 0.000010 0.000000 0.000000
    74 -0.000002 0.000000 0.000001 0.000000 0.000000 0.000000
    75 0.000000 1.000000 0.000010 0.000000 0.000000 0.000000
    76 -0.000002 0.000000 0.000000 0.000000 0.000000 0.000000
    77 -0.000002 0.000000 0.000000 0.000000 0.000000 0.000000
    78 -0.000002 0.000000 0.000000 0.000000 0.000000 0.000000
time 135
    0 1.984375 -6.164063 26.062500 1.656096 0.065204 -0.272623
    1 0.000000 4.246162 -0.018825 1.631512 -0.179552 1.577842
    2 4.195629 0.000000 0.000000 0.057675 0.022718 -0.133228
    3 3.883152 0.000001 0.000000 0.050906 0.045702 -0.067519
    4 5.985943 0.000002 0.000000 0.070374 0.037181 0.386763
    5 4.268658 1.531896 -1.575000 1.262425 0.963635 -0.449369
    6 5.782729 0.000000 0.000001 -3.091106 -0.035187 0.758608
    7 11.452759 0.000001 0.000000 0.000000 0.000000 -0.379254
    8 4.268658 1.531894 1.575000 -1.785362 -1.113853 -0.069060
    9 5.782726 0.000004 0.000001 2.954726 -0.008210 0.733029
    10 11.452763 0.000001 0.000004 0.000000 0.000000 -0.706689
    11 10.945534 -0.000007 -0.000034 1.607329 -0.238634 0.428428
    12 10.945518 -0.000005 0.000015 -1.253110 0.125372 0.100527
    13 -3.806942 0.000000 0.000000 -0.802599 -0.560968 -1.963590
    14 19.253841 0.000000 0.000000 0.000000 0.000000 0.025250
    15 6.694798 0.000000 0.000000 0.000000 0.000000 0.000000
    16 5.620499 0.000002 0.000000 2.843957 -0.084267 -0.219137
    17 4.684906 0.000002 0.000000 -0.217780 0.139227 1.122749
    18 19.263098 0.000000 0.000000 0.000000 0.000000 0.770749
    19 17.589096 0.000000 0.000000 0.251964 -0.730405 -1.186586
    20 6.240662 0.000000 0.000000 -0.112019 0.023863 -0.594970
    21 3.806942 0.000000 0.000000 -1.918479 -0.276592 -1.378354
    22 6.694801 0.000000 0.000000 0.000000 0.000000 0.000000
    23 19.253845 0.000000 0.000000 0.000000 0.000000 0.025253
    24 3.147137 0.005680 -1.551346 0.204908 0.143273 -0.954241
    25 1.585903 0.000000 0.000000 0.011390 0.016585 -0.964682
    26 0.849087 0.000002 0.000000 -0.054430 -0.175364 -0.012812
    27 3.471079 0.213264 -0.574066 0.197841 0.103922 -1.056897
    28 1.897533 -0.000002 0.000000 -0.051937 -0.088263 -1.080741
    29 1.014454 0.000002 0.000000 0.002346 0.009693 0.056304
    30 3.750082 0.114767 0.430058 0.187201 0.067923 -1.244533
    31 2.258186 0.000000 0.000000 -0.042022 -0.053930 -0.856641
    32 1.210384 0.000001 0.000000 0.001810 0.011981 0.157202
    33 3.868294 -0.166636 1.490141 0.180581 0.034246 -1.190451
    34 1.786068 0.000000 0.000000 0.051300 0.063943 -1.015925
    35 1.044434 -0.000002 0.000000 0.001325 0.038484 0.095729
    36 1.121473 -1.351564 1.030998 1.138475 -0.607693 0.231095
    37 1.928116 0.000000 0.000000 -0.090105 -0.188036 -0.457011
    38 1.285145 -0.000001 0.000000 -0.000005 -0.040574 -1.047036
    39 19.263105 0.000000 0.000000 0.000000 0.000000 0.405395
    40 17.589100 0.000000 0.000000 -0.084275 0.330430 -1.334706
    41 6.240662 0.000000 0.000000 0.020429 -0.027650 -0.665640
    42 5.884350 0.000000 0.000004 -0.126310 0.000000 0.000000
    43 11.768705 0.000000 0.000000 -0.238428 0.000000 0.000000
    44 11.679195 0.000000 0.000008 0.000000 0.000000 -0.161658
    45 3.147156 0.000065 1.551354 -0.201298 -0.143284 -0.649417
    46 1.585903 0.000000 0.000000 -0.011409 -0.016643 -1.331409
    47 0.849087 0.000000 0.000000 0.054379 0.175346 0.227690
    48 3.471100 0.211189 0.574833 -0.194213 -0.103888 -0.872699
    49 1.897533 0.000000 0.000000 0.051947 0.088323 -1.093272
    50 1.014446 0.000003 0.000000 -0.002359 -0.009725 0.111690
    51 3.750099 0.116322 -0.429641 -0.183614 -0.067994 -1.128857
    52 2.258183 0.000000 0.000000 0.042077 0.053977 -0.662652
    53 1.210392 0.000001 0.000000 -0.001842 -0.011976 0.162659
    54 3.868322 -0.161243 -1.490733 -0.177010 -0.034210 -1.024999
    55 1.786068 0.000002 0.000000 -0.051298 -0.063999 -0.749967
    56 1.044445 0.000000 0.000000 -0.001333 -0.038512 0.149883
    57 1.121502 -1.347836 -1.035880 -1.045302 0.582555 0.243500
    58 1.928122 0.000000 -0.000002 -0.000025 0.188108 -0.446082
    59 1.285141 0.000000 -0.000002 -0.000058 0.040588 -0.886387
    60 11.768703 0.000000 -0.000008 0.242666 0.000000 0.000000
    61 5.884356 0.000000 -0.000004 0.128617 0.000000 0.000000
    62 11.679195 0.000000 0.000000 0.000000 0.000000 -0.161657
    63 7.023272 -6.880002 4.339547 2.620672 -1.456011 -1.105365
    64 -28.281250 -20.875000 -8.320313 2.991384 -0.320717 1.989041
    65 0.000000 -0.000007 -0.000031 1.373047 0.113574 0.124314
    66 -0.000004 -0.000007 -0.000031 1.373047 0.113574 0.124314
    67 3.348999 -1.371000 0.725000 1.977842 -0.088017 1.557794
    68 2.856895 -1.536201 -0.973800 -1.501147 -0.272558 -1.578261
    69 -0.000004 0.000000 10.000000 0.000000 0.000000 0.000000
    70 0.018894 0.665159 9.395880 0.000000 0.000000 0.000000
    71 2.000008 -3.000000 0.000000 -1.570796 0.000000 -1.326450
    72 3.028210 -0.923410 -2.009452 1.574082 -0.012974 1.587243
    73 0.116953 4.311607 0.061859 0.000010 0.000000 0.000000
    74 -0.000002 0.000000 0.000001 0.000000 0.000000 0.000000
    75 0.000000 1.000000 0.000010 0.000000 0.000000 0.000000
    76 -0.000002 0.000000 0.000000 0.000000 0.000000 0.000000
    77 -0.000002 0.000000 0.000000 0.000000 0.000000 0.000000
    78 -0.000002 0.000000 0.000000 0.000000 0.000000 0.000000
time 136
    0 2.257813 -6.074219 26.015625 1.641544 0.027607 -0.283087
    1 0.000000 4.246162 -0.018825 1.625210 -0.179806 1.559400
    2 4.195629 0.000000 0.000000 0.052288 0.008743 -0.132252
    3 3.883152 0.000001 0.000000 0.046622 0.037710 -0.061054
    4 5.985943 0.000002 0.000000 0.064336 0.034494 0.395673
    5 4.268658 1.531896 -1.575000 1.271794 0.955260 -0.423002
    6 5.782729 0.000000 0.000001 -3.090264 -0.030278 0.739761
    7 11.452759 0.000001 0.000000 0.000000 0.000000 -0.372049
    8 4.268658 1.531894 1.575000 -1.720382 -1.084925 -0.142014
    9 5.782726 0.000004 0.000001 2.962804 -0.035534 0.696426
    10 11.452763 0.000001 0.000004 0.000000 0.000000 -0.725769
    11 10.945534 -0.000007 -0.000034 1.619731 -0.240948 0.433869
    12 10.945518 -0.000005 0.000015 -1.239596 0.143065 0.089355
    13 -3.806942 0.000000 0.000000 -0.925206 -0.510653 -1.887185
    14 19.253841 0.000000 0.000000 0.000000 0.000000 0.025250
    15 6.694798 0.000000 0.000000 0.000000 0.000000 0.000000
    16 5.620499 0.000002 0.000000 2.856176 -0.077886 -0.192073
    17 4.684906 0.000002 0.000000 -0.208065 0.123934 1.099586
    18 19.263098 0.000000 0.000000 0.000000 0.000000 0.525984
    19 17.589096 0.000000 0.000000 0.166469 -0.688184 -1.102082
    20 6.240662 0.000000 0.000000 -0.112082 0.023784 -0.807981
    21 3.806942 0.000000 0.000000 -1.967934 -0.299625 -1.395379
    22 6.694801 0.000000 0.000000 0.000000 0.000000 0.000000
    23 19.253845 0.000000 0.000000 0.000000 0.000000 0.025253
    24 3.147137 0.005680 -1.551346 0.204908 0.143273 -0.954241
    25 1.585903 0.000000 0.000000 0.011390 0.016585 -0.964682
    26 0.849087 0.000002 0.000000 -0.054430 -0.175364 -0.012812
    27 3.471079 0.213264 -0.574066 0.197841 0.103922 -1.056897
    28 1.897533 -0.000002 0.000000 -0.051937 -0.088263 -1.080741
    29 1.014454 0.000002 0.000000 0.002346 0.009693 0.056304
    30 3.750082 0.114767 0.430058 0.187201 0.067923 -1.244533
    31 2.258186 0.000000 0.000000 -0.042022 -0.053930 -0.856641
    32 1.210384 0.000001 0.000000 0.001810 0.011981 0.157202
    33 3.868294 -0.166636 1.490141 0.180581 0.034246 -1.190451
    34 1.786068 0.000000 0.000000 0.051300 0.063943 -1.015925
    35 1.044434 -0.000002 0.000000 0.001325 0.038484 0.095729
    36 1.121473 -1.351564 1.030998 1.138475 -0.607693 0.231095
    37 1.928116 0.000000 0.000000 -0.090105 -0.188036 -0.457011
    38 1.285145 -0.000001 0.000000 -0.000005 -0.040574 -1.047036
    39 19.263105 0.000000 0.000000 0.000000 0.000000 0.551956
    40 17.589100 0.000000 0.000000 -0.125973 0.103483 -1.395147
    41 6.240662 0.000000 0.000000 0.020451 -0.027661 -0.613890
    42 5.884350 0.000000 0.000004 -0.126310 0.000000 0.000000
    43 11.768705 0.000000 0.000000 -0.238428 0.000000 0.000000
    44 11.679195 0.000000 0.000008 0.000000 0.000000 -0.161658
    45 3.147156 0.000065 1.551354 -0.201298 -0.143284 -0.649417
    46 1.585903 0.000000 0.000000 -0.011409 -0.016643 -1.331409
    47 0.849087 0.000000 0.000000 0.054379 0.175346 0.227690
    48 3.471100 0.211189 0.574833 -0.194213 -0.103888 -0.872699
    49 1.897533 0.000000 0.000000 0.051947 0.088323 -1.093272
    50 1.014446 0.000003 0.000000 -0.002359 -0.009725 0.111690
    51 3.750099 0.116322 -0.429641 -0.183614 -0.067994 -1.128857
    52 2.258183 0.000000 0.000000 0.042077 0.053977 -0.662652
    53 1.210392 0.000001 0.000000 -0.001842 -0.011976 0.162659
    54 3.868322 -0.161243 -1.490733 -0.177010 -0.034210 -1.024999
    55 1.786068 0.000002 0.000000 -0.051298 -0.063999 -0.749967
    56 1.044445 0.000000 0.000000 -0.001333 -0.038512 0.149883
    57 1.121502 -1.347836 -1.035880 -1.045302 0.582555 0.243500
    58 1.928122 0.000000 -0.000002 -0.000025 0.188108 -0.446082
    59 1.285141 0.000000 -0.000002 -0.000058 0.040588 -0.886387
    60 11.768703 0.000000 -0.000008 0.242666 0.000000 0.000000
    61 5.884356 0.000000 -0.000004 0.128617 0.000000 0.000000
    62 11.679195 0.000000 0.000000 0.000000 0.000000 -0.161657
    63 7.023272 -6.880002 4.339547 2.620672 -1.456011 -1.105365
    64 -28.015625 -15.265625 -6.367188 2.976926 -0.325035 2.000668
    65 0.000000 -0.000007 -0.000031 1.373047 0.113574 0.124314
    66 -0.000004 -0.000007 -0.000031 1.373047 0.113574 0.124314
    67 3.348999 -1.371000 0.725000 1.977842 -0.088017 1.557794
    68 2.856895 -1.536201 -0.973800 -1.501147 -0.272558 -1.578261
    69 -0.000004 0.000000 10.000000 0.000000 0.000000 0.000000
    70 0.018894 0.665159 9.395880 0.000000 0.000000 0.000000
    71 2.000008 -3.000000 0.000000 -1.570796 0.000000 -1.326450
    72 3.028210 -0.923410 -2.009452 1.574082 -0.012974 1.587243
    73 0.116953 4.311607 0.061859 0.000010 0.000000 0.000000
    74 -0.000002 0.000000 0.000001 0.000000 0.000000 0.000000
    75 0.000000 1.000000 0.000010 0.000000 0.000000 0.000000
    76 -0.000002 0.000000 0.000000 0.000000 0.000000 0.000000
    77 -0.000002 0.000000 0.000000 0.000000 0.000000 0.000000
    78 -0.000002 0.000000 0.000000 0.000000 0.000000 0.000000
time 137
    0 2.474609 -6.093750 25.890625 1.626117 -0.017576 -0.280264
    1 0.000000 4.246162 -0.018825 1.616457 -0.174244 1.540358
    2 4.195629 0.000000 0.000000 0.044845 -0.005447 -0.135100
    3 3.883152 0.000001 0.000000 0.040642 0.026598 -0.054904
    4 5.985943 0.000002 0.000000 0.054231 0.026223 0.405852
    5 4.268658 1.531896 -1.575000 1.293828 0.943999 -0.391326
    6 5.782729 0.000000 0.000001 -3.130570 -0.016848 0.716488
    7 11.452759 0.000001 0.000000 0.000000 0.000000 -0.358179
    8 4.268658 1.531894 1.575000 -1.699694 -1.042706 -0.162739
    9 5.782726 0.000004 0.000001 2.987613 -0.050841 0.661746
    10 11.452763 0.000001 0.000004 0.000000 0.000000 -0.725030
    11 10.945534 -0.000007 -0.000034 1.625463 -0.238385 0.427918
    12 10.945518 -0.000005 0.000015 -1.211616 0.152510 0.066315
    13 -3.806942 0.000000 0.000000 -1.043128 -0.445621 -1.855760
    14 19.253841 0.000000 0.000000 0.000000 0.000000 0.025250
    15 6.694798 0.000000 0.000000 0.000000 0.000000 0.000000
    16 5.620499 0.000002 0.000000 2.856077 -0.072221 -0.157630
    17 4.684906 0.000002 0.000000 -0.208037 0.110337 1.071076
    18 19.263098 0.000000 0.000000 0.000000 0.000000 0.345991
    19 17.589096 0.000000 0.000000 0.098868 -0.565387 -1.097855
    20 6.240662 0.000000 0.000000 -0.112015 0.023790 -0.847445
    21 3.806942 0.000000 0.000000 -2.009879 -0.322343 -1.410739
    22 6.694801 0.000000 0.000000 0.000000 0.000000 0.000000
    23 19.253845 0.000000 0.000000 0.000000 0.000000 0.025253
    24 3.147137 0.005680 -1.551346 0.204908 0.143273 -0.954241
    25 1.585903 0.000000 0.000000 0.011390 0.016585 -0.964682
    26 0.849087 0.000002 0.000000 -0.054430 -0.175364 -0.012812
    27 3.471079 0.213264 -0.574066 0.197841 0.103922 -1.056897
    28 1.897533 -0.000002 0.000000 -0.051937 -0.088263 -1.080741
    29 1.014454 0.000002 0.000000 0.002346 0.009693 0.056304
    30 3.750082 0.114767 0.430058 0.187201 0.067923 -1.244533
    31 2.258186 0.000000 0.000000 -0.042022 -0.053930 -0.856641
    32 1.210384 0.000001 0.000000 0.001810 0.011981 0.157202
    33 3.868294 -0.166636 1.490141 0.180581 0.034246 -1.190451
    34 1.786068 0.000000 0.000000 0.051300 0.063943 -1.015925
    35 1.044434 -0.000002 0.000000 0.001325 0.038484 0.095729
    36 1.121473 -1.351564 1.030998 1.138475 -0.607693 0.231095
    37 1.928116 0.000000 0.000000 -0.090105 -0.188036 -0.457011
    38 1.285145 -0.000001 0.000000 -0.000005 -0.040574 -1.047036
    39 19.263105 0.000000 0.000000 0.000000 0.000000 0.715529
    40 17.589100 0.000000 0.000000 -0.146692 0.070478 -1.435163
    41 6.240662 0.000000 0.000000 0.020394 -0.027743 -0.587769
    42 5.884350 0.000000 0.000004 -0.126310 0.000000 0.000000
    43 11.768705 0.000000 0.000000 -0.238428 0.000000 0.000000
    44 11.679195 0.000000 0.000008 0.000000 0.000000 -0.161658
    45 3.147156 0.000065 1.551354 -0.201298 -0.143284 -0.649417
    46 1.585903 0.000000 0.000000 -0.011409 -0.016643 -1.331409
    47 0.849087 0.000000 0.000000 0.054379 0.175346 0.227690
    48 3.471100 0.211189 0.574833 -0.194213 -0.103888 -0.872699
    49 1.897533 0.000000 0.000000 0.051947 0.088323 -1.093272
    50 1.014446 0.000003 0.000000 -0.002359 -0.009725 0.111690
    51 3.750099 0.116322 -0.429641 -0.183614 -0.067994 -1.128857
    52 2.258183 0.000000 0.000000 0.042077 0.053977 -0.662652
    53 1.210392 0.000001 0.000000 -0.001842 -0.011976 0.162659
    54 3.868322 -0.161243 -1.490733 -0.177010 -0.034210 -1.024999
    55 1.786068 0.000002 0.000000 -0.051298 -0.063999 -0.749967
    56 1.044445 0.000000 0.000000 -0.001333 -0.038512 0.149883
    57 1.121502 -1.347836 -1.035880 -1.045302 0.582555 0.243500
    58 1.928122 0.000000 -0.000002 -0.000025 0.188108 -0.446082
    59 1.285141 0.000000 -0.000002 -0.000058 0.040588 -0.886387
    60 11.768703 0.000000 -0.000008 0.242666 0.000000 0.000000
    61 5.884356 0.000000 -0.000004 0.128617 0.000000 0.000000
    62 11.679195 0.000000 0.000000 0.000000 0.000000 -0.161657
    63 7.023272 -6.880002 4.339547 2.620672 -1.456011 -1.105365
    64 -25.765625 -11.773438 -2.333984 2.963486 -0.324515 1.998255
    65 0.000000 -0.000007 -0.000031 1.373047 0.113574 0.124314
    66 -0.000004 -0.000007 -0.000031 1.373047 0.113574 0.124314
    67 3.348999 -1.371000 0.725000 1.977842 -0.088017 1.557794
    68 2.856895 -1.536201 -0.973800 -1.501147 -0.272558 -1.578261
    69 -0.000004 0.000000 10.000000 0.000000 0.000000 0.000000
    70 0.018894 0.665159 9.395880 0.000000 0.000000 0.000000
    71 2.000008 -3.000000 0.000000 -1.570796 0.000000 -1.326450
    72 3.028210 -0.923410 -2.009452 1.574082 -0.012974 1.587243
    73 0.116953 4.311607 0.061859 0.000010 0.000000 0.000000
    74 -0.000002 0.000000 0.000001 0.000000 0.000000 0.000000
    75 0.000000 1.000000 0.000010 0.000000 0.000000 0.000000
    76 -0.000002 0.000000 0.000000 0.000000 0.000000 0.000000
    77 -0.000002 0.000000 0.000000 0.000000 0.000000 0.000000
    78 -0.000002 0.000000 0.000000 0.000000 0.000000 0.000000
time 138
    0 2.673828 -6.160156 25.750000 1.616508 -0.051798 -0.272119
    1 0.000000 4.246162 -0.018825 1.608510 -0.167909 1.526850
    2 4.195629 0.000000 0.000000 0.037701 -0.014519 -0.138620
    3 3.883152 0.000001 0.000000 0.034471 0.019466 -0.051994
    4 5.985943 0.000002 0.000000 0.045335 0.021150 0.411294
    5 4.268658 1.531896 -1.575000 1.312515 0.929419 -0.376080
    6 5.782729 0.000000 0.000001 3.107176 0.007495 0.709160
    7 11.452759 0.000001 0.000000 0.000000 0.000000 -0.327165
    8 4.268658 1.531894 1.575000 -1.687771 -1.019652 -0.173312
    9 5.782726 0.000004 0.000001 3.000900 -0.067502 0.648889
    10 11.452763 0.000001 0.000004 0.000000 0.000000 -0.709082
    11 10.945534 -0.000007 -0.000034 1.633145 -0.234612 0.419072
    12 10.945518 -0.000005 0.000015 -1.186875 0.154419 0.028386
    13 -3.806942 0.000000 0.000000 -1.126407 -0.386262 -1.842074
    14 19.253841 0.000000 0.000000 0.000000 0.000000 0.025250
    15 6.694798 0.000000 0.000000 0.000000 0.000000 0.000000
    16 5.620499 0.000002 0.000000 2.848713 -0.072643 -0.142321
    17 4.684906 0.000002 0.000000 -0.212167 0.105854 1.057169
    18 19.263098 0.000000 0.000000 0.000000 0.000000 0.235349
    19 17.589096 0.000000 0.000000 0.072473 -0.380633 -1.064758
    20 6.240662 0.000000 0.000000 -0.112014 0.023859 -0.732426
    21 3.806942 0.000000 0.000000 -2.045260 -0.343210 -1.407473
    22 6.694801 0.000000 0.000000 0.000000 0.000000 0.000000
    23 19.253845 0.000000 0.000000 0.000000 0.000000 0.025253
    24 3.147137 0.005680 -1.551346 0.204908 0.143273 -0.954241
    25 1.585903 0.000000 0.000000 0.011390 0.016585 -0.964682
    26 0.849087 0.000002 0.000000 -0.054430 -0.175364 -0.012812
    27 3.471079 0.213264 -0.574066 0.197841 0.103922 -1.056897
    28 1.897533 -0.000002 0.000000 -0.051937 -0.088263 -1.080741
    29 1.014454 0.000002 0.000000 0.002346 0.009693 0.056304
    30 3.750082 0.114767 0.430058 0.187201 0.067923 -1.244533
    31 2.258186 0.000000 0.000000 -0.042022 -0.053930 -0.856641
    32 1.210384 0.000001 0.000000 0.001810 0.011981 0.157202
    33 3.868294 -0.166636 1.490141 0.180581 0.034246 -1.190451
    34 1.786068 0.000000 0.000000 0.051300 0.063943 -1.015925
    35 1.044434 -0.000002 0.000000 0.001325 0.038484 0.095729
    36 1.121473 -1.351564 1.030998 1.138475 -0.607693 0.231095
    37 1.928116 0.000000 0.000000 -0.090105 -0.188036 -0.457011
    38 1.285145 -0.000001 0.000000 -0.000005 -0.040574 -1.047036
    39 19.263105 0.000000 0.000000 0.000000 0.000000 0.862369
    40 17.589100 0.000000 0.000000 -0.163628 0.168725 -1.460265
    41 6.240662 0.000000 0.000000 0.020432 -0.027686 -0.580377
    42 5.884350 0.000000 0.000004 -0.126310 0.000000 0.000000
    43 11.768705 0.000000 0.000000 -0.238428 0.000000 0.000000
    44 11.679195 0.000000 0.000008 0.000000 0.000000 -0.161658
    45 3.147156 0.000065 1.551354 -0.201298 -0.143284 -0.649417
    46 1.585903 0.000000 0.000000 -0.011409 -0.016643 -1.331409
    47 0.849087 0.000000 0.000000 0.054379 0.175346 0.227690
    48 3.471100 0.211189 0.574833 -0.194213 -0.103888 -0.872699
    49 1.897533 0.000000 0.000000 0.051947 0.088323 -1.093272
    50 1.014446 0.000003 0.000000 -0.002359 -0.009725 0.111690
    51 3.750099 0.116322 -0.429641 -0.183614 -0.067994 -1.128857
    52 2.258183 0.000000 0.000000 0.042077 0.053977 -0.662652
    53 1.210392 0.000001 0.000000 -0.001842 -0.011976 0.162659
    54 3.868322 -0.161243 -1.490733 -0.177010 -0.034210 -1.024999
    55 1.786068 0.000002 0.000000 -0.051298 -0.063999 -0.749967
    56 1.044445 0.000000 0.000000 -0.001333 -0.038512 0.149883
    57 1.121502 -1.347836 -1.035880 -1.045302 0.582555 0.243500
    58 1.928122 0.000000 -0.000002 -0.000025 0.188108 -0.446082
    59 1.285141 0.000000 -0.000002 -0.000058 0.040588 -0.886387
    60 11.768703 0.000000 -0.000008 0.242666 0.000000 0.000000
    61 5.884356 0.000000 -0.000004 0.128617 0.000000 0.000000
    62 11.679195 0.000000 0.000000 0.000000 0.000000 -0.161657
    63 7.023272 -6.880002 4.339547 2.620672 -1.456011 -1.105365
    64 -22.406250 -11.921875 2.128906 2.952771 -0.331603 1.990527
    65 0.000000 -0.000007 -0.000031 1.373047 0.113574 0.124314
    66 -0.000004 -0.000007 -0.000031 1.373047 0.113574 0.124314
    67 3.348999 -1.371000 0.725000 1.977842 -0.088017 1.557794
    68 2.856895 -1.536201 -0.973800 -1.501147 -0.272558 -1.578261
    69 -0.000004 0.000000 10.000000 0.000000 0.000000 0.000000
    70 0.018894 0.665159 9.395880 0.000000 0.000000 0.000000
    71 2.000008 -3.000000 0.000000 -1.570796 0.000000 -1.326450
    72 3.028210 -0.923410 -2.009452 1.574082 -0.012974 1.587243
    73 0.116953 4.311607 0.061859 0.000010 0.000000 0.000000
    74 -0.000002 0.000000 0.000001 0.000000 0.000000 0.000000
    75 0.000000 1.000000 0.000010 0.000000 0.000000 0.000000
    76 -0.000002 0.000000 0.000000 0.000000 0.000000 0.000000
    77 -0.000002 0.000000 0.000000 0.000000 0.000000 0.000000
    78 -0.000002 0.000000 0.000000 0.000000 0.000000 0.000000
time 139
    0 2.845703 -6.253906 25.671875 1.614844 -0.071913 -0.259843
    1 0.000000 4.246162 -0.018825 1.602688 -0.162644 1.519283
    2 4.195629 0.000000 0.000000 0.032364 -0.019429 -0.141687
    3 3.883152 0.000001 0.000000 0.029440 0.016836 -0.052425
    4 5.985943 0.000002 0.000000 0.039708 0.020825 0.411202
    5 4.268658 1.531896 -1.575000 1.330246 0.920393 -0.360977
    6 5.782729 0.000000 0.000001 3.070864 0.019336 0.705672
    7 11.452759 0.000001 0.000000 0.000000 0.000000 -0.307232
    8 4.268658 1.531894 1.575000 -1.689518 -1.017506 -0.176171
    9 5.782726 0.000004 0.000001 3.002641 -0.086925 0.655508
    10 11.452763 0.000001 0.000004 0.000000 0.000000 -0.692538
    11 10.945534 -0.000007 -0.000034 1.642360 -0.230996 0.412493
    12 10.945518 -0.000005 0.000015 -1.167640 0.151097 -0.004241
    13 -3.806942 0.000000 0.000000 -1.175000 -0.337154 -1.827743
    14 19.253841 0.000000 0.000000 0.000000 0.000000 0.025250
    15 6.694798 0.000000 0.000000 0.000000 0.000000 0.000000
    16 5.620499 0.000002 0.000000 2.839721 -0.072605 -0.161382
    17 4.684906 0.000002 0.000000 -0.220334 0.105983 1.070307
    18 19.263098 0.000000 0.000000 0.000000 0.000000 0.173474
    19 17.589096 0.000000 0.000000 0.085449 -0.182874 -1.003006
    20 6.240662 0.000000 0.000000 -0.112076 0.023833 -0.562587
    21 3.806942 0.000000 0.000000 -2.095460 -0.354507 -1.389278
    22 6.694801 0.000000 0.000000 0.000000 0.000000 0.000000
    23 19.253845 0.000000 0.000000 0.000000 0.000000 0.025253
    24 3.147137 0.005680 -1.551346 0.204908 0.143273 -0.954241
    25 1.585903 0.000000 0.000000 0.011390 0.016585 -0.964682
    26 0.849087 0.000002 0.000000 -0.054430 -0.175364 -0.012812
    27 3.471079 0.213264 -0.574066 0.197841 0.103922 -1.056897
    28 1.897533 -0.000002 0.000000 -0.051937 -0.088263 -1.080741
    29 1.014454 0.000002 0.000000 0.002346 0.009693 0.056304
    30 3.750082 0.114767 0.430058 0.187201 0.067923 -1.244533
    31 2.258186 0.000000 0.000000 -0.042022 -0.053930 -0.856641
    32 1.210384 0.000001 0.000000 0.001810 0.011981 0.157202
    33 3.868294 -0.166636 1.490141 0.180581 0.034246 -1.190451
    34 1.786068 0.000000 0.000000 0.051300 0.063943 -1.015925
    35 1.044434 -0.000002 0.000000 0.001325 0.038484 0.095729
    36 1.121473 -1.351564 1.030998 1.138475 -0.607693 0.231095
    37 1.928116 0.000000 0.000000 -0.090105 -0.188036 -0.457011
    38 1.285145 -0.000001 0.000000 -0.000005 -0.040574 -1.047036
    39 19.263105 0.000000 0.000000 0.000000 0.000000 0.958978
    40 17.589100 0.000000 0.000000 -0.188941 0.265746 -1.467230
    41 6.240662 0.000000 0.000000 0.020422 -0.027730 -0.573713
    42 5.884350 0.000000 0.000004 -0.126310 0.000000 0.000000
    43 11.768705 0.000000 0.000000 -0.238428 0.000000 0.000000
    44 11.679195 0.000000 0.000008 0.000000 0.000000 -0.161658
    45 3.147156 0.000065 1.551354 -0.201298 -0.143284 -0.649417
    46 1.585903 0.000000 0.000000 -0.011409 -0.016643 -1.331409
    47 0.849087 0.000000 0.000000 0.054379 0.175346 0.227690
    48 3.471100 0.211189 0.574833 -0.194213 -0.103888 -0.872699
    49 1.897533 0.000000 0.000000 0.051947 0.088323 -1.093272
    50 1.014446 0.000003 0.000000 -0.002359 -0.009725 0.111690
    51 3.750099 0.116322 -0.429641 -0.183614 -0.067994 -1.128857
    52 2.258183 0.000000 0.000000 0.042077 0.053977 -0.662652
    53 1.210392 0.000001 0.000000 -0.001842 -0.011976 0.162659
    54 3.868322 -0.161243 -1.490733 -0.177010 -0.034210 -1.024999
    55 1.786068 0.000002 0.000000 -0.051298 -0.063999 -0.749967
    56 1.044445 0.000000 0.000000 -0.001333 -0.038512 0.149883
    57 1.121502 -1.347836 -1.035880 -1.045302 0.582555 0.243500
    58 1.928122 0.000000 -0.000002 -0.000025 0.188108 -0.446082
    59 1.285141 0.000000 -0.000002 -0.000058 0.040588 -0.886387
    60 11.768703 0.000000 -0.000008 0.242666 0.000000 0.000000
    61 5.884356 0.000000 -0.000004 0.128617 0.000000 0.000000
    62 11.679195 0.000000 0.000000 0.000000 0.000000 -0.161657
    63 7.023272 -6.880002 4.339547 2.620672 -1.456011 -1.105365
    64 -18.843750 -15.093750 5.761719 2.946443 -0.344986 1.986139
    65 0.000000 -0.000007 -0.000031 1.373047 0.113574 0.124314
    66 -0.000004 -0.000007 -0.000031 1.373047 0.113574 0.124314
    67 3.348999 -1.371000 0.725000 1.977842 -0.088017 1.557794
    68 2.856895 -1.536201 -0.973800 -1.501147 -0.272558 -1.578261
    69 -0.000004 0.000000 10.000000 0.000000 0.000000 0.000000
    70 0.018894 0.665159 9.395880 0.000000 0.000000 0.000000
    71 2.000008 -3.000000 0.000000 -1.570796 0.000000 -1.326450
    72 3.028210 -0.923410 -2.009452 1.574082 -0.012974 1.587243
    73 0.116953 4.311607 0.061859 0.000010 0.000000 0.000000
    74 -0.000002 0.000000 0.000001 0.000000 0.000000 0.000000
    75 0.000000 1.000000 0.000010 0.000000 0.000000 0.000000
    76 -0.000002 0.000000 0.000000 0.000000 0.000000 0.000000
    77 -0.000002 0.000000 0.000000 0.000000 0.000000 0.000000
    78 -0.000002 0.000000 0.000000 0.000000 0.000000 0.000000
time 140
    0 2.964844 -6.425781 25.625000 1.621413 -0.086545 -0.242309
    1 0.000000 4.246162 -0.018825 1.596200 -0.154391 1.515575
    2 4.195629 0.000000 0.000000 0.026523 -0.022993 -0.145829
    3 3.883152 0.000001 0.000000 0.023838 0.012980 -0.052861
    4 5.985943 0.000002 0.000000 0.032532 0.018071 0.412285
    5 4.268658 1.531896 -1.575000 1.352209 0.923088 -0.342071
    6 5.782729 0.000000 0.000001 3.061280 0.017470 0.700075
    7 11.452759 0.000001 0.000000 0.000000 0.000000 -0.306010
    8 4.268658 1.531894 1.575000 -1.694017 -1.026063 -0.171801
    9 5.782726 0.000004 0.000001 3.007211 -0.084452 0.679631
    10 11.452763 0.000001 0.000004 0.000000 0.000000 -0.675037
    11 10.945534 -0.000007 -0.000034 1.645411 -0.225982 0.412229
    12 10.945518 -0.000005 0.000015 -1.160439 0.149097 -0.012931
    13 -3.806942 0.000000 0.000000 -1.183808 -0.291607 -1.817073
    14 19.253841 0.000000 0.000000 0.000000 0.000000 0.025250
    15 6.694798 0.000000 0.000000 0.000000 0.000000 0.000000
    16 5.620499 0.000002 0.000000 2.836473 -0.065112 -0.206337
    17 4.684906 0.000002 0.000000 -0.228669 0.098859 1.109621
    18 19.263098 0.000000 0.000000 0.000000 0.000000 0.143511
    19 17.589096 0.000000 0.000000 0.089741 -0.062386 -0.936715
    20 6.240662 0.000000 0.000000 -0.112053 0.023848 -0.442875
    21 3.806942 0.000000 0.000000 -2.157779 -0.354617 -1.366113
    22 6.694801 0.000000 0.000000 0.000000 0.000000 0.000000
    23 19.253845 0.000000 0.000000 0.000000 0.000000 0.025253
    24 3.147137 0.005680 -1.551346 0.204908 0.143273 -0.954241
    25 1.585903 0.000000 0.000000 0.011390 0.016585 -0.964682
    26 0.849087 0.000002 0.000000 -0.054430 -0.175364 -0.012812
    27 3.471079 0.213264 -0.574066 0.197841 0.103922 -1.056897
    28 1.897533 -0.000002 0.000000 -0.051937 -0.088263 -1.080741
    29 1.014454 0.000002 0.000000 0.002346 0.009693 0.056304
    30 3.750082 0.114767 0.430058 0.187201 0.067923 -1.244533
    31 2.258186 0.000000 0.000000 -0.042022 -0.053930 -0.856641
    32 1.210384 0.000001 0.000000 0.001810 0.011981 0.157202
    33 3.868294 -0.166636 1.490141 0.180581 0.034246 -1.190451
    34 1.786068 0.000000 0.000000 0.051300 0.063943 -1.015925
    35 1.044434 -0.000002 0.000000 0.001325 0.038484 0.095729
    36 1.121473 -1.351564 1.030998 1.138475 -0.607693 0.231095
    37 1.928116 0.000000 0.000000 -0.090105 -0.188036 -0.457011
    38 1.285145 -0.000001 0.000000 -0.000005 -0.040574 -1.047036
    39 19.263105 0.000000 0.000000 0.000000 0.000000 1.007451
    40 17.589100 0.000000 0.000000 -0.223374 0.310000 -1.487974
    41 6.240662 0.000000 0.000000 0.020398 -0.027687 -0.524736
    42 5.884350 0.000000 0.000004 -0.126310 0.000000 0.000000
    43 11.768705 0.000000 0.000000 -0.238428 0.000000 0.000000
    44 11.679195 0.000000 0.000008 0.000000 0.000000 -0.161658
    45 3.147156 0.000065 1.551354 -0.201298 -0.143284 -0.649417
    46 1.585903 0.000000 0.000000 -0.011409 -0.016643 -1.331409
    47 0.849087 0.000000 0.000000 0.054379 0.175346 0.227690
    48 3.471100 0.211189 0.574833 -0.194213 -0.103888 -0.872699
    49 1.897533 0.000000 0.000000 0.051947 0.088323 -1.093272
    50 1.014446 0.000003 0.000000 -0.002359 -0.009725 0.111690
    51 3.750099 0.116322 -0.429641 -0.183614 -0.067994 -1.128857
    52 2.258183 0.000000 0.000000 0.042077 0.053977 -0.662652
    53 1.210392 0.000001 0.000000 -0.001842 -0.011976 0.162659
    54 3.868322 -0.161243 -1.490733 -0.177010 -0.034210 -1.024999
    55 1.786068 0.000002 0.000000 -0.051298 -0.063999 -0.749967
    56 1.044445 0.000000 0.000000 -0.001333 -0.038512 0.149883
    57 1.121502 -1.347836 -1.035880 -1.045302 0.582555 0.243500
    58 1.928122 0.000000 -0.000002 -0.000025 0.188108 -0.446082
    59 1.285141 0.000000 -0.000002 -0.000058 0.040588 -0.886387
    60 11.768703 0.000000 -0.000008 0.242666 0.000000 0.000000
    61 5.884356 0.000000 -0.000004 0.128617 0.000000 0.000000
    62 11.679195 0.000000 0.000000 0.000000 0.000000 -0.161657
    63 7.023272 -6.880002 4.339547 2.620672 -1.456011 -1.105365
    64 -16.109375 -21.093750 6.187500 2.950467 -0.346477 1.980661
    65 0.000000 -0.000007 -0.000031 1.373047 0.113574 0.124314
    66 -0.000004 -0.000007 -0.000031 1.373047 0.113574 0.124314
    67 3.348999 -1.371000 0.725000 1.977842 -0.088017 1.557794
    68 2.856895 -1.536201 -0.973800 -1.501147 -0.272558 -1.578261
    69 -0.000004 0.000000 10.000000 0.000000 0.000000 0.000000
    70 0.018894 0.665159 9.395880 0.000000 0.000000 0.000000
    71 2.000008 -3.000000 0.000000 -1.570796 0.000000 -1.326450
    72 3.028210 -0.923410 -2.009452 1.574082 -0.012974 1.587243
    73 0.116953 4.311607 0.061859 0.000010 0.000000 0.000000
    74 -0.000002 0.000000 0.000001 0.000000 0.000000 0.000000
    75 0.000000 1.000000 0.000010 0.000000 0.000000 0.000000
    76 -0.000002 0.000000 0.000000 0.000000 0.000000 0.000000
    77 -0.000002 0.000000 0.000000 0.000000 0.000000 0.000000
    78 -0.000002 0.000000 0.000000 0.000000 0.000000 0.000000
time 141
    0 3.046875 -6.617188 25.562500 1.631878 -0.094314 -0.221108
    1 0.000000 4.246162 -0.018825 1.588682 -0.148169 1.517292
    2 4.195629 0.000000 0.000000 0.019215 -0.024277 -0.149128
    3 3.883152 0.000001 0.000000 0.017430 0.007027 -0.053211
    4 5.985943 0.000002 0.000000 0.022828 0.011265 0.413580
    5 4.268658 1.531896 -1.575000 1.374038 0.933396 -0.332032
    6 5.782729 0.000000 0.000001 3.090472 0.017827 0.696480
    7 11.452759 0.000001 0.000000 0.000000 0.000000 -0.306621
    8 4.268658 1.531894 1.575000 -1.705987 -1.034087 -0.148294
    9 5.782726 0.000004 0.000001 3.022425 -0.046008 0.716846
    10 11.452763 0.000001 0.000004 0.000000 0.000000 -0.645470
    11 10.945534 -0.000007 -0.000034 1.640185 -0.213189 0.409792
    12 10.945518 -0.000005 0.000015 -1.172115 0.152645 -0.013822
    13 -3.806942 0.000000 0.000000 -1.192152 -0.247015 -1.803134
    14 19.253841 0.000000 0.000000 0.000000 0.000000 0.025250
    15 6.694798 0.000000 0.000000 0.000000 0.000000 0.000000
    16 5.620499 0.000002 0.000000 2.839809 -0.051553 -0.251519
    17 4.684906 0.000002 0.000000 -0.234123 0.081214 1.158309
    18 19.263098 0.000000 0.000000 0.000000 0.000000 0.141260
    19 17.589096 0.000000 0.000000 0.071867 -0.057420 -0.885530
    20 6.240662 0.000000 0.000000 -0.112016 0.023812 -0.412261
    21 3.806942 0.000000 0.000000 -2.233160 -0.345231 -1.337718
    22 6.694801 0.000000 0.000000 0.000000 0.000000 0.000000
    23 19.253845 0.000000 0.000000 0.000000 0.000000 0.025253
    24 3.147137 0.005680 -1.551346 0.204908 0.143273 -0.954241
    25 1.585903 0.000000 0.000000 0.011390 0.016585 -0.964682
    26 0.849087 0.000002 0.000000 -0.054430 -0.175364 -0.012812
    27 3.471079 0.213264 -0.574066 0.197841 0.103922 -1.056897
    28 1.897533 -0.000002 0.000000 -0.051937 -0.088263 -1.080741
    29 1.014454 0.000002 0.000000 0.002346 0.009693 0.056304
    30 3.750082 0.114767 0.430058 0.187201 0.067923 -1.244533
    31 2.258186 0.000000 0.000000 -0.042022 -0.053930 -0.856641
    32 1.210384 0.000001 0.000000 0.001810 0.011981 0.157202
    33 3.868294 -0.166636 1.490141 0.180581 0.034246 -1.190451
    34 1.786068 0.000000 0.000000 0.051300 0.063943 -1.015925
    35 1.044434 -0.000002 0.000000 0.001325 0.038484 0.095729
    36 1.121473 -1.351564 1.030998 1.138475 -0.607693 0.231095
    37 1.928116 0.000000 0.000000 -0.090105 -0.188036 -0.457011
    38 1.285145 -0.000001 0.000000 -0.000005 -0.040574 -1.047036
    39 19.263105 0.000000 0.000000 0.000000 0.000000 1.009423
    40 17.589100 0.000000 0.000000 -0.253029 0.324346 -1.498455
    41 6.240662 0.000000 0.000000 0.020398 -0.027687 -0.524736
    42 5.884350 0.000000 0.000004 -0.126310 0.000000 0.000000
    43 11.768705 0.000000 0.000000 -0.238428 0.000000 0.000000
    44 11.679195 0.000000 0.000008 0.000000 0.000000 -0.161658
    45 3.147156 0.000065 1.551354 -0.201298 -0.143284 -0.649417
    46 1.585903 0.000000 0.000000 -0.011409 -0.016643 -1.331409
    47 0.849087 0.000000 0.000000 0.054379 0.175346 0.227690
    48 3.471100 0.211189 0.574833 -0.194213 -0.103888 -0.872699
    49 1.897533 0.000000 0.000000 0.051947 0.088323 -1.093272
    50 1.014446 0.000003 0.000000 -0.002359 -0.009725 0.111690
    51 3.750099 0.116322 -0.429641 -0.183614 -0.067994 -1.128857
    52 2.258183 0.000000 0.000000 0.042077 0.053977 -0.662652
    53 1.210392 0.000001 0.000000 -0.001842 -0.011976 0.162659
    54 3.868322 -0.161243 -1.490733 -0.177010 -0.034210 -1.024999
    55 1.786068 0.000002 0.000000 -0.051298 -0.063999 -0.749967
    56 1.044445 0.000000 0.000000 -0.001333 -0.038512 0.149883
    57 1.121502 -1.347836 -1.035880 -1.045302 0.582555 0.243500
    58 1.928122 0.000000 -0.000002 -0.000025 0.188108 -0.446082
    59 1.285141 0.000000 -0.000002 -0.000058 0.040588 -0.886387
    60 11.768703 0.000000 -0.000008 0.242666 0.000000 0.000000
    61 5.884356 0.000000 -0.000004 0.128617 0.000000 0.000000
    62 11.679195 0.000000 0.000000 0.000000 0.000000 -0.161657
    63 7.023272 -6.880002 4.339547 2.620672 -1.456011 -1.105365
    64 -16.812500 -25.515625 2.255859 2.966745 -0.332550 1.967317
    65 0.000000 -0.000007 -0.000031 1.373047 0.113574 0.124314
    66 -0.000004 -0.000007 -0.000031 1.373047 0.113574 0.124314
    67 3.348999 -1.371000 0.725000 1.977842 -0.088017 1.557794
    68 2.856895 -1.536201 -0.973800 -1.501147 -0.272558 -1.578261
    69 -0.000004 0.000000 10.000000 0.000000 0.000000 0.000000
    70 0.018894 0.665159 9.395880 0.000000 0.000000 0.000000
    71 2.000008 -3.000000 0.000000 -1.570796 0.000000 -1.326450
    72 3.028210 -0.923410 -2.009452 1.574082 -0.012974 1.587243
    73 0.116953 4.311607 0.061859 0.000010 0.000000 0.000000
    74 -0.000002 0.000000 0.000001 0.000000 0.000000 0.000000
    75 0.000000 1.000000 0.000010 0.000000 0.000000 0.000000
    76 -0.000002 0.000000 0.000000 0.000000 0.000000 0.000000
    77 -0.000002 0.000000 0.000000 0.000000 0.000000 0.000000
    78 -0.000002 0.000000 0.000000 0.000000 0.000000 0.000000
time 142
    0 3.070313 -6.789063 25.468750 1.643257 -0.100295 -0.196572
    1 0.000000 4.246162 -0.018825 1.580528 -0.145454 1.515559
    2 4.195629 0.000000 0.000000 0.011463 -0.026750 -0.151124
    3 3.883152 0.000001 0.000000 0.009930 0.003129 -0.056104
    4 5.985943 0.000002 0.000000 0.013829 0.009301 0.408647
    5 4.268658 1.531896 -1.575000 1.389255 0.935767 -0.325909
    6 5.782729 0.000000 0.000001 3.114375 0.017984 0.686793
    7 11.452759 0.000001 0.000000 0.000000 0.000000 -0.302516
    8 4.268658 1.531894 1.575000 -1.711599 -1.031685 -0.141868
    9 5.782726 0.000004 0.000001 3.055311 -0.016817 0.740558
    10 11.452763 0.000001 0.000004 0.000000 0.000000 -0.616955
    11 10.945534 -0.000007 -0.000034 1.628028 -0.197555 0.407801
    12 10.945518 -0.000005 0.000015 -1.180492 0.151951 -0.021328
    13 -3.806942 0.000000 0.000000 -1.213211 -0.208273 -1.790359
    14 19.253841 0.000000 0.000000 0.000000 0.000000 0.025250
    15 6.694798 0.000000 0.000000 0.000000 0.000000 0.000000
    16 5.620499 0.000002 0.000000 2.843546 -0.039762 -0.282366
    17 4.684906 0.000002 0.000000 -0.238308 0.066928 1.191909
    18 19.263098 0.000000 0.000000 0.000000 0.000000 0.163424
    19 17.589096 0.000000 0.000000 0.046485 -0.131247 -0.839065
    20 6.240662 0.000000 0.000000 -0.112066 0.023835 -0.406701
    21 3.806942 0.000000 0.000000 -2.308975 -0.334355 -1.308941
    22 6.694801 0.000000 0.000000 0.000000 0.000000 0.000000
    23 19.253845 0.000000 0.000000 0.000000 0.000000 0.025253
    24 3.147137 0.005680 -1.551346 0.204908 0.143273 -0.954241
    25 1.585903 0.000000 0.000000 0.011390 0.016585 -0.964682
    26 0.849087 0.000002 0.000000 -0.054430 -0.175364 -0.012812
    27 3.471079 0.213264 -0.574066 0.197841 0.103922 -1.056897
    28 1.897533 -0.000002 0.000000 -0.051937 -0.088263 -1.080741
    29 1.014454 0.000002 0.000000 0.002346 0.009693 0.056304
    30 3.750082 0.114767 0.430058 0.187201 0.067923 -1.244533
    31 2.258186 0.000000 0.000000 -0.042022 -0.053930 -0.856641
    32 1.210384 0.000001 0.000000 0.001810 0.011981 0.157202
    33 3.868294 -0.166636 1.490141 0.180581 0.034246 -1.190451
    34 1.786068 0.000000 0.000000 0.051300 0.063943 -1.015925
    35 1.044434 -0.000002 0.000000 0.001325 0.038484 0.095729
    36 1.121473 -1.351564 1.030998 1.138475 -0.607693 0.231095
    37 1.928116 0.000000 0.000000 -0.090105 -0.188036 -0.457011
    38 1.285145 -0.000001 0.000000 -0.000005 -0.040574 -1.047036
    39 19.263105 0.000000 0.000000 0.000000 0.000000 0.986320
    40 17.589100 0.000000 0.000000 -0.281697 0.335796 -1.488530
    41 6.240662 0.000000 0.000000 0.020454 -0.027691 -0.549542
    42 5.884350 0.000000 0.000004 -0.126310 0.000000 0.000000
    43 11.768705 0.000000 0.000000 -0.238428 0.000000 0.000000
    44 11.679195 0.000000 0.000008 0.000000 0.000000 -0.161658
    45 3.147156 0.000065 1.551354 -0.201298 -0.143284 -0.649417
    46 1.585903 0.000000 0.000000 -0.011409 -0.016643 -1.331409
    47 0.849087 0.000000 0.000000 0.054379 0.175346 0.227690
    48 3.471100 0.211189 0.574833 -0.194213 -0.103888 -0.872699
    49 1.897533 0.000000 0.000000 0.051947 0.088323 -1.093272
    50 1.014446 0.000003 0.000000 -0.002359 -0.009725 0.111690
    51 3.750099 0.116322 -0.429641 -0.183614 -0.067994 -1.128857
    52 2.258183 0.000000 0.000000 0.042077 0.053977 -0.662652
    53 1.210392 0.000001 0.000000 -0.001842 -0.011976 0.162659
    54 3.868322 -0.161243 -1.490733 -0.177010 -0.034210 -1.024999
    55 1.786068 0.000002 0.000000 -0.051298 -0.063999 -0.749967
    56 1.044445 0.000000 0.000000 -0.001333 -0.038512 0.149883
    57 1.121502 -1.347836 -1.035880 -1.045302 0.582555 0.243500
    58 1.928122 0.000000 -0.000002 -0.000025 0.188108 -0.446082
    59 1.285141 0.000000 -0.000002 -0.000058 0.040588 -0.886387
    60 11.768703 0.000000 -0.000008 0.242666 0.000000 0.000000
    61 5.884356 0.000000 -0.000004 0.128617 0.000000 0.000000
    62 11.679195 0.000000 0.000000 0.000000 0.000000 -0.161657
    63 7.023272 -6.880002 4.339547 2.620672 -1.456011 -1.105365
    64 -19.593750 -26.046875 -2.300781 2.984657 -0.302984 1.953150
    65 0.000000 -0.000007 -0.000031 1.373047 0.113574 0.124314
    66 -0.000004 -0.000007 -0.000031 1.373047 0.113574 0.124314
    67 3.348999 -1.371000 0.725000 1.977842 -0.088017 1.557794
    68 2.856895 -1.536201 -0.973800 -1.501147 -0.272558 -1.578261
    69 -0.000004 0.000000 10.000000 0.000000 0.000000 0.000000
    70 0.018894 0.665159 9.395880 0.000000 0.000000 0.000000
    71 2.000008 -3.000000 0.000000 -1.570796 0.000000 -1.326450
    72 3.028210 -0.923410 -2.009452 1.574082 -0.012974 1.587243
    73 0.116953 4.311607 0.061859 0.000010 0.000000 0.000000
    74 -0.000002 0.000000 0.000001 0.000000 0.000000 0.000000
    75 0.000000 1.000000 0.000010 0.000000 0.000000 0.000000
    76 -0.000002 0.000000 0.000000 0.000000 0.000000 0.000000
    77 -0.000002 0.000000 0.000000 0.000000 0.000000 0.000000
    78 -0.000002 0.000000 0.000000 0.000000 0.000000 0.000000
time 143
    0 3.003906 -6.964844 25.343750 1.652104 -0.108925 -0.164874
    1 0.000000 4.246162 -0.018825 1.571358 -0.143147 1.507637
    2 4.195629 0.000000 0.000000 0.002720 -0.032087 -0.153009
    3 3.883152 0.000001 0.000000 0.001076 0.001586 -0.059141
    4 5.985943 0.000002 0.000000 0.005440 0.013250 0.403326
    5 4.268658 1.531896 -1.575000 1.398224 0.930593 -0.316556
    6 5.782729 0.000000 0.000001 3.114761 0.008786 0.663471
    7 11.452759 0.000001 0.000000 0.000000 0.000000 -0.309766
    8 4.268658 1.531894 1.575000 -1.708304 -1.025175 -0.143485
    9 5.782726 0.000004 0.000001 3.103988 0.009415 0.758626
    10 11.452763 0.000001 0.000004 0.000000 0.000000 -0.588479
    11 10.945534 -0.000007 -0.000034 1.607556 -0.186448 0.414288
    12 10.945518 -0.000005 0.000015 -1.174559 0.144098 -0.025894
    13 -3.806942 0.000000 0.000000 -1.236193 -0.170961 -1.781065
    14 19.253841 0.000000 0.000000 0.000000 0.000000 0.025250
    15 6.694798 0.000000 0.000000 0.000000 0.000000 0.000000
    16 5.620499 0.000002 0.000000 2.843966 -0.038468 -0.289880
    17 4.684906 0.000002 0.000000 -0.239138 0.067243 1.198249
    18 19.263098 0.000000 0.000000 0.000000 0.000000 0.186128
    19 17.589096 0.000000 0.000000 -0.014601 -0.263854 -0.734712
    20 6.240662 0.000000 0.000000 -0.112034 0.023810 -0.420479
    21 3.806942 0.000000 0.000000 -2.394710 -0.317618 -1.276870
    22 6.694801 0.000000 0.000000 0.000000 0.000000 0.000000
    23 19.253845 0.000000 0.000000 0.000000 0.000000 0.025253
    24 3.147137 0.005680 -1.551346 0.204908 0.143273 -0.954241
    25 1.585903 0.000000 0.000000 0.011390 0.016585 -0.964682
    26 0.849087 0.000002 0.000000 -0.054430 -0.175364 -0.012812
    27 3.471079 0.213264 -0.574066 0.197841 0.103922 -1.056897
    28 1.897533 -0.000002 0.000000 -0.051937 -0.088263 -1.080741
    29 1.014454 0.000002 0.000000 0.002346 0.009693 0.056304
    30 3.750082 0.114767 0.430058 0.187201 0.067923 -1.244533
    31 2.258186 0.000000 0.000000 -0.042022 -0.053930 -0.856641
    32 1.210384 0.000001 0.000000 0.001810 0.011981 0.157202
    33 3.868294 -0.166636 1.490141 0.180581 0.034246 -1.190451
    34 1.786068 0.000000 0.000000 0.051300 0.063943 -1.015925
    35 1.044434 -0.000002 0.000000 0.001325 0.038484 0.095729
    36 1.121473 -1.351564 1.030998 1.138475 -0.607693 0.231095
    37 1.928116 0.000000 0.000000 -0.090105 -0.188036 -0.457011
    38 1.285145 -0.000001 0.000000 -0.000005 -0.040574 -1.047036
    39 19.263105 0.000000 0.000000 0.000000 0.000000 0.958686
    40 17.589100 0.000000 0.000000 -0.329402 0.368393 -1.485395
    41 6.240662 0.000000 0.000000 0.020412 -0.027738 -0.530103
    42 5.884350 0.000000 0.000004 -0.126310 0.000000 0.000000
    43 11.768705 0.000000 0.000000 -0.238428 0.000000 0.000000
    44 11.679195 0.000000 0.000008 0.000000 0.000000 -0.161658
    45 3.147156 0.000065 1.551354 -0.201298 -0.143284 -0.649417
    46 1.585903 0.000000 0.000000 -0.011409 -0.016643 -1.331409
    47 0.849087 0.000000 0.000000 0.054379 0.175346 0.227690
    48 3.471100 0.211189 0.574833 -0.194213 -0.103888 -0.872699
    49 1.897533 0.000000 0.000000 0.051947 0.088323 -1.093272
    50 1.014446 0.000003 0.000000 -0.002359 -0.009725 0.111690
    51 3.750099 0.116322 -0.429641 -0.183614 -0.067994 -1.128857
    52 2.258183 0.000000 0.000000 0.042077 0.053977 -0.662652
    53 1.210392 0.000001 0.000000 -0.001842 -0.011976 0.162659
    54 3.868322 -0.161243 -1.490733 -0.177010 -0.034210 -1.024999
    55 1.786068 0.000002 0.000000 -0.051298 -0.063999 -0.749967
    56 1.044445 0.000000 0.000000 -0.001333 -0.038512 0.149883
    57 1.121502 -1.347836 -1.035880 -1.045302 0.582555 0.243500
    58 1.928122 0.000000 -0.000002 -0.000025 0.188108 -0.446082
    59 1.285141 0.000000 -0.000002 -0.000058 0.040588 -0.886387
    60 11.768703 0.000000 -0.000008 0.242666 0.000000 0.000000
    61 5.884356 0.000000 -0.000004 0.128617 0.000000 0.000000
    62 11.679195 0.000000 0.000000 0.000000 0.000000 -0.161657
    63 7.023272 -6.880002 4.339547 2.620672 -1.456011 -1.105365
    64 -22.921875 -21.578125 -5.113281 3.000285 -0.252774 1.938834
    65 0.000000 -0.000007 -0.000031 1.373047 0.113574 0.124314
    66 -0.000004 -0.000007 -0.000031 1.373047 0.113574 0.124314
    67 3.348999 -1.371000 0.725000 1.977842 -0.088017 1.557794
    68 2.856895 -1.536201 -0.973800 -1.501147 -0.272558 -1.578261
    69 -0.000004 0.000000 10.000000 0.000000 0.000000 0.000000
    70 0.018894 0.665159 9.395880 0.000000 0.000000 0.000000
    71 2.000008 -3.000000 0.000000 -1.570796 0.000000 -1.326450
    72 3.028210 -0.923410 -2.009452 1.574082 -0.012974 1.587243
    73 0.116953 4.311607 0.061859 0.000010 0.000000 0.000000
    74 -0.000002 0.000000 0.000001 0.000000 0.000000 0.000000
    75 0.000000 1.000000 0.000010 0.000000 0.000000 0.000000
    76 -0.000002 0.000000 0.000000 0.000000 0.000000 0.000000
    77 -0.000002 0.000000 0.000000 0.000000 0.000000 0.000000
    78 -0.000002 0.000000 0.000000 0.000000 0.000000 0.000000
time 144
    0 2.851563 -7.121094 25.250000 1.661282 -0.117282 -0.127652
    1 0.000000 4.246162 -0.018825 1.561659 -0.137794 1.497427
    2 4.195629 0.000000 0.000000 -0.006163 -0.038584 -0.156061
    3 3.883152 0.000001 0.000000 -0.008234 0.000961 -0.060355
    4 5.985943 0.000002 0.000000 -0.002267 0.019579 0.401868
    5 4.268658 1.531896 -1.575000 1.406149 0.929603 -0.307929
    6 5.782729 0.000000 0.000001 3.072579 -0.010315 0.651701
    7 11.452759 0.000001 0.000000 0.000000 0.000000 -0.302254
    8 4.268658 1.531894 1.575000 -1.710221 -1.014555 -0.136047
    9 5.782726 0.000004 0.000001 3.122567 0.030206 0.773015
    10 11.452763 0.000001 0.000004 0.000000 0.000000 -0.561113
    11 10.945534 -0.000007 -0.000034 1.596976 -0.184450 0.413976
    12 10.945518 -0.000005 0.000015 -1.153848 0.131782 -0.032614
    13 -3.806942 0.000000 0.000000 -1.260208 -0.136596 -1.769320
    14 19.253841 0.000000 0.000000 0.000000 0.000000 0.025250
    15 6.694798 0.000000 0.000000 0.000000 0.000000 0.000000
    16 5.620499 0.000002 0.000000 2.839214 -0.053301 -0.276382
    17 4.684906 0.000002 0.000000 -0.235191 0.082325 1.184115
    18 19.263098 0.000000 0.000000 0.000000 0.000000 0.197750
    19 17.589096 0.000000 0.000000 -0.124826 -0.399307 -0.592277
    20 6.240662 0.000000 0.000000 -0.112039 0.023872 -0.412707
    21 3.806942 0.000000 0.000000 -2.494987 -0.302539 -1.232965
    22 6.694801 0.000000 0.000000 0.000000 0.000000 0.000000
    23 19.253845 0.000000 0.000000 0.000000 0.000000 0.025253
    24 3.147137 0.005680 -1.551346 0.204908 0.143273 -0.954241
    25 1.585903 0.000000 0.000000 0.011390 0.016585 -0.964682
    26 0.849087 0.000002 0.000000 -0.054430 -0.175364 -0.012812
    27 3.471079 0.213264 -0.574066 0.197841 0.103922 -1.056897
    28 1.897533 -0.000002 0.000000 -0.051937 -0.088263 -1.080741
    29 1.014454 0.000002 0.000000 0.002346 0.009693 0.056304
    30 3.750082 0.114767 0.430058 0.187201 0.067923 -1.244533
    31 2.258186 0.000000 0.000000 -0.042022 -0.053930 -0.856641
    32 1.210384 0.000001 0.000000 0.001810 0.011981 0.157202
    33 3.868294 -0.166636 1.490141 0.180581 0.034246 -1.190451
    34 1.786068 0.000000 0.000000 0.051300 0.063943 -1.015925
    35 1.044434 -0.000002 0.000000 0.001325 0.038484 0.095729
    36 1.121473 -1.351564 1.030998 1.138475 -0.607693 0.231095
    37 1.928116 0.000000 0.000000 -0.090105 -0.188036 -0.457011
    38 1.285145 -0.000001 0.000000 -0.000005 -0.040574 -1.047036
    39 19.263105 0.000000 0.000000 0.000000 0.000000 0.955477
    40 17.589100 0.000000 0.000000 -0.336946 0.424673 -1.485138
    41 6.240662 0.000000 0.000000 0.020444 -0.027737 -0.542818
    42 5.884350 0.000000 0.000004 -0.126310 0.000000 0.000000
    43 11.768705 0.000000 0.000000 -0.238428 0.000000 0.000000
    44 11.679195 0.000000 0.000008 0.000000 0.000000 -0.161658
    45 3.147156 0.000065 1.551354 -0.201298 -0.143284 -0.649417
    46 1.585903 0.000000 0.000000 -0.011409 -0.016643 -1.331409
    47 0.849087 0.000000 0.000000 0.054379 0.175346 0.227690
    48 3.471100 0.211189 0.574833 -0.194213 -0.103888 -0.872699
    49 1.897533 0.000000 0.000000 0.051947 0.088323 -1.093272
    50 1.014446 0.000003 0.000000 -0.002359 -0.009725 0.111690
    51 3.750099 0.116322 -0.429641 -0.183614 -0.067994 -1.128857
    52 2.258183 0.000000 0.000000 0.042077 0.053977 -0.662652
    53 1.210392 0.000001 0.000000 -0.001842 -0.011976 0.162659
    54 3.868322 -0.161243 -1.490733 -0.177010 -0.034210 -1.024999
    55 1.786068 0.000002 0.000000 -0.051298 -0.063999 -0.749967
    56 1.044445 0.000000 0.000000 -0.001333 -0.038512 0.149883
    57 1.121502 -1.347836 -1.035880 -1.045302 0.582555 0.243500
    58 1.928122 0.000000 -0.000002 -0.000025 0.188108 -0.446082
    59 1.285141 0.000000 -0.000002 -0.000058 0.040588 -0.886387
    60 11.768703 0.000000 -0.000008 0.242666 0.000000 0.000000
    61 5.884356 0.000000 -0.000004 0.128617 0.000000 0.000000
    62 11.679195 0.000000 0.000000 0.000000 0.000000 -0.161657
    63 7.023272 -6.880002 4.339547 2.620672 -1.456011 -1.105365
    64 -25.640625 -14.250000 -5.750000 3.012086 -0.232216 1.924321
    65 0.000000 -0.000007 -0.000031 1.373047 0.113574 0.124314
    66 -0.000004 -0.000007 -0.000031 1.373047 0.113574 0.124314
    67 3.348999 -1.371000 0.725000 1.977842 -0.088017 1.557794
    68 2.856895 -1.536201 -0.973800 -1.501147 -0.272558 -1.578261
    69 -0.000004 0.000000 10.000000 0.000000 0.000000 0.000000
    70 0.018894 0.665159 9.395880 0.000000 0.000000 0.000000
    71 2.000008 -3.000000 0.000000 -1.570796 0.000000 -1.326450
    72 3.028210 -0.923410 -2.009452 1.574082 -0.012974 1.587243
    73 0.116953 4.311607 0.061859 0.000010 0.000000 0.000000
    74 -0.000002 0.000000 0.000001 0.000000 0.000000 0.000000
    75 0.000000 1.000000 0.000010 0.000000 0.000000 0.000000
    76 -0.000002 0.000000 0.000000 0.000000 0.000000 0.000000
    77 -0.000002 0.000000 0.000000 0.000000 0.000000 0.000000
    78 -0.000002 0.000000 0.000000 0.000000 0.000000 0.000000
time 145
    0 2.673828 -7.214844 25.203125 1.672057 -0.122301 -0.092541
    1 0.000000 4.246162 -0.018825 1.553886 -0.130737 1.492591
    2 4.195629 0.000000 0.000000 -0.013295 -0.042725 -0.159889
    3 3.883152 0.000001 0.000000 -0.015134 -0.002189 -0.060941
    4 5.985943 0.000002 0.000000 -0.010017 0.019136 0.402503
    5 4.268658 1.531896 -1.575000 1.411330 0.941258 -0.298823
    6 5.782729 0.000000 0.000001 3.006282 -0.037101 0.647990
    7 11.452759 0.000001 0.000000 0.000000 0.000000 -0.302254
    8 4.268658 1.531894 1.575000 -1.712669 -1.004064 -0.122355
    9 5.782726 0.000004 0.000001 3.114173 0.048265 0.789076
    10 11.452763 0.000001 0.000004 0.000000 0.000000 -0.538600
    11 10.945534 -0.000007 -0.000034 1.594370 -0.183108 0.402491
    12 10.945518 -0.000005 0.000015 -1.121543 0.125567 -0.023599
    13 -3.806942 0.000000 0.000000 -1.303904 -0.111764 -1.755704
    14 19.253841 0.000000 0.000000 0.000000 0.000000 0.025250
    15 6.694798 0.000000 0.000000 0.000000 0.000000 0.000000
    16 5.620499 0.000002 0.000000 2.837450 -0.071896 -0.257455
    17 4.684906 0.000002 0.000000 -0.226634 0.099260 1.165918
    18 19.263098 0.000000 0.000000 0.000000 0.000000 0.212676
    19 17.589096 0.000000 0.000000 -0.213902 -0.487890 -0.500080
    20 6.240662 0.000000 0.000000 -0.112039 0.023810 -0.371187
    21 3.806942 0.000000 0.000000 -2.585737 -0.299448 -1.178025
    22 6.694801 0.000000 0.000000 0.000000 0.000000 0.000000
    23 19.253845 0.000000 0.000000 0.000000 0.000000 0.025253
    24 3.147137 0.005680 -1.551346 0.204908 0.143273 -0.954241
    25 1.585903 0.000000 0.000000 0.011390 0.016585 -0.964682
    26 0.849087 0.000002 0.000000 -0.054430 -0.175364 -0.012812
    27 3.471079 0.213264 -0.574066 0.197841 0.103922 -1.056897
    28 1.897533 -0.000002 0.000000 -0.051937 -0.088263 -1.080741
    29 1.014454 0.000002 0.000000 0.002346 0.009693 0.056304
    30 3.750082 0.114767 0.430058 0.187201 0.067923 -1.244533
    31 2.258186 0.000000 0.000000 -0.042022 -0.053930 -0.856641
    32 1.210384 0.000001 0.000000 0.001810 0.011981 0.157202
    33 3.868294 -0.166636 1.490141 0.180581 0.034246 -1.190451
    34 1.786068 0.000000 0.000000 0.051300 0.063943 -1.015925
    35 1.044434 -0.000002 0.000000 0.001325 0.038484 0.095729
    36 1.121473 -1.351564 1.030998 1.138475 -0.607693 0.231095
    37 1.928116 0.000000 0.000000 -0.090105 -0.188036 -0.457011
    38 1.285145 -0.000001 0.000000 -0.000005 -0.040574 -1.047036
    39 19.263105 0.000000 0.000000 0.000000 0.000000 0.996428
    40 17.589100 0.000000 0.000000 -0.329241 0.456069 -1.488366
    41 6.240662 0.000000 0.000000 0.020411 -0.027724 -0.546403
    42 5.884350 0.000000 0.000004 -0.126310 0.000000 0.000000
    43 11.768705 0.000000 0.000000 -0.238428 0.000000 0.000000
    44 11.679195 0.000000 0.000008 0.000000 0.000000 -0.161658
    45 3.147156 0.000065 1.551354 -0.201298 -0.143284 -0.649417
    46 1.585903 0.000000 0.000000 -0.011409 -0.016643 -1.331409
    47 0.849087 0.000000 0.000000 0.054379 0.175346 0.227690
    48 3.471100 0.211189 0.574833 -0.194213 -0.103888 -0.872699
    49 1.897533 0.000000 0.000000 0.051947 0.088323 -1.093272
    50 1.014446 0.000003 0.000000 -0.002359 -0.009725 0.111690
    51 3.750099 0.116322 -0.429641 -0.183614 -0.067994 -1.128857
    52 2.258183 0.000000 0.000000 0.042077 0.053977 -0.662652
    53 1.210392 0.000001 0.000000 -0.001842 -0.011976 0.162659
    54 3.868322 -0.161243 -1.490733 -0.177010 -0.034210 -1.024999
    55 1.786068 0.000002 0.000000 -0.051298 -0.063999 -0.749967
    56 1.044445 0.000000 0.000000 -0.001333 -0.038512 0.149883
    57 1.121502 -1.347836 -1.035880 -1.045302 0.582555 0.243500
    58 1.928122 0.000000 -0.000002 -0.000025 0.188108 -0.446082
    59 1.285141 0.000000 -0.000002 -0.000058 0.040588 -0.886387
    60 11.768703 0.000000 -0.000008 0.242666 0.000000 0.000000
    61 5.884356 0.000000 -0.000004 0.128617 0.000000 0.000000
    62 11.679195 0.000000 0.000000 0.000000 0.000000 -0.161657
    63 7.023272 -6.880002 4.339547 2.620672 -1.456011 -1.105365
    64 -26.281250 -8.218750 -2.054688 3.020156 -0.233418 1.911731
    65 0.000000 -0.000007 -0.000031 1.373047 0.113574 0.124314
    66 -0.000004 -0.000007 -0.000031 1.373047 0.113574 0.124314
    67 3.348999 -1.371000 0.725000 1.977842 -0.088017 1.557794
    68 2.856895 -1.536201 -0.973800 -1.501147 -0.272558 -1.578261
    69 -0.000004 0.000000 10.000000 0.000000 0.000000 0.000000
    70 0.018894 0.665159 9.395880 0.000000 0.000000 0.000000
    71 2.000008 -3.000000 0.000000 -1.570796 0.000000 -1.326450
    72 3.028210 -0.923410 -2.009452 1.574082 -0.012974 1.587243
    73 0.116953 4.311607 0.061859 0.000010 0.000000 0.000000
    74 -0.000002 0.000000 0.000001 0.000000 0.000000 0.000000
    75 0.000000 1.000000 0.000010 0.000000 0.000000 0.000000
    76 -0.000002 0.000000 0.000000 0.000000 0.000000 0.000000
    77 -0.000002 0.000000 0.000000 0.000000 0.000000 0.000000
    78 -0.000002 0.000000 0.000000 0.000000 0.000000 0.000000
time 146
    0 2.490234 -7.308594 25.218750 1.685541 -0.127688 -0.062216
    1 0.000000 4.246162 -0.018825 1.548944 -0.118862 1.491394
    2 4.195629 0.000000 0.000000 -0.017686 -0.045657 -0.166189
    3 3.883152 0.000001 0.000000 -0.019017 -0.008004 -0.060624
    4 5.985943 0.000002 0.000000 -0.016960 0.012222 0.406547
    5 4.268658 1.531896 -1.575000 1.400978 0.963236 -0.294931
    6 5.782729 0.000000 0.000001 2.949732 -0.069109 0.647651
    7 11.452759 0.000001 0.000000 0.000000 0.000000 -0.316583
    8 4.268658 1.531894 1.575000 -1.715362 -0.999016 -0.107366
    9 5.782726 0.000004 0.000001 -3.139731 0.073027 0.808890
    10 11.452763 0.000001 0.000004 0.000000 0.000000 -0.521068
    11 10.945534 -0.000007 -0.000034 1.571849 -0.172846 0.390535
    12 10.945518 -0.000005 0.000015 -1.087547 0.125708 -0.007468
    13 -3.806942 0.000000 0.000000 -1.331575 -0.094021 -1.745957
    14 19.253841 0.000000 0.000000 0.000000 0.000000 0.025250
    15 6.694798 0.000000 0.000000 0.000000 0.000000 0.000000
    16 5.620499 0.000002 0.000000 2.838539 -0.085551 -0.243377
    17 4.684906 0.000002 0.000000 -0.218059 0.110135 1.154873
    18 19.263098 0.000000 0.000000 0.000000 0.000000 0.227441
    19 17.589096 0.000000 0.000000 -0.261596 -0.515661 -0.480283
    20 6.240662 0.000000 0.000000 -0.112081 0.023809 -0.380869
    21 3.806942 0.000000 0.000000 -2.649620 -0.308935 -1.121917
    22 6.694801 0.000000 0.000000 0.000000 0.000000 0.000000
    23 19.253845 0.000000 0.000000 0.000000 0.000000 0.025253
    24 3.147137 0.005680 -1.551346 0.204908 0.143273 -0.954241
    25 1.585903 0.000000 0.000000 0.011390 0.016585 -0.964682
    26 0.849087 0.000002 0.000000 -0.054430 -0.175364 -0.012812
    27 3.471079 0.213264 -0.574066 0.197841 0.103922 -1.056897
    28 1.897533 -0.000002 0.000000 -0.051937 -0.088263 -1.080741
    29 1.014454 0.000002 0.000000 0.002346 0.009693 0.056304
    30 3.750082 0.114767 0.430058 0.187201 0.067923 -1.244533
    31 2.258186 0.000000 0.000000 -0.042022 -0.053930 -0.856641
    32 1.210384 0.000001 0.000000 0.001810 0.011981 0.157202
    33 3.868294 -0.166636 1.490141 0.180581 0.034246 -1.190451
    34 1.786068 0.000000 0.000000 0.051300 0.063943 -1.015925
    35 1.044434 -0.000002 0.000000 0.001325 0.038484 0.095729
    36 1.121473 -1.351564 1.030998 1.138475 -0.607693 0.231095
    37 1.928116 0.000000 0.000000 -0.090105 -0.188036 -0.457011
    38 1.285145 -0.000001 0.000000 -0.000005 -0.040574 -1.047036
    39 19.263105 0.000000 0.000000 0.000000 0.000000 1.067392
    40 17.589100 0.000000 0.000000 -0.341365 0.484973 -1.502487
    41 6.240662 0.000000 0.000000 0.020406 -0.027703 -0.535740
    42 5.884350 0.000000 0.000004 -0.126310 0.000000 0.000000
    43 11.768705 0.000000 0.000000 -0.238428 0.000000 0.000000
    44 11.679195 0.000000 0.000008 0.000000 0.000000 -0.161658
    45 3.147156 0.000065 1.551354 -0.201298 -0.143284 -0.649417
    46 1.585903 0.000000 0.000000 -0.011409 -0.016643 -1.331409
    47 0.849087 0.000000 0.000000 0.054379 0.175346 0.227690
    48 3.471100 0.211189 0.574833 -0.194213 -0.103888 -0.872699
    49 1.897533 0.000000 0.000000 0.051947 0.088323 -1.093272
    50 1.014446 0.000003 0.000000 -0.002359 -0.009725 0.111690
    51 3.750099 0.116322 -0.429641 -0.183614 -0.067994 -1.128857
    52 2.258183 0.000000 0.000000 0.042077 0.053977 -0.662652
    53 1.210392 0.000001 0.000000 -0.001842 -0.011976 0.162659
    54 3.868322 -0.161243 -1.490733 -0.177010 -0.034210 -1.024999
    55 1.786068 0.000002 0.000000 -0.051298 -0.063999 -0.749967
    56 1.044445 0.000000 0.000000 -0.001333 -0.038512 0.149883
    57 1.121502 -1.347836 -1.035880 -1.045302 0.582555 0.243500
    58 1.928122 0.000000 -0.000002 -0.000025 0.188108 -0.446082
    59 1.285141 0.000000 -0.000002 -0.000058 0.040588 -0.886387
    60 11.768703 0.000000 -0.000008 0.242666 0.000000 0.000000
    61 5.884356 0.000000 -0.000004 0.128617 0.000000 0.000000
    62 11.679195 0.000000 0.000000 0.000000 0.000000 -0.161657
    63 7.023272 -6.880002 4.339547 2.620672 -1.456011 -1.105365
    64 -24.562500 -8.625000 3.001953 3.027930 -0.190158 1.899842
    65 0.000000 -0.000007 -0.000031 1.373047 0.113574 0.124314
    66 -0.000004 -0.000007 -0.000031 1.373047 0.113574 0.124314
    67 3.348999 -1.371000 0.725000 1.977842 -0.088017 1.557794
    68 2.856895 -1.536201 -0.973800 -1.501147 -0.272558 -1.578261
    69 -0.000004 0.000000 10.000000 0.000000 0.000000 0.000000
    70 0.018894 0.665159 9.395880 0.000000 0.000000 0.000000
    71 2.000008 -3.000000 0.000000 -1.570796 0.000000 -1.326450
    72 3.028210 -0.923410 -2.009452 1.574082 -0.012974 1.587243
    73 0.116953 4.311607 0.061859 0.000010 0.000000 0.000000
    74 -0.000002 0.000000 0.000001 0.000000 0.000000 0.000000
    75 0.000000 1.000000 0.000010 0.000000 0.000000 0.000000
    76 -0.000002 0.000000 0.000000 0.000000 0.000000 0.000000
    77 -0.000002 0.000000 0.000000 0.000000 0.000000 0.000000
    78 -0.000002 0.000000 0.000000 0.000000 0.000000 0.000000
time 147
    0 2.279297 -7.316406 25.281250 1.700583 -0.131612 -0.031701
    1 0.000000 4.246162 -0.018825 1.546079 -0.107875 1.491051
    2 4.195629 0.000000 0.000000 -0.020163 -0.047582 -0.172098
    3 3.883152 0.000001 0.000000 -0.021392 -0.012390 -0.060137
    4 5.985943 0.000002 0.000000 -0.021715 0.007085 0.411075
    5 4.268658 1.531896 -1.575000 1.390439 0.984876 -0.295556
    6 5.782729 0.000000 0.000001 2.940785 -0.095904 0.647023
    7 11.452759 0.000001 0.000000 0.000000 0.000000 -0.339158
    8 4.268658 1.531894 1.575000 -1.722247 -1.001905 -0.093967
    9 5.782726 0.000004 0.000001 -3.098686 0.094658 0.830757
    10 11.452763 0.000001 0.000004 0.000000 0.000000 -0.508036
    11 10.945534 -0.000007 -0.000034 1.542734 -0.166727 0.389785
    12 10.945518 -0.000005 0.000015 -1.079264 0.126672 0.015988
    13 -3.806942 0.000000 0.000000 -1.331230 -0.085396 -1.739001
    14 19.253841 0.000000 0.000000 0.000000 0.000000 0.025250
    15 6.694798 0.000000 0.000000 0.000000 0.000000 0.000000
    16 5.620499 0.000002 0.000000 2.838665 -0.094727 -0.232512
    17 4.684906 0.000002 0.000000 -0.212693 0.114490 1.151359
    18 19.263098 0.000000 0.000000 0.000000 0.000000 0.242914
    19 17.589096 0.000000 0.000000 -0.249059 -0.481944 -0.518708
    20 6.240662 0.000000 0.000000 -0.112021 0.023833 -0.408554
    21 3.806942 0.000000 0.000000 -2.682747 -0.333972 -1.067842
    22 6.694801 0.000000 0.000000 0.000000 0.000000 0.000000
    23 19.253845 0.000000 0.000000 0.000000 0.000000 0.025253
    24 3.147137 0.005680 -1.551346 0.204908 0.143273 -0.954241
    25 1.585903 0.000000 0.000000 0.011390 0.016585 -0.964682
    26 0.849087 0.000002 0.000000 -0.054430 -0.175364 -0.012812
    27 3.471079 0.213264 -0.574066 0.197841 0.103922 -1.056897
    28 1.897533 -0.000002 0.000000 -0.051937 -0.088263 -1.080741
    29 1.014454 0.000002 0.000000 0.002346 0.009693 0.056304
    30 3.750082 0.114767 0.430058 0.187201 0.067923 -1.244533
    31 2.258186 0.000000 0.000000 -0.042022 -0.053930 -0.856641
    32 1.210384 0.000001 0.000000 0.001810 0.011981 0.157202
    33 3.868294 -0.166636 1.490141 0.180581 0.034246 -1.190451
    34 1.786068 0.000000 0.000000 0.051300 0.063943 -1.015925
    35 1.044434 -0.000002 0.000000 0.001325 0.038484 0.095729
    36 1.121473 -1.351564 1.030998 1.138475 -0.607693 0.231095
    37 1.928116 0.000000 0.000000 -0.090105 -0.188036 -0.457011
    38 1.285145 -0.000001 0.000000 -0.000005 -0.040574 -1.047036
    39 19.263105 0.000000 0.000000 0.000000 0.000000 1.147988
    40 17.589100 0.000000 0.000000 -0.376285 0.530753 -1.527960
    41 6.240662 0.000000 0.000000 0.020395 -0.027711 -0.534935
    42 5.884350 0.000000 0.000004 -0.126310 0.000000 0.000000
    43 11.768705 0.000000 0.000000 -0.238428 0.000000 0.000000
    44 11.679195 0.000000 0.000008 0.000000 0.000000 -0.161658
    45 3.147156 0.000065 1.551354 -0.201298 -0.143284 -0.649417
    46 1.585903 0.000000 0.000000 -0.011409 -0.016643 -1.331409
    47 0.849087 0.000000 0.000000 0.054379 0.175346 0.227690
    48 3.471100 0.211189 0.574833 -0.194213 -0.103888 -0.872699
    49 1.897533 0.000000 0.000000 0.051947 0.088323 -1.093272
    50 1.014446 0.000003 0.000000 -0.002359 -0.009725 0.111690
    51 3.750099 0.116322 -0.429641 -0.183614 -0.067994 -1.128857
    52 2.258183 0.000000 0.000000 0.042077 0.053977 -0.662652
    53 1.210392 0.000001 0.000000 -0.001842 -0.011976 0.162659
    54 3.868322 -0.161243 -1.490733 -0.177010 -0.034210 -1.024999
    55 1.786068 0.000002 0.000000 -0.051298 -0.063999 -0.749967
    56 1.044445 0.000000 0.000000 -0.001333 -0.038512 0.149883
    57 1.121502 -1.347836 -1.035880 -1.045302 0.582555 0.243500
    58 1.928122 0.000000 -0.000002 -0.000025 0.188108 -0.446082
    59 1.285141 0.000000 -0.000002 -0.000058 0.040588 -0.886387
    60 11.768703 0.000000 -0.000008 0.242666 0.000000 0.000000
    61 5.884356 0.000000 -0.000004 0.128617 0.000000 0.000000
    62 11.679195 0.000000 0.000000 0.000000 0.000000 -0.161657
    63 7.023272 -6.880002 4.339547 2.620672 -1.456011 -1.105365
    64 -22.343750 -11.812500 7.242188 3.032677 -0.129722 1.890871
    65 0.000000 -0.000007 -0.000031 1.373047 0.113574 0.124314
    66 -0.000004 -0.000007 -0.000031 1.373047 0.113574 0.124314
    67 3.348999 -1.371000 0.725000 1.977842 -0.088017 1.557794
    68 2.856895 -1.536201 -0.973800 -1.501147 -0.272558 -1.578261
    69 -0.000004 0.000000 10.000000 0.000000 0.000000 0.000000
    70 0.018894 0.665159 9.395880 0.000000 0.000000 0.000000
    71 2.000008 -3.000000 0.000000 -1.570796 0.000000 -1.326450
    72 3.028210 -0.923410 -2.009452 1.574082 -0.012974 1.587243
    73 0.116953 4.311607 0.061859 0.000010 0.000000 0.000000
    74 -0.000002 0.000000 0.000001 0.000000 0.000000 0.000000
    75 0.000000 1.000000 0.000010 0.000000 0.000000 0.000000
    76 -0.000002 0.000000 0.000000 0.000000 0.000000 0.000000
    77 -0.000002 0.000000 0.000000 0.000000 0.000000 0.000000
    78 -0.000002 0.000000 0.000000 0.000000 0.000000 0.000000
time 148
    0 2.054688 -7.171875 25.375000 1.713873 -0.135953 -0.000946
    1 0.000000 4.246162 -0.018825 1.545694 -0.106261 1.488483
    2 4.195629 0.000000 0.000000 -0.020205 -0.049684 -0.173641
    3 3.883152 0.000001 0.000000 -0.021627 -0.012766 -0.062291
    4 5.985943 0.000002 0.000000 -0.021821 0.007870 0.408510
    5 4.268658 1.531896 -1.575000 1.376529 1.005350 -0.309361
    6 5.782729 0.000000 0.000001 2.947981 -0.114978 0.656590
    7 11.452759 0.000001 0.000000 0.000000 0.000000 -0.357126
    8 4.268658 1.531894 1.575000 -1.743032 -1.011324 -0.071927
    9 5.782726 0.000004 0.000001 -3.089101 0.104279 0.850710
    10 11.452763 0.000001 0.000004 0.000000 0.000000 -0.497786
    11 10.945534 -0.000007 -0.000034 1.522178 -0.170374 0.391293
    12 10.945518 -0.000005 0.000015 -1.085011 0.126206 0.034020
    13 -3.806942 0.000000 0.000000 -1.311773 -0.085652 -1.736575
    14 19.253841 0.000000 0.000000 0.000000 0.000000 0.025250
    15 6.694798 0.000000 0.000000 0.000000 0.000000 0.000000
    16 5.620499 0.000002 0.000000 2.845276 -0.098304 -0.234220
    17 4.684906 0.000002 0.000000 -0.205623 0.117578 1.153994
    18 19.263098 0.000000 0.000000 0.000000 0.000000 0.258488
    19 17.589096 0.000000 0.000000 -0.170043 -0.421765 -0.581357
    20 6.240662 0.000000 0.000000 -0.112029 0.023828 -0.393820
    21 3.806942 0.000000 0.000000 -2.695080 -0.374952 -1.018916
    22 6.694801 0.000000 0.000000 0.000000 0.000000 0.000000
    23 19.253845 0.000000 0.000000 0.000000 0.000000 0.025253
    24 3.147137 0.005680 -1.551346 0.204908 0.143273 -0.954241
    25 1.585903 0.000000 0.000000 0.011390 0.016585 -0.964682
    26 0.849087 0.000002 0.000000 -0.054430 -0.175364 -0.012812
    27 3.471079 0.213264 -0.574066 0.197841 0.103922 -1.056897
    28 1.897533 -0.000002 0.000000 -0.051937 -0.088263 -1.080741
    29 1.014454 0.000002 0.000000 0.002346 0.009693 0.056304
    30 3.750082 0.114767 0.430058 0.187201 0.067923 -1.244533
    31 2.258186 0.000000 0.000000 -0.042022 -0.053930 -0.856641
    32 1.210384 0.000001 0.000000 0.001810 0.011981 0.157202
    33 3.868294 -0.166636 1.490141 0.180581 0.034246 -1.190451
    34 1.786068 0.000000 0.000000 0.051300 0.063943 -1.015925
    35 1.044434 -0.000002 0.000000 0.001325 0.038484 0.095729
    36 1.121473 -1.351564 1.030998 1.138475 -0.607693 0.231095
    37 1.928116 0.000000 0.000000 -0.090105 -0.188036 -0.457011
    38 1.285145 -0.000001 0.000000 -0.000005 -0.040574 -1.047036
    39 19.263105 0.000000 0.000000 0.000000 0.000000 1.229052
    40 17.589100 0.000000 0.000000 -0.395911 0.586050 -1.557830
    41 6.240662 0.000000 0.000000 0.020441 -0.027694 -0.521788
    42 5.884350 0.000000 0.000004 -0.126310 0.000000 0.000000
    43 11.768705 0.000000 0.000000 -0.238428 0.000000 0.000000
    44 11.679195 0.000000 0.000008 0.000000 0.000000 -0.161658
    45 3.147156 0.000065 1.551354 -0.201298 -0.143284 -0.649417
    46 1.585903 0.000000 0.000000 -0.011409 -0.016643 -1.331409
    47 0.849087 0.000000 0.000000 0.054379 0.175346 0.227690
    48 3.471100 0.211189 0.574833 -0.194213 -0.103888 -0.872699
    49 1.897533 0.000000 0.000000 0.051947 0.088323 -1.093272
    50 1.014446 0.000003 0.000000 -0.002359 -0.009725 0.111690
    51 3.750099 0.116322 -0.429641 -0.183614 -0.067994 -1.128857
    52 2.258183 0.000000 0.000000 0.042077 0.053977 -0.662652
    53 1.210392 0.000001 0.000000 -0.001842 -0.011976 0.162659
    54 3.868322 -0.161243 -1.490733 -0.177010 -0.034210 -1.024999
    55 1.786068 0.000002 0.000000 -0.051298 -0.063999 -0.749967
    56 1.044445 0.000000 0.000000 -0.001333 -0.038512 0.149883
    57 1.121502 -1.347836 -1.035880 -1.045302 0.582555 0.243500
    58 1.928122 0.000000 -0.000002 -0.000025 0.188108 -0.446082
    59 1.285141 0.000000 -0.000002 -0.000058 0.040588 -0.886387
    60 11.768703 0.000000 -0.000008 0.242666 0.000000 0.000000
    61 5.884356 0.000000 -0.000004 0.128617 0.000000 0.000000
    62 11.679195 0.000000 0.000000 0.000000 0.000000 -0.161657
    63 7.023272 -6.880002 4.339547 2.620672 -1.456011 -1.105365
    64 -20.406250 -18.718750 8.382813 3.032617 -0.097460 1.883903
    65 0.000000 -0.000007 -0.000031 1.373047 0.113574 0.124314
    66 -0.000004 -0.000007 -0.000031 1.373047 0.113574 0.124314
    67 3.348999 -1.371000 0.725000 1.977842 -0.088017 1.557794
    68 2.856895 -1.536201 -0.973800 -1.501147 -0.272558 -1.578261
    69 -0.000004 0.000000 10.000000 0.000000 0.000000 0.000000
    70 0.018894 0.665159 9.395880 0.000000 0.000000 0.000000
    71 2.000008 -3.000000 0.000000 -1.570796 0.000000 -1.326450
    72 3.028210 -0.923410 -2.009452 1.574082 -0.012974 1.587243
    73 0.116953 4.311607 0.061859 0.000010 0.000000 0.000000
    74 -0.000002 0.000000 0.000001 0.000000 0.000000 0.000000
    75 0.000000 1.000000 0.000010 0.000000 0.000000 0.000000
    76 -0.000002 0.000000 0.000000 0.000000 0.000000 0.000000
    77 -0.000002 0.000000 0.000000 0.000000 0.000000 0.000000
    78 -0.000002 0.000000 0.000000 0.000000 0.000000 0.000000
time 149
    0 1.838867 -6.867188 25.468750 1.723425 -0.136843 0.029420
    1 0.000000 4.246162 -0.018825 1.545574 -0.112699 1.490060
    2 4.195629 0.000000 0.000000 -0.020490 -0.049155 -0.170865
    3 3.883152 0.000001 0.000000 -0.021543 -0.012188 -0.064975
    4 5.985943 0.000002 0.000000 -0.021226 0.009098 0.403299
    5 4.268658 1.531896 -1.575000 1.373418 1.021535 -0.320167
    6 5.782729 0.000000 0.000001 2.959289 -0.132565 0.672687
    7 11.452759 0.000001 0.000000 0.000000 0.000000 -0.365726
    8 4.268658 1.531894 1.575000 -1.765822 -1.024558 -0.053272
    9 5.782726 0.000004 0.000001 -3.098819 0.106836 0.870754
    10 11.452763 0.000001 0.000004 0.000000 0.000000 -0.485059
    11 10.945534 -0.000007 -0.000034 1.511361 -0.177409 0.389107
    12 10.945518 -0.000005 0.000015 -1.099118 0.123862 0.048921
    13 -3.806942 0.000000 0.000000 -1.286264 -0.092301 -1.735896
    14 19.253841 0.000000 0.000000 0.000000 0.000000 0.025250
    15 6.694798 0.000000 0.000000 0.000000 0.000000 0.000000
    16 5.620499 0.000002 0.000000 2.856458 -0.098910 -0.245850
    17 4.684906 0.000002 0.000000 -0.196856 0.118967 1.163023
    18 19.263098 0.000000 0.000000 0.000000 0.000000 0.275037
    19 17.589096 0.000000 0.000000 -0.060440 -0.347118 -0.652611
    20 6.240662 0.000000 0.000000 -0.112021 0.023817 -0.397346
    21 3.806942 0.000000 0.000000 -2.694045 -0.428206 -0.975997
    22 6.694801 0.000000 0.000000 0.000000 0.000000 0.000000
    23 19.253845 0.000000 0.000000 0.000000 0.000000 0.025253
    24 3.147137 0.005680 -1.551346 0.204908 0.143273 -0.954241
    25 1.585903 0.000000 0.000000 0.011390 0.016585 -0.964682
    26 0.849087 0.000002 0.000000 -0.054430 -0.175364 -0.012812
    27 3.471079 0.213264 -0.574066 0.197841 0.103922 -1.056897
    28 1.897533 -0.000002 0.000000 -0.051937 -0.088263 -1.080741
    29 1.014454 0.000002 0.000000 0.002346 0.009693 0.056304
    30 3.750082 0.114767 0.430058 0.187201 0.067923 -1.244533
    31 2.258186 0.000000 0.000000 -0.042022 -0.053930 -0.856641
    32 1.210384 0.000001 0.000000 0.001810 0.011981 0.157202
    33 3.868294 -0.166636 1.490141 0.180581 0.034246 -1.190451
    34 1.786068 0.000000 0.000000 0.051300 0.063943 -1.015925
    35 1.044434 -0.000002 0.000000 0.001325 0.038484 0.095729
    36 1.121473 -1.351564 1.030998 1.138475 -0.607693 0.231095
    37 1.928116 0.000000 0.000000 -0.090105 -0.188036 -0.457011
    38 1.285145 -0.000001 0.000000 -0.000005 -0.040574 -1.047036
    39 19.263105 0.000000 0.000000 0.000000 0.000000 1.300004
    40 17.589100 0.000000 0.000000 -0.406425 0.632080 -1.579794
    41 6.240662 0.000000 0.000000 0.020449 -0.027688 -0.522413
    42 5.884350 0.000000 0.000004 -0.126310 0.000000 0.000000
    43 11.768705 0.000000 0.000000 -0.238428 0.000000 0.000000
    44 11.679195 0.000000 0.000008 0.000000 0.000000 -0.161658
    45 3.147156 0.000065 1.551354 -0.201298 -0.143284 -0.649417
    46 1.585903 0.000000 0.000000 -0.011409 -0.016643 -1.331409
    47 0.849087 0.000000 0.000000 0.054379 0.175346 0.227690
    48 3.471100 0.211189 0.574833 -0.194213 -0.103888 -0.872699
    49 1.897533 0.000000 0.000000 0.051947 0.088323 -1.093272
    50 1.014446 0.000003 0.000000 -0.002359 -0.009725 0.111690
    51 3.750099 0.116322 -0.429641 -0.183614 -0.067994 -1.128857
    52 2.258183 0.000000 0.000000 0.042077 0.053977 -0.662652
    53 1.210392 0.000001 0.000000 -0.001842 -0.011976 0.162659
    54 3.868322 -0.161243 -1.490733 -0.177010 -0.034210 -1.024999
    55 1.786068 0.000002 0.000000 -0.051298 -0.063999 -0.749967
    56 1.044445 0.000000 0.000000 -0.001333 -0.038512 0.149883
    57 1.121502 -1.347836 -1.035880 -1.045302 0.582555 0.243500
    58 1.928122 0.000000 -0.000002 -0.000025 0.188108 -0.446082
    59 1.285141 0.000000 -0.000002 -0.000058 0.040588 -0.886387
    60 11.768703 0.000000 -0.000008 0.242666 0.000000 0.000000
    61 5.884356 0.000000 -0.000004 0.128617 0.000000 0.000000
    62 11.679195 0.000000 0.000000 0.000000 0.000000 -0.161657
    63 7.023272 -6.880002 4.339547 2.620672 -1.456011 -1.105365
    64 -20.234375 -24.625000 4.523438 3.028804 -0.084958 1.875376
    65 0.000000 -0.000007 -0.000031 1.373047 0.113574 0.124314
    66 -0.000004 -0.000007 -0.000031 1.373047 0.113574 0.124314
    67 3.348999 -1.371000 0.725000 1.977842 -0.088017 1.557794
    68 2.856895 -1.536201 -0.973800 -1.501147 -0.272558 -1.578261
    69 -0.000004 0.000000 10.000000 0.000000 0.000000 0.000000
    70 0.018894 0.665159 9.395880 0.000000 0.000000 0.000000
    71 2.000008 -3.000000 0.000000 -1.570796 0.000000 -1.326450
    72 3.028210 -0.923410 -2.009452 1.574082 -0.012974 1.587243
    73 0.116953 4.311607 0.061859 0.000010 0.000000 0.000000
    74 -0.000002 0.000000 0.000001 0.000000 0.000000 0.000000
    75 0.000000 1.000000 0.000010 0.000000 0.000000 0.000000
    76 -0.000002 0.000000 0.000000 0.000000 0.000000 0.000000
    77 -0.000002 0.000000 0.000000 0.000000 0.000000 0.000000
    78 -0.000002 0.000000 0.000000 0.000000 0.000000 0.000000
time 150
    0 1.646484 -6.523438 25.546875 1.727947 -0.131304 0.058708
    1 0.000000 4.246162 -0.018825 1.546580 -0.121013 1.497120
    2 4.195629 0.000000 0.000000 -0.019988 -0.044986 -0.166490
    3 3.883152 0.000001 0.000000 -0.020908 -0.010280 -0.066208
    4 5.985943 0.000002 0.000000 -0.019886 0.010543 0.399412
    5 4.268658 1.531896 -1.575000 1.377346 1.026791 -0.333891
    6 5.782729 0.000000 0.000001 2.972257 -0.139003 0.687387
    7 11.452759 0.000001 0.000000 0.000000 0.000000 -0.366867
    8 4.268658 1.531894 1.575000 -1.780338 -1.033026 -0.039542
    9 5.782726 0.000004 0.000001 -3.128019 0.107143 0.876069
    10 11.452763 0.000001 0.000004 0.000000 0.000000 -0.479814
    11 10.945534 -0.000007 -0.000034 1.506866 -0.190431 0.388312
    12 10.945518 -0.000005 0.000015 -1.120888 0.121955 0.060749
    13 -3.806942 0.000000 0.000000 -1.255621 -0.098735 -1.736015
    14 19.253841 0.000000 0.000000 0.000000 0.000000 0.025250
    15 6.694798 0.000000 0.000000 0.000000 0.000000 0.000000
    16 5.620499 0.000002 0.000000 2.865843 -0.098430 -0.257659
    17 4.684906 0.000002 0.000000 -0.190111 0.119907 1.172348
    18 19.263098 0.000000 0.000000 0.000000 0.000000 0.293612
    19 17.589096 0.000000 0.000000 0.024371 -0.293575 -0.721074
    20 6.240662 0.000000 0.000000 -0.112054 0.023827 -0.398670
    21 3.806942 0.000000 0.000000 -2.684363 -0.486233 -0.939001
    22 6.694801 0.000000 0.000000 0.000000 0.000000 0.000000
    23 19.253845 0.000000 0.000000 0.000000 0.000000 0.025253
    24 3.147137 0.005680 -1.551346 0.204908 0.143273 -0.954241
    25 1.585903 0.000000 0.000000 0.011390 0.016585 -0.964682
    26 0.849087 0.000002 0.000000 -0.054430 -0.175364 -0.012812
    27 3.471079 0.213264 -0.574066 0.197841 0.103922 -1.056897
    28 1.897533 -0.000002 0.000000 -0.051937 -0.088263 -1.080741
    29 1.014454 0.000002 0.000000 0.002346 0.009693 0.056304
    30 3.750082 0.114767 0.430058 0.187201 0.067923 -1.244533
    31 2.258186 0.000000 0.000000 -0.042022 -0.053930 -0.856641
    32 1.210384 0.000001 0.000000 0.001810 0.011981 0.157202
    33 3.868294 -0.166636 1.490141 0.180581 0.034246 -1.190451
    34 1.786068 0.000000 0.000000 0.051300 0.063943 -1.015925
    35 1.044434 -0.000002 0.000000 0.001325 0.038484 0.095729
    36 1.121473 -1.351564 1.030998 1.138475 -0.607693 0.231095
    37 1.928116 0.000000 0.000000 -0.090105 -0.188036 -0.457011
    38 1.285145 -0.000001 0.000000 -0.000005 -0.040574 -1.047036
    39 19.263105 0.000000 0.000000 0.000000 0.000000 1.357683
    40 17.589100 0.000000 0.000000 -0.407072 0.659132 -1.595049
    41 6.240662 0.000000 0.000000 0.020393 -0.027690 -0.524379
    42 5.884350 0.000000 0.000004 -0.126310 0.000000 0.000000
    43 11.768705 0.000000 0.000000 -0.238428 0.000000 0.000000
    44 11.679195 0.000000 0.000008 0.000000 0.000000 -0.161658
    45 3.147156 0.000065 1.551354 -0.201298 -0.143284 -0.649417
    46 1.585903 0.000000 0.000000 -0.011409 -0.016643 -1.331409
    47 0.849087 0.000000 0.000000 0.054379 0.175346 0.227690
    48 3.471100 0.211189 0.574833 -0.194213 -0.103888 -0.872699
    49 1.897533 0.000000 0.000000 0.051947 0.088323 -1.093272
    50 1.014446 0.000003 0.000000 -0.002359 -0.009725 0.111690
    51 3.750099 0.116322 -0.429641 -0.183614 -0.067994 -1.128857
    52 2.258183 0.000000 0.000000 0.042077 0.053977 -0.662652
    53 1.210392 0.000001 0.000000 -0.001842 -0.011976 0.162659
    54 3.868322 -0.161243 -1.490733 -0.177010 -0.034210 -1.024999
    55 1.786068 0.000002 0.000000 -0.051298 -0.063999 -0.749967
    56 1.044445 0.000000 0.000000 -0.001333 -0.038512 0.149883
    57 1.121502 -1.347836 -1.035880 -1.045302 0.582555 0.243500
    58 1.928122 0.000000 -0.000002 -0.000025 0.188108 -0.446082
    59 1.285141 0.000000 -0.000002 -0.000058 0.040588 -0.886387
    60 11.768703 0.000000 -0.000008 0.242666 0.000000 0.000000
    61 5.884356 0.000000 -0.000004 0.128617 0.000000 0.000000
    62 11.679195 0.000000 0.000000 0.000000 0.000000 -0.161657
    63 7.023272 -6.880002 4.339547 2.620672 -1.456011 -1.105365
    64 -20.812500 -25.640625 -0.879395 3.020976 -0.086615 1.869821
    65 0.000000 -0.000007 -0.000031 1.373047 0.113574 0.124314
    66 -0.000004 -0.000007 -0.000031 1.373047 0.113574 0.124314
    67 3.348999 -1.371000 0.725000 1.977842 -0.088017 1.557794
    68 2.856895 -1.536201 -0.973800 -1.501147 -0.272558 -1.578261
    69 -0.000004 0.000000 10.000000 0.000000 0.000000 0.000000
    70 0.018894 0.665159 9.395880 0.000000 0.000000 0.000000
    71 2.000008 -3.000000 0.000000 -1.570796 0.000000 -1.326450
    72 3.028210 -0.923410 -2.009452 1.574082 -0.012974 1.587243
    73 0.116953 4.311607 0.061859 0.000010 0.000000 0.000000
    74 -0.000002 0.000000 0.000001 0.000000 0.000000 0.000000
    75 0.000000 1.000000 0.000010 0.000000 0.000000 0.000000
    76 -0.000002 0.000000 0.000000 0.000000 0.000000 0.000000
    77 -0.000002 0.000000 0.000000 0.000000 0.000000 0.000000
    78 -0.000002 0.000000 0.000000 0.000000 0.000000 0.000000
time 151
    0 1.486328 -6.195313 25.640625 1.726276 -0.126774 0.086437
    1 0.000000 4.246162 -0.018825 1.548831 -0.131110 1.503513
    2 4.195629 0.000000 0.000000 -0.018290 -0.040627 -0.161101
    3 3.883152 0.000001 0.000000 -0.019214 -0.006602 -0.066769
    4 5.985943 0.000002 0.000000 -0.016393 0.014389 0.396580
    5 4.268658 1.531896 -1.575000 1.377950 1.029549 -0.351707
    6 5.782729 0.000000 0.000001 2.988321 -0.139637 0.708083
    7 11.452759 0.000001 0.000000 0.000000 0.000000 -0.365375
    8 4.268658 1.531894 1.575000 -1.800902 -1.039871 -0.012413
    9 5.782726 0.000004 0.000001 3.122367 0.111398 0.869725
    10 11.452763 0.000001 0.000004 0.000000 0.000000 -0.485859
    11 10.945534 -0.000007 -0.000034 1.503589 -0.211217 0.397392
    12 10.945518 -0.000005 0.000015 -1.145445 0.120715 0.070517
    13 -3.806942 0.000000 0.000000 -1.228749 -0.097825 -1.743730
    14 19.253841 0.000000 0.000000 0.000000 0.000000 0.025250
    15 6.694798 0.000000 0.000000 0.000000 0.000000 0.000000
    16 5.620499 0.000002 0.000000 2.869499 -0.097063 -0.267552
    17 4.684906 0.000002 0.000000 -0.188676 0.121788 1.180312
    18 19.263098 0.000000 0.000000 0.000000 0.000000 0.312475
    19 17.589096 0.000000 0.000000 0.073217 -0.263717 -0.780115
    20 6.240662 0.000000 0.000000 -0.112060 0.023865 -0.406173
    21 3.806942 0.000000 0.000000 -2.675627 -0.538339 -0.921339
    22 6.694801 0.000000 0.000000 0.000000 0.000000 0.000000
    23 19.253845 0.000000 0.000000 0.000000 0.000000 0.025253
    24 3.147137 0.005680 -1.551346 0.204908 0.143273 -0.954241
    25 1.585903 0.000000 0.000000 0.011390 0.016585 -0.964682
    26 0.849087 0.000002 0.000000 -0.054430 -0.175364 -0.012812
    27 3.471079 0.213264 -0.574066 0.197841 0.103922 -1.056897
    28 1.897533 -0.000002 0.000000 -0.051937 -0.088263 -1.080741
    29 1.014454 0.000002 0.000000 0.002346 0.009693 0.056304
    30 3.750082 0.114767 0.430058 0.187201 0.067923 -1.244533
    31 2.258186 0.000000 0.000000 -0.042022 -0.053930 -0.856641
    32 1.210384 0.000001 0.000000 0.001810 0.011981 0.157202
    33 3.868294 -0.166636 1.490141 0.180581 0.034246 -1.190451
    34 1.786068 0.000000 0.000000 0.051300 0.063943 -1.015925
    35 1.044434 -0.000002 0.000000 0.001325 0.038484 0.095729
    36 1.121473 -1.351564 1.030998 1.138475 -0.607693 0.231095
    37 1.928116 0.000000 0.000000 -0.090105 -0.188036 -0.457011
    38 1.285145 -0.000001 0.000000 -0.000005 -0.040574 -1.047036
    39 19.263105 0.000000 0.000000 0.000000 0.000000 1.384000
    40 17.589100 0.000000 0.000000 -0.382659 0.673888 -1.581929
    41 6.240662 0.000000 0.000000 0.020465 -0.027698 -0.533951
    42 5.884350 0.000000 0.000004 -0.126310 0.000000 0.000000
    43 11.768705 0.000000 0.000000 -0.238428 0.000000 0.000000
    44 11.679195 0.000000 0.000008 0.000000 0.000000 -0.161658
    45 3.147156 0.000065 1.551354 -0.201298 -0.143284 -0.649417
    46 1.585903 0.000000 0.000000 -0.011409 -0.016643 -1.331409
    47 0.849087 0.000000 0.000000 0.054379 0.175346 0.227690
    48 3.471100 0.211189 0.574833 -0.194213 -0.103888 -0.872699
    49 1.897533 0.000000 0.000000 0.051947 0.088323 -1.093272
    50 1.014446 0.000003 0.000000 -0.002359 -0.009725 0.111690
    51 3.750099 0.116322 -0.429641 -0.183614 -0.067994 -1.128857
    52 2.258183 0.000000 0.000000 0.042077 0.053977 -0.662652
    53 1.210392 0.000001 0.000000 -0.001842 -0.011976 0.162659
    54 3.868322 -0.161243 -1.490733 -0.177010 -0.034210 -1.024999
    55 1.786068 0.000002 0.000000 -0.051298 -0.063999 -0.749967
    56 1.044445 0.000000 0.000000 -0.001333 -0.038512 0.149883
    57 1.121502 -1.347836 -1.035880 -1.045302 0.582555 0.243500
    58 1.928122 0.000000 -0.000002 -0.000025 0.188108 -0.446082
    59 1.285141 0.000000 -0.000002 -0.000058 0.040588 -0.886387
    60 11.768703 0.000000 -0.000008 0.242666 0.000000 0.000000
    61 5.884356 0.000000 -0.000004 0.128617 0.000000 0.000000
    62 11.679195 0.000000 0.000000 0.000000 0.000000 -0.161657
    63 7.023272 -6.880002 4.339547 2.620672 -1.456011 -1.105365
    64 -21.281250 -21.359375 -5.031250 3.010567 -0.090051 1.869470
    65 0.000000 -0.000007 -0.000031 1.373047 0.113574 0.124314
    66 -0.000004 -0.000007 -0.000031 1.373047 0.113574 0.124314
    67 3.348999 -1.371000 0.725000 1.977842 -0.088017 1.557794
    68 2.856895 -1.536201 -0.973800 -1.501147 -0.272558 -1.578261
    69 -0.000004 0.000000 10.000000 0.000000 0.000000 0.000000
    70 0.018894 0.665159 9.395880 0.000000 0.000000 0.000000
    71 2.000008 -3.000000 0.000000 -1.570796 0.000000 -1.326450
    72 3.028210 -0.923410 -2.009452 1.574082 -0.012974 1.587243
    73 0.116953 4.311607 0.061859 0.000010 0.000000 0.000000
    74 -0.000002 0.000000 0.000001 0.000000 0.000000 0.000000
    75 0.000000 1.000000 0.000010 0.000000 0.000000 0.000000
    76 -0.000002 0.000000 0.000000 0.000000 0.000000 0.000000
    77 -0.000002 0.000000 0.000000 0.000000 0.000000 0.000000
    78 -0.000002 0.000000 0.000000 0.000000 0.000000 0.000000
time 152
    0 1.348633 -5.984375 25.750000 1.721086 -0.119275 0.112763
    1 0.000000 4.246162 -0.018825 1.552407 -0.135024 1.512500
    2 4.195629 0.000000 0.000000 -0.015353 -0.034647 -0.158337
    3 3.883152 0.000001 0.000000 -0.016608 -0.001915 -0.064224
    4 5.985943 0.000002 0.000000 -0.011505 0.018812 0.400994
    5 4.268658 1.531896 -1.575000 1.370824 1.031527 -0.377369
    6 5.782729 0.000000 0.000001 3.017625 -0.132940 0.730403
    7 11.452759 0.000001 0.000000 0.000000 0.000000 -0.371785
    8 4.268658 1.531894 1.575000 -1.836132 -1.051891 0.019491
    9 5.782726 0.000004 0.000001 3.090340 0.101719 0.858207
    10 11.452763 0.000001 0.000004 0.000000 0.000000 -0.505985
    11 10.945534 -0.000007 -0.000034 1.502181 -0.236487 0.408713
    12 10.945518 -0.000005 0.000015 -1.177463 0.121532 0.082737
    13 -3.806942 0.000000 0.000000 -1.217643 -0.088881 -1.755141
    14 19.253841 0.000000 0.000000 0.000000 0.000000 0.025250
    15 6.694798 0.000000 0.000000 0.000000 0.000000 0.000000
    16 5.620499 0.000002 0.000000 2.867020 -0.093932 -0.275117
    17 4.684906 0.000002 0.000000 -0.193269 0.124840 1.185306
    18 19.263098 0.000000 0.000000 0.000000 0.000000 0.330403
    19 17.589096 0.000000 0.000000 0.101753 -0.260924 -0.807309
    20 6.240662 0.000000 0.000000 -0.112077 0.023817 -0.418536
    21 3.806942 0.000000 0.000000 -2.666485 -0.574417 -0.925576
    22 6.694801 0.000000 0.000000 0.000000 0.000000 0.000000
    23 19.253845 0.000000 0.000000 0.000000 0.000000 0.025253
    24 3.147137 0.005680 -1.551346 0.204908 0.143273 -0.954241
    25 1.585903 0.000000 0.000000 0.011390 0.016585 -0.964682
    26 0.849087 0.000002 0.000000 -0.054430 -0.175364 -0.012812
    27 3.471079 0.213264 -0.574066 0.197841 0.103922 -1.056897
    28 1.897533 -0.000002 0.000000 -0.051937 -0.088263 -1.080741
    29 1.014454 0.000002 0.000000 0.002346 0.009693 0.056304
    30 3.750082 0.114767 0.430058 0.187201 0.067923 -1.244533
    31 2.258186 0.000000 0.000000 -0.042022 -0.053930 -0.856641
    32 1.210384 0.000001 0.000000 0.001810 0.011981 0.157202
    33 3.868294 -0.166636 1.490141 0.180581 0.034246 -1.190451
    34 1.786068 0.000000 0.000000 0.051300 0.063943 -1.015925
    35 1.044434 -0.000002 0.000000 0.001325 0.038484 0.095729
    36 1.121473 -1.351564 1.030998 1.138475 -0.607693 0.231095
    37 1.928116 0.000000 0.000000 -0.090105 -0.188036 -0.457011
    38 1.285145 -0.000001 0.000000 -0.000005 -0.040574 -1.047036
    39 19.263105 0.000000 0.000000 0.000000 0.000000 1.361235
    40 17.589100 0.000000 0.000000 -0.355314 0.692581 -1.544129
    41 6.240662 0.000000 0.000000 0.020436 -0.027698 -0.521430
    42 5.884350 0.000000 0.000004 -0.126310 0.000000 0.000000
    43 11.768705 0.000000 0.000000 -0.238428 0.000000 0.000000
    44 11.679195 0.000000 0.000008 0.000000 0.000000 -0.161658
    45 3.147156 0.000065 1.551354 -0.201298 -0.143284 -0.649417
    46 1.585903 0.000000 0.000000 -0.011409 -0.016643 -1.331409
    47 0.849087 0.000000 0.000000 0.054379 0.175346 0.227690
    48 3.471100 0.211189 0.574833 -0.194213 -0.103888 -0.872699
    49 1.897533 0.000000 0.000000 0.051947 0.088323 -1.093272
    50 1.014446 0.000003 0.000000 -0.002359 -0.009725 0.111690
    51 3.750099 0.116322 -0.429641 -0.183614 -0.067994 -1.128857
    52 2.258183 0.000000 0.000000 0.042077 0.053977 -0.662652
    53 1.210392 0.000001 0.000000 -0.001842 -0.011976 0.162659
    54 3.868322 -0.161243 -1.490733 -0.177010 -0.034210 -1.024999
    55 1.786068 0.000002 0.000000 -0.051298 -0.063999 -0.749967
    56 1.044445 0.000000 0.000000 -0.001333 -0.038512 0.149883
    57 1.121502 -1.347836 -1.035880 -1.045302 0.582555 0.243500
    58 1.928122 0.000000 -0.000002 -0.000025 0.188108 -0.446082
    59 1.285141 0.000000 -0.000002 -0.000058 0.040588 -0.886387
    60 11.768703 0.000000 -0.000008 0.242666 0.000000 0.000000
    61 5.884356 0.000000 -0.000004 0.128617 0.000000 0.000000
    62 11.679195 0.000000 0.000000 0.000000 0.000000 -0.161657
    63 7.023272 -6.880002 4.339547 2.620672 -1.456011 -1.105365
    64 -20.859375 -14.031250 -6.562500 2.997078 -0.097492 1.875066
    65 0.000000 -0.000007 -0.000031 1.373047 0.113574 0.124314
    66 -0.000004 -0.000007 -0.000031 1.373047 0.113574 0.124314
    67 3.348999 -1.371000 0.725000 1.977842 -0.088017 1.557794
    68 2.856895 -1.536201 -0.973800 -1.501147 -0.272558 -1.578261
    69 -0.000004 0.000000 10.000000 0.000000 0.000000 0.000000
    70 0.018894 0.665159 9.395880 0.000000 0.000000 0.000000
    71 2.000008 -3.000000 0.000000 -1.570796 0.000000 -1.326450
    72 3.028210 -0.923410 -2.009452 1.574082 -0.012974 1.587243
    73 0.116953 4.311607 0.061859 0.000010 0.000000 0.000000
    74 -0.000002 0.000000 0.000001 0.000000 0.000000 0.000000
    75 0.000000 1.000000 0.000010 0.000000 0.000000 0.000000
    76 -0.000002 0.000000 0.000000 0.000000 0.000000 0.000000
    77 -0.000002 0.000000 0.000000 0.000000 0.000000 0.000000
    78 -0.000002 0.000000 0.000000 0.000000 0.000000 0.000000
time 153
    0 1.205078 -5.898438 25.875000 1.711949 -0.108353 0.137039
    1 0.000000 4.246162 -0.018825 1.556424 -0.133105 1.523270
    2 4.195629 0.000000 0.000000 -0.011849 -0.027608 -0.157649
    3 3.883152 0.000001 0.000000 -0.013384 0.002797 -0.059594
    4 5.985943 0.000002 0.000000 -0.006265 0.022024 0.410113
    5 4.268658 1.531896 -1.575000 1.362078 1.038652 -0.404262
    6 5.782729 0.000000 0.000001 3.048544 -0.118213 0.753757
    7 11.452759 0.000001 0.000000 0.000000 0.000000 -0.390688
    8 4.268658 1.531894 1.575000 -1.878059 -1.078836 0.055607
    9 5.782726 0.000004 0.000001 3.065475 0.079855 0.864727
    10 11.452763 0.000001 0.000004 0.000000 0.000000 -0.521872
    11 10.945534 -0.000007 -0.000034 1.499356 -0.257458 0.412684
    12 10.945518 -0.000005 0.000015 -1.214787 0.120988 0.102275
    13 -3.806942 0.000000 0.000000 -1.216676 -0.072622 -1.765456
    14 19.253841 0.000000 0.000000 0.000000 0.000000 0.025250
    15 6.694798 0.000000 0.000000 0.000000 0.000000 0.000000
    16 5.620499 0.000002 0.000000 2.860374 -0.087190 -0.277786
    17 4.684906 0.000002 0.000000 -0.203094 0.126971 1.183644
    18 19.263098 0.000000 0.000000 0.000000 0.000000 0.350111
    19 17.589096 0.000000 0.000000 0.112556 -0.264557 -0.813731
    20 6.240662 0.000000 0.000000 -0.112098 0.023850 -0.422782
    21 3.806942 0.000000 0.000000 -2.652787 -0.588573 -0.956577
    22 6.694801 0.000000 0.000000 0.000000 0.000000 0.000000
    23 19.253845 0.000000 0.000000 0.000000 0.000000 0.025253
    24 3.147137 0.005680 -1.551346 0.204908 0.143273 -0.954241
    25 1.585903 0.000000 0.000000 0.011390 0.016585 -0.964682
    26 0.849087 0.000002 0.000000 -0.054430 -0.175364 -0.012812
    27 3.471079 0.213264 -0.574066 0.197841 0.103922 -1.056897
    28 1.897533 -0.000002 0.000000 -0.051937 -0.088263 -1.080741
    29 1.014454 0.000002 0.000000 0.002346 0.009693 0.056304
    30 3.750082 0.114767 0.430058 0.187201 0.067923 -1.244533
    31 2.258186 0.000000 0.000000 -0.042022 -0.053930 -0.856641
    32 1.210384 0.000001 0.000000 0.001810 0.011981 0.157202
    33 3.868294 -0.166636 1.490141 0.180581 0.034246 -1.190451
    34 1.786068 0.000000 0.000000 0.051300 0.063943 -1.015925
    35 1.044434 -0.000002 0.000000 0.001325 0.038484 0.095729
    36 1.121473 -1.351564 1.030998 1.138475 -0.607693 0.231095
    37 1.928116 0.000000 0.000000 -0.090105 -0.188036 -0.457011
    38 1.285145 -0.000001 0.000000 -0.000005 -0.040574 -1.047036
    39 19.263105 0.000000 0.000000 0.000000 0.000000 1.276362
    40 17.589100 0.000000 0.000000 -0.314007 0.722040 -1.468489
    41 6.240662 0.000000 0.000000 0.020430 -0.027672 -0.553758
    42 5.884350 0.000000 0.000004 -0.126310 0.000000 0.000000
    43 11.768705 0.000000 0.000000 -0.238428 0.000000 0.000000
    44 11.679195 0.000000 0.000008 0.000000 0.000000 -0.161658
    45 3.147156 0.000065 1.551354 -0.201298 -0.143284 -0.649417
    46 1.585903 0.000000 0.000000 -0.011409 -0.016643 -1.331409
    47 0.849087 0.000000 0.000000 0.054379 0.175346 0.227690
    48 3.471100 0.211189 0.574833 -0.194213 -0.103888 -0.872699
    49 1.897533 0.000000 0.000000 0.051947 0.088323 -1.093272
    50 1.014446 0.000003 0.000000 -0.002359 -0.009725 0.111690
    51 3.750099 0.116322 -0.429641 -0.183614 -0.067994 -1.128857
    52 2.258183 0.000000 0.000000 0.042077 0.053977 -0.662652
    53 1.210392 0.000001 0.000000 -0.001842 -0.011976 0.162659
    54 3.868322 -0.161243 -1.490733 -0.177010 -0.034210 -1.024999
    55 1.786068 0.000002 0.000000 -0.051298 -0.063999 -0.749967
    56 1.044445 0.000000 0.000000 -0.001333 -0.038512 0.149883
    57 1.121502 -1.347836 -1.035880 -1.045302 0.582555 0.243500
    58 1.928122 0.000000 -0.000002 -0.000025 0.188108 -0.446082
    59 1.285141 0.000000 -0.000002 -0.000058 0.040588 -0.886387
    60 11.768703 0.000000 -0.000008 0.242666 0.000000 0.000000
    61 5.884356 0.000000 -0.000004 0.128617 0.000000 0.000000
    62 11.679195 0.000000 0.000000 0.000000 0.000000 -0.161657
    63 7.023272 -6.880002 4.339547 2.620672 -1.456011 -1.105365
    64 -18.312500 -7.972656 -2.363281 2.980197 -0.099873 1.878389
    65 0.000000 -0.000007 -0.000031 1.373047 0.113574 0.124314
    66 -0.000004 -0.000007 -0.000031 1.373047 0.113574 0.124314
    67 3.348999 -1.371000 0.725000 1.977842 -0.088017 1.557794
    68 2.856895 -1.536201 -0.973800 -1.501147 -0.272558 -1.578261
    69 -0.000004 0.000000 10.000000 0.000000 0.000000 0.000000
    70 0.018894 0.665159 9.395880 0.000000 0.000000 0.000000
    71 2.000008 -3.000000 0.000000 -1.570796 0.000000 -1.326450
    72 3.028210 -0.923410 -2.009452 1.574082 -0.012974 1.587243
    73 0.116953 4.311607 0.061859 0.000010 0.000000 0.000000
    74 -0.000002 0.000000 0.000001 0.000000 0.000000 0.000000
    75 0.000000 1.000000 0.000010 0.000000 0.000000 0.000000
    76 -0.000002 0.000000 0.000000 0.000000 0.000000 0.000000
    77 -0.000002 0.000000 0.000000 0.000000 0.000000 0.000000
    78 -0.000002 0.000000 0.000000 0.000000 0.000000 0.000000
time 154
    0 1.086914 -5.917969 26.000000 1.698980 -0.094268 0.159840
    1 0.000000 4.246162 -0.018825 1.562783 -0.130403 1.533898
    2 4.195629 0.000000 0.000000 -0.006371 -0.019994 -0.159385
    3 3.883152 0.000001 0.000000 -0.008424 0.007705 -0.057016
    4 5.985943 0.000002 0.000000 0.000798 0.025067 0.416549
    5 4.268658 1.531896 -1.575000 1.334159 1.052509 -0.448423
    6 5.782729 0.000000 0.000001 3.077721 -0.086998 0.784520
    7 11.452759 0.000001 0.000000 0.000000 0.000000 -0.408656
    8 4.268658 1.531894 1.575000 -1.949683 -1.108204 0.122024
    9 5.782726 0.000004 0.000001 3.064401 0.050128 0.884303
    10 11.452763 0.000001 0.000004 0.000000 0.000000 -0.532871
    11 10.945534 -0.000007 -0.000034 1.490135 -0.271124 0.414064
    12 10.945518 -0.000005 0.000015 -1.258066 0.115456 0.121448
    13 -3.806942 0.000000 0.000000 -1.220865 -0.049651 -1.776095
    14 19.253841 0.000000 0.000000 0.000000 0.000000 0.025250
    15 6.694798 0.000000 0.000000 0.000000 0.000000 0.000000
    16 5.620499 0.000002 0.000000 2.851600 -0.077130 -0.272111
    17 4.684906 0.000002 0.000000 -0.215925 0.126682 1.172611
    18 19.263098 0.000000 0.000000 0.000000 0.000000 0.369765
    19 17.589096 0.000000 0.000000 0.102481 -0.270114 -0.805292
    20 6.240662 0.000000 0.000000 -0.112071 0.023806 -0.422071
    21 3.806942 0.000000 0.000000 -2.621677 -0.577977 -1.017577
    22 6.694801 0.000000 0.000000 0.000000 0.000000 0.000000
    23 19.253845 0.000000 0.000000 0.000000 0.000000 0.025253
    24 3.147137 0.005680 -1.551346 0.204908 0.143273 -0.954241
    25 1.585903 0.000000 0.000000 0.011390 0.016585 -0.964682
    26 0.849087 0.000002 0.000000 -0.054430 -0.175364 -0.012812
    27 3.471079 0.213264 -0.574066 0.197841 0.103922 -1.056897
    28 1.897533 -0.000002 0.000000 -0.051937 -0.088263 -1.080741
    29 1.014454 0.000002 0.000000 0.002346 0.009693 0.056304
    30 3.750082 0.114767 0.430058 0.187201 0.067923 -1.244533
    31 2.258186 0.000000 0.000000 -0.042022 -0.053930 -0.856641
    32 1.210384 0.000001 0.000000 0.001810 0.011981 0.157202
    33 3.868294 -0.166636 1.490141 0.180581 0.034246 -1.190451
    34 1.786068 0.000000 0.000000 0.051300 0.063943 -1.015925
    35 1.044434 -0.000002 0.000000 0.001325 0.038484 0.095729
    36 1.121473 -1.351564 1.030998 1.138475 -0.607693 0.231095
    37 1.928116 0.000000 0.000000 -0.090105 -0.188036 -0.457011
    38 1.285145 -0.000001 0.000000 -0.000005 -0.040574 -1.047036
    39 19.263105 0.000000 0.000000 0.000000 0.000000 1.122597
    40 17.589100 0.000000 0.000000 -0.300472 0.782109 -1.376504
    41 6.240662 0.000000 0.000000 0.020407 -0.027660 -0.616607
    42 5.884350 0.000000 0.000004 -0.126310 0.000000 0.000000
    43 11.768705 0.000000 0.000000 -0.238428 0.000000 0.000000
    44 11.679195 0.000000 0.000008 0.000000 0.000000 -0.161658
    45 3.147156 0.000065 1.551354 -0.201298 -0.143284 -0.649417
    46 1.585903 0.000000 0.000000 -0.011409 -0.016643 -1.331409
    47 0.849087 0.000000 0.000000 0.054379 0.175346 0.227690
    48 3.471100 0.211189 0.574833 -0.194213 -0.103888 -0.872699
    49 1.897533 0.000000 0.000000 0.051947 0.088323 -1.093272
    50 1.014446 0.000003 0.000000 -0.002359 -0.009725 0.111690
    51 3.750099 0.116322 -0.429641 -0.183614 -0.067994 -1.128857
    52 2.258183 0.000000 0.000000 0.042077 0.053977 -0.662652
    53 1.210392 0.000001 0.000000 -0.001842 -0.011976 0.162659
    54 3.868322 -0.161243 -1.490733 -0.177010 -0.034210 -1.024999
    55 1.786068 0.000002 0.000000 -0.051298 -0.063999 -0.749967
    56 1.044445 0.000000 0.000000 -0.001333 -0.038512 0.149883
    57 1.121502 -1.347836 -1.035880 -1.045302 0.582555 0.243500
    58 1.928122 0.000000 -0.000002 -0.000025 0.188108 -0.446082
    59 1.285141 0.000000 -0.000002 -0.000058 0.040588 -0.886387
    60 11.768703 0.000000 -0.000008 0.242666 0.000000 0.000000
    61 5.884356 0.000000 -0.000004 0.128617 0.000000 0.000000
    62 11.679195 0.000000 0.000000 0.000000 0.000000 -0.161657
    63 7.023272 -6.880002 4.339547 2.620672 -1.456011 -1.105365
    64 -15.468750 -7.234375 2.996094 2.960782 -0.085294 1.880975
    65 0.000000 -0.000007 -0.000031 1.373047 0.113574 0.124314
    66 -0.000004 -0.000007 -0.000031 1.373047 0.113574 0.124314
    67 3.348999 -1.371000 0.725000 1.977842 -0.088017 1.557794
    68 2.856895 -1.536201 -0.973800 -1.501147 -0.272558 -1.578261
    69 -0.000004 0.000000 10.000000 0.000000 0.000000 0.000000
    70 0.018894 0.665159 9.395880 0.000000 0.000000 0.000000
    71 2.000008 -3.000000 0.000000 -1.570796 0.000000 -1.326450
    72 3.028210 -0.923410 -2.009452 1.574082 -0.012974 1.587243
    73 0.116953 4.311607 0.061859 0.000010 0.000000 0.000000
    74 -0.000002 0.000000 0.000001 0.000000 0.000000 0.000000
    75 0.000000 1.000000 0.000010 0.000000 0.000000 0.000000
    76 -0.000002 0.000000 0.000000 0.000000 0.000000 0.000000
    77 -0.000002 0.000000 0.000000 0.000000 0.000000 0.000000
    78 -0.000002 0.000000 0.000000 0.000000 0.000000 0.000000
time 155
    0 0.988770 -6.074219 26.125000 1.678728 -0.076186 0.180516
    1 0.000000 4.246162 -0.018825 1.569382 -0.126694 1.543008
    2 4.195629 0.000000 0.000000 -0.000362 -0.012674 -0.161260
    3 3.883152 0.000001 0.000000 -0.002892 0.013649 -0.056745
    4 5.985943 0.000002 0.000000 0.008583 0.028802 0.418177
    5 4.268658 1.531896 -1.575000 1.306373 1.070034 -0.485543
    6 5.782729 0.000000 0.000001 3.092789 -0.045286 0.812274
    7 11.452759 0.000001 0.000000 0.000000 0.000000 -0.427983
    8 4.268658 1.531894 1.575000 -2.028258 -1.131907 0.205343
    9 5.782726 0.000004 0.000001 3.073611 0.011628 0.904568
    10 11.452763 0.000001 0.000004 0.000000 0.000000 -0.547830
    11 10.945534 -0.000007 -0.000034 1.476658 -0.283178 0.415622
    12 10.945518 -0.000005 0.000015 -1.302776 0.107253 0.133897
    13 -3.806942 0.000000 0.000000 -1.230202 -0.015429 -1.784603
    14 19.253841 0.000000 0.000000 0.000000 0.000000 0.025250
    15 6.694798 0.000000 0.000000 0.000000 0.000000 0.000000
    16 5.620499 0.000002 0.000000 2.844386 -0.062603 -0.248878
    17 4.684906 0.000002 0.000000 -0.228850 0.120386 1.148642
    18 19.263098 0.000000 0.000000 0.000000 0.000000 0.387344
    19 17.589096 0.000000 0.000000 0.091636 -0.271290 -0.792486
    20 6.240662 0.000000 0.000000 -0.112094 0.023865 -0.422517
    21 3.806942 0.000000 0.000000 -2.554658 -0.528923 -1.107895
    22 6.694801 0.000000 0.000000 0.000000 0.000000 0.000000
    23 19.253845 0.000000 0.000000 0.000000 0.000000 0.025253
    24 3.147137 0.005680 -1.551346 0.204908 0.143273 -0.954241
    25 1.585903 0.000000 0.000000 0.011390 0.016585 -0.964682
    26 0.849087 0.000002 0.000000 -0.054430 -0.175364 -0.012812
    27 3.471079 0.213264 -0.574066 0.197841 0.103922 -1.056897
    28 1.897533 -0.000002 0.000000 -0.051937 -0.088263 -1.080741
    29 1.014454 0.000002 0.000000 0.002346 0.009693 0.056304
    30 3.750082 0.114767 0.430058 0.187201 0.067923 -1.244533
    31 2.258186 0.000000 0.000000 -0.042022 -0.053930 -0.856641
    32 1.210384 0.000001 0.000000 0.001810 0.011981 0.157202
    33 3.868294 -0.166636 1.490141 0.180581 0.034246 -1.190451
    34 1.786068 0.000000 0.000000 0.051300 0.063943 -1.015925
    35 1.044434 -0.000002 0.000000 0.001325 0.038484 0.095729
    36 1.121473 -1.351564 1.030998 1.138475 -0.607693 0.231095
    37 1.928116 0.000000 0.000000 -0.090105 -0.188036 -0.457011
    38 1.285145 -0.000001 0.000000 -0.000005 -0.040574 -1.047036
    39 19.263105 0.000000 0.000000 0.000000 0.000000 0.903618
    40 17.589100 0.000000 0.000000 -0.311013 0.878288 -1.309322
    41 6.240662 0.000000 0.000000 0.020435 -0.027690 -0.831442
    42 5.884350 0.000000 0.000004 -0.126310 0.000000 0.000000
    43 11.768705 0.000000 0.000000 -0.238428 0.000000 0.000000
    44 11.679195 0.000000 0.000008 0.000000 0.000000 -0.161658
    45 3.147156 0.000065 1.551354 -0.201298 -0.143284 -0.649417
    46 1.585903 0.000000 0.000000 -0.011409 -0.016643 -1.331409
    47 0.849087 0.000000 0.000000 0.054379 0.175346 0.227690
    48 3.471100 0.211189 0.574833 -0.194213 -0.103888 -0.872699
    49 1.897533 0.000000 0.000000 0.051947 0.088323 -1.093272
    50 1.014446 0.000003 0.000000 -0.002359 -0.009725 0.111690
    51 3.750099 0.116322 -0.429641 -0.183614 -0.067994 -1.128857
    52 2.258183 0.000000 0.000000 0.042077 0.053977 -0.662652
    53 1.210392 0.000001 0.000000 -0.001842 -0.011976 0.162659
    54 3.868322 -0.161243 -1.490733 -0.177010 -0.034210 -1.024999
    55 1.786068 0.000002 0.000000 -0.051298 -0.063999 -0.749967
    56 1.044445 0.000000 0.000000 -0.001333 -0.038512 0.149883
    57 1.121502 -1.347836 -1.035880 -1.045302 0.582555 0.243500
    58 1.928122 0.000000 -0.000002 -0.000025 0.188108 -0.446082
    59 1.285141 0.000000 -0.000002 -0.000058 0.040588 -0.886387
    60 11.768703 0.000000 -0.000008 0.242666 0.000000 0.000000
    61 5.884356 0.000000 -0.000004 0.128617 0.000000 0.000000
    62 11.679195 0.000000 0.000000 0.000000 0.000000 -0.161657
    63 7.023272 -6.880002 4.339547 2.620672 -1.456011 -1.105365
    64 -12.789063 -10.531250 6.960938 2.937058 -0.064113 1.888292
    65 0.000000 -0.000007 -0.000031 1.373047 0.113574 0.124314
    66 -0.000004 -0.000007 -0.000031 1.373047 0.113574 0.124314
    67 3.348999 -1.371000 0.725000 1.977842 -0.088017 1.557794
    68 2.856895 -1.536201 -0.973800 -1.501147 -0.272558 -1.578261
    69 -0.000004 0.000000 10.000000 0.000000 0.000000 0.000000
    70 0.018894 0.665159 9.395880 0.000000 0.000000 0.000000
    71 2.000008 -3.000000 0.000000 -1.570796 0.000000 -1.326450
    72 3.028210 -0.923410 -2.009452 1.574082 -0.012974 1.587243
    73 0.116953 4.311607 0.061859 0.000010 0.000000 0.000000
    74 -0.000002 0.000000 0.000001 0.000000 0.000000 0.000000
    75 0.000000 1.000000 0.000010 0.000000 0.000000 0.000000
    76 -0.000002 0.000000 0.000000 0.000000 0.000000 0.000000
    77 -0.000002 0.000000 0.000000 0.000000 0.000000 0.000000
    78 -0.000002 0.000000 0.000000 0.000000 0.000000 0.000000
time 156
    0 0.908691 -6.371094 26.203125 1.651605 -0.050462 0.195417
    1 0.000000 4.246162 -0.018825 1.574031 -0.123282 1.556808
    2 4.195629 0.000000 0.000000 0.003307 -0.003368 -0.162997
    3 3.883152 0.000001 0.000000 0.000800 0.017726 -0.055855
    4 5.985943 0.000002 0.000000 0.013433 0.029885 0.420029
    5 4.268658 1.531896 -1.575000 1.285409 1.079921 -0.515826
    6 5.782729 0.000000 0.000001 3.084465 0.002365 0.817936
    7 11.452759 0.000001 0.000000 0.000000 0.000000 -0.457448
    8 4.268658 1.531894 1.575000 -2.067798 -1.147985 0.249824
    9 5.782726 0.000004 0.000001 3.083107 -0.035553 0.917439
    10 11.452763 0.000001 0.000004 0.000000 0.000000 -0.558149
    11 10.945534 -0.000007 -0.000034 1.466175 -0.294159 0.417001
    12 10.945518 -0.000005 0.000015 -1.327636 0.102472 0.144644
    13 -3.806942 0.000000 0.000000 -1.241160 0.025181 -1.786883
    14 19.253841 0.000000 0.000000 0.000000 0.000000 0.025250
    15 6.694798 0.000000 0.000000 0.000000 0.000000 0.000000
    16 5.620499 0.000002 0.000000 2.846556 -0.042791 -0.223817
    17 4.684906 0.000002 0.000000 -0.236183 0.107665 1.119325
    18 19.263098 0.000000 0.000000 0.000000 0.000000 0.405659
    19 17.589096 0.000000 0.000000 0.068870 -0.272120 -0.781170
    20 6.240662 0.000000 0.000000 -0.112068 0.023861 -0.417743
    21 3.806942 0.000000 0.000000 -2.469572 -0.443333 -1.196148
    22 6.694801 0.000000 0.000000 0.000000 0.000000 0.000000
    23 19.253845 0.000000 0.000000 0.000000 0.000000 0.025253
    24 3.147137 0.005680 -1.551346 0.204908 0.143273 -0.954241
    25 1.585903 0.000000 0.000000 0.011390 0.016585 -0.964682
    26 0.849087 0.000002 0.000000 -0.054430 -0.175364 -0.012812
    27 3.471079 0.213264 -0.574066 0.197841 0.103922 -1.056897
    28 1.897533 -0.000002 0.000000 -0.051937 -0.088263 -1.080741
    29 1.014454 0.000002 0.000000 0.002346 0.009693 0.056304
    30 3.750082 0.114767 0.430058 0.187201 0.067923 -1.244533
    31 2.258186 0.000000 0.000000 -0.042022 -0.053930 -0.856641
    32 1.210384 0.000001 0.000000 0.001810 0.011981 0.157202
    33 3.868294 -0.166636 1.490141 0.180581 0.034246 -1.190451
    34 1.786068 0.000000 0.000000 0.051300 0.063943 -1.015925
    35 1.044434 -0.000002 0.000000 0.001325 0.038484 0.095729
    36 1.121473 -1.351564 1.030998 1.138475 -0.607693 0.231095
    37 1.928116 0.000000 0.000000 -0.090105 -0.188036 -0.457011
    38 1.285145 -0.000001 0.000000 -0.000005 -0.040574 -1.047036
    39 19.263105 0.000000 0.000000 0.000000 0.000000 0.655400
    40 17.589100 0.000000 0.000000 -0.291719 0.957789 -1.270111
    41 6.240662 0.000000 0.000000 0.020394 -0.027712 -1.002085
    42 5.884350 0.000000 0.000004 -0.126310 0.000000 0.000000
    43 11.768705 0.000000 0.000000 -0.238428 0.000000 0.000000
    44 11.679195 0.000000 0.000008 0.000000 0.000000 -0.161658
    45 3.147156 0.000065 1.551354 -0.201298 -0.143284 -0.649417
    46 1.585903 0.000000 0.000000 -0.011409 -0.016643 -1.331409
    47 0.849087 0.000000 0.000000 0.054379 0.175346 0.227690
    48 3.471100 0.211189 0.574833 -0.194213 -0.103888 -0.872699
    49 1.897533 0.000000 0.000000 0.051947 0.088323 -1.093272
    50 1.014446 0.000003 0.000000 -0.002359 -0.009725 0.111690
    51 3.750099 0.116322 -0.429641 -0.183614 -0.067994 -1.128857
    52 2.258183 0.000000 0.000000 0.042077 0.053977 -0.662652
    53 1.210392 0.000001 0.000000 -0.001842 -0.011976 0.162659
    54 3.868322 -0.161243 -1.490733 -0.177010 -0.034210 -1.024999
    55 1.786068 0.000002 0.000000 -0.051298 -0.063999 -0.749967
    56 1.044445 0.000000 0.000000 -0.001333 -0.038512 0.149883
    57 1.121502 -1.347836 -1.035880 -1.045302 0.582555 0.243500
    58 1.928122 0.000000 -0.000002 -0.000025 0.188108 -0.446082
    59 1.285141 0.000000 -0.000002 -0.000058 0.040588 -0.886387
    60 11.768703 0.000000 -0.000008 0.242666 0.000000 0.000000
    61 5.884356 0.000000 -0.000004 0.128617 0.000000 0.000000
    62 11.679195 0.000000 0.000000 0.000000 0.000000 -0.161657
    63 7.023272 -6.880002 4.339547 2.620672 -1.456011 -1.105365
    64 -10.601563 -17.671875 6.593750 2.913222 -0.044688 1.893281
    65 0.000000 -0.000007 -0.000031 1.373047 0.113574 0.124314
    66 -0.000004 -0.000007 -0.000031 1.373047 0.113574 0.124314
    67 3.348999 -1.371000 0.725000 1.977842 -0.088017 1.557794
    68 2.856895 -1.536201 -0.973800 -1.501147 -0.272558 -1.578261
    69 -0.000004 0.000000 10.000000 0.000000 0.000000 0.000000
    70 0.018894 0.665159 9.395880 0.000000 0.000000 0.000000
    71 2.000008 -3.000000 0.000000 -1.570796 0.000000 -1.326450
    72 3.028210 -0.923410 -2.009452 1.574082 -0.012974 1.587243
    73 0.116953 4.311607 0.061859 0.000010 0.000000 0.000000
    74 -0.000002 0.000000 0.000001 0.000000 0.000000 0.000000
    75 0.000000 1.000000 0.000010 0.000000 0.000000 0.000000
    76 -0.000002 0.000000 0.000000 0.000000 0.000000 0.000000
    77 -0.000002 0.000000 0.000000 0.000000 0.000000 0.000000
    78 -0.000002 0.000000 0.000000 0.000000 0.000000 0.000000
time 157
    0 0.831543 -6.726563 26.203125 1.629082 -0.018699 0.201237
    1 0.000000 4.246162 -0.018825 1.577596 -0.115101 1.573562
    2 4.195629 0.000000 0.000000 0.006034 0.006569 -0.166958
    3 3.883152 0.000001 0.000000 0.003808 0.019101 -0.053408
    4 5.985943 0.000002 0.000000 0.015905 0.027037 0.425159
    5 4.268658 1.531896 -1.575000 1.262273 1.082030 -0.543389
    6 5.782729 0.000000 0.000001 3.087562 0.049223 0.805801
    7 11.452759 0.000001 0.000000 0.000000 0.000000 -0.478392
    8 4.268658 1.531894 1.575000 -2.062165 -1.142226 0.245399
    9 5.782726 0.000004 0.000001 3.098441 -0.079658 0.912487
    10 11.452763 0.000001 0.000004 0.000000 0.000000 -0.564977
    11 10.945534 -0.000007 -0.000034 1.453563 -0.305561 0.420301
    12 10.945518 -0.000005 0.000015 -1.348559 0.098814 0.141126
    13 -3.806942 0.000000 0.000000 -1.248384 0.053872 -1.787726
    14 19.253841 0.000000 0.000000 0.000000 0.000000 0.025250
    15 6.694798 0.000000 0.000000 0.000000 0.000000 0.000000
    16 5.620499 0.000002 0.000000 2.853903 -0.017732 -0.210063
    17 4.684906 0.000002 0.000000 -0.241962 0.090241 1.098219
    18 19.263098 0.000000 0.000000 0.000000 0.000000 0.432047
    19 17.589096 0.000000 0.000000 0.041655 -0.272353 -0.782995
    20 6.240662 0.000000 0.000000 -0.112073 0.023851 -0.403083
    21 3.806942 0.000000 0.000000 -2.378949 -0.349800 -1.259737
    22 6.694801 0.000000 0.000000 0.000000 0.000000 0.000000
    23 19.253845 0.000000 0.000000 0.000000 0.000000 0.025253
    24 3.147137 0.005680 -1.551346 0.204908 0.143273 -0.954241
    25 1.585903 0.000000 0.000000 0.011390 0.016585 -0.964682
    26 0.849087 0.000002 0.000000 -0.054430 -0.175364 -0.012812
    27 3.471079 0.213264 -0.574066 0.197841 0.103922 -1.056897
    28 1.897533 -0.000002 0.000000 -0.051937 -0.088263 -1.080741
    29 1.014454 0.000002 0.000000 0.002346 0.009693 0.056304
    30 3.750082 0.114767 0.430058 0.187201 0.067923 -1.244533
    31 2.258186 0.000000 0.000000 -0.042022 -0.053930 -0.856641
    32 1.210384 0.000001 0.000000 0.001810 0.011981 0.157202
    33 3.868294 -0.166636 1.490141 0.180581 0.034246 -1.190451
    34 1.786068 0.000000 0.000000 0.051300 0.063943 -1.015925
    35 1.044434 -0.000002 0.000000 0.001325 0.038484 0.095729
    36 1.121473 -1.351564 1.030998 1.138475 -0.607693 0.231095
    37 1.928116 0.000000 0.000000 -0.090105 -0.188036 -0.457011
    38 1.285145 -0.000001 0.000000 -0.000005 -0.040574 -1.047036
    39 19.263105 0.000000 0.000000 0.000000 0.000000 0.422772
    40 17.589100 0.000000 0.000000 -0.114454 0.909996 -1.103182
    41 6.240662 0.000000 0.000000 0.020459 -0.027664 -0.971306
    42 5.884350 0.000000 0.000004 -0.126310 0.000000 0.000000
    43 11.768705 0.000000 0.000000 -0.238428 0.000000 0.000000
    44 11.679195 0.000000 0.000008 0.000000 0.000000 -0.161658
    45 3.147156 0.000065 1.551354 -0.201298 -0.143284 -0.649417
    46 1.585903 0.000000 0.000000 -0.011409 -0.016643 -1.331409
    47 0.849087 0.000000 0.000000 0.054379 0.175346 0.227690
    48 3.471100 0.211189 0.574833 -0.194213 -0.103888 -0.872699
    49 1.897533 0.000000 0.000000 0.051947 0.088323 -1.093272
    50 1.014446 0.000003 0.000000 -0.002359 -0.009725 0.111690
    51 3.750099 0.116322 -0.429641 -0.183614 -0.067994 -1.128857
    52 2.258183 0.000000 0.000000 0.042077 0.053977 -0.662652
    53 1.210392 0.000001 0.000000 -0.001842 -0.011976 0.162659
    54 3.868322 -0.161243 -1.490733 -0.177010 -0.034210 -1.024999
    55 1.786068 0.000002 0.000000 -0.051298 -0.063999 -0.749967
    56 1.044445 0.000000 0.000000 -0.001333 -0.038512 0.149883
    57 1.121502 -1.347836 -1.035880 -1.045302 0.582555 0.243500
    58 1.928122 0.000000 -0.000002 -0.000025 0.188108 -0.446082
    59 1.285141 0.000000 -0.000002 -0.000058 0.040588 -0.886387
    60 11.768703 0.000000 -0.000008 0.242666 0.000000 0.000000
    61 5.884356 0.000000 -0.000004 0.128617 0.000000 0.000000
    62 11.679195 0.000000 0.000000 0.000000 0.000000 -0.161657
    63 7.023272 -6.880002 4.339547 2.620672 -1.456011 -1.105365
    64 -9.234375 -22.859375 2.158203 2.892826 -0.024376 1.897517
    65 0.000000 -0.000007 -0.000031 1.373047 0.113574 0.124314
    66 -0.000004 -0.000007 -0.000031 1.373047 0.113574 0.124314
    67 3.348999 -1.371000 0.725000 1.977842 -0.088017 1.557794
    68 2.856895 -1.536201 -0.973800 -1.501147 -0.272558 -1.578261
    69 -0.000004 0.000000 10.000000 0.000000 0.000000 0.000000
    70 0.018894 0.665159 9.395880 0.000000 0.000000 0.000000
    71 2.000008 -3.000000 0.000000 -1.570796 0.000000 -1.326450
    72 3.028210 -0.923410 -2.009452 1.574082 -0.012974 1.587243
    73 0.116953 4.311607 0.061859 0.000010 0.000000 0.000000
    74 -0.000002 0.000000 0.000001 0.000000 0.000000 0.000000
    75 0.000000 1.000000 0.000010 0.000000 0.000000 0.000000
    76 -0.000002 0.000000 0.000000 0.000000 0.000000 0.000000
    77 -0.000002 0.000000 0.000000 0.000000 0.000000 0.000000
    78 -0.000002 0.000000 0.000000 0.000000 0.000000 0.000000
time 158
    0 0.728516 -7.046875 26.125000 1.610476 0.018843 0.195662
    1 0.000000 4.246162 -0.018825 1.580048 -0.110160 1.592437
    2 4.195629 0.000000 0.000000 0.007639 0.017195 -0.169170
    3 3.883152 0.000001 0.000000 0.005833 0.021482 -0.051915
    4 5.985943 0.000002 0.000000 0.018317 0.027036 0.426963
    5 4.268658 1.531896 -1.575000 1.260182 1.066139 -0.550242
    6 5.782729 0.000000 0.000001 3.092694 0.093566 0.777248
    7 11.452759 0.000001 0.000000 0.000000 0.000000 -0.487816
    8 4.268658 1.531894 1.575000 -2.029162 -1.126555 0.218449
    9 5.782726 0.000004 0.000001 3.108925 -0.106215 0.895909
    10 11.452763 0.000001 0.000004 0.000000 0.000000 -0.565337
    11 10.945534 -0.000007 -0.000034 1.443392 -0.310767 0.414417
    12 10.945518 -0.000005 0.000015 -1.363911 0.098883 0.134470
    13 -3.806942 0.000000 0.000000 -1.252468 0.065864 -1.787977
    14 19.253841 0.000000 0.000000 0.000000 0.000000 0.025250
    15 6.694798 0.000000 0.000000 0.000000 0.000000 0.000000
    16 5.620499 0.000002 0.000000 2.848650 -0.002268 -0.200176
    17 4.684906 0.000002 0.000000 -0.253428 0.081031 1.082239
    18 19.263098 0.000000 0.000000 0.000000 0.000000 0.468712
    19 17.589096 0.000000 0.000000 0.029106 -0.280040 -0.799673
    20 6.240662 0.000000 0.000000 -0.112071 0.023847 -0.418007
    21 3.806942 0.000000 0.000000 -2.278562 -0.259659 -1.298064
    22 6.694801 0.000000 0.000000 0.000000 0.000000 0.000000
    23 19.253845 0.000000 0.000000 0.000000 0.000000 0.025253
    24 3.147137 0.005680 -1.551346 0.204908 0.143273 -0.954241
    25 1.585903 0.000000 0.000000 0.011390 0.016585 -0.964682
    26 0.849087 0.000002 0.000000 -0.054430 -0.175364 -0.012812
    27 3.471079 0.213264 -0.574066 0.197841 0.103922 -1.056897
    28 1.897533 -0.000002 0.000000 -0.051937 -0.088263 -1.080741
    29 1.014454 0.000002 0.000000 0.002346 0.009693 0.056304
    30 3.750082 0.114767 0.430058 0.187201 0.067923 -1.244533
    31 2.258186 0.000000 0.000000 -0.042022 -0.053930 -0.856641
    32 1.210384 0.000001 0.000000 0.001810 0.011981 0.157202
    33 3.868294 -0.166636 1.490141 0.180581 0.034246 -1.190451
    34 1.786068 0.000000 0.000000 0.051300 0.063943 -1.015925
    35 1.044434 -0.000002 0.000000 0.001325 0.038484 0.095729
    36 1.121473 -1.351564 1.030998 1.138475 -0.607693 0.231095
    37 1.928116 0.000000 0.000000 -0.090105 -0.188036 -0.457011
    38 1.285145 -0.000001 0.000000 -0.000005 -0.040574 -1.047036
    39 19.263105 0.000000 0.000000 0.000000 0.000000 0.214934
    40 17.589100 0.000000 0.000000 0.087891 0.695480 -0.815165
    41 6.240662 0.000000 0.000000 0.020455 -0.027648 -0.735223
    42 5.884350 0.000000 0.000004 -0.126310 0.000000 0.000000
    43 11.768705 0.000000 0.000000 -0.238428 0.000000 0.000000
    44 11.679195 0.000000 0.000008 0.000000 0.000000 -0.161658
    45 3.147156 0.000065 1.551354 -0.201298 -0.143284 -0.649417
    46 1.585903 0.000000 0.000000 -0.011409 -0.016643 -1.331409
    47 0.849087 0.000000 0.000000 0.054379 0.175346 0.227690
    48 3.471100 0.211189 0.574833 -0.194213 -0.103888 -0.872699
    49 1.897533 0.000000 0.000000 0.051947 0.088323 -1.093272
    50 1.014446 0.000003 0.000000 -0.002359 -0.009725 0.111690
    51 3.750099 0.116322 -0.429641 -0.183614 -0.067994 -1.128857
    52 2.258183 0.000000 0.000000 0.042077 0.053977 -0.662652
    53 1.210392 0.000001 0.000000 -0.001842 -0.011976 0.162659
    54 3.868322 -0.161243 -1.490733 -0.177010 -0.034210 -1.024999
    55 1.786068 0.000002 0.000000 -0.051298 -0.063999 -0.749967
    56 1.044445 0.000000 0.000000 -0.001333 -0.038512 0.149883
    57 1.121502 -1.347836 -1.035880 -1.045302 0.582555 0.243500
    58 1.928122 0.000000 -0.000002 -0.000025 0.188108 -0.446082
    59 1.285141 0.000000 -0.000002 -0.000058 0.040588 -0.886387
    60 11.768703 0.000000 -0.000008 0.242666 0.000000 0.000000
    61 5.884356 0.000000 -0.000004 0.128617 0.000000 0.000000
    62 11.679195 0.000000 0.000000 0.000000 0.000000 -0.161657
    63 7.023272 -6.880002 4.339547 2.620672 -1.456011 -1.105365
    64 -9.460938 -21.343750 -2.724609 2.881087 -0.011927 1.898354
    65 0.000000 -0.000007 -0.000031 1.373047 0.113574 0.124314
    66 -0.000004 -0.000007 -0.000031 1.373047 0.113574 0.124314
    67 3.348999 -1.371000 0.725000 1.977842 -0.088017 1.557794
    68 2.856895 -1.536201 -0.973800 -1.501147 -0.272558 -1.578261
    69 -0.000004 0.000000 10.000000 0.000000 0.000000 0.000000
    70 0.018894 0.665159 9.395880 0.000000 0.000000 0.000000
    71 2.000008 -3.000000 0.000000 -1.570796 0.000000 -1.326450
    72 3.028210 -0.923410 -2.009452 1.574082 -0.012974 1.587243
    73 0.116953 4.311607 0.061859 0.000010 0.000000 0.000000
    74 -0.000002 0.000000 0.000001 0.000000 0.000000 0.000000
    75 0.000000 1.000000 0.000010 0.000000 0.000000 0.000000
    76 -0.000002 0.000000 0.000000 0.000000 0.000000 0.000000
    77 -0.000002 0.000000 0.000000 0.000000 0.000000 0.000000
    78 -0.000002 0.000000 0.000000 0.000000 0.000000 0.000000
time 159
    0 0.530273 -7.300781 26.031250 1.599247 0.054756 0.184113
    1 0.000000 4.246162 -0.018825 1.580447 -0.108694 1.602309
    2 4.195629 0.000000 0.000000 0.007531 0.023513 -0.169672
    3 3.883152 0.000001 0.000000 0.005331 0.028115 -0.050782
    4 5.985943 0.000002 0.000000 0.022254 0.037305 0.428412
    5 4.268658 1.531896 -1.575000 1.268878 1.044287 -0.548501
    6 5.782729 0.000000 0.000001 3.097543 0.123224 0.753082
    7 11.452759 0.000001 0.000000 0.000000 0.000000 -0.480436
    8 4.268658 1.531894 1.575000 -2.011639 -1.111425 0.209249
    9 5.782726 0.000004 0.000001 3.113349 -0.105220 0.882774
    10 11.452763 0.000001 0.000004 0.000000 0.000000 -0.562371
    11 10.945534 -0.000007 -0.000034 1.441511 -0.309207 0.403984
    12 10.945518 -0.000005 0.000015 -1.370143 0.099108 0.122882
    13 -3.806942 0.000000 0.000000 -1.251025 0.054742 -1.790194
    14 19.253841 0.000000 0.000000 0.000000 0.000000 0.025250
    15 6.694798 0.000000 0.000000 0.000000 0.000000 0.000000
    16 5.620499 0.000002 0.000000 2.824903 -0.000912 -0.194320
    17 4.684906 0.000002 0.000000 -0.274491 0.085969 1.075470
    18 19.263098 0.000000 0.000000 0.000000 0.000000 0.518835
    19 17.589096 0.000000 0.000000 0.052354 -0.282493 -0.854733
    20 6.240662 0.000000 0.000000 -0.112064 0.023881 -0.417391
    21 3.806942 0.000000 0.000000 -2.199101 -0.187719 -1.313836
    22 6.694801 0.000000 0.000000 0.000000 0.000000 0.000000
    23 19.253845 0.000000 0.000000 0.000000 0.000000 0.025253
    24 3.147137 0.005680 -1.551346 0.204908 0.143273 -0.954241
    25 1.585903 0.000000 0.000000 0.011390 0.016585 -0.964682
    26 0.849087 0.000002 0.000000 -0.054430 -0.175364 -0.012812
    27 3.471079 0.213264 -0.574066 0.197841 0.103922 -1.056897
    28 1.897533 -0.000002 0.000000 -0.051937 -0.088263 -1.080741
    29 1.014454 0.000002 0.000000 0.002346 0.009693 0.056304
    30 3.750082 0.114767 0.430058 0.187201 0.067923 -1.244533
    31 2.258186 0.000000 0.000000 -0.042022 -0.053930 -0.856641
    32 1.210384 0.000001 0.000000 0.001810 0.011981 0.157202
    33 3.868294 -0.166636 1.490141 0.180581 0.034246 -1.190451
    34 1.786068 0.000000 0.000000 0.051300 0.063943 -1.015925
    35 1.044434 -0.000002 0.000000 0.001325 0.038484 0.095729
    36 1.121473 -1.351564 1.030998 1.138475 -0.607693 0.231095
    37 1.928116 0.000000 0.000000 -0.090105 -0.188036 -0.457011
    38 1.285145 -0.000001 0.000000 -0.000005 -0.040574 -1.047036
    39 19.263105 0.000000 0.000000 0.000000 0.000000 0.066310
    40 17.589100 0.000000 0.000000 0.255050 0.401892 -0.617252
    41 6.240662 0.000000 0.000000 0.020400 -0.027725 -0.518839
    42 5.884350 0.000000 0.000004 -0.126310 0.000000 0.000000
    43 11.768705 0.000000 0.000000 -0.238428 0.000000 0.000000
    44 11.679195 0.000000 0.000008 0.000000 0.000000 -0.161658
    45 3.147156 0.000065 1.551354 -0.201298 -0.143284 -0.649417
    46 1.585903 0.000000 0.000000 -0.011409 -0.016643 -1.331409
    47 0.849087 0.000000 0.000000 0.054379 0.175346 0.227690
    48 3.471100 0.211189 0.574833 -0.194213 -0.103888 -0.872699
    49 1.897533 0.000000 0.000000 0.051947 0.088323 -1.093272
    50 1.014446 0.000003 0.000000 -0.002359 -0.009725 0.111690
    51 3.750099 0.116322 -0.429641 -0.183614 -0.067994 -1.128857
    52 2.258183 0.000000 0.000000 0.042077 0.053977 -0.662652
    53 1.210392 0.000001 0.000000 -0.001842 -0.011976 0.162659
    54 3.868322 -0.161243 -1.490733 -0.177010 -0.034210 -1.024999
    55 1.786068 0.000002 0.000000 -0.051298 -0.063999 -0.749967
    56 1.044445 0.000000 0.000000 -0.001333 -0.038512 0.149883
    57 1.121502 -1.347836 -1.035880 -1.045302 0.582555 0.243500
    58 1.928122 0.000000 -0.000002 -0.000025 0.188108 -0.446082
    59 1.285141 0.000000 -0.000002 -0.000058 0.040588 -0.886387
    60 11.768703 0.000000 -0.000008 0.242666 0.000000 0.000000
    61 5.884356 0.000000 -0.000004 0.128617 0.000000 0.000000
    62 11.679195 0.000000 0.000000 0.000000 0.000000 -0.161657
    63 7.023272 -6.880002 4.339547 2.620672 -1.456011 -1.105365
    64 -10.570313 -16.875000 -6.289063 2.881755 -0.016279 1.899817
    65 0.000000 -0.000007 -0.000031 1.373047 0.113574 0.124314
    66 -0.000004 -0.000007 -0.000031 1.373047 0.113574 0.124314
    67 3.348999 -1.371000 0.725000 1.977842 -0.088017 1.557794
    68 2.856895 -1.536201 -0.973800 -1.501147 -0.272558 -1.578261
    69 -0.000004 0.000000 10.000000 0.000000 0.000000 0.000000
    70 0.018894 0.665159 9.395880 0.000000 0.000000 0.000000
    71 2.000008 -3.000000 0.000000 -1.570796 0.000000 -1.326450
    72 3.028210 -0.923410 -2.009452 1.574082 -0.012974 1.587243
    73 0.116953 4.311607 0.061859 0.000010 0.000000 0.000000
    74 -0.000002 0.000000 0.000001 0.000000 0.000000 0.000000
    75 0.000000 1.000000 0.000010 0.000000 0.000000 0.000000
    76 -0.000002 0.000000 0.000000 0.000000 0.000000 0.000000
    77 -0.000002 0.000000 0.000000 0.000000 0.000000 0.000000
    78 -0.000002 0.000000 0.000000 0.000000 0.000000 0.000000
time 160
    0 0.192261 -7.500000 26.046875 1.605967 0.073234 0.173527
    1 0.000000 4.246162 -0.018825 1.577831 -0.104593 1.587830
    2 4.195629 0.000000 0.000000 0.005164 0.018469 -0.172221
    3 3.883152 0.000001 0.000000 0.000720 0.039485 -0.051020
    4 5.985943 0.000002 0.000000 0.026774 0.059728 0.430783
    5 4.268658 1.531896 -1.575000 1.264349 1.043900 -0.554872
    6 5.782729 0.000000 0.000001 3.096447 0.126569 0.749774
    7 11.452759 0.000001 0.000000 0.000000 0.000000 -0.477770
    8 4.268658 1.531894 1.575000 -2.040380 -1.111452 0.252257
    9 5.782726 0.000004 0.000001 3.133534 -0.064564 0.899306
    10 11.452763 0.000001 0.000004 0.000000 0.000000 -0.558329
    11 10.945534 -0.000007 -0.000034 1.443187 -0.299588 0.404237
    12 10.945518 -0.000005 0.000015 -1.361122 0.102336 0.127307
    13 -3.806942 0.000000 0.000000 -1.239976 0.016352 -1.804615
    14 19.253841 0.000000 0.000000 0.000000 0.000000 0.025250
    15 6.694798 0.000000 0.000000 0.000000 0.000000 0.000000
    16 5.620499 0.000002 0.000000 2.804280 -0.010722 -0.204944
    17 4.684906 0.000002 0.000000 -0.287508 0.096348 1.085623
    18 19.263098 0.000000 0.000000 0.000000 0.000000 0.572802
    19 17.589096 0.000000 0.000000 0.102310 -0.287111 -0.945288
    20 6.240662 0.000000 0.000000 -0.112056 0.023875 -0.420837
    21 3.806942 0.000000 0.000000 -2.173983 -0.140385 -1.319112
    22 6.694801 0.000000 0.000000 0.000000 0.000000 0.000000
    23 19.253845 0.000000 0.000000 0.000000 0.000000 0.025253
    24 3.147137 0.005680 -1.551346 0.204908 0.143273 -0.954241
    25 1.585903 0.000000 0.000000 0.011390 0.016585 -0.964682
    26 0.849087 0.000002 0.000000 -0.054430 -0.175364 -0.012812
    27 3.471079 0.213264 -0.574066 0.197841 0.103922 -1.056897
    28 1.897533 -0.000002 0.000000 -0.051937 -0.088263 -1.080741
    29 1.014454 0.000002 0.000000 0.002346 0.009693 0.056304
    30 3.750082 0.114767 0.430058 0.187201 0.067923 -1.244533
    31 2.258186 0.000000 0.000000 -0.042022 -0.053930 -0.856641
    32 1.210384 0.000001 0.000000 0.001810 0.011981 0.157202
    33 3.868294 -0.166636 1.490141 0.180581 0.034246 -1.190451
    34 1.786068 0.000000 0.000000 0.051300 0.063943 -1.015925
    35 1.044434 -0.000002 0.000000 0.001325 0.038484 0.095729
    36 1.121473 -1.351564 1.030998 1.138475 -0.607693 0.231095
    37 1.928116 0.000000 0.000000 -0.090105 -0.188036 -0.457011
    38 1.285145 -0.000001 0.000000 -0.000005 -0.040574 -1.047036
    39 19.263105 0.000000 0.000000 0.000000 0.000000 0.013640
    40 17.589100 0.000000 0.000000 0.172707 0.199940 -0.624860
    41 6.240662 0.000000 0.000000 0.020431 -0.027697 -0.456028
    42 5.884350 0.000000 0.000004 -0.126310 0.000000 0.000000
    43 11.768705 0.000000 0.000000 -0.238428 0.000000 0.000000
    44 11.679195 0.000000 0.000008 0.000000 0.000000 -0.161658
    45 3.147156 0.000065 1.551354 -0.201298 -0.143284 -0.649417
    46 1.585903 0.000000 0.000000 -0.011409 -0.016643 -1.331409
    47 0.849087 0.000000 0.000000 0.054379 0.175346 0.227690
    48 3.471100 0.211189 0.574833 -0.194213 -0.103888 -0.872699
    49 1.897533 0.000000 0.000000 0.051947 0.088323 -1.093272
    50 1.014446 0.000003 0.000000 -0.002359 -0.009725 0.111690
    51 3.750099 0.116322 -0.429641 -0.183614 -0.067994 -1.128857
    52 2.258183 0.000000 0.000000 0.042077 0.053977 -0.662652
    53 1.210392 0.000001 0.000000 -0.001842 -0.011976 0.162659
    54 3.868322 -0.161243 -1.490733 -0.177010 -0.034210 -1.024999
    55 1.786068 0.000002 0.000000 -0.051298 -0.063999 -0.749967
    56 1.044445 0.000000 0.000000 -0.001333 -0.038512 0.149883
    57 1.121502 -1.347836 -1.035880 -1.045302 0.582555 0.243500
    58 1.928122 0.000000 -0.000002 -0.000025 0.188108 -0.446082
    59 1.285141 0.000000 -0.000002 -0.000058 0.040588 -0.886387
    60 11.768703 0.000000 -0.000008 0.242666 0.000000 0.000000
    61 5.884356 0.000000 -0.000004 0.128617 0.000000 0.000000
    62 11.679195 0.000000 0.000000 0.000000 0.000000 -0.161657
    63 7.023272 -6.880002 4.339547 2.620672 -1.456011 -1.105365
    64 -12.554688 -10.445313 -6.585938 2.898372 -0.020612 1.905747
    65 0.000000 -0.000007 -0.000031 1.373047 0.113574 0.124314
    66 -0.000004 -0.000007 -0.000031 1.373047 0.113574 0.124314
    67 3.348999 -1.371000 0.725000 1.977842 -0.088017 1.557794
    68 2.856895 -1.536201 -0.973800 -1.501147 -0.272558 -1.578261
    69 -0.000004 0.000000 10.000000 0.000000 0.000000 0.000000
    70 0.018894 0.665159 9.395880 0.000000 0.000000 0.000000
    71 2.000008 -3.000000 0.000000 -1.570796 0.000000 -1.326450
    72 3.028210 -0.923410 -2.009452 1.574082 -0.012974 1.587243
    73 0.116953 4.311607 0.061859 0.000010 0.000000 0.000000
    74 -0.000002 0.000000 0.000001 0.000000 0.000000 0.000000
    75 0.000000 1.000000 0.000010 0.000000 0.000000 0.000000
    76 -0.000002 0.000000 0.000000 0.000000 0.000000 0.000000
    77 -0.000002 0.000000 0.000000 0.000000 0.000000 0.000000
    78 -0.000002 0.000000 0.000000 0.000000 0.000000 0.000000
time 161
    0 -0.225342 -7.671875 25.984375 1.619843 0.095730 0.169945
    1 0.000000 4.246162 -0.018825 1.569594 -0.107293 1.581351
    2 4.195629 0.000000 0.000000 -0.002438 0.014260 -0.171329
    3 3.883152 0.000001 0.000000 -0.007060 0.040573 -0.054201
    4 5.985943 0.000002 0.000000 0.021178 0.066982 0.425160
    5 4.268658 1.531896 -1.575000 1.238353 1.051691 -0.576724
    6 5.782729 0.000000 0.000001 3.085245 0.120749 0.734985
    7 11.452759 0.000001 0.000000 0.000000 0.000000 -0.471908
    8 4.268658 1.531894 1.575000 -2.020658 -1.095435 0.256339
    9 5.782726 0.000004 0.000001 -3.114103 0.001088 0.929621
    10 11.452763 0.000001 0.000004 0.000000 0.000000 -0.528487
    11 10.945534 -0.000007 -0.000034 1.437975 -0.275667 0.396443
    12 10.945518 -0.000005 0.000015 -1.333639 0.108543 0.129733
    13 -3.806942 0.000000 0.000000 -1.218679 -0.034779 -1.808796
    14 19.253841 0.000000 0.000000 0.000000 0.000000 0.025250
    15 6.694798 0.000000 0.000000 0.000000 0.000000 0.000000
    16 5.620499 0.000002 0.000000 2.800622 -0.009429 -0.224331
    17 4.684906 0.000002 0.000000 -0.291804 0.096647 1.097358
    18 19.263098 0.000000 0.000000 0.000000 0.000000 0.627383
    19 17.589096 0.000000 0.000000 0.126964 -0.313068 -1.070105
    20 6.240662 0.000000 0.000000 -0.112054 0.023866 -0.464170
    21 3.806942 0.000000 0.000000 -2.193251 -0.096983 -1.315471
    22 6.694801 0.000000 0.000000 0.000000 0.000000 0.000000
    23 19.253845 0.000000 0.000000 0.000000 0.000000 0.025253
    24 3.147137 0.005680 -1.551346 0.204908 0.143273 -0.954241
    25 1.585903 0.000000 0.000000 0.011390 0.016585 -0.964682
    26 0.849087 0.000002 0.000000 -0.054430 -0.175364 -0.012812
    27 3.471079 0.213264 -0.574066 0.197841 0.103922 -1.056897
    28 1.897533 -0.000002 0.000000 -0.051937 -0.088263 -1.080741
    29 1.014454 0.000002 0.000000 0.002346 0.009693 0.056304
    30 3.750082 0.114767 0.430058 0.187201 0.067923 -1.244533
    31 2.258186 0.000000 0.000000 -0.042022 -0.053930 -0.856641
    32 1.210384 0.000001 0.000000 0.001810 0.011981 0.157202
    33 3.868294 -0.166636 1.490141 0.180581 0.034246 -1.190451
    34 1.786068 0.000000 0.000000 0.051300 0.063943 -1.015925
    35 1.044434 -0.000002 0.000000 0.001325 0.038484 0.095729
    36 1.121473 -1.351564 1.030998 1.138475 -0.607693 0.231095
    37 1.928116 0.000000 0.000000 -0.090105 -0.188036 -0.457011
    38 1.285145 -0.000001 0.000000 -0.000005 -0.040574 -1.047036
    39 19.263105 0.000000 0.000000 0.000000 0.000000 0.000000
    40 17.589100 0.000000 0.000000 -0.053329 0.102857 -0.725906
    41 6.240662 0.000000 0.000000 0.020168 -0.027656 -0.511335
    42 5.884350 0.000000 0.000004 -0.126310 0.000000 0.000000
    43 11.768705 0.000000 0.000000 -0.238428 0.000000 0.000000
    44 11.679195 0.000000 0.000008 0.000000 0.000000 -0.161658
    45 3.147156 0.000065 1.551354 -0.201298 -0.143284 -0.649417
    46 1.585903 0.000000 0.000000 -0.011409 -0.016643 -1.331409
    47 0.849087 0.000000 0.000000 0.054379 0.175346 0.227690
    48 3.471100 0.211189 0.574833 -0.194213 -0.103888 -0.872699
    49 1.897533 0.000000 0.000000 0.051947 0.088323 -1.093272
    50 1.014446 0.000003 0.000000 -0.002359 -0.009725 0.111690
    51 3.750099 0.116322 -0.429641 -0.183614 -0.067994 -1.128857
    52 2.258183 0.000000 0.000000 0.042077 0.053977 -0.662652
    53 1.210392 0.000001 0.000000 -0.001842 -0.011976 0.162659
    54 3.868322 -0.161243 -1.490733 -0.177010 -0.034210 -1.024999
    55 1.786068 0.000002 0.000000 -0.051298 -0.063999 -0.749967
    56 1.044445 0.000000 0.000000 -0.001333 -0.038512 0.149883
    57 1.121502 -1.347836 -1.035880 -1.045302 0.582555 0.243500
    58 1.928122 0.000000 -0.000002 -0.000025 0.188108 -0.446082
    59 1.285141 0.000000 -0.000002 -0.000058 0.040588 -0.886387
    60 11.768703 0.000000 -0.000008 0.242666 0.000000 0.000000
    61 5.884356 0.000000 -0.000004 0.128617 0.000000 0.000000
    62 11.679195 0.000000 0.000000 0.000000 0.000000 -0.161657
    63 7.023272 -6.880002 4.339547 2.620672 -1.456011 -1.105365
    64 -14.164063 -6.000000 -1.484375 2.927825 -0.009897 1.898966
    65 0.000000 -0.000007 -0.000031 1.373047 0.113574 0.124314
    66 -0.000004 -0.000007 -0.000031 1.373047 0.113574 0.124314
    67 3.348999 -1.371000 0.725000 1.977842 -0.088017 1.557794
    68 2.856895 -1.536201 -0.973800 -1.501147 -0.272558 -1.578261
    69 -0.000004 0.000000 10.000000 0.000000 0.000000 0.000000
    70 0.018894 0.665159 9.395880 0.000000 0.000000 0.000000
    71 2.000008 -3.000000 0.000000 -1.570796 0.000000 -1.326450
    72 3.028210 -0.923410 -2.009452 1.574082 -0.012974 1.587243
    73 0.116953 4.311607 0.061859 0.000010 0.000000 0.000000
    74 -0.000002 0.000000 0.000001 0.000000 0.000000 0.000000
    75 0.000000 1.000000 0.000010 0.000000 0.000000 0.000000
    76 -0.000002 0.000000 0.000000 0.000000 0.000000 0.000000
    77 -0.000002 0.000000 0.000000 0.000000 0.000000 0.000000
    78 -0.000002 0.000000 0.000000 0.000000 0.000000 0.000000
time 162
    0 -0.734375 -7.792969 25.906250 1.639954 0.115489 0.179569
    1 0.000000 4.246162 -0.018825 1.561008 -0.111915 1.580012
    2 4.195629 0.000000 0.000000 -0.010778 0.010607 -0.169550
    3 3.883152 0.000001 0.000000 -0.014952 0.032727 -0.058619
    4 5.985943 0.000002 0.000000 0.009090 0.060291 0.415387
    5 4.268658 1.531896 -1.575000 1.175610 1.057444 -0.629526
    6 5.782729 0.000000 0.000001 3.066809 0.113182 0.699354
    7 11.452759 0.000001 0.000000 0.000000 0.000000 -0.484703
    8 4.268658 1.531894 1.575000 -1.968086 -1.052390 0.227702
    9 5.782726 0.000004 0.000001 -3.113185 0.058209 0.939861
    10 11.452763 0.000001 0.000004 0.000000 0.000000 -0.504736
    11 10.945534 -0.000007 -0.000034 1.442528 -0.256645 0.371633
    12 10.945518 -0.000005 0.000015 -1.297063 0.118742 0.149117
    13 -3.806942 0.000000 0.000000 -1.209474 -0.096583 -1.802676
    14 19.253841 0.000000 0.000000 0.000000 0.000000 0.025250
    15 6.694798 0.000000 0.000000 0.000000 0.000000 0.000000
    16 5.620499 0.000002 0.000000 2.798553 -0.000569 -0.238508
    17 4.684906 0.000002 0.000000 -0.297389 0.087618 1.105907
    18 19.263098 0.000000 0.000000 0.000000 0.000000 0.672750
    19 17.589096 0.000000 0.000000 0.118966 -0.356075 -1.224219
    20 6.240662 0.000000 0.000000 -0.112041 0.023834 -0.484892
    21 3.806942 0.000000 0.000000 -2.181387 -0.098029 -1.292020
    22 6.694801 0.000000 0.000000 0.000000 0.000000 0.000000
    23 19.253845 0.000000 0.000000 0.000000 0.000000 0.025253
    24 3.147137 0.005680 -1.551346 0.204908 0.143273 -0.954241
    25 1.585903 0.000000 0.000000 0.011390 0.016585 -0.964682
    26 0.849087 0.000002 0.000000 -0.054430 -0.175364 -0.012812
    27 3.471079 0.213264 -0.574066 0.197841 0.103922 -1.056897
    28 1.897533 -0.000002 0.000000 -0.051937 -0.088263 -1.080741
    29 1.014454 0.000002 0.000000 0.002346 0.009693 0.056304
    30 3.750082 0.114767 0.430058 0.187201 0.067923 -1.244533
    31 2.258186 0.000000 0.000000 -0.042022 -0.053930 -0.856641
    32 1.210384 0.000001 0.000000 0.001810 0.011981 0.157202
    33 3.868294 -0.166636 1.490141 0.180581 0.034246 -1.190451
    34 1.786068 0.000000 0.000000 0.051300 0.063943 -1.015925
    35 1.044434 -0.000002 0.000000 0.001325 0.038484 0.095729
    36 1.121473 -1.351564 1.030998 1.138475 -0.607693 0.231095
    37 1.928116 0.000000 0.000000 -0.090105 -0.188036 -0.457011
    38 1.285145 -0.000001 0.000000 -0.000005 -0.040574 -1.047036
    39 19.263105 0.000000 0.000000 0.000000 0.000000 0.066310
    40 17.589100 0.000000 0.000000 -0.116703 0.133226 -0.781635
    41 6.240662 0.000000 0.000000 0.020459 -0.027726 -0.543893
    42 5.884350 0.000000 0.000004 -0.126310 0.000000 0.000000
    43 11.768705 0.000000 0.000000 -0.238428 0.000000 0.000000
    44 11.679195 0.000000 0.000008 0.000000 0.000000 -0.161658
    45 3.147156 0.000065 1.551354 -0.201298 -0.143284 -0.649417
    46 1.585903 0.000000 0.000000 -0.011409 -0.016643 -1.331409
    47 0.849087 0.000000 0.000000 0.054379 0.175346 0.227690
    48 3.471100 0.211189 0.574833 -0.194213 -0.103888 -0.872699
    49 1.897533 0.000000 0.000000 0.051947 0.088323 -1.093272
    50 1.014446 0.000003 0.000000 -0.002359 -0.009725 0.111690
    51 3.750099 0.116322 -0.429641 -0.183614 -0.067994 -1.128857
    52 2.258183 0.000000 0.000000 0.042077 0.053977 -0.662652
    53 1.210392 0.000001 0.000000 -0.001842 -0.011976 0.162659
    54 3.868322 -0.161243 -1.490733 -0.177010 -0.034210 -1.024999
    55 1.786068 0.000002 0.000000 -0.051298 -0.063999 -0.749967
    56 1.044445 0.000000 0.000000 -0.001333 -0.038512 0.149883
    57 1.121502 -1.347836 -1.035880 -1.045302 0.582555 0.243500
    58 1.928122 0.000000 -0.000002 -0.000025 0.188108 -0.446082
    59 1.285141 0.000000 -0.000002 -0.000058 0.040588 -0.886387
    60 11.768703 0.000000 -0.000008 0.242666 0.000000 0.000000
    61 5.884356 0.000000 -0.000004 0.128617 0.000000 0.000000
    62 11.679195 0.000000 0.000000 0.000000 0.000000 -0.161657
    63 7.023272 -6.880002 4.339547 2.620672 -1.456011 -1.105365
    64 -14.812500 -4.597656 4.007813 2.956030 -0.027322 1.889746
    65 0.000000 -0.000007 -0.000031 1.373047 0.113574 0.124314
    66 -0.000004 -0.000007 -0.000031 1.373047 0.113574 0.124314
    67 3.348999 -1.371000 0.725000 1.977842 -0.088017 1.557794
    68 2.856895 -1.536201 -0.973800 -1.501147 -0.272558 -1.578261
    69 -0.000004 0.000000 10.000000 0.000000 0.000000 0.000000
    70 0.018894 0.665159 9.395880 0.000000 0.000000 0.000000
    71 2.000008 -3.000000 0.000000 -1.570796 0.000000 -1.326450
    72 3.028210 -0.923410 -2.009452 1.574082 -0.012974 1.587243
    73 0.116953 4.311607 0.061859 0.000010 0.000000 0.000000
    74 -0.000002 0.000000 0.000001 0.000000 0.000000 0.000000
    75 0.000000 1.000000 0.000010 0.000000 0.000000 0.000000
    76 -0.000002 0.000000 0.000000 0.000000 0.000000 0.000000
    77 -0.000002 0.000000 0.000000 0.000000 0.000000 0.000000
    78 -0.000002 0.000000 0.000000 0.000000 0.000000 0.000000
time 163
    0 -1.298828 -7.875000 25.843750 1.661104 0.127032 0.197468
    1 0.000000 4.246162 -0.018825 1.551622 -0.116628 1.574039
    2 4.195629 0.000000 0.000000 -0.019525 0.004510 -0.167721
    3 3.883152 0.000001 0.000000 -0.023155 0.025282 -0.061948
    4 5.985943 0.000002 0.000000 -0.002715 0.054692 0.407591
    5 4.268658 1.531896 -1.575000 1.121668 1.064522 -0.681845
    6 5.782729 0.000000 0.000001 3.058896 0.111537 0.667250
    7 11.452759 0.000001 0.000000 0.000000 0.000000 -0.494580
    8 4.268658 1.531894 1.575000 -1.912417 -1.012753 0.197026
    9 5.782726 0.000004 0.000001 3.132819 0.104878 0.954602
    10 11.452763 0.000001 0.000004 0.000000 0.000000 -0.472263
    11 10.945534 -0.000007 -0.000034 1.458431 -0.238623 0.335305
    12 10.945518 -0.000005 0.000015 -1.271969 0.126520 0.167834
    13 -3.806942 0.000000 0.000000 -1.225309 -0.159575 -1.790142
    14 19.253841 0.000000 0.000000 0.000000 0.000000 0.025250
    15 6.694798 0.000000 0.000000 0.000000 0.000000 0.000000
    16 5.620499 0.000002 0.000000 2.790562 0.001395 -0.237962
    17 4.684906 0.000002 0.000000 -0.303606 0.078704 1.108284
    18 19.263098 0.000000 0.000000 0.000000 0.000000 0.688501
    19 17.589096 0.000000 0.000000 0.125162 -0.409982 -1.352298
    20 6.240662 0.000000 0.000000 -0.112029 0.023851 -0.508171
    21 3.806942 0.000000 0.000000 -2.147520 -0.110875 -1.275801
    22 6.694801 0.000000 0.000000 0.000000 0.000000 0.000000
    23 19.253845 0.000000 0.000000 0.000000 0.000000 0.025253
    24 3.147137 0.005680 -1.551346 0.204908 0.143273 -0.954241
    25 1.585903 0.000000 0.000000 0.011390 0.016585 -0.964682
    26 0.849087 0.000002 0.000000 -0.054430 -0.175364 -0.012812
    27 3.471079 0.213264 -0.574066 0.197841 0.103922 -1.056897
    28 1.897533 -0.000002 0.000000 -0.051937 -0.088263 -1.080741
    29 1.014454 0.000002 0.000000 0.002346 0.009693 0.056304
    30 3.750082 0.114767 0.430058 0.187201 0.067923 -1.244533
    31 2.258186 0.000000 0.000000 -0.042022 -0.053930 -0.856641
    32 1.210384 0.000001 0.000000 0.001810 0.011981 0.157202
    33 3.868294 -0.166636 1.490141 0.180581 0.034246 -1.190451
    34 1.786068 0.000000 0.000000 0.051300 0.063943 -1.015925
    35 1.044434 -0.000002 0.000000 0.001325 0.038484 0.095729
    36 1.121473 -1.351564 1.030998 1.138475 -0.607693 0.231095
    37 1.928116 0.000000 0.000000 -0.090105 -0.188036 -0.457011
    38 1.285145 -0.000001 0.000000 -0.000005 -0.040574 -1.047036
    39 19.263105 0.000000 0.000000 0.000000 0.000000 0.143251
    40 17.589100 0.000000 0.000000 -0.013538 0.230781 -0.816516
    41 6.240662 0.000000 0.000000 0.020471 -0.027717 -0.603394
    42 5.884350 0.000000 0.000004 -0.126310 0.000000 0.000000
    43 11.768705 0.000000 0.000000 -0.238428 0.000000 0.000000
    44 11.679195 0.000000 0.000008 0.000000 0.000000 -0.161658
    45 3.147156 0.000065 1.551354 -0.201298 -0.143284 -0.649417
    46 1.585903 0.000000 0.000000 -0.011409 -0.016643 -1.331409
    47 0.849087 0.000000 0.000000 0.054379 0.175346 0.227690
    48 3.471100 0.211189 0.574833 -0.194213 -0.103888 -0.872699
    49 1.897533 0.000000 0.000000 0.051947 0.088323 -1.093272
    50 1.014446 0.000003 0.000000 -0.002359 -0.009725 0.111690
    51 3.750099 0.116322 -0.429641 -0.183614 -0.067994 -1.128857
    52 2.258183 0.000000 0.000000 0.042077 0.053977 -0.662652
    53 1.210392 0.000001 0.000000 -0.001842 -0.011976 0.162659
    54 3.868322 -0.161243 -1.490733 -0.177010 -0.034210 -1.024999
    55 1.786068 0.000002 0.000000 -0.051298 -0.063999 -0.749967
    56 1.044445 0.000000 0.000000 -0.001333 -0.038512 0.149883
    57 1.121502 -1.347836 -1.035880 -1.045302 0.582555 0.243500
    58 1.928122 0.000000 -0.000002 -0.000025 0.188108 -0.446082
    59 1.285141 0.000000 -0.000002 -0.000058 0.040588 -0.886387
    60 11.768703 0.000000 -0.000008 0.242666 0.000000 0.000000
    61 5.884356 0.000000 -0.000004 0.128617 0.000000 0.000000
    62 11.679195 0.000000 0.000000 0.000000 0.000000 -0.161657
    63 7.023272 -6.880002 4.339547 2.620672 -1.456011 -1.105365
    64 -14.539063 -7.089844 8.406250 2.979520 -0.073574 1.873523
    65 0.000000 -0.000007 -0.000031 1.373047 0.113574 0.124314
    66 -0.000004 -0.000007 -0.000031 1.373047 0.113574 0.124314
    67 3.348999 -1.371000 0.725000 1.977842 -0.088017 1.557794
    68 2.856895 -1.536201 -0.973800 -1.501147 -0.272558 -1.578261
    69 -0.000004 0.000000 10.000000 0.000000 0.000000 0.000000
    70 0.018894 0.665159 9.395880 0.000000 0.000000 0.000000
    71 2.000008 -3.000000 0.000000 -1.570796 0.000000 -1.326450
    72 3.028210 -0.923410 -2.009452 1.574082 -0.012974 1.587243
    73 0.116953 4.311607 0.061859 0.000010 0.000000 0.000000
    74 -0.000002 0.000000 0.000001 0.000000 0.000000 0.000000
    75 0.000000 1.000000 0.000010 0.000000 0.000000 0.000000
    76 -0.000002 0.000000 0.000000 0.000000 0.000000 0.000000
    77 -0.000002 0.000000 0.000000 0.000000 0.000000 0.000000
    78 -0.000002 0.000000 0.000000 0.000000 0.000000 0.000000
time 164
    0 -1.856445 -7.921875 25.828125 1.678480 0.128618 0.220874
    1 0.000000 4.246162 -0.018825 1.544086 -0.122059 1.561397
    2 4.195629 0.000000 0.000000 -0.026578 -0.004369 -0.165373
    3 3.883152 0.000001 0.000000 -0.029901 0.019162 -0.064534
    4 5.985943 0.000002 0.000000 -0.011697 0.051713 0.400918
    5 4.268658 1.531896 -1.575000 1.072264 1.071639 -0.722767
    6 5.782729 0.000000 0.000001 3.053105 0.100857 0.636305
    7 11.452759 0.000001 0.000000 0.000000 0.000000 -0.505895
    8 4.268658 1.531894 1.575000 -1.868539 -0.973441 0.175807
    9 5.782726 0.000004 0.000001 3.119519 0.148389 0.972594
    10 11.452763 0.000001 0.000004 0.000000 0.000000 -0.428601
    11 10.945534 -0.000007 -0.000034 1.463252 -0.214222 0.299936
    12 10.945518 -0.000005 0.000015 -1.254673 0.129438 0.182558
    13 -3.806942 0.000000 0.000000 -1.258541 -0.208706 -1.777170
    14 19.253841 0.000000 0.000000 0.000000 0.000000 0.025250
    15 6.694798 0.000000 0.000000 0.000000 0.000000 0.000000
    16 5.620499 0.000002 0.000000 2.798638 0.007621 -0.223345
    17 4.684906 0.000002 0.000000 -0.297473 0.060531 1.103288
    18 19.263098 0.000000 0.000000 0.000000 0.000000 0.661512
    19 17.589096 0.000000 0.000000 0.143734 -0.445564 -1.432762
    20 6.240662 0.000000 0.000000 -0.112083 0.023816 -0.530533
    21 3.806942 0.000000 0.000000 -2.108655 -0.130456 -1.263094
    22 6.694801 0.000000 0.000000 0.000000 0.000000 0.000000
    23 19.253845 0.000000 0.000000 0.000000 0.000000 0.025253
    24 3.147137 0.005680 -1.551346 0.204908 0.143273 -0.954241
    25 1.585903 0.000000 0.000000 0.011390 0.016585 -0.964682
    26 0.849087 0.000002 0.000000 -0.054430 -0.175364 -0.012812
    27 3.471079 0.213264 -0.574066 0.197841 0.103922 -1.056897
    28 1.897533 -0.000002 0.000000 -0.051937 -0.088263 -1.080741
    29 1.014454 0.000002 0.000000 0.002346 0.009693 0.056304
    30 3.750082 0.114767 0.430058 0.187201 0.067923 -1.244533
    31 2.258186 0.000000 0.000000 -0.042022 -0.053930 -0.856641
    32 1.210384 0.000001 0.000000 0.001810 0.011981 0.157202
    33 3.868294 -0.166636 1.490141 0.180581 0.034246 -1.190451
    34 1.786068 0.000000 0.000000 0.051300 0.063943 -1.015925
    35 1.044434 -0.000002 0.000000 0.001325 0.038484 0.095729
    36 1.121473 -1.351564 1.030998 1.138475 -0.607693 0.231095
    37 1.928116 0.000000 0.000000 -0.090105 -0.188036 -0.457011
    38 1.285145 -0.000001 0.000000 -0.000005 -0.040574 -1.047036
    39 19.263105 0.000000 0.000000 0.000000 0.000000 0.249612
    40 17.589100 0.000000 0.000000 0.006775 0.332205 -0.899493
    41 6.240662 0.000000 0.000000 0.020473 -0.027712 -0.635393
    42 5.884350 0.000000 0.000004 -0.126310 0.000000 0.000000
    43 11.768705 0.000000 0.000000 -0.238428 0.000000 0.000000
    44 11.679195 0.000000 0.000008 0.000000 0.000000 -0.161658
    45 3.147156 0.000065 1.551354 -0.201298 -0.143284 -0.649417
    46 1.585903 0.000000 0.000000 -0.011409 -0.016643 -1.331409
    47 0.849087 0.000000 0.000000 0.054379 0.175346 0.227690
    48 3.471100 0.211189 0.574833 -0.194213 -0.103888 -0.872699
    49 1.897533 0.000000 0.000000 0.051947 0.088323 -1.093272
    50 1.014446 0.000003 0.000000 -0.002359 -0.009725 0.111690
    51 3.750099 0.116322 -0.429641 -0.183614 -0.067994 -1.128857
    52 2.258183 0.000000 0.000000 0.042077 0.053977 -0.662652
    53 1.210392 0.000001 0.000000 -0.001842 -0.011976 0.162659
    54 3.868322 -0.161243 -1.490733 -0.177010 -0.034210 -1.024999
    55 1.786068 0.000002 0.000000 -0.051298 -0.063999 -0.749967
    56 1.044445 0.000000 0.000000 -0.001333 -0.038512 0.149883
    57 1.121502 -1.347836 -1.035880 -1.045302 0.582555 0.243500
    58 1.928122 0.000000 -0.000002 -0.000025 0.188108 -0.446082
    59 1.285141 0.000000 -0.000002 -0.000058 0.040588 -0.886387
    60 11.768703 0.000000 -0.000008 0.242666 0.000000 0.000000
    61 5.884356 0.000000 -0.000004 0.128617 0.000000 0.000000
    62 11.679195 0.000000 0.000000 0.000000 0.000000 -0.161657
    63 7.023272 -6.880002 4.339547 2.620672 -1.456011 -1.105365
    64 -13.945313 -13.734375 8.882813 2.998435 -0.088909 1.850072
    65 0.000000 -0.000007 -0.000031 1.373047 0.113574 0.124314
    66 -0.000004 -0.000007 -0.000031 1.373047 0.113574 0.124314
    67 3.348999 -1.371000 0.725000 1.977842 -0.088017 1.557794
    68 2.856895 -1.536201 -0.973800 -1.501147 -0.272558 -1.578261
    69 -0.000004 0.000000 10.000000 0.000000 0.000000 0.000000
    70 0.018894 0.665159 9.395880 0.000000 0.000000 0.000000
    71 2.000008 -3.000000 0.000000 -1.570796 0.000000 -1.326450
    72 3.028210 -0.923410 -2.009452 1.574082 -0.012974 1.587243
    73 0.116953 4.311607 0.061859 0.000010 0.000000 0.000000
    74 -0.000002 0.000000 0.000001 0.000000 0.000000 0.000000
    75 0.000000 1.000000 0.000010 0.000000 0.000000 0.000000
    76 -0.000002 0.000000 0.000000 0.000000 0.000000 0.000000
    77 -0.000002 0.000000 0.000000 0.000000 0.000000 0.000000
    78 -0.000002 0.000000 0.000000 0.000000 0.000000 0.000000
time 165
    0 -2.345703 -7.941406 25.828125 1.695564 0.119754 0.250254
    1 0.000000 4.246162 -0.018825 1.539604 -0.122021 1.549655
    2 4.195629 0.000000 0.000000 -0.030117 -0.012894 -0.165504
    3 3.883152 0.000001 0.000000 -0.032662 0.010942 -0.065203
    4 5.985943 0.000002 0.000000 -0.018902 0.041891 0.400260
    5 4.268658 1.531896 -1.575000 1.028390 1.084123 -0.752381
    6 5.782729 0.000000 0.000001 3.020335 0.065630 0.609219
    7 11.452759 0.000001 0.000000 0.000000 0.000000 -0.525537
    8 4.268658 1.531894 1.575000 -1.822598 -0.940647 0.147731
    9 5.782726 0.000004 0.000001 -3.125388 0.187790 0.992640
    10 11.452763 0.000001 0.000004 0.000000 0.000000 -0.379518
    11 10.945534 -0.000007 -0.000034 1.436386 -0.190666 0.284674
    12 10.945518 -0.000005 0.000015 -1.230570 0.128932 0.208131
    13 -3.806942 0.000000 0.000000 -1.291776 -0.242609 -1.773213
    14 19.253841 0.000000 0.000000 0.000000 0.000000 0.025250
    15 6.694798 0.000000 0.000000 0.000000 0.000000 0.000000
    16 5.620499 0.000002 0.000000 2.838279 0.024889 -0.202907
    17 4.684906 0.000002 0.000000 -0.268924 0.025223 1.091138
    18 19.263098 0.000000 0.000000 0.000000 0.000000 0.595880
    19 17.589096 0.000000 0.000000 0.134758 -0.465349 -1.480375
    20 6.240662 0.000000 0.000000 -0.112088 0.023832 -0.540396
    21 3.806942 0.000000 0.000000 -2.074996 -0.167091 -1.252712
    22 6.694801 0.000000 0.000000 0.000000 0.000000 0.000000
    23 19.253845 0.000000 0.000000 0.000000 0.000000 0.025253
    24 3.147137 0.005680 -1.551346 0.204908 0.143273 -0.954241
    25 1.585903 0.000000 0.000000 0.011390 0.016585 -0.964682
    26 0.849087 0.000002 0.000000 -0.054430 -0.175364 -0.012812
    27 3.471079 0.213264 -0.574066 0.197841 0.103922 -1.056897
    28 1.897533 -0.000002 0.000000 -0.051937 -0.088263 -1.080741
    29 1.014454 0.000002 0.000000 0.002346 0.009693 0.056304
    30 3.750082 0.114767 0.430058 0.187201 0.067923 -1.244533
    31 2.258186 0.000000 0.000000 -0.042022 -0.053930 -0.856641
    32 1.210384 0.000001 0.000000 0.001810 0.011981 0.157202
    33 3.868294 -0.166636 1.490141 0.180581 0.034246 -1.190451
    34 1.786068 0.000000 0.000000 0.051300 0.063943 -1.015925
    35 1.044434 -0.000002 0.000000 0.001325 0.038484 0.095729
    36 1.121473 -1.351564 1.030998 1.138475 -0.607693 0.231095
    37 1.928116 0.000000 0.000000 -0.090105 -0.188036 -0.457011
    38 1.285145 -0.000001 0.000000 -0.000005 -0.040574 -1.047036
    39 19.263105 0.000000 0.000000 0.000000 0.000000 0.398171
    40 17.589100 0.000000 0.000000 -0.066569 0.399790 -1.029557
    41 6.240662 0.000000 0.000000 0.020415 -0.027721 -0.621230
    42 5.884350 0.000000 0.000004 -0.126310 0.000000 0.000000
    43 11.768705 0.000000 0.000000 -0.238428 0.000000 0.000000
    44 11.679195 0.000000 0.000008 0.000000 0.000000 -0.161658
    45 3.147156 0.000065 1.551354 -0.201298 -0.143284 -0.649417
    46 1.585903 0.000000 0.000000 -0.011409 -0.016643 -1.331409
    47 0.849087 0.000000 0.000000 0.054379 0.175346 0.227690
    48 3.471100 0.211189 0.574833 -0.194213 -0.103888 -0.872699
    49 1.897533 0.000000 0.000000 0.051947 0.088323 -1.093272
    50 1.014446 0.000003 0.000000 -0.002359 -0.009725 0.111690
    51 3.750099 0.116322 -0.429641 -0.183614 -0.067994 -1.128857
    52 2.258183 0.000000 0.000000 0.042077 0.053977 -0.662652
    53 1.210392 0.000001 0.000000 -0.001842 -0.011976 0.162659
    54 3.868322 -0.161243 -1.490733 -0.177010 -0.034210 -1.024999
    55 1.786068 0.000002 0.000000 -0.051298 -0.063999 -0.749967
    56 1.044445 0.000000 0.000000 -0.001333 -0.038512 0.149883
    57 1.121502 -1.347836 -1.035880 -1.045302 0.582555 0.243500
    58 1.928122 0.000000 -0.000002 -0.000025 0.188108 -0.446082
    59 1.285141 0.000000 -0.000002 -0.000058 0.040588 -0.886387
    60 11.768703 0.000000 -0.000008 0.242666 0.000000 0.000000
    61 5.884356 0.000000 -0.000004 0.128617 0.000000 0.000000
    62 11.679195 0.000000 0.000000 0.000000 0.000000 -0.161657
    63 7.023272 -6.880002 4.339547 2.620672 -1.456011 -1.105365
    64 -13.640625 -19.703125 6.292969 3.009892 -0.027941 1.820863
    65 0.000000 -0.000007 -0.000031 1.373047 0.113574 0.124314
    66 -0.000004 -0.000007 -0.000031 1.373047 0.113574 0.124314
    67 3.348999 -1.371000 0.725000 1.977842 -0.088017 1.557794
    68 2.856895 -1.536201 -0.973800 -1.501147 -0.272558 -1.578261
    69 -0.000004 0.000000 10.000000 0.000000 0.000000 0.000000
    70 0.018894 0.665159 9.395880 0.000000 0.000000 0.000000
    71 2.000008 -3.000000 0.000000 -1.570796 0.000000 -1.326450
    72 3.028210 -0.923410 -2.009452 1.574082 -0.012974 1.587243
    73 0.116953 4.311607 0.061859 0.000010 0.000000 0.000000
    74 -0.000002 0.000000 0.000001 0.000000 0.000000 0.000000
    75 0.000000 1.000000 0.000010 0.000000 0.000000 0.000000
    76 -0.000002 0.000000 0.000000 0.000000 0.000000 0.000000
    77 -0.000002 0.000000 0.000000 0.000000 0.000000 0.000000
    78 -0.000002 0.000000 0.000000 0.000000 0.000000 0.000000
time 166
    0 -2.841797 -7.925781 25.843750 1.709940 0.105877 0.286641
    1 0.000000 4.246162 -0.018825 1.540773 -0.120411 1.537840
    2 4.195629 0.000000 0.000000 -0.028147 -0.019847 -0.166375
    3 3.883152 0.000001 0.000000 -0.030546 0.007042 -0.064871
    4 5.985943 0.000002 0.000000 -0.019110 0.036401 0.401696
    5 4.268658 1.531896 -1.575000 1.004066 1.083774 -0.772917
    6 5.782729 0.000000 0.000001 2.965392 0.020533 0.591050
    7 11.452759 0.000001 0.000000 0.000000 0.000000 -0.543258
    8 4.268658 1.531894 1.575000 -1.788851 -0.912456 0.133770
    9 5.782726 0.000004 0.000001 -3.085308 0.225734 0.983836
    10 11.452763 0.000001 0.000004 0.000000 0.000000 -0.355986
    11 10.945534 -0.000007 -0.000034 1.393499 -0.170683 0.272017
    12 10.945518 -0.000005 0.000015 -1.207985 0.124700 0.245393
    13 -3.806942 0.000000 0.000000 -1.332254 -0.267223 -1.771406
    14 19.253841 0.000000 0.000000 0.000000 0.000000 0.025250
    15 6.694798 0.000000 0.000000 0.000000 0.000000 0.000000
    16 5.620499 0.000002 0.000000 2.873786 0.032895 -0.192446
    17 4.684906 0.000002 0.000000 -0.239702 -0.001717 1.082433
    18 19.263098 0.000000 0.000000 0.000000 0.000000 0.513567
    19 17.589096 0.000000 0.000000 0.090507 -0.431235 -1.489285
    20 6.240662 0.000000 0.000000 -0.112099 0.023851 -0.553596
    21 3.806942 0.000000 0.000000 -2.077183 -0.224260 -1.235143
    22 6.694801 0.000000 0.000000 0.000000 0.000000 0.000000
    23 19.253845 0.000000 0.000000 0.000000 0.000000 0.025253
    24 3.147137 0.005680 -1.551346 0.204908 0.143273 -0.954241
    25 1.585903 0.000000 0.000000 0.011390 0.016585 -0.964682
    26 0.849087 0.000002 0.000000 -0.054430 -0.175364 -0.012812
    27 3.471079 0.213264 -0.574066 0.197841 0.103922 -1.056897
    28 1.897533 -0.000002 0.000000 -0.051937 -0.088263 -1.080741
    29 1.014454 0.000002 0.000000 0.002346 0.009693 0.056304
    30 3.750082 0.114767 0.430058 0.187201 0.067923 -1.244533
    31 2.258186 0.000000 0.000000 -0.042022 -0.053930 -0.856641
    32 1.210384 0.000001 0.000000 0.001810 0.011981 0.157202
    33 3.868294 -0.166636 1.490141 0.180581 0.034246 -1.190451
    34 1.786068 0.000000 0.000000 0.051300 0.063943 -1.015925
    35 1.044434 -0.000002 0.000000 0.001325 0.038484 0.095729
    36 1.121473 -1.351564 1.030998 1.138475 -0.607693 0.231095
    37 1.928116 0.000000 0.000000 -0.090105 -0.188036 -0.457011
    38 1.285145 -0.000001 0.000000 -0.000005 -0.040574 -1.047036
    39 19.263105 0.000000 0.000000 0.000000 0.000000 0.586224
    40 17.589100 0.000000 0.000000 -0.155356 0.411337 -1.165714
    41 6.240662 0.000000 0.000000 0.020472 -0.027713 -0.635302
    42 5.884350 0.000000 0.000004 -0.126310 0.000000 0.000000
    43 11.768705 0.000000 0.000000 -0.238428 0.000000 0.000000
    44 11.679195 0.000000 0.000008 0.000000 0.000000 -0.161658
    45 3.147156 0.000065 1.551354 -0.201298 -0.143284 -0.649417
    46 1.585903 0.000000 0.000000 -0.011409 -0.016643 -1.331409
    47 0.849087 0.000000 0.000000 0.054379 0.175346 0.227690
    48 3.471100 0.211189 0.574833 -0.194213 -0.103888 -0.872699
    49 1.897533 0.000000 0.000000 0.051947 0.088323 -1.093272
    50 1.014446 0.000003 0.000000 -0.002359 -0.009725 0.111690
    51 3.750099 0.116322 -0.429641 -0.183614 -0.067994 -1.128857
    52 2.258183 0.000000 0.000000 0.042077 0.053977 -0.662652
    53 1.210392 0.000001 0.000000 -0.001842 -0.011976 0.162659
    54 3.868322 -0.161243 -1.490733 -0.177010 -0.034210 -1.024999
    55 1.786068 0.000002 0.000000 -0.051298 -0.063999 -0.749967
    56 1.044445 0.000000 0.000000 -0.001333 -0.038512 0.149883
    57 1.121502 -1.347836 -1.035880 -1.045302 0.582555 0.243500
    58 1.928122 0.000000 -0.000002 -0.000025 0.188108 -0.446082
    59 1.285141 0.000000 -0.000002 -0.000058 0.040588 -0.886387
    60 11.768703 0.000000 -0.000008 0.242666 0.000000 0.000000
    61 5.884356 0.000000 -0.000004 0.128617 0.000000 0.000000
    62 11.679195 0.000000 0.000000 0.000000 0.000000 -0.161657
    63 7.023272 -6.880002 4.339547 2.620672 -1.456011 -1.105365
    64 -13.179688 -21.828125 2.796875 3.011906 0.064766 1.797305
    65 0.000000 -0.000007 -0.000031 1.373047 0.113574 0.124314
    66 -0.000004 -0.000007 -0.000031 1.373047 0.113574 0.124314
    67 3.348999 -1.371000 0.725000 1.977842 -0.088017 1.557794
    68 2.856895 -1.536201 -0.973800 -1.501147 -0.272558 -1.578261
    69 -0.000004 0.000000 10.000000 0.000000 0.000000 0.000000
    70 0.018894 0.665159 9.395880 0.000000 0.000000 0.000000
    71 2.000008 -3.000000 0.000000 -1.570796 0.000000 -1.326450
    72 3.028210 -0.923410 -2.009452 1.574082 -0.012974 1.587243
    73 0.116953 4.311607 0.061859 0.000010 0.000000 0.000000
    74 -0.000002 0.000000 0.000001 0.000000 0.000000 0.000000
    75 0.000000 1.000000 0.000010 0.000000 0.000000 0.000000
    76 -0.000002 0.000000 0.000000 0.000000 0.000000 0.000000
    77 -0.000002 0.000000 0.000000 0.000000 0.000000 0.000000
    78 -0.000002 0.000000 0.000000 0.000000 0.000000 0.000000
time 167
    0 -3.398438 -7.855469 25.828125 1.721115 0.087911 0.335489
    1 0.000000 4.246162 -0.018825 1.544232 -0.122704 1.526048
    2 4.195629 0.000000 0.000000 -0.024267 -0.026008 -0.165387
    3 3.883152 0.000001 0.000000 -0.026899 0.006375 -0.065452
    4 5.985943 0.000002 0.000000 -0.015797 0.035450 0.400609
    5 4.268658 1.531896 -1.575000 0.995078 1.075544 -0.786248
    6 5.782729 0.000000 0.000001 2.914871 -0.026020 0.584697
    7 11.452759 0.000001 0.000000 0.000000 0.000000 -0.556174
    8 4.268658 1.531894 1.575000 -1.773873 -0.882493 0.137518
    9 5.782726 0.000004 0.000001 -3.057779 0.259374 0.951193
    10 11.452763 0.000001 0.000004 0.000000 0.000000 -0.346955
    11 10.945534 -0.000007 -0.000034 1.343627 -0.154117 0.249945
    12 10.945518 -0.000005 0.000015 -1.195566 0.117623 0.281106
    13 -3.806942 0.000000 0.000000 -1.355646 -0.285543 -1.775348
    14 19.253841 0.000000 0.000000 0.000000 0.000000 0.025250
    15 6.694798 0.000000 0.000000 0.000000 0.000000 0.000000
    16 5.620499 0.000002 0.000000 2.887593 0.035004 -0.188821
    17 4.684906 0.000002 0.000000 -0.227963 -0.014458 1.083286
    18 19.263098 0.000000 0.000000 0.000000 0.000000 0.431429
    19 17.589096 0.000000 0.000000 0.014702 -0.332281 -1.456729
    20 6.240662 0.000000 0.000000 -0.112065 0.023833 -0.578082
    21 3.806942 0.000000 0.000000 -2.094660 -0.296753 -1.212203
    22 6.694801 0.000000 0.000000 0.000000 0.000000 0.000000
    23 19.253845 0.000000 0.000000 0.000000 0.000000 0.025253
    24 3.147137 0.005680 -1.551346 0.204908 0.143273 -0.954241
    25 1.585903 0.000000 0.000000 0.011390 0.016585 -0.964682
    26 0.849087 0.000002 0.000000 -0.054430 -0.175364 -0.012812
    27 3.471079 0.213264 -0.574066 0.197841 0.103922 -1.056897
    28 1.897533 -0.000002 0.000000 -0.051937 -0.088263 -1.080741
    29 1.014454 0.000002 0.000000 0.002346 0.009693 0.056304
    30 3.750082 0.114767 0.430058 0.187201 0.067923 -1.244533
    31 2.258186 0.000000 0.000000 -0.042022 -0.053930 -0.856641
    32 1.210384 0.000001 0.000000 0.001810 0.011981 0.157202
    33 3.868294 -0.166636 1.490141 0.180581 0.034246 -1.190451
    34 1.786068 0.000000 0.000000 0.051300 0.063943 -1.015925
    35 1.044434 -0.000002 0.000000 0.001325 0.038484 0.095729
    36 1.121473 -1.351564 1.030998 1.138475 -0.607693 0.231095
    37 1.928116 0.000000 0.000000 -0.090105 -0.188036 -0.457011
    38 1.285145 -0.000001 0.000000 -0.000005 -0.040574 -1.047036
    39 19.263105 0.000000 0.000000 0.000000 0.000000 0.800183
    40 17.589100 0.000000 0.000000 -0.225391 0.377478 -1.293726
    41 6.240662 0.000000 0.000000 0.020387 -0.027709 -0.609272
    42 5.884350 0.000000 0.000004 -0.126310 0.000000 0.000000
    43 11.768705 0.000000 0.000000 -0.238428 0.000000 0.000000
    44 11.679195 0.000000 0.000008 0.000000 0.000000 -0.161658
    45 3.147156 0.000065 1.551354 -0.201298 -0.143284 -0.649417
    46 1.585903 0.000000 0.000000 -0.011409 -0.016643 -1.331409
    47 0.849087 0.000000 0.000000 0.054379 0.175346 0.227690
    48 3.471100 0.211189 0.574833 -0.194213 -0.103888 -0.872699
    49 1.897533 0.000000 0.000000 0.051947 0.088323 -1.093272
    50 1.014446 0.000003 0.000000 -0.002359 -0.009725 0.111690
    51 3.750099 0.116322 -0.429641 -0.183614 -0.067994 -1.128857
    52 2.258183 0.000000 0.000000 0.042077 0.053977 -0.662652
    53 1.210392 0.000001 0.000000 -0.001842 -0.011976 0.162659
    54 3.868322 -0.161243 -1.490733 -0.177010 -0.034210 -1.024999
    55 1.786068 0.000002 0.000000 -0.051298 -0.063999 -0.749967
    56 1.044445 0.000000 0.000000 -0.001333 -0.038512 0.149883
    57 1.121502 -1.347836 -1.035880 -1.045302 0.582555 0.243500
    58 1.928122 0.000000 -0.000002 -0.000025 0.188108 -0.446082
    59 1.285141 0.000000 -0.000002 -0.000058 0.040588 -0.886387
    60 11.768703 0.000000 -0.000008 0.242666 0.000000 0.000000
    61 5.884356 0.000000 -0.000004 0.128617 0.000000 0.000000
    62 11.679195 0.000000 0.000000 0.000000 0.000000 -0.161657
    63 7.023272 -6.880002 4.339547 2.620672 -1.456011 -1.105365
    64 -12.835938 -21.281250 -0.386719 3.005016 0.160856 1.773709
    65 0.000000 -0.000007 -0.000031 1.373047 0.113574 0.124314
    66 -0.000004 -0.000007 -0.000031 1.373047 0.113574 0.124314
    67 3.348999 -1.371000 0.725000 1.977842 -0.088017 1.557794
    68 2.856895 -1.536201 -0.973800 -1.501147 -0.272558 -1.578261
    69 -0.000004 0.000000 10.000000 0.000000 0.000000 0.000000
    70 0.018894 0.665159 9.395880 0.000000 0.000000 0.000000
    71 2.000008 -3.000000 0.000000 -1.570796 0.000000 -1.326450
    72 3.028210 -0.923410 -2.009452 1.574082 -0.012974 1.587243
    73 0.116953 4.311607 0.061859 0.000010 0.000000 0.000000
    74 -0.000002 0.000000 0.000001 0.000000 0.000000 0.000000
    75 0.000000 1.000000 0.000010 0.000000 0.000000 0.000000
    76 -0.000002 0.000000 0.000000 0.000000 0.000000 0.000000
    77 -0.000002 0.000000 0.000000 0.000000 0.000000 0.000000
    78 -0.000002 0.000000 0.000000 0.000000 0.000000 0.000000
time 168
    0 -3.992188 -7.726563 25.781250 1.728948 0.063087 0.393211
    1 0.000000 4.246162 -0.018825 1.547924 -0.129200 1.514266
    2 4.195629 0.000000 0.000000 -0.020086 -0.032121 -0.162091
    3 3.883152 0.000001 0.000000 -0.022732 0.005633 -0.066725
    4 5.985943 0.000002 0.000000 -0.012040 0.034297 0.396710
    5 4.268658 1.531896 -1.575000 0.985116 1.067642 -0.802422
    6 5.782729 0.000000 0.000001 2.913008 -0.064386 0.587724
    7 11.452759 0.000001 0.000000 0.000000 0.000000 -0.569383
    8 4.268658 1.531894 1.575000 -1.767830 -0.850179 0.140956
    9 5.782726 0.000004 0.000001 -3.060031 0.275153 0.905885
    10 11.452763 0.000001 0.000004 0.000000 0.000000 -0.343450
    11 10.945534 -0.000007 -0.000034 1.294480 -0.149582 0.224194
    12 10.945518 -0.000005 0.000015 -1.209023 0.106302 0.297619
    13 -3.806942 0.000000 0.000000 -1.341426 -0.298687 -1.790226
    14 19.253841 0.000000 0.000000 0.000000 0.000000 0.025250
    15 6.694798 0.000000 0.000000 0.000000 0.000000 0.000000
    16 5.620499 0.000002 0.000000 2.880832 0.037758 -0.197872
    17 4.684906 0.000002 0.000000 -0.235842 -0.011638 1.090454
    18 19.263098 0.000000 0.000000 0.000000 0.000000 0.340121
    19 17.589096 0.000000 0.000000 -0.120356 -0.214844 -1.353840
    20 6.240662 0.000000 0.000000 -0.112008 0.023809 -0.690554
    21 3.806942 0.000000 0.000000 -2.129626 -0.375900 -1.181835
    22 6.694801 0.000000 0.000000 0.000000 0.000000 0.000000
    23 19.253845 0.000000 0.000000 0.000000 0.000000 0.025253
    24 3.147137 0.005680 -1.551346 0.204908 0.143273 -0.954241
    25 1.585903 0.000000 0.000000 0.011390 0.016585 -0.964682
    26 0.849087 0.000002 0.000000 -0.054430 -0.175364 -0.012812
    27 3.471079 0.213264 -0.574066 0.197841 0.103922 -1.056897
    28 1.897533 -0.000002 0.000000 -0.051937 -0.088263 -1.080741
    29 1.014454 0.000002 0.000000 0.002346 0.009693 0.056304
    30 3.750082 0.114767 0.430058 0.187201 0.067923 -1.244533
    31 2.258186 0.000000 0.000000 -0.042022 -0.053930 -0.856641
    32 1.210384 0.000001 0.000000 0.001810 0.011981 0.157202
    33 3.868294 -0.166636 1.490141 0.180581 0.034246 -1.190451
    34 1.786068 0.000000 0.000000 0.051300 0.063943 -1.015925
    35 1.044434 -0.000002 0.000000 0.001325 0.038484 0.095729
    36 1.121473 -1.351564 1.030998 1.138475 -0.607693 0.231095
    37 1.928116 0.000000 0.000000 -0.090105 -0.188036 -0.457011
    38 1.285145 -0.000001 0.000000 -0.000005 -0.040574 -1.047036
    39 19.263105 0.000000 0.000000 0.000000 0.000000 1.009127
    40 17.589100 0.000000 0.000000 -0.270656 0.381532 -1.387637
    41 6.240662 0.000000 0.000000 0.020438 -0.027682 -0.580827
    42 5.884350 0.000000 0.000004 -0.126310 0.000000 0.000000
    43 11.768705 0.000000 0.000000 -0.238428 0.000000 0.000000
    44 11.679195 0.000000 0.000008 0.000000 0.000000 -0.161658
    45 3.147156 0.000065 1.551354 -0.201298 -0.143284 -0.649417
    46 1.585903 0.000000 0.000000 -0.011409 -0.016643 -1.331409
    47 0.849087 0.000000 0.000000 0.054379 0.175346 0.227690
    48 3.471100 0.211189 0.574833 -0.194213 -0.103888 -0.872699
    49 1.897533 0.000000 0.000000 0.051947 0.088323 -1.093272
    50 1.014446 0.000003 0.000000 -0.002359 -0.009725 0.111690
    51 3.750099 0.116322 -0.429641 -0.183614 -0.067994 -1.128857
    52 2.258183 0.000000 0.000000 0.042077 0.053977 -0.662652
    53 1.210392 0.000001 0.000000 -0.001842 -0.011976 0.162659
    54 3.868322 -0.161243 -1.490733 -0.177010 -0.034210 -1.024999
    55 1.786068 0.000002 0.000000 -0.051298 -0.063999 -0.749967
    56 1.044445 0.000000 0.000000 -0.001333 -0.038512 0.149883
    57 1.121502 -1.347836 -1.035880 -1.045302 0.582555 0.243500
    58 1.928122 0.000000 -0.000002 -0.000025 0.188108 -0.446082
    59 1.285141 0.000000 -0.000002 -0.000058 0.040588 -0.886387
    60 11.768703 0.000000 -0.000008 0.242666 0.000000 0.000000
    61 5.884356 0.000000 -0.000004 0.128617 0.000000 0.000000
    62 11.679195 0.000000 0.000000 0.000000 0.000000 -0.161657
    63 7.023272 -6.880002 4.339547 2.620672 -1.456011 -1.105365
    64 -12.906250 -19.031250 -3.451172 2.988912 0.235467 1.747807
    65 0.000000 -0.000007 -0.000031 1.373047 0.113574 0.124314
    66 -0.000004 -0.000007 -0.000031 1.373047 0.113574 0.124314
    67 3.348999 -1.371000 0.725000 1.977842 -0.088017 1.557794
    68 2.856895 -1.536201 -0.973800 -1.501147 -0.272558 -1.578261
    69 -0.000004 0.000000 10.000000 0.000000 0.000000 0.000000
    70 0.018894 0.665159 9.395880 0.000000 0.000000 0.000000
    71 2.000008 -3.000000 0.000000 -1.570796 0.000000 -1.326450
    72 3.028210 -0.923410 -2.009452 1.574082 -0.012974 1.587243
    73 0.116953 4.311607 0.061859 0.000010 0.000000 0.000000
    74 -0.000002 0.000000 0.000001 0.000000 0.000000 0.000000
    75 0.000000 1.000000 0.000010 0.000000 0.000000 0.000000
    76 -0.000002 0.000000 0.000000 0.000000 0.000000 0.000000
    77 -0.000002 0.000000 0.000000 0.000000 0.000000 0.000000
    78 -0.000002 0.000000 0.000000 0.000000 0.000000 0.000000
time 169
    0 -4.507813 -7.500000 25.734375 1.737042 0.032628 0.449656
    1 0.000000 4.246162 -0.018825 1.551849 -0.134471 1.504196
    2 4.195629 0.000000 0.000000 -0.015737 -0.037200 -0.159440
    3 3.883152 0.000001 0.000000 -0.018401 0.005164 -0.067743
    4 5.985943 0.000002 0.000000 -0.008147 0.032875 0.393604
    5 4.268658 1.531896 -1.575000 0.992936 1.058978 -0.804074
    6 5.782729 0.000000 0.000001 2.941235 -0.094581 0.598908
    7 11.452759 0.000001 0.000000 0.000000 0.000000 -0.575953
    8 4.268658 1.531894 1.575000 -1.773996 -0.824775 0.148430
    9 5.782726 0.000004 0.000001 -3.069828 0.278633 0.865420
    10 11.452763 0.000001 0.000004 0.000000 0.000000 -0.331453
    11 10.945534 -0.000007 -0.000034 1.246277 -0.155223 0.197885
    12 10.945518 -0.000005 0.000015 -1.241038 0.091214 0.290278
    13 -3.806942 0.000000 0.000000 -1.310074 -0.310678 -1.819809
    14 19.253841 0.000000 0.000000 0.000000 0.000000 0.025250
    15 6.694798 0.000000 0.000000 0.000000 0.000000 0.000000
    16 5.620499 0.000002 0.000000 2.864254 0.032903 -0.209374
    17 4.684906 0.000002 0.000000 -0.249356 0.003887 1.099350
    18 19.263098 0.000000 0.000000 0.000000 0.000000 0.255268
    19 17.589096 0.000000 0.000000 -0.218196 -0.130307 -1.222038
    20 6.240662 0.000000 0.000000 -0.112056 0.023827 -0.855706
    21 3.806942 0.000000 0.000000 -2.195060 -0.460128 -1.145778
    22 6.694801 0.000000 0.000000 0.000000 0.000000 0.000000
    23 19.253845 0.000000 0.000000 0.000000 0.000000 0.025253
    24 3.147137 0.005680 -1.551346 0.204908 0.143273 -0.954241
    25 1.585903 0.000000 0.000000 0.011390 0.016585 -0.964682
    26 0.849087 0.000002 0.000000 -0.054430 -0.175364 -0.012812
    27 3.471079 0.213264 -0.574066 0.197841 0.103922 -1.056897
    28 1.897533 -0.000002 0.000000 -0.051937 -0.088263 -1.080741
    29 1.014454 0.000002 0.000000 0.002346 0.009693 0.056304
    30 3.750082 0.114767 0.430058 0.187201 0.067923 -1.244533
    31 2.258186 0.000000 0.000000 -0.042022 -0.053930 -0.856641
    32 1.210384 0.000001 0.000000 0.001810 0.011981 0.157202
    33 3.868294 -0.166636 1.490141 0.180581 0.034246 -1.190451
    34 1.786068 0.000000 0.000000 0.051300 0.063943 -1.015925
    35 1.044434 -0.000002 0.000000 0.001325 0.038484 0.095729
    36 1.121473 -1.351564 1.030998 1.138475 -0.607693 0.231095
    37 1.928116 0.000000 0.000000 -0.090105 -0.188036 -0.457011
    38 1.285145 -0.000001 0.000000 -0.000005 -0.040574 -1.047036
    39 19.263105 0.000000 0.000000 0.000000 0.000000 1.198888
    40 17.589100 0.000000 0.000000 -0.308906 0.438315 -1.461801
    41 6.240662 0.000000 0.000000 0.020403 -0.027717 -0.562110
    42 5.884350 0.000000 0.000004 -0.126310 0.000000 0.000000
    43 11.768705 0.000000 0.000000 -0.238428 0.000000 0.000000
    44 11.679195 0.000000 0.000008 0.000000 0.000000 -0.161658
    45 3.147156 0.000065 1.551354 -0.201298 -0.143284 -0.649417
    46 1.585903 0.000000 0.000000 -0.011409 -0.016643 -1.331409
    47 0.849087 0.000000 0.000000 0.054379 0.175346 0.227690
    48 3.471100 0.211189 0.574833 -0.194213 -0.103888 -0.872699
    49 1.897533 0.000000 0.000000 0.051947 0.088323 -1.093272
    50 1.014446 0.000003 0.000000 -0.002359 -0.009725 0.111690
    51 3.750099 0.116322 -0.429641 -0.183614 -0.067994 -1.128857
    52 2.258183 0.000000 0.000000 0.042077 0.053977 -0.662652
    53 1.210392 0.000001 0.000000 -0.001842 -0.011976 0.162659
    54 3.868322 -0.161243 -1.490733 -0.177010 -0.034210 -1.024999
    55 1.786068 0.000002 0.000000 -0.051298 -0.063999 -0.749967
    56 1.044445 0.000000 0.000000 -0.001333 -0.038512 0.149883
    57 1.121502 -1.347836 -1.035880 -1.045302 0.582555 0.243500
    58 1.928122 0.000000 -0.000002 -0.000025 0.188108 -0.446082
    59 1.285141 0.000000 -0.000002 -0.000058 0.040588 -0.886387
    60 11.768703 0.000000 -0.000008 0.242666 0.000000 0.000000
    61 5.884356 0.000000 -0.000004 0.128617 0.000000 0.000000
    62 11.679195 0.000000 0.000000 0.000000 0.000000 -0.161657
    63 7.023272 -6.880002 4.339547 2.620672 -1.456011 -1.105365
    64 -14.320313 -14.109375 -4.824219 2.966729 0.297291 1.715288
    65 0.000000 -0.000007 -0.000031 1.373047 0.113574 0.124314
    66 -0.000004 -0.000007 -0.000031 1.373047 0.113574 0.124314
    67 3.348999 -1.371000 0.725000 1.977842 -0.088017 1.557794
    68 2.856895 -1.536201 -0.973800 -1.501147 -0.272558 -1.578261
    69 -0.000004 0.000000 10.000000 0.000000 0.000000 0.000000
    70 0.018894 0.665159 9.395880 0.000000 0.000000 0.000000
    71 2.000008 -3.000000 0.000000 -1.570796 0.000000 -1.326450
    72 3.028210 -0.923410 -2.009452 1.574082 -0.012974 1.587243
    73 0.116953 4.311607 0.061859 0.000010 0.000000 0.000000
    74 -0.000002 0.000000 0.000001 0.000000 0.000000 0.000000
    75 0.000000 1.000000 0.000010 0.000000 0.000000 0.000000
    76 -0.000002 0.000000 0.000000 0.000000 0.000000 0.000000
    77 -0.000002 0.000000 0.000000 0.000000 0.000000 0.000000
    78 -0.000002 0.000000 0.000000 0.000000 0.000000 0.000000
time 170
    0 -5.070313 -7.222656 25.656250 1.744386 0.006624 0.508041
    1 0.000000 4.246162 -0.018825 1.552546 -0.139129 1.499381
    2 4.195629 0.000000 0.000000 -0.014847 -0.039185 -0.156932
    3 3.883152 0.000001 0.000000 -0.017550 0.005535 -0.068089
    4 5.985943 0.000002 0.000000 -0.006939 0.033848 0.390982
    5 4.268658 1.531896 -1.575000 1.037822 1.040572 -0.772627
    6 5.782729 0.000000 0.000001 2.982748 -0.112451 0.599677
    7 11.452759 0.000001 0.000000 0.000000 0.000000 -0.585232
    8 4.268658 1.531894 1.575000 -1.772086 -0.800704 0.143739
    9 5.782726 0.000004 0.000001 -3.076338 0.272697 0.813157
    10 11.452763 0.000001 0.000004 0.000000 0.000000 -0.323666
    11 10.945534 -0.000007 -0.000034 1.195204 -0.168352 0.172399
    12 10.945518 -0.000005 0.000015 -1.292111 0.067905 0.278931
    13 -3.806942 0.000000 0.000000 -1.283931 -0.321528 -1.847879
    14 19.253841 0.000000 0.000000 0.000000 0.000000 0.025250
    15 6.694798 0.000000 0.000000 0.000000 0.000000 0.000000
    16 5.620499 0.000002 0.000000 2.841563 0.017455 -0.214850
    17 4.684906 0.000002 0.000000 -0.263349 0.032664 1.101479
    18 19.263098 0.000000 0.000000 0.000000 0.000000 0.212503
    19 17.589096 0.000000 0.000000 -0.219911 -0.077859 -1.121464
    20 6.240662 0.000000 0.000000 -0.112007 0.023791 -0.902316
    21 3.806942 0.000000 0.000000 -2.285312 -0.545334 -1.089161
    22 6.694801 0.000000 0.000000 0.000000 0.000000 0.000000
    23 19.253845 0.000000 0.000000 0.000000 0.000000 0.025253
    24 3.147137 0.005680 -1.551346 0.204908 0.143273 -0.954241
    25 1.585903 0.000000 0.000000 0.011390 0.016585 -0.964682
    26 0.849087 0.000002 0.000000 -0.054430 -0.175364 -0.012812
    27 3.471079 0.213264 -0.574066 0.197841 0.103922 -1.056897
    28 1.897533 -0.000002 0.000000 -0.051937 -0.088263 -1.080741
    29 1.014454 0.000002 0.000000 0.002346 0.009693 0.056304
    30 3.750082 0.114767 0.430058 0.187201 0.067923 -1.244533
    31 2.258186 0.000000 0.000000 -0.042022 -0.053930 -0.856641
    32 1.210384 0.000001 0.000000 0.001810 0.011981 0.157202
    33 3.868294 -0.166636 1.490141 0.180581 0.034246 -1.190451
    34 1.786068 0.000000 0.000000 0.051300 0.063943 -1.015925
    35 1.044434 -0.000002 0.000000 0.001325 0.038484 0.095729
    36 1.121473 -1.351564 1.030998 1.138475 -0.607693 0.231095
    37 1.928116 0.000000 0.000000 -0.090105 -0.188036 -0.457011
    38 1.285145 -0.000001 0.000000 -0.000005 -0.040574 -1.047036
    39 19.263105 0.000000 0.000000 0.000000 0.000000 1.371141
    40 17.589100 0.000000 0.000000 -0.352298 0.505513 -1.519312
    41 6.240662 0.000000 0.000000 0.020432 -0.027696 -0.564178
    42 5.884350 0.000000 0.000004 -0.126310 0.000000 0.000000
    43 11.768705 0.000000 0.000000 -0.238428 0.000000 0.000000
    44 11.679195 0.000000 0.000008 0.000000 0.000000 -0.161658
    45 3.147156 0.000065 1.551354 -0.201298 -0.143284 -0.649417
    46 1.585903 0.000000 0.000000 -0.011409 -0.016643 -1.331409
    47 0.849087 0.000000 0.000000 0.054379 0.175346 0.227690
    48 3.471100 0.211189 0.574833 -0.194213 -0.103888 -0.872699
    49 1.897533 0.000000 0.000000 0.051947 0.088323 -1.093272
    50 1.014446 0.000003 0.000000 -0.002359 -0.009725 0.111690
    51 3.750099 0.116322 -0.429641 -0.183614 -0.067994 -1.128857
    52 2.258183 0.000000 0.000000 0.042077 0.053977 -0.662652
    53 1.210392 0.000001 0.000000 -0.001842 -0.011976 0.162659
    54 3.868322 -0.161243 -1.490733 -0.177010 -0.034210 -1.024999
    55 1.786068 0.000002 0.000000 -0.051298 -0.063999 -0.749967
    56 1.044445 0.000000 0.000000 -0.001333 -0.038512 0.149883
    57 1.121502 -1.347836 -1.035880 -1.045302 0.582555 0.243500
    58 1.928122 0.000000 -0.000002 -0.000025 0.188108 -0.446082
    59 1.285141 0.000000 -0.000002 -0.000058 0.040588 -0.886387
    60 11.768703 0.000000 -0.000008 0.242666 0.000000 0.000000
    61 5.884356 0.000000 -0.000004 0.128617 0.000000 0.000000
    62 11.679195 0.000000 0.000000 0.000000 0.000000 -0.161657
    63 7.023272 -6.880002 4.339547 2.620672 -1.456011 -1.105365
    64 -16.843750 -8.851563 -2.863281 2.939036 0.358234 1.679376
    65 0.000000 -0.000007 -0.000031 1.373047 0.113574 0.124314
    66 -0.000004 -0.000007 -0.000031 1.373047 0.113574 0.124314
    67 3.348999 -1.371000 0.725000 1.977842 -0.088017 1.557794
    68 2.856895 -1.536201 -0.973800 -1.501147 -0.272558 -1.578261
    69 -0.000004 0.000000 10.000000 0.000000 0.000000 0.000000
    70 0.018894 0.665159 9.395880 0.000000 0.000000 0.000000
    71 2.000008 -3.000000 0.000000 -1.570796 0.000000 -1.326450
    72 3.028210 -0.923410 -2.009452 1.574082 -0.012974 1.587243
    73 0.116953 4.311607 0.061859 0.000010 0.000000 0.000000
    74 -0.000002 0.000000 0.000001 0.000000 0.000000 0.000000
    75 0.000000 1.000000 0.000010 0.000000 0.000000 0.000000
    76 -0.000002 0.000000 0.000000 0.000000 0.000000 0.000000
    77 -0.000002 0.000000 0.000000 0.000000 0.000000 0.000000
    78 -0.000002 0.000000 0.000000 0.000000 0.000000 0.000000
time 171
    0 -5.601563 -6.964844 25.640625 1.745991 -0.015381 0.561158
    1 0.000000 4.246162 -0.018825 1.553202 -0.141670 1.498015
    2 4.195629 0.000000 0.000000 -0.014301 -0.039991 -0.155033
    3 3.883152 0.000001 0.000000 -0.016842 0.005235 -0.065493
    4 5.985943 0.000002 0.000000 -0.006329 0.033050 0.395041
    5 4.268658 1.531896 -1.575000 1.085548 1.028023 -0.742532
    6 5.782729 0.000000 0.000001 3.031636 -0.121007 0.605417
    7 11.452759 0.000001 0.000000 0.000000 0.000000 -0.600035
    8 4.268658 1.531894 1.575000 -1.777800 -0.779201 0.145638
    9 5.782726 0.000004 0.000001 -3.075647 0.267264 0.763585
    10 11.452763 0.000001 0.000004 0.000000 0.000000 -0.323928
    11 10.945534 -0.000007 -0.000034 1.143178 -0.186958 0.148521
    12 10.945518 -0.000005 0.000015 -1.368051 0.035585 0.289454
    13 -3.806942 0.000000 0.000000 -1.265061 -0.320416 -1.872090
    14 19.253841 0.000000 0.000000 0.000000 0.000000 0.025250
    15 6.694798 0.000000 0.000000 0.000000 0.000000 0.000000
    16 5.620499 0.000002 0.000000 2.821931 0.000045 -0.214384
    17 4.684906 0.000002 0.000000 -0.273906 0.061726 1.100848
    18 19.263098 0.000000 0.000000 0.000000 0.000000 0.186995
    19 17.589096 0.000000 0.000000 -0.165772 -0.062592 -1.005795
    20 6.240662 0.000000 0.000000 -0.111998 0.023801 -0.802812
    21 3.806942 0.000000 0.000000 -2.388737 -0.617290 -1.022991
    22 6.694801 0.000000 0.000000 0.000000 0.000000 0.000000
    23 19.253845 0.000000 0.000000 0.000000 0.000000 0.025253
    24 3.147137 0.005680 -1.551346 0.204908 0.143273 -0.954241
    25 1.585903 0.000000 0.000000 0.011390 0.016585 -0.964682
    26 0.849087 0.000002 0.000000 -0.054430 -0.175364 -0.012812
    27 3.471079 0.213264 -0.574066 0.197841 0.103922 -1.056897
    28 1.897533 -0.000002 0.000000 -0.051937 -0.088263 -1.080741
    29 1.014454 0.000002 0.000000 0.002346 0.009693 0.056304
    30 3.750082 0.114767 0.430058 0.187201 0.067923 -1.244533
    31 2.258186 0.000000 0.000000 -0.042022 -0.053930 -0.856641
    32 1.210384 0.000001 0.000000 0.001810 0.011981 0.157202
    33 3.868294 -0.166636 1.490141 0.180581 0.034246 -1.190451
    34 1.786068 0.000000 0.000000 0.051300 0.063943 -1.015925
    35 1.044434 -0.000002 0.000000 0.001325 0.038484 0.095729
    36 1.121473 -1.351564 1.030998 1.138475 -0.607693 0.231095
    37 1.928116 0.000000 0.000000 -0.090105 -0.188036 -0.457011
    38 1.285145 -0.000001 0.000000 -0.000005 -0.040574 -1.047036
    39 19.263105 0.000000 0.000000 0.000000 0.000000 1.507066
    40 17.589100 0.000000 0.000000 -0.378294 0.577588 -1.552039
    41 6.240662 0.000000 0.000000 0.020417 -0.027698 -0.579295
    42 5.884350 0.000000 0.000004 -0.126310 0.000000 0.000000
    43 11.768705 0.000000 0.000000 -0.238428 0.000000 0.000000
    44 11.679195 0.000000 0.000008 0.000000 0.000000 -0.161658
    45 3.147156 0.000065 1.551354 -0.201298 -0.143284 -0.649417
    46 1.585903 0.000000 0.000000 -0.011409 -0.016643 -1.331409
    47 0.849087 0.000000 0.000000 0.054379 0.175346 0.227690
    48 3.471100 0.211189 0.574833 -0.194213 -0.103888 -0.872699
    49 1.897533 0.000000 0.000000 0.051947 0.088323 -1.093272
    50 1.014446 0.000003 0.000000 -0.002359 -0.009725 0.111690
    51 3.750099 0.116322 -0.429641 -0.183614 -0.067994 -1.128857
    52 2.258183 0.000000 0.000000 0.042077 0.053977 -0.662652
    53 1.210392 0.000001 0.000000 -0.001842 -0.011976 0.162659
    54 3.868322 -0.161243 -1.490733 -0.177010 -0.034210 -1.024999
    55 1.786068 0.000002 0.000000 -0.051298 -0.063999 -0.749967
    56 1.044445 0.000000 0.000000 -0.001333 -0.038512 0.149883
    57 1.121502 -1.347836 -1.035880 -1.045302 0.582555 0.243500
    58 1.928122 0.000000 -0.000002 -0.000025 0.188108 -0.446082
    59 1.285141 0.000000 -0.000002 -0.000058 0.040588 -0.886387
    60 11.768703 0.000000 -0.000008 0.242666 0.000000 0.000000
    61 5.884356 0.000000 -0.000004 0.128617 0.000000 0.000000
    62 11.679195 0.000000 0.000000 0.000000 0.000000 -0.161657
    63 7.023272 -6.880002 4.339547 2.620672 -1.456011 -1.105365
    64 -18.859375 -5.406250 0.126221 2.908157 0.413705 1.645145
    65 0.000000 -0.000007 -0.000031 1.373047 0.113574 0.124314
    66 -0.000004 -0.000007 -0.000031 1.373047 0.113574 0.124314
    67 3.348999 -1.371000 0.725000 1.977842 -0.088017 1.557794
    68 2.856895 -1.536201 -0.973800 -1.501147 -0.272558 -1.578261
    69 -0.000004 0.000000 10.000000 0.000000 0.000000 0.000000
    70 0.018894 0.665159 9.395880 0.000000 0.000000 0.000000
    71 2.000008 -3.000000 0.000000 -1.570796 0.000000 -1.326450
    72 3.028210 -0.923410 -2.009452 1.574082 -0.012974 1.587243
    73 0.116953 4.311607 0.061859 0.000010 0.000000 0.000000
    74 -0.000002 0.000000 0.000001 0.000000 0.000000 0.000000
    75 0.000000 1.000000 0.000010 0.000000 0.000000 0.000000
    76 -0.000002 0.000000 0.000000 0.000000 0.000000 0.000000
    77 -0.000002 0.000000 0.000000 0.000000 0.000000 0.000000
    78 -0.000002 0.000000 0.000000 0.000000 0.000000 0.000000
time 172
    0 -6.046875 -6.777344 25.625000 1.744594 -0.031164 0.603868
    1 0.000000 4.246162 -0.018825 1.554133 -0.136416 1.499228
    2 4.195629 0.000000 0.000000 -0.013447 -0.039503 -0.156351
    3 3.883152 0.000001 0.000000 -0.015929 0.004286 -0.058228
    4 5.985943 0.000002 0.000000 -0.005990 0.030604 0.409408
    5 4.268658 1.531896 -1.575000 1.127443 1.021389 -0.713593
    6 5.782729 0.000000 0.000001 3.054004 -0.133934 0.616970
    7 11.452759 0.000001 0.000000 0.000000 0.000000 -0.608987
    8 4.268658 1.531894 1.575000 -1.782530 -0.758541 0.140584
    9 5.782726 0.000004 0.000001 -3.075671 0.254903 0.721945
    10 11.452763 0.000001 0.000004 0.000000 0.000000 -0.320955
    11 10.945534 -0.000007 -0.000034 1.096012 -0.204936 0.125315
    12 10.945518 -0.000005 0.000015 -1.435980 0.006896 0.311786
    13 -3.806942 0.000000 0.000000 -1.253727 -0.314374 -1.888469
    14 19.253841 0.000000 0.000000 0.000000 0.000000 0.025250
    15 6.694798 0.000000 0.000000 0.000000 0.000000 0.000000
    16 5.620499 0.000002 0.000000 2.810852 -0.013316 -0.207690
    17 4.684906 0.000002 0.000000 -0.278629 0.084103 1.096408
    18 19.263098 0.000000 0.000000 0.000000 0.000000 0.166196
    19 17.589096 0.000000 0.000000 -0.082588 -0.067935 -0.850134
    20 6.240662 0.000000 0.000000 -0.112031 0.023823 -0.557908
    21 3.806942 0.000000 0.000000 -2.499609 -0.674434 -0.951187
    22 6.694801 0.000000 0.000000 0.000000 0.000000 0.000000
    23 19.253845 0.000000 0.000000 0.000000 0.000000 0.025253
    24 3.147137 0.005680 -1.551346 0.204908 0.143273 -0.954241
    25 1.585903 0.000000 0.000000 0.011390 0.016585 -0.964682
    26 0.849087 0.000002 0.000000 -0.054430 -0.175364 -0.012812
    27 3.471079 0.213264 -0.574066 0.197841 0.103922 -1.056897
    28 1.897533 -0.000002 0.000000 -0.051937 -0.088263 -1.080741
    29 1.014454 0.000002 0.000000 0.002346 0.009693 0.056304
    30 3.750082 0.114767 0.430058 0.187201 0.067923 -1.244533
    31 2.258186 0.000000 0.000000 -0.042022 -0.053930 -0.856641
    32 1.210384 0.000001 0.000000 0.001810 0.011981 0.157202
    33 3.868294 -0.166636 1.490141 0.180581 0.034246 -1.190451
    34 1.786068 0.000000 0.000000 0.051300 0.063943 -1.015925
    35 1.044434 -0.000002 0.000000 0.001325 0.038484 0.095729
    36 1.121473 -1.351564 1.030998 1.138475 -0.607693 0.231095
    37 1.928116 0.000000 0.000000 -0.090105 -0.188036 -0.457011
    38 1.285145 -0.000001 0.000000 -0.000005 -0.040574 -1.047036
    39 19.263105 0.000000 0.000000 0.000000 0.000000 1.602802
    40 17.589100 0.000000 0.000000 -0.401280 0.660576 -1.581900
    41 6.240662 0.000000 0.000000 0.020451 -0.027709 -0.575784
    42 5.884350 0.000000 0.000004 -0.126310 0.000000 0.000000
    43 11.768705 0.000000 0.000000 -0.238428 0.000000 0.000000
    44 11.679195 0.000000 0.000008 0.000000 0.000000 -0.161658
    45 3.147156 0.000065 1.551354 -0.201298 -0.143284 -0.649417
    46 1.585903 0.000000 0.000000 -0.011409 -0.016643 -1.331409
    47 0.849087 0.000000 0.000000 0.054379 0.175346 0.227690
    48 3.471100 0.211189 0.574833 -0.194213 -0.103888 -0.872699
    49 1.897533 0.000000 0.000000 0.051947 0.088323 -1.093272
    50 1.014446 0.000003 0.000000 -0.002359 -0.009725 0.111690
    51 3.750099 0.116322 -0.429641 -0.183614 -0.067994 -1.128857
    52 2.258183 0.000000 0.000000 0.042077 0.053977 -0.662652
    53 1.210392 0.000001 0.000000 -0.001842 -0.011976 0.162659
    54 3.868322 -0.161243 -1.490733 -0.177010 -0.034210 -1.024999
    55 1.786068 0.000002 0.000000 -0.051298 -0.063999 -0.749967
    56 1.044445 0.000000 0.000000 -0.001333 -0.038512 0.149883
    57 1.121502 -1.347836 -1.035880 -1.045302 0.582555 0.243500
    58 1.928122 0.000000 -0.000002 -0.000025 0.188108 -0.446082
    59 1.285141 0.000000 -0.000002 -0.000058 0.040588 -0.886387
    60 11.768703 0.000000 -0.000008 0.242666 0.000000 0.000000
    61 5.884356 0.000000 -0.000004 0.128617 0.000000 0.000000
    62 11.679195 0.000000 0.000000 0.000000 0.000000 -0.161657
    63 7.023272 -6.880002 4.339547 2.620672 -1.456011 -1.105365
    64 -20.281250 -3.847656 3.175781 2.876100 0.455183 1.610667
    65 0.000000 -0.000007 -0.000031 1.373047 0.113574 0.124314
    66 -0.000004 -0.000007 -0.000031 1.373047 0.113574 0.124314
    67 3.348999 -1.371000 0.725000 1.977842 -0.088017 1.557794
    68 2.856895 -1.536201 -0.973800 -1.501147 -0.272558 -1.578261
    69 -0.000004 0.000000 10.000000 0.000000 0.000000 0.000000
    70 0.018894 0.665159 9.395880 0.000000 0.000000 0.000000
    71 2.000008 -3.000000 0.000000 -1.570796 0.000000 -1.326450
    72 3.028210 -0.923410 -2.009452 1.574082 -0.012974 1.587243
    73 0.116953 4.311607 0.061859 0.000010 0.000000 0.000000
    74 -0.000002 0.000000 0.000001 0.000000 0.000000 0.000000
    75 0.000000 1.000000 0.000010 0.000000 0.000000 0.000000
    76 -0.000002 0.000000 0.000000 0.000000 0.000000 0.000000
    77 -0.000002 0.000000 0.000000 0.000000 0.000000 0.000000
    78 -0.000002 0.000000 0.000000 0.000000 0.000000 0.000000
time 173
    0 -6.453125 -6.621094 25.593750 1.736067 -0.043879 0.641458
    1 0.000000 4.246162 -0.018825 1.555105 -0.135449 1.497165
    2 4.195629 0.000000 0.000000 -0.012558 -0.039948 -0.155760
    3 3.883152 0.000001 0.000000 -0.015338 0.005297 -0.052535
    4 5.985943 0.000002 0.000000 -0.004501 0.031938 0.419401
    5 4.268658 1.531896 -1.575000 1.158594 1.009934 -0.692329
    6 5.782729 0.000000 0.000001 3.032030 -0.142626 0.629371
    7 11.452759 0.000001 0.000000 0.000000 0.000000 -0.608806
    8 4.268658 1.531894 1.575000 -1.784162 -0.733952 0.131835
    9 5.782726 0.000004 0.000001 -3.083108 0.232134 0.677789
    10 11.452763 0.000001 0.000004 0.000000 0.000000 -0.319643
    11 10.945534 -0.000007 -0.000034 1.057364 -0.221608 0.102196
    12 10.945518 -0.000005 0.000015 -1.468670 -0.009696 0.326186
    13 -3.806942 0.000000 0.000000 -1.237411 -0.298275 -1.898338
    14 19.253841 0.000000 0.000000 0.000000 0.000000 0.025250
    15 6.694798 0.000000 0.000000 0.000000 0.000000 0.000000
    16 5.620499 0.000002 0.000000 2.805604 -0.019805 -0.198113
    17 4.684906 0.000002 0.000000 -0.281516 0.100140 1.087527
    18 19.263098 0.000000 0.000000 0.000000 0.000000 0.148271
    19 17.589096 0.000000 0.000000 0.010405 -0.085506 -0.695031
    20 6.240662 0.000000 0.000000 -0.112053 0.023813 -0.428616
    21 3.806942 0.000000 0.000000 -2.605419 -0.717804 -0.886544
    22 6.694801 0.000000 0.000000 0.000000 0.000000 0.000000
    23 19.253845 0.000000 0.000000 0.000000 0.000000 0.025253
    24 3.147137 0.005680 -1.551346 0.204908 0.143273 -0.954241
    25 1.585903 0.000000 0.000000 0.011390 0.016585 -0.964682
    26 0.849087 0.000002 0.000000 -0.054430 -0.175364 -0.012812
    27 3.471079 0.213264 -0.574066 0.197841 0.103922 -1.056897
    28 1.897533 -0.000002 0.000000 -0.051937 -0.088263 -1.080741
    29 1.014454 0.000002 0.000000 0.002346 0.009693 0.056304
    30 3.750082 0.114767 0.430058 0.187201 0.067923 -1.244533
    31 2.258186 0.000000 0.000000 -0.042022 -0.053930 -0.856641
    32 1.210384 0.000001 0.000000 0.001810 0.011981 0.157202
    33 3.868294 -0.166636 1.490141 0.180581 0.034246 -1.190451
    34 1.786068 0.000000 0.000000 0.051300 0.063943 -1.015925
    35 1.044434 -0.000002 0.000000 0.001325 0.038484 0.095729
    36 1.121473 -1.351564 1.030998 1.138475 -0.607693 0.231095
    37 1.928116 0.000000 0.000000 -0.090105 -0.188036 -0.457011
    38 1.285145 -0.000001 0.000000 -0.000005 -0.040574 -1.047036
    39 19.263105 0.000000 0.000000 0.000000 0.000000 1.661464
    40 17.589100 0.000000 0.000000 -0.429905 0.721033 -1.617323
    41 6.240662 0.000000 0.000000 0.020396 -0.027697 -0.551335
    42 5.884350 0.000000 0.000004 -0.126310 0.000000 0.000000
    43 11.768705 0.000000 0.000000 -0.238428 0.000000 0.000000
    44 11.679195 0.000000 0.000008 0.000000 0.000000 -0.161658
    45 3.147156 0.000065 1.551354 -0.201298 -0.143284 -0.649417
    46 1.585903 0.000000 0.000000 -0.011409 -0.016643 -1.331409
    47 0.849087 0.000000 0.000000 0.054379 0.175346 0.227690
    48 3.471100 0.211189 0.574833 -0.194213 -0.103888 -0.872699
    49 1.897533 0.000000 0.000000 0.051947 0.088323 -1.093272
    50 1.014446 0.000003 0.000000 -0.002359 -0.009725 0.111690
    51 3.750099 0.116322 -0.429641 -0.183614 -0.067994 -1.128857
    52 2.258183 0.000000 0.000000 0.042077 0.053977 -0.662652
    53 1.210392 0.000001 0.000000 -0.001842 -0.011976 0.162659
    54 3.868322 -0.161243 -1.490733 -0.177010 -0.034210 -1.024999
    55 1.786068 0.000002 0.000000 -0.051298 -0.063999 -0.749967
    56 1.044445 0.000000 0.000000 -0.001333 -0.038512 0.149883
    57 1.121502 -1.347836 -1.035880 -1.045302 0.582555 0.243500
    58 1.928122 0.000000 -0.000002 -0.000025 0.188108 -0.446082
    59 1.285141 0.000000 -0.000002 -0.000058 0.040588 -0.886387
    60 11.768703 0.000000 -0.000008 0.242666 0.000000 0.000000
    61 5.884356 0.000000 -0.000004 0.128617 0.000000 0.000000
    62 11.679195 0.000000 0.000000 0.000000 0.000000 -0.161657
    63 7.023272 -6.880002 4.339547 2.620672 -1.456011 -1.105365
    64 -21.015625 -4.726563 5.871094 2.843455 0.482458 1.579024
    65 0.000000 -0.000007 -0.000031 1.373047 0.113574 0.124314
    66 -0.000004 -0.000007 -0.000031 1.373047 0.113574 0.124314
    67 3.348999 -1.371000 0.725000 1.977842 -0.088017 1.557794
    68 2.856895 -1.536201 -0.973800 -1.501147 -0.272558 -1.578261
    69 -0.000004 0.000000 10.000000 0.000000 0.000000 0.000000
    70 0.018894 0.665159 9.395880 0.000000 0.000000 0.000000
    71 2.000008 -3.000000 0.000000 -1.570796 0.000000 -1.326450
    72 3.028210 -0.923410 -2.009452 1.574082 -0.012974 1.587243
    73 0.116953 4.311607 0.061859 0.000010 0.000000 0.000000
    74 -0.000002 0.000000 0.000001 0.000000 0.000000 0.000000
    75 0.000000 1.000000 0.000010 0.000000 0.000000 0.000000
    76 -0.000002 0.000000 0.000000 0.000000 0.000000 0.000000
    77 -0.000002 0.000000 0.000000 0.000000 0.000000 0.000000
    78 -0.000002 0.000000 0.000000 0.000000 0.000000 0.000000
time 174
    0 -6.765625 -6.464844 25.625000 1.726989 -0.047432 0.674900
    1 0.000000 4.246162 -0.018825 1.556895 -0.137404 1.499341
    2 4.195629 0.000000 0.000000 -0.011100 -0.037833 -0.154498
    3 3.883152 0.000001 0.000000 -0.014117 0.008362 -0.050999
    4 5.985943 0.000002 0.000000 -0.001479 0.035984 0.421755
    5 4.268658 1.531896 -1.575000 1.177151 1.000463 -0.679027
    6 5.782729 0.000000 0.000001 3.001255 -0.147235 0.643757
    7 11.452759 0.000001 0.000000 0.000000 0.000000 -0.613513
    8 4.268658 1.531894 1.575000 -1.789835 -0.718308 0.135612
    9 5.782726 0.000004 0.000001 -3.093982 0.209931 0.640195
    10 11.452763 0.000001 0.000004 0.000000 0.000000 -0.330228
    11 10.945534 -0.000007 -0.000034 1.025644 -0.238100 0.086754
    12 10.945518 -0.000005 0.000015 -1.485827 -0.024694 0.335742
    13 -3.806942 0.000000 0.000000 -1.222274 -0.275665 -1.892377
    14 19.253841 0.000000 0.000000 0.000000 0.000000 0.025250
    15 6.694798 0.000000 0.000000 0.000000 0.000000 0.000000
    16 5.620499 0.000002 0.000000 2.799757 -0.024634 -0.193629
    17 4.684906 0.000002 0.000000 -0.285820 0.115252 1.081791
    18 19.263098 0.000000 0.000000 0.000000 0.000000 0.142126
    19 17.589096 0.000000 0.000000 0.046413 -0.120859 -0.652511
    20 6.240662 0.000000 0.000000 -0.112073 0.023851 -0.403083
    21 3.806942 0.000000 0.000000 -2.700618 -0.754122 -0.830860
    22 6.694801 0.000000 0.000000 0.000000 0.000000 0.000000
    23 19.253845 0.000000 0.000000 0.000000 0.000000 0.025253
    24 3.147137 0.005680 -1.551346 0.204908 0.143273 -0.954241
    25 1.585903 0.000000 0.000000 0.011390 0.016585 -0.964682
    26 0.849087 0.000002 0.000000 -0.054430 -0.175364 -0.012812
    27 3.471079 0.213264 -0.574066 0.197841 0.103922 -1.056897
    28 1.897533 -0.000002 0.000000 -0.051937 -0.088263 -1.080741
    29 1.014454 0.000002 0.000000 0.002346 0.009693 0.056304
    30 3.750082 0.114767 0.430058 0.187201 0.067923 -1.244533
    31 2.258186 0.000000 0.000000 -0.042022 -0.053930 -0.856641
    32 1.210384 0.000001 0.000000 0.001810 0.011981 0.157202
    33 3.868294 -0.166636 1.490141 0.180581 0.034246 -1.190451
    34 1.786068 0.000000 0.000000 0.051300 0.063943 -1.015925
    35 1.044434 -0.000002 0.000000 0.001325 0.038484 0.095729
    36 1.121473 -1.351564 1.030998 1.138475 -0.607693 0.231095
    37 1.928116 0.000000 0.000000 -0.090105 -0.188036 -0.457011
    38 1.285145 -0.000001 0.000000 -0.000005 -0.040574 -1.047036
    39 19.263105 0.000000 0.000000 0.000000 0.000000 1.687497
    40 17.589100 0.000000 0.000000 -0.445921 0.722180 -1.628871
    41 6.240662 0.000000 0.000000 0.020378 -0.027686 -0.539680
    42 5.884350 0.000000 0.000004 -0.126310 0.000000 0.000000
    43 11.768705 0.000000 0.000000 -0.238428 0.000000 0.000000
    44 11.679195 0.000000 0.000008 0.000000 0.000000 -0.161658
    45 3.147156 0.000065 1.551354 -0.201298 -0.143284 -0.649417
    46 1.585903 0.000000 0.000000 -0.011409 -0.016643 -1.331409
    47 0.849087 0.000000 0.000000 0.054379 0.175346 0.227690
    48 3.471100 0.211189 0.574833 -0.194213 -0.103888 -0.872699
    49 1.897533 0.000000 0.000000 0.051947 0.088323 -1.093272
    50 1.014446 0.000003 0.000000 -0.002359 -0.009725 0.111690
    51 3.750099 0.116322 -0.429641 -0.183614 -0.067994 -1.128857
    52 2.258183 0.000000 0.000000 0.042077 0.053977 -0.662652
    53 1.210392 0.000001 0.000000 -0.001842 -0.011976 0.162659
    54 3.868322 -0.161243 -1.490733 -0.177010 -0.034210 -1.024999
    55 1.786068 0.000002 0.000000 -0.051298 -0.063999 -0.749967
    56 1.044445 0.000000 0.000000 -0.001333 -0.038512 0.149883
    57 1.121502 -1.347836 -1.035880 -1.045302 0.582555 0.243500
    58 1.928122 0.000000 -0.000002 -0.000025 0.188108 -0.446082
    59 1.285141 0.000000 -0.000002 -0.000058 0.040588 -0.886387
    60 11.768703 0.000000 -0.000008 0.242666 0.000000 0.000000
    61 5.884356 0.000000 -0.000004 0.128617 0.000000 0.000000
    62 11.679195 0.000000 0.000000 0.000000 0.000000 -0.161657
    63 7.023272 -6.880002 4.339547 2.620672 -1.456011 -1.105365
    64 -21.078125 -7.531250 7.773438 2.812307 0.502251 1.558703
    65 0.000000 -0.000007 -0.000031 1.373047 0.113574 0.124314
    66 -0.000004 -0.000007 -0.000031 1.373047 0.113574 0.124314
    67 3.348999 -1.371000 0.725000 1.977842 -0.088017 1.557794
    68 2.856895 -1.536201 -0.973800 -1.501147 -0.272558 -1.578261
    69 -0.000004 0.000000 10.000000 0.000000 0.000000 0.000000
    70 0.018894 0.665159 9.395880 0.000000 0.000000 0.000000
    71 2.000008 -3.000000 0.000000 -1.570796 0.000000 -1.326450
    72 3.028210 -0.923410 -2.009452 1.574082 -0.012974 1.587243
    73 0.116953 4.311607 0.061859 0.000010 0.000000 0.000000
    74 -0.000002 0.000000 0.000001 0.000000 0.000000 0.000000
    75 0.000000 1.000000 0.000010 0.000000 0.000000 0.000000
    76 -0.000002 0.000000 0.000000 0.000000 0.000000 0.000000
    77 -0.000002 0.000000 0.000000 0.000000 0.000000 0.000000
    78 -0.000002 0.000000 0.000000 0.000000 0.000000 0.000000
time 175
    0 -6.984375 -6.328125 25.656250 1.719019 -0.048827 0.704410
    1 0.000000 4.246162 -0.018825 1.557218 -0.133937 1.503757
    2 4.195629 0.000000 0.000000 -0.010964 -0.034886 -0.155551
    3 3.883152 0.000001 0.000000 -0.014257 0.011320 -0.047307
    4 5.985943 0.000002 0.000000 0.000506 0.040005 0.429405
    5 4.268658 1.531896 -1.575000 1.222608 0.996793 -0.644412
    6 5.782729 0.000000 0.000001 2.994286 -0.145778 0.654715
    7 11.452759 0.000001 0.000000 0.000000 0.000000 -0.624752
    8 4.268658 1.531894 1.575000 -1.791543 -0.715793 0.138282
    9 5.782726 0.000004 0.000001 -3.104926 0.190024 0.618438
    10 11.452763 0.000001 0.000004 0.000000 0.000000 -0.334517
    11 10.945534 -0.000007 -0.000034 0.999275 -0.250463 0.069839
    12 10.945518 -0.000005 0.000015 -1.522507 -0.037761 0.346057
    13 -3.806942 0.000000 0.000000 -1.207215 -0.247957 -1.882468
    14 19.253841 0.000000 0.000000 0.000000 0.000000 0.025250
    15 6.694798 0.000000 0.000000 0.000000 0.000000 0.000000
    16 5.620499 0.000002 0.000000 2.793598 -0.034000 -0.193345
    17 4.684906 0.000002 0.000000 -0.287953 0.131790 1.080880
    18 19.263098 0.000000 0.000000 0.000000 0.000000 0.141693
    19 17.589096 0.000000 0.000000 0.029326 -0.186272 -0.679436
    20 6.240662 0.000000 0.000000 -0.112050 0.023832 -0.446508
    21 3.806942 0.000000 0.000000 -2.772628 -0.788229 -0.799106
    22 6.694801 0.000000 0.000000 0.000000 0.000000 0.000000
    23 19.253845 0.000000 0.000000 0.000000 0.000000 0.025253
    24 3.147137 0.005680 -1.551346 0.204908 0.143273 -0.954241
    25 1.585903 0.000000 0.000000 0.011390 0.016585 -0.964682
    26 0.849087 0.000002 0.000000 -0.054430 -0.175364 -0.012812
    27 3.471079 0.213264 -0.574066 0.197841 0.103922 -1.056897
    28 1.897533 -0.000002 0.000000 -0.051937 -0.088263 -1.080741
    29 1.014454 0.000002 0.000000 0.002346 0.009693 0.056304
    30 3.750082 0.114767 0.430058 0.187201 0.067923 -1.244533
    31 2.258186 0.000000 0.000000 -0.042022 -0.053930 -0.856641
    32 1.210384 0.000001 0.000000 0.001810 0.011981 0.157202
    33 3.868294 -0.166636 1.490141 0.180581 0.034246 -1.190451
    34 1.786068 0.000000 0.000000 0.051300 0.063943 -1.015925
    35 1.044434 -0.000002 0.000000 0.001325 0.038484 0.095729
    36 1.121473 -1.351564 1.030998 1.138475 -0.607693 0.231095
    37 1.928116 0.000000 0.000000 -0.090105 -0.188036 -0.457011
    38 1.285145 -0.000001 0.000000 -0.000005 -0.040574 -1.047036
    39 19.263105 0.000000 0.000000 0.000000 0.000000 1.679511
    40 17.589100 0.000000 0.000000 -0.425107 0.686650 -1.603198
    41 6.240662 0.000000 0.000000 0.020402 -0.027692 -0.551784
    42 5.884350 0.000000 0.000004 -0.126310 0.000000 0.000000
    43 11.768705 0.000000 0.000000 -0.238428 0.000000 0.000000
    44 11.679195 0.000000 0.000008 0.000000 0.000000 -0.161658
    45 3.147156 0.000065 1.551354 -0.201298 -0.143284 -0.649417
    46 1.585903 0.000000 0.000000 -0.011409 -0.016643 -1.331409
    47 0.849087 0.000000 0.000000 0.054379 0.175346 0.227690
    48 3.471100 0.211189 0.574833 -0.194213 -0.103888 -0.872699
    49 1.897533 0.000000 0.000000 0.051947 0.088323 -1.093272
    50 1.014446 0.000003 0.000000 -0.002359 -0.009725 0.111690
    51 3.750099 0.116322 -0.429641 -0.183614 -0.067994 -1.128857
    52 2.258183 0.000000 0.000000 0.042077 0.053977 -0.662652
    53 1.210392 0.000001 0.000000 -0.001842 -0.011976 0.162659
    54 3.868322 -0.161243 -1.490733 -0.177010 -0.034210 -1.024999
    55 1.786068 0.000002 0.000000 -0.051298 -0.063999 -0.749967
    56 1.044445 0.000000 0.000000 -0.001333 -0.038512 0.149883
    57 1.121502 -1.347836 -1.035880 -1.045302 0.582555 0.243500
    58 1.928122 0.000000 -0.000002 -0.000025 0.188108 -0.446082
    59 1.285141 0.000000 -0.000002 -0.000058 0.040588 -0.886387
    60 11.768703 0.000000 -0.000008 0.242666 0.000000 0.000000
    61 5.884356 0.000000 -0.000004 0.128617 0.000000 0.000000
    62 11.679195 0.000000 0.000000 0.000000 0.000000 -0.161657
    63 7.023272 -6.880002 4.339547 2.620672 -1.456011 -1.105365
    64 -20.484375 -11.062500 8.789063 2.783663 0.516596 1.537963
    65 0.000000 -0.000007 -0.000031 1.373047 0.113574 0.124314
    66 -0.000004 -0.000007 -0.000031 1.373047 0.113574 0.124314
    67 3.348999 -1.371000 0.725000 1.977842 -0.088017 1.557794
    68 2.856895 -1.536201 -0.973800 -1.501147 -0.272558 -1.578261
    69 -0.000004 0.000000 10.000000 0.000000 0.000000 0.000000
    70 0.018894 0.665159 9.395880 0.000000 0.000000 0.000000
    71 2.000008 -3.000000 0.000000 -1.570796 0.000000 -1.326450
    72 3.028210 -0.923410 -2.009452 1.574082 -0.012974 1.587243
    73 0.116953 4.311607 0.061859 0.000010 0.000000 0.000000
    74 -0.000002 0.000000 0.000001 0.000000 0.000000 0.000000
    75 0.000000 1.000000 0.000010 0.000000 0.000000 0.000000
    76 -0.000002 0.000000 0.000000 0.000000 0.000000 0.000000
    77 -0.000002 0.000000 0.000000 0.000000 0.000000 0.000000
    78 -0.000002 0.000000 0.000000 0.000000 0.000000 0.000000
time 176
    0 -7.121094 -6.230469 25.750000 1.714978 -0.046591 0.729829
    1 0.000000 4.246162 -0.018825 1.558044 -0.130273 1.511498
    2 4.195629 0.000000 0.000000 -0.010491 -0.030617 -0.157309
    3 3.883152 0.000001 0.000000 -0.013766 0.012720 -0.046364
    4 5.985943 0.000002 0.000000 0.001470 0.040513 0.432256
    5 4.268658 1.531896 -1.575000 1.260570 1.004811 -0.612690
    6 5.782729 0.000000 0.000001 2.995536 -0.143664 0.674822
    7 11.452759 0.000001 0.000000 0.000000 0.000000 -0.633739
    8 4.268658 1.531894 1.575000 -1.788745 -0.725490 0.140824
    9 5.782726 0.000004 0.000001 -3.118969 0.167930 0.613790
    10 11.452763 0.000001 0.000004 0.000000 0.000000 -0.341785
    11 10.945534 -0.000007 -0.000034 0.976519 -0.261853 0.059044
    12 10.945518 -0.000005 0.000015 -1.562186 -0.047502 0.362148
    13 -3.806942 0.000000 0.000000 -1.201966 -0.224784 -1.869902
    14 19.253841 0.000000 0.000000 0.000000 0.000000 0.025250
    15 6.694798 0.000000 0.000000 0.000000 0.000000 0.000000
    16 5.620499 0.000002 0.000000 2.787797 -0.045283 -0.196993
    17 4.684906 0.000002 0.000000 -0.288724 0.148580 1.085727
    18 19.263098 0.000000 0.000000 0.000000 0.000000 0.148791
    19 17.589096 0.000000 0.000000 0.012302 -0.240449 -0.684317
    20 6.240662 0.000000 0.000000 -0.112036 0.023892 -0.427205
    21 3.806942 0.000000 0.000000 -2.816528 -0.818134 -0.796273
    22 6.694801 0.000000 0.000000 0.000000 0.000000 0.000000
    23 19.253845 0.000000 0.000000 0.000000 0.000000 0.025253
    24 3.147137 0.005680 -1.551346 0.204908 0.143273 -0.954241
    25 1.585903 0.000000 0.000000 0.011390 0.016585 -0.964682
    26 0.849087 0.000002 0.000000 -0.054430 -0.175364 -0.012812
    27 3.471079 0.213264 -0.574066 0.197841 0.103922 -1.056897
    28 1.897533 -0.000002 0.000000 -0.051937 -0.088263 -1.080741
    29 1.014454 0.000002 0.000000 0.002346 0.009693 0.056304
    30 3.750082 0.114767 0.430058 0.187201 0.067923 -1.244533
    31 2.258186 0.000000 0.000000 -0.042022 -0.053930 -0.856641
    32 1.210384 0.000001 0.000000 0.001810 0.011981 0.157202
    33 3.868294 -0.166636 1.490141 0.180581 0.034246 -1.190451
    34 1.786068 0.000000 0.000000 0.051300 0.063943 -1.015925
    35 1.044434 -0.000002 0.000000 0.001325 0.038484 0.095729
    36 1.121473 -1.351564 1.030998 1.138475 -0.607693 0.231095
    37 1.928116 0.000000 0.000000 -0.090105 -0.188036 -0.457011
    38 1.285145 -0.000001 0.000000 -0.000005 -0.040574 -1.047036
    39 19.263105 0.000000 0.000000 0.000000 0.000000 1.632158
    40 17.589100 0.000000 0.000000 -0.385792 0.676323 -1.560338
    41 6.240662 0.000000 0.000000 0.020412 -0.027660 -0.542189
    42 5.884350 0.000000 0.000004 -0.126310 0.000000 0.000000
    43 11.768705 0.000000 0.000000 -0.238428 0.000000 0.000000
    44 11.679195 0.000000 0.000008 0.000000 0.000000 -0.161658
    45 3.147156 0.000065 1.551354 -0.201298 -0.143284 -0.649417
    46 1.585903 0.000000 0.000000 -0.011409 -0.016643 -1.331409
    47 0.849087 0.000000 0.000000 0.054379 0.175346 0.227690
    48 3.471100 0.211189 0.574833 -0.194213 -0.103888 -0.872699
    49 1.897533 0.000000 0.000000 0.051947 0.088323 -1.093272
    50 1.014446 0.000003 0.000000 -0.002359 -0.009725 0.111690
    51 3.750099 0.116322 -0.429641 -0.183614 -0.067994 -1.128857
    52 2.258183 0.000000 0.000000 0.042077 0.053977 -0.662652
    53 1.210392 0.000001 0.000000 -0.001842 -0.011976 0.162659
    54 3.868322 -0.161243 -1.490733 -0.177010 -0.034210 -1.024999
    55 1.786068 0.000002 0.000000 -0.051298 -0.063999 -0.749967
    56 1.044445 0.000000 0.000000 -0.001333 -0.038512 0.149883
    57 1.121502 -1.347836 -1.035880 -1.045302 0.582555 0.243500
    58 1.928122 0.000000 -0.000002 -0.000025 0.188108 -0.446082
    59 1.285141 0.000000 -0.000002 -0.000058 0.040588 -0.886387
    60 11.768703 0.000000 -0.000008 0.242666 0.000000 0.000000
    61 5.884356 0.000000 -0.000004 0.128617 0.000000 0.000000
    62 11.679195 0.000000 0.000000 0.000000 0.000000 -0.161657
    63 7.023272 -6.880002 4.339547 2.620672 -1.456011 -1.105365
    64 -19.000000 -14.960938 8.765625 2.757916 0.528972 1.523904
    65 0.000000 -0.000007 -0.000031 1.373047 0.113574 0.124314
    66 -0.000004 -0.000007 -0.000031 1.373047 0.113574 0.124314
    67 3.348999 -1.371000 0.725000 1.977842 -0.088017 1.557794
    68 2.856895 -1.536201 -0.973800 -1.501147 -0.272558 -1.578261
    69 -0.000004 0.000000 10.000000 0.000000 0.000000 0.000000
    70 0.018894 0.665159 9.395880 0.000000 0.000000 0.000000
    71 2.000008 -3.000000 0.000000 -1.570796 0.000000 -1.326450
    72 3.028210 -0.923410 -2.009452 1.574082 -0.012974 1.587243
    73 0.116953 4.311607 0.061859 0.000010 0.000000 0.000000
    74 -0.000002 0.000000 0.000001 0.000000 0.000000 0.000000
    75 0.000000 1.000000 0.000010 0.000000 0.000000 0.000000
    76 -0.000002 0.000000 0.000000 0.000000 0.000000 0.000000
    77 -0.000002 0.000000 0.000000 0.000000 0.000000 0.000000
    78 -0.000002 0.000000 0.000000 0.000000 0.000000 0.000000
time 177
    0 -7.195313 -6.136719 25.843750 1.708299 -0.044349 0.751557
    1 0.000000 4.246162 -0.018825 1.560500 -0.129557 1.518936
    2 4.195629 0.000000 0.000000 -0.008135 -0.026447 -0.157269
    3 3.883152 0.000001 0.000000 -0.011360 0.013559 -0.045317
    4 5.985943 0.000002 0.000000 0.003745 0.038959 0.434857
    5 4.268658 1.531896 -1.575000 1.287789 1.015540 -0.591359
    6 5.782729 0.000000 0.000001 2.998251 -0.142435 0.697799
    7 11.452759 0.000001 0.000000 0.000000 0.000000 -0.637011
    8 4.268658 1.531894 1.575000 -1.791122 -0.735810 0.142305
    9 5.782726 0.000004 0.000001 -3.136734 0.142546 0.621471
    10 11.452763 0.000001 0.000004 0.000000 0.000000 -0.343012
    11 10.945534 -0.000007 -0.000034 0.960587 -0.274230 0.054777
    12 10.945518 -0.000005 0.000015 -1.603928 -0.054741 0.380677
    13 -3.806942 0.000000 0.000000 -1.204033 -0.199196 -1.858033
    14 19.253841 0.000000 0.000000 0.000000 0.000000 0.025250
    15 6.694798 0.000000 0.000000 0.000000 0.000000 0.000000
    16 5.620499 0.000002 0.000000 2.782578 -0.057132 -0.207203
    17 4.684906 0.000002 0.000000 -0.288755 0.165050 1.098336
    18 19.263098 0.000000 0.000000 0.000000 0.000000 0.164290
    19 17.589096 0.000000 0.000000 0.005009 -0.275590 -0.672660
    20 6.240662 0.000000 0.000000 -0.112032 0.023820 -0.420303
    21 3.806942 0.000000 0.000000 -2.810172 -0.835569 -0.842806
    22 6.694801 0.000000 0.000000 0.000000 0.000000 0.000000
    23 19.253845 0.000000 0.000000 0.000000 0.000000 0.025253
    24 3.147137 0.005680 -1.551346 0.204908 0.143273 -0.954241
    25 1.585903 0.000000 0.000000 0.011390 0.016585 -0.964682
    26 0.849087 0.000002 0.000000 -0.054430 -0.175364 -0.012812
    27 3.471079 0.213264 -0.574066 0.197841 0.103922 -1.056897
    28 1.897533 -0.000002 0.000000 -0.051937 -0.088263 -1.080741
    29 1.014454 0.000002 0.000000 0.002346 0.009693 0.056304
    30 3.750082 0.114767 0.430058 0.187201 0.067923 -1.244533
    31 2.258186 0.000000 0.000000 -0.042022 -0.053930 -0.856641
    32 1.210384 0.000001 0.000000 0.001810 0.011981 0.157202
    33 3.868294 -0.166636 1.490141 0.180581 0.034246 -1.190451
    34 1.786068 0.000000 0.000000 0.051300 0.063943 -1.015925
    35 1.044434 -0.000002 0.000000 0.001325 0.038484 0.095729
    36 1.121473 -1.351564 1.030998 1.138475 -0.607693 0.231095
    37 1.928116 0.000000 0.000000 -0.090105 -0.188036 -0.457011
    38 1.285145 -0.000001 0.000000 -0.000005 -0.040574 -1.047036
    39 19.263105 0.000000 0.000000 0.000000 0.000000 1.531952
    40 17.589100 0.000000 0.000000 -0.380545 0.728482 -1.506058
    41 6.240662 0.000000 0.000000 0.020462 -0.027724 -0.544073
    42 5.884350 0.000000 0.000004 -0.126310 0.000000 0.000000
    43 11.768705 0.000000 0.000000 -0.238428 0.000000 0.000000
    44 11.679195 0.000000 0.000008 0.000000 0.000000 -0.161658
    45 3.147156 0.000065 1.551354 -0.201298 -0.143284 -0.649417
    46 1.585903 0.000000 0.000000 -0.011409 -0.016643 -1.331409
    47 0.849087 0.000000 0.000000 0.054379 0.175346 0.227690
    48 3.471100 0.211189 0.574833 -0.194213 -0.103888 -0.872699
    49 1.897533 0.000000 0.000000 0.051947 0.088323 -1.093272
    50 1.014446 0.000003 0.000000 -0.002359 -0.009725 0.111690
    51 3.750099 0.116322 -0.429641 -0.183614 -0.067994 -1.128857
    52 2.258183 0.000000 0.000000 0.042077 0.053977 -0.662652
    53 1.210392 0.000001 0.000000 -0.001842 -0.011976 0.162659
    54 3.868322 -0.161243 -1.490733 -0.177010 -0.034210 -1.024999
    55 1.786068 0.000002 0.000000 -0.051298 -0.063999 -0.749967
    56 1.044445 0.000000 0.000000 -0.001333 -0.038512 0.149883
    57 1.121502 -1.347836 -1.035880 -1.045302 0.582555 0.243500
    58 1.928122 0.000000 -0.000002 -0.000025 0.188108 -0.446082
    59 1.285141 0.000000 -0.000002 -0.000058 0.040588 -0.886387
    60 11.768703 0.000000 -0.000008 0.242666 0.000000 0.000000
    61 5.884356 0.000000 -0.000004 0.128617 0.000000 0.000000
    62 11.679195 0.000000 0.000000 0.000000 0.000000 -0.161657
    63 7.023272 -6.880002 4.339547 2.620672 -1.456011 -1.105365
    64 -16.875000 -18.187500 7.644531 2.734701 0.534840 1.512089
    65 0.000000 -0.000007 -0.000031 1.373047 0.113574 0.124314
    66 -0.000004 -0.000007 -0.000031 1.373047 0.113574 0.124314
    67 3.348999 -1.371000 0.725000 1.977842 -0.088017 1.557794
    68 2.856895 -1.536201 -0.973800 -1.501147 -0.272558 -1.578261
    69 -0.000004 0.000000 10.000000 0.000000 0.000000 0.000000
    70 0.018894 0.665159 9.395880 0.000000 0.000000 0.000000
    71 2.000008 -3.000000 0.000000 -1.570796 0.000000 -1.326450
    72 3.028210 -0.923410 -2.009452 1.574082 -0.012974 1.587243
    73 0.116953 4.311607 0.061859 0.000010 0.000000 0.000000
    74 -0.000002 0.000000 0.000001 0.000000 0.000000 0.000000
    75 0.000000 1.000000 0.000010 0.000000 0.000000 0.000000
    76 -0.000002 0.000000 0.000000 0.000000 0.000000 0.000000
    77 -0.000002 0.000000 0.000000 0.000000 0.000000 0.000000
    78 -0.000002 0.000000 0.000000 0.000000 0.000000 0.000000
time 178
    0 -7.199219 -6.023438 25.921875 1.701241 -0.038529 0.770246
    1 0.000000 4.246162 -0.018825 1.564383 -0.131836 1.527861
    2 4.195629 0.000000 0.000000 -0.004861 -0.020902 -0.156021
    3 3.883152 0.000001 0.000000 -0.007852 0.015020 -0.045213
    4 5.985943 0.000002 0.000000 0.007048 0.037522 0.434647
    5 4.268658 1.531896 -1.575000 1.297945 1.023749 -0.585565
    6 5.782729 0.000000 0.000001 3.000069 -0.140066 0.717703
    7 11.452759 0.000001 0.000000 0.000000 0.000000 -0.638011
    8 4.268658 1.531894 1.575000 -1.795447 -0.745084 0.141680
    9 5.782726 0.000004 0.000001 3.124783 0.115015 0.632698
    10 11.452763 0.000001 0.000004 0.000000 0.000000 -0.344326
    11 10.945534 -0.000007 -0.000034 0.949042 -0.287953 0.056076
    12 10.945518 -0.000005 0.000015 -1.642075 -0.059975 0.395766
    13 -3.806942 0.000000 0.000000 -1.212458 -0.175944 -1.844455
    14 19.253841 0.000000 0.000000 0.000000 0.000000 0.025250
    15 6.694798 0.000000 0.000000 0.000000 0.000000 0.000000
    16 5.620499 0.000002 0.000000 2.777617 -0.069308 -0.220775
    17 4.684906 0.000002 0.000000 -0.288080 0.178663 1.110023
    18 19.263098 0.000000 0.000000 0.000000 0.000000 0.193152
    19 17.589096 0.000000 0.000000 0.000690 -0.290113 -0.677872
    20 6.240662 0.000000 0.000000 -0.112085 0.023833 -0.429769
    21 3.806942 0.000000 0.000000 -2.741128 -0.842123 -0.933643
    22 6.694801 0.000000 0.000000 0.000000 0.000000 0.000000
    23 19.253845 0.000000 0.000000 0.000000 0.000000 0.025253
    24 3.147137 0.005680 -1.551346 0.204908 0.143273 -0.954241
    25 1.585903 0.000000 0.000000 0.011390 0.016585 -0.964682
    26 0.849087 0.000002 0.000000 -0.054430 -0.175364 -0.012812
    27 3.471079 0.213264 -0.574066 0.197841 0.103922 -1.056897
    28 1.897533 -0.000002 0.000000 -0.051937 -0.088263 -1.080741
    29 1.014454 0.000002 0.000000 0.002346 0.009693 0.056304
    30 3.750082 0.114767 0.430058 0.187201 0.067923 -1.244533
    31 2.258186 0.000000 0.000000 -0.042022 -0.053930 -0.856641
    32 1.210384 0.000001 0.000000 0.001810 0.011981 0.157202
    33 3.868294 -0.166636 1.490141 0.180581 0.034246 -1.190451
    34 1.786068 0.000000 0.000000 0.051300 0.063943 -1.015925
    35 1.044434 -0.000002 0.000000 0.001325 0.038484 0.095729
    36 1.121473 -1.351564 1.030998 1.138475 -0.607693 0.231095
    37 1.928116 0.000000 0.000000 -0.090105 -0.188036 -0.457011
    38 1.285145 -0.000001 0.000000 -0.000005 -0.040574 -1.047036
    39 19.263105 0.000000 0.000000 0.000000 0.000000 1.388601
    40 17.589100 0.000000 0.000000 -0.408895 0.846967 -1.470138
    41 6.240662 0.000000 0.000000 0.020389 -0.027676 -0.599324
    42 5.884350 0.000000 0.000004 -0.126310 0.000000 0.000000
    43 11.768705 0.000000 0.000000 -0.238428 0.000000 0.000000
    44 11.679195 0.000000 0.000008 0.000000 0.000000 -0.161658
    45 3.147156 0.000065 1.551354 -0.201298 -0.143284 -0.649417
    46 1.585903 0.000000 0.000000 -0.011409 -0.016643 -1.331409
    47 0.849087 0.000000 0.000000 0.054379 0.175346 0.227690
    48 3.471100 0.211189 0.574833 -0.194213 -0.103888 -0.872699
    49 1.897533 0.000000 0.000000 0.051947 0.088323 -1.093272
    50 1.014446 0.000003 0.000000 -0.002359 -0.009725 0.111690
    51 3.750099 0.116322 -0.429641 -0.183614 -0.067994 -1.128857
    52 2.258183 0.000000 0.000000 0.042077 0.053977 -0.662652
    53 1.210392 0.000001 0.000000 -0.001842 -0.011976 0.162659
    54 3.868322 -0.161243 -1.490733 -0.177010 -0.034210 -1.024999
    55 1.786068 0.000002 0.000000 -0.051298 -0.063999 -0.749967
    56 1.044445 0.000000 0.000000 -0.001333 -0.038512 0.149883
    57 1.121502 -1.347836 -1.035880 -1.045302 0.582555 0.243500
    58 1.928122 0.000000 -0.000002 -0.000025 0.188108 -0.446082
    59 1.285141 0.000000 -0.000002 -0.000058 0.040588 -0.886387
    60 11.768703 0.000000 -0.000008 0.242666 0.000000 0.000000
    61 5.884356 0.000000 -0.000004 0.128617 0.000000 0.000000
    62 11.679195 0.000000 0.000000 0.000000 0.000000 -0.161657
    63 7.023272 -6.880002 4.339547 2.620672 -1.456011 -1.105365
    64 -14.734375 -20.046875 6.000000 2.714671 0.535838 1.505720
    65 0.000000 -0.000007 -0.000031 1.373047 0.113574 0.124314
    66 -0.000004 -0.000007 -0.000031 1.373047 0.113574 0.124314
    67 3.348999 -1.371000 0.725000 1.977842 -0.088017 1.557794
    68 2.856895 -1.536201 -0.973800 -1.501147 -0.272558 -1.578261
    69 -0.000004 0.000000 10.000000 0.000000 0.000000 0.000000
    70 0.018894 0.665159 9.395880 0.000000 0.000000 0.000000
    71 2.000008 -3.000000 0.000000 -1.570796 0.000000 -1.326450
    72 3.028210 -0.923410 -2.009452 1.574082 -0.012974 1.587243
    73 0.116953 4.311607 0.061859 0.000010 0.000000 0.000000
    74 -0.000002 0.000000 0.000001 0.000000 0.000000 0.000000
    75 0.000000 1.000000 0.000010 0.000000 0.000000 0.000000
    76 -0.000002 0.000000 0.000000 0.000000 0.000000 0.000000
    77 -0.000002 0.000000 0.000000 0.000000 0.000000 0.000000
    78 -0.000002 0.000000 0.000000 0.000000 0.000000 0.000000
time 179
    0 -7.109375 -5.914063 26.015625 1.694307 -0.028555 0.785503
    1 0.000000 4.246162 -0.018825 1.567405 -0.131953 1.539128
    2 4.195629 0.000000 0.000000 -0.002442 -0.014218 -0.155530
    3 3.883152 0.000001 0.000000 -0.005295 0.016894 -0.044163
    4 5.985943 0.000002 0.000000 0.009505 0.036447 0.436808
    5 4.268658 1.531896 -1.575000 1.300858 1.036437 -0.583017
    6 5.782729 0.000000 0.000001 3.002566 -0.139816 0.740793
    7 11.452759 0.000001 0.000000 0.000000 0.000000 -0.634830
    8 4.268658 1.531894 1.575000 -1.802713 -0.757672 0.146722
    9 5.782726 0.000004 0.000001 3.112215 0.095814 0.649279
    10 11.452763 0.000001 0.000004 0.000000 0.000000 -0.347306
    11 10.945534 -0.000007 -0.000034 0.938669 -0.302024 0.064278
    12 10.945518 -0.000005 0.000015 -1.672983 -0.061747 0.403863
    13 -3.806942 0.000000 0.000000 -1.217700 -0.153051 -1.829130
    14 19.253841 0.000000 0.000000 0.000000 0.000000 0.025250
    15 6.694798 0.000000 0.000000 0.000000 0.000000 0.000000
    16 5.620499 0.000002 0.000000 2.779309 -0.078236 -0.228486
    17 4.684906 0.000002 0.000000 -0.282758 0.186613 1.118495
    18 19.263098 0.000000 0.000000 0.000000 0.000000 0.233089
    19 17.589096 0.000000 0.000000 0.004689 -0.285355 -0.703784
    20 6.240662 0.000000 0.000000 -0.112075 0.023842 -0.432955
    21 3.806942 0.000000 0.000000 -2.614148 -0.835213 -1.053417
    22 6.694801 0.000000 0.000000 0.000000 0.000000 0.000000
    23 19.253845 0.000000 0.000000 0.000000 0.000000 0.025253
    24 3.147137 0.005680 -1.551346 0.204908 0.143273 -0.954241
    25 1.585903 0.000000 0.000000 0.011390 0.016585 -0.964682
    26 0.849087 0.000002 0.000000 -0.054430 -0.175364 -0.012812
    27 3.471079 0.213264 -0.574066 0.197841 0.103922 -1.056897
    28 1.897533 -0.000002 0.000000 -0.051937 -0.088263 -1.080741
    29 1.014454 0.000002 0.000000 0.002346 0.009693 0.056304
    30 3.750082 0.114767 0.430058 0.187201 0.067923 -1.244533
    31 2.258186 0.000000 0.000000 -0.042022 -0.053930 -0.856641
    32 1.210384 0.000001 0.000000 0.001810 0.011981 0.157202
    33 3.868294 -0.166636 1.490141 0.180581 0.034246 -1.190451
    34 1.786068 0.000000 0.000000 0.051300 0.063943 -1.015925
    35 1.044434 -0.000002 0.000000 0.001325 0.038484 0.095729
    36 1.121473 -1.351564 1.030998 1.138475 -0.607693 0.231095
    37 1.928116 0.000000 0.000000 -0.090105 -0.188036 -0.457011
    38 1.285145 -0.000001 0.000000 -0.000005 -0.040574 -1.047036
    39 19.263105 0.000000 0.000000 0.000000 0.000000 1.227678
    40 17.589100 0.000000 0.000000 -0.507299 0.950736 -1.516862
    41 6.240662 0.000000 0.000000 0.020431 -0.027695 -0.727642
    42 5.884350 0.000000 0.000004 -0.126310 0.000000 0.000000
    43 11.768705 0.000000 0.000000 -0.238428 0.000000 0.000000
    44 11.679195 0.000000 0.000008 0.000000 0.000000 -0.161658
    45 3.147156 0.000065 1.551354 -0.201298 -0.143284 -0.649417
    46 1.585903 0.000000 0.000000 -0.011409 -0.016643 -1.331409
    47 0.849087 0.000000 0.000000 0.054379 0.175346 0.227690
    48 3.471100 0.211189 0.574833 -0.194213 -0.103888 -0.872699
    49 1.897533 0.000000 0.000000 0.051947 0.088323 -1.093272
    50 1.014446 0.000003 0.000000 -0.002359 -0.009725 0.111690
    51 3.750099 0.116322 -0.429641 -0.183614 -0.067994 -1.128857
    52 2.258183 0.000000 0.000000 0.042077 0.053977 -0.662652
    53 1.210392 0.000001 0.000000 -0.001842 -0.011976 0.162659
    54 3.868322 -0.161243 -1.490733 -0.177010 -0.034210 -1.024999
    55 1.786068 0.000002 0.000000 -0.051298 -0.063999 -0.749967
    56 1.044445 0.000000 0.000000 -0.001333 -0.038512 0.149883
    57 1.121502 -1.347836 -1.035880 -1.045302 0.582555 0.243500
    58 1.928122 0.000000 -0.000002 -0.000025 0.188108 -0.446082
    59 1.285141 0.000000 -0.000002 -0.000058 0.040588 -0.886387
    60 11.768703 0.000000 -0.000008 0.242666 0.000000 0.000000
    61 5.884356 0.000000 -0.000004 0.128617 0.000000 0.000000
    62 11.679195 0.000000 0.000000 0.000000 0.000000 -0.161657
    63 7.023272 -6.880002 4.339547 2.620672 -1.456011 -1.105365
    64 -12.781250 -20.812500 4.507813 2.697248 0.539248 1.504767
    65 0.000000 -0.000007 -0.000031 1.373047 0.113574 0.124314
    66 -0.000004 -0.000007 -0.000031 1.373047 0.113574 0.124314
    67 3.348999 -1.371000 0.725000 1.977842 -0.088017 1.557794
    68 2.856895 -1.536201 -0.973800 -1.501147 -0.272558 -1.578261
    69 -0.000004 0.000000 10.000000 0.000000 0.000000 0.000000
    70 0.018894 0.665159 9.395880 0.000000 0.000000 0.000000
    71 2.000008 -3.000000 0.000000 -1.570796 0.000000 -1.326450
    72 3.028210 -0.923410 -2.009452 1.574082 -0.012974 1.587243
    73 0.116953 4.311607 0.061859 0.000010 0.000000 0.000000
    74 -0.000002 0.000000 0.000001 0.000000 0.000000 0.000000
    75 0.000000 1.000000 0.000010 0.000000 0.000000 0.000000
    76 -0.000002 0.000000 0.000000 0.000000 0.000000 0.000000
    77 -0.000002 0.000000 0.000000 0.000000 0.000000 0.000000
    78 -0.000002 0.000000 0.000000 0.000000 0.000000 0.000000
time 180
    0 -7.003906 -5.800781 26.109375 1.686159 -0.015114 0.796504
    1 0.000000 4.246162 -0.018825 1.568824 -0.136108 1.550411
    2 4.195629 0.000000 0.000000 -0.001505 -0.007475 -0.153028
    3 3.883152 0.000001 0.000000 -0.004297 0.018643 -0.044072
    4 5.985943 0.000002 0.000000 0.010710 0.036448 0.435062
    5 4.268658 1.531896 -1.575000 1.295211 1.050101 -0.586423
    6 5.782729 0.000000 0.000001 3.005428 -0.139366 0.758242
    7 11.452759 0.000001 0.000000 0.000000 0.000000 -0.633013
    8 4.268658 1.531894 1.575000 -1.814040 -0.767795 0.155971
    9 5.782726 0.000004 0.000001 3.118010 0.085585 0.663921
    10 11.452763 0.000001 0.000004 0.000000 0.000000 -0.353442
    11 10.945534 -0.000007 -0.000034 0.928256 -0.312535 0.074787
    12 10.945518 -0.000005 0.000015 -1.693451 -0.062833 0.407364
    13 -3.806942 0.000000 0.000000 -1.212083 -0.130995 -1.812128
    14 19.253841 0.000000 0.000000 0.000000 0.000000 0.025250
    15 6.694798 0.000000 0.000000 0.000000 0.000000 0.000000
    16 5.620499 0.000002 0.000000 2.791562 -0.079990 -0.225936
    17 4.684906 0.000002 0.000000 -0.271022 0.185371 1.119813
    18 19.263098 0.000000 0.000000 0.000000 0.000000 0.278349
    19 17.589096 0.000000 0.000000 0.011231 -0.274748 -0.727285
    20 6.240662 0.000000 0.000000 -0.112100 0.023865 -0.437384
    21 3.806942 0.000000 0.000000 -2.475640 -0.807235 -1.168094
    22 6.694801 0.000000 0.000000 0.000000 0.000000 0.000000
    23 19.253845 0.000000 0.000000 0.000000 0.000000 0.025253
    24 3.147137 0.005680 -1.551346 0.204908 0.143273 -0.954241
    25 1.585903 0.000000 0.000000 0.011390 0.016585 -0.964682
    26 0.849087 0.000002 0.000000 -0.054430 -0.175364 -0.012812
    27 3.471079 0.213264 -0.574066 0.197841 0.103922 -1.056897
    28 1.897533 -0.000002 0.000000 -0.051937 -0.088263 -1.080741
    29 1.014454 0.000002 0.000000 0.002346 0.009693 0.056304
    30 3.750082 0.114767 0.430058 0.187201 0.067923 -1.244533
    31 2.258186 0.000000 0.000000 -0.042022 -0.053930 -0.856641
    32 1.210384 0.000001 0.000000 0.001810 0.011981 0.157202
    33 3.868294 -0.166636 1.490141 0.180581 0.034246 -1.190451
    34 1.786068 0.000000 0.000000 0.051300 0.063943 -1.015925
    35 1.044434 -0.000002 0.000000 0.001325 0.038484 0.095729
    36 1.121473 -1.351564 1.030998 1.138475 -0.607693 0.231095
    37 1.928116 0.000000 0.000000 -0.090105 -0.188036 -0.457011
    38 1.285145 -0.000001 0.000000 -0.000005 -0.040574 -1.047036
    39 19.263105 0.000000 0.000000 0.000000 0.000000 1.072711
    40 17.589100 0.000000 0.000000 -0.597500 1.007016 -1.617312
    41 6.240662 0.000000 0.000000 0.020396 -0.027710 -0.854527
    42 5.884350 0.000000 0.000004 -0.126310 0.000000 0.000000
    43 11.768705 0.000000 0.000000 -0.238428 0.000000 0.000000
    44 11.679195 0.000000 0.000008 0.000000 0.000000 -0.161658
    45 3.147156 0.000065 1.551354 -0.201298 -0.143284 -0.649417
    46 1.585903 0.000000 0.000000 -0.011409 -0.016643 -1.331409
    47 0.849087 0.000000 0.000000 0.054379 0.175346 0.227690
    48 3.471100 0.211189 0.574833 -0.194213 -0.103888 -0.872699
    49 1.897533 0.000000 0.000000 0.051947 0.088323 -1.093272
    50 1.014446 0.000003 0.000000 -0.002359 -0.009725 0.111690
    51 3.750099 0.116322 -0.429641 -0.183614 -0.067994 -1.128857
    52 2.258183 0.000000 0.000000 0.042077 0.053977 -0.662652
    53 1.210392 0.000001 0.000000 -0.001842 -0.011976 0.162659
    54 3.868322 -0.161243 -1.490733 -0.177010 -0.034210 -1.024999
    55 1.786068 0.000002 0.000000 -0.051298 -0.063999 -0.749967
    56 1.044445 0.000000 0.000000 -0.001333 -0.038512 0.149883
    57 1.121502 -1.347836 -1.035880 -1.045302 0.582555 0.243500
    58 1.928122 0.000000 -0.000002 -0.000025 0.188108 -0.446082
    59 1.285141 0.000000 -0.000002 -0.000058 0.040588 -0.886387
    60 11.768703 0.000000 -0.000008 0.242666 0.000000 0.000000
    61 5.884356 0.000000 -0.000004 0.128617 0.000000 0.000000
    62 11.679195 0.000000 0.000000 0.000000 0.000000 -0.161657
    63 7.023272 -6.880002 4.339547 2.620672 -1.456011 -1.105365
    64 -11.085938 -21.015625 3.533203 2.684228 0.549162 1.509099
    65 0.000000 -0.000007 -0.000031 1.373047 0.113574 0.124314
    66 -0.000004 -0.000007 -0.000031 1.373047 0.113574 0.124314
    67 3.348999 -1.371000 0.725000 1.977842 -0.088017 1.557794
    68 2.856895 -1.536201 -0.973800 -1.501147 -0.272558 -1.578261
    69 -0.000004 0.000000 10.000000 0.000000 0.000000 0.000000
    70 0.018894 0.665159 9.395880 0.000000 0.000000 0.000000
    71 2.000008 -3.000000 0.000000 -1.570796 0.000000 -1.326450
    72 3.028210 -0.923410 -2.009452 1.574082 -0.012974 1.587243
    73 0.116953 4.311607 0.061859 0.000010 0.000000 0.000000
    74 -0.000002 0.000000 0.000001 0.000000 0.000000 0.000000
    75 0.000000 1.000000 0.000010 0.000000 0.000000 0.000000
    76 -0.000002 0.000000 0.000000 0.000000 0.000000 0.000000
    77 -0.000002 0.000000 0.000000 0.000000 0.000000 0.000000
    78 -0.000002 0.000000 0.000000 0.000000 0.000000 0.000000
time 181
    0 -6.875000 -5.664063 26.187500 1.679862 -0.001281 0.802158
    1 0.000000 4.246162 -0.018825 1.569179 -0.141670 1.561423
    2 4.195629 0.000000 0.000000 -0.001756 -0.000825 -0.150435
    3 3.883152 0.000001 0.000000 -0.004436 0.020451 -0.045373
    4 5.985943 0.000002 0.000000 0.010831 0.036777 0.433034
    5 4.268658 1.531896 -1.575000 1.283945 1.062882 -0.595689
    6 5.782729 0.000000 0.000001 3.013905 -0.136995 0.771392
    7 11.452759 0.000001 0.000000 0.000000 0.000000 -0.632377
    8 4.268658 1.531894 1.575000 -1.827101 -0.777091 0.169033
    9 5.782726 0.000004 0.000001 3.131057 0.086136 0.674236
    10 11.452763 0.000001 0.000004 0.000000 0.000000 -0.363970
    11 10.945534 -0.000007 -0.000034 0.919327 -0.317860 0.084778
    12 10.945518 -0.000005 0.000015 -1.708784 -0.062912 0.405934
    13 -3.806942 0.000000 0.000000 -1.199410 -0.112077 -1.797804
    14 19.253841 0.000000 0.000000 0.000000 0.000000 0.025250
    15 6.694798 0.000000 0.000000 0.000000 0.000000 0.000000
    16 5.620499 0.000002 0.000000 2.807209 -0.081233 -0.224639
    17 4.684906 0.000002 0.000000 -0.256594 0.181768 1.121565
    18 19.263098 0.000000 0.000000 0.000000 0.000000 0.322529
    19 17.589096 0.000000 0.000000 0.036280 -0.261278 -0.742883
    20 6.240662 0.000000 0.000000 -0.112086 0.023868 -0.444029
    21 3.806942 0.000000 0.000000 -2.374473 -0.767342 -1.251138
    22 6.694801 0.000000 0.000000 0.000000 0.000000 0.000000
    23 19.253845 0.000000 0.000000 0.000000 0.000000 0.025253
    24 3.147137 0.005680 -1.551346 0.204908 0.143273 -0.954241
    25 1.585903 0.000000 0.000000 0.011390 0.016585 -0.964682
    26 0.849087 0.000002 0.000000 -0.054430 -0.175364 -0.012812
    27 3.471079 0.213264 -0.574066 0.197841 0.103922 -1.056897
    28 1.897533 -0.000002 0.000000 -0.051937 -0.088263 -1.080741
    29 1.014454 0.000002 0.000000 0.002346 0.009693 0.056304
    30 3.750082 0.114767 0.430058 0.187201 0.067923 -1.244533
    31 2.258186 0.000000 0.000000 -0.042022 -0.053930 -0.856641
    32 1.210384 0.000001 0.000000 0.001810 0.011981 0.157202
    33 3.868294 -0.166636 1.490141 0.180581 0.034246 -1.190451
    34 1.786068 0.000000 0.000000 0.051300 0.063943 -1.015925
    35 1.044434 -0.000002 0.000000 0.001325 0.038484 0.095729
    36 1.121473 -1.351564 1.030998 1.138475 -0.607693 0.231095
    37 1.928116 0.000000 0.000000 -0.090105 -0.188036 -0.457011
    38 1.285145 -0.000001 0.000000 -0.000005 -0.040574 -1.047036
    39 19.263105 0.000000 0.000000 0.000000 0.000000 0.944411
    40 17.589100 0.000000 0.000000 -0.644840 1.027736 -1.686333
    41 6.240662 0.000000 0.000000 0.020446 -0.027688 -0.934388
    42 5.884350 0.000000 0.000004 -0.126310 0.000000 0.000000
    43 11.768705 0.000000 0.000000 -0.238428 0.000000 0.000000
    44 11.679195 0.000000 0.000008 0.000000 0.000000 -0.161658
    45 3.147156 0.000065 1.551354 -0.201298 -0.143284 -0.649417
    46 1.585903 0.000000 0.000000 -0.011409 -0.016643 -1.331409
    47 0.849087 0.000000 0.000000 0.054379 0.175346 0.227690
    48 3.471100 0.211189 0.574833 -0.194213 -0.103888 -0.872699
    49 1.897533 0.000000 0.000000 0.051947 0.088323 -1.093272
    50 1.014446 0.000003 0.000000 -0.002359 -0.009725 0.111690
    51 3.750099 0.116322 -0.429641 -0.183614 -0.067994 -1.128857
    52 2.258183 0.000000 0.000000 0.042077 0.053977 -0.662652
    53 1.210392 0.000001 0.000000 -0.001842 -0.011976 0.162659
    54 3.868322 -0.161243 -1.490733 -0.177010 -0.034210 -1.024999
    55 1.786068 0.000002 0.000000 -0.051298 -0.063999 -0.749967
    56 1.044445 0.000000 0.000000 -0.001333 -0.038512 0.149883
    57 1.121502 -1.347836 -1.035880 -1.045302 0.582555 0.243500
    58 1.928122 0.000000 -0.000002 -0.000025 0.188108 -0.446082
    59 1.285141 0.000000 -0.000002 -0.000058 0.040588 -0.886387
    60 11.768703 0.000000 -0.000008 0.242666 0.000000 0.000000
    61 5.884356 0.000000 -0.000004 0.128617 0.000000 0.000000
    62 11.679195 0.000000 0.000000 0.000000 0.000000 -0.161657
    63 7.023272 -6.880002 4.339547 2.620672 -1.456011 -1.105365
    64 -10.781250 -20.828125 3.869141 2.677519 0.559088 1.518601
    65 0.000000 -0.000007 -0.000031 1.373047 0.113574 0.124314
    66 -0.000004 -0.000007 -0.000031 1.373047 0.113574 0.124314
    67 3.348999 -1.371000 0.725000 1.977842 -0.088017 1.557794
    68 2.856895 -1.536201 -0.973800 -1.501147 -0.272558 -1.578261
    69 -0.000004 0.000000 10.000000 0.000000 0.000000 0.000000
    70 0.018894 0.665159 9.395880 0.000000 0.000000 0.000000
    71 2.000008 -3.000000 0.000000 -1.570796 0.000000 -1.326450
    72 3.028210 -0.923410 -2.009452 1.574082 -0.012974 1.587243
    73 0.116953 4.311607 0.061859 0.000010 0.000000 0.000000
    74 -0.000002 0.000000 0.000001 0.000000 0.000000 0.000000
    75 0.000000 1.000000 0.000010 0.000000 0.000000 0.000000
    76 -0.000002 0.000000 0.000000 0.000000 0.000000 0.000000
    77 -0.000002 0.000000 0.000000 0.000000 0.000000 0.000000
    78 -0.000002 0.000000 0.000000 0.000000 0.000000 0.000000
time 182
    0 -6.695313 -5.468750 26.296875 1.680703 0.006196 0.796014
    1 0.000000 4.246162 -0.018825 1.569878 -0.144832 1.568244
    2 4.195629 0.000000 0.000000 -0.001402 0.003704 -0.148967
    3 3.883152 0.000001 0.000000 -0.004436 0.023383 -0.047021
    4 5.985943 0.000002 0.000000 0.012125 0.039770 0.429643
    5 4.268658 1.531896 -1.575000 1.277172 1.071890 -0.601890
    6 5.782729 0.000000 0.000001 3.012848 -0.138949 0.788705
    7 11.452759 0.000001 0.000000 0.000000 0.000000 -0.627565
    8 4.268658 1.531894 1.575000 -1.836398 -0.801420 0.181587
    9 5.782726 0.000004 0.000001 3.131505 0.090042 0.688967
    10 11.452763 0.000001 0.000004 0.000000 0.000000 -0.380221
    11 10.945534 -0.000007 -0.000034 0.917210 -0.323908 0.097212
    12 10.945518 -0.000005 0.000015 -1.708256 -0.062685 0.401272
    13 -3.806942 0.000000 0.000000 -1.186324 -0.101722 -1.794707
    14 19.253841 0.000000 0.000000 0.000000 0.000000 0.025250
    15 6.694798 0.000000 0.000000 0.000000 0.000000 0.000000
    16 5.620499 0.000002 0.000000 2.820743 -0.084811 -0.228871
    17 4.684906 0.000002 0.000000 -0.243146 0.180686 1.128351
    18 19.263098 0.000000 0.000000 0.000000 0.000000 0.362040
    19 17.589096 0.000000 0.000000 0.071765 -0.250734 -0.755974
    20 6.240662 0.000000 0.000000 -0.112069 0.023836 -0.436408
    21 3.806942 0.000000 0.000000 -2.325373 -0.735522 -1.300084
    22 6.694801 0.000000 0.000000 0.000000 0.000000 0.000000
    23 19.253845 0.000000 0.000000 0.000000 0.000000 0.025253
    24 3.147137 0.005680 -1.551346 0.204908 0.143273 -0.954241
    25 1.585903 0.000000 0.000000 0.011390 0.016585 -0.964682
    26 0.849087 0.000002 0.000000 -0.054430 -0.175364 -0.012812
    27 3.471079 0.213264 -0.574066 0.197841 0.103922 -1.056897
    28 1.897533 -0.000002 0.000000 -0.051937 -0.088263 -1.080741
    29 1.014454 0.000002 0.000000 0.002346 0.009693 0.056304
    30 3.750082 0.114767 0.430058 0.187201 0.067923 -1.244533
    31 2.258186 0.000000 0.000000 -0.042022 -0.053930 -0.856641
    32 1.210384 0.000001 0.000000 0.001810 0.011981 0.157202
    33 3.868294 -0.166636 1.490141 0.180581 0.034246 -1.190451
    34 1.786068 0.000000 0.000000 0.051300 0.063943 -1.015925
    35 1.044434 -0.000002 0.000000 0.001325 0.038484 0.095729
    36 1.121473 -1.351564 1.030998 1.138475 -0.607693 0.231095
    37 1.928116 0.000000 0.000000 -0.090105 -0.188036 -0.457011
    38 1.285145 -0.000001 0.000000 -0.000005 -0.040574 -1.047036
    39 19.263105 0.000000 0.000000 0.000000 0.000000 0.858380
    40 17.589100 0.000000 0.000000 -0.641348 1.028776 -1.692768
    41 6.240662 0.000000 0.000000 0.020384 -0.027673 -0.982352
    42 5.884350 0.000000 0.000004 -0.126310 0.000000 0.000000
    43 11.768705 0.000000 0.000000 -0.238428 0.000000 0.000000
    44 11.679195 0.000000 0.000008 0.000000 0.000000 -0.161658
    45 3.147156 0.000065 1.551354 -0.201298 -0.143284 -0.649417
    46 1.585903 0.000000 0.000000 -0.011409 -0.016643 -1.331409
    47 0.849087 0.000000 0.000000 0.054379 0.175346 0.227690
    48 3.471100 0.211189 0.574833 -0.194213 -0.103888 -0.872699
    49 1.897533 0.000000 0.000000 0.051947 0.088323 -1.093272
    50 1.014446 0.000003 0.000000 -0.002359 -0.009725 0.111690
    51 3.750099 0.116322 -0.429641 -0.183614 -0.067994 -1.128857
    52 2.258183 0.000000 0.000000 0.042077 0.053977 -0.662652
    53 1.210392 0.000001 0.000000 -0.001842 -0.011976 0.162659
    54 3.868322 -0.161243 -1.490733 -0.177010 -0.034210 -1.024999
    55 1.786068 0.000002 0.000000 -0.051298 -0.063999 -0.749967
    56 1.044445 0.000000 0.000000 -0.001333 -0.038512 0.149883
    57 1.121502 -1.347836 -1.035880 -1.045302 0.582555 0.243500
    58 1.928122 0.000000 -0.000002 -0.000025 0.188108 -0.446082
    59 1.285141 0.000000 -0.000002 -0.000058 0.040588 -0.886387
    60 11.768703 0.000000 -0.000008 0.242666 0.000000 0.000000
    61 5.884356 0.000000 -0.000004 0.128617 0.000000 0.000000
    62 11.679195 0.000000 0.000000 0.000000 0.000000 -0.161657
    63 7.023272 -6.880002 4.339547 2.620672 -1.456011 -1.105365
    64 -11.828125 -20.531250 5.089844 2.678600 0.556736 1.536141
    65 0.000000 -0.000007 -0.000031 1.373047 0.113574 0.124314
    66 -0.000004 -0.000007 -0.000031 1.373047 0.113574 0.124314
    67 3.348999 -1.371000 0.725000 1.977842 -0.088017 1.557794
    68 2.856895 -1.536201 -0.973800 -1.501147 -0.272558 -1.578261
    69 -0.000004 0.000000 10.000000 0.000000 0.000000 0.000000
    70 0.018894 0.665159 9.395880 0.000000 0.000000 0.000000
    71 2.000008 -3.000000 0.000000 -1.570796 0.000000 -1.326450
    72 3.028210 -0.923410 -2.009452 1.574082 -0.012974 1.587243
    73 0.116953 4.311607 0.061859 0.000010 0.000000 0.000000
    74 -0.000002 0.000000 0.000001 0.000000 0.000000 0.000000
    75 0.000000 1.000000 0.000010 0.000000 0.000000 0.000000
    76 -0.000002 0.000000 0.000000 0.000000 0.000000 0.000000
    77 -0.000002 0.000000 0.000000 0.000000 0.000000 0.000000
    78 -0.000002 0.000000 0.000000 0.000000 0.000000 0.000000
time 183
    0 -6.500000 -5.234375 26.437500 1.689845 0.007796 0.783356
    1 0.000000 4.246162 -0.018825 1.569539 -0.144992 1.572457
    2 4.195629 0.000000 0.000000 -0.001707 0.006625 -0.149316
    3 3.883152 0.000001 0.000000 -0.005032 0.025524 -0.049193
    4 5.985943 0.000002 0.000000 0.012433 0.041917 0.426403
    5 4.268658 1.531896 -1.575000 1.278163 1.083971 -0.602184
    6 5.782729 0.000000 0.000001 3.018886 -0.143567 0.804979
    7 11.452759 0.000001 0.000000 0.000000 0.000000 -0.629017
    8 4.268658 1.531894 1.575000 -1.840252 -0.836252 0.188214
    9 5.782726 0.000004 0.000001 3.119125 0.093094 0.711190
    10 11.452763 0.000001 0.000004 0.000000 0.000000 -0.397730
    11 10.945534 -0.000007 -0.000034 0.924009 -0.335768 0.114918
    12 10.945518 -0.000005 0.000015 -1.710290 -0.062399 0.402279
    13 -3.806942 0.000000 0.000000 -1.166848 -0.098665 -1.801232
    14 19.253841 0.000000 0.000000 0.000000 0.000000 0.025250
    15 6.694798 0.000000 0.000000 0.000000 0.000000 0.000000
    16 5.620499 0.000002 0.000000 2.830765 -0.085968 -0.237044
    17 4.684906 0.000002 0.000000 -0.233830 0.178013 1.140215
    18 19.263098 0.000000 0.000000 0.000000 0.000000 0.390424
    19 17.589096 0.000000 0.000000 0.093479 -0.247382 -0.760328
    20 6.240662 0.000000 0.000000 -0.112039 0.023806 -0.435431
    21 3.806942 0.000000 0.000000 -2.323351 -0.716833 -1.323483
    22 6.694801 0.000000 0.000000 0.000000 0.000000 0.000000
    23 19.253845 0.000000 0.000000 0.000000 0.000000 0.025253
    24 3.147137 0.005680 -1.551346 0.204908 0.143273 -0.954241
    25 1.585903 0.000000 0.000000 0.011390 0.016585 -0.964682
    26 0.849087 0.000002 0.000000 -0.054430 -0.175364 -0.012812
    27 3.471079 0.213264 -0.574066 0.197841 0.103922 -1.056897
    28 1.897533 -0.000002 0.000000 -0.051937 -0.088263 -1.080741
    29 1.014454 0.000002 0.000000 0.002346 0.009693 0.056304
    30 3.750082 0.114767 0.430058 0.187201 0.067923 -1.244533
    31 2.258186 0.000000 0.000000 -0.042022 -0.053930 -0.856641
    32 1.210384 0.000001 0.000000 0.001810 0.011981 0.157202
    33 3.868294 -0.166636 1.490141 0.180581 0.034246 -1.190451
    34 1.786068 0.000000 0.000000 0.051300 0.063943 -1.015925
    35 1.044434 -0.000002 0.000000 0.001325 0.038484 0.095729
    36 1.121473 -1.351564 1.030998 1.138475 -0.607693 0.231095
    37 1.928116 0.000000 0.000000 -0.090105 -0.188036 -0.457011
    38 1.285145 -0.000001 0.000000 -0.000005 -0.040574 -1.047036
    39 19.263105 0.000000 0.000000 0.000000 0.000000 0.805435
    40 17.589100 0.000000 0.000000 -0.639944 1.032693 -1.692346
    41 6.240662 0.000000 0.000000 0.020434 -0.027651 -0.980493
    42 5.884350 0.000000 0.000004 -0.126310 0.000000 0.000000
    43 11.768705 0.000000 0.000000 -0.238428 0.000000 0.000000
    44 11.679195 0.000000 0.000008 0.000000 0.000000 -0.161658
    45 3.147156 0.000065 1.551354 -0.201298 -0.143284 -0.649417
    46 1.585903 0.000000 0.000000 -0.011409 -0.016643 -1.331409
    47 0.849087 0.000000 0.000000 0.054379 0.175346 0.227690
    48 3.471100 0.211189 0.574833 -0.194213 -0.103888 -0.872699
    49 1.897533 0.000000 0.000000 0.051947 0.088323 -1.093272
    50 1.014446 0.000003 0.000000 -0.002359 -0.009725 0.111690
    51 3.750099 0.116322 -0.429641 -0.183614 -0.067994 -1.128857
    52 2.258183 0.000000 0.000000 0.042077 0.053977 -0.662652
    53 1.210392 0.000001 0.000000 -0.001842 -0.011976 0.162659
    54 3.868322 -0.161243 -1.490733 -0.177010 -0.034210 -1.024999
    55 1.786068 0.000002 0.000000 -0.051298 -0.063999 -0.749967
    56 1.044445 0.000000 0.000000 -0.001333 -0.038512 0.149883
    57 1.121502 -1.347836 -1.035880 -1.045302 0.582555 0.243500
    58 1.928122 0.000000 -0.000002 -0.000025 0.188108 -0.446082
    59 1.285141 0.000000 -0.000002 -0.000058 0.040588 -0.886387
    60 11.768703 0.000000 -0.000008 0.242666 0.000000 0.000000
    61 5.884356 0.000000 -0.000004 0.128617 0.000000 0.000000
    62 11.679195 0.000000 0.000000 0.000000 0.000000 -0.161657
    63 7.023272 -6.880002 4.339547 2.620672 -1.456011 -1.105365
    64 -15.367188 -18.687500 7.316406 2.686139 0.540390 1.559166
    65 0.000000 -0.000007 -0.000031 1.373047 0.113574 0.124314
    66 -0.000004 -0.000007 -0.000031 1.373047 0.113574 0.124314
    67 3.348999 -1.371000 0.725000 1.977842 -0.088017 1.557794
    68 2.856895 -1.536201 -0.973800 -1.501147 -0.272558 -1.578261
    69 -0.000004 0.000000 10.000000 0.000000 0.000000 0.000000
    70 0.018894 0.665159 9.395880 0.000000 0.000000 0.000000
    71 2.000008 -3.000000 0.000000 -1.570796 0.000000 -1.326450
    72 3.028210 -0.923410 -2.009452 1.574082 -0.012974 1.587243
    73 0.116953 4.311607 0.061859 0.000010 0.000000 0.000000
    74 -0.000002 0.000000 0.000001 0.000000 0.000000 0.000000
    75 0.000000 1.000000 0.000010 0.000000 0.000000 0.000000
    76 -0.000002 0.000000 0.000000 0.000000 0.000000 0.000000
    77 -0.000002 0.000000 0.000000 0.000000 0.000000 0.000000
    78 -0.000002 0.000000 0.000000 0.000000 0.000000 0.000000
time 184
    0 -6.335938 -5.003906 26.593750 1.703676 0.006282 0.772269
    1 0.000000 4.246162 -0.018825 1.567473 -0.144496 1.575492
    2 4.195629 0.000000 0.000000 -0.003924 0.008449 -0.149934
    3 3.883152 0.000001 0.000000 -0.007405 0.025889 -0.051643
    4 5.985943 0.000002 0.000000 0.010151 0.042325 0.423089
    5 4.268658 1.531896 -1.575000 1.280747 1.098290 -0.601609
    6 5.782729 0.000000 0.000001 3.023630 -0.152024 0.821681
    7 11.452759 0.000001 0.000000 0.000000 0.000000 -0.625387
    8 4.268658 1.531894 1.575000 -1.836692 -0.871433 0.183766
    9 5.782726 0.000004 0.000001 3.097307 0.093489 0.734896
    10 11.452763 0.000001 0.000004 0.000000 0.000000 -0.414388
    11 10.945534 -0.000007 -0.000034 0.938332 -0.352421 0.136453
    12 10.945518 -0.000005 0.000015 -1.704207 -0.061756 0.398087
    13 -3.806942 0.000000 0.000000 -1.147087 -0.098812 -1.810090
    14 19.253841 0.000000 0.000000 0.000000 0.000000 0.025250
    15 6.694798 0.000000 0.000000 0.000000 0.000000 0.000000
    16 5.620499 0.000002 0.000000 2.837384 -0.085909 -0.248585
    17 4.684906 0.000002 0.000000 -0.228302 0.175736 1.153914
    18 19.263098 0.000000 0.000000 0.000000 0.000000 0.408832
    19 17.589096 0.000000 0.000000 0.108702 -0.241731 -0.764372
    20 6.240662 0.000000 0.000000 -0.112050 0.023832 -0.446508
    21 3.806942 0.000000 0.000000 -2.349955 -0.710369 -1.332059
    22 6.694801 0.000000 0.000000 0.000000 0.000000 0.000000
    23 19.253845 0.000000 0.000000 0.000000 0.000000 0.025253
    24 3.147137 0.005680 -1.551346 0.204908 0.143273 -0.954241
    25 1.585903 0.000000 0.000000 0.011390 0.016585 -0.964682
    26 0.849087 0.000002 0.000000 -0.054430 -0.175364 -0.012812
    27 3.471079 0.213264 -0.574066 0.197841 0.103922 -1.056897
    28 1.897533 -0.000002 0.000000 -0.051937 -0.088263 -1.080741
    29 1.014454 0.000002 0.000000 0.002346 0.009693 0.056304
    30 3.750082 0.114767 0.430058 0.187201 0.067923 -1.244533
    31 2.258186 0.000000 0.000000 -0.042022 -0.053930 -0.856641
    32 1.210384 0.000001 0.000000 0.001810 0.011981 0.157202
    33 3.868294 -0.166636 1.490141 0.180581 0.034246 -1.190451
    34 1.786068 0.000000 0.000000 0.051300 0.063943 -1.015925
    35 1.044434 -0.000002 0.000000 0.001325 0.038484 0.095729
    36 1.121473 -1.351564 1.030998 1.138475 -0.607693 0.231095
    37 1.928116 0.000000 0.000000 -0.090105 -0.188036 -0.457011
    38 1.285145 -0.000001 0.000000 -0.000005 -0.040574 -1.047036
    39 19.263105 0.000000 0.000000 0.000000 0.000000 0.771588
    40 17.589100 0.000000 0.000000 -0.645693 1.059651 -1.678703
    41 6.240662 0.000000 0.000000 0.020385 -0.027687 -0.976971
    42 5.884350 0.000000 0.000004 -0.126310 0.000000 0.000000
    43 11.768705 0.000000 0.000000 -0.238428 0.000000 0.000000
    44 11.679195 0.000000 0.000008 0.000000 0.000000 -0.161658
    45 3.147156 0.000065 1.551354 -0.201298 -0.143284 -0.649417
    46 1.585903 0.000000 0.000000 -0.011409 -0.016643 -1.331409
    47 0.849087 0.000000 0.000000 0.054379 0.175346 0.227690
    48 3.471100 0.211189 0.574833 -0.194213 -0.103888 -0.872699
    49 1.897533 0.000000 0.000000 0.051947 0.088323 -1.093272
    50 1.014446 0.000003 0.000000 -0.002359 -0.009725 0.111690
    51 3.750099 0.116322 -0.429641 -0.183614 -0.067994 -1.128857
    52 2.258183 0.000000 0.000000 0.042077 0.053977 -0.662652
    53 1.210392 0.000001 0.000000 -0.001842 -0.011976 0.162659
    54 3.868322 -0.161243 -1.490733 -0.177010 -0.034210 -1.024999
    55 1.786068 0.000002 0.000000 -0.051298 -0.063999 -0.749967
    56 1.044445 0.000000 0.000000 -0.001333 -0.038512 0.149883
    57 1.121502 -1.347836 -1.035880 -1.045302 0.582555 0.243500
    58 1.928122 0.000000 -0.000002 -0.000025 0.188108 -0.446082
    59 1.285141 0.000000 -0.000002 -0.000058 0.040588 -0.886387
    60 11.768703 0.000000 -0.000008 0.242666 0.000000 0.000000
    61 5.884356 0.000000 -0.000004 0.128617 0.000000 0.000000
    62 11.679195 0.000000 0.000000 0.000000 0.000000 -0.161657
    63 7.023272 -6.880002 4.339547 2.620672 -1.456011 -1.105365
    64 -20.203125 -12.289063 7.726563 2.697852 0.513148 1.584160
    65 0.000000 -0.000007 -0.000031 1.373047 0.113574 0.124314
    66 -0.000004 -0.000007 -0.000031 1.373047 0.113574 0.124314
    67 3.348999 -1.371000 0.725000 1.977842 -0.088017 1.557794
    68 2.856895 -1.536201 -0.973800 -1.501147 -0.272558 -1.578261
    69 -0.000004 0.000000 10.000000 0.000000 0.000000 0.000000
    70 0.018894 0.665159 9.395880 0.000000 0.000000 0.000000
    71 2.000008 -3.000000 0.000000 -1.570796 0.000000 -1.326450
    72 3.028210 -0.923410 -2.009452 1.574082 -0.012974 1.587243
    73 0.116953 4.311607 0.061859 0.000010 0.000000 0.000000
    74 -0.000002 0.000000 0.000001 0.000000 0.000000 0.000000
    75 0.000000 1.000000 0.000010 0.000000 0.000000 0.000000
    76 -0.000002 0.000000 0.000000 0.000000 0.000000 0.000000
    77 -0.000002 0.000000 0.000000 0.000000 0.000000 0.000000
    78 -0.000002 0.000000 0.000000 0.000000 0.000000 0.000000
time 185
    0 -6.160156 -4.777344 26.718750 1.718161 0.003593 0.759382
    1 0.000000 4.246162 -0.018825 1.565657 -0.143748 1.578519
    2 4.195629 0.000000 0.000000 -0.005945 0.009940 -0.150814
    3 3.883152 0.000001 0.000000 -0.009405 0.025309 -0.053911
    4 5.985943 0.000002 0.000000 0.007632 0.041185 0.420021
    5 4.268658 1.531896 -1.575000 1.282966 1.107406 -0.599032
    6 5.782729 0.000000 0.000001 3.025461 -0.162979 0.829313
    7 11.452759 0.000001 0.000000 0.000000 0.000000 -0.625478
    8 4.268658 1.531894 1.575000 -1.840132 -0.895318 0.183398
    9 5.782726 0.000004 0.000001 3.081020 0.097893 0.747426
    10 11.452763 0.000001 0.000004 0.000000 0.000000 -0.433019
    11 10.945534 -0.000007 -0.000034 0.955717 -0.367789 0.158661
    12 10.945518 -0.000005 0.000015 -1.690181 -0.059630 0.392221
    13 -3.806942 0.000000 0.000000 -1.138748 -0.099457 -1.818482
    14 19.253841 0.000000 0.000000 0.000000 0.000000 0.025250
    15 6.694798 0.000000 0.000000 0.000000 0.000000 0.000000
    16 5.620499 0.000002 0.000000 2.836853 -0.088499 -0.253921
    17 4.684906 0.000002 0.000000 -0.227514 0.177560 1.163370
    18 19.263098 0.000000 0.000000 0.000000 0.000000 0.420830
    19 17.589096 0.000000 0.000000 0.127817 -0.226763 -0.778128
    20 6.240662 0.000000 0.000000 -0.112076 0.023860 -0.450855
    21 3.806942 0.000000 0.000000 -2.381020 -0.709759 -1.334397
    22 6.694801 0.000000 0.000000 0.000000 0.000000 0.000000
    23 19.253845 0.000000 0.000000 0.000000 0.000000 0.025253
    24 3.147137 0.005680 -1.551346 0.204908 0.143273 -0.954241
    25 1.585903 0.000000 0.000000 0.011390 0.016585 -0.964682
    26 0.849087 0.000002 0.000000 -0.054430 -0.175364 -0.012812
    27 3.471079 0.213264 -0.574066 0.197841 0.103922 -1.056897
    28 1.897533 -0.000002 0.000000 -0.051937 -0.088263 -1.080741
    29 1.014454 0.000002 0.000000 0.002346 0.009693 0.056304
    30 3.750082 0.114767 0.430058 0.187201 0.067923 -1.244533
    31 2.258186 0.000000 0.000000 -0.042022 -0.053930 -0.856641
    32 1.210384 0.000001 0.000000 0.001810 0.011981 0.157202
    33 3.868294 -0.166636 1.490141 0.180581 0.034246 -1.190451
    34 1.786068 0.000000 0.000000 0.051300 0.063943 -1.015925
    35 1.044434 -0.000002 0.000000 0.001325 0.038484 0.095729
    36 1.121473 -1.351564 1.030998 1.138475 -0.607693 0.231095
    37 1.928116 0.000000 0.000000 -0.090105 -0.188036 -0.457011
    38 1.285145 -0.000001 0.000000 -0.000005 -0.040574 -1.047036
    39 19.263105 0.000000 0.000000 0.000000 0.000000 0.744270
    40 17.589100 0.000000 0.000000 -0.646579 1.107375 -1.652276
    41 6.240662 0.000000 0.000000 0.020430 -0.027670 -0.974724
    42 5.884350 0.000000 0.000004 -0.126310 0.000000 0.000000
    43 11.768705 0.000000 0.000000 -0.238428 0.000000 0.000000
    44 11.679195 0.000000 0.000008 0.000000 0.000000 -0.161658
    45 3.147156 0.000065 1.551354 -0.201298 -0.143284 -0.649417
    46 1.585903 0.000000 0.000000 -0.011409 -0.016643 -1.331409
    47 0.849087 0.000000 0.000000 0.054379 0.175346 0.227690
    48 3.471100 0.211189 0.574833 -0.194213 -0.103888 -0.872699
    49 1.897533 0.000000 0.000000 0.051947 0.088323 -1.093272
    50 1.014446 0.000003 0.000000 -0.002359 -0.009725 0.111690
    51 3.750099 0.116322 -0.429641 -0.183614 -0.067994 -1.128857
    52 2.258183 0.000000 0.000000 0.042077 0.053977 -0.662652
    53 1.210392 0.000001 0.000000 -0.001842 -0.011976 0.162659
    54 3.868322 -0.161243 -1.490733 -0.177010 -0.034210 -1.024999
    55 1.786068 0.000002 0.000000 -0.051298 -0.063999 -0.749967
    56 1.044445 0.000000 0.000000 -0.001333 -0.038512 0.149883
    57 1.121502 -1.347836 -1.035880 -1.045302 0.582555 0.243500
    58 1.928122 0.000000 -0.000002 -0.000025 0.188108 -0.446082
    59 1.285141 0.000000 -0.000002 -0.000058 0.040588 -0.886387
    60 11.768703 0.000000 -0.000008 0.242666 0.000000 0.000000
    61 5.884356 0.000000 -0.000004 0.128617 0.000000 0.000000
    62 11.679195 0.000000 0.000000 0.000000 0.000000 -0.161657
    63 7.023272 -6.880002 4.339547 2.620672 -1.456011 -1.105365
    64 -21.718750 -5.695313 4.238281 2.711569 0.484780 1.609327
    65 0.000000 -0.000007 -0.000031 1.373047 0.113574 0.124314
    66 -0.000004 -0.000007 -0.000031 1.373047 0.113574 0.124314
    67 3.348999 -1.371000 0.725000 1.977842 -0.088017 1.557794
    68 2.856895 -1.536201 -0.973800 -1.501147 -0.272558 -1.578261
    69 -0.000004 0.000000 10.000000 0.000000 0.000000 0.000000
    70 0.018894 0.665159 9.395880 0.000000 0.000000 0.000000
    71 2.000008 -3.000000 0.000000 -1.570796 0.000000 -1.326450
    72 3.028210 -0.923410 -2.009452 1.574082 -0.012974 1.587243
    73 0.116953 4.311607 0.061859 0.000010 0.000000 0.000000
    74 -0.000002 0.000000 0.000001 0.000000 0.000000 0.000000
    75 0.000000 1.000000 0.000010 0.000000 0.000000 0.000000
    76 -0.000002 0.000000 0.000000 0.000000 0.000000 0.000000
    77 -0.000002 0.000000 0.000000 0.000000 0.000000 0.000000
    78 -0.000002 0.000000 0.000000 0.000000 0.000000 0.000000
time 186
    0 -5.968750 -4.554688 26.796875 1.729864 0.003071 0.743017
    1 0.000000 4.246162 -0.018825 1.564462 -0.144266 1.583992
    2 4.195629 0.000000 0.000000 -0.007364 0.012690 -0.150659
    3 3.883152 0.000001 0.000000 -0.010404 0.023551 -0.054778
    4 5.985943 0.000002 0.000000 0.004999 0.037683 0.418353
    5 4.268658 1.531896 -1.575000 1.282976 1.111285 -0.600074
    6 5.782729 0.000000 0.000001 3.041239 -0.169389 0.829437
    7 11.452759 0.000001 0.000000 0.000000 0.000000 -0.629017
    8 4.268658 1.531894 1.575000 -1.841589 -0.909817 0.177278
    9 5.782726 0.000004 0.000001 3.080058 0.106856 0.751851
    10 11.452763 0.000001 0.000004 0.000000 0.000000 -0.448412
    11 10.945534 -0.000007 -0.000034 0.969039 -0.378344 0.181832
    12 10.945518 -0.000005 0.000015 -1.686306 -0.057499 0.390304
    13 -3.806942 0.000000 0.000000 -1.148160 -0.100388 -1.823607
    14 19.253841 0.000000 0.000000 0.000000 0.000000 0.025250
    15 6.694798 0.000000 0.000000 0.000000 0.000000 0.000000
    16 5.620499 0.000002 0.000000 2.833627 -0.090281 -0.257370
    17 4.684906 0.000002 0.000000 -0.229417 0.179823 1.169742
    18 19.263098 0.000000 0.000000 0.000000 0.000000 0.428954
    19 17.589096 0.000000 0.000000 0.143469 -0.207388 -0.799134
    20 6.240662 0.000000 0.000000 -0.112098 0.023844 -0.441103
    21 3.806942 0.000000 0.000000 -2.398979 -0.710931 -1.334647
    22 6.694801 0.000000 0.000000 0.000000 0.000000 0.000000
    23 19.253845 0.000000 0.000000 0.000000 0.000000 0.025253
    24 3.147137 0.005680 -1.551346 0.204908 0.143273 -0.954241
    25 1.585903 0.000000 0.000000 0.011390 0.016585 -0.964682
    26 0.849087 0.000002 0.000000 -0.054430 -0.175364 -0.012812
    27 3.471079 0.213264 -0.574066 0.197841 0.103922 -1.056897
    28 1.897533 -0.000002 0.000000 -0.051937 -0.088263 -1.080741
    29 1.014454 0.000002 0.000000 0.002346 0.009693 0.056304
    30 3.750082 0.114767 0.430058 0.187201 0.067923 -1.244533
    31 2.258186 0.000000 0.000000 -0.042022 -0.053930 -0.856641
    32 1.210384 0.000001 0.000000 0.001810 0.011981 0.157202
    33 3.868294 -0.166636 1.490141 0.180581 0.034246 -1.190451
    34 1.786068 0.000000 0.000000 0.051300 0.063943 -1.015925
    35 1.044434 -0.000002 0.000000 0.001325 0.038484 0.095729
    36 1.121473 -1.351564 1.030998 1.138475 -0.607693 0.231095
    37 1.928116 0.000000 0.000000 -0.090105 -0.188036 -0.457011
    38 1.285145 -0.000001 0.000000 -0.000005 -0.040574 -1.047036
    39 19.263105 0.000000 0.000000 0.000000 0.000000 0.715898
    40 17.589100 0.000000 0.000000 -0.633212 1.158875 -1.617672
    41 6.240662 0.000000 0.000000 0.020423 -0.027691 -0.968671
    42 5.884350 0.000000 0.000004 -0.126310 0.000000 0.000000
    43 11.768705 0.000000 0.000000 -0.238428 0.000000 0.000000
    44 11.679195 0.000000 0.000008 0.000000 0.000000 -0.161658
    45 3.147156 0.000065 1.551354 -0.201298 -0.143284 -0.649417
    46 1.585903 0.000000 0.000000 -0.011409 -0.016643 -1.331409
    47 0.849087 0.000000 0.000000 0.054379 0.175346 0.227690
    48 3.471100 0.211189 0.574833 -0.194213 -0.103888 -0.872699
    49 1.897533 0.000000 0.000000 0.051947 0.088323 -1.093272
    50 1.014446 0.000003 0.000000 -0.002359 -0.009725 0.111690
    51 3.750099 0.116322 -0.429641 -0.183614 -0.067994 -1.128857
    52 2.258183 0.000000 0.000000 0.042077 0.053977 -0.662652
    53 1.210392 0.000001 0.000000 -0.001842 -0.011976 0.162659
    54 3.868322 -0.161243 -1.490733 -0.177010 -0.034210 -1.024999
    55 1.786068 0.000002 0.000000 -0.051298 -0.063999 -0.749967
    56 1.044445 0.000000 0.000000 -0.001333 -0.038512 0.149883
    57 1.121502 -1.347836 -1.035880 -1.045302 0.582555 0.243500
    58 1.928122 0.000000 -0.000002 -0.000025 0.188108 -0.446082
    59 1.285141 0.000000 -0.000002 -0.000058 0.040588 -0.886387
    60 11.768703 0.000000 -0.000008 0.242666 0.000000 0.000000
    61 5.884356 0.000000 -0.000004 0.128617 0.000000 0.000000
    62 11.679195 0.000000 0.000000 0.000000 0.000000 -0.161657
    63 7.023272 -6.880002 4.339547 2.620672 -1.456011 -1.105365
    64 -17.812500 -6.593750 -2.107422 2.723466 0.470449 1.630550
    65 0.000000 -0.000007 -0.000031 1.373047 0.113574 0.124314
    66 -0.000004 -0.000007 -0.000031 1.373047 0.113574 0.124314
    67 3.348999 -1.371000 0.725000 1.977842 -0.088017 1.557794
    68 2.856895 -1.536201 -0.973800 -1.501147 -0.272558 -1.578261
    69 -0.000004 0.000000 10.000000 0.000000 0.000000 0.000000
    70 0.018894 0.665159 9.395880 0.000000 0.000000 0.000000
    71 2.000008 -3.000000 0.000000 -1.570796 0.000000 -1.326450
    72 3.028210 -0.923410 -2.009452 1.574082 -0.012974 1.587243
    73 0.116953 4.311607 0.061859 0.000010 0.000000 0.000000
    74 -0.000002 0.000000 0.000001 0.000000 0.000000 0.000000
    75 0.000000 1.000000 0.000010 0.000000 0.000000 0.000000
    76 -0.000002 0.000000 0.000000 0.000000 0.000000 0.000000
    77 -0.000002 0.000000 0.000000 0.000000 0.000000 0.000000
    78 -0.000002 0.000000 0.000000 0.000000 0.000000 0.000000
time 187
    0 -5.769531 -4.296875 26.859375 1.738540 0.003852 0.722732
    1 0.000000 4.246162 -0.018825 1.564750 -0.148561 1.590459
    2 4.195629 0.000000 0.000000 -0.007343 0.016074 -0.148596
    3 3.883152 0.000001 0.000000 -0.010120 0.021997 -0.056321
    4 5.985943 0.000002 0.000000 0.003650 0.033726 0.414422
    5 4.268658 1.531896 -1.575000 1.279519 1.105840 -0.603917
    6 5.782729 0.000000 0.000001 3.051623 -0.175361 0.827889
    7 11.452759 0.000001 0.000000 0.000000 0.000000 -0.616955
    8 4.268658 1.531894 1.575000 -1.829939 -0.922406 0.157314
    9 5.782726 0.000004 0.000001 3.084949 0.113907 0.751359
    10 11.452763 0.000001 0.000004 0.000000 0.000000 -0.461083
    11 10.945534 -0.000007 -0.000034 0.977646 -0.384970 0.205144
    12 10.945518 -0.000005 0.000015 -1.671777 -0.056166 0.375211
    13 -3.806942 0.000000 0.000000 -1.171933 -0.102895 -1.827074
    14 19.253841 0.000000 0.000000 0.000000 0.000000 0.025250
    15 6.694798 0.000000 0.000000 0.000000 0.000000 0.000000
    16 5.620499 0.000002 0.000000 2.831796 -0.087885 -0.259538
    17 4.684906 0.000002 0.000000 -0.232466 0.179829 1.170017
    18 19.263098 0.000000 0.000000 0.000000 0.000000 0.431870
    19 17.589096 0.000000 0.000000 0.143713 -0.188202 -0.815649
    20 6.240662 0.000000 0.000000 -0.112041 0.023868 -0.427646
    21 3.806942 0.000000 0.000000 -2.383165 -0.717891 -1.341859
    22 6.694801 0.000000 0.000000 0.000000 0.000000 0.000000
    23 19.253845 0.000000 0.000000 0.000000 0.000000 0.025253
    24 3.147137 0.005680 -1.551346 0.204908 0.143273 -0.954241
    25 1.585903 0.000000 0.000000 0.011390 0.016585 -0.964682
    26 0.849087 0.000002 0.000000 -0.054430 -0.175364 -0.012812
    27 3.471079 0.213264 -0.574066 0.197841 0.103922 -1.056897
    28 1.897533 -0.000002 0.000000 -0.051937 -0.088263 -1.080741
    29 1.014454 0.000002 0.000000 0.002346 0.009693 0.056304
    30 3.750082 0.114767 0.430058 0.187201 0.067923 -1.244533
    31 2.258186 0.000000 0.000000 -0.042022 -0.053930 -0.856641
    32 1.210384 0.000001 0.000000 0.001810 0.011981 0.157202
    33 3.868294 -0.166636 1.490141 0.180581 0.034246 -1.190451
    34 1.786068 0.000000 0.000000 0.051300 0.063943 -1.015925
    35 1.044434 -0.000002 0.000000 0.001325 0.038484 0.095729
    36 1.121473 -1.351564 1.030998 1.138475 -0.607693 0.231095
    37 1.928116 0.000000 0.000000 -0.090105 -0.188036 -0.457011
    38 1.285145 -0.000001 0.000000 -0.000005 -0.040574 -1.047036
    39 19.263105 0.000000 0.000000 0.000000 0.000000 0.685109
    40 17.589100 0.000000 0.000000 -0.587055 1.199952 -1.565612
    41 6.240662 0.000000 0.000000 0.020392 -0.027682 -0.977460
    42 5.884350 0.000000 0.000004 -0.126310 0.000000 0.000000
    43 11.768705 0.000000 0.000000 -0.238428 0.000000 0.000000
    44 11.679195 0.000000 0.000008 0.000000 0.000000 -0.161658
    45 3.147156 0.000065 1.551354 -0.201298 -0.143284 -0.649417
    46 1.585903 0.000000 0.000000 -0.011409 -0.016643 -1.331409
    47 0.849087 0.000000 0.000000 0.054379 0.175346 0.227690
    48 3.471100 0.211189 0.574833 -0.194213 -0.103888 -0.872699
    49 1.897533 0.000000 0.000000 0.051947 0.088323 -1.093272
    50 1.014446 0.000003 0.000000 -0.002359 -0.009725 0.111690
    51 3.750099 0.116322 -0.429641 -0.183614 -0.067994 -1.128857
    52 2.258183 0.000000 0.000000 0.042077 0.053977 -0.662652
    53 1.210392 0.000001 0.000000 -0.001842 -0.011976 0.162659
    54 3.868322 -0.161243 -1.490733 -0.177010 -0.034210 -1.024999
    55 1.786068 0.000002 0.000000 -0.051298 -0.063999 -0.749967
    56 1.044445 0.000000 0.000000 -0.001333 -0.038512 0.149883
    57 1.121502 -1.347836 -1.035880 -1.045302 0.582555 0.243500
    58 1.928122 0.000000 -0.000002 -0.000025 0.188108 -0.446082
    59 1.285141 0.000000 -0.000002 -0.000058 0.040588 -0.886387
    60 11.768703 0.000000 -0.000008 0.242666 0.000000 0.000000
    61 5.884356 0.000000 -0.000004 0.128617 0.000000 0.000000
    62 11.679195 0.000000 0.000000 0.000000 0.000000 -0.161657
    63 7.023272 -6.880002 4.339547 2.620672 -1.456011 -1.105365
    64 -12.695313 -16.828125 -4.671875 2.731370 0.469976 1.647904
    65 0.000000 -0.000007 -0.000031 1.373047 0.113574 0.124314
    66 -0.000004 -0.000007 -0.000031 1.373047 0.113574 0.124314
    67 3.348999 -1.371000 0.725000 1.977842 -0.088017 1.557794
    68 2.856895 -1.536201 -0.973800 -1.501147 -0.272558 -1.578261
    69 -0.000004 0.000000 10.000000 0.000000 0.000000 0.000000
    70 0.018894 0.665159 9.395880 0.000000 0.000000 0.000000
    71 2.000008 -3.000000 0.000000 -1.570796 0.000000 -1.326450
    72 3.028210 -0.923410 -2.009452 1.574082 -0.012974 1.587243
    73 0.116953 4.311607 0.061859 0.000010 0.000000 0.000000
    74 -0.000002 0.000000 0.000001 0.000000 0.000000 0.000000
    75 0.000000 1.000000 0.000010 0.000000 0.000000 0.000000
    76 -0.000002 0.000000 0.000000 0.000000 0.000000 0.000000
    77 -0.000002 0.000000 0.000000 0.000000 0.000000 0.000000
    78 -0.000002 0.000000 0.000000 0.000000 0.000000 0.000000
time 188
    0 -5.539063 -4.054688 26.906250 1.745111 0.005659 0.697089
    1 0.000000 4.246162 -0.018825 1.566073 -0.151733 1.595876
    2 4.195629 0.000000 0.000000 -0.006248 0.019016 -0.147039
    3 3.883152 0.000001 0.000000 -0.008784 0.020304 -0.057076
    4 5.985943 0.000002 0.000000 0.003326 0.029026 0.411659
    5 4.268658 1.531896 -1.575000 1.285886 1.102629 -0.592799
    6 5.782729 0.000000 0.000001 3.063883 -0.182320 0.825145
    7 11.452759 0.000001 0.000000 0.000000 0.000000 -0.605278
    8 4.268658 1.531894 1.575000 -1.820801 -0.937208 0.139778
    9 5.782726 0.000004 0.000001 3.097317 0.119762 0.760794
    10 11.452763 0.000001 0.000004 0.000000 0.000000 -0.463389
    11 10.945534 -0.000007 -0.000034 0.986551 -0.385324 0.222794
    12 10.945518 -0.000005 0.000015 -1.663765 -0.052864 0.360755
    13 -3.806942 0.000000 0.000000 -1.201521 -0.104835 -1.828474
    14 19.253841 0.000000 0.000000 0.000000 0.000000 0.025250
    15 6.694798 0.000000 0.000000 0.000000 0.000000 0.000000
    16 5.620499 0.000002 0.000000 2.833386 -0.081199 -0.252726
    17 4.684906 0.000002 0.000000 -0.234443 0.174836 1.163025
    18 19.263098 0.000000 0.000000 0.000000 0.000000 0.426569
    19 17.589096 0.000000 0.000000 0.131336 -0.173893 -0.823951
    20 6.240662 0.000000 0.000000 -0.112016 0.023854 -0.423045
    21 3.806942 0.000000 0.000000 -2.346350 -0.726044 -1.353857
    22 6.694801 0.000000 0.000000 0.000000 0.000000 0.000000
    23 19.253845 0.000000 0.000000 0.000000 0.000000 0.025253
    24 3.147137 0.005680 -1.551346 0.204908 0.143273 -0.954241
    25 1.585903 0.000000 0.000000 0.011390 0.016585 -0.964682
    26 0.849087 0.000002 0.000000 -0.054430 -0.175364 -0.012812
    27 3.471079 0.213264 -0.574066 0.197841 0.103922 -1.056897
    28 1.897533 -0.000002 0.000000 -0.051937 -0.088263 -1.080741
    29 1.014454 0.000002 0.000000 0.002346 0.009693 0.056304
    30 3.750082 0.114767 0.430058 0.187201 0.067923 -1.244533
    31 2.258186 0.000000 0.000000 -0.042022 -0.053930 -0.856641
    32 1.210384 0.000001 0.000000 0.001810 0.011981 0.157202
    33 3.868294 -0.166636 1.490141 0.180581 0.034246 -1.190451
    34 1.786068 0.000000 0.000000 0.051300 0.063943 -1.015925
    35 1.044434 -0.000002 0.000000 0.001325 0.038484 0.095729
    36 1.121473 -1.351564 1.030998 1.138475 -0.607693 0.231095
    37 1.928116 0.000000 0.000000 -0.090105 -0.188036 -0.457011
    38 1.285145 -0.000001 0.000000 -0.000005 -0.040574 -1.047036
    39 19.263105 0.000000 0.000000 0.000000 0.000000 0.655400
    40 17.589100 0.000000 0.000000 -0.504122 1.227321 -1.496783
    41 6.240662 0.000000 0.000000 0.020429 -0.027701 -0.999133
    42 5.884350 0.000000 0.000004 -0.126310 0.000000 0.000000
    43 11.768705 0.000000 0.000000 -0.238428 0.000000 0.000000
    44 11.679195 0.000000 0.000008 0.000000 0.000000 -0.161658
    45 3.147156 0.000065 1.551354 -0.201298 -0.143284 -0.649417
    46 1.585903 0.000000 0.000000 -0.011409 -0.016643 -1.331409
    47 0.849087 0.000000 0.000000 0.054379 0.175346 0.227690
    48 3.471100 0.211189 0.574833 -0.194213 -0.103888 -0.872699
    49 1.897533 0.000000 0.000000 0.051947 0.088323 -1.093272
    50 1.014446 0.000003 0.000000 -0.002359 -0.009725 0.111690
    51 3.750099 0.116322 -0.429641 -0.183614 -0.067994 -1.128857
    52 2.258183 0.000000 0.000000 0.042077 0.053977 -0.662652
    53 1.210392 0.000001 0.000000 -0.001842 -0.011976 0.162659
    54 3.868322 -0.161243 -1.490733 -0.177010 -0.034210 -1.024999
    55 1.786068 0.000002 0.000000 -0.051298 -0.063999 -0.749967
    56 1.044445 0.000000 0.000000 -0.001333 -0.038512 0.149883
    57 1.121502 -1.347836 -1.035880 -1.045302 0.582555 0.243500
    58 1.928122 0.000000 -0.000002 -0.000025 0.188108 -0.446082
    59 1.285141 0.000000 -0.000002 -0.000058 0.040588 -0.886387
    60 11.768703 0.000000 -0.000008 0.242666 0.000000 0.000000
    61 5.884356 0.000000 -0.000004 0.128617 0.000000 0.000000
    62 11.679195 0.000000 0.000000 0.000000 0.000000 -0.161657
    63 7.023272 -6.880002 4.339547 2.620672 -1.456011 -1.105365
    64 -15.281250 -21.265625 3.138672 2.737550 0.472844 1.660230
    65 0.000000 -0.000007 -0.000031 1.373047 0.113574 0.124314
    66 -0.000004 -0.000007 -0.000031 1.373047 0.113574 0.124314
    67 3.348999 -1.371000 0.725000 1.977842 -0.088017 1.557794
    68 2.856895 -1.536201 -0.973800 -1.501147 -0.272558 -1.578261
    69 -0.000004 0.000000 10.000000 0.000000 0.000000 0.000000
    70 0.018894 0.665159 9.395880 0.000000 0.000000 0.000000
    71 2.000008 -3.000000 0.000000 -1.570796 0.000000 -1.326450
    72 3.028210 -0.923410 -2.009452 1.574082 -0.012974 1.587243
    73 0.116953 4.311607 0.061859 0.000010 0.000000 0.000000
    74 -0.000002 0.000000 0.000001 0.000000 0.000000 0.000000
    75 0.000000 1.000000 0.000010 0.000000 0.000000 0.000000
    76 -0.000002 0.000000 0.000000 0.000000 0.000000 0.000000
    77 -0.000002 0.000000 0.000000 0.000000 0.000000 0.000000
    78 -0.000002 0.000000 0.000000 0.000000 0.000000 0.000000
time 189
    0 -5.265625 -3.886719 26.921875 1.747962 0.007333 0.664054
    1 0.000000 4.246162 -0.018825 1.567986 -0.153903 1.597883
    2 4.195629 0.000000 0.000000 -0.004333 0.020198 -0.145899
    3 3.883152 0.000001 0.000000 -0.006615 0.019760 -0.057569
    4 5.985943 0.000002 0.000000 0.004574 0.026648 0.410254
    5 4.268658 1.531896 -1.575000 1.301498 1.097150 -0.568823
    6 5.782729 0.000000 0.000001 3.066460 -0.192242 0.820541
    7 11.452759 0.000001 0.000000 0.000000 0.000000 -0.590373
    8 4.268658 1.531894 1.575000 -1.818250 -0.959117 0.129308
    9 5.782726 0.000004 0.000001 3.118530 0.124574 0.783470
    10 11.452763 0.000001 0.000004 0.000000 0.000000 -0.453904
    11 10.945534 -0.000007 -0.000034 0.995221 -0.379801 0.233800
    12 10.945518 -0.000005 0.000015 -1.646955 -0.051316 0.340323
    13 -3.806942 0.000000 0.000000 -1.230254 -0.102520 -1.828436
    14 19.253841 0.000000 0.000000 0.000000 0.000000 0.025250
    15 6.694798 0.000000 0.000000 0.000000 0.000000 0.000000
    16 5.620499 0.000002 0.000000 2.835677 -0.075150 -0.239839
    17 4.684906 0.000002 0.000000 -0.234895 0.167666 1.150357
    18 19.263098 0.000000 0.000000 0.000000 0.000000 0.410596
    19 17.589096 0.000000 0.000000 0.103244 -0.174091 -0.823831
    20 6.240662 0.000000 0.000000 -0.112074 0.023847 -0.432867
    21 3.806942 0.000000 0.000000 -2.305606 -0.725763 -1.369061
    22 6.694801 0.000000 0.000000 0.000000 0.000000 0.000000
    23 19.253845 0.000000 0.000000 0.000000 0.000000 0.025253
    24 3.147137 0.005680 -1.551346 0.204908 0.143273 -0.954241
    25 1.585903 0.000000 0.000000 0.011390 0.016585 -0.964682
    26 0.849087 0.000002 0.000000 -0.054430 -0.175364 -0.012812
    27 3.471079 0.213264 -0.574066 0.197841 0.103922 -1.056897
    28 1.897533 -0.000002 0.000000 -0.051937 -0.088263 -1.080741
    29 1.014454 0.000002 0.000000 0.002346 0.009693 0.056304
    30 3.750082 0.114767 0.430058 0.187201 0.067923 -1.244533
    31 2.258186 0.000000 0.000000 -0.042022 -0.053930 -0.856641
    32 1.210384 0.000001 0.000000 0.001810 0.011981 0.157202
    33 3.868294 -0.166636 1.490141 0.180581 0.034246 -1.190451
    34 1.786068 0.000000 0.000000 0.051300 0.063943 -1.015925
    35 1.044434 -0.000002 0.000000 0.001325 0.038484 0.095729
    36 1.121473 -1.351564 1.030998 1.138475 -0.607693 0.231095
    37 1.928116 0.000000 0.000000 -0.090105 -0.188036 -0.457011
    38 1.285145 -0.000001 0.000000 -0.000005 -0.040574 -1.047036
    39 19.263105 0.000000 0.000000 0.000000 0.000000 0.625478
    40 17.589100 0.000000 0.000000 -0.433580 1.238319 -1.448096
    41 6.240662 0.000000 0.000000 0.020394 -0.027698 -1.007502
    42 5.884350 0.000000 0.000004 -0.126310 0.000000 0.000000
    43 11.768705 0.000000 0.000000 -0.238428 0.000000 0.000000
    44 11.679195 0.000000 0.000008 0.000000 0.000000 -0.161658
    45 3.147156 0.000065 1.551354 -0.201298 -0.143284 -0.649417
    46 1.585903 0.000000 0.000000 -0.011409 -0.016643 -1.331409
    47 0.849087 0.000000 0.000000 0.054379 0.175346 0.227690
    48 3.471100 0.211189 0.574833 -0.194213 -0.103888 -0.872699
    49 1.897533 0.000000 0.000000 0.051947 0.088323 -1.093272
    50 1.014446 0.000003 0.000000 -0.002359 -0.009725 0.111690
    51 3.750099 0.116322 -0.429641 -0.183614 -0.067994 -1.128857
    52 2.258183 0.000000 0.000000 0.042077 0.053977 -0.662652
    53 1.210392 0.000001 0.000000 -0.001842 -0.011976 0.162659
    54 3.868322 -0.161243 -1.490733 -0.177010 -0.034210 -1.024999
    55 1.786068 0.000002 0.000000 -0.051298 -0.063999 -0.749967
    56 1.044445 0.000000 0.000000 -0.001333 -0.038512 0.149883
    57 1.121502 -1.347836 -1.035880 -1.045302 0.582555 0.243500
    58 1.928122 0.000000 -0.000002 -0.000025 0.188108 -0.446082
    59 1.285141 0.000000 -0.000002 -0.000058 0.040588 -0.886387
    60 11.768703 0.000000 -0.000008 0.242666 0.000000 0.000000
    61 5.884356 0.000000 -0.000004 0.128617 0.000000 0.000000
    62 11.679195 0.000000 0.000000 0.000000 0.000000 -0.161657
    63 7.023272 -6.880002 4.339547 2.620672 -1.456011 -1.105365
    64 -17.062500 -10.726563 10.796875 2.744050 0.477555 1.667197
    65 0.000000 -0.000007 -0.000031 1.373047 0.113574 0.124314
    66 -0.000004 -0.000007 -0.000031 1.373047 0.113574 0.124314
    67 3.348999 -1.371000 0.725000 1.977842 -0.088017 1.557794
    68 2.856895 -1.536201 -0.973800 -1.501147 -0.272558 -1.578261
    69 -0.000004 0.000000 10.000000 0.000000 0.000000 0.000000
    70 0.018894 0.665159 9.395880 0.000000 0.000000 0.000000
    71 2.000008 -3.000000 0.000000 -1.570796 0.000000 -1.326450
    72 3.028210 -0.923410 -2.009452 1.574082 -0.012974 1.587243
    73 0.116953 4.311607 0.061859 0.000010 0.000000 0.000000
    74 -0.000002 0.000000 0.000001 0.000000 0.000000 0.000000
    75 0.000000 1.000000 0.000010 0.000000 0.000000 0.000000
    76 -0.000002 0.000000 0.000000 0.000000 0.000000 0.000000
    77 -0.000002 0.000000 0.000000 0.000000 0.000000 0.000000
    78 -0.000002 0.000000 0.000000 0.000000 0.000000 0.000000
time 190
    0 -4.953125 -3.796875 26.890625 1.747770 0.009411 0.622022
    1 0.000000 4.246162 -0.018825 1.571097 -0.154829 1.597575
    2 4.195629 0.000000 0.000000 -0.001301 0.020246 -0.145349
    3 3.883152 0.000001 0.000000 -0.003491 0.019418 -0.057106
    4 5.985943 0.000002 0.000000 0.007114 0.024444 0.410275
    5 4.268658 1.531896 -1.575000 1.311111 1.088540 -0.549754
    6 5.782729 0.000000 0.000001 3.067329 -0.197582 0.809916
    7 11.452759 0.000001 0.000000 0.000000 0.000000 -0.579285
    8 4.268658 1.531894 1.575000 -1.814624 -0.977547 0.118734
    9 5.782726 0.000004 0.000001 3.136996 0.128686 0.804369
    10 11.452763 0.000001 0.000004 0.000000 0.000000 -0.441243
    11 10.945534 -0.000007 -0.000034 1.007340 -0.370870 0.238338
    12 10.945518 -0.000005 0.000015 -1.625010 -0.048311 0.318926
    13 -3.806942 0.000000 0.000000 -1.255453 -0.099916 -1.827850
    14 19.253841 0.000000 0.000000 0.000000 0.000000 0.025250
    15 6.694798 0.000000 0.000000 0.000000 0.000000 0.000000
    16 5.620499 0.000002 0.000000 2.836611 -0.070686 -0.226788
    17 4.684906 0.000002 0.000000 -0.235322 0.159439 1.136078
    18 19.263098 0.000000 0.000000 0.000000 0.000000 0.391392
    19 17.589096 0.000000 0.000000 0.069312 -0.185835 -0.817987
    20 6.240662 0.000000 0.000000 -0.112051 0.023858 -0.442698
    21 3.806942 0.000000 0.000000 -2.268511 -0.714833 -1.383965
    22 6.694801 0.000000 0.000000 0.000000 0.000000 0.000000
    23 19.253845 0.000000 0.000000 0.000000 0.000000 0.025253
    24 3.147137 0.005680 -1.551346 0.204908 0.143273 -0.954241
    25 1.585903 0.000000 0.000000 0.011390 0.016585 -0.964682
    26 0.849087 0.000002 0.000000 -0.054430 -0.175364 -0.012812
    27 3.471079 0.213264 -0.574066 0.197841 0.103922 -1.056897
    28 1.897533 -0.000002 0.000000 -0.051937 -0.088263 -1.080741
    29 1.014454 0.000002 0.000000 0.002346 0.009693 0.056304
    30 3.750082 0.114767 0.430058 0.187201 0.067923 -1.244533
    31 2.258186 0.000000 0.000000 -0.042022 -0.053930 -0.856641
    32 1.210384 0.000001 0.000000 0.001810 0.011981 0.157202
    33 3.868294 -0.166636 1.490141 0.180581 0.034246 -1.190451
    34 1.786068 0.000000 0.000000 0.051300 0.063943 -1.015925
    35 1.044434 -0.000002 0.000000 0.001325 0.038484 0.095729
    36 1.121473 -1.351564 1.030998 1.138475 -0.607693 0.231095
    37 1.928116 0.000000 0.000000 -0.090105 -0.188036 -0.457011
    38 1.285145 -0.000001 0.000000 -0.000005 -0.040574 -1.047036
    39 19.263105 0.000000 0.000000 0.000000 0.000000 0.593893
    40 17.589100 0.000000 0.000000 -0.358387 1.234641 -1.404771
    41 6.240662 0.000000 0.000000 0.020439 -0.027665 -1.010757
    42 5.884350 0.000000 0.000004 -0.126310 0.000000 0.000000
    43 11.768705 0.000000 0.000000 -0.238428 0.000000 0.000000
    44 11.679195 0.000000 0.000008 0.000000 0.000000 -0.161658
    45 3.147156 0.000065 1.551354 -0.201298 -0.143284 -0.649417
    46 1.585903 0.000000 0.000000 -0.011409 -0.016643 -1.331409
    47 0.849087 0.000000 0.000000 0.054379 0.175346 0.227690
    48 3.471100 0.211189 0.574833 -0.194213 -0.103888 -0.872699
    49 1.897533 0.000000 0.000000 0.051947 0.088323 -1.093272
    50 1.014446 0.000003 0.000000 -0.002359 -0.009725 0.111690
    51 3.750099 0.116322 -0.429641 -0.183614 -0.067994 -1.128857
    52 2.258183 0.000000 0.000000 0.042077 0.053977 -0.662652
    53 1.210392 0.000001 0.000000 -0.001842 -0.011976 0.162659
    54 3.868322 -0.161243 -1.490733 -0.177010 -0.034210 -1.024999
    55 1.786068 0.000002 0.000000 -0.051298 -0.063999 -0.749967
    56 1.044445 0.000000 0.000000 -0.001333 -0.038512 0.149883
    57 1.121502 -1.347836 -1.035880 -1.045302 0.582555 0.243500
    58 1.928122 0.000000 -0.000002 -0.000025 0.188108 -0.446082
    59 1.285141 0.000000 -0.000002 -0.000058 0.040588 -0.886387
    60 11.768703 0.000000 -0.000008 0.242666 0.000000 0.000000
    61 5.884356 0.000000 -0.000004 0.128617 0.000000 0.000000
    62 11.679195 0.000000 0.000000 0.000000 0.000000 -0.161657
    63 7.023272 -6.880002 4.339547 2.620672 -1.456011 -1.105365
    64 -16.156250 -2.351563 5.378906 2.753693 0.474943 1.673556
    65 0.000000 -0.000007 -0.000031 1.373047 0.113574 0.124314
    66 -0.000004 -0.000007 -0.000031 1.373047 0.113574 0.124314
    67 3.348999 -1.371000 0.725000 1.977842 -0.088017 1.557794
    68 2.856895 -1.536201 -0.973800 -1.501147 -0.272558 -1.578261
    69 -0.000004 0.000000 10.000000 0.000000 0.000000 0.000000
    70 0.018894 0.665159 9.395880 0.000000 0.000000 0.000000
    71 2.000008 -3.000000 0.000000 -1.570796 0.000000 -1.326450
    72 3.028210 -0.923410 -2.009452 1.574082 -0.012974 1.587243
    73 0.116953 4.311607 0.061859 0.000010 0.000000 0.000000
    74 -0.000002 0.000000 0.000001 0.000000 0.000000 0.000000
    75 0.000000 1.000000 0.000010 0.000000 0.000000 0.000000
    76 -0.000002 0.000000 0.000000 0.000000 0.000000 0.000000
    77 -0.000002 0.000000 0.000000 0.000000 0.000000 0.000000
    78 -0.000002 0.000000 0.000000 0.000000 0.000000 0.000000
time 191
    0 -4.593750 -3.753906 26.796875 1.745347 0.011277 0.569765
    1 0.000000 4.246162 -0.018825 1.574525 -0.156090 1.595498
    2 4.195629 0.000000 0.000000 0.002243 0.019205 -0.144794
    3 3.883152 0.000001 0.000000 0.000149 0.019004 -0.056984
    4 5.985943 0.000002 0.000000 0.010239 0.022562 0.409421
    5 4.268658 1.531896 -1.575000 1.303765 1.074231 -0.546326
    6 5.782729 0.000000 0.000001 3.076180 -0.191023 0.795432
    7 11.452759 0.000001 0.000000 0.000000 0.000000 -0.563000
    8 4.268658 1.531894 1.575000 -1.809168 -0.986942 0.106698
    9 5.782726 0.000004 0.000001 -3.125706 0.133496 0.812567
    10 11.452763 0.000001 0.000004 0.000000 0.000000 -0.433108
    11 10.945534 -0.000007 -0.000034 1.022854 -0.359615 0.239600
    12 10.945518 -0.000005 0.000015 -1.600225 -0.041712 0.291683
    13 -3.806942 0.000000 0.000000 -1.267668 -0.100413 -1.829397
    14 19.253841 0.000000 0.000000 0.000000 0.000000 0.025250
    15 6.694798 0.000000 0.000000 0.000000 0.000000 0.000000
    16 5.620499 0.000002 0.000000 2.836431 -0.068390 -0.215427
    17 4.684906 0.000002 0.000000 -0.235247 0.151521 1.122714
    18 19.263098 0.000000 0.000000 0.000000 0.000000 0.372049
    19 17.589096 0.000000 0.000000 0.037795 -0.208627 -0.804012
    20 6.240662 0.000000 0.000000 -0.112073 0.023852 -0.432779
    21 3.806942 0.000000 0.000000 -2.241361 -0.693282 -1.395692
    22 6.694801 0.000000 0.000000 0.000000 0.000000 0.000000
    23 19.253845 0.000000 0.000000 0.000000 0.000000 0.025253
    24 3.147137 0.005680 -1.551346 0.204908 0.143273 -0.954241
    25 1.585903 0.000000 0.000000 0.011390 0.016585 -0.964682
    26 0.849087 0.000002 0.000000 -0.054430 -0.175364 -0.012812
    27 3.471079 0.213264 -0.574066 0.197841 0.103922 -1.056897
    28 1.897533 -0.000002 0.000000 -0.051937 -0.088263 -1.080741
    29 1.014454 0.000002 0.000000 0.002346 0.009693 0.056304
    30 3.750082 0.114767 0.430058 0.187201 0.067923 -1.244533
    31 2.258186 0.000000 0.000000 -0.042022 -0.053930 -0.856641
    32 1.210384 0.000001 0.000000 0.001810 0.011981 0.157202
    33 3.868294 -0.166636 1.490141 0.180581 0.034246 -1.190451
    34 1.786068 0.000000 0.000000 0.051300 0.063943 -1.015925
    35 1.044434 -0.000002 0.000000 0.001325 0.038484 0.095729
    36 1.121473 -1.351564 1.030998 1.138475 -0.607693 0.231095
    37 1.928116 0.000000 0.000000 -0.090105 -0.188036 -0.457011
    38 1.285145 -0.000001 0.000000 -0.000005 -0.040574 -1.047036
    39 19.263105 0.000000 0.000000 0.000000 0.000000 0.561652
    40 17.589100 0.000000 0.000000 -0.267164 1.216003 -1.347956
    41 6.240662 0.000000 0.000000 0.020442 -0.027677 -1.005532
    42 5.884350 0.000000 0.000004 -0.126310 0.000000 0.000000
    43 11.768705 0.000000 0.000000 -0.238428 0.000000 0.000000
    44 11.679195 0.000000 0.000008 0.000000 0.000000 -0.161658
    45 3.147156 0.000065 1.551354 -0.201298 -0.143284 -0.649417
    46 1.585903 0.000000 0.000000 -0.011409 -0.016643 -1.331409
    47 0.849087 0.000000 0.000000 0.054379 0.175346 0.227690
    48 3.471100 0.211189 0.574833 -0.194213 -0.103888 -0.872699
    49 1.897533 0.000000 0.000000 0.051947 0.088323 -1.093272
    50 1.014446 0.000003 0.000000 -0.002359 -0.009725 0.111690
    51 3.750099 0.116322 -0.429641 -0.183614 -0.067994 -1.128857
    52 2.258183 0.000000 0.000000 0.042077 0.053977 -0.662652
    53 1.210392 0.000001 0.000000 -0.001842 -0.011976 0.162659
    54 3.868322 -0.161243 -1.490733 -0.177010 -0.034210 -1.024999
    55 1.786068 0.000002 0.000000 -0.051298 -0.063999 -0.749967
    56 1.044445 0.000000 0.000000 -0.001333 -0.038512 0.149883
    57 1.121502 -1.347836 -1.035880 -1.045302 0.582555 0.243500
    58 1.928122 0.000000 -0.000002 -0.000025 0.188108 -0.446082
    59 1.285141 0.000000 -0.000002 -0.000058 0.040588 -0.886387
    60 11.768703 0.000000 -0.000008 0.242666 0.000000 0.000000
    61 5.884356 0.000000 -0.000004 0.128617 0.000000 0.000000
    62 11.679195 0.000000 0.000000 0.000000 0.000000 -0.161657
    63 7.023272 -6.880002 4.339547 2.620672 -1.456011 -1.105365
    64 -15.476563 -9.234375 -2.968750 2.767375 0.466346 1.682816
    65 0.000000 -0.000007 -0.000031 1.373047 0.113574 0.124314
    66 -0.000004 -0.000007 -0.000031 1.373047 0.113574 0.124314
    67 3.348999 -1.371000 0.725000 1.977842 -0.088017 1.557794
    68 2.856895 -1.536201 -0.973800 -1.501147 -0.272558 -1.578261
    69 -0.000004 0.000000 10.000000 0.000000 0.000000 0.000000
    70 0.018894 0.665159 9.395880 0.000000 0.000000 0.000000
    71 2.000008 -3.000000 0.000000 -1.570796 0.000000 -1.326450
    72 3.028210 -0.923410 -2.009452 1.574082 -0.012974 1.587243
    73 0.116953 4.311607 0.061859 0.000010 0.000000 0.000000
    74 -0.000002 0.000000 0.000001 0.000000 0.000000 0.000000
    75 0.000000 1.000000 0.000010 0.000000 0.000000 0.000000
    76 -0.000002 0.000000 0.000000 0.000000 0.000000 0.000000
    77 -0.000002 0.000000 0.000000 0.000000 0.000000 0.000000
    78 -0.000002 0.000000 0.000000 0.000000 0.000000 0.000000
time 192
    0 -4.214844 -3.775391 26.640625 1.738108 0.014870 0.503169
    1 0.000000 4.246162 -0.018825 1.579762 -0.160740 1.588522
    2 4.195629 0.000000 0.000000 0.007680 0.016042 -0.142849
    3 3.883152 0.000001 0.000000 0.005173 0.020965 -0.058487
    4 5.985943 0.000002 0.000000 0.016496 0.024993 0.404677
    5 4.268658 1.531896 -1.575000 1.271149 1.046500 -0.565452
    6 5.782729 0.000000 0.000001 3.098147 -0.166168 0.768861
    7 11.452759 0.000001 0.000000 0.000000 0.000000 -0.546843
    8 4.268658 1.531894 1.575000 -1.815189 -0.979811 0.098451
    9 5.782726 0.000004 0.000001 -3.094490 0.133586 0.796819
    10 11.452763 0.000001 0.000004 0.000000 0.000000 -0.436909
    11 10.945534 -0.000007 -0.000034 1.042807 -0.348019 0.241628
    12 10.945518 -0.000005 0.000015 -1.570117 -0.029764 0.260918
    13 -3.806942 0.000000 0.000000 -1.259619 -0.105275 -1.834750
    14 19.253841 0.000000 0.000000 0.000000 0.000000 0.025250
    15 6.694798 0.000000 0.000000 0.000000 0.000000 0.000000
    16 5.620499 0.000002 0.000000 2.835935 -0.066632 -0.202231
    17 4.684906 0.000002 0.000000 -0.234505 0.144551 1.108548
    18 19.263098 0.000000 0.000000 0.000000 0.000000 0.359232
    19 17.589096 0.000000 0.000000 0.008687 -0.250178 -0.784734
    20 6.240662 0.000000 0.000000 -0.112053 0.023849 -0.424638
    21 3.806942 0.000000 0.000000 -2.226008 -0.654297 -1.398410
    22 6.694801 0.000000 0.000000 0.000000 0.000000 0.000000
    23 19.253845 0.000000 0.000000 0.000000 0.000000 0.025253
    24 3.147137 0.005680 -1.551346 0.204908 0.143273 -0.954241
    25 1.585903 0.000000 0.000000 0.011390 0.016585 -0.964682
    26 0.849087 0.000002 0.000000 -0.054430 -0.175364 -0.012812
    27 3.471079 0.213264 -0.574066 0.197841 0.103922 -1.056897
    28 1.897533 -0.000002 0.000000 -0.051937 -0.088263 -1.080741
    29 1.014454 0.000002 0.000000 0.002346 0.009693 0.056304
    30 3.750082 0.114767 0.430058 0.187201 0.067923 -1.244533
    31 2.258186 0.000000 0.000000 -0.042022 -0.053930 -0.856641
    32 1.210384 0.000001 0.000000 0.001810 0.011981 0.157202
    33 3.868294 -0.166636 1.490141 0.180581 0.034246 -1.190451
    34 1.786068 0.000000 0.000000 0.051300 0.063943 -1.015925
    35 1.044434 -0.000002 0.000000 0.001325 0.038484 0.095729
    36 1.121473 -1.351564 1.030998 1.138475 -0.607693 0.231095
    37 1.928116 0.000000 0.000000 -0.090105 -0.188036 -0.457011
    38 1.285145 -0.000001 0.000000 -0.000005 -0.040574 -1.047036
    39 19.263105 0.000000 0.000000 0.000000 0.000000 0.519639
    40 17.589100 0.000000 0.000000 -0.173284 1.166663 -1.241415
    41 6.240662 0.000000 0.000000 0.020445 -0.027643 -0.981276
    42 5.884350 0.000000 0.000004 -0.126310 0.000000 0.000000
    43 11.768705 0.000000 0.000000 -0.238428 0.000000 0.000000
    44 11.679195 0.000000 0.000008 0.000000 0.000000 -0.161658
    45 3.147156 0.000065 1.551354 -0.201298 -0.143284 -0.649417
    46 1.585903 0.000000 0.000000 -0.011409 -0.016643 -1.331409
    47 0.849087 0.000000 0.000000 0.054379 0.175346 0.227690
    48 3.471100 0.211189 0.574833 -0.194213 -0.103888 -0.872699
    49 1.897533 0.000000 0.000000 0.051947 0.088323 -1.093272
    50 1.014446 0.000003 0.000000 -0.002359 -0.009725 0.111690
    51 3.750099 0.116322 -0.429641 -0.183614 -0.067994 -1.128857
    52 2.258183 0.000000 0.000000 0.042077 0.053977 -0.662652
    53 1.210392 0.000001 0.000000 -0.001842 -0.011976 0.162659
    54 3.868322 -0.161243 -1.490733 -0.177010 -0.034210 -1.024999
    55 1.786068 0.000002 0.000000 -0.051298 -0.063999 -0.749967
    56 1.044445 0.000000 0.000000 -0.001333 -0.038512 0.149883
    57 1.121502 -1.347836 -1.035880 -1.045302 0.582555 0.243500
    58 1.928122 0.000000 -0.000002 -0.000025 0.188108 -0.446082
    59 1.285141 0.000000 -0.000002 -0.000058 0.040588 -0.886387
    60 11.768703 0.000000 -0.000008 0.242666 0.000000 0.000000
    61 5.884356 0.000000 -0.000004 0.128617 0.000000 0.000000
    62 11.679195 0.000000 0.000000 0.000000 0.000000 -0.161657
    63 7.023272 -6.880002 4.339547 2.620672 -1.456011 -1.105365
    64 -13.937500 -18.750000 2.992188 2.785002 0.451011 1.698134
    65 0.000000 -0.000007 -0.000031 1.373047 0.113574 0.124314
    66 -0.000004 -0.000007 -0.000031 1.373047 0.113574 0.124314
    67 3.348999 -1.371000 0.725000 1.977842 -0.088017 1.557794
    68 2.856895 -1.536201 -0.973800 -1.501147 -0.272558 -1.578261
    69 -0.000004 0.000000 10.000000 0.000000 0.000000 0.000000
    70 0.018894 0.665159 9.395880 0.000000 0.000000 0.000000
    71 2.000008 -3.000000 0.000000 -1.570796 0.000000 -1.326450
    72 3.028210 -0.923410 -2.009452 1.574082 -0.012974 1.587243
    73 0.116953 4.311607 0.061859 0.000010 0.000000 0.000000
    74 -0.000002 0.000000 0.000001 0.000000 0.000000 0.000000
    75 0.000000 1.000000 0.000010 0.000000 0.000000 0.000000
    76 -0.000002 0.000000 0.000000 0.000000 0.000000 0.000000
    77 -0.000002 0.000000 0.000000 0.000000 0.000000 0.000000
    78 -0.000002 0.000000 0.000000 0.000000 0.000000 0.000000
time 193
    0 -3.826172 -3.890625 26.375000 1.724811 0.022216 0.416638
    1 0.000000 4.246162 -0.018825 1.586958 -0.164651 1.575120
    2 4.195629 0.000000 0.000000 0.014753 0.010473 -0.140756
    3 3.883152 0.000001 0.000000 0.010583 0.028374 -0.057617
    4 5.985943 0.000002 0.000000 0.027328 0.037945 0.403558
    5 4.268658 1.531896 -1.575000 1.252929 1.001662 -0.573053
    6 5.782729 0.000000 0.000001 3.128719 -0.130281 0.739173
    7 11.452759 0.000001 0.000000 0.000000 0.000000 -0.516513
    8 4.268658 1.531894 1.575000 -1.834344 -0.972897 0.093814
    9 5.782726 0.000004 0.000001 -3.061905 0.130730 0.775265
    10 11.452763 0.000001 0.000004 0.000000 0.000000 -0.436114
    11 10.945534 -0.000007 -0.000034 1.072360 -0.332324 0.235855
    12 10.945518 -0.000005 0.000015 -1.541530 -0.015707 0.220425
    13 -3.806942 0.000000 0.000000 -1.246086 -0.116586 -1.838633
    14 19.253841 0.000000 0.000000 0.000000 0.000000 0.025250
    15 6.694798 0.000000 0.000000 0.000000 0.000000 0.000000
    16 5.620499 0.000002 0.000000 2.834302 -0.071611 -0.189321
    17 4.684906 0.000002 0.000000 -0.232451 0.139631 1.093393
    18 19.263098 0.000000 0.000000 0.000000 0.000000 0.355547
    19 17.589096 0.000000 0.000000 -0.014395 -0.293014 -0.760864
    20 6.240662 0.000000 0.000000 -0.112057 0.023829 -0.424990
    21 3.806942 0.000000 0.000000 -2.215794 -0.593515 -1.393583
    22 6.694801 0.000000 0.000000 0.000000 0.000000 0.000000
    23 19.253845 0.000000 0.000000 0.000000 0.000000 0.025253
    24 3.147137 0.005680 -1.551346 0.204908 0.143273 -0.954241
    25 1.585903 0.000000 0.000000 0.011390 0.016585 -0.964682
    26 0.849087 0.000002 0.000000 -0.054430 -0.175364 -0.012812
    27 3.471079 0.213264 -0.574066 0.197841 0.103922 -1.056897
    28 1.897533 -0.000002 0.000000 -0.051937 -0.088263 -1.080741
    29 1.014454 0.000002 0.000000 0.002346 0.009693 0.056304
    30 3.750082 0.114767 0.430058 0.187201 0.067923 -1.244533
    31 2.258186 0.000000 0.000000 -0.042022 -0.053930 -0.856641
    32 1.210384 0.000001 0.000000 0.001810 0.011981 0.157202
    33 3.868294 -0.166636 1.490141 0.180581 0.034246 -1.190451
    34 1.786068 0.000000 0.000000 0.051300 0.063943 -1.015925
    35 1.044434 -0.000002 0.000000 0.001325 0.038484 0.095729
    36 1.121473 -1.351564 1.030998 1.138475 -0.607693 0.231095
    37 1.928116 0.000000 0.000000 -0.090105 -0.188036 -0.457011
    38 1.285145 -0.000001 0.000000 -0.000005 -0.040574 -1.047036
    39 19.263105 0.000000 0.000000 0.000000 0.000000 0.459133
    40 17.589100 0.000000 0.000000 -0.009342 1.039493 -0.997027
    41 6.240662 0.000000 0.000000 0.020443 -0.027697 -0.852252
    42 5.884350 0.000000 0.000004 -0.126310 0.000000 0.000000
    43 11.768705 0.000000 0.000000 -0.238428 0.000000 0.000000
    44 11.679195 0.000000 0.000008 0.000000 0.000000 -0.161658
    45 3.147156 0.000065 1.551354 -0.201298 -0.143284 -0.649417
    46 1.585903 0.000000 0.000000 -0.011409 -0.016643 -1.331409
    47 0.849087 0.000000 0.000000 0.054379 0.175346 0.227690
    48 3.471100 0.211189 0.574833 -0.194213 -0.103888 -0.872699
    49 1.897533 0.000000 0.000000 0.051947 0.088323 -1.093272
    50 1.014446 0.000003 0.000000 -0.002359 -0.009725 0.111690
    51 3.750099 0.116322 -0.429641 -0.183614 -0.067994 -1.128857
    52 2.258183 0.000000 0.000000 0.042077 0.053977 -0.662652
    53 1.210392 0.000001 0.000000 -0.001842 -0.011976 0.162659
    54 3.868322 -0.161243 -1.490733 -0.177010 -0.034210 -1.024999
    55 1.786068 0.000002 0.000000 -0.051298 -0.063999 -0.749967
    56 1.044445 0.000000 0.000000 -0.001333 -0.038512 0.149883
    57 1.121502 -1.347836 -1.035880 -1.045302 0.582555 0.243500
    58 1.928122 0.000000 -0.000002 -0.000025 0.188108 -0.446082
    59 1.285141 0.000000 -0.000002 -0.000058 0.040588 -0.886387
    60 11.768703 0.000000 -0.000008 0.242666 0.000000 0.000000
    61 5.884356 0.000000 -0.000004 0.128617 0.000000 0.000000
    62 11.679195 0.000000 0.000000 0.000000 0.000000 -0.161657
    63 7.023272 -6.880002 4.339547 2.620672 -1.456011 -1.105365
    64 -14.539063 -16.343750 11.742188 2.808990 0.415770 1.711315
    65 0.000000 -0.000007 -0.000031 1.373047 0.113574 0.124314
    66 -0.000004 -0.000007 -0.000031 1.373047 0.113574 0.124314
    67 3.348999 -1.371000 0.725000 1.977842 -0.088017 1.557794
    68 2.856895 -1.536201 -0.973800 -1.501147 -0.272558 -1.578261
    69 -0.000004 0.000000 10.000000 0.000000 0.000000 0.000000
    70 0.018894 0.665159 9.395880 0.000000 0.000000 0.000000
    71 2.000008 -3.000000 0.000000 -1.570796 0.000000 -1.326450
    72 3.028210 -0.923410 -2.009452 1.574082 -0.012974 1.587243
    73 0.116953 4.311607 0.061859 0.000010 0.000000 0.000000
    74 -0.000002 0.000000 0.000001 0.000000 0.000000 0.000000
    75 0.000000 1.000000 0.000010 0.000000 0.000000 0.000000
    76 -0.000002 0.000000 0.000000 0.000000 0.000000 0.000000
    77 -0.000002 0.000000 0.000000 0.000000 0.000000 0.000000
    78 -0.000002 0.000000 0.000000 0.000000 0.000000 0.000000
time 194
    0 -3.318359 -4.148438 26.031250 1.707291 0.033219 0.307492
    1 0.000000 4.246162 -0.018825 1.584496 -0.165957 1.580450
    2 4.195629 0.000000 0.000000 0.012487 0.010742 -0.140160
    3 3.883152 0.000001 0.000000 0.009905 0.019705 -0.055248
    4 5.985943 0.000002 0.000000 0.021232 0.024807 0.405713
    5 4.268658 1.531896 -1.575000 1.316550 0.987855 -0.498191
    6 5.782729 0.000000 0.000001 3.131863 -0.105945 0.711938
    7 11.452759 0.000001 0.000000 0.000000 0.000000 -0.484970
    8 4.268658 1.531894 1.575000 -1.761646 -0.959015 0.002987
    9 5.782726 0.000004 0.000001 -3.033385 0.116529 0.748130
    10 11.452763 0.000001 0.000004 0.000000 0.000000 -0.425774
    11 10.945534 -0.000007 -0.000034 1.109635 -0.308077 0.218905
    12 10.945518 -0.000005 0.000015 -1.492886 0.004880 0.181197
    13 -3.806942 0.000000 0.000000 -1.225591 -0.130639 -1.840550
    14 19.253841 0.000000 0.000000 0.000000 0.000000 0.025250
    15 6.694798 0.000000 0.000000 0.000000 0.000000 0.000000
    16 5.620499 0.000002 0.000000 2.855055 -0.069728 -0.174604
    17 4.684906 0.000002 0.000000 -0.212103 0.116912 1.076924
    18 19.263098 0.000000 0.000000 0.000000 0.000000 0.351689
    19 17.589096 0.000000 0.000000 -0.025247 -0.333925 -0.736518
    20 6.240662 0.000000 0.000000 -0.112028 0.023840 -0.419950
    21 3.806942 0.000000 0.000000 -2.215979 -0.506705 -1.385245
    22 6.694801 0.000000 0.000000 0.000000 0.000000 0.000000
    23 19.253845 0.000000 0.000000 0.000000 0.000000 0.025253
    24 3.147137 0.005680 -1.551346 0.204908 0.143273 -0.954241
    25 1.585903 0.000000 0.000000 0.011390 0.016585 -0.964682
    26 0.849087 0.000002 0.000000 -0.054430 -0.175364 -0.012812
    27 3.471079 0.213264 -0.574066 0.197841 0.103922 -1.056897
    28 1.897533 -0.000002 0.000000 -0.051937 -0.088263 -1.080741
    29 1.014454 0.000002 0.000000 0.002346 0.009693 0.056304
    30 3.750082 0.114767 0.430058 0.187201 0.067923 -1.244533
    31 2.258186 0.000000 0.000000 -0.042022 -0.053930 -0.856641
    32 1.210384 0.000001 0.000000 0.001810 0.011981 0.157202
    33 3.868294 -0.166636 1.490141 0.180581 0.034246 -1.190451
    34 1.786068 0.000000 0.000000 0.051300 0.063943 -1.015925
    35 1.044434 -0.000002 0.000000 0.001325 0.038484 0.095729
    36 1.121473 -1.351564 1.030998 1.138475 -0.607693 0.231095
    37 1.928116 0.000000 0.000000 -0.090105 -0.188036 -0.457011
    38 1.285145 -0.000001 0.000000 -0.000005 -0.040574 -1.047036
    39 19.263105 0.000000 0.000000 0.000000 0.000000 0.372137
    40 17.589100 0.000000 0.000000 0.146048 0.799225 -0.685291
    41 6.240662 0.000000 0.000000 0.020434 -0.027710 -0.654234
    42 5.884350 0.000000 0.000004 -0.126310 0.000000 0.000000
    43 11.768705 0.000000 0.000000 -0.238428 0.000000 0.000000
    44 11.679195 0.000000 0.000008 0.000000 0.000000 -0.161658
    45 3.147156 0.000065 1.551354 -0.201298 -0.143284 -0.649417
    46 1.585903 0.000000 0.000000 -0.011409 -0.016643 -1.331409
    47 0.849087 0.000000 0.000000 0.054379 0.175346 0.227690
    48 3.471100 0.211189 0.574833 -0.194213 -0.103888 -0.872699
    49 1.897533 0.000000 0.000000 0.051947 0.088323 -1.093272
    50 1.014446 0.000003 0.000000 -0.002359 -0.009725 0.111690
    51 3.750099 0.116322 -0.429641 -0.183614 -0.067994 -1.128857
    52 2.258183 0.000000 0.000000 0.042077 0.053977 -0.662652
    53 1.210392 0.000001 0.000000 -0.001842 -0.011976 0.162659
    54 3.868322 -0.161243 -1.490733 -0.177010 -0.034210 -1.024999
    55 1.786068 0.000002 0.000000 -0.051298 -0.063999 -0.749967
    56 1.044445 0.000000 0.000000 -0.001333 -0.038512 0.149883
    57 1.121502 -1.347836 -1.035880 -1.045302 0.582555 0.243500
    58 1.928122 0.000000 -0.000002 -0.000025 0.188108 -0.446082
    59 1.285141 0.000000 -0.000002 -0.000058 0.040588 -0.886387
    60 11.768703 0.000000 -0.000008 0.242666 0.000000 0.000000
    61 5.884356 0.000000 -0.000004 0.128617 0.000000 0.000000
    62 11.679195 0.000000 0.000000 0.000000 0.000000 -0.161657
    63 7.023272 -6.880002 4.339547 2.620672 -1.456011 -1.105365
    64 -17.718750 -4.816406 11.492188 2.840057 0.365036 1.715227
    65 0.000000 -0.000007 -0.000031 1.373047 0.113574 0.124314
    66 -0.000004 -0.000007 -0.000031 1.373047 0.113574 0.124314
    67 3.348999 -1.371000 0.725000 1.977842 -0.088017 1.557794
    68 2.856895 -1.536201 -0.973800 -1.501147 -0.272558 -1.578261
    69 -0.000004 0.000000 10.000000 0.000000 0.000000 0.000000
    70 0.018894 0.665159 9.395880 0.000000 0.000000 0.000000
    71 2.000008 -3.000000 0.000000 -1.570796 0.000000 -1.326450
    72 3.028210 -0.923410 -2.009452 1.574082 -0.012974 1.587243
    73 0.116953 4.311607 0.061859 0.000010 0.000000 0.000000
    74 -0.000002 0.000000 0.000001 0.000000 0.000000 0.000000
    75 0.000000 1.000000 0.000010 0.000000 0.000000 0.000000
    76 -0.000002 0.000000 0.000000 0.000000 0.000000 0.000000
    77 -0.000002 0.000000 0.000000 0.000000 0.000000 0.000000
    78 -0.000002 0.000000 0.000000 0.000000 0.000000 0.000000
time 195
    0 -2.753906 -4.574219 25.609375 1.688617 0.049700 0.189540
    1 0.000000 4.246162 -0.018825 1.580294 -0.164661 1.589946
    2 4.195629 0.000000 0.000000 0.008498 0.013236 -0.141122
    3 3.883152 0.000001 0.000000 0.007086 0.012882 -0.052966
    4 5.985943 0.000002 0.000000 0.014067 0.014720 0.408252
    5 4.268658 1.531896 -1.575000 1.380460 0.956098 -0.422999
    6 5.782729 0.000000 0.000001 3.105314 -0.081993 0.678513
    7 11.452759 0.000001 0.000000 0.000000 0.000000 -0.442305
    8 4.268658 1.531894 1.575000 -1.689276 -0.940693 -0.083140
    9 5.782726 0.000004 0.000001 -3.007145 0.107998 0.719854
    10 11.452763 0.000001 0.000004 0.000000 0.000000 -0.406629
    11 10.945534 -0.000007 -0.000034 1.158010 -0.276457 0.196563
    12 10.945518 -0.000005 0.000015 -1.413304 0.033468 0.130168
    13 -3.806942 0.000000 0.000000 -1.204923 -0.145381 -1.833434
    14 19.253841 0.000000 0.000000 0.000000 0.000000 0.025250
    15 6.694798 0.000000 0.000000 0.000000 0.000000 0.000000
    16 5.620499 0.000002 0.000000 2.873109 -0.069546 -0.164448
    17 4.684906 0.000002 0.000000 -0.193315 0.097198 1.062071
    18 19.263098 0.000000 0.000000 0.000000 0.000000 0.347569
    19 17.589096 0.000000 0.000000 -0.012121 -0.361746 -0.717201
    20 6.240662 0.000000 0.000000 -0.112095 0.023860 -0.422606
    21 3.806942 0.000000 0.000000 -2.197900 -0.405486 -1.372281
    22 6.694801 0.000000 0.000000 0.000000 0.000000 0.000000
    23 19.253845 0.000000 0.000000 0.000000 0.000000 0.025253
    24 3.147137 0.005680 -1.551346 0.204908 0.143273 -0.954241
    25 1.585903 0.000000 0.000000 0.011390 0.016585 -0.964682
    26 0.849087 0.000002 0.000000 -0.054430 -0.175364 -0.012812
    27 3.471079 0.213264 -0.574066 0.197841 0.103922 -1.056897
    28 1.897533 -0.000002 0.000000 -0.051937 -0.088263 -1.080741
    29 1.014454 0.000002 0.000000 0.002346 0.009693 0.056304
    30 3.750082 0.114767 0.430058 0.187201 0.067923 -1.244533
    31 2.258186 0.000000 0.000000 -0.042022 -0.053930 -0.856641
    32 1.210384 0.000001 0.000000 0.001810 0.011981 0.157202
    33 3.868294 -0.166636 1.490141 0.180581 0.034246 -1.190451
    34 1.786068 0.000000 0.000000 0.051300 0.063943 -1.015925
    35 1.044434 -0.000002 0.000000 0.001325 0.038484 0.095729
    36 1.121473 -1.351564 1.030998 1.138475 -0.607693 0.231095
    37 1.928116 0.000000 0.000000 -0.090105 -0.188036 -0.457011
    38 1.285145 -0.000001 0.000000 -0.000005 -0.040574 -1.047036
    39 19.263105 0.000000 0.000000 0.000000 0.000000 0.282621
    40 17.589100 0.000000 0.000000 0.195305 0.543047 -0.495834
    41 6.240662 0.000000 0.000000 0.020408 -0.027738 -0.502956
    42 5.884350 0.000000 0.000004 -0.126310 0.000000 0.000000
    43 11.768705 0.000000 0.000000 -0.238428 0.000000 0.000000
    44 11.679195 0.000000 0.000008 0.000000 0.000000 -0.161658
    45 3.147156 0.000065 1.551354 -0.201298 -0.143284 -0.649417
    46 1.585903 0.000000 0.000000 -0.011409 -0.016643 -1.331409
    47 0.849087 0.000000 0.000000 0.054379 0.175346 0.227690
    48 3.471100 0.211189 0.574833 -0.194213 -0.103888 -0.872699
    49 1.897533 0.000000 0.000000 0.051947 0.088323 -1.093272
    50 1.014446 0.000003 0.000000 -0.002359 -0.009725 0.111690
    51 3.750099 0.116322 -0.429641 -0.183614 -0.067994 -1.128857
    52 2.258183 0.000000 0.000000 0.042077 0.053977 -0.662652
    53 1.210392 0.000001 0.000000 -0.001842 -0.011976 0.162659
    54 3.868322 -0.161243 -1.490733 -0.177010 -0.034210 -1.024999
    55 1.786068 0.000002 0.000000 -0.051298 -0.063999 -0.749967
    56 1.044445 0.000000 0.000000 -0.001333 -0.038512 0.149883
    57 1.121502 -1.347836 -1.035880 -1.045302 0.582555 0.243500
    58 1.928122 0.000000 -0.000002 -0.000025 0.188108 -0.446082
    59 1.285141 0.000000 -0.000002 -0.000058 0.040588 -0.886387
    60 11.768703 0.000000 -0.000008 0.242666 0.000000 0.000000
    61 5.884356 0.000000 -0.000004 0.128617 0.000000 0.000000
    62 11.679195 0.000000 0.000000 0.000000 0.000000 -0.161657
    63 7.023272 -6.880002 4.339547 2.620672 -1.456011 -1.105365
    64 -20.593750 -1.453125 5.480469 2.878751 0.298600 1.713753
    65 0.000000 -0.000007 -0.000031 1.373047 0.113574 0.124314
    66 -0.000004 -0.000007 -0.000031 1.373047 0.113574 0.124314
    67 3.348999 -1.371000 0.725000 1.977842 -0.088017 1.557794
    68 2.856895 -1.536201 -0.973800 -1.501147 -0.272558 -1.578261
    69 -0.000004 0.000000 10.000000 0.000000 0.000000 0.000000
    70 0.018894 0.665159 9.395880 0.000000 0.000000 0.000000
    71 2.000008 -3.000000 0.000000 -1.570796 0.000000 -1.326450
    72 3.028210 -0.923410 -2.009452 1.574082 -0.012974 1.587243
    73 0.116953 4.311607 0.061859 0.000010 0.000000 0.000000
    74 -0.000002 0.000000 0.000001 0.000000 0.000000 0.000000
    75 0.000000 1.000000 0.000010 0.000000 0.000000 0.000000
    76 -0.000002 0.000000 0.000000 0.000000 0.000000 0.000000
    77 -0.000002 0.000000 0.000000 0.000000 0.000000 0.000000
    78 -0.000002 0.000000 0.000000 0.000000 0.000000 0.000000
time 196
    0 -2.208984 -5.097656 25.218750 1.678891 0.061230 0.073986
    1 0.000000 4.246162 -0.018825 1.573421 -0.154228 1.595901
    2 4.195629 0.000000 0.000000 0.001822 0.014155 -0.145925
    3 3.883152 0.000001 0.000000 0.001379 0.007201 -0.048602
    4 5.985943 0.000002 0.000000 0.005066 0.007662 0.417853
    5 4.268658 1.531896 -1.575000 1.424851 0.930963 -0.368932
    6 5.782729 0.000000 0.000001 3.091475 -0.059008 0.663689
    7 11.452759 0.000001 0.000000 0.000000 0.000000 -0.388136
    8 4.268658 1.531894 1.575000 -1.641956 -0.920828 -0.142922
    9 5.782726 0.000004 0.000001 -2.988878 0.117108 0.701901
    10 11.452763 0.000001 0.000004 0.000000 0.000000 -0.379430
    11 10.945534 -0.000007 -0.000034 1.226635 -0.242135 0.171791
    12 10.945518 -0.000005 0.000015 -1.326060 0.066127 0.078484
    13 -3.806942 0.000000 0.000000 -1.183124 -0.164439 -1.822964
    14 19.253841 0.000000 0.000000 0.000000 0.000000 0.025250
    15 6.694798 0.000000 0.000000 0.000000 0.000000 0.000000
    16 5.620499 0.000002 0.000000 2.890867 -0.066146 -0.164944
    17 4.684906 0.000002 0.000000 -0.176737 0.076629 1.058036
    18 19.263098 0.000000 0.000000 0.000000 0.000000 0.333729
    19 17.589096 0.000000 0.000000 0.007259 -0.366216 -0.704579
    20 6.240662 0.000000 0.000000 -0.112065 0.023876 -0.417479
    21 3.806942 0.000000 0.000000 -2.136133 -0.310194 -1.360799
    22 6.694801 0.000000 0.000000 0.000000 0.000000 0.000000
    23 19.253845 0.000000 0.000000 0.000000 0.000000 0.025253
    24 3.147137 0.005680 -1.551346 0.204908 0.143273 -0.954241
    25 1.585903 0.000000 0.000000 0.011390 0.016585 -0.964682
    26 0.849087 0.000002 0.000000 -0.054430 -0.175364 -0.012812
    27 3.471079 0.213264 -0.574066 0.197841 0.103922 -1.056897
    28 1.897533 -0.000002 0.000000 -0.051937 -0.088263 -1.080741
    29 1.014454 0.000002 0.000000 0.002346 0.009693 0.056304
    30 3.750082 0.114767 0.430058 0.187201 0.067923 -1.244533
    31 2.258186 0.000000 0.000000 -0.042022 -0.053930 -0.856641
    32 1.210384 0.000001 0.000000 0.001810 0.011981 0.157202
    33 3.868294 -0.166636 1.490141 0.180581 0.034246 -1.190451
    34 1.786068 0.000000 0.000000 0.051300 0.063943 -1.015925
    35 1.044434 -0.000002 0.000000 0.001325 0.038484 0.095729
    36 1.121473 -1.351564 1.030998 1.138475 -0.607693 0.231095
    37 1.928116 0.000000 0.000000 -0.090105 -0.188036 -0.457011
    38 1.285145 -0.000001 0.000000 -0.000005 -0.040574 -1.047036
    39 19.263105 0.000000 0.000000 0.000000 0.000000 0.218581
    40 17.589100 0.000000 0.000000 0.165176 0.386163 -0.462908
    41 6.240662 0.000000 0.000000 0.020448 -0.027694 -0.418705
    42 5.884350 0.000000 0.000004 -0.126310 0.000000 0.000000
    43 11.768705 0.000000 0.000000 -0.238428 0.000000 0.000000
    44 11.679195 0.000000 0.000008 0.000000 0.000000 -0.161658
    45 3.147156 0.000065 1.551354 -0.201298 -0.143284 -0.649417
    46 1.585903 0.000000 0.000000 -0.011409 -0.016643 -1.331409
    47 0.849087 0.000000 0.000000 0.054379 0.175346 0.227690
    48 3.471100 0.211189 0.574833 -0.194213 -0.103888 -0.872699
    49 1.897533 0.000000 0.000000 0.051947 0.088323 -1.093272
    50 1.014446 0.000003 0.000000 -0.002359 -0.009725 0.111690
    51 3.750099 0.116322 -0.429641 -0.183614 -0.067994 -1.128857
    52 2.258183 0.000000 0.000000 0.042077 0.053977 -0.662652
    53 1.210392 0.000001 0.000000 -0.001842 -0.011976 0.162659
    54 3.868322 -0.161243 -1.490733 -0.177010 -0.034210 -1.024999
    55 1.786068 0.000002 0.000000 -0.051298 -0.063999 -0.749967
    56 1.044445 0.000000 0.000000 -0.001333 -0.038512 0.149883
    57 1.121502 -1.347836 -1.035880 -1.045302 0.582555 0.243500
    58 1.928122 0.000000 -0.000002 -0.000025 0.188108 -0.446082
    59 1.285141 0.000000 -0.000002 -0.000058 0.040588 -0.886387
    60 11.768703 0.000000 -0.000008 0.242666 0.000000 0.000000
    61 5.884356 0.000000 -0.000004 0.128617 0.000000 0.000000
    62 11.679195 0.000000 0.000000 0.000000 0.000000 -0.161657
    63 7.023272 -6.880002 4.339547 2.620672 -1.456011 -1.105365
    64 -22.875000 -2.873047 1.136719 2.925974 0.206028 1.706611
    65 0.000000 -0.000007 -0.000031 1.373047 0.113574 0.124314
    66 -0.000004 -0.000007 -0.000031 1.373047 0.113574 0.124314
    67 3.348999 -1.371000 0.725000 1.977842 -0.088017 1.557794
    68 2.856895 -1.536201 -0.973800 -1.501147 -0.272558 -1.578261
    69 -0.000004 0.000000 10.000000 0.000000 0.000000 0.000000
    70 0.018894 0.665159 9.395880 0.000000 0.000000 0.000000
    71 2.000008 -3.000000 0.000000 -1.570796 0.000000 -1.326450
    72 3.028210 -0.923410 -2.009452 1.574082 -0.012974 1.587243
    73 0.116953 4.311607 0.061859 0.000010 0.000000 0.000000
    74 -0.000002 0.000000 0.000001 0.000000 0.000000 0.000000
    75 0.000000 1.000000 0.000010 0.000000 0.000000 0.000000
    76 -0.000002 0.000000 0.000000 0.000000 0.000000 0.000000
    77 -0.000002 0.000000 0.000000 0.000000 0.000000 0.000000
    78 -0.000002 0.000000 0.000000 0.000000 0.000000 0.000000
time 197
    0 -1.652344 -5.722656 24.937500 1.678379 0.055925 -0.047403
    1 0.000000 4.246162 -0.018825 1.573130 -0.140848 1.584307
    2 4.195629 0.000000 0.000000 0.001752 0.007666 -0.152421
    3 3.883152 0.000001 0.000000 0.001643 0.003579 -0.046963
    4 5.985943 0.000002 0.000000 0.003293 0.003001 0.423043
    5 4.268658 1.531896 -1.575000 1.410303 0.928861 -0.363165
    6 5.782729 0.000000 0.000001 3.086433 -0.040026 0.675816
    7 11.452759 0.000001 0.000000 0.000000 0.000000 -0.328390
    8 4.268658 1.531894 1.575000 -1.659740 -0.889482 -0.137974
    9 5.782726 0.000004 0.000001 -2.976952 0.147783 0.682348
    10 11.452763 0.000001 0.000004 0.000000 0.000000 -0.372049
    11 10.945534 -0.000007 -0.000034 1.316815 -0.208512 0.157785
    12 10.945518 -0.000005 0.000015 -1.230102 0.094675 0.027458
    13 -3.806942 0.000000 0.000000 -1.155693 -0.192443 -1.822707
    14 19.253841 0.000000 0.000000 0.000000 0.000000 0.025250
    15 6.694798 0.000000 0.000000 0.000000 0.000000 0.000000
    16 5.620499 0.000002 0.000000 2.903227 -0.049015 -0.171342
    17 4.684906 0.000002 0.000000 -0.172731 0.050396 1.062789
    18 19.263098 0.000000 0.000000 0.000000 0.000000 0.309853
    19 17.589096 0.000000 0.000000 0.014692 -0.353266 -0.699221
    20 6.240662 0.000000 0.000000 -0.112074 0.023801 -0.407317
    21 3.806942 0.000000 0.000000 -2.091356 -0.219572 -1.362372
    22 6.694801 0.000000 0.000000 0.000000 0.000000 0.000000
    23 19.253845 0.000000 0.000000 0.000000 0.000000 0.025253
    24 3.147137 0.005680 -1.551346 0.204908 0.143273 -0.954241
    25 1.585903 0.000000 0.000000 0.011390 0.016585 -0.964682
    26 0.849087 0.000002 0.000000 -0.054430 -0.175364 -0.012812
    27 3.471079 0.213264 -0.574066 0.197841 0.103922 -1.056897
    28 1.897533 -0.000002 0.000000 -0.051937 -0.088263 -1.080741
    29 1.014454 0.000002 0.000000 0.002346 0.009693 0.056304
    30 3.750082 0.114767 0.430058 0.187201 0.067923 -1.244533
    31 2.258186 0.000000 0.000000 -0.042022 -0.053930 -0.856641
    32 1.210384 0.000001 0.000000 0.001810 0.011981 0.157202
    33 3.868294 -0.166636 1.490141 0.180581 0.034246 -1.190451
    34 1.786068 0.000000 0.000000 0.051300 0.063943 -1.015925
    35 1.044434 -0.000002 0.000000 0.001325 0.038484 0.095729
    36 1.121473 -1.351564 1.030998 1.138475 -0.607693 0.231095
    37 1.928116 0.000000 0.000000 -0.090105 -0.188036 -0.457011
    38 1.285145 -0.000001 0.000000 -0.000005 -0.040574 -1.047036
    39 19.263105 0.000000 0.000000 0.000000 0.000000 0.190637
    40 17.589100 0.000000 0.000000 0.087373 0.325295 -0.542990
    41 6.240662 0.000000 0.000000 0.020393 -0.027682 -0.459395
    42 5.884350 0.000000 0.000004 -0.126310 0.000000 0.000000
    43 11.768705 0.000000 0.000000 -0.238428 0.000000 0.000000
    44 11.679195 0.000000 0.000008 0.000000 0.000000 -0.161658
    45 3.147156 0.000065 1.551354 -0.201298 -0.143284 -0.649417
    46 1.585903 0.000000 0.000000 -0.011409 -0.016643 -1.331409
    47 0.849087 0.000000 0.000000 0.054379 0.175346 0.227690
    48 3.471100 0.211189 0.574833 -0.194213 -0.103888 -0.872699
    49 1.897533 0.000000 0.000000 0.051947 0.088323 -1.093272
    50 1.014446 0.000003 0.000000 -0.002359 -0.009725 0.111690
    51 3.750099 0.116322 -0.429641 -0.183614 -0.067994 -1.128857
    52 2.258183 0.000000 0.000000 0.042077 0.053977 -0.662652
    53 1.210392 0.000001 0.000000 -0.001842 -0.011976 0.162659
    54 3.868322 -0.161243 -1.490733 -0.177010 -0.034210 -1.024999
    55 1.786068 0.000002 0.000000 -0.051298 -0.063999 -0.749967
    56 1.044445 0.000000 0.000000 -0.001333 -0.038512 0.149883
    57 1.121502 -1.347836 -1.035880 -1.045302 0.582555 0.243500
    58 1.928122 0.000000 -0.000002 -0.000025 0.188108 -0.446082
    59 1.285141 0.000000 -0.000002 -0.000058 0.040588 -0.886387
    60 11.768703 0.000000 -0.000008 0.242666 0.000000 0.000000
    61 5.884356 0.000000 -0.000004 0.128617 0.000000 0.000000
    62 11.679195 0.000000 0.000000 0.000000 0.000000 -0.161657
    63 7.023272 -6.880002 4.339547 2.620672 -1.456011 -1.105365
    64 -24.796875 -5.859375 -0.388672 2.981271 0.090162 1.708507
    65 0.000000 -0.000007 -0.000031 1.373047 0.113574 0.124314
    66 -0.000004 -0.000007 -0.000031 1.373047 0.113574 0.124314
    67 3.348999 -1.371000 0.725000 1.977842 -0.088017 1.557794
    68 2.856895 -1.536201 -0.973800 -1.501147 -0.272558 -1.578261
    69 -0.000004 0.000000 10.000000 0.000000 0.000000 0.000000
    70 0.018894 0.665159 9.395880 0.000000 0.000000 0.000000
    71 2.000008 -3.000000 0.000000 -1.570796 0.000000 -1.326450
    72 3.028210 -0.923410 -2.009452 1.574082 -0.012974 1.587243
    73 0.116953 4.311607 0.061859 0.000010 0.000000 0.000000
    74 -0.000002 0.000000 0.000001 0.000000 0.000000 0.000000
    75 0.000000 1.000000 0.000010 0.000000 0.000000 0.000000
    76 -0.000002 0.000000 0.000000 0.000000 0.000000 0.000000
    77 -0.000002 0.000000 0.000000 0.000000 0.000000 0.000000
    78 -0.000002 0.000000 0.000000 0.000000 0.000000 0.000000
time 198
    0 -1.219727 -6.296875 24.734375 1.677609 0.044997 -0.143562
    1 0.000000 4.246162 -0.018825 1.571528 -0.127334 1.574212
    2 4.195629 0.000000 0.000000 0.000638 0.001783 -0.158487
    3 3.883152 0.000001 0.000000 0.000788 -0.000501 -0.042562
    4 5.985943 0.000002 0.000000 -0.000117 -0.002538 0.433992
    5 4.268658 1.531896 -1.575000 1.420804 0.926524 -0.342292
    6 5.782729 0.000000 0.000001 3.074262 -0.034587 0.681651
    7 11.452759 0.000001 0.000000 0.000000 0.000000 -0.289162
    8 4.268658 1.531894 1.575000 -1.656492 -0.876519 -0.151771
    9 5.782726 0.000004 0.000001 -2.978755 0.170276 0.692183
    10 11.452763 0.000001 0.000004 0.000000 0.000000 -0.343801
    11 10.945534 -0.000007 -0.000034 1.396733 -0.177082 0.142600
    12 10.945518 -0.000005 0.000015 -1.147635 0.116304 -0.005760
    13 -3.806942 0.000000 0.000000 -1.132870 -0.210758 -1.823897
    14 19.253841 0.000000 0.000000 0.000000 0.000000 0.025250
    15 6.694798 0.000000 0.000000 0.000000 0.000000 0.000000
    16 5.620499 0.000002 0.000000 2.911343 -0.036843 -0.177818
    17 4.684906 0.000002 0.000000 -0.170338 0.028574 1.071088
    18 19.263098 0.000000 0.000000 0.000000 0.000000 0.286546
    19 17.589096 0.000000 0.000000 0.016608 -0.345650 -0.697337
    20 6.240662 0.000000 0.000000 -0.112052 0.023832 -0.398582
    21 3.806942 0.000000 0.000000 -2.082653 -0.143921 -1.381482
    22 6.694801 0.000000 0.000000 0.000000 0.000000 0.000000
    23 19.253845 0.000000 0.000000 0.000000 0.000000 0.025253
    24 3.147137 0.005680 -1.551346 0.204908 0.143273 -0.954241
    25 1.585903 0.000000 0.000000 0.011390 0.016585 -0.964682
    26 0.849087 0.000002 0.000000 -0.054430 -0.175364 -0.012812
    27 3.471079 0.213264 -0.574066 0.197841 0.103922 -1.056897
    28 1.897533 -0.000002 0.000000 -0.051937 -0.088263 -1.080741
    29 1.014454 0.000002 0.000000 0.002346 0.009693 0.056304
    30 3.750082 0.114767 0.430058 0.187201 0.067923 -1.244533
    31 2.258186 0.000000 0.000000 -0.042022 -0.053930 -0.856641
    32 1.210384 0.000001 0.000000 0.001810 0.011981 0.157202
    33 3.868294 -0.166636 1.490141 0.180581 0.034246 -1.190451
    34 1.786068 0.000000 0.000000 0.051300 0.063943 -1.015925
    35 1.044434 -0.000002 0.000000 0.001325 0.038484 0.095729
    36 1.121473 -1.351564 1.030998 1.138475 -0.607693 0.231095
    37 1.928116 0.000000 0.000000 -0.090105 -0.188036 -0.457011
    38 1.285145 -0.000001 0.000000 -0.000005 -0.040574 -1.047036
    39 19.263105 0.000000 0.000000 0.000000 0.000000 0.167322
    40 17.589100 0.000000 0.000000 0.058880 0.314225 -0.614564
    41 6.240662 0.000000 0.000000 0.020441 -0.027716 -0.532250
    42 5.884350 0.000000 0.000004 -0.126310 0.000000 0.000000
    43 11.768705 0.000000 0.000000 -0.238428 0.000000 0.000000
    44 11.679195 0.000000 0.000008 0.000000 0.000000 -0.161658
    45 3.147156 0.000065 1.551354 -0.201298 -0.143284 -0.649417
    46 1.585903 0.000000 0.000000 -0.011409 -0.016643 -1.331409
    47 0.849087 0.000000 0.000000 0.054379 0.175346 0.227690
    48 3.471100 0.211189 0.574833 -0.194213 -0.103888 -0.872699
    49 1.897533 0.000000 0.000000 0.051947 0.088323 -1.093272
    50 1.014446 0.000003 0.000000 -0.002359 -0.009725 0.111690
    51 3.750099 0.116322 -0.429641 -0.183614 -0.067994 -1.128857
    52 2.258183 0.000000 0.000000 0.042077 0.053977 -0.662652
    53 1.210392 0.000001 0.000000 -0.001842 -0.011976 0.162659
    54 3.868322 -0.161243 -1.490733 -0.177010 -0.034210 -1.024999
    55 1.786068 0.000002 0.000000 -0.051298 -0.063999 -0.749967
    56 1.044445 0.000000 0.000000 -0.001333 -0.038512 0.149883
    57 1.121502 -1.347836 -1.035880 -1.045302 0.582555 0.243500
    58 1.928122 0.000000 -0.000002 -0.000025 0.188108 -0.446082
    59 1.285141 0.000000 -0.000002 -0.000058 0.040588 -0.886387
    60 11.768703 0.000000 -0.000008 0.242666 0.000000 0.000000
    61 5.884356 0.000000 -0.000004 0.128617 0.000000 0.000000
    62 11.679195 0.000000 0.000000 0.000000 0.000000 -0.161657
    63 7.023272 -6.880002 4.339547 2.620672 -1.456011 -1.105365
    64 -25.968750 -6.789063 0.025055 3.026730 -0.006939 1.695005
    65 0.000000 -0.000007 -0.000031 1.373047 0.113574 0.124314
    66 -0.000004 -0.000007 -0.000031 1.373047 0.113574 0.124314
    67 3.348999 -1.371000 0.725000 1.977842 -0.088017 1.557794
    68 2.856895 -1.536201 -0.973800 -1.501147 -0.272558 -1.578261
    69 -0.000004 0.000000 10.000000 0.000000 0.000000 0.000000
    70 0.018894 0.665159 9.395880 0.000000 0.000000 0.000000
    71 2.000008 -3.000000 0.000000 -1.570796 0.000000 -1.326450
    72 3.028210 -0.923410 -2.009452 1.574082 -0.012974 1.587243
    73 0.116953 4.311607 0.061859 0.000010 0.000000 0.000000
    74 -0.000002 0.000000 0.000001 0.000000 0.000000 0.000000
    75 0.000000 1.000000 0.000010 0.000000 0.000000 0.000000
    76 -0.000002 0.000000 0.000000 0.000000 0.000000 0.000000
    77 -0.000002 0.000000 0.000000 0.000000 0.000000 0.000000
    78 -0.000002 0.000000 0.000000 0.000000 0.000000 0.000000
end
