version 1
nodes
  0 "ValveBiped.Bip01_Pelvis" -1
  1 "ValveBiped.Bip01_L_Thigh" 0
  2 "ValveBiped.Bip01_L_Calf" 1
  3 "ValveBiped.Bip01_L_Foot" 2
  4 "ValveBiped.Bip01_L_Toe0" 3
  5 "ValveBiped.Bip01_R_Thigh" 0
  6 "ValveBiped.Bip01_R_Calf" 5
  7 "ValveBiped.Bip01_R_Foot" 6
  8 "ValveBiped.Bip01_R_Toe0" 7
  9 "ValveBiped.Bip01_Spine" 0
  10 "ValveBiped.Bip01_Spine1" 9
  11 "ValveBiped.Bip01_Spine2" 10
  12 "ValveBiped.Bip01_Spine4" 11
  13 "ValveBiped.Bip01_Neck1" 12
  14 "ValveBiped.Bip01_Head1" 13
  15 "ValveBiped.Bip01_L_Clavicle" 12
  16 "ValveBiped.Bip01_L_UpperArm" 15
  17 "ValveBiped.Bip01_L_Forearm" 16
  18 "ValveBiped.Bip01_L_Hand" 17
  19 "ValveBiped.Bip01_L_Finger4" 18
  20 "ValveBiped.Bip01_L_Finger41" 19
  21 "ValveBiped.Bip01_L_Finger42" 20
  22 "ValveBiped.Bip01_L_Finger3" 18
  23 "ValveBiped.Bip01_L_Finger31" 22
  24 "ValveBiped.Bip01_L_Finger32" 23
  25 "ValveBiped.Bip01_L_Finger2" 18
  26 "ValveBiped.Bip01_L_Finger21" 25
  27 "ValveBiped.Bip01_L_Finger22" 26
  28 "ValveBiped.Bip01_L_Finger1" 18
  29 "ValveBiped.Bip01_L_Finger11" 28
  30 "ValveBiped.Bip01_L_Finger12" 29
  31 "ValveBiped.Bip01_L_Finger0" 18
  32 "ValveBiped.Bip01_L_Finger01" 31
  33 "ValveBiped.Bip01_L_Finger02" 32
  34 "ValveBiped.Bip01_R_Clavicle" 12
  35 "ValveBiped.Bip01_R_UpperArm" 34
  36 "ValveBiped.Bip01_R_Forearm" 35
  37 "ValveBiped.Bip01_R_Hand" 36
  38 "ValveBiped.Bip01_R_Finger4" 37
  39 "ValveBiped.Bip01_R_Finger41" 38
  40 "ValveBiped.Bip01_R_Finger42" 39
  41 "ValveBiped.Bip01_R_Finger3" 37
  42 "ValveBiped.Bip01_R_Finger31" 41
  43 "ValveBiped.Bip01_R_Finger32" 42
  44 "ValveBiped.Bip01_R_Finger2" 37
  45 "ValveBiped.Bip01_R_Finger21" 44
  46 "ValveBiped.Bip01_R_Finger22" 45
  47 "ValveBiped.Bip01_R_Finger1" 37
  48 "ValveBiped.Bip01_R_Finger11" 47
  49 "ValveBiped.Bip01_R_Finger12" 48
  50 "ValveBiped.Bip01_R_Finger0" 37
  51 "ValveBiped.Bip01_R_Finger01" 50
  52 "ValveBiped.Bip01_R_Finger02" 51
  53 "ValveBiped.attachment_bandage_armL" 17
  54 "ValveBiped.attachment_bandage_legL" 1
  55 "ValveBiped.attachment_bandage_legR" 5
  56 "ValveBiped.attachment_armL_T" 17
  57 "ValveBiped.attachment_armR_T" 36
  58 "ValveBiped.weapon_bone" 37
  59 "ValveBiped.weapon_bone_Clip" 58
  60 "ValveBiped.L_weapon_bone" 18
  61 "ValveBiped.forward" 14
  62 "ValveBiped.weapon_bone_extra" 58
  63 "ValveBiped.weapon_bone_Clip2" 18
  64 "ValveBiped.weapon_bone_Clip2_Bullets" 63
  65 "ValveBiped.weapon_bolt_l" 18
  66 "ValveBiped.weapon_bone_Clip_Bullets" 59
  67 "ValveBiped.weapon_bolt" 58
  68 "ValveBiped.weapon_bolt_opposite" 58
  69 "ValveBiped.weapon_charger" 58
end
skeleton
time 0
    0 -1.161133 -6.601563 25.765625 1.677609 0.044997 -0.143562
    1 3.455587 0.000000 0.000000 -1.836482 -0.300343 -1.450385
    2 16.572346 0.000000 0.000000 0.000000 0.000000 0.324803
    3 16.265829 0.000000 0.000000 -0.109876 0.112660 -0.678916
    4 5.046457 0.000000 0.000000 0.009851 -0.018719 -0.524407
    5 -3.455587 0.000000 0.000000 -1.430451 -0.383817 -1.719315
    6 16.572346 0.000000 0.000000 0.000000 0.000000 0.500458
    7 16.265831 0.000000 0.000000 0.216619 -0.116271 -0.808767
    8 5.046457 0.000000 0.000000 -0.100155 0.014969 -0.390712
    9 0.000000 3.703728 0.293189 1.571579 -0.197499 1.574197
    10 3.307846 0.000000 0.000000 0.000841 0.001699 -0.130617
    11 3.297962 0.000000 0.000000 0.000737 -0.000547 -0.160826
    12 6.040985 0.000000 0.000000 0.000354 -0.002573 0.265018
    13 5.065758 0.000000 0.000000 2.916735 -0.062233 -0.098101
    14 3.993755 0.000000 0.000000 -0.170359 0.028604 0.958668
    15 3.815876 1.385489 1.500000 -1.556681 -0.909272 -0.205693
    16 4.327093 0.000004 0.000000 -3.012630 -0.031167 0.719139
    17 11.105114 0.000000 0.000000 0.000000 0.000000 -0.342924
    18 9.862099 -0.000011 -0.000031 1.252658 -0.124456 0.097558
    19 2.641094 0.214619 -1.073586 0.343640 0.190540 -0.806457
    20 1.361605 -0.000002 0.000000 -0.033852 -0.056532 -1.168171
    21 0.779602 0.000002 0.000000 -0.038792 -0.123973 0.252811
    22 2.908712 0.221762 -0.431868 0.315656 0.064476 -0.893331
    23 1.597527 0.000001 0.000000 -0.020331 -0.043837 -1.158634
    24 0.912680 0.000001 0.000000 0.002529 0.008221 0.233624
    25 3.265450 0.050007 0.415744 0.322996 0.091423 -1.049966
    26 1.860470 0.000000 0.000000 -0.051601 -0.064213 -1.194101
    27 1.061481 -0.000001 0.000000 0.004104 0.029474 0.404443
    28 3.340382 -0.242393 1.285012 0.318526 0.062572 -1.131184
    29 1.550753 0.000001 0.000000 0.061672 0.075949 -1.038656
    30 0.904888 0.000001 0.000000 0.001693 0.026264 0.279791
    31 1.219385 -1.063860 0.837143 1.700714 -0.490087 -0.201253
    32 1.496971 -0.000002 -0.000001 -0.211499 -0.093020 -0.524662
    33 1.100086 0.000000 0.000000 0.034391 -0.021604 -0.723527
    34 3.815876 1.385489 -1.500000 1.306753 0.947027 -0.408982
    35 4.327089 -0.000004 0.000000 3.099297 0.140359 0.743025
    36 11.105106 0.000000 0.000004 0.000000 0.000000 -0.281313
    37 9.862080 -0.000007 0.000017 -0.995078 0.065458 -0.050497
    38 2.641111 0.211586 1.074188 -0.340778 -0.190504 -0.713994
    39 1.361601 0.000000 0.000000 0.033791 0.056509 -0.943913
    40 0.779604 0.000001 0.000000 0.038833 0.124038 0.218150
    41 2.908730 0.220541 0.432493 -0.312825 -0.064540 -0.854119
    42 1.597527 0.000000 0.000000 0.020338 0.043857 -0.899809
    43 0.912678 0.000000 0.000000 -0.002548 -0.008289 0.256412
    44 3.265471 0.051184 -0.415600 -0.320176 -0.091421 -0.907618
    45 1.860470 0.000000 0.000000 0.051611 0.064235 -1.000517
    46 1.061485 0.000000 0.000000 -0.004037 -0.029426 0.237782
    47 3.340403 -0.238762 -1.285691 -0.315698 -0.062609 -0.887483
    48 1.550755 0.000000 0.000000 -0.061667 -0.075946 -1.019680
    49 0.904886 0.000001 0.000000 -0.001669 -0.026281 0.159649
    50 1.219410 -1.061498 -0.840143 -1.725617 0.534025 -0.029356
    51 1.496971 0.000002 0.000000 0.141600 0.113297 -0.458891
    52 1.100088 0.000000 0.000000 -0.031342 0.025865 -0.596322
    53 -21.171875 -9.304688 5.417969 3.002607 -0.015395 1.700050
    54 0.000000 0.000000 0.000000 -0.077030 -0.068757 -1.299215
    55 7.054213 0.000000 0.000000 0.000000 0.000000 0.000000
    56 0.000000 -0.000007 -0.000031 1.373047 0.113574 0.124314
    57 0.000000 -0.000007 -0.000031 1.373047 0.113574 0.124314
    58 2.856947 -1.536175 -0.973780 -1.501147 -0.272558 -1.578261
    59 0.000000 0.000000 10.000000 0.000000 0.000000 0.000000
    60 2.856899 -1.536201 -0.973800 -1.501147 -0.272558 -1.578261
    61 2.000000 -3.000000 0.000000 -1.570796 0.000000 -1.326450
    62 0.018896 0.665159 9.395880 0.000000 0.000000 0.000000
    63 3.028210 -0.923409 -2.009452 1.574082 -0.012974 1.587244
    64 0.116954 4.311606 0.061861 0.000010 0.000000 0.000000
    65 0.000000 -0.000002 0.000000 0.000000 0.000000 0.000000
    66 0.000000 1.000000 0.000010 0.000000 0.000000 0.000000
    67 -0.000001 0.000000 0.000000 0.000000 0.000000 0.000000
    68 -0.000001 0.000000 0.000000 0.000000 0.000000 0.000000
    69 -0.000001 0.000000 0.000000 0.000000 0.000000 0.000000
time 1
    0 -0.667969 -6.582031 25.765625 1.675865 0.039848 -0.172389
    1 3.455587 0.000000 0.000000 -1.860175 -0.302463 -1.442310
    2 16.572346 0.000000 0.000000 0.000000 0.000000 0.320342
    3 16.265829 0.000000 0.000000 -0.073608 0.097875 -0.681519
    4 5.046457 0.000000 0.000000 0.009835 -0.018749 -0.513778
    5 -3.455587 0.000000 0.000000 -1.494893 -0.404326 -1.703750
    6 16.572346 0.000000 0.000000 0.000000 0.000000 0.510355
    7 16.265831 0.000000 0.000000 0.236001 -0.104362 -0.763180
    8 5.046457 0.000000 0.000000 -0.100192 0.015005 -0.377155
    9 0.000000 3.703728 0.293189 1.568796 -0.201654 1.580203
    10 3.307846 0.000000 0.000000 -0.001731 0.004041 -0.128718
    11 3.297962 0.000000 0.000000 -0.001605 -0.002641 -0.161170
    12 6.040985 0.000000 0.000000 -0.002866 -0.006499 0.263898
    13 5.065758 0.000000 0.000000 2.919504 -0.069924 -0.100460
    14 3.993755 0.000000 0.000000 -0.164432 0.032026 0.960487
    15 3.815876 1.385489 1.500000 -1.528144 -0.914613 -0.238823
    16 4.327093 0.000004 0.000000 -3.015998 -0.034643 0.714293
    17 11.105114 0.000000 0.000000 0.000000 0.000000 -0.358968
    18 9.862099 -0.000011 -0.000031 1.274796 -0.127926 0.110715
    19 2.641094 0.214619 -1.073586 0.343640 0.190540 -0.806457
    20 1.361605 -0.000002 0.000000 -0.033852 -0.056532 -1.168171
    21 0.779602 0.000002 0.000000 -0.038792 -0.123973 0.252811
    22 2.908712 0.221762 -0.431868 0.315656 0.064476 -0.893331
    23 1.597527 0.000001 0.000000 -0.020331 -0.043837 -1.158634
    24 0.912680 0.000001 0.000000 0.002529 0.008221 0.233624
    25 3.265450 0.050007 0.415744 0.322996 0.091423 -1.049966
    26 1.860470 0.000000 0.000000 -0.051601 -0.064213 -1.194101
    27 1.061481 -0.000001 0.000000 0.004104 0.029474 0.404443
    28 3.340382 -0.242393 1.285012 0.318526 0.062572 -1.131184
    29 1.550753 0.000001 0.000000 0.061672 0.075949 -1.038656
    30 0.904888 0.000001 0.000000 0.001693 0.026264 0.279791
    31 1.219385 -1.063860 0.837143 1.700714 -0.490087 -0.201253
    32 1.496971 -0.000002 -0.000001 -0.211499 -0.093020 -0.524662
    33 1.100086 0.000000 0.000000 0.034391 -0.021604 -0.723527
    34 3.815876 1.385489 -1.500000 1.347435 0.941327 -0.373782
    35 4.327089 -0.000004 0.000000 3.102088 0.142267 0.753356
    36 11.105106 0.000000 0.000004 0.000000 0.000000 -0.253179
    37 9.862080 -0.000007 0.000017 -0.981143 0.080122 -0.061613
    38 2.641111 0.211586 1.074188 -0.340778 -0.190504 -0.713994
    39 1.361601 0.000000 0.000000 0.033791 0.056509 -0.943913
    40 0.779604 0.000001 0.000000 0.038833 0.124038 0.218150
    41 2.908730 0.220541 0.432493 -0.312825 -0.064540 -0.854119
    42 1.597527 0.000000 0.000000 0.020338 0.043857 -0.899809
    43 0.912678 0.000000 0.000000 -0.002548 -0.008289 0.256412
    44 3.265471 0.051184 -0.415600 -0.320176 -0.091421 -0.907618
    45 1.860470 0.000000 0.000000 0.051611 0.064235 -1.000517
    46 1.061485 0.000000 0.000000 -0.004037 -0.029426 0.237782
    47 3.340403 -0.238762 -1.285691 -0.315698 -0.062609 -0.887483
    48 1.550755 0.000000 0.000000 -0.061667 -0.075946 -1.019680
    49 0.904886 0.000001 0.000000 -0.001669 -0.026281 0.159649
    50 1.219410 -1.061498 -0.840143 -1.725617 0.534025 -0.029356
    51 1.496971 0.000002 0.000000 0.141600 0.113297 -0.458891
    52 1.100088 0.000000 0.000000 -0.031342 0.025865 -0.596322
    53 -21.562500 -9.210938 5.531250 3.007054 -0.040938 1.715019
    54 0.000000 0.000000 0.000000 -0.077030 -0.068757 -1.299215
    55 7.054213 0.000000 0.000000 0.000000 0.000000 0.000000
    56 0.000000 -0.000007 -0.000031 1.373047 0.113574 0.124314
    57 0.000000 -0.000007 -0.000031 1.373047 0.113574 0.124314
    58 2.856947 -1.536175 -0.973780 -1.501147 -0.272558 -1.578261
    59 0.000000 0.000000 10.000000 0.000000 0.000000 0.000000
    60 2.856899 -1.536201 -0.973800 -1.501147 -0.272558 -1.578261
    61 2.000000 -3.000000 0.000000 -1.570796 0.000000 -1.326450
    62 0.018896 0.665159 9.395880 0.000000 0.000000 0.000000
    63 3.028210 -0.923409 -2.009452 1.574082 -0.012974 1.587244
    64 0.116954 4.311606 0.061861 0.000010 0.000000 0.000000
    65 0.000000 -0.000002 0.000000 0.000000 0.000000 0.000000
    66 0.000000 1.000000 0.000010 0.000000 0.000000 0.000000
    67 -0.000001 0.000000 0.000000 0.000000 0.000000 0.000000
    68 -0.000001 0.000000 0.000000 0.000000 0.000000 0.000000
    69 -0.000001 0.000000 0.000000 0.000000 0.000000 0.000000
time 2
    0 -0.193604 -6.562500 25.765625 1.672564 0.032959 -0.196083
    1 3.455587 0.000000 0.000000 -1.878983 -0.303407 -1.430971
    2 16.572346 0.000000 0.000000 0.000000 0.000000 0.325415
    3 16.265829 0.000000 0.000000 -0.092542 0.077362 -0.691736
    4 5.046457 0.000000 0.000000 0.009842 -0.018745 -0.514582
    5 -3.455587 0.000000 0.000000 -1.552842 -0.422975 -1.691139
    6 16.572346 0.000000 0.000000 0.000000 0.000000 0.518924
    7 16.265831 0.000000 0.000000 0.236361 -0.103376 -0.726160
    8 5.046457 0.000000 0.000000 -0.100187 0.015044 -0.401736
    9 0.000000 3.703728 0.293189 1.566521 -0.206730 1.584586
    10 3.307846 0.000000 0.000000 -0.003989 0.005629 -0.126477
    11 3.297962 0.000000 0.000000 -0.003546 -0.005398 -0.161856
    12 6.040985 0.000000 0.000000 -0.005890 -0.011676 0.261663
    13 5.065758 0.000000 0.000000 2.920915 -0.074856 -0.099355
    14 3.993755 0.000000 0.000000 -0.160632 0.033266 0.959418
    15 3.815876 1.385489 1.500000 -1.513064 -0.911926 -0.256988
    16 4.327093 0.000004 0.000000 -3.019962 -0.036746 0.704559
    17 11.105114 0.000000 0.000000 0.000000 0.000000 -0.373103
    18 9.862099 -0.000011 -0.000031 1.297626 -0.128972 0.119111
    19 2.641094 0.214619 -1.073586 0.343640 0.190540 -0.806457
    20 1.361605 -0.000002 0.000000 -0.033852 -0.056532 -1.168171
    21 0.779602 0.000002 0.000000 -0.038792 -0.123973 0.252811
    22 2.908712 0.221762 -0.431868 0.315656 0.064476 -0.893331
    23 1.597527 0.000001 0.000000 -0.020331 -0.043837 -1.158634
    24 0.912680 0.000001 0.000000 0.002529 0.008221 0.233624
    25 3.265450 0.050007 0.415744 0.322996 0.091423 -1.049966
    26 1.860470 0.000000 0.000000 -0.051601 -0.064213 -1.194101
    27 1.061481 -0.000001 0.000000 0.004104 0.029474 0.404443
    28 3.340382 -0.242393 1.285012 0.318526 0.062572 -1.131184
    29 1.550753 0.000001 0.000000 0.061672 0.075949 -1.038656
    30 0.904888 0.000001 0.000000 0.001693 0.026264 0.279791
    31 1.219385 -1.063860 0.837143 1.700714 -0.490087 -0.201253
    32 1.496971 -0.000002 -0.000001 -0.211499 -0.093020 -0.524662
    33 1.100086 0.000000 0.000000 0.034391 -0.021604 -0.723527
    34 3.815876 1.385489 -1.500000 1.373695 0.931272 -0.346533
    35 4.327089 -0.000004 0.000000 3.103440 0.144213 0.756628
    36 11.105106 0.000000 0.000004 0.000000 0.000000 -0.225356
    37 9.862080 -0.000007 0.000017 -0.964803 0.092046 -0.075728
    38 2.641111 0.211586 1.074188 -0.340778 -0.190504 -0.713994
    39 1.361601 0.000000 0.000000 0.033791 0.056509 -0.943913
    40 0.779604 0.000001 0.000000 0.038833 0.124038 0.218150
    41 2.908730 0.220541 0.432493 -0.312825 -0.064540 -0.854119
    42 1.597527 0.000000 0.000000 0.020338 0.043857 -0.899809
    43 0.912678 0.000000 0.000000 -0.002548 -0.008289 0.256412
    44 3.265471 0.051184 -0.415600 -0.320176 -0.091421 -0.907618
    45 1.860470 0.000000 0.000000 0.051611 0.064235 -1.000517
    46 1.061485 0.000000 0.000000 -0.004037 -0.029426 0.237782
    47 3.340403 -0.238762 -1.285691 -0.315698 -0.062609 -0.887483
    48 1.550755 0.000000 0.000000 -0.061667 -0.075946 -1.019680
    49 0.904886 0.000001 0.000000 -0.001669 -0.026281 0.159649
    50 1.219410 -1.061498 -0.840143 -1.725617 0.534025 -0.029356
    51 1.496971 0.000002 0.000000 0.141600 0.113297 -0.458891
    52 1.100088 0.000000 0.000000 -0.031342 0.025865 -0.596322
    53 -21.890625 -9.507813 5.695313 3.010149 -0.067490 1.728494
    54 0.000000 0.000000 0.000000 -0.077030 -0.068757 -1.299215
    55 7.054213 0.000000 0.000000 0.000000 0.000000 0.000000
    56 0.000000 -0.000007 -0.000031 1.373047 0.113574 0.124314
    57 0.000000 -0.000007 -0.000031 1.373047 0.113574 0.124314
    58 2.856947 -1.536175 -0.973780 -1.501147 -0.272558 -1.578261
    59 0.000000 0.000000 10.000000 0.000000 0.000000 0.000000
    60 2.856899 -1.536201 -0.973800 -1.501147 -0.272558 -1.578261
    61 2.000000 -3.000000 0.000000 -1.570796 0.000000 -1.326450
    62 0.018896 0.665159 9.395880 0.000000 0.000000 0.000000
    63 3.028210 -0.923409 -2.009452 1.574082 -0.012974 1.587244
    64 0.116954 4.311606 0.061861 0.000010 0.000000 0.000000
    65 0.000000 -0.000002 0.000000 0.000000 0.000000 0.000000
    66 0.000000 1.000000 0.000010 0.000000 0.000000 0.000000
    67 -0.000001 0.000000 0.000000 0.000000 0.000000 0.000000
    68 -0.000001 0.000000 0.000000 0.000000 0.000000 0.000000
    69 -0.000001 0.000000 0.000000 0.000000 0.000000 0.000000
time 3
    0 0.195190 -6.523438 25.750000 1.669352 0.024843 -0.202368
    1 3.455587 0.000000 0.000000 -1.889226 -0.308038 -1.412626
    2 16.572346 0.000000 0.000000 0.000000 0.000000 0.344326
    3 16.265829 0.000000 0.000000 -0.139815 0.048577 -0.706027
    4 5.046457 0.000000 0.000000 0.009890 -0.018742 -0.510745
    5 -3.455587 0.000000 0.000000 -1.599697 -0.438245 -1.682118
    6 16.572346 0.000000 0.000000 0.000000 0.000000 0.519818
    7 16.265831 0.000000 0.000000 0.224675 -0.113031 -0.709363
    8 5.046457 0.000000 0.000000 -0.100183 0.014979 -0.392211
    9 0.000000 3.703728 0.293189 1.560721 -0.209414 1.586370
    10 3.307846 0.000000 0.000000 -0.009618 0.005798 -0.125111
    11 3.297962 0.000000 0.000000 -0.008810 -0.007812 -0.160881
    12 6.040985 0.000000 0.000000 -0.011915 -0.014359 0.263200
    13 5.065758 0.000000 0.000000 2.924478 -0.077191 -0.098609
    14 3.993755 0.000000 0.000000 -0.156332 0.033091 0.959617
    15 3.815876 1.385489 1.500000 -1.502436 -0.907162 -0.268946
    16 4.327093 0.000004 0.000000 -3.024174 -0.036111 0.698864
    17 11.105114 0.000000 0.000000 0.000000 0.000000 -0.381540
    18 9.862099 -0.000011 -0.000031 1.319130 -0.128591 0.123618
    19 2.641094 0.214619 -1.073586 0.343640 0.190540 -0.806457
    20 1.361605 -0.000002 0.000000 -0.033852 -0.056532 -1.168171
    21 0.779602 0.000002 0.000000 -0.038792 -0.123973 0.252811
    22 2.908712 0.221762 -0.431868 0.315656 0.064476 -0.893331
    23 1.597527 0.000001 0.000000 -0.020331 -0.043837 -1.158634
    24 0.912680 0.000001 0.000000 0.002529 0.008221 0.233624
    25 3.265450 0.050007 0.415744 0.322996 0.091423 -1.049966
    26 1.860470 0.000000 0.000000 -0.051601 -0.064213 -1.194101
    27 1.061481 -0.000001 0.000000 0.004104 0.029474 0.404443
    28 3.340382 -0.242393 1.285012 0.318526 0.062572 -1.131184
    29 1.550753 0.000001 0.000000 0.061672 0.075949 -1.038656
    30 0.904888 0.000001 0.000000 0.001693 0.026264 0.279791
    31 1.219385 -1.063860 0.837143 1.700714 -0.490087 -0.201253
    32 1.496971 -0.000002 -0.000001 -0.211499 -0.093020 -0.524662
    33 1.100086 0.000000 0.000000 0.034391 -0.021604 -0.723527
    34 3.815876 1.385489 -1.500000 1.396813 0.922917 -0.321719
    35 4.327089 -0.000004 0.000000 3.102779 0.143837 0.758820
    36 11.105106 0.000000 0.000004 0.000000 0.000000 -0.194367
    37 9.862080 -0.000007 0.000017 -0.946827 0.098495 -0.093690
    38 2.641111 0.211586 1.074188 -0.340778 -0.190504 -0.713994
    39 1.361601 0.000000 0.000000 0.033791 0.056509 -0.943913
    40 0.779604 0.000001 0.000000 0.038833 0.124038 0.218150
    41 2.908730 0.220541 0.432493 -0.312825 -0.064540 -0.854119
    42 1.597527 0.000000 0.000000 0.020338 0.043857 -0.899809
    43 0.912678 0.000000 0.000000 -0.002548 -0.008289 0.256412
    44 3.265471 0.051184 -0.415600 -0.320176 -0.091421 -0.907618
    45 1.860470 0.000000 0.000000 0.051611 0.064235 -1.000517
    46 1.061485 0.000000 0.000000 -0.004037 -0.029426 0.237782
    47 3.340403 -0.238762 -1.285691 -0.315698 -0.062609 -0.887483
    48 1.550755 0.000000 0.000000 -0.061667 -0.075946 -1.019680
    49 0.904886 0.000001 0.000000 -0.001669 -0.026281 0.159649
    50 1.219410 -1.061498 -0.840143 -1.725617 0.534025 -0.029356
    51 1.496971 0.000002 0.000000 0.141600 0.113297 -0.458891
    52 1.100088 0.000000 0.000000 -0.031342 0.025865 -0.596322
    53 -22.140625 -10.226563 5.921875 3.011657 -0.091744 1.739530
    54 0.000000 0.000000 0.000000 -0.077030 -0.068757 -1.299215
    55 7.054213 0.000000 0.000000 0.000000 0.000000 0.000000
    56 0.000000 -0.000007 -0.000031 1.373047 0.113574 0.124314
    57 0.000000 -0.000007 -0.000031 1.373047 0.113574 0.124314
    58 2.856947 -1.536175 -0.973780 -1.501147 -0.272558 -1.578261
    59 0.000000 0.000000 10.000000 0.000000 0.000000 0.000000
    60 2.856899 -1.536201 -0.973800 -1.501147 -0.272558 -1.578261
    61 2.000000 -3.000000 0.000000 -1.570796 0.000000 -1.326450
    62 0.018896 0.665159 9.395880 0.000000 0.000000 0.000000
    63 3.028210 -0.923409 -2.009452 1.574082 -0.012974 1.587244
    64 0.116954 4.311606 0.061861 0.000010 0.000000 0.000000
    65 0.000000 -0.000002 0.000000 0.000000 0.000000 0.000000
    66 0.000000 1.000000 0.000010 0.000000 0.000000 0.000000
    67 -0.000001 0.000000 0.000000 0.000000 0.000000 0.000000
    68 -0.000001 0.000000 0.000000 0.000000 0.000000 0.000000
    69 -0.000001 0.000000 0.000000 0.000000 0.000000 0.000000
time 4
    0 0.527344 -6.503906 25.734375 1.665411 0.015339 -0.200103
    1 3.455587 0.000000 0.000000 -1.906005 -0.313180 -1.388126
    2 16.572346 0.000000 0.000000 0.000000 0.000000 0.372049
    3 16.265829 0.000000 0.000000 -0.186610 0.027837 -0.716012
    4 5.046457 0.000000 0.000000 0.009841 -0.018768 -0.505571
    5 -3.455587 0.000000 0.000000 -1.642930 -0.449762 -1.676187
    6 16.572346 0.000000 0.000000 0.000000 0.000000 0.513121
    7 16.265831 0.000000 0.000000 0.201683 -0.125302 -0.689556
    8 5.046457 0.000000 0.000000 -0.100226 0.015004 -0.384286
    9 0.000000 3.703728 0.293189 1.554136 -0.210365 1.585808
    10 3.307846 0.000000 0.000000 -0.015960 0.004887 -0.124433
    11 3.297962 0.000000 0.000000 -0.014871 -0.010104 -0.158852
    12 6.040985 0.000000 0.000000 -0.018599 -0.015878 0.267451
    13 5.065758 0.000000 0.000000 2.929750 -0.079065 -0.097632
    14 3.993755 0.000000 0.000000 -0.150905 0.032483 0.960507
    15 3.815876 1.385489 1.500000 -1.497148 -0.902574 -0.276608
    16 4.327093 0.000004 0.000000 -3.027370 -0.035524 0.697871
    17 11.105114 0.000000 0.000000 0.000000 0.000000 -0.385233
    18 9.862099 -0.000011 -0.000031 1.338984 -0.127313 0.126416
    19 2.641094 0.214619 -1.073586 0.343640 0.190540 -0.806457
    20 1.361605 -0.000002 0.000000 -0.033852 -0.056532 -1.168171
    21 0.779602 0.000002 0.000000 -0.038792 -0.123973 0.252811
    22 2.908712 0.221762 -0.431868 0.315656 0.064476 -0.893331
    23 1.597527 0.000001 0.000000 -0.020331 -0.043837 -1.158634
    24 0.912680 0.000001 0.000000 0.002529 0.008221 0.233624
    25 3.265450 0.050007 0.415744 0.322996 0.091423 -1.049966
    26 1.860470 0.000000 0.000000 -0.051601 -0.064213 -1.194101
    27 1.061481 -0.000001 0.000000 0.004104 0.029474 0.404443
    28 3.340382 -0.242393 1.285012 0.318526 0.062572 -1.131184
    29 1.550753 0.000001 0.000000 0.061672 0.075949 -1.038656
    30 0.904888 0.000001 0.000000 0.001693 0.026264 0.279791
    31 1.219385 -1.063860 0.837143 1.700714 -0.490087 -0.201253
    32 1.496971 -0.000002 -0.000001 -0.211499 -0.093020 -0.524662
    33 1.100086 0.000000 0.000000 0.034391 -0.021604 -0.723527
    34 3.815876 1.385489 -1.500000 1.413943 0.917559 -0.304022
    35 4.327089 -0.000004 0.000000 3.102963 0.144459 0.763595
    36 11.105106 0.000000 0.000004 0.000000 0.000000 -0.158921
    37 9.862080 -0.000007 0.000017 -0.929837 0.103072 -0.115162
    38 2.641111 0.211586 1.074188 -0.340778 -0.190504 -0.713994
    39 1.361601 0.000000 0.000000 0.033791 0.056509 -0.943913
    40 0.779604 0.000001 0.000000 0.038833 0.124038 0.218150
    41 2.908730 0.220541 0.432493 -0.312825 -0.064540 -0.854119
    42 1.597527 0.000000 0.000000 0.020338 0.043857 -0.899809
    43 0.912678 0.000000 0.000000 -0.002548 -0.008289 0.256412
    44 3.265471 0.051184 -0.415600 -0.320176 -0.091421 -0.907618
    45 1.860470 0.000000 0.000000 0.051611 0.064235 -1.000517
    46 1.061485 0.000000 0.000000 -0.004037 -0.029426 0.237782
    47 3.340403 -0.238762 -1.285691 -0.315698 -0.062609 -0.887483
    48 1.550755 0.000000 0.000000 -0.061667 -0.075946 -1.019680
    49 0.904886 0.000001 0.000000 -0.001669 -0.026281 0.159649
    50 1.219410 -1.061498 -0.840143 -1.725617 0.534025 -0.029356
    51 1.496971 0.000002 0.000000 0.141600 0.113297 -0.458891
    52 1.100088 0.000000 0.000000 -0.031342 0.025865 -0.596322
    53 -22.328125 -11.312500 6.085938 3.012197 -0.112764 1.748616
    54 0.000000 0.000000 0.000000 -0.077030 -0.068757 -1.299215
    55 7.054213 0.000000 0.000000 0.000000 0.000000 0.000000
    56 0.000000 -0.000007 -0.000031 1.373047 0.113574 0.124314
    57 0.000000 -0.000007 -0.000031 1.373047 0.113574 0.124314
    58 2.856947 -1.536175 -0.973780 -1.501147 -0.272558 -1.578261
    59 0.000000 0.000000 10.000000 0.000000 0.000000 0.000000
    60 2.856899 -1.536201 -0.973800 -1.501147 -0.272558 -1.578261
    61 2.000000 -3.000000 0.000000 -1.570796 0.000000 -1.326450
    62 0.018896 0.665159 9.395880 0.000000 0.000000 0.000000
    63 3.028210 -0.923409 -2.009452 1.574082 -0.012974 1.587244
    64 0.116954 4.311606 0.061861 0.000010 0.000000 0.000000
    65 0.000000 -0.000002 0.000000 0.000000 0.000000 0.000000
    66 0.000000 1.000000 0.000010 0.000000 0.000000 0.000000
    67 -0.000001 0.000000 0.000000 0.000000 0.000000 0.000000
    68 -0.000001 0.000000 0.000000 0.000000 0.000000 0.000000
    69 -0.000001 0.000000 0.000000 0.000000 0.000000 0.000000
time 5
    0 0.806641 -6.539063 25.718750 1.661690 0.004963 -0.191064
    1 3.455587 0.000000 0.000000 -1.928426 -0.318184 -1.359385
    2 16.572346 0.000000 0.000000 0.000000 0.000000 0.404954
    3 16.265829 0.000000 0.000000 -0.218481 0.014182 -0.726417
    4 5.046457 0.000000 0.000000 0.009841 -0.018768 -0.505571
    5 -3.455587 0.000000 0.000000 -1.680071 -0.454970 -1.673892
    6 16.572346 0.000000 0.000000 0.000000 0.000000 0.497430
    7 16.265831 0.000000 0.000000 0.172001 -0.140548 -0.668066
    8 5.046457 0.000000 0.000000 -0.100223 0.014969 -0.374163
    9 0.000000 3.703728 0.293189 1.548336 -0.209918 1.583990
    10 3.307846 0.000000 0.000000 -0.021755 0.003488 -0.124522
    11 3.297962 0.000000 0.000000 -0.020338 -0.012178 -0.158288
    12 6.040985 0.000000 0.000000 -0.024532 -0.017158 0.268569
    13 5.065758 0.000000 0.000000 2.930072 -0.084211 -0.093105
    14 3.993755 0.000000 0.000000 -0.148196 0.034234 0.958670
    15 3.815876 1.385489 1.500000 -1.497999 -0.901600 -0.272811
    16 4.327093 0.000004 0.000000 -3.032560 -0.036143 0.701327
    17 11.105114 0.000000 0.000000 0.000000 0.000000 -0.389016
    18 9.862099 -0.000011 -0.000031 1.357473 -0.124934 0.127863
    19 2.641094 0.214619 -1.073586 0.343640 0.190540 -0.806457
    20 1.361605 -0.000002 0.000000 -0.033852 -0.056532 -1.168171
    21 0.779602 0.000002 0.000000 -0.038792 -0.123973 0.252811
    22 2.908712 0.221762 -0.431868 0.315656 0.064476 -0.893331
    23 1.597527 0.000001 0.000000 -0.020331 -0.043837 -1.158634
    24 0.912680 0.000001 0.000000 0.002529 0.008221 0.233624
    25 3.265450 0.050007 0.415744 0.322996 0.091423 -1.049966
    26 1.860470 0.000000 0.000000 -0.051601 -0.064213 -1.194101
    27 1.061481 -0.000001 0.000000 0.004104 0.029474 0.404443
    28 3.340382 -0.242393 1.285012 0.318526 0.062572 -1.131184
    29 1.550753 0.000001 0.000000 0.061672 0.075949 -1.038656
    30 0.904888 0.000001 0.000000 0.001693 0.026264 0.279791
    31 1.219385 -1.063860 0.837143 1.700714 -0.490087 -0.201253
    32 1.496971 -0.000002 -0.000001 -0.211499 -0.093020 -0.524662
    33 1.100086 0.000000 0.000000 0.034391 -0.021604 -0.723527
    34 3.815876 1.385489 -1.500000 1.417890 0.914836 -0.296412
    35 4.327089 -0.000004 0.000000 3.098825 0.150652 0.773568
    36 11.105106 0.000000 0.000004 0.000000 0.000000 -0.120411
    37 9.862080 -0.000007 0.000017 -0.914140 0.109260 -0.132192
    38 2.641111 0.211586 1.074188 -0.340778 -0.190504 -0.713994
    39 1.361601 0.000000 0.000000 0.033791 0.056509 -0.943913
    40 0.779604 0.000001 0.000000 0.038833 0.124038 0.218150
    41 2.908730 0.220541 0.432493 -0.312825 -0.064540 -0.854119
    42 1.597527 0.000000 0.000000 0.020338 0.043857 -0.899809
    43 0.912678 0.000000 0.000000 -0.002548 -0.008289 0.256412
    44 3.265471 0.051184 -0.415600 -0.320176 -0.091421 -0.907618
    45 1.860470 0.000000 0.000000 0.051611 0.064235 -1.000517
    46 1.061485 0.000000 0.000000 -0.004037 -0.029426 0.237782
    47 3.340403 -0.238762 -1.285691 -0.315698 -0.062609 -0.887483
    48 1.550755 0.000000 0.000000 -0.061667 -0.075946 -1.019680
    49 0.904886 0.000001 0.000000 -0.001669 -0.026281 0.159649
    50 1.219410 -1.061498 -0.840143 -1.725617 0.534025 -0.029356
    51 1.496971 0.000002 0.000000 0.141600 0.113297 -0.458891
    52 1.100088 0.000000 0.000000 -0.031342 0.025865 -0.596322
    53 -22.421875 -12.851563 6.054688 3.012061 -0.130786 1.758036
    54 0.000000 0.000000 0.000000 -0.077030 -0.068757 -1.299215
    55 7.054213 0.000000 0.000000 0.000000 0.000000 0.000000
    56 0.000000 -0.000007 -0.000031 1.373047 0.113574 0.124314
    57 0.000000 -0.000007 -0.000031 1.373047 0.113574 0.124314
    58 2.856947 -1.536175 -0.973780 -1.501147 -0.272558 -1.578261
    59 0.000000 0.000000 10.000000 0.000000 0.000000 0.000000
    60 2.856899 -1.536201 -0.973800 -1.501147 -0.272558 -1.578261
    61 2.000000 -3.000000 0.000000 -1.570796 0.000000 -1.326450
    62 0.018896 0.665159 9.395880 0.000000 0.000000 0.000000
    63 3.028210 -0.923409 -2.009452 1.574082 -0.012974 1.587244
    64 0.116954 4.311606 0.061861 0.000010 0.000000 0.000000
    65 0.000000 -0.000002 0.000000 0.000000 0.000000 0.000000
    66 0.000000 1.000000 0.000010 0.000000 0.000000 0.000000
    67 -0.000001 0.000000 0.000000 0.000000 0.000000 0.000000
    68 -0.000001 0.000000 0.000000 0.000000 0.000000 0.000000
    69 -0.000001 0.000000 0.000000 0.000000 0.000000 0.000000
time 6
    0 1.014648 -6.640625 25.703125 1.657976 -0.006778 -0.175824
    1 3.455587 0.000000 0.000000 -1.964437 -0.321951 -1.326871
    2 16.572346 0.000000 0.000000 0.000000 0.000000 0.441774
    3 16.265829 0.000000 0.000000 -0.239054 0.005074 -0.733424
    4 5.046457 0.000000 0.000000 0.009843 -0.018767 -0.505749
    5 -3.455587 0.000000 0.000000 -1.715251 -0.452568 -1.675408
    6 16.572346 0.000000 0.000000 0.000000 0.000000 0.473950
    7 16.265831 0.000000 0.000000 0.141642 -0.154740 -0.648716
    8 5.046457 0.000000 0.000000 -0.100215 0.014979 -0.363173
    9 0.000000 3.703728 0.293189 1.542990 -0.205638 1.580981
    10 3.307846 0.000000 0.000000 -0.026996 0.001497 -0.126065
    11 3.297962 0.000000 0.000000 -0.025182 -0.014612 -0.156069
    12 6.040985 0.000000 0.000000 -0.030174 -0.019110 0.273975
    13 5.065758 0.000000 0.000000 2.924795 -0.089949 -0.092209
    14 3.993755 0.000000 0.000000 -0.150481 0.037614 0.960352
    15 3.815876 1.385489 1.500000 -1.499409 -0.904676 -0.269018
    16 4.327093 0.000004 0.000000 -3.038095 -0.037692 0.713696
    17 11.105114 0.000000 0.000000 0.000000 0.000000 -0.386289
    18 9.862099 -0.000011 -0.000031 1.371274 -0.122750 0.128714
    19 2.641094 0.214619 -1.073586 0.343640 0.190540 -0.806457
    20 1.361605 -0.000002 0.000000 -0.033852 -0.056532 -1.168171
    21 0.779602 0.000002 0.000000 -0.038792 -0.123973 0.252811
    22 2.908712 0.221762 -0.431868 0.315656 0.064476 -0.893331
    23 1.597527 0.000001 0.000000 -0.020331 -0.043837 -1.158634
    24 0.912680 0.000001 0.000000 0.002529 0.008221 0.233624
    25 3.265450 0.050007 0.415744 0.322996 0.091423 -1.049966
    26 1.860470 0.000000 0.000000 -0.051601 -0.064213 -1.194101
    27 1.061481 -0.000001 0.000000 0.004104 0.029474 0.404443
    28 3.340382 -0.242393 1.285012 0.318526 0.062572 -1.131184
    29 1.550753 0.000001 0.000000 0.061672 0.075949 -1.038656
    30 0.904888 0.000001 0.000000 0.001693 0.026264 0.279791
    31 1.219385 -1.063860 0.837143 1.700714 -0.490087 -0.201253
    32 1.496971 -0.000002 -0.000001 -0.211499 -0.093020 -0.524662
    33 1.100086 0.000000 0.000000 0.034391 -0.021604 -0.723527
    34 3.815876 1.385489 -1.500000 1.427744 0.912898 -0.287912
    35 4.327089 -0.000004 0.000000 3.083993 0.155254 0.777199
    36 11.105106 0.000000 0.000004 0.000000 0.000000 -0.090500
    37 9.862080 -0.000007 0.000017 -0.900918 0.113382 -0.140353
    38 2.641111 0.211586 1.074188 -0.340778 -0.190504 -0.713994
    39 1.361601 0.000000 0.000000 0.033791 0.056509 -0.943913
    40 0.779604 0.000001 0.000000 0.038833 0.124038 0.218150
    41 2.908730 0.220541 0.432493 -0.312825 -0.064540 -0.854119
    42 1.597527 0.000000 0.000000 0.020338 0.043857 -0.899809
    43 0.912678 0.000000 0.000000 -0.002548 -0.008289 0.256412
    44 3.265471 0.051184 -0.415600 -0.320176 -0.091421 -0.907618
    45 1.860470 0.000000 0.000000 0.051611 0.064235 -1.000517
    46 1.061485 0.000000 0.000000 -0.004037 -0.029426 0.237782
    47 3.340403 -0.238762 -1.285691 -0.315698 -0.062609 -0.887483
    48 1.550755 0.000000 0.000000 -0.061667 -0.075946 -1.019680
    49 0.904886 0.000001 0.000000 -0.001669 -0.026281 0.159649
    50 1.219410 -1.061498 -0.840143 -1.725617 0.534025 -0.029356
    51 1.496971 0.000002 0.000000 0.141600 0.113297 -0.458891
    52 1.100088 0.000000 0.000000 -0.031342 0.025865 -0.596322
    53 -22.515625 -14.679688 5.718750 3.011267 -0.141435 1.764348
    54 0.000000 0.000000 0.000000 -0.077030 -0.068757 -1.299215
    55 7.054213 0.000000 0.000000 0.000000 0.000000 0.000000
    56 0.000000 -0.000007 -0.000031 1.373047 0.113574 0.124314
    57 0.000000 -0.000007 -0.000031 1.373047 0.113574 0.124314
    58 2.856947 -1.536175 -0.973780 -1.501147 -0.272558 -1.578261
    59 0.000000 0.000000 10.000000 0.000000 0.000000 0.000000
    60 2.856899 -1.536201 -0.973800 -1.501147 -0.272558 -1.578261
    61 2.000000 -3.000000 0.000000 -1.570796 0.000000 -1.326450
    62 0.018896 0.665159 9.395880 0.000000 0.000000 0.000000
    63 3.028210 -0.923409 -2.009452 1.574082 -0.012974 1.587244
    64 0.116954 4.311606 0.061861 0.000010 0.000000 0.000000
    65 0.000000 -0.000002 0.000000 0.000000 0.000000 0.000000
    66 0.000000 1.000000 0.000010 0.000000 0.000000 0.000000
    67 -0.000001 0.000000 0.000000 0.000000 0.000000 0.000000
    68 -0.000001 0.000000 0.000000 0.000000 0.000000 0.000000
    69 -0.000001 0.000000 0.000000 0.000000 0.000000 0.000000
time 7
    0 1.137695 -6.781250 25.687500 1.653160 -0.020596 -0.154927
    1 3.455587 0.000000 0.000000 -2.010489 -0.325543 -1.290649
    2 16.572346 0.000000 0.000000 0.000000 0.000000 0.484348
    3 16.265829 0.000000 0.000000 -0.260292 -0.006399 -0.741590
    4 5.046457 0.000000 0.000000 0.009891 -0.018764 -0.502006
    5 -3.455587 0.000000 0.000000 -1.745938 -0.443854 -1.680741
    6 16.572346 0.000000 0.000000 0.000000 0.000000 0.446288
    7 16.265831 0.000000 0.000000 0.111474 -0.167047 -0.635349
    8 5.046457 0.000000 0.000000 -0.100154 0.015011 -0.359132
    9 0.000000 3.703728 0.293189 1.540382 -0.202007 1.573557
    10 3.307846 0.000000 0.000000 -0.029690 -0.002414 -0.127482
    11 3.297962 0.000000 0.000000 -0.027479 -0.016412 -0.154299
    12 6.040985 0.000000 0.000000 -0.033020 -0.020396 0.278303
    13 5.065758 0.000000 0.000000 2.916670 -0.090861 -0.092742
    14 3.993755 0.000000 0.000000 -0.157652 0.039881 0.962402
    15 3.815876 1.385489 1.500000 -1.512030 -0.904714 -0.254235
    16 4.327093 0.000004 0.000000 -3.044963 -0.039721 0.726643
    17 11.105114 0.000000 0.000000 0.000000 0.000000 -0.382155
    18 9.862099 -0.000011 -0.000031 1.381696 -0.117148 0.132686
    19 2.641094 0.214619 -1.073586 0.343640 0.190540 -0.806457
    20 1.361605 -0.000002 0.000000 -0.033852 -0.056532 -1.168171
    21 0.779602 0.000002 0.000000 -0.038792 -0.123973 0.252811
    22 2.908712 0.221762 -0.431868 0.315656 0.064476 -0.893331
    23 1.597527 0.000001 0.000000 -0.020331 -0.043837 -1.158634
    24 0.912680 0.000001 0.000000 0.002529 0.008221 0.233624
    25 3.265450 0.050007 0.415744 0.322996 0.091423 -1.049966
    26 1.860470 0.000000 0.000000 -0.051601 -0.064213 -1.194101
    27 1.061481 -0.000001 0.000000 0.004104 0.029474 0.404443
    28 3.340382 -0.242393 1.285012 0.318526 0.062572 -1.131184
    29 1.550753 0.000001 0.000000 0.061672 0.075949 -1.038656
    30 0.904888 0.000001 0.000000 0.001693 0.026264 0.279791
    31 1.219385 -1.063860 0.837143 1.700714 -0.490087 -0.201253
    32 1.496971 -0.000002 -0.000001 -0.211499 -0.093020 -0.524662
    33 1.100086 0.000000 0.000000 0.034391 -0.021604 -0.723527
    34 3.815876 1.385489 -1.500000 1.425537 0.915354 -0.290532
    35 4.327089 -0.000004 0.000000 3.072712 0.159660 0.776457
    36 11.105106 0.000000 0.000004 0.000000 0.000000 -0.071580
    37 9.862080 -0.000007 0.000017 -0.894178 0.120002 -0.148505
    38 2.641111 0.211586 1.074188 -0.340778 -0.190504 -0.713994
    39 1.361601 0.000000 0.000000 0.033791 0.056509 -0.943913
    40 0.779604 0.000001 0.000000 0.038833 0.124038 0.218150
    41 2.908730 0.220541 0.432493 -0.312825 -0.064540 -0.854119
    42 1.597527 0.000000 0.000000 0.020338 0.043857 -0.899809
    43 0.912678 0.000000 0.000000 -0.002548 -0.008289 0.256412
    44 3.265471 0.051184 -0.415600 -0.320176 -0.091421 -0.907618
    45 1.860470 0.000000 0.000000 0.051611 0.064235 -1.000517
    46 1.061485 0.000000 0.000000 -0.004037 -0.029426 0.237782
    47 3.340403 -0.238762 -1.285691 -0.315698 -0.062609 -0.887483
    48 1.550755 0.000000 0.000000 -0.061667 -0.075946 -1.019680
    49 0.904886 0.000001 0.000000 -0.001669 -0.026281 0.159649
    50 1.219410 -1.061498 -0.840143 -1.725617 0.534025 -0.029356
    51 1.496971 0.000002 0.000000 0.141600 0.113297 -0.458891
    52 1.100088 0.000000 0.000000 -0.031342 0.025865 -0.596322
    53 -22.609375 -16.890625 4.960938 3.010223 -0.143870 1.770578
    54 0.000000 0.000000 0.000000 -0.077030 -0.068757 -1.299215
    55 7.054213 0.000000 0.000000 0.000000 0.000000 0.000000
    56 0.000000 -0.000007 -0.000031 1.373047 0.113574 0.124314
    57 0.000000 -0.000007 -0.000031 1.373047 0.113574 0.124314
    58 2.856947 -1.536175 -0.973780 -1.501147 -0.272558 -1.578261
    59 0.000000 0.000000 10.000000 0.000000 0.000000 0.000000
    60 2.856899 -1.536201 -0.973800 -1.501147 -0.272558 -1.578261
    61 2.000000 -3.000000 0.000000 -1.570796 0.000000 -1.326450
    62 0.018896 0.665159 9.395880 0.000000 0.000000 0.000000
    63 3.028210 -0.923409 -2.009452 1.574082 -0.012974 1.587244
    64 0.116954 4.311606 0.061861 0.000010 0.000000 0.000000
    65 0.000000 -0.000002 0.000000 0.000000 0.000000 0.000000
    66 0.000000 1.000000 0.000010 0.000000 0.000000 0.000000
    67 -0.000001 0.000000 0.000000 0.000000 0.000000 0.000000
    68 -0.000001 0.000000 0.000000 0.000000 0.000000 0.000000
    69 -0.000001 0.000000 0.000000 0.000000 0.000000 0.000000
time 8
    0 1.223633 -6.941406 25.671875 1.649276 -0.037059 -0.126888
    1 3.455587 0.000000 0.000000 -2.046820 -0.334084 -1.258491
    2 16.572346 0.000000 0.000000 0.000000 0.000000 0.530366
    3 16.265829 0.000000 0.000000 -0.292070 -0.029621 -0.754412
    4 5.046457 0.000000 0.000000 0.009890 -0.018716 -0.486246
    5 -3.455587 0.000000 0.000000 -1.756531 -0.431220 -1.692929
    6 16.572346 0.000000 0.000000 0.000000 0.000000 0.415270
    7 16.265831 0.000000 0.000000 0.080461 -0.168111 -0.625965
    8 5.046457 0.000000 0.000000 -0.100183 0.015024 -0.365987
    9 0.000000 3.703728 0.293189 1.537101 -0.198967 1.567573
    10 3.307846 0.000000 0.000000 -0.032999 -0.006105 -0.128632
    11 3.297962 0.000000 0.000000 -0.030170 -0.019884 -0.152584
    12 6.040985 0.000000 0.000000 -0.037066 -0.024555 0.282536
    13 5.065758 0.000000 0.000000 2.910345 -0.089768 -0.099146
    14 3.993755 0.000000 0.000000 -0.164044 0.039728 0.968919
    15 3.815876 1.385489 1.500000 -1.502678 -0.911904 -0.261358
    16 4.327093 0.000004 0.000000 -3.045039 -0.043610 0.753386
    17 11.105114 0.000000 0.000000 0.000000 0.000000 -0.367131
    18 9.862099 -0.000011 -0.000031 1.379906 -0.110700 0.137329
    19 2.641094 0.214619 -1.073586 0.343640 0.190540 -0.806457
    20 1.361605 -0.000002 0.000000 -0.033852 -0.056532 -1.168171
    21 0.779602 0.000002 0.000000 -0.038792 -0.123973 0.252811
    22 2.908712 0.221762 -0.431868 0.315656 0.064476 -0.893331
    23 1.597527 0.000001 0.000000 -0.020331 -0.043837 -1.158634
    24 0.912680 0.000001 0.000000 0.002529 0.008221 0.233624
    25 3.265450 0.050007 0.415744 0.322996 0.091423 -1.049966
    26 1.860470 0.000000 0.000000 -0.051601 -0.064213 -1.194101
    27 1.061481 -0.000001 0.000000 0.004104 0.029474 0.404443
    28 3.340382 -0.242393 1.285012 0.318526 0.062572 -1.131184
    29 1.550753 0.000001 0.000000 0.061672 0.075949 -1.038656
    30 0.904888 0.000001 0.000000 0.001693 0.026264 0.279791
    31 1.219385 -1.063860 0.837143 1.700714 -0.490087 -0.201253
    32 1.496971 -0.000002 -0.000001 -0.211499 -0.093020 -0.524662
    33 1.100086 0.000000 0.000000 0.034391 -0.021604 -0.723527
    34 3.815876 1.385489 -1.500000 1.436113 0.920412 -0.287999
    35 4.327089 -0.000004 0.000000 3.052262 0.158459 0.752246
    36 11.105106 0.000000 0.000004 0.000000 0.000000 -0.104070
    37 9.862080 -0.000007 0.000017 -0.892227 0.126461 -0.146251
    38 2.641111 0.211586 1.074188 -0.340778 -0.190504 -0.713994
    39 1.361601 0.000000 0.000000 0.033791 0.056509 -0.943913
    40 0.779604 0.000001 0.000000 0.038833 0.124038 0.218150
    41 2.908730 0.220541 0.432493 -0.312825 -0.064540 -0.854119
    42 1.597527 0.000000 0.000000 0.020338 0.043857 -0.899809
    43 0.912678 0.000000 0.000000 -0.002548 -0.008289 0.256412
    44 3.265471 0.051184 -0.415600 -0.320176 -0.091421 -0.907618
    45 1.860470 0.000000 0.000000 0.051611 0.064235 -1.000517
    46 1.061485 0.000000 0.000000 -0.004037 -0.029426 0.237782
    47 3.340403 -0.238762 -1.285691 -0.315698 -0.062609 -0.887483
    48 1.550755 0.000000 0.000000 -0.061667 -0.075946 -1.019680
    49 0.904886 0.000001 0.000000 -0.001669 -0.026281 0.159649
    50 1.219410 -1.061498 -0.840143 -1.725617 0.534025 -0.029356
    51 1.496971 0.000002 0.000000 0.141600 0.113297 -0.458891
    52 1.100088 0.000000 0.000000 -0.031342 0.025865 -0.596322
    53 -22.953125 -19.031250 3.679688 3.008738 -0.122213 1.769556
    54 0.000000 0.000000 0.000000 -0.077030 -0.068757 -1.299215
    55 7.054213 0.000000 0.000000 0.000000 0.000000 0.000000
    56 0.000000 -0.000007 -0.000031 1.373047 0.113574 0.124314
    57 0.000000 -0.000007 -0.000031 1.373047 0.113574 0.124314
    58 2.856947 -1.536175 -0.973780 -1.501147 -0.272558 -1.578261
    59 0.000000 0.000000 10.000000 0.000000 0.000000 0.000000
    60 2.856899 -1.536201 -0.973800 -1.501147 -0.272558 -1.578261
    61 2.000000 -3.000000 0.000000 -1.570796 0.000000 -1.326450
    62 0.018896 0.665159 9.395880 0.000000 0.000000 0.000000
    63 3.028210 -0.923409 -2.009452 1.574082 -0.012974 1.587244
    64 0.116954 4.311606 0.061861 0.000010 0.000000 0.000000
    65 0.000000 -0.000002 0.000000 0.000000 0.000000 0.000000
    66 0.000000 1.000000 0.000010 0.000000 0.000000 0.000000
    67 -0.000001 0.000000 0.000000 0.000000 0.000000 0.000000
    68 -0.000001 0.000000 0.000000 0.000000 0.000000 0.000000
    69 -0.000001 0.000000 0.000000 0.000000 0.000000 0.000000
time 9
    0 1.216797 -7.062500 25.671875 1.645120 -0.053661 -0.081220
    1 3.455587 0.000000 0.000000 -2.070102 -0.354482 -1.227694
    2 16.572346 0.000000 0.000000 0.000000 0.000000 0.580456
    3 16.265829 0.000000 0.000000 -0.329437 -0.058998 -0.768742
    4 5.046457 0.000000 0.000000 0.009900 -0.018758 -0.469453
    5 -3.455587 0.000000 0.000000 -1.747355 -0.413527 -1.708979
    6 16.572346 0.000000 0.000000 0.000000 0.000000 0.384618
    7 16.265831 0.000000 0.000000 0.061443 -0.157215 -0.634267
    8 5.046457 0.000000 0.000000 -0.100158 0.014996 -0.364843
    9 0.000000 3.703728 0.293189 1.534737 -0.200769 1.559242
    10 3.307846 0.000000 0.000000 -0.035392 -0.010658 -0.127856
    11 3.297962 0.000000 0.000000 -0.032181 -0.021863 -0.152970
    12 6.040985 0.000000 0.000000 -0.039509 -0.025881 0.281642
    13 5.065758 0.000000 0.000000 2.903186 -0.081890 -0.106330
    14 3.993755 0.000000 0.000000 -0.174504 0.035886 0.976345
    15 3.815876 1.385489 1.500000 -1.513648 -0.917360 -0.246989
    16 4.327093 0.000004 0.000000 -3.044615 -0.043809 0.776682
    17 11.105114 0.000000 0.000000 0.000000 0.000000 -0.353530
    18 9.862099 -0.000011 -0.000031 1.371127 -0.103102 0.142626
    19 2.641094 0.214619 -1.073586 0.343640 0.190540 -0.806457
    20 1.361605 -0.000002 0.000000 -0.033852 -0.056532 -1.168171
    21 0.779602 0.000002 0.000000 -0.038792 -0.123973 0.252811
    22 2.908712 0.221762 -0.431868 0.315656 0.064476 -0.893331
    23 1.597527 0.000001 0.000000 -0.020331 -0.043837 -1.158634
    24 0.912680 0.000001 0.000000 0.002529 0.008221 0.233624
    25 3.265450 0.050007 0.415744 0.322996 0.091423 -1.049966
    26 1.860470 0.000000 0.000000 -0.051601 -0.064213 -1.194101
    27 1.061481 -0.000001 0.000000 0.004104 0.029474 0.404443
    28 3.340382 -0.242393 1.285012 0.318526 0.062572 -1.131184
    29 1.550753 0.000001 0.000000 0.061672 0.075949 -1.038656
    30 0.904888 0.000001 0.000000 0.001693 0.026264 0.279791
    31 1.219385 -1.063860 0.837143 1.700714 -0.490087 -0.201253
    32 1.496971 -0.000002 -0.000001 -0.211499 -0.093020 -0.524662
    33 1.100086 0.000000 0.000000 0.034391 -0.021604 -0.723527
    34 3.815876 1.385489 -1.500000 1.432240 0.935138 -0.302312
    35 4.327089 -0.000004 0.000000 3.029463 0.156314 0.738723
    36 11.105106 0.000000 0.000004 0.000000 0.000000 -0.135549
    37 9.862080 -0.000007 0.000017 -0.896864 0.126737 -0.138390
    38 2.641111 0.211586 1.074188 -0.340778 -0.190504 -0.713994
    39 1.361601 0.000000 0.000000 0.033791 0.056509 -0.943913
    40 0.779604 0.000001 0.000000 0.038833 0.124038 0.218150
    41 2.908730 0.220541 0.432493 -0.312825 -0.064540 -0.854119
    42 1.597527 0.000000 0.000000 0.020338 0.043857 -0.899809
    43 0.912678 0.000000 0.000000 -0.002548 -0.008289 0.256412
    44 3.265471 0.051184 -0.415600 -0.320176 -0.091421 -0.907618
    45 1.860470 0.000000 0.000000 0.051611 0.064235 -1.000517
    46 1.061485 0.000000 0.000000 -0.004037 -0.029426 0.237782
    47 3.340403 -0.238762 -1.285691 -0.315698 -0.062609 -0.887483
    48 1.550755 0.000000 0.000000 -0.061667 -0.075946 -1.019680
    49 0.904886 0.000001 0.000000 -0.001669 -0.026281 0.159649
    50 1.219410 -1.061498 -0.840143 -1.725617 0.534025 -0.029356
    51 1.496971 0.000002 0.000000 0.141600 0.113297 -0.458891
    52 1.100088 0.000000 0.000000 -0.031342 0.025865 -0.596322
    53 -23.625000 -20.859375 1.361328 3.007111 -0.090290 1.768356
    54 0.000000 0.000000 0.000000 -0.077030 -0.068757 -1.299215
    55 7.054213 0.000000 0.000000 0.000000 0.000000 0.000000
    56 0.000000 -0.000007 -0.000031 1.373047 0.113574 0.124314
    57 0.000000 -0.000007 -0.000031 1.373047 0.113574 0.124314
    58 2.856947 -1.536175 -0.973780 -1.501147 -0.272558 -1.578261
    59 0.000000 0.000000 10.000000 0.000000 0.000000 0.000000
    60 2.856899 -1.536201 -0.973800 -1.501147 -0.272558 -1.578261
    61 2.000000 -3.000000 0.000000 -1.570796 0.000000 -1.326450
    62 0.018896 0.665159 9.395880 0.000000 0.000000 0.000000
    63 3.028210 -0.923409 -2.009452 1.574082 -0.012974 1.587244
    64 0.116954 4.311606 0.061861 0.000010 0.000000 0.000000
    65 0.000000 -0.000002 0.000000 0.000000 0.000000 0.000000
    66 0.000000 1.000000 0.000010 0.000000 0.000000 0.000000
    67 -0.000001 0.000000 0.000000 0.000000 0.000000 0.000000
    68 -0.000001 0.000000 0.000000 0.000000 0.000000 0.000000
    69 -0.000001 0.000000 0.000000 0.000000 0.000000 0.000000
time 10
    0 1.168945 -7.199219 25.687500 1.641892 -0.067834 -0.030826
    1 3.455587 0.000000 0.000000 -2.094526 -0.381418 -1.196803
    2 16.572346 0.000000 0.000000 0.000000 0.000000 0.631559
    3 16.265829 0.000000 0.000000 -0.369966 -0.096051 -0.784567
    4 5.046457 0.000000 0.000000 0.009910 -0.018777 -0.461557
    5 -3.455587 0.000000 0.000000 -1.731804 -0.394377 -1.724388
    6 16.572346 0.000000 0.000000 0.000000 0.000000 0.357302
    7 16.265831 0.000000 0.000000 0.071764 -0.137641 -0.660570
    8 5.046457 0.000000 0.000000 -0.100217 0.014966 -0.363436
    9 0.000000 3.703728 0.293189 1.528699 -0.203709 1.558091
    10 3.307846 0.000000 0.000000 -0.041273 -0.012135 -0.126677
    11 3.297962 0.000000 0.000000 -0.037488 -0.024573 -0.155555
    12 6.040985 0.000000 0.000000 -0.045473 -0.028034 0.275948
    13 5.065758 0.000000 0.000000 2.902137 -0.079887 -0.114376
    14 3.993755 0.000000 0.000000 -0.175988 0.031123 0.983844
    15 3.815876 1.385489 1.500000 -1.484733 -0.933368 -0.262692
    16 4.327093 0.000004 0.000000 -3.052670 -0.045210 0.801665
    17 11.105114 0.000000 0.000000 0.000000 0.000000 -0.343100
    18 9.862099 -0.000011 -0.000031 1.355033 -0.095952 0.144810
    19 2.641094 0.214619 -1.073586 0.343640 0.190540 -0.806457
    20 1.361605 -0.000002 0.000000 -0.033852 -0.056532 -1.168171
    21 0.779602 0.000002 0.000000 -0.038792 -0.123973 0.252811
    22 2.908712 0.221762 -0.431868 0.315656 0.064476 -0.893331
    23 1.597527 0.000001 0.000000 -0.020331 -0.043837 -1.158634
    24 0.912680 0.000001 0.000000 0.002529 0.008221 0.233624
    25 3.265450 0.050007 0.415744 0.322996 0.091423 -1.049966
    26 1.860470 0.000000 0.000000 -0.051601 -0.064213 -1.194101
    27 1.061481 -0.000001 0.000000 0.004104 0.029474 0.404443
    28 3.340382 -0.242393 1.285012 0.318526 0.062572 -1.131184
    29 1.550753 0.000001 0.000000 0.061672 0.075949 -1.038656
    30 0.904888 0.000001 0.000000 0.001693 0.026264 0.279791
    31 1.219385 -1.063860 0.837143 1.700714 -0.490087 -0.201253
    32 1.496971 -0.000002 -0.000001 -0.211499 -0.093020 -0.524662
    33 1.100086 0.000000 0.000000 0.034391 -0.021604 -0.723527
    34 3.815876 1.385489 -1.500000 1.469167 0.934341 -0.279950
    35 4.327089 -0.000004 0.000000 3.010902 0.145489 0.699017
    36 11.105106 0.000000 0.000004 0.000000 0.000000 -0.202521
    37 9.862080 -0.000007 0.000017 -0.912986 0.125580 -0.111341
    38 2.641111 0.211586 1.074188 -0.340778 -0.190504 -0.713994
    39 1.361601 0.000000 0.000000 0.033791 0.056509 -0.943913
    40 0.779604 0.000001 0.000000 0.038833 0.124038 0.218150
    41 2.908730 0.220541 0.432493 -0.312825 -0.064540 -0.854119
    42 1.597527 0.000000 0.000000 0.020338 0.043857 -0.899809
    43 0.912678 0.000000 0.000000 -0.002548 -0.008289 0.256412
    44 3.265471 0.051184 -0.415600 -0.320176 -0.091421 -0.907618
    45 1.860470 0.000000 0.000000 0.051611 0.064235 -1.000517
    46 1.061485 0.000000 0.000000 -0.004037 -0.029426 0.237782
    47 3.340403 -0.238762 -1.285691 -0.315698 -0.062609 -0.887483
    48 1.550755 0.000000 0.000000 -0.061667 -0.075946 -1.019680
    49 0.904886 0.000001 0.000000 -0.001669 -0.026281 0.159649
    50 1.219410 -1.061498 -0.840143 -1.725617 0.534025 -0.029356
    51 1.496971 0.000002 0.000000 0.141600 0.113297 -0.458891
    52 1.100088 0.000000 0.000000 -0.031342 0.025865 -0.596322
    53 -24.781250 -20.890625 -1.618164 3.005459 -0.053501 1.763883
    54 0.000000 0.000000 0.000000 -0.077030 -0.068757 -1.299215
    55 7.054213 0.000000 0.000000 0.000000 0.000000 0.000000
    56 0.000000 -0.000007 -0.000031 1.373047 0.113574 0.124314
    57 0.000000 -0.000007 -0.000031 1.373047 0.113574 0.124314
    58 2.856947 -1.536175 -0.973780 -1.501147 -0.272558 -1.578261
    59 0.000000 0.000000 10.000000 0.000000 0.000000 0.000000
    60 2.856899 -1.536201 -0.973800 -1.501147 -0.272558 -1.578261
    61 2.000000 -3.000000 0.000000 -1.570796 0.000000 -1.326450
    62 0.018896 0.665159 9.395880 0.000000 0.000000 0.000000
    63 3.028210 -0.923409 -2.009452 1.574082 -0.012974 1.587244
    64 0.116954 4.311606 0.061861 0.000010 0.000000 0.000000
    65 0.000000 -0.000002 0.000000 0.000000 0.000000 0.000000
    66 0.000000 1.000000 0.000010 0.000000 0.000000 0.000000
    67 -0.000001 0.000000 0.000000 0.000000 0.000000 0.000000
    68 -0.000001 0.000000 0.000000 0.000000 0.000000 0.000000
    69 -0.000001 0.000000 0.000000 0.000000 0.000000 0.000000
time 11
    0 1.072266 -7.398438 25.718750 1.640639 -0.079327 0.023009
    1 3.455587 0.000000 0.000000 -2.123080 -0.416279 -1.163822
    2 16.572346 0.000000 0.000000 0.000000 0.000000 0.690152
    3 16.265829 0.000000 0.000000 -0.407334 -0.137985 -0.809846
    4 5.046457 0.000000 0.000000 0.009880 -0.018749 -0.442423
    5 -3.455587 0.000000 0.000000 -1.710423 -0.373202 -1.737420
    6 16.572346 0.000000 0.000000 0.000000 0.000000 0.333729
    7 16.265831 0.000000 0.000000 0.076026 -0.116599 -0.686133
    8 5.046457 0.000000 0.000000 -0.100215 0.015018 -0.373198
    9 0.000000 3.703728 0.293189 1.522154 -0.202655 1.559570
    10 3.307846 0.000000 0.000000 -0.047743 -0.012389 -0.127333
    11 3.297962 0.000000 0.000000 -0.043559 -0.027592 -0.156986
    12 6.040985 0.000000 0.000000 -0.052223 -0.030568 0.273086
    13 5.065758 0.000000 0.000000 2.906717 -0.072282 -0.123776
    14 3.993755 0.000000 0.000000 -0.174621 0.019365 0.992138
    15 3.815876 1.385489 1.500000 -1.441386 -0.953847 -0.292921
    16 4.327093 0.000004 0.000000 -3.067485 -0.048812 0.830181
    17 11.105114 0.000000 0.000000 0.000000 0.000000 -0.333904
    18 9.862099 -0.000011 -0.000031 1.335053 -0.089792 0.145923
    19 2.641094 0.214619 -1.073586 0.343640 0.190540 -0.806457
    20 1.361605 -0.000002 0.000000 -0.033852 -0.056532 -1.168171
    21 0.779602 0.000002 0.000000 -0.038792 -0.123973 0.252811
    22 2.908712 0.221762 -0.431868 0.315656 0.064476 -0.893331
    23 1.597527 0.000001 0.000000 -0.020331 -0.043837 -1.158634
    24 0.912680 0.000001 0.000000 0.002529 0.008221 0.233624
    25 3.265450 0.050007 0.415744 0.322996 0.091423 -1.049966
    26 1.860470 0.000000 0.000000 -0.051601 -0.064213 -1.194101
    27 1.061481 -0.000001 0.000000 0.004104 0.029474 0.404443
    28 3.340382 -0.242393 1.285012 0.318526 0.062572 -1.131184
    29 1.550753 0.000001 0.000000 0.061672 0.075949 -1.038656
    30 0.904888 0.000001 0.000000 0.001693 0.026264 0.279791
    31 1.219385 -1.063860 0.837143 1.700714 -0.490087 -0.201253
    32 1.496971 -0.000002 -0.000001 -0.211499 -0.093020 -0.524662
    33 1.100086 0.000000 0.000000 0.034391 -0.021604 -0.723527
    34 3.815876 1.385489 -1.500000 1.513650 0.930938 -0.247322
    35 4.327089 -0.000004 0.000000 2.995952 0.124542 0.661170
    36 11.105106 0.000000 0.000004 0.000000 0.000000 -0.268067
    37 9.862080 -0.000007 0.000017 -0.934906 0.114795 -0.072224
    38 2.641111 0.211586 1.074188 -0.340778 -0.190504 -0.713994
    39 1.361601 0.000000 0.000000 0.033791 0.056509 -0.943913
    40 0.779604 0.000001 0.000000 0.038833 0.124038 0.218150
    41 2.908730 0.220541 0.432493 -0.312825 -0.064540 -0.854119
    42 1.597527 0.000000 0.000000 0.020338 0.043857 -0.899809
    43 0.912678 0.000000 0.000000 -0.002548 -0.008289 0.256412
    44 3.265471 0.051184 -0.415600 -0.320176 -0.091421 -0.907618
    45 1.860470 0.000000 0.000000 0.051611 0.064235 -1.000517
    46 1.061485 0.000000 0.000000 -0.004037 -0.029426 0.237782
    47 3.340403 -0.238762 -1.285691 -0.315698 -0.062609 -0.887483
    48 1.550755 0.000000 0.000000 -0.061667 -0.075946 -1.019680
    49 0.904886 0.000001 0.000000 -0.001669 -0.026281 0.159649
    50 1.219410 -1.061498 -0.840143 -1.725617 0.534025 -0.029356
    51 1.496971 0.000002 0.000000 0.141600 0.113297 -0.458891
    52 1.100088 0.000000 0.000000 -0.031342 0.025865 -0.596322
    53 -26.109375 -19.265625 -4.421875 3.003605 -0.016098 1.758857
    54 0.000000 0.000000 0.000000 -0.077030 -0.068757 -1.299215
    55 7.054213 0.000000 0.000000 0.000000 0.000000 0.000000
    56 0.000000 -0.000007 -0.000031 1.373047 0.113574 0.124314
    57 0.000000 -0.000007 -0.000031 1.373047 0.113574 0.124314
    58 2.856947 -1.536175 -0.973780 -1.501147 -0.272558 -1.578261
    59 0.000000 0.000000 10.000000 0.000000 0.000000 0.000000
    60 2.856899 -1.536201 -0.973800 -1.501147 -0.272558 -1.578261
    61 2.000000 -3.000000 0.000000 -1.570796 0.000000 -1.326450
    62 0.018896 0.665159 9.395880 0.000000 0.000000 0.000000
    63 3.028210 -0.923409 -2.009452 1.574082 -0.012974 1.587244
    64 0.116954 4.311606 0.061861 0.000010 0.000000 0.000000
    65 0.000000 -0.000002 0.000000 0.000000 0.000000 0.000000
    66 0.000000 1.000000 0.000010 0.000000 0.000000 0.000000
    67 -0.000001 0.000000 0.000000 0.000000 0.000000 0.000000
    68 -0.000001 0.000000 0.000000 0.000000 0.000000 0.000000
    69 -0.000001 0.000000 0.000000 0.000000 0.000000 0.000000
time 12
    0 0.899414 -7.628906 25.765625 1.640296 -0.086758 0.083106
    1 3.455587 0.000000 0.000000 -2.164504 -0.459668 -1.126238
    2 16.572346 0.000000 0.000000 0.000000 0.000000 0.756795
    3 16.265829 0.000000 0.000000 -0.436100 -0.176197 -0.840179
    4 5.046457 0.000000 0.000000 0.009863 -0.018758 -0.440653
    5 -3.455587 0.000000 0.000000 -1.693525 -0.351734 -1.744640
    6 16.572346 0.000000 0.000000 0.000000 0.000000 0.320780
    7 16.265831 0.000000 0.000000 0.085740 -0.100272 -0.701082
    8 5.046457 0.000000 0.000000 -0.100153 0.015031 -0.364142
    9 0.000000 3.703728 0.293189 1.514696 -0.199017 1.561888
    10 3.307846 0.000000 0.000000 -0.055096 -0.012303 -0.129119
    11 3.297962 0.000000 0.000000 -0.050624 -0.030164 -0.157793
    12 6.040985 0.000000 0.000000 -0.059889 -0.031891 0.272403
    13 5.065758 0.000000 0.000000 2.916940 -0.056546 -0.131391
    14 3.993755 0.000000 0.000000 -0.171298 0.000255 0.999325
    15 3.815876 1.385489 1.500000 -1.392855 -0.974316 -0.329966
    16 4.327093 0.000004 0.000000 -3.089814 -0.054315 0.859328
    17 11.105114 0.000000 0.000000 0.000000 0.000000 -0.329265
    18 9.862099 -0.000011 -0.000031 1.315799 -0.087114 0.148524
    19 2.641094 0.214619 -1.073586 0.343640 0.190540 -0.806457
    20 1.361605 -0.000002 0.000000 -0.033852 -0.056532 -1.168171
    21 0.779602 0.000002 0.000000 -0.038792 -0.123973 0.252811
    22 2.908712 0.221762 -0.431868 0.315656 0.064476 -0.893331
    23 1.597527 0.000001 0.000000 -0.020331 -0.043837 -1.158634
    24 0.912680 0.000001 0.000000 0.002529 0.008221 0.233624
    25 3.265450 0.050007 0.415744 0.322996 0.091423 -1.049966
    26 1.860470 0.000000 0.000000 -0.051601 -0.064213 -1.194101
    27 1.061481 -0.000001 0.000000 0.004104 0.029474 0.404443
    28 3.340382 -0.242393 1.285012 0.318526 0.062572 -1.131184
    29 1.550753 0.000001 0.000000 0.061672 0.075949 -1.038656
    30 0.904888 0.000001 0.000000 0.001693 0.026264 0.279791
    31 1.219385 -1.063860 0.837143 1.700714 -0.490087 -0.201253
    32 1.496971 -0.000002 -0.000001 -0.211499 -0.093020 -0.524662
    33 1.100086 0.000000 0.000000 0.034391 -0.021604 -0.723527
    34 3.815876 1.385489 -1.500000 1.548701 0.933355 -0.219921
    35 4.327089 -0.000004 0.000000 2.988420 0.100373 0.636181
    36 11.105106 0.000000 0.000004 0.000000 0.000000 -0.325415
    37 9.862080 -0.000007 0.000017 -0.957903 0.100114 -0.031573
    38 2.641111 0.211586 1.074188 -0.340778 -0.190504 -0.713994
    39 1.361601 0.000000 0.000000 0.033791 0.056509 -0.943913
    40 0.779604 0.000001 0.000000 0.038833 0.124038 0.218150
    41 2.908730 0.220541 0.432493 -0.312825 -0.064540 -0.854119
    42 1.597527 0.000000 0.000000 0.020338 0.043857 -0.899809
    43 0.912678 0.000000 0.000000 -0.002548 -0.008289 0.256412
    44 3.265471 0.051184 -0.415600 -0.320176 -0.091421 -0.907618
    45 1.860470 0.000000 0.000000 0.051611 0.064235 -1.000517
    46 1.061485 0.000000 0.000000 -0.004037 -0.029426 0.237782
    47 3.340403 -0.238762 -1.285691 -0.315698 -0.062609 -0.887483
    48 1.550755 0.000000 0.000000 -0.061667 -0.075946 -1.019680
    49 0.904886 0.000001 0.000000 -0.001669 -0.026281 0.159649
    50 1.219410 -1.061498 -0.840143 -1.725617 0.534025 -0.029356
    51 1.496971 0.000002 0.000000 0.141600 0.113297 -0.458891
    52 1.100088 0.000000 0.000000 -0.031342 0.025865 -0.596322
    53 -27.421875 -16.500000 -6.667969 3.001262 0.016471 1.755663
    54 0.000000 0.000000 0.000000 -0.077030 -0.068757 -1.299215
    55 7.054213 0.000000 0.000000 0.000000 0.000000 0.000000
    56 0.000000 -0.000007 -0.000031 1.373047 0.113574 0.124314
    57 0.000000 -0.000007 -0.000031 1.373047 0.113574 0.124314
    58 2.856947 -1.536175 -0.973780 -1.501147 -0.272558 -1.578261
    59 0.000000 0.000000 10.000000 0.000000 0.000000 0.000000
    60 2.856899 -1.536201 -0.973800 -1.501147 -0.272558 -1.578261
    61 2.000000 -3.000000 0.000000 -1.570796 0.000000 -1.326450
    62 0.018896 0.665159 9.395880 0.000000 0.000000 0.000000
    63 3.028210 -0.923409 -2.009452 1.574082 -0.012974 1.587244
    64 0.116954 4.311606 0.061861 0.000010 0.000000 0.000000
    65 0.000000 -0.000002 0.000000 0.000000 0.000000 0.000000
    66 0.000000 1.000000 0.000010 0.000000 0.000000 0.000000
    67 -0.000001 0.000000 0.000000 0.000000 0.000000 0.000000
    68 -0.000001 0.000000 0.000000 0.000000 0.000000 0.000000
    69 -0.000001 0.000000 0.000000 0.000000 0.000000 0.000000
time 13
    0 0.716309 -7.890625 25.828125 1.640845 -0.091910 0.136615
    1 3.455587 0.000000 0.000000 -2.227059 -0.501526 -1.083504
    2 16.572346 0.000000 0.000000 0.000000 0.000000 0.826218
    3 16.265829 0.000000 0.000000 -0.452816 -0.207911 -0.875554
    4 5.046457 0.000000 0.000000 0.009836 -0.018797 -0.428806
    5 -3.455587 0.000000 0.000000 -1.680445 -0.331975 -1.747231
    6 16.572346 0.000000 0.000000 0.000000 0.000000 0.320342
    7 16.265831 0.000000 0.000000 0.097996 -0.091747 -0.707138
    8 5.046457 0.000000 0.000000 -0.100160 0.015031 -0.374957
    9 0.000000 3.703728 0.293189 1.509183 -0.192451 1.564297
    10 3.307846 0.000000 0.000000 -0.060453 -0.012229 -0.132301
    11 3.297962 0.000000 0.000000 -0.055598 -0.032989 -0.157913
    12 6.040985 0.000000 0.000000 -0.065643 -0.033594 0.273713
    13 5.065758 0.000000 0.000000 2.927822 -0.040269 -0.136648
    14 3.993755 0.000000 0.000000 -0.167432 -0.018790 1.003656
    15 3.815876 1.385489 1.500000 -1.345886 -0.992260 -0.366740
    16 4.327093 0.000004 0.000000 -3.119564 -0.063062 0.884209
    17 11.105114 0.000000 0.000000 0.000000 0.000000 -0.330490
    18 9.862099 -0.000011 -0.000031 1.301133 -0.088399 0.152700
    19 2.641094 0.214619 -1.073586 0.343640 0.190540 -0.806457
    20 1.361605 -0.000002 0.000000 -0.033852 -0.056532 -1.168171
    21 0.779602 0.000002 0.000000 -0.038792 -0.123973 0.252811
    22 2.908712 0.221762 -0.431868 0.315656 0.064476 -0.893331
    23 1.597527 0.000001 0.000000 -0.020331 -0.043837 -1.158634
    24 0.912680 0.000001 0.000000 0.002529 0.008221 0.233624
    25 3.265450 0.050007 0.415744 0.322996 0.091423 -1.049966
    26 1.860470 0.000000 0.000000 -0.051601 -0.064213 -1.194101
    27 1.061481 -0.000001 0.000000 0.004104 0.029474 0.404443
    28 3.340382 -0.242393 1.285012 0.318526 0.062572 -1.131184
    29 1.550753 0.000001 0.000000 0.061672 0.075949 -1.038656
    30 0.904888 0.000001 0.000000 0.001693 0.026264 0.279791
    31 1.219385 -1.063860 0.837143 1.700714 -0.490087 -0.201253
    32 1.496971 -0.000002 -0.000001 -0.211499 -0.093020 -0.524662
    33 1.100086 0.000000 0.000000 0.034391 -0.021604 -0.723527
    34 3.815876 1.385489 -1.500000 1.564721 0.938716 -0.203683
    35 4.327089 -0.000004 0.000000 2.985146 0.077530 0.620591
    36 11.105106 0.000000 0.000004 0.000000 0.000000 -0.375563
    37 9.862080 -0.000007 0.000017 -0.977844 0.086657 0.006428
    38 2.641111 0.211586 1.074188 -0.340778 -0.190504 -0.713994
    39 1.361601 0.000000 0.000000 0.033791 0.056509 -0.943913
    40 0.779604 0.000001 0.000000 0.038833 0.124038 0.218150
    41 2.908730 0.220541 0.432493 -0.312825 -0.064540 -0.854119
    42 1.597527 0.000000 0.000000 0.020338 0.043857 -0.899809
    43 0.912678 0.000000 0.000000 -0.002548 -0.008289 0.256412
    44 3.265471 0.051184 -0.415600 -0.320176 -0.091421 -0.907618
    45 1.860470 0.000000 0.000000 0.051611 0.064235 -1.000517
    46 1.061485 0.000000 0.000000 -0.004037 -0.029426 0.237782
    47 3.340403 -0.238762 -1.285691 -0.315698 -0.062609 -0.887483
    48 1.550755 0.000000 0.000000 -0.061667 -0.075946 -1.019680
    49 0.904886 0.000001 0.000000 -0.001669 -0.026281 0.159649
    50 1.219410 -1.061498 -0.840143 -1.725617 0.534025 -0.029356
    51 1.496971 0.000002 0.000000 0.141600 0.113297 -0.458891
    52 1.100088 0.000000 0.000000 -0.031342 0.025865 -0.596322
    53 -28.687500 -12.687500 -7.507813 2.997508 0.039998 1.754899
    54 0.000000 0.000000 0.000000 -0.077030 -0.068757 -1.299215
    55 7.054213 0.000000 0.000000 0.000000 0.000000 0.000000
    56 0.000000 -0.000007 -0.000031 1.373047 0.113574 0.124314
    57 0.000000 -0.000007 -0.000031 1.373047 0.113574 0.124314
    58 2.856947 -1.536175 -0.973780 -1.501147 -0.272558 -1.578261
    59 0.000000 0.000000 10.000000 0.000000 0.000000 0.000000
    60 2.856899 -1.536201 -0.973800 -1.501147 -0.272558 -1.578261
    61 2.000000 -3.000000 0.000000 -1.570796 0.000000 -1.326450
    62 0.018896 0.665159 9.395880 0.000000 0.000000 0.000000
    63 3.028210 -0.923409 -2.009452 1.574082 -0.012974 1.587244
    64 0.116954 4.311606 0.061861 0.000010 0.000000 0.000000
    65 0.000000 -0.000002 0.000000 0.000000 0.000000 0.000000
    66 0.000000 1.000000 0.000010 0.000000 0.000000 0.000000
    67 -0.000001 0.000000 0.000000 0.000000 0.000000 0.000000
    68 -0.000001 0.000000 0.000000 0.000000 0.000000 0.000000
    69 -0.000001 0.000000 0.000000 0.000000 0.000000 0.000000
time 14
    0 0.478516 -8.148438 25.906250 1.641431 -0.094076 0.189593
    1 3.455587 0.000000 0.000000 -2.288425 -0.546308 -1.039859
    2 16.572346 0.000000 0.000000 0.000000 0.000000 0.895565
    3 16.265829 0.000000 0.000000 -0.472802 -0.224834 -0.901985
    4 5.046457 0.000000 0.000000 0.009890 -0.018769 -0.434551
    5 -3.455587 0.000000 0.000000 -1.669787 -0.312665 -1.744042
    6 16.572346 0.000000 0.000000 0.000000 0.000000 0.333466
    7 16.265831 0.000000 0.000000 0.127763 -0.087217 -0.718359
    8 5.046457 0.000000 0.000000 -0.100146 0.014989 -0.384900
    9 0.000000 3.703728 0.293189 1.504222 -0.184900 1.566743
    10 3.307846 0.000000 0.000000 -0.065378 -0.012159 -0.136006
    11 3.297962 0.000000 0.000000 -0.060310 -0.036026 -0.157152
    12 6.040985 0.000000 0.000000 -0.071311 -0.036197 0.276986
    13 5.065758 0.000000 0.000000 2.931582 -0.029285 -0.143847
    14 3.993755 0.000000 0.000000 -0.167718 -0.033686 1.009973
    15 3.815876 1.385489 1.500000 -1.302494 -1.004235 -0.406464
    16 4.327093 0.000004 0.000000 3.129850 -0.079482 0.906790
    17 11.105114 0.000000 0.000000 0.000000 0.000000 -0.332941
    18 9.862099 -0.000011 -0.000031 1.285059 -0.094115 0.158200
    19 2.641094 0.214619 -1.073586 0.343640 0.190540 -0.806457
    20 1.361605 -0.000002 0.000000 -0.033852 -0.056532 -1.168171
    21 0.779602 0.000002 0.000000 -0.038792 -0.123973 0.252811
    22 2.908712 0.221762 -0.431868 0.315656 0.064476 -0.893331
    23 1.597527 0.000001 0.000000 -0.020331 -0.043837 -1.158634
    24 0.912680 0.000001 0.000000 0.002529 0.008221 0.233624
    25 3.265450 0.050007 0.415744 0.322996 0.091423 -1.049966
    26 1.860470 0.000000 0.000000 -0.051601 -0.064213 -1.194101
    27 1.061481 -0.000001 0.000000 0.004104 0.029474 0.404443
    28 3.340382 -0.242393 1.285012 0.318526 0.062572 -1.131184
    29 1.550753 0.000001 0.000000 0.061672 0.075949 -1.038656
    30 0.904888 0.000001 0.000000 0.001693 0.026264 0.279791
    31 1.219385 -1.063860 0.837143 1.700714 -0.490087 -0.201253
    32 1.496971 -0.000002 -0.000001 -0.211499 -0.093020 -0.524662
    33 1.100086 0.000000 0.000000 0.034391 -0.021604 -0.723527
    34 3.815876 1.385489 -1.500000 1.569940 0.948748 -0.195489
    35 4.327089 -0.000004 0.000000 2.972381 0.055181 0.611711
    36 11.105106 0.000000 0.000004 0.000000 0.000000 -0.418006
    37 9.862080 -0.000007 0.000017 -0.994501 0.076899 0.041215
    38 2.641111 0.211586 1.074188 -0.340778 -0.190504 -0.713994
    39 1.361601 0.000000 0.000000 0.033791 0.056509 -0.943913
    40 0.779604 0.000001 0.000000 0.038833 0.124038 0.218150
    41 2.908730 0.220541 0.432493 -0.312825 -0.064540 -0.854119
    42 1.597527 0.000000 0.000000 0.020338 0.043857 -0.899809
    43 0.912678 0.000000 0.000000 -0.002548 -0.008289 0.256412
    44 3.265471 0.051184 -0.415600 -0.320176 -0.091421 -0.907618
    45 1.860470 0.000000 0.000000 0.051611 0.064235 -1.000517
    46 1.061485 0.000000 0.000000 -0.004037 -0.029426 0.237782
    47 3.340403 -0.238762 -1.285691 -0.315698 -0.062609 -0.887483
    48 1.550755 0.000000 0.000000 -0.061667 -0.075946 -1.019680
    49 0.904886 0.000001 0.000000 -0.001669 -0.026281 0.159649
    50 1.219410 -1.061498 -0.840143 -1.725617 0.534025 -0.029356
    51 1.496971 0.000002 0.000000 0.141600 0.113297 -0.458891
    52 1.100088 0.000000 0.000000 -0.031342 0.025865 -0.596322
    53 -29.562500 -8.539063 -6.261719 2.991371 0.057392 1.753755
    54 0.000000 0.000000 0.000000 -0.077030 -0.068757 -1.299215
    55 7.054213 0.000000 0.000000 0.000000 0.000000 0.000000
    56 0.000000 -0.000007 -0.000031 1.373047 0.113574 0.124314
    57 0.000000 -0.000007 -0.000031 1.373047 0.113574 0.124314
    58 2.856947 -1.536175 -0.973780 -1.501147 -0.272558 -1.578261
    59 0.000000 0.000000 10.000000 0.000000 0.000000 0.000000
    60 2.856899 -1.536201 -0.973800 -1.501147 -0.272558 -1.578261
    61 2.000000 -3.000000 0.000000 -1.570796 0.000000 -1.326450
    62 0.018896 0.665159 9.395880 0.000000 0.000000 0.000000
    63 3.028210 -0.923409 -2.009452 1.574082 -0.012974 1.587244
    64 0.116954 4.311606 0.061861 0.000010 0.000000 0.000000
    65 0.000000 -0.000002 0.000000 0.000000 0.000000 0.000000
    66 0.000000 1.000000 0.000010 0.000000 0.000000 0.000000
    67 -0.000001 0.000000 0.000000 0.000000 0.000000 0.000000
    68 -0.000001 0.000000 0.000000 0.000000 0.000000 0.000000
    69 -0.000001 0.000000 0.000000 0.000000 0.000000 0.000000
time 15
    0 0.176758 -8.367188 25.984375 1.641316 -0.095512 0.241622
    1 3.455587 0.000000 0.000000 -2.347679 -0.594514 -0.998223
    2 16.572346 0.000000 0.000000 0.000000 0.000000 0.967355
    3 16.265829 0.000000 0.000000 -0.497258 -0.231936 -0.916219
    4 5.046457 0.000000 0.000000 0.009901 -0.018763 -0.435701
    5 -3.455587 0.000000 0.000000 -1.657561 -0.294060 -1.738287
    6 16.572346 0.000000 0.000000 0.000000 0.000000 0.354583
    7 16.265831 0.000000 0.000000 0.161723 -0.084275 -0.734188
    8 5.046457 0.000000 0.000000 -0.100149 0.015009 -0.389921
    9 0.000000 3.703728 0.293189 1.500041 -0.177624 1.567046
    10 3.307846 0.000000 0.000000 -0.069622 -0.013182 -0.139591
    11 3.297962 0.000000 0.000000 -0.064252 -0.039146 -0.155609
    12 6.040985 0.000000 0.000000 -0.076300 -0.038555 0.281997
    13 5.065758 0.000000 0.000000 2.930317 -0.024481 -0.150959
    14 3.993755 0.000000 0.000000 -0.170433 -0.042836 1.017461
    15 3.815876 1.385489 1.500000 -1.270562 -1.013340 -0.437797
    16 4.327093 0.000004 0.000000 3.099361 -0.096730 0.930922
    17 11.105114 0.000000 0.000000 0.000000 0.000000 -0.331541
    18 9.862099 -0.000011 -0.000031 1.269189 -0.101644 0.163716
    19 2.641094 0.214619 -1.073586 0.343640 0.190540 -0.806457
    20 1.361605 -0.000002 0.000000 -0.033852 -0.056532 -1.168171
    21 0.779602 0.000002 0.000000 -0.038792 -0.123973 0.252811
    22 2.908712 0.221762 -0.431868 0.315656 0.064476 -0.893331
    23 1.597527 0.000001 0.000000 -0.020331 -0.043837 -1.158634
    24 0.912680 0.000001 0.000000 0.002529 0.008221 0.233624
    25 3.265450 0.050007 0.415744 0.322996 0.091423 -1.049966
    26 1.860470 0.000000 0.000000 -0.051601 -0.064213 -1.194101
    27 1.061481 -0.000001 0.000000 0.004104 0.029474 0.404443
    28 3.340382 -0.242393 1.285012 0.318526 0.062572 -1.131184
    29 1.550753 0.000001 0.000000 0.061672 0.075949 -1.038656
    30 0.904888 0.000001 0.000000 0.001693 0.026264 0.279791
    31 1.219385 -1.063860 0.837143 1.700714 -0.490087 -0.201253
    32 1.496971 -0.000002 -0.000001 -0.211499 -0.093020 -0.524662
    33 1.100086 0.000000 0.000000 0.034391 -0.021604 -0.723527
    34 3.815876 1.385489 -1.500000 1.573255 0.966715 -0.187817
    35 4.327089 -0.000004 0.000000 2.955695 0.031067 0.612894
    36 11.105106 0.000000 0.000004 0.000000 0.000000 -0.453461
    37 9.862080 -0.000007 0.000017 -1.009129 0.065765 0.074219
    38 2.641111 0.211586 1.074188 -0.340778 -0.190504 -0.713994
    39 1.361601 0.000000 0.000000 0.033791 0.056509 -0.943913
    40 0.779604 0.000001 0.000000 0.038833 0.124038 0.218150
    41 2.908730 0.220541 0.432493 -0.312825 -0.064540 -0.854119
    42 1.597527 0.000000 0.000000 0.020338 0.043857 -0.899809
    43 0.912678 0.000000 0.000000 -0.002548 -0.008289 0.256412
    44 3.265471 0.051184 -0.415600 -0.320176 -0.091421 -0.907618
    45 1.860470 0.000000 0.000000 0.051611 0.064235 -1.000517
    46 1.061485 0.000000 0.000000 -0.004037 -0.029426 0.237782
    47 3.340403 -0.238762 -1.285691 -0.315698 -0.062609 -0.887483
    48 1.550755 0.000000 0.000000 -0.061667 -0.075946 -1.019680
    49 0.904886 0.000001 0.000000 -0.001669 -0.026281 0.159649
    50 1.219410 -1.061498 -0.840143 -1.725617 0.534025 -0.029356
    51 1.496971 0.000002 0.000000 0.141600 0.113297 -0.458891
    52 1.100088 0.000000 0.000000 -0.031342 0.025865 -0.596322
    53 -29.640625 -5.152344 -3.220703 2.983406 0.073511 1.749950
    54 0.000000 0.000000 0.000000 -0.077030 -0.068757 -1.299215
    55 7.054213 0.000000 0.000000 0.000000 0.000000 0.000000
    56 0.000000 -0.000007 -0.000031 1.373047 0.113574 0.124314
    57 0.000000 -0.000007 -0.000031 1.373047 0.113574 0.124314
    58 2.856947 -1.536175 -0.973780 -1.501147 -0.272558 -1.578261
    59 0.000000 0.000000 10.000000 0.000000 0.000000 0.000000
    60 2.856899 -1.536201 -0.973800 -1.501147 -0.272558 -1.578261
    61 2.000000 -3.000000 0.000000 -1.570796 0.000000 -1.326450
    62 0.018896 0.665159 9.395880 0.000000 0.000000 0.000000
    63 3.028210 -0.923409 -2.009452 1.574082 -0.012974 1.587244
    64 0.116954 4.311606 0.061861 0.000010 0.000000 0.000000
    65 0.000000 -0.000002 0.000000 0.000000 0.000000 0.000000
    66 0.000000 1.000000 0.000010 0.000000 0.000000 0.000000
    67 -0.000001 0.000000 0.000000 0.000000 0.000000 0.000000
    68 -0.000001 0.000000 0.000000 0.000000 0.000000 0.000000
    69 -0.000001 0.000000 0.000000 0.000000 0.000000 0.000000
time 16
    0 -0.170166 -8.492188 26.046875 1.638338 -0.095075 0.288922
    1 3.455587 0.000000 0.000000 -2.405400 -0.645193 -0.958083
    2 16.572346 0.000000 0.000000 0.000000 0.000000 1.042914
    3 16.265829 0.000000 0.000000 -0.524284 -0.237511 -0.926699
    4 5.046457 0.000000 0.000000 0.009853 -0.018721 -0.423506
    5 -3.455587 0.000000 0.000000 -1.638972 -0.277852 -1.732314
    6 16.572346 0.000000 0.000000 0.000000 0.000000 0.381540
    7 16.265831 0.000000 0.000000 0.191206 -0.094810 -0.741527
    8 5.046457 0.000000 0.000000 -0.100163 0.015037 -0.380237
    9 0.000000 3.703728 0.293189 1.497287 -0.175998 1.565446
    10 3.307846 0.000000 0.000000 -0.072439 -0.014961 -0.140209
    11 3.297962 0.000000 0.000000 -0.066804 -0.041129 -0.154549
    12 6.040985 0.000000 0.000000 -0.079349 -0.039243 0.284807
    13 5.065758 0.000000 0.000000 2.927749 -0.024744 -0.157192
    14 3.993755 0.000000 0.000000 -0.172901 -0.042603 1.023463
    15 3.815876 1.385489 1.500000 -1.256038 -1.017274 -0.454416
    16 4.327093 0.000004 0.000000 3.077375 -0.112367 0.950942
    17 11.105114 0.000000 0.000000 0.000000 0.000000 -0.325328
    18 9.862099 -0.000011 -0.000031 1.251975 -0.106123 0.163875
    19 2.641094 0.214619 -1.073586 0.343640 0.190540 -0.806457
    20 1.361605 -0.000002 0.000000 -0.033852 -0.056532 -1.168171
    21 0.779602 0.000002 0.000000 -0.038792 -0.123973 0.252811
    22 2.908712 0.221762 -0.431868 0.315656 0.064476 -0.893331
    23 1.597527 0.000001 0.000000 -0.020331 -0.043837 -1.158634
    24 0.912680 0.000001 0.000000 0.002529 0.008221 0.233624
    25 3.265450 0.050007 0.415744 0.322996 0.091423 -1.049966
    26 1.860470 0.000000 0.000000 -0.051601 -0.064213 -1.194101
    27 1.061481 -0.000001 0.000000 0.004104 0.029474 0.404443
    28 3.340382 -0.242393 1.285012 0.318526 0.062572 -1.131184
    29 1.550753 0.000001 0.000000 0.061672 0.075949 -1.038656
    30 0.904888 0.000001 0.000000 0.001693 0.026264 0.279791
    31 1.219385 -1.063860 0.837143 1.700714 -0.490087 -0.201253
    32 1.496971 -0.000002 -0.000001 -0.211499 -0.093020 -0.524662
    33 1.100086 0.000000 0.000000 0.034391 -0.021604 -0.723527
    34 3.815876 1.385489 -1.500000 1.575592 0.988294 -0.180581
    35 4.327089 -0.000004 0.000000 2.939287 0.007018 0.622074
    36 11.105106 0.000000 0.000004 0.000000 0.000000 -0.476882
    37 9.862080 -0.000007 0.000017 -1.024340 0.051425 0.097762
    38 2.641111 0.211586 1.074188 -0.340778 -0.190504 -0.713994
    39 1.361601 0.000000 0.000000 0.033791 0.056509 -0.943913
    40 0.779604 0.000001 0.000000 0.038833 0.124038 0.218150
    41 2.908730 0.220541 0.432493 -0.312825 -0.064540 -0.854119
    42 1.597527 0.000000 0.000000 0.020338 0.043857 -0.899809
    43 0.912678 0.000000 0.000000 -0.002548 -0.008289 0.256412
    44 3.265471 0.051184 -0.415600 -0.320176 -0.091421 -0.907618
    45 1.860470 0.000000 0.000000 0.051611 0.064235 -1.000517
    46 1.061485 0.000000 0.000000 -0.004037 -0.029426 0.237782
    47 3.340403 -0.238762 -1.285691 -0.315698 -0.062609 -0.887483
    48 1.550755 0.000000 0.000000 -0.061667 -0.075946 -1.019680
    49 0.904886 0.000001 0.000000 -0.001669 -0.026281 0.159649
    50 1.219410 -1.061498 -0.840143 -1.725617 0.534025 -0.029356
    51 1.496971 0.000002 0.000000 0.141600 0.113297 -0.458891
    52 1.100088 0.000000 0.000000 -0.031342 0.025865 -0.596322
    53 -28.078125 -3.943359 0.937988 2.974534 0.091708 1.742474
    54 0.000000 0.000000 0.000000 -0.077030 -0.068757 -1.299215
    55 7.054213 0.000000 0.000000 0.000000 0.000000 0.000000
    56 0.000000 -0.000007 -0.000031 1.373047 0.113574 0.124314
    57 0.000000 -0.000007 -0.000031 1.373047 0.113574 0.124314
    58 2.856947 -1.536175 -0.973780 -1.501147 -0.272558 -1.578261
    59 0.000000 0.000000 10.000000 0.000000 0.000000 0.000000
    60 2.856899 -1.536201 -0.973800 -1.501147 -0.272558 -1.578261
    61 2.000000 -3.000000 0.000000 -1.570796 0.000000 -1.326450
    62 0.018896 0.665159 9.395880 0.000000 0.000000 0.000000
    63 3.028210 -0.923409 -2.009452 1.574082 -0.012974 1.587244
    64 0.116954 4.311606 0.061861 0.000010 0.000000 0.000000
    65 0.000000 -0.000002 0.000000 0.000000 0.000000 0.000000
    66 0.000000 1.000000 0.000010 0.000000 0.000000 0.000000
    67 -0.000001 0.000000 0.000000 0.000000 0.000000 0.000000
    68 -0.000001 0.000000 0.000000 0.000000 0.000000 0.000000
    69 -0.000001 0.000000 0.000000 0.000000 0.000000 0.000000
time 17
    0 -0.536133 -8.570313 26.109375 1.638217 -0.092264 0.328456
    1 3.455587 0.000000 0.000000 -2.459772 -0.700204 -0.919412
    2 16.572346 0.000000 0.000000 0.000000 0.000000 1.115670
    3 16.265829 0.000000 0.000000 -0.539390 -0.229640 -0.926957
    4 5.046457 0.000000 0.000000 0.009853 -0.018720 -0.423595
    5 -3.455587 0.000000 0.000000 -1.623081 -0.267722 -1.726774
    6 16.572346 0.000000 0.000000 0.000000 0.000000 0.412536
    7 16.265831 0.000000 0.000000 0.214377 -0.107648 -0.737447
    8 5.046457 0.000000 0.000000 -0.100222 0.015034 -0.383671
    9 0.000000 3.703728 0.293189 1.496409 -0.174201 1.563314
    10 3.307846 0.000000 0.000000 -0.073252 -0.016873 -0.141175
    11 3.297962 0.000000 0.000000 -0.067513 -0.042278 -0.153633
    12 6.040985 0.000000 0.000000 -0.080354 -0.039088 0.287445
    13 5.065758 0.000000 0.000000 2.924561 -0.030345 -0.163023
    14 3.993755 0.000000 0.000000 -0.174276 -0.033904 1.028172
    15 3.815876 1.385489 1.500000 -1.256775 -1.019387 -0.456860
    16 4.327093 0.000004 0.000000 3.068557 -0.124131 0.969246
    17 11.105114 0.000000 0.000000 0.000000 0.000000 -0.314572
    18 9.862099 -0.000011 -0.000031 1.231790 -0.107479 0.160673
    19 2.641094 0.214619 -1.073586 0.343640 0.190540 -0.806457
    20 1.361605 -0.000002 0.000000 -0.033852 -0.056532 -1.168171
    21 0.779602 0.000002 0.000000 -0.038792 -0.123973 0.252811
    22 2.908712 0.221762 -0.431868 0.315656 0.064476 -0.893331
    23 1.597527 0.000001 0.000000 -0.020331 -0.043837 -1.158634
    24 0.912680 0.000001 0.000000 0.002529 0.008221 0.233624
    25 3.265450 0.050007 0.415744 0.322996 0.091423 -1.049966
    26 1.860470 0.000000 0.000000 -0.051601 -0.064213 -1.194101
    27 1.061481 -0.000001 0.000000 0.004104 0.029474 0.404443
    28 3.340382 -0.242393 1.285012 0.318526 0.062572 -1.131184
    29 1.550753 0.000001 0.000000 0.061672 0.075949 -1.038656
    30 0.904888 0.000001 0.000000 0.001693 0.026264 0.279791
    31 1.219385 -1.063860 0.837143 1.700714 -0.490087 -0.201253
    32 1.496971 -0.000002 -0.000001 -0.211499 -0.093020 -0.524662
    33 1.100086 0.000000 0.000000 0.034391 -0.021604 -0.723527
    34 3.815876 1.385489 -1.500000 1.577191 1.013582 -0.173809
    35 4.327089 -0.000004 0.000000 2.923870 -0.015736 0.638472
    36 11.105106 0.000000 0.000004 0.000000 0.000000 -0.491553
    37 9.862080 -0.000007 0.000017 -1.038734 0.036645 0.116596
    38 2.641111 0.211586 1.074188 -0.340778 -0.190504 -0.713994
    39 1.361601 0.000000 0.000000 0.033791 0.056509 -0.943913
    40 0.779604 0.000001 0.000000 0.038833 0.124038 0.218150
    41 2.908730 0.220541 0.432493 -0.312825 -0.064540 -0.854119
    42 1.597527 0.000000 0.000000 0.020338 0.043857 -0.899809
    43 0.912678 0.000000 0.000000 -0.002548 -0.008289 0.256412
    44 3.265471 0.051184 -0.415600 -0.320176 -0.091421 -0.907618
    45 1.860470 0.000000 0.000000 0.051611 0.064235 -1.000517
    46 1.061485 0.000000 0.000000 -0.004037 -0.029426 0.237782
    47 3.340403 -0.238762 -1.285691 -0.315698 -0.062609 -0.887483
    48 1.550755 0.000000 0.000000 -0.061667 -0.075946 -1.019680
    49 0.904886 0.000001 0.000000 -0.001669 -0.026281 0.159649
    50 1.219410 -1.061498 -0.840143 -1.725617 0.534025 -0.029356
    51 1.496971 0.000002 0.000000 0.141600 0.113297 -0.458891
    52 1.100088 0.000000 0.000000 -0.031342 0.025865 -0.596322
    53 -24.609375 -6.558594 3.503906 2.965832 0.116783 1.732256
    54 0.000000 0.000000 0.000000 -0.077030 -0.068757 -1.299215
    55 7.054213 0.000000 0.000000 0.000000 0.000000 0.000000
    56 0.000000 -0.000007 -0.000031 1.373047 0.113574 0.124314
    57 0.000000 -0.000007 -0.000031 1.373047 0.113574 0.124314
    58 2.856947 -1.536175 -0.973780 -1.501147 -0.272558 -1.578261
    59 0.000000 0.000000 10.000000 0.000000 0.000000 0.000000
    60 2.856899 -1.536201 -0.973800 -1.501147 -0.272558 -1.578261
    61 2.000000 -3.000000 0.000000 -1.570796 0.000000 -1.326450
    62 0.018896 0.665159 9.395880 0.000000 0.000000 0.000000
    63 3.028210 -0.923409 -2.009452 1.574082 -0.012974 1.587244
    64 0.116954 4.311606 0.061861 0.000010 0.000000 0.000000
    65 0.000000 -0.000002 0.000000 0.000000 0.000000 0.000000
    66 0.000000 1.000000 0.000010 0.000000 0.000000 0.000000
    67 -0.000001 0.000000 0.000000 0.000000 0.000000 0.000000
    68 -0.000001 0.000000 0.000000 0.000000 0.000000 0.000000
    69 -0.000001 0.000000 0.000000 0.000000 0.000000 0.000000
time 18
    0 -0.880371 -8.601563 26.156250 1.639332 -0.087724 0.357294
    1 3.455587 0.000000 0.000000 -2.511492 -0.756353 -0.880579
    2 16.572346 0.000000 0.000000 0.000000 0.000000 1.185223
    3 16.265829 0.000000 0.000000 -0.556513 -0.210459 -0.924195
    4 5.046457 0.000000 0.000000 0.009888 -0.018702 -0.427304
    5 -3.455587 0.000000 0.000000 -1.605131 -0.261739 -1.724557
    6 16.572346 0.000000 0.000000 0.000000 0.000000 0.444783
    7 16.265831 0.000000 0.000000 0.236185 -0.115443 -0.734332
    8 5.046457 0.000000 0.000000 -0.100147 0.014985 -0.384988
    9 0.000000 3.703728 0.293189 1.498722 -0.172925 1.559680
    10 3.307846 0.000000 0.000000 -0.071125 -0.018736 -0.141815
    11 3.297962 0.000000 0.000000 -0.065631 -0.040981 -0.152928
    12 6.040985 0.000000 0.000000 -0.077890 -0.036227 0.289446
    13 5.065758 0.000000 0.000000 2.920736 -0.040624 -0.168675
    14 3.993755 0.000000 0.000000 -0.174925 -0.018910 1.032861
    15 3.815876 1.385489 1.500000 -1.274273 -1.019138 -0.442255
    16 4.327093 0.000004 0.000000 3.072419 -0.132529 0.977432
    17 11.105114 0.000000 0.000000 0.000000 0.000000 -0.306359
    18 9.862099 -0.000011 -0.000031 1.207489 -0.109903 0.159792
    19 2.641094 0.214619 -1.073586 0.343640 0.190540 -0.806457
    20 1.361605 -0.000002 0.000000 -0.033852 -0.056532 -1.168171
    21 0.779602 0.000002 0.000000 -0.038792 -0.123973 0.252811
    22 2.908712 0.221762 -0.431868 0.315656 0.064476 -0.893331
    23 1.597527 0.000001 0.000000 -0.020331 -0.043837 -1.158634
    24 0.912680 0.000001 0.000000 0.002529 0.008221 0.233624
    25 3.265450 0.050007 0.415744 0.322996 0.091423 -1.049966
    26 1.860470 0.000000 0.000000 -0.051601 -0.064213 -1.194101
    27 1.061481 -0.000001 0.000000 0.004104 0.029474 0.404443
    28 3.340382 -0.242393 1.285012 0.318526 0.062572 -1.131184
    29 1.550753 0.000001 0.000000 0.061672 0.075949 -1.038656
    30 0.904888 0.000001 0.000000 0.001693 0.026264 0.279791
    31 1.219385 -1.063860 0.837143 1.700714 -0.490087 -0.201253
    32 1.496971 -0.000002 -0.000001 -0.211499 -0.093020 -0.524662
    33 1.100086 0.000000 0.000000 0.034391 -0.021604 -0.723527
    34 3.815876 1.385489 -1.500000 1.574040 1.036216 -0.172343
    35 4.327089 -0.000004 0.000000 2.916212 -0.032977 0.658976
    36 11.105106 0.000000 0.000004 0.000000 0.000000 -0.495025
    37 9.862080 -0.000007 0.000017 -1.053094 0.022318 0.123435
    38 2.641111 0.211586 1.074188 -0.340778 -0.190504 -0.713994
    39 1.361601 0.000000 0.000000 0.033791 0.056509 -0.943913
    40 0.779604 0.000001 0.000000 0.038833 0.124038 0.218150
    41 2.908730 0.220541 0.432493 -0.312825 -0.064540 -0.854119
    42 1.597527 0.000000 0.000000 0.020338 0.043857 -0.899809
    43 0.912678 0.000000 0.000000 -0.002548 -0.008289 0.256412
    44 3.265471 0.051184 -0.415600 -0.320176 -0.091421 -0.907618
    45 1.860470 0.000000 0.000000 0.051611 0.064235 -1.000517
    46 1.061485 0.000000 0.000000 -0.004037 -0.029426 0.237782
    47 3.340403 -0.238762 -1.285691 -0.315698 -0.062609 -0.887483
    48 1.550755 0.000000 0.000000 -0.061667 -0.075946 -1.019680
    49 0.904886 0.000001 0.000000 -0.001669 -0.026281 0.159649
    50 1.219410 -1.061498 -0.840143 -1.725617 0.534025 -0.029356
    51 1.496971 0.000002 0.000000 0.141600 0.113297 -0.458891
    52 1.100088 0.000000 0.000000 -0.031342 0.025865 -0.596322
    53 -21.296875 -10.750000 3.550781 2.956459 0.147761 1.723317
    54 0.000000 0.000000 0.000000 -0.077030 -0.068757 -1.299215
    55 7.054213 0.000000 0.000000 0.000000 0.000000 0.000000
    56 0.000000 -0.000007 -0.000031 1.373047 0.113574 0.124314
    57 0.000000 -0.000007 -0.000031 1.373047 0.113574 0.124314
    58 2.856947 -1.536175 -0.973780 -1.501147 -0.272558 -1.578261
    59 0.000000 0.000000 10.000000 0.000000 0.000000 0.000000
    60 2.856899 -1.536201 -0.973800 -1.501147 -0.272558 -1.578261
    61 2.000000 -3.000000 0.000000 -1.570796 0.000000 -1.326450
    62 0.018896 0.665159 9.395880 0.000000 0.000000 0.000000
    63 3.028210 -0.923409 -2.009452 1.574082 -0.012974 1.587244
    64 0.116954 4.311606 0.061861 0.000010 0.000000 0.000000
    65 0.000000 -0.000002 0.000000 0.000000 0.000000 0.000000
    66 0.000000 1.000000 0.000010 0.000000 0.000000 0.000000
    67 -0.000001 0.000000 0.000000 0.000000 0.000000 0.000000
    68 -0.000001 0.000000 0.000000 0.000000 0.000000 0.000000
    69 -0.000001 0.000000 0.000000 0.000000 0.000000 0.000000
time 19
    0 -1.171875 -8.554688 26.156250 1.637883 -0.082255 0.372564
    1 3.455587 0.000000 0.000000 -2.564218 -0.806408 -0.842356
    2 16.572346 0.000000 0.000000 0.000000 0.000000 1.249411
    3 16.265829 0.000000 0.000000 -0.547005 -0.180705 -0.922072
    4 5.046457 0.000000 0.000000 0.009887 -0.018729 -0.418210
    5 -3.455587 0.000000 0.000000 -1.585955 -0.255357 -1.729249
    6 16.572346 0.000000 0.000000 0.000000 0.000000 0.475638
    7 16.265831 0.000000 0.000000 0.248058 -0.118724 -0.747147
    8 5.046457 0.000000 0.000000 -0.100164 0.014976 -0.370644
    9 0.000000 3.703728 0.293189 1.504398 -0.176354 1.555080
    10 3.307846 0.000000 0.000000 -0.065574 -0.020274 -0.140073
    11 3.297962 0.000000 0.000000 -0.060528 -0.037240 -0.153908
    12 6.040985 0.000000 0.000000 -0.071338 -0.031138 0.287264
    13 5.065758 0.000000 0.000000 2.917635 -0.053205 -0.171875
    14 3.993755 0.000000 0.000000 -0.174074 -0.001906 1.035662
    15 3.815876 1.385489 1.500000 -1.308993 -1.014812 -0.410710
    16 4.327093 0.000004 0.000000 3.072934 -0.143876 0.971929
    17 11.105114 0.000000 0.000000 0.000000 0.000000 -0.305573
    18 9.862099 -0.000011 -0.000031 1.188831 -0.115078 0.161249
    19 2.641094 0.214619 -1.073586 0.343640 0.190540 -0.806457
    20 1.361605 -0.000002 0.000000 -0.033852 -0.056532 -1.168171
    21 0.779602 0.000002 0.000000 -0.038792 -0.123973 0.252811
    22 2.908712 0.221762 -0.431868 0.315656 0.064476 -0.893331
    23 1.597527 0.000001 0.000000 -0.020331 -0.043837 -1.158634
    24 0.912680 0.000001 0.000000 0.002529 0.008221 0.233624
    25 3.265450 0.050007 0.415744 0.322996 0.091423 -1.049966
    26 1.860470 0.000000 0.000000 -0.051601 -0.064213 -1.194101
    27 1.061481 -0.000001 0.000000 0.004104 0.029474 0.404443
    28 3.340382 -0.242393 1.285012 0.318526 0.062572 -1.131184
    29 1.550753 0.000001 0.000000 0.061672 0.075949 -1.038656
    30 0.904888 0.000001 0.000000 0.001693 0.026264 0.279791
    31 1.219385 -1.063860 0.837143 1.700714 -0.490087 -0.201253
    32 1.496971 -0.000002 -0.000001 -0.211499 -0.093020 -0.524662
    33 1.100086 0.000000 0.000000 0.034391 -0.021604 -0.723527
    34 3.815876 1.385489 -1.500000 1.559125 1.049291 -0.191945
    35 4.327089 -0.000004 0.000000 2.916841 -0.030378 0.672323
    36 11.105106 0.000000 0.000004 0.000000 0.000000 -0.496539
    37 9.862080 -0.000007 0.000017 -1.074104 0.010731 0.125725
    38 2.641111 0.211586 1.074188 -0.340778 -0.190504 -0.713994
    39 1.361601 0.000000 0.000000 0.033791 0.056509 -0.943913
    40 0.779604 0.000001 0.000000 0.038833 0.124038 0.218150
    41 2.908730 0.220541 0.432493 -0.312825 -0.064540 -0.854119
    42 1.597527 0.000000 0.000000 0.020338 0.043857 -0.899809
    43 0.912678 0.000000 0.000000 -0.002548 -0.008289 0.256412
    44 3.265471 0.051184 -0.415600 -0.320176 -0.091421 -0.907618
    45 1.860470 0.000000 0.000000 0.051611 0.064235 -1.000517
    46 1.061485 0.000000 0.000000 -0.004037 -0.029426 0.237782
    47 3.340403 -0.238762 -1.285691 -0.315698 -0.062609 -0.887483
    48 1.550755 0.000000 0.000000 -0.061667 -0.075946 -1.019680
    49 0.904886 0.000001 0.000000 -0.001669 -0.026281 0.159649
    50 1.219410 -1.061498 -0.840143 -1.725617 0.534025 -0.029356
    51 1.496971 0.000002 0.000000 0.141600 0.113297 -0.458891
    52 1.100088 0.000000 0.000000 -0.031342 0.025865 -0.596322
    53 -19.625000 -14.953125 0.609375 2.945626 0.167199 1.718312
    54 0.000000 0.000000 0.000000 -0.077030 -0.068757 -1.299215
    55 7.054213 0.000000 0.000000 0.000000 0.000000 0.000000
    56 0.000000 -0.000007 -0.000031 1.373047 0.113574 0.124314
    57 0.000000 -0.000007 -0.000031 1.373047 0.113574 0.124314
    58 2.856947 -1.536175 -0.973780 -1.501147 -0.272558 -1.578261
    59 0.000000 0.000000 10.000000 0.000000 0.000000 0.000000
    60 2.856899 -1.536201 -0.973800 -1.501147 -0.272558 -1.578261
    61 2.000000 -3.000000 0.000000 -1.570796 0.000000 -1.326450
    62 0.018896 0.665159 9.395880 0.000000 0.000000 0.000000
    63 3.028210 -0.923409 -2.009452 1.574082 -0.012974 1.587244
    64 0.116954 4.311606 0.061861 0.000010 0.000000 0.000000
    65 0.000000 -0.000002 0.000000 0.000000 0.000000 0.000000
    66 0.000000 1.000000 0.000010 0.000000 0.000000 0.000000
    67 -0.000001 0.000000 0.000000 0.000000 0.000000 0.000000
    68 -0.000001 0.000000 0.000000 0.000000 0.000000 0.000000
    69 -0.000001 0.000000 0.000000 0.000000 0.000000 0.000000
time 20
    0 -1.410156 -8.445313 26.171875 1.635138 -0.074657 0.374369
    1 3.455587 0.000000 0.000000 -2.615794 -0.841733 -0.808594
    2 16.572346 0.000000 0.000000 0.000000 0.000000 1.296537
    3 16.265829 0.000000 0.000000 -0.508121 -0.128148 -0.920615
    4 5.046457 0.000000 0.000000 0.009834 -0.018757 -0.412475
    5 -3.455587 0.000000 0.000000 -1.563962 -0.248550 -1.739595
    6 16.572346 0.000000 0.000000 0.000000 0.000000 0.505271
    7 16.265831 0.000000 0.000000 0.253022 -0.115057 -0.772967
    8 5.046457 0.000000 0.000000 -0.100160 0.014987 -0.365018
    9 0.000000 3.703728 0.293189 1.513818 -0.180680 1.549706
    10 3.307846 0.000000 0.000000 -0.056332 -0.021466 -0.137949
    11 3.297962 0.000000 0.000000 -0.051896 -0.031046 -0.154636
    12 6.040985 0.000000 0.000000 -0.060513 -0.023498 0.285489
    13 5.065758 0.000000 0.000000 2.920076 -0.062719 -0.171579
    14 3.993755 0.000000 0.000000 -0.169140 0.014115 1.033288
    15 3.815876 1.385489 1.500000 -1.367921 -1.009841 -0.356657
    16 4.327093 0.000004 0.000000 3.073697 -0.154669 0.956247
    17 11.105114 0.000000 0.000000 0.000000 0.000000 -0.310203
    18 9.862099 -0.000011 -0.000031 1.177154 -0.123709 0.161306
    19 2.641094 0.214619 -1.073586 0.343640 0.190540 -0.806457
    20 1.361605 -0.000002 0.000000 -0.033852 -0.056532 -1.168171
    21 0.779602 0.000002 0.000000 -0.038792 -0.123973 0.252811
    22 2.908712 0.221762 -0.431868 0.315656 0.064476 -0.893331
    23 1.597527 0.000001 0.000000 -0.020331 -0.043837 -1.158634
    24 0.912680 0.000001 0.000000 0.002529 0.008221 0.233624
    25 3.265450 0.050007 0.415744 0.322996 0.091423 -1.049966
    26 1.860470 0.000000 0.000000 -0.051601 -0.064213 -1.194101
    27 1.061481 -0.000001 0.000000 0.004104 0.029474 0.404443
    28 3.340382 -0.242393 1.285012 0.318526 0.062572 -1.131184
    29 1.550753 0.000001 0.000000 0.061672 0.075949 -1.038656
    30 0.904888 0.000001 0.000000 0.001693 0.026264 0.279791
    31 1.219385 -1.063860 0.837143 1.700714 -0.490087 -0.201253
    32 1.496971 -0.000002 -0.000001 -0.211499 -0.093020 -0.524662
    33 1.100086 0.000000 0.000000 0.034391 -0.021604 -0.723527
    34 3.815876 1.385489 -1.500000 1.535687 1.053619 -0.219627
    35 4.327089 -0.000004 0.000000 2.935597 -0.019011 0.681050
    36 11.105106 0.000000 0.000004 0.000000 0.000000 -0.493690
    37 9.862080 -0.000007 0.000017 -1.106811 0.004978 0.130662
    38 2.641111 0.211586 1.074188 -0.340778 -0.190504 -0.713994
    39 1.361601 0.000000 0.000000 0.033791 0.056509 -0.943913
    40 0.779604 0.000001 0.000000 0.038833 0.124038 0.218150
    41 2.908730 0.220541 0.432493 -0.312825 -0.064540 -0.854119
    42 1.597527 0.000000 0.000000 0.020338 0.043857 -0.899809
    43 0.912678 0.000000 0.000000 -0.002548 -0.008289 0.256412
    44 3.265471 0.051184 -0.415600 -0.320176 -0.091421 -0.907618
    45 1.860470 0.000000 0.000000 0.051611 0.064235 -1.000517
    46 1.061485 0.000000 0.000000 -0.004037 -0.029426 0.237782
    47 3.340403 -0.238762 -1.285691 -0.315698 -0.062609 -0.887483
    48 1.550755 0.000000 0.000000 -0.061667 -0.075946 -1.019680
    49 0.904886 0.000001 0.000000 -0.001669 -0.026281 0.159649
    50 1.219410 -1.061498 -0.840143 -1.725617 0.534025 -0.029356
    51 1.496971 0.000002 0.000000 0.141600 0.113297 -0.458891
    52 1.100088 0.000000 0.000000 -0.031342 0.025865 -0.596322
    53 -20.453125 -17.078125 -4.472656 2.934099 0.174631 1.717210
    54 0.000000 0.000000 0.000000 -0.077030 -0.068757 -1.299215
    55 7.054213 0.000000 0.000000 0.000000 0.000000 0.000000
    56 0.000000 -0.000007 -0.000031 1.373047 0.113574 0.124314
    57 0.000000 -0.000007 -0.000031 1.373047 0.113574 0.124314
    58 2.856947 -1.536175 -0.973780 -1.501147 -0.272558 -1.578261
    59 0.000000 0.000000 10.000000 0.000000 0.000000 0.000000
    60 2.856899 -1.536201 -0.973800 -1.501147 -0.272558 -1.578261
    61 2.000000 -3.000000 0.000000 -1.570796 0.000000 -1.326450
    62 0.018896 0.665159 9.395880 0.000000 0.000000 0.000000
    63 3.028210 -0.923409 -2.009452 1.574082 -0.012974 1.587244
    64 0.116954 4.311606 0.061861 0.000010 0.000000 0.000000
    65 0.000000 -0.000002 0.000000 0.000000 0.000000 0.000000
    66 0.000000 1.000000 0.000010 0.000000 0.000000 0.000000
    67 -0.000001 0.000000 0.000000 0.000000 0.000000 0.000000
    68 -0.000001 0.000000 0.000000 0.000000 0.000000 0.000000
    69 -0.000001 0.000000 0.000000 0.000000 0.000000 0.000000
time 21
    0 -1.593750 -8.312500 26.203125 1.630850 -0.063802 0.364025
    1 3.455587 0.000000 0.000000 -2.662737 -0.853872 -0.784986
    2 16.572346 0.000000 0.000000 0.000000 0.000000 1.315557
    3 16.265829 0.000000 0.000000 -0.510526 -0.082609 -0.918090
    4 5.046457 0.000000 0.000000 0.009837 -0.018716 -0.396612
    5 -3.455587 0.000000 0.000000 -1.530059 -0.239237 -1.757508
    6 16.572346 0.000000 0.000000 0.000000 0.000000 0.535556
    7 16.265831 0.000000 0.000000 0.264207 -0.114215 -0.809787
    8 5.046457 0.000000 0.000000 -0.100185 0.015030 -0.371263
    9 0.000000 3.703728 0.293189 1.526802 -0.182940 1.545536
    10 3.307846 0.000000 0.000000 -0.043536 -0.021413 -0.136594
    11 3.297962 0.000000 0.000000 -0.040164 -0.022668 -0.153831
    12 6.040985 0.000000 0.000000 -0.045869 -0.013790 0.286857
    13 5.065758 0.000000 0.000000 2.916130 -0.062832 -0.170259
    14 3.993755 0.000000 0.000000 -0.173781 0.022964 1.030464
    15 3.815876 1.385489 1.500000 -1.442907 -1.007343 -0.288390
    16 4.327093 0.000004 0.000000 3.077751 -0.165771 0.929961
    17 11.105114 0.000000 0.000000 0.000000 0.000000 -0.329003
    18 9.862099 -0.000011 -0.000031 1.169522 -0.136388 0.164295
    19 2.641094 0.214619 -1.073586 0.343640 0.190540 -0.806457
    20 1.361605 -0.000002 0.000000 -0.033852 -0.056532 -1.168171
    21 0.779602 0.000002 0.000000 -0.038792 -0.123973 0.252811
    22 2.908712 0.221762 -0.431868 0.315656 0.064476 -0.893331
    23 1.597527 0.000001 0.000000 -0.020331 -0.043837 -1.158634
    24 0.912680 0.000001 0.000000 0.002529 0.008221 0.233624
    25 3.265450 0.050007 0.415744 0.322996 0.091423 -1.049966
    26 1.860470 0.000000 0.000000 -0.051601 -0.064213 -1.194101
    27 1.061481 -0.000001 0.000000 0.004104 0.029474 0.404443
    28 3.340382 -0.242393 1.285012 0.318526 0.062572 -1.131184
    29 1.550753 0.000001 0.000000 0.061672 0.075949 -1.038656
    30 0.904888 0.000001 0.000000 0.001693 0.026264 0.279791
    31 1.219385 -1.063860 0.837143 1.700714 -0.490087 -0.201253
    32 1.496971 -0.000002 -0.000001 -0.211499 -0.093020 -0.524662
    33 1.100086 0.000000 0.000000 0.034391 -0.021604 -0.723527
    34 3.815876 1.385489 -1.500000 1.481408 1.062552 -0.274046
    35 4.327089 -0.000004 0.000000 2.981372 0.005235 0.707999
    36 11.105106 0.000000 0.000004 0.000000 0.000000 -0.479903
    37 9.862080 -0.000007 0.000017 -1.152113 0.004756 0.136093
    38 2.641111 0.211586 1.074188 -0.340778 -0.190504 -0.713994
    39 1.361601 0.000000 0.000000 0.033791 0.056509 -0.943913
    40 0.779604 0.000001 0.000000 0.038833 0.124038 0.218150
    41 2.908730 0.220541 0.432493 -0.312825 -0.064540 -0.854119
    42 1.597527 0.000000 0.000000 0.020338 0.043857 -0.899809
    43 0.912678 0.000000 0.000000 -0.002548 -0.008289 0.256412
    44 3.265471 0.051184 -0.415600 -0.320176 -0.091421 -0.907618
    45 1.860470 0.000000 0.000000 0.051611 0.064235 -1.000517
    46 1.061485 0.000000 0.000000 -0.004037 -0.029426 0.237782
    47 3.340403 -0.238762 -1.285691 -0.315698 -0.062609 -0.887483
    48 1.550755 0.000000 0.000000 -0.061667 -0.075946 -1.019680
    49 0.904886 0.000001 0.000000 -0.001669 -0.026281 0.159649
    50 1.219410 -1.061498 -0.840143 -1.725617 0.534025 -0.029356
    51 1.496971 0.000002 0.000000 0.141600 0.113297 -0.458891
    52 1.100088 0.000000 0.000000 -0.031342 0.025865 -0.596322
    53 -22.562500 -16.421875 -9.179688 2.920977 0.175620 1.723240
    54 0.000000 0.000000 0.000000 -0.077030 -0.068757 -1.299215
    55 7.054213 0.000000 0.000000 0.000000 0.000000 0.000000
    56 0.000000 -0.000007 -0.000031 1.373047 0.113574 0.124314
    57 0.000000 -0.000007 -0.000031 1.373047 0.113574 0.124314
    58 2.856947 -1.536175 -0.973780 -1.501147 -0.272558 -1.578261
    59 0.000000 0.000000 10.000000 0.000000 0.000000 0.000000
    60 2.856899 -1.536201 -0.973800 -1.501147 -0.272558 -1.578261
    61 2.000000 -3.000000 0.000000 -1.570796 0.000000 -1.326450
    62 0.018896 0.665159 9.395880 0.000000 0.000000 0.000000
    63 3.028210 -0.923409 -2.009452 1.574082 -0.012974 1.587244
    64 0.116954 4.311606 0.061861 0.000010 0.000000 0.000000
    65 0.000000 -0.000002 0.000000 0.000000 0.000000 0.000000
    66 0.000000 1.000000 0.000010 0.000000 0.000000 0.000000
    67 -0.000001 0.000000 0.000000 0.000000 0.000000 0.000000
    68 -0.000001 0.000000 0.000000 0.000000 0.000000 0.000000
    69 -0.000001 0.000000 0.000000 0.000000 0.000000 0.000000
time 22
    0 -1.709961 -8.195313 26.281250 1.624067 -0.049717 0.342702
    1 3.455587 0.000000 0.000000 -2.689930 -0.838514 -0.782132
    2 16.572346 0.000000 0.000000 0.000000 0.000000 1.312178
    3 16.265829 0.000000 0.000000 -0.584997 -0.142606 -0.913993
    4 5.046457 0.000000 0.000000 0.009840 -0.018763 -0.353379
    5 -3.455587 0.000000 0.000000 -1.488111 -0.225703 -1.783110
    6 16.572346 0.000000 0.000000 0.000000 0.000000 0.568934
    7 16.265831 0.000000 0.000000 0.275226 -0.111864 -0.851558
    8 5.046457 0.000000 0.000000 -0.100214 0.014966 -0.394150
    9 0.000000 3.703728 0.293189 1.542665 -0.182774 1.545001
    10 3.307846 0.000000 0.000000 -0.027858 -0.019120 -0.136168
    11 3.297962 0.000000 0.000000 -0.025624 -0.013722 -0.151661
    12 6.040985 0.000000 0.000000 -0.028575 -0.005059 0.291185
    13 5.065758 0.000000 0.000000 2.906698 -0.057966 -0.163460
    14 3.993755 0.000000 0.000000 -0.185600 0.032068 1.022783
    15 3.815876 1.385489 1.500000 -1.529733 -1.012712 -0.212526
    16 4.327093 0.000004 0.000000 3.092033 -0.179111 0.904563
    17 11.105114 0.000000 0.000000 0.000000 0.000000 -0.356775
    18 9.862099 -0.000011 -0.000031 1.163520 -0.149625 0.169494
    19 2.641094 0.214619 -1.073586 0.343640 0.190540 -0.806457
    20 1.361605 -0.000002 0.000000 -0.033852 -0.056532 -1.168171
    21 0.779602 0.000002 0.000000 -0.038792 -0.123973 0.252811
    22 2.908712 0.221762 -0.431868 0.315656 0.064476 -0.893331
    23 1.597527 0.000001 0.000000 -0.020331 -0.043837 -1.158634
    24 0.912680 0.000001 0.000000 0.002529 0.008221 0.233624
    25 3.265450 0.050007 0.415744 0.322996 0.091423 -1.049966
    26 1.860470 0.000000 0.000000 -0.051601 -0.064213 -1.194101
    27 1.061481 -0.000001 0.000000 0.004104 0.029474 0.404443
    28 3.340382 -0.242393 1.285012 0.318526 0.062572 -1.131184
    29 1.550753 0.000001 0.000000 0.061672 0.075949 -1.038656
    30 0.904888 0.000001 0.000000 0.001693 0.026264 0.279791
    31 1.219385 -1.063860 0.837143 1.700714 -0.490087 -0.201253
    32 1.496971 -0.000002 -0.000001 -0.211499 -0.093020 -0.524662
    33 1.100086 0.000000 0.000000 0.034391 -0.021604 -0.723527
    34 3.815876 1.385489 -1.500000 1.403748 1.078434 -0.356540
    35 4.327089 -0.000004 0.000000 3.037685 0.043363 0.751801
    36 11.105106 0.000000 0.000004 0.000000 0.000000 -0.466849
    37 9.862080 -0.000007 0.000017 -1.208185 0.008826 0.145410
    38 2.641111 0.211586 1.074188 -0.340778 -0.190504 -0.713994
    39 1.361601 0.000000 0.000000 0.033791 0.056509 -0.943913
    40 0.779604 0.000001 0.000000 0.038833 0.124038 0.218150
    41 2.908730 0.220541 0.432493 -0.312825 -0.064540 -0.854119
    42 1.597527 0.000000 0.000000 0.020338 0.043857 -0.899809
    43 0.912678 0.000000 0.000000 -0.002548 -0.008289 0.256412
    44 3.265471 0.051184 -0.415600 -0.320176 -0.091421 -0.907618
    45 1.860470 0.000000 0.000000 0.051611 0.064235 -1.000517
    46 1.061485 0.000000 0.000000 -0.004037 -0.029426 0.237782
    47 3.340403 -0.238762 -1.285691 -0.315698 -0.062609 -0.887483
    48 1.550755 0.000000 0.000000 -0.061667 -0.075946 -1.019680
    49 0.904886 0.000001 0.000000 -0.001669 -0.026281 0.159649
    50 1.219410 -1.061498 -0.840143 -1.725617 0.534025 -0.029356
    51 1.496971 0.000002 0.000000 0.141600 0.113297 -0.458891
    52 1.100088 0.000000 0.000000 -0.031342 0.025865 -0.596322
    53 -24.468750 -12.390625 -9.695313 2.906254 0.177971 1.733834
    54 0.000000 0.000000 0.000000 -0.077030 -0.068757 -1.299215
    55 7.054213 0.000000 0.000000 0.000000 0.000000 0.000000
    56 0.000000 -0.000007 -0.000031 1.373047 0.113574 0.124314
    57 0.000000 -0.000007 -0.000031 1.373047 0.113574 0.124314
    58 2.856947 -1.536175 -0.973780 -1.501147 -0.272558 -1.578261
    59 0.000000 0.000000 10.000000 0.000000 0.000000 0.000000
    60 2.856899 -1.536201 -0.973800 -1.501147 -0.272558 -1.578261
    61 2.000000 -3.000000 0.000000 -1.570796 0.000000 -1.326450
    62 0.018896 0.665159 9.395880 0.000000 0.000000 0.000000
    63 3.028210 -0.923409 -2.009452 1.574082 -0.012974 1.587244
    64 0.116954 4.311606 0.061861 0.000010 0.000000 0.000000
    65 0.000000 -0.000002 0.000000 0.000000 0.000000 0.000000
    66 0.000000 1.000000 0.000010 0.000000 0.000000 0.000000
    67 -0.000001 0.000000 0.000000 0.000000 0.000000 0.000000
    68 -0.000001 0.000000 0.000000 0.000000 0.000000 0.000000
    69 -0.000001 0.000000 0.000000 0.000000 0.000000 0.000000
time 23
    0 -1.720703 -8.148438 26.468750 1.615392 -0.036136 0.306670
    1 3.455587 0.000000 0.000000 -2.705739 -0.783933 -0.805487
    2 16.572346 0.000000 0.000000 0.000000 0.000000 1.270779
    3 16.265829 0.000000 0.000000 -0.635449 -0.239043 -0.897958
    4 5.046457 0.000000 0.000000 0.009859 -0.018753 -0.355397
    5 -3.455587 0.000000 0.000000 -1.452440 -0.207922 -1.819003
    6 16.572346 0.000000 0.000000 0.000000 0.000000 0.606092
    7 16.265831 0.000000 0.000000 0.307700 -0.102195 -0.893910
    8 5.046457 0.000000 0.000000 -0.100191 0.015017 -0.402264
    9 0.000000 3.703728 0.293189 1.556011 -0.181018 1.549422
    10 3.307846 0.000000 0.000000 -0.014858 -0.014257 -0.136835
    11 3.297962 0.000000 0.000000 -0.013754 -0.005884 -0.150399
    12 6.040985 0.000000 0.000000 -0.014311 0.001773 0.294393
    13 5.065758 0.000000 0.000000 2.899777 -0.051674 -0.149415
    14 3.993755 0.000000 0.000000 -0.195712 0.039033 1.010818
    15 3.815876 1.385489 1.500000 -1.595413 -1.036993 -0.152716
    16 4.327093 0.000004 0.000000 -3.139113 -0.185378 0.877681
    17 11.105114 0.000000 0.000000 0.000000 0.000000 -0.410155
    18 9.862099 -0.000011 -0.000031 1.149811 -0.164409 0.189906
    19 2.641094 0.214619 -1.073586 0.343640 0.190540 -0.806457
    20 1.361605 -0.000002 0.000000 -0.033852 -0.056532 -1.168171
    21 0.779602 0.000002 0.000000 -0.038792 -0.123973 0.252811
    22 2.908712 0.221762 -0.431868 0.315656 0.064476 -0.893331
    23 1.597527 0.000001 0.000000 -0.020331 -0.043837 -1.158634
    24 0.912680 0.000001 0.000000 0.002529 0.008221 0.233624
    25 3.265450 0.050007 0.415744 0.322996 0.091423 -1.049966
    26 1.860470 0.000000 0.000000 -0.051601 -0.064213 -1.194101
    27 1.061481 -0.000001 0.000000 0.004104 0.029474 0.404443
    28 3.340382 -0.242393 1.285012 0.318526 0.062572 -1.131184
    29 1.550753 0.000001 0.000000 0.061672 0.075949 -1.038656
    30 0.904888 0.000001 0.000000 0.001693 0.026264 0.279791
    31 1.219385 -1.063860 0.837143 1.700714 -0.490087 -0.201253
    32 1.496971 -0.000002 -0.000001 -0.211499 -0.093020 -0.524662
    33 1.100086 0.000000 0.000000 0.034391 -0.021604 -0.723527
    34 3.815876 1.385489 -1.500000 1.350209 1.092981 -0.421825
    35 4.327089 -0.000004 0.000000 3.080357 0.090572 0.791823
    36 11.105106 0.000000 0.000004 0.000000 0.000000 -0.482747
    37 9.862080 -0.000007 0.000017 -1.245088 0.019588 0.173237
    38 2.641111 0.211586 1.074188 -0.340778 -0.190504 -0.713994
    39 1.361601 0.000000 0.000000 0.033791 0.056509 -0.943913
    40 0.779604 0.000001 0.000000 0.038833 0.124038 0.218150
    41 2.908730 0.220541 0.432493 -0.312825 -0.064540 -0.854119
    42 1.597527 0.000000 0.000000 0.020338 0.043857 -0.899809
    43 0.912678 0.000000 0.000000 -0.002548 -0.008289 0.256412
    44 3.265471 0.051184 -0.415600 -0.320176 -0.091421 -0.907618
    45 1.860470 0.000000 0.000000 0.051611 0.064235 -1.000517
    46 1.061485 0.000000 0.000000 -0.004037 -0.029426 0.237782
    47 3.340403 -0.238762 -1.285691 -0.315698 -0.062609 -0.887483
    48 1.550755 0.000000 0.000000 -0.061667 -0.075946 -1.019680
    49 0.904886 0.000001 0.000000 -0.001669 -0.026281 0.159649
    50 1.219410 -1.061498 -0.840143 -1.725617 0.534025 -0.029356
    51 1.496971 0.000002 0.000000 0.141600 0.113297 -0.458891
    52 1.100088 0.000000 0.000000 -0.031342 0.025865 -0.596322
    53 -25.531250 -8.617188 -7.437500 2.895017 0.201955 1.755560
    54 0.000000 0.000000 0.000000 -0.077030 -0.068757 -1.299215
    55 7.054213 0.000000 0.000000 0.000000 0.000000 0.000000
    56 0.000000 -0.000007 -0.000031 1.373047 0.113574 0.124314
    57 0.000000 -0.000007 -0.000031 1.373047 0.113574 0.124314
    58 2.856947 -1.536175 -0.973780 -1.501147 -0.272558 -1.578261
    59 0.000000 0.000000 10.000000 0.000000 0.000000 0.000000
    60 2.856899 -1.536201 -0.973800 -1.501147 -0.272558 -1.578261
    61 2.000000 -3.000000 0.000000 -1.570796 0.000000 -1.326450
    62 0.018896 0.665159 9.395880 0.000000 0.000000 0.000000
    63 3.028210 -0.923409 -2.009452 1.574082 -0.012974 1.587244
    64 0.116954 4.311606 0.061861 0.000010 0.000000 0.000000
    65 0.000000 -0.000002 0.000000 0.000000 0.000000 0.000000
    66 0.000000 1.000000 0.000010 0.000000 0.000000 0.000000
    67 -0.000001 0.000000 0.000000 0.000000 0.000000 0.000000
    68 -0.000001 0.000000 0.000000 0.000000 0.000000 0.000000
    69 -0.000001 0.000000 0.000000 0.000000 0.000000 0.000000
time 24
    0 -1.643555 -8.218750 26.703125 1.604155 -0.022852 0.258006
    1 3.455587 0.000000 0.000000 -2.683673 -0.689576 -0.859806
    2 16.572346 0.000000 0.000000 0.000000 0.000000 1.177739
    3 16.265829 0.000000 0.000000 -0.612881 -0.182069 -0.899371
    4 5.046457 0.000000 0.000000 0.009846 -0.018760 -0.353993
    5 -3.455587 0.000000 0.000000 -1.438666 -0.190377 -1.861334
    6 16.572346 0.000000 0.000000 0.000000 0.000000 0.647200
    7 16.265831 0.000000 0.000000 0.347015 -0.086136 -0.912764
    8 5.046457 0.000000 0.000000 -0.100212 0.014980 -0.393886
    9 0.000000 3.703728 0.293189 1.566699 -0.175600 1.557450
    10 3.307846 0.000000 0.000000 -0.004058 -0.007553 -0.139775
    11 3.297962 0.000000 0.000000 -0.004076 0.001252 -0.150005
    12 6.040985 0.000000 0.000000 -0.002617 0.007024 0.296485
    13 5.065758 0.000000 0.000000 2.895527 -0.041281 -0.120172
    14 3.993755 0.000000 0.000000 -0.204859 0.038564 0.990789
    15 3.815876 1.385489 1.500000 -1.669904 -1.071731 -0.068452
    16 4.327093 0.000004 0.000000 -3.022704 -0.161356 0.849350
    17 11.105114 0.000000 0.000000 0.000000 0.000000 -0.471464
    18 9.862099 -0.000011 -0.000031 1.109200 -0.154210 0.201492
    19 2.641094 0.214619 -1.073586 0.343640 0.190540 -0.806457
    20 1.361605 -0.000002 0.000000 -0.033852 -0.056532 -1.168171
    21 0.779602 0.000002 0.000000 -0.038792 -0.123973 0.252811
    22 2.908712 0.221762 -0.431868 0.315656 0.064476 -0.893331
    23 1.597527 0.000001 0.000000 -0.020331 -0.043837 -1.158634
    24 0.912680 0.000001 0.000000 0.002529 0.008221 0.233624
    25 3.265450 0.050007 0.415744 0.322996 0.091423 -1.049966
    26 1.860470 0.000000 0.000000 -0.051601 -0.064213 -1.194101
    27 1.061481 -0.000001 0.000000 0.004104 0.029474 0.404443
    28 3.340382 -0.242393 1.285012 0.318526 0.062572 -1.131184
    29 1.550753 0.000001 0.000000 0.061672 0.075949 -1.038656
    30 0.904888 0.000001 0.000000 0.001693 0.026264 0.279791
    31 1.219385 -1.063860 0.837143 1.700714 -0.490087 -0.201253
    32 1.496971 -0.000002 -0.000001 -0.211499 -0.093020 -0.524662
    33 1.100086 0.000000 0.000000 0.034391 -0.021604 -0.723527
    34 3.815876 1.385489 -1.500000 1.324684 1.102858 -0.463660
    35 4.327089 -0.000004 0.000000 3.094927 0.148520 0.815108
    36 11.105106 0.000000 0.000004 0.000000 0.000000 -0.529382
    37 9.862080 -0.000007 0.000017 -1.258633 0.030416 0.205913
    38 2.641111 0.211586 1.074188 -0.340778 -0.190504 -0.713994
    39 1.361601 0.000000 0.000000 0.033791 0.056509 -0.943913
    40 0.779604 0.000001 0.000000 0.038833 0.124038 0.218150
    41 2.908730 0.220541 0.432493 -0.312825 -0.064540 -0.854119
    42 1.597527 0.000000 0.000000 0.020338 0.043857 -0.899809
    43 0.912678 0.000000 0.000000 -0.002548 -0.008289 0.256412
    44 3.265471 0.051184 -0.415600 -0.320176 -0.091421 -0.907618
    45 1.860470 0.000000 0.000000 0.051611 0.064235 -1.000517
    46 1.061485 0.000000 0.000000 -0.004037 -0.029426 0.237782
    47 3.340403 -0.238762 -1.285691 -0.315698 -0.062609 -0.887483
    48 1.550755 0.000000 0.000000 -0.061667 -0.075946 -1.019680
    49 0.904886 0.000001 0.000000 -0.001669 -0.026281 0.159649
    50 1.219410 -1.061498 -0.840143 -1.725617 0.534025 -0.029356
    51 1.496971 0.000002 0.000000 0.141600 0.113297 -0.458891
    52 1.100088 0.000000 0.000000 -0.031342 0.025865 -0.596322
    53 -25.703125 -6.867188 -3.474609 2.889471 0.271272 1.777387
    54 0.000000 0.000000 0.000000 -0.077030 -0.068757 -1.299215
    55 7.054213 0.000000 0.000000 0.000000 0.000000 0.000000
    56 0.000000 -0.000007 -0.000031 1.373047 0.113574 0.124314
    57 0.000000 -0.000007 -0.000031 1.373047 0.113574 0.124314
    58 2.856947 -1.536175 -0.973780 -1.501147 -0.272558 -1.578261
    59 0.000000 0.000000 10.000000 0.000000 0.000000 0.000000
    60 2.856899 -1.536201 -0.973800 -1.501147 -0.272558 -1.578261
    61 2.000000 -3.000000 0.000000 -1.570796 0.000000 -1.326450
    62 0.018896 0.665159 9.395880 0.000000 0.000000 0.000000
    63 3.028210 -0.923409 -2.009452 1.574082 -0.012974 1.587244
    64 0.116954 4.311606 0.061861 0.000010 0.000000 0.000000
    65 0.000000 -0.000002 0.000000 0.000000 0.000000 0.000000
    66 0.000000 1.000000 0.000010 0.000000 0.000000 0.000000
    67 -0.000001 0.000000 0.000000 0.000000 0.000000 0.000000
    68 -0.000001 0.000000 0.000000 0.000000 0.000000 0.000000
    69 -0.000001 0.000000 0.000000 0.000000 0.000000 0.000000
time 25
    0 -1.583984 -8.320313 26.937500 1.589658 -0.005613 0.208473
    1 3.455587 0.000000 0.000000 -2.614219 -0.582084 -0.939907
    2 16.572346 0.000000 0.000000 0.000000 0.000000 1.029599
    3 16.265829 0.000000 0.000000 -0.590473 -0.046295 -0.882419
    4 5.046457 0.000000 0.000000 0.009887 -0.018739 -0.358380
    5 -3.455587 0.000000 0.000000 -1.451160 -0.178117 -1.899832
    6 16.572346 0.000000 0.000000 0.000000 0.000000 0.684651
    7 16.265831 0.000000 0.000000 0.370452 -0.061747 -0.884208
    8 5.046457 0.000000 0.000000 -0.100206 0.014982 -0.388423
    9 0.000000 3.703728 0.293189 1.574102 -0.179034 1.568922
    10 3.307846 0.000000 0.000000 0.003133 0.000996 -0.138576
    11 3.297962 0.000000 0.000000 0.002093 0.007693 -0.153372
    12 6.040985 0.000000 0.000000 0.005262 0.011532 0.290246
    13 5.065758 0.000000 0.000000 2.888766 -0.019057 -0.097088
    14 3.993755 0.000000 0.000000 -0.220774 0.025417 0.976766
    15 3.815876 1.385489 1.500000 -1.722914 -1.094119 0.001796
    16 4.327093 0.000004 0.000000 -2.911496 -0.116593 0.814248
    17 11.105114 0.000000 0.000000 0.000000 0.000000 -0.525447
    18 9.862099 -0.000011 -0.000031 1.059117 -0.135737 0.206551
    19 2.641094 0.214619 -1.073586 0.343640 0.190540 -0.806457
    20 1.361605 -0.000002 0.000000 -0.033852 -0.056532 -1.168171
    21 0.779602 0.000002 0.000000 -0.038792 -0.123973 0.252811
    22 2.908712 0.221762 -0.431868 0.315656 0.064476 -0.893331
    23 1.597527 0.000001 0.000000 -0.020331 -0.043837 -1.158634
    24 0.912680 0.000001 0.000000 0.002529 0.008221 0.233624
    25 3.265450 0.050007 0.415744 0.322996 0.091423 -1.049966
    26 1.860470 0.000000 0.000000 -0.051601 -0.064213 -1.194101
    27 1.061481 -0.000001 0.000000 0.004104 0.029474 0.404443
    28 3.340382 -0.242393 1.285012 0.318526 0.062572 -1.131184
    29 1.550753 0.000001 0.000000 0.061672 0.075949 -1.038656
    30 0.904888 0.000001 0.000000 0.001693 0.026264 0.279791
    31 1.219385 -1.063860 0.837143 1.700714 -0.490087 -0.201253
    32 1.496971 -0.000002 -0.000001 -0.211499 -0.093020 -0.524662
    33 1.100086 0.000000 0.000000 0.034391 -0.021604 -0.723527
    34 3.815876 1.385489 -1.500000 1.232586 1.116812 -0.551390
    35 4.327089 -0.000004 0.000000 3.108883 0.198338 0.865408
    36 11.105106 0.000000 0.000004 0.000000 0.000000 -0.554648
    37 9.862080 -0.000007 0.000017 -1.247642 0.040211 0.222431
    38 2.641111 0.211586 1.074188 -0.340778 -0.190504 -0.713994
    39 1.361601 0.000000 0.000000 0.033791 0.056509 -0.943913
    40 0.779604 0.000001 0.000000 0.038833 0.124038 0.218150
    41 2.908730 0.220541 0.432493 -0.312825 -0.064540 -0.854119
    42 1.597527 0.000000 0.000000 0.020338 0.043857 -0.899809
    43 0.912678 0.000000 0.000000 -0.002548 -0.008289 0.256412
    44 3.265471 0.051184 -0.415600 -0.320176 -0.091421 -0.907618
    45 1.860470 0.000000 0.000000 0.051611 0.064235 -1.000517
    46 1.061485 0.000000 0.000000 -0.004037 -0.029426 0.237782
    47 3.340403 -0.238762 -1.285691 -0.315698 -0.062609 -0.887483
    48 1.550755 0.000000 0.000000 -0.061667 -0.075946 -1.019680
    49 0.904886 0.000001 0.000000 -0.001669 -0.026281 0.159649
    50 1.219410 -1.061498 -0.840143 -1.725617 0.534025 -0.029356
    51 1.496971 0.000002 0.000000 0.141600 0.113297 -0.458891
    52 1.100088 0.000000 0.000000 -0.031342 0.025865 -0.596322
    53 -24.343750 -9.390625 0.542969 2.894832 0.339896 1.792048
    54 0.000000 0.000000 0.000000 -0.077030 -0.068757 -1.299215
    55 7.054213 0.000000 0.000000 0.000000 0.000000 0.000000
    56 0.000000 -0.000007 -0.000031 1.373047 0.113574 0.124314
    57 0.000000 -0.000007 -0.000031 1.373047 0.113574 0.124314
    58 2.856947 -1.536175 -0.973780 -1.501147 -0.272558 -1.578261
    59 0.000000 0.000000 10.000000 0.000000 0.000000 0.000000
    60 2.856899 -1.536201 -0.973800 -1.501147 -0.272558 -1.578261
    61 2.000000 -3.000000 0.000000 -1.570796 0.000000 -1.326450
    62 0.018896 0.665159 9.395880 0.000000 0.000000 0.000000
    63 3.028210 -0.923409 -2.009452 1.574082 -0.012974 1.587244
    64 0.116954 4.311606 0.061861 0.000010 0.000000 0.000000
    65 0.000000 -0.000002 0.000000 0.000000 0.000000 0.000000
    66 0.000000 1.000000 0.000010 0.000000 0.000000 0.000000
    67 -0.000001 0.000000 0.000000 0.000000 0.000000 0.000000
    68 -0.000001 0.000000 0.000000 0.000000 0.000000 0.000000
    69 -0.000001 0.000000 0.000000 0.000000 0.000000 0.000000
time 26
    0 -1.487305 -8.398438 27.062500 1.575919 0.019401 0.155746
    1 3.455587 0.000000 0.000000 -2.526075 -0.473462 -1.017791
    2 16.572346 0.000000 0.000000 0.000000 0.000000 0.860279
    3 16.265829 0.000000 0.000000 -0.578622 0.054424 -0.860515
    4 5.046457 0.000000 0.000000 0.009862 -0.018743 -0.415475
    5 -3.455587 0.000000 0.000000 -1.493174 -0.182621 -1.929120
    6 16.572346 0.000000 0.000000 0.000000 0.000000 0.712949
    7 16.265831 0.000000 0.000000 0.344834 -0.054491 -0.816437
    8 5.046457 0.000000 0.000000 -0.100192 0.015038 -0.381910
    9 0.000000 3.703728 0.293189 1.574563 -0.186159 1.586220
    10 3.307846 0.000000 0.000000 0.003929 0.012292 -0.134749
    11 3.297962 0.000000 0.000000 0.001576 0.014322 -0.154411
    12 6.040985 0.000000 0.000000 0.006775 0.018561 0.286274
    13 5.065758 0.000000 0.000000 2.870176 -0.006942 -0.084637
    14 3.993755 0.000000 0.000000 -0.243426 0.021486 0.970952
    15 3.815876 1.385489 1.500000 -1.732056 -1.106543 0.019480
    16 4.327093 0.000004 0.000000 -2.935241 -0.091936 0.774025
    17 11.105114 0.000000 0.000000 0.000000 0.000000 -0.541556
    18 9.862099 -0.000011 -0.000031 1.088148 -0.173951 0.254970
    19 2.641094 0.214619 -1.073586 0.343640 0.190540 -0.806457
    20 1.361605 -0.000002 0.000000 -0.033852 -0.056532 -1.168171
    21 0.779602 0.000002 0.000000 -0.038792 -0.123973 0.252811
    22 2.908712 0.221762 -0.431868 0.315656 0.064476 -0.893331
    23 1.597527 0.000001 0.000000 -0.020331 -0.043837 -1.158634
    24 0.912680 0.000001 0.000000 0.002529 0.008221 0.233624
    25 3.265450 0.050007 0.415744 0.322996 0.091423 -1.049966
    26 1.860470 0.000000 0.000000 -0.051601 -0.064213 -1.194101
    27 1.061481 -0.000001 0.000000 0.004104 0.029474 0.404443
    28 3.340382 -0.242393 1.285012 0.318526 0.062572 -1.131184
    29 1.550753 0.000001 0.000000 0.061672 0.075949 -1.038656
    30 0.904888 0.000001 0.000000 0.001693 0.026264 0.279791
    31 1.219385 -1.063860 0.837143 1.700714 -0.490087 -0.201253
    32 1.496971 -0.000002 -0.000001 -0.211499 -0.093020 -0.524662
    33 1.100086 0.000000 0.000000 0.034391 -0.021604 -0.723527
    34 3.815876 1.385489 -1.500000 1.176549 1.106731 -0.609135
    35 4.327089 -0.000004 0.000000 3.122991 0.238887 0.903850
    36 11.105106 0.000000 0.000004 0.000000 0.000000 -0.549265
    37 9.862080 -0.000007 0.000017 -1.217267 0.047474 0.213897
    38 2.641111 0.211586 1.074188 -0.340778 -0.190504 -0.713994
    39 1.361601 0.000000 0.000000 0.033791 0.056509 -0.943913
    40 0.779604 0.000001 0.000000 0.038833 0.124038 0.218150
    41 2.908730 0.220541 0.432493 -0.312825 -0.064540 -0.854119
    42 1.597527 0.000000 0.000000 0.020338 0.043857 -0.899809
    43 0.912678 0.000000 0.000000 -0.002548 -0.008289 0.256412
    44 3.265471 0.051184 -0.415600 -0.320176 -0.091421 -0.907618
    45 1.860470 0.000000 0.000000 0.051611 0.064235 -1.000517
    46 1.061485 0.000000 0.000000 -0.004037 -0.029426 0.237782
    47 3.340403 -0.238762 -1.285691 -0.315698 -0.062609 -0.887483
    48 1.550755 0.000000 0.000000 -0.061667 -0.075946 -1.019680
    49 0.904886 0.000001 0.000000 -0.001669 -0.026281 0.159649
    50 1.219410 -1.061498 -0.840143 -1.725617 0.534025 -0.029356
    51 1.496971 0.000002 0.000000 0.141600 0.113297 -0.458891
    52 1.100088 0.000000 0.000000 -0.031342 0.025865 -0.596322
    53 -22.421875 -13.476563 3.037109 2.921784 0.267468 1.787847
    54 0.000000 0.000000 0.000000 -0.077030 -0.068757 -1.299215
    55 7.054213 0.000000 0.000000 0.000000 0.000000 0.000000
    56 0.000000 -0.000007 -0.000031 1.373047 0.113574 0.124314
    57 0.000000 -0.000007 -0.000031 1.373047 0.113574 0.124314
    58 2.856947 -1.536175 -0.973780 -1.501147 -0.272558 -1.578261
    59 0.000000 0.000000 10.000000 0.000000 0.000000 0.000000
    60 2.856899 -1.536201 -0.973800 -1.501147 -0.272558 -1.578261
    61 2.000000 -3.000000 0.000000 -1.570796 0.000000 -1.326450
    62 0.018896 0.665159 9.395880 0.000000 0.000000 0.000000
    63 3.028210 -0.923409 -2.009452 1.574082 -0.012974 1.587244
    64 0.116954 4.311606 0.061861 0.000010 0.000000 0.000000
    65 0.000000 -0.000002 0.000000 0.000000 0.000000 0.000000
    66 0.000000 1.000000 0.000010 0.000000 0.000000 0.000000
    67 -0.000001 0.000000 0.000000 0.000000 0.000000 0.000000
    68 -0.000001 0.000000 0.000000 0.000000 0.000000 0.000000
    69 -0.000001 0.000000 0.000000 0.000000 0.000000 0.000000
time 27
    0 -1.371094 -8.484375 27.046875 1.570097 0.050493 0.099910
    1 3.455587 0.000000 0.000000 -2.397421 -0.387865 -1.086520
    2 16.572346 0.000000 0.000000 0.000000 0.000000 0.710463
    3 16.265829 0.000000 0.000000 -0.521673 0.046427 -0.862569
    4 5.046457 0.000000 0.000000 0.009874 -0.018710 -0.425803
    5 -3.455587 0.000000 0.000000 -1.550679 -0.209708 -1.944283
    6 16.572346 0.000000 0.000000 0.000000 0.000000 0.728448
    7 16.265831 0.000000 0.000000 0.249085 -0.069499 -0.755330
    8 5.046457 0.000000 0.000000 -0.100157 0.015005 -0.364668
    9 0.000000 3.703728 0.293189 1.570297 -0.194409 1.605043
    10 3.307846 0.000000 0.000000 0.000048 0.023102 -0.130453
    11 3.297962 0.000000 0.000000 -0.003388 0.017920 -0.155494
    12 6.040985 0.000000 0.000000 0.002981 0.023468 0.281891
    13 5.065758 0.000000 0.000000 2.861966 -0.004853 -0.087132
    14 3.993755 0.000000 0.000000 -0.252105 0.024600 0.972432
    15 3.815876 1.385489 1.500000 -1.716498 -1.099936 0.005703
    16 4.327093 0.000004 0.000000 -3.059858 -0.078285 0.722673
    17 11.105114 0.000000 0.000000 0.000000 0.000000 -0.568214
    18 9.862099 -0.000011 -0.000031 1.158158 -0.197816 0.238531
    19 2.641094 0.214619 -1.073586 0.343640 0.190540 -0.806457
    20 1.361605 -0.000002 0.000000 -0.033852 -0.056532 -1.168171
    21 0.779602 0.000002 0.000000 -0.038792 -0.123973 0.252811
    22 2.908712 0.221762 -0.431868 0.315656 0.064476 -0.893331
    23 1.597527 0.000001 0.000000 -0.020331 -0.043837 -1.158634
    24 0.912680 0.000001 0.000000 0.002529 0.008221 0.233624
    25 3.265450 0.050007 0.415744 0.322996 0.091423 -1.049966
    26 1.860470 0.000000 0.000000 -0.051601 -0.064213 -1.194101
    27 1.061481 -0.000001 0.000000 0.004104 0.029474 0.404443
    28 3.340382 -0.242393 1.285012 0.318526 0.062572 -1.131184
    29 1.550753 0.000001 0.000000 0.061672 0.075949 -1.038656
    30 0.904888 0.000001 0.000000 0.001693 0.026264 0.279791
    31 1.219385 -1.063860 0.837143 1.700714 -0.490087 -0.201253
    32 1.496971 -0.000002 -0.000001 -0.211499 -0.093020 -0.524662
    33 1.100086 0.000000 0.000000 0.034391 -0.021604 -0.723527
    34 3.815876 1.385489 -1.500000 1.182766 1.076978 -0.618354
    35 4.327089 -0.000004 0.000000 3.137235 0.280787 0.886806
    36 11.105106 0.000000 0.000004 0.000000 0.000000 -0.557072
    37 9.862080 -0.000007 0.000017 -1.187154 0.059401 0.213188
    38 2.641111 0.211586 1.074188 -0.340778 -0.190504 -0.713994
    39 1.361601 0.000000 0.000000 0.033791 0.056509 -0.943913
    40 0.779604 0.000001 0.000000 0.038833 0.124038 0.218150
    41 2.908730 0.220541 0.432493 -0.312825 -0.064540 -0.854119
    42 1.597527 0.000000 0.000000 0.020338 0.043857 -0.899809
    43 0.912678 0.000000 0.000000 -0.002548 -0.008289 0.256412
    44 3.265471 0.051184 -0.415600 -0.320176 -0.091421 -0.907618
    45 1.860470 0.000000 0.000000 0.051611 0.064235 -1.000517
    46 1.061485 0.000000 0.000000 -0.004037 -0.029426 0.237782
    47 3.340403 -0.238762 -1.285691 -0.315698 -0.062609 -0.887483
    48 1.550755 0.000000 0.000000 -0.061667 -0.075946 -1.019680
    49 0.904886 0.000001 0.000000 -0.001669 -0.026281 0.159649
    50 1.219410 -1.061498 -0.840143 -1.725617 0.534025 -0.029356
    51 1.496971 0.000002 0.000000 0.141600 0.113297 -0.458891
    52 1.100088 0.000000 0.000000 -0.031342 0.025865 -0.596322
    53 -19.906250 -18.750000 0.690918 2.972159 0.082876 1.797115
    54 0.000000 0.000000 0.000000 -0.077030 -0.068757 -1.299215
    55 7.054213 0.000000 0.000000 0.000000 0.000000 0.000000
    56 0.000000 -0.000007 -0.000031 1.373047 0.113574 0.124314
    57 0.000000 -0.000007 -0.000031 1.373047 0.113574 0.124314
    58 2.856947 -1.536175 -0.973780 -1.501147 -0.272558 -1.578261
    59 0.000000 0.000000 10.000000 0.000000 0.000000 0.000000
    60 2.856899 -1.536201 -0.973800 -1.501147 -0.272558 -1.578261
    61 2.000000 -3.000000 0.000000 -1.570796 0.000000 -1.326450
    62 0.018896 0.665159 9.395880 0.000000 0.000000 0.000000
    63 3.028210 -0.923409 -2.009452 1.574082 -0.012974 1.587244
    64 0.116954 4.311606 0.061861 0.000010 0.000000 0.000000
    65 0.000000 -0.000002 0.000000 0.000000 0.000000 0.000000
    66 0.000000 1.000000 0.000010 0.000000 0.000000 0.000000
    67 -0.000001 0.000000 0.000000 0.000000 0.000000 0.000000
    68 -0.000001 0.000000 0.000000 0.000000 0.000000 0.000000
    69 -0.000001 0.000000 0.000000 0.000000 0.000000 0.000000
time 28
    0 -1.363281 -8.554688 26.968750 1.569868 0.087374 0.051483
    1 3.455587 0.000000 0.000000 -2.201480 -0.339332 -1.146256
    2 16.572346 0.000000 0.000000 0.000000 0.000000 0.601210
    3 16.265829 0.000000 0.000000 -0.392351 -0.104401 -0.807313
    4 5.046457 0.000000 0.000000 0.009825 -0.018728 -0.454553
    5 -3.455587 0.000000 0.000000 -1.594759 -0.247056 -1.946058
    6 16.572346 0.000000 0.000000 0.000000 0.000000 0.727801
    7 16.265831 0.000000 0.000000 0.161759 -0.120382 -0.751771
    8 5.046457 0.000000 0.000000 -0.100153 0.015005 -0.353863
    9 0.000000 3.703728 0.293189 1.566790 -0.199915 1.616439
    10 3.307846 0.000000 0.000000 -0.003184 0.029468 -0.127824
    11 3.297962 0.000000 0.000000 -0.007865 0.022935 -0.156944
    12 6.040985 0.000000 0.000000 0.000617 0.033125 0.277526
    13 5.065758 0.000000 0.000000 2.859571 -0.004379 -0.091660
    14 3.993755 0.000000 0.000000 -0.255312 0.029968 0.974817
    15 3.815876 1.385489 1.500000 -1.706295 -1.087042 0.000649
    16 4.327093 0.000004 0.000000 -3.012986 -0.044152 0.708967
    17 11.105114 0.000000 0.000000 0.000000 0.000000 -0.576133
    18 9.862099 -0.000011 -0.000031 1.169498 -0.165243 0.191898
    19 2.641094 0.214619 -1.073586 0.343640 0.190540 -0.806457
    20 1.361605 -0.000002 0.000000 -0.033852 -0.056532 -1.168171
    21 0.779602 0.000002 0.000000 -0.038792 -0.123973 0.252811
    22 2.908712 0.221762 -0.431868 0.315656 0.064476 -0.893331
    23 1.597527 0.000001 0.000000 -0.020331 -0.043837 -1.158634
    24 0.912680 0.000001 0.000000 0.002529 0.008221 0.233624
    25 3.265450 0.050007 0.415744 0.322996 0.091423 -1.049966
    26 1.860470 0.000000 0.000000 -0.051601 -0.064213 -1.194101
    27 1.061481 -0.000001 0.000000 0.004104 0.029474 0.404443
    28 3.340382 -0.242393 1.285012 0.318526 0.062572 -1.131184
    29 1.550753 0.000001 0.000000 0.061672 0.075949 -1.038656
    30 0.904888 0.000001 0.000000 0.001693 0.026264 0.279791
    31 1.219385 -1.063860 0.837143 1.700714 -0.490087 -0.201253
    32 1.496971 -0.000002 -0.000001 -0.211499 -0.093020 -0.524662
    33 1.100086 0.000000 0.000000 0.034391 -0.021604 -0.723527
    34 3.815876 1.385489 -1.500000 1.206029 1.048011 -0.614487
    35 4.327089 -0.000004 0.000000 3.134077 0.319278 0.845900
    36 11.105106 0.000000 0.000004 0.000000 0.000000 -0.558508
    37 9.862080 -0.000007 0.000017 -1.160989 0.070552 0.206791
    38 2.641111 0.211586 1.074188 -0.340778 -0.190504 -0.713994
    39 1.361601 0.000000 0.000000 0.033791 0.056509 -0.943913
    40 0.779604 0.000001 0.000000 0.038833 0.124038 0.218150
    41 2.908730 0.220541 0.432493 -0.312825 -0.064540 -0.854119
    42 1.597527 0.000000 0.000000 0.020338 0.043857 -0.899809
    43 0.912678 0.000000 0.000000 -0.002548 -0.008289 0.256412
    44 3.265471 0.051184 -0.415600 -0.320176 -0.091421 -0.907618
    45 1.860470 0.000000 0.000000 0.051611 0.064235 -1.000517
    46 1.061485 0.000000 0.000000 -0.004037 -0.029426 0.237782
    47 3.340403 -0.238762 -1.285691 -0.315698 -0.062609 -0.887483
    48 1.550755 0.000000 0.000000 -0.061667 -0.075946 -1.019680
    49 0.904886 0.000001 0.000000 -0.001669 -0.026281 0.159649
    50 1.219410 -1.061498 -0.840143 -1.725617 0.534025 -0.029356
    51 1.496971 0.000002 0.000000 0.141600 0.113297 -0.458891
    52 1.100088 0.000000 0.000000 -0.031342 0.025865 -0.596322
    53 -18.406250 -20.968750 -3.291016 2.982466 0.077539 1.806636
    54 0.000000 0.000000 0.000000 -0.077030 -0.068757 -1.299215
    55 7.054213 0.000000 0.000000 0.000000 0.000000 0.000000
    56 0.000000 -0.000007 -0.000031 1.373047 0.113574 0.124314
    57 0.000000 -0.000007 -0.000031 1.373047 0.113574 0.124314
    58 2.856947 -1.536175 -0.973780 -1.501147 -0.272558 -1.578261
    59 0.000000 0.000000 10.000000 0.000000 0.000000 0.000000
    60 2.856899 -1.536201 -0.973800 -1.501147 -0.272558 -1.578261
    61 2.000000 -3.000000 0.000000 -1.570796 0.000000 -1.326450
    62 0.018896 0.665159 9.395880 0.000000 0.000000 0.000000
    63 3.028210 -0.923409 -2.009452 1.574082 -0.012974 1.587244
    64 0.116954 4.311606 0.061861 0.000010 0.000000 0.000000
    65 0.000000 -0.000002 0.000000 0.000000 0.000000 0.000000
    66 0.000000 1.000000 0.000010 0.000000 0.000000 0.000000
    67 -0.000001 0.000000 0.000000 0.000000 0.000000 0.000000
    68 -0.000001 0.000000 0.000000 0.000000 0.000000 0.000000
    69 -0.000001 0.000000 0.000000 0.000000 0.000000 0.000000
time 29
    0 -1.521484 -8.585938 26.859375 1.575873 0.120719 0.023671
    1 3.455587 0.000000 0.000000 -1.954561 -0.318874 -1.214299
    2 16.572346 0.000000 0.000000 0.000000 0.000000 0.546485
    3 16.265829 0.000000 0.000000 -0.355509 -0.313074 -0.720635
    4 5.046457 0.000000 0.000000 0.009844 -0.018768 -0.438619
    5 -3.455587 0.000000 0.000000 -1.617480 -0.281287 -1.944431
    6 16.572346 0.000000 0.000000 0.000000 0.000000 0.715806
    7 16.265831 0.000000 0.000000 0.150806 -0.166842 -0.783080
    8 5.046457 0.000000 0.000000 -0.100230 0.015041 -0.347458
    9 0.000000 3.703728 0.293189 1.561619 -0.201383 1.616383
    10 3.307846 0.000000 0.000000 -0.008175 0.029062 -0.127810
    11 3.297962 0.000000 0.000000 -0.013547 0.027586 -0.159213
    12 6.040985 0.000000 0.000000 -0.002399 0.046078 0.272441
    13 5.065758 0.000000 0.000000 2.851607 -0.011729 -0.093418
    14 3.993755 0.000000 0.000000 -0.259485 0.037538 0.976489
    15 3.815876 1.385489 1.500000 -1.694237 -1.071057 0.006136
    16 4.327093 0.000004 0.000000 -2.942424 -0.017913 0.724357
    17 11.105114 0.000000 0.000000 0.000000 0.000000 -0.552404
    18 9.862099 -0.000011 -0.000031 1.162823 -0.127409 0.138494
    19 2.641094 0.214619 -1.073586 0.343640 0.190540 -0.806457
    20 1.361605 -0.000002 0.000000 -0.033852 -0.056532 -1.168171
    21 0.779602 0.000002 0.000000 -0.038792 -0.123973 0.252811
    22 2.908712 0.221762 -0.431868 0.315656 0.064476 -0.893331
    23 1.597527 0.000001 0.000000 -0.020331 -0.043837 -1.158634
    24 0.912680 0.000001 0.000000 0.002529 0.008221 0.233624
    25 3.265450 0.050007 0.415744 0.322996 0.091423 -1.049966
    26 1.860470 0.000000 0.000000 -0.051601 -0.064213 -1.194101
    27 1.061481 -0.000001 0.000000 0.004104 0.029474 0.404443
    28 3.340382 -0.242393 1.285012 0.318526 0.062572 -1.131184
    29 1.550753 0.000001 0.000000 0.061672 0.075949 -1.038656
    30 0.904888 0.000001 0.000000 0.001693 0.026264 0.279791
    31 1.219385 -1.063860 0.837143 1.700714 -0.490087 -0.201253
    32 1.496971 -0.000002 -0.000001 -0.211499 -0.093020 -0.524662
    33 1.100086 0.000000 0.000000 0.034391 -0.021604 -0.723527
    34 3.815876 1.385489 -1.500000 1.231855 1.029958 -0.593137
    35 4.327089 -0.000004 0.000000 3.133266 0.340949 0.797693
    36 11.105106 0.000000 0.000004 0.000000 0.000000 -0.547471
    37 9.862080 -0.000007 0.000017 -1.145688 0.078768 0.194597
    38 2.641111 0.211586 1.074188 -0.340778 -0.190504 -0.713994
    39 1.361601 0.000000 0.000000 0.033791 0.056509 -0.943913
    40 0.779604 0.000001 0.000000 0.038833 0.124038 0.218150
    41 2.908730 0.220541 0.432493 -0.312825 -0.064540 -0.854119
    42 1.597527 0.000000 0.000000 0.020338 0.043857 -0.899809
    43 0.912678 0.000000 0.000000 -0.002548 -0.008289 0.256412
    44 3.265471 0.051184 -0.415600 -0.320176 -0.091421 -0.907618
    45 1.860470 0.000000 0.000000 0.051611 0.064235 -1.000517
    46 1.061485 0.000000 0.000000 -0.004037 -0.029426 0.237782
    47 3.340403 -0.238762 -1.285691 -0.315698 -0.062609 -0.887483
    48 1.550755 0.000000 0.000000 -0.061667 -0.075946 -1.019680
    49 0.904886 0.000001 0.000000 -0.001669 -0.026281 0.159649
    50 1.219410 -1.061498 -0.840143 -1.725617 0.534025 -0.029356
    51 1.496971 0.000002 0.000000 0.141600 0.113297 -0.458891
    52 1.100088 0.000000 0.000000 -0.031342 0.025865 -0.596322
    53 -19.281250 -17.656250 -5.792969 2.972054 0.108278 1.800174
    54 0.000000 0.000000 0.000000 -0.077030 -0.068757 -1.299215
    55 7.054213 0.000000 0.000000 0.000000 0.000000 0.000000
    56 0.000000 -0.000007 -0.000031 1.373047 0.113574 0.124314
    57 0.000000 -0.000007 -0.000031 1.373047 0.113574 0.124314
    58 2.856947 -1.536175 -0.973780 -1.501147 -0.272558 -1.578261
    59 0.000000 0.000000 10.000000 0.000000 0.000000 0.000000
    60 2.856899 -1.536201 -0.973800 -1.501147 -0.272558 -1.578261
    61 2.000000 -3.000000 0.000000 -1.570796 0.000000 -1.326450
    62 0.018896 0.665159 9.395880 0.000000 0.000000 0.000000
    63 3.028210 -0.923409 -2.009452 1.574082 -0.012974 1.587244
    64 0.116954 4.311606 0.061861 0.000010 0.000000 0.000000
    65 0.000000 -0.000002 0.000000 0.000000 0.000000 0.000000
    66 0.000000 1.000000 0.000010 0.000000 0.000000 0.000000
    67 -0.000001 0.000000 0.000000 0.000000 0.000000 0.000000
    68 -0.000001 0.000000 0.000000 0.000000 0.000000 0.000000
    69 -0.000001 0.000000 0.000000 0.000000 0.000000 0.000000
time 30
    0 -1.812500 -8.562500 26.765625 1.590319 0.148712 0.023229
    1 3.455587 0.000000 0.000000 -1.803182 -0.308211 -1.268376
    2 16.572346 0.000000 0.000000 0.000000 0.000000 0.518924
    3 16.265829 0.000000 0.000000 -0.314728 -0.359276 -0.696443
    4 5.046457 0.000000 0.000000 0.009838 -0.018716 -0.396700
    5 -3.455587 0.000000 0.000000 -1.612681 -0.309336 -1.940109
    6 16.572346 0.000000 0.000000 0.000000 0.000000 0.702182
    7 16.265831 0.000000 0.000000 0.173447 -0.173383 -0.797802
    8 5.046457 0.000000 0.000000 -0.100202 0.015048 -0.345615
    9 0.000000 3.703728 0.293189 1.550862 -0.201474 1.608539
    10 3.307846 0.000000 0.000000 -0.019051 0.024467 -0.128617
    11 3.297962 0.000000 0.000000 -0.024737 0.029160 -0.163382
    12 6.040985 0.000000 0.000000 -0.012012 0.056383 0.264529
    13 5.065758 0.000000 0.000000 2.863924 -0.021217 -0.096187
    14 3.993755 0.000000 0.000000 -0.244286 0.042487 0.977662
    15 3.815876 1.385489 1.500000 -1.658563 -1.075262 -0.022051
    16 4.327093 0.000004 0.000000 -3.008207 -0.025923 0.785394
    17 11.105114 0.000000 0.000000 0.000000 0.000000 -0.509730
    18 9.862099 -0.000011 -0.000031 1.203790 -0.104568 0.092237
    19 2.641094 0.214619 -1.073586 0.343640 0.190540 -0.806457
    20 1.361605 -0.000002 0.000000 -0.033852 -0.056532 -1.168171
    21 0.779602 0.000002 0.000000 -0.038792 -0.123973 0.252811
    22 2.908712 0.221762 -0.431868 0.315656 0.064476 -0.893331
    23 1.597527 0.000001 0.000000 -0.020331 -0.043837 -1.158634
    24 0.912680 0.000001 0.000000 0.002529 0.008221 0.233624
    25 3.265450 0.050007 0.415744 0.322996 0.091423 -1.049966
    26 1.860470 0.000000 0.000000 -0.051601 -0.064213 -1.194101
    27 1.061481 -0.000001 0.000000 0.004104 0.029474 0.404443
    28 3.340382 -0.242393 1.285012 0.318526 0.062572 -1.131184
    29 1.550753 0.000001 0.000000 0.061672 0.075949 -1.038656
    30 0.904888 0.000001 0.000000 0.001693 0.026264 0.279791
    31 1.219385 -1.063860 0.837143 1.700710 -0.490026 -0.201183
    32 1.496971 -0.000002 -0.000001 -0.211499 -0.093020 -0.524662
    33 1.100086 0.000000 0.000000 0.034391 -0.021604 -0.723527
    34 3.815876 1.385489 -1.500000 1.289824 1.031286 -0.534332
    35 4.327089 -0.000004 0.000000 3.117614 0.341541 0.732251
    36 11.105106 0.000000 0.000004 0.000000 0.000000 -0.546037
    37 9.862080 -0.000007 0.000017 -1.132885 0.084014 0.181801
    38 2.641111 0.211586 1.074188 -0.340778 -0.190504 -0.713994
    39 1.361601 0.000000 0.000000 0.033791 0.056509 -0.943913
    40 0.779604 0.000001 0.000000 0.038833 0.124038 0.218150
    41 2.908730 0.220541 0.432493 -0.312825 -0.064540 -0.854119
    42 1.597527 0.000000 0.000000 0.020338 0.043857 -0.899809
    43 0.912678 0.000000 0.000000 -0.002548 -0.008289 0.256412
    44 3.265471 0.051184 -0.415600 -0.320176 -0.091421 -0.907618
    45 1.860470 0.000000 0.000000 0.051611 0.064235 -1.000517
    46 1.061485 0.000000 0.000000 -0.004037 -0.029426 0.237782
    47 3.340403 -0.238762 -1.285691 -0.315698 -0.062609 -0.887483
    48 1.550755 0.000000 0.000000 -0.061667 -0.075946 -1.019680
    49 0.904886 0.000001 0.000000 -0.001669 -0.026281 0.159649
    50 1.219410 -1.061498 -0.840143 -1.725617 0.534025 -0.029356
    51 1.496971 0.000002 0.000000 0.141600 0.113297 -0.458891
    52 1.100088 0.000000 0.000000 -0.031342 0.025865 -0.596322
    53 -21.359375 -11.437500 -6.167969 2.990358 0.014956 1.790886
    54 0.000000 0.000000 0.000000 -0.077030 -0.068757 -1.299215
    55 7.054213 0.000000 0.000000 0.000000 0.000000 0.000000
    56 0.000000 -0.000007 -0.000031 1.373047 0.113574 0.124314
    57 0.000000 -0.000007 -0.000031 1.373047 0.113574 0.124314
    58 2.856947 -1.536175 -0.973780 -1.501147 -0.272558 -1.578261
    59 0.000000 0.000000 10.000000 0.000000 0.000000 0.000000
    60 2.856899 -1.536201 -0.973800 -1.501147 -0.272558 -1.578261
    61 2.000000 -3.000000 0.000000 -1.570796 0.000000 -1.326450
    62 0.018896 0.665159 9.395880 0.000000 0.000000 0.000000
    63 3.028210 -0.923409 -2.009452 1.574082 -0.012974 1.587244
    64 0.116954 4.311606 0.061861 0.000010 0.000000 0.000000
    65 0.000000 -0.000002 0.000000 0.000000 0.000000 0.000000
    66 0.000000 1.000000 0.000010 0.000000 0.000000 0.000000
    67 -0.000001 0.000000 0.000000 0.000000 0.000000 0.000000
    68 -0.000001 0.000000 0.000000 0.000000 0.000000 0.000000
    69 -0.000001 0.000000 0.000000 0.000000 0.000000 0.000000
time 31
    0 -2.156250 -8.500000 26.625000 1.606778 0.180997 0.043054
    1 3.455587 0.000000 0.000000 -1.754653 -0.297795 -1.296961
    2 16.572346 0.000000 0.000000 0.000000 0.000000 0.482569
    3 16.265829 0.000000 0.000000 -0.248772 -0.207076 -0.727134
    4 5.046457 0.000000 0.000000 0.009851 -0.018714 -0.457301
    5 -3.455587 0.000000 0.000000 -1.593118 -0.328047 -1.926241
    6 16.572346 0.000000 0.000000 0.000000 0.000000 0.687218
    7 16.265831 0.000000 0.000000 0.204416 -0.152125 -0.792042
    8 5.046457 0.000000 0.000000 -0.100211 0.014984 -0.352282
    9 0.000000 3.703728 0.293189 1.539655 -0.201743 1.608320
    10 3.307846 0.000000 0.000000 -0.029953 0.023069 -0.128997
    11 3.297962 0.000000 0.000000 -0.035942 0.028882 -0.166673
    12 6.040985 0.000000 0.000000 -0.022602 0.062829 0.257662
    13 5.065758 0.000000 0.000000 2.879608 -0.037839 -0.103142
    14 3.993755 0.000000 0.000000 -0.223235 0.055038 0.977617
    15 3.815876 1.385489 1.500000 -1.564422 -1.069791 -0.098037
    16 4.327093 0.000004 0.000000 -3.042463 -0.021974 0.854099
    17 11.105114 0.000000 0.000000 0.000000 0.000000 -0.455144
    18 9.862099 -0.000011 -0.000031 1.213439 -0.095995 0.077098
    19 2.641094 0.214619 -1.073586 0.343640 0.190540 -0.806457
    20 1.361605 -0.000002 0.000000 -0.033852 -0.056532 -1.168171
    21 0.779602 0.000002 0.000000 -0.038792 -0.123973 0.252811
    22 2.908712 0.221762 -0.431868 0.315656 0.064476 -0.893331
    23 1.597527 0.000001 0.000000 -0.020331 -0.043837 -1.158634
    24 0.912680 0.000001 0.000000 0.002529 0.008221 0.233624
    25 3.265450 0.050007 0.415744 0.322996 0.091423 -1.049966
    26 1.860470 0.000000 0.000000 -0.051601 -0.064213 -1.194101
    27 1.061481 -0.000001 0.000000 0.004104 0.029474 0.404443
    28 3.340382 -0.242393 1.285012 0.318526 0.062572 -1.131184
    29 1.550753 0.000001 0.000000 0.061672 0.075949 -1.038656
    30 0.904888 0.000001 0.000000 0.001693 0.026264 0.279791
    31 1.219385 -1.063860 0.837143 1.700710 -0.490026 -0.201183
    32 1.496971 -0.000002 -0.000001 -0.211499 -0.093020 -0.524662
    33 1.100086 0.000000 0.000000 0.034391 -0.021604 -0.723527
    34 3.815876 1.385489 -1.500000 1.326654 1.026263 -0.493854
    35 4.327089 -0.000004 0.000000 3.079329 0.330035 0.672723
    36 11.105106 0.000000 0.000004 0.000000 0.000000 -0.531618
    37 9.862080 -0.000007 0.000017 -1.105998 0.082957 0.156924
    38 2.641111 0.211586 1.074188 -0.340778 -0.190504 -0.713994
    39 1.361601 0.000000 0.000000 0.033791 0.056509 -0.943913
    40 0.779604 0.000001 0.000000 0.038833 0.124038 0.218150
    41 2.908730 0.220541 0.432493 -0.312825 -0.064540 -0.854119
    42 1.597527 0.000000 0.000000 0.020338 0.043857 -0.899809
    43 0.912678 0.000000 0.000000 -0.002548 -0.008289 0.256412
    44 3.265471 0.051184 -0.415600 -0.320176 -0.091421 -0.907618
    45 1.860470 0.000000 0.000000 0.051611 0.064235 -1.000517
    46 1.061485 0.000000 0.000000 -0.004037 -0.029426 0.237782
    47 3.340403 -0.238762 -1.285691 -0.315698 -0.062609 -0.887483
    48 1.550755 0.000000 0.000000 -0.061667 -0.075946 -1.019680
    49 0.904886 0.000001 0.000000 -0.001669 -0.026281 0.159649
    50 1.219410 -1.061498 -0.840143 -1.725617 0.534025 -0.029356
    51 1.496971 0.000002 0.000000 0.141600 0.113297 -0.458891
    52 1.100088 0.000000 0.000000 -0.031342 0.025865 -0.596322
    53 -22.031250 -6.652344 -1.816406 3.002568 0.001025 1.780040
    54 0.000000 0.000000 0.000000 -0.077030 -0.068757 -1.299215
    55 7.054213 0.000000 0.000000 0.000000 0.000000 0.000000
    56 0.000000 -0.000007 -0.000031 1.373047 0.113574 0.124314
    57 0.000000 -0.000007 -0.000031 1.373047 0.113574 0.124314
    58 2.856947 -1.536175 -0.973780 -1.501147 -0.272558 -1.578261
    59 0.000000 0.000000 10.000000 0.000000 0.000000 0.000000
    60 2.856899 -1.536201 -0.973800 -1.501147 -0.272558 -1.578261
    61 2.000000 -3.000000 0.000000 -1.570796 0.000000 -1.326450
    62 0.018896 0.665159 9.395880 0.000000 0.000000 0.000000
    63 3.028210 -0.923409 -2.009452 1.574082 -0.012974 1.587244
    64 0.116954 4.311606 0.061861 0.000010 0.000000 0.000000
    65 0.000000 -0.000002 0.000000 0.000000 0.000000 0.000000
    66 0.000000 1.000000 0.000010 0.000000 0.000000 0.000000
    67 -0.000001 0.000000 0.000000 0.000000 0.000000 0.000000
    68 -0.000001 0.000000 0.000000 0.000000 0.000000 0.000000
    69 -0.000001 0.000000 0.000000 0.000000 0.000000 0.000000
time 32
    0 -2.496094 -8.398438 26.546875 1.625851 0.202262 0.079160
    1 3.455587 0.000000 0.000000 -1.809417 -0.284606 -1.319284
    2 16.572346 0.000000 0.000000 0.000000 0.000000 0.433992
    3 16.265829 0.000000 0.000000 -0.097039 -0.014418 -0.706140
    4 5.046457 0.000000 0.000000 0.009855 -0.018712 -0.457744
    5 -3.455587 0.000000 0.000000 -1.565687 -0.339522 -1.918601
    6 16.572346 0.000000 0.000000 0.000000 0.000000 0.673116
    7 16.265831 0.000000 0.000000 0.207181 -0.139427 -0.785972
    8 5.046457 0.000000 0.000000 -0.100179 0.015013 -0.350001
    9 0.000000 3.703728 0.293189 1.536764 -0.197357 1.607039
    10 3.307846 0.000000 0.000000 -0.032927 0.021803 -0.131262
    11 3.297962 0.000000 0.000000 -0.038729 0.028046 -0.166527
    12 6.040985 0.000000 0.000000 -0.025431 0.063728 0.258179
    13 5.065758 0.000000 0.000000 2.874097 -0.057798 -0.114292
    14 3.993755 0.000000 0.000000 -0.220665 0.073914 0.987518
    15 3.815876 1.385489 1.500000 -1.542142 -1.028108 -0.106229
    16 4.327093 0.000004 0.000000 -3.066339 -0.009127 0.861736
    17 11.105114 0.000000 0.000000 0.000000 0.000000 -0.430987
    18 9.862099 -0.000011 -0.000031 1.211672 -0.082119 0.068939
    19 2.641094 0.214619 -1.073586 0.343640 0.190540 -0.806457
    20 1.361605 -0.000002 0.000000 -0.033852 -0.056532 -1.168171
    21 0.779602 0.000002 0.000000 -0.038792 -0.123973 0.252811
    22 2.908712 0.221762 -0.431868 0.315656 0.064476 -0.893331
    23 1.597527 0.000001 0.000000 -0.020331 -0.043837 -1.158634
    24 0.912680 0.000001 0.000000 0.002529 0.008221 0.233624
    25 3.265450 0.050007 0.415744 0.322996 0.091423 -1.049966
    26 1.860470 0.000000 0.000000 -0.051601 -0.064213 -1.194101
    27 1.061481 -0.000001 0.000000 0.004104 0.029474 0.404443
    28 3.340382 -0.242393 1.285012 0.318526 0.062572 -1.131184
    29 1.550753 0.000001 0.000000 0.061672 0.075949 -1.038656
    30 0.904888 0.000001 0.000000 0.001693 0.026264 0.279791
    31 1.219385 -1.063860 0.837143 1.700710 -0.490026 -0.201183
    32 1.496971 -0.000002 -0.000001 -0.211499 -0.093020 -0.524662
    33 1.100086 0.000000 0.000000 0.034391 -0.021604 -0.723527
    34 3.815876 1.385489 -1.500000 1.288688 1.013610 -0.514104
    35 4.327089 -0.000004 0.000000 3.062709 0.305621 0.626603
    36 11.105106 0.000000 0.000004 0.000000 0.000000 -0.526967
    37 9.862080 -0.000007 0.000017 -1.094843 0.080704 0.144697
    38 2.641111 0.211586 1.074188 -0.340778 -0.190504 -0.713994
    39 1.361601 0.000000 0.000000 0.033791 0.056509 -0.943913
    40 0.779604 0.000001 0.000000 0.038833 0.124038 0.218150
    41 2.908730 0.220541 0.432493 -0.312825 -0.064540 -0.854119
    42 1.597527 0.000000 0.000000 0.020338 0.043857 -0.899809
    43 0.912678 0.000000 0.000000 -0.002548 -0.008289 0.256412
    44 3.265471 0.051184 -0.415600 -0.320176 -0.091421 -0.907618
    45 1.860470 0.000000 0.000000 0.051611 0.064235 -1.000517
    46 1.061485 0.000000 0.000000 -0.004037 -0.029426 0.237782
    47 3.340403 -0.238762 -1.285691 -0.315698 -0.062609 -0.887483
    48 1.550755 0.000000 0.000000 -0.061667 -0.075946 -1.019680
    49 0.904886 0.000001 0.000000 -0.001669 -0.026281 0.159649
    50 1.219410 -1.061498 -0.840143 -1.725617 0.534025 -0.029356
    51 1.496971 0.000002 0.000000 0.141600 0.113297 -0.458891
    52 1.100088 0.000000 0.000000 -0.031342 0.025865 -0.596322
    53 -20.093750 -6.921875 3.294922 3.003119 0.012107 1.775708
    54 0.000000 0.000000 0.000000 -0.077030 -0.068757 -1.299215
    55 7.054213 0.000000 0.000000 0.000000 0.000000 0.000000
    56 0.000000 -0.000007 -0.000031 1.373047 0.113574 0.124314
    57 0.000000 -0.000007 -0.000031 1.373047 0.113574 0.124314
    58 2.856947 -1.536175 -0.973780 -1.501147 -0.272558 -1.578261
    59 0.000000 0.000000 10.000000 0.000000 0.000000 0.000000
    60 2.856899 -1.536201 -0.973800 -1.501147 -0.272558 -1.578261
    61 2.000000 -3.000000 0.000000 -1.570796 0.000000 -1.326450
    62 0.018896 0.665159 9.395880 0.000000 0.000000 0.000000
    63 3.028210 -0.923409 -2.009452 1.574082 -0.012974 1.587244
    64 0.116954 4.311606 0.061861 0.000010 0.000000 0.000000
    65 0.000000 -0.000002 0.000000 0.000000 0.000000 0.000000
    66 0.000000 1.000000 0.000010 0.000000 0.000000 0.000000
    67 -0.000001 0.000000 0.000000 0.000000 0.000000 0.000000
    68 -0.000001 0.000000 0.000000 0.000000 0.000000 0.000000
    69 -0.000001 0.000000 0.000000 0.000000 0.000000 0.000000
time 33
    0 -2.761719 -8.296875 26.484375 1.641809 0.210559 0.126213
    1 3.455587 0.000000 0.000000 -1.880817 -0.261541 -1.357461
    2 16.572346 0.000000 0.000000 0.000000 0.000000 0.384794
    3 16.265829 0.000000 0.000000 -0.021952 0.085376 -0.650157
    4 5.046457 0.000000 0.000000 0.009849 -0.018785 -0.463952
    5 -3.455587 0.000000 0.000000 -1.542677 -0.341187 -1.918982
    6 16.572346 0.000000 0.000000 0.000000 0.000000 0.659687
    7 16.265831 0.000000 0.000000 0.219117 -0.138127 -0.790817
    8 5.046457 0.000000 0.000000 -0.100177 0.015029 -0.344298
    9 0.000000 3.703728 0.293189 1.538463 -0.196634 1.611814
    10 3.307846 0.000000 0.000000 -0.031341 0.023890 -0.131796
    11 3.297962 0.000000 0.000000 -0.036953 0.026265 -0.167851
    12 6.040985 0.000000 0.000000 -0.024525 0.059212 0.255457
    13 5.065758 0.000000 0.000000 2.851371 -0.082419 -0.122954
    14 3.993755 0.000000 0.000000 -0.232106 0.100554 0.998211
    15 3.815876 1.385489 1.500000 -1.550885 -1.009247 -0.084795
    16 4.327093 0.000004 0.000000 -3.083894 0.003070 0.870454
    17 11.105114 0.000000 0.000000 0.000000 0.000000 -0.401782
    18 9.862099 -0.000011 -0.000031 1.197342 -0.088962 0.069554
    19 2.641094 0.214619 -1.073586 0.343640 0.190540 -0.806457
    20 1.361605 -0.000002 0.000000 -0.033852 -0.056532 -1.168171
    21 0.779602 0.000002 0.000000 -0.038792 -0.123973 0.252811
    22 2.908712 0.221762 -0.431868 0.315656 0.064476 -0.893331
    23 1.597527 0.000001 0.000000 -0.020331 -0.043837 -1.158634
    24 0.912680 0.000001 0.000000 0.002529 0.008221 0.233624
    25 3.265450 0.050007 0.415744 0.322996 0.091423 -1.049966
    26 1.860470 0.000000 0.000000 -0.051601 -0.064213 -1.194101
    27 1.061481 -0.000001 0.000000 0.004104 0.029474 0.404443
    28 3.340382 -0.242393 1.285012 0.318526 0.062572 -1.131184
    29 1.550753 0.000001 0.000000 0.061672 0.075949 -1.038656
    30 0.904888 0.000001 0.000000 0.001693 0.026264 0.279791
    31 1.219385 -1.063860 0.837143 1.700710 -0.490026 -0.201183
    32 1.496971 -0.000002 -0.000001 -0.211499 -0.093020 -0.524662
    33 1.100086 0.000000 0.000000 0.034391 -0.021604 -0.723527
    34 3.815876 1.385489 -1.500000 1.244840 1.003965 -0.548483
    35 4.327089 -0.000004 0.000000 3.051008 0.279395 0.611038
    36 11.105106 0.000000 0.000004 0.000000 0.000000 -0.528577
    37 9.862080 -0.000007 0.000017 -1.100029 0.073446 0.167381
    38 2.641111 0.211586 1.074188 -0.340778 -0.190504 -0.713994
    39 1.361601 0.000000 0.000000 0.033791 0.056509 -0.943913
    40 0.779604 0.000001 0.000000 0.038833 0.124038 0.218150
    41 2.908730 0.220541 0.432493 -0.312825 -0.064540 -0.854119
    42 1.597527 0.000000 0.000000 0.020338 0.043857 -0.899809
    43 0.912678 0.000000 0.000000 -0.002548 -0.008289 0.256412
    44 3.265471 0.051184 -0.415600 -0.320176 -0.091421 -0.907618
    45 1.860470 0.000000 0.000000 0.051611 0.064235 -1.000517
    46 1.061485 0.000000 0.000000 -0.004037 -0.029426 0.237782
    47 3.340403 -0.238762 -1.285691 -0.315698 -0.062609 -0.887483
    48 1.550755 0.000000 0.000000 -0.061667 -0.075946 -1.019680
    49 0.904886 0.000001 0.000000 -0.001669 -0.026281 0.159649
    50 1.219410 -1.061498 -0.840143 -1.725617 0.534025 -0.029356
    51 1.496971 0.000002 0.000000 0.141600 0.113297 -0.458891
    52 1.100088 0.000000 0.000000 -0.031342 0.025865 -0.596322
    53 -17.015625 -9.492188 6.351563 2.995773 0.041932 1.758855
    54 0.000000 0.000000 0.000000 -0.077030 -0.068757 -1.299215
    55 7.054213 0.000000 0.000000 0.000000 0.000000 0.000000
    56 0.000000 -0.000007 -0.000031 1.373047 0.113574 0.124314
    57 0.000000 -0.000007 -0.000031 1.373047 0.113574 0.124314
    58 2.856947 -1.536175 -0.973780 -1.501147 -0.272558 -1.578261
    59 0.000000 0.000000 10.000000 0.000000 0.000000 0.000000
    60 2.856899 -1.536201 -0.973800 -1.501147 -0.272558 -1.578261
    61 2.000000 -3.000000 0.000000 -1.570796 0.000000 -1.326450
    62 0.018896 0.665159 9.395880 0.000000 0.000000 0.000000
    63 3.028210 -0.923409 -2.009452 1.574082 -0.012974 1.587244
    64 0.116954 4.311606 0.061861 0.000010 0.000000 0.000000
    65 0.000000 -0.000002 0.000000 0.000000 0.000000 0.000000
    66 0.000000 1.000000 0.000010 0.000000 0.000000 0.000000
    67 -0.000001 0.000000 0.000000 0.000000 0.000000 0.000000
    68 -0.000001 0.000000 0.000000 0.000000 0.000000 0.000000
    69 -0.000001 0.000000 0.000000 0.000000 0.000000 0.000000
time 34
    0 -2.988281 -8.187500 26.437500 1.656033 0.206182 0.183195
    1 3.455587 0.000000 0.000000 -1.945084 -0.230295 -1.410498
    2 16.572346 0.000000 0.000000 0.000000 0.000000 0.341435
    3 16.265829 0.000000 0.000000 -0.031977 0.118159 -0.631128
    4 5.046457 0.000000 0.000000 0.009908 -0.018734 -0.445432
    5 -3.455587 0.000000 0.000000 -1.548077 -0.335161 -1.920493
    6 16.572346 0.000000 0.000000 0.000000 0.000000 0.647473
    7 16.265831 0.000000 0.000000 0.247591 -0.139148 -0.805553
    8 5.046457 0.000000 0.000000 -0.100209 0.015002 -0.351932
    9 0.000000 3.703728 0.293189 1.541676 -0.195310 1.614373
    10 3.307846 0.000000 0.000000 -0.028175 0.025558 -0.132645
    11 3.297962 0.000000 0.000000 -0.034076 0.027967 -0.168619
    12 6.040985 0.000000 0.000000 -0.021338 0.060610 0.254057
    13 5.065758 0.000000 0.000000 2.840208 -0.090487 -0.121566
    14 3.993755 0.000000 0.000000 -0.240507 0.118710 0.998866
    15 3.815876 1.385489 1.500000 -1.588906 -1.013001 -0.042385
    16 4.327093 0.000004 0.000000 -3.096519 0.008598 0.873178
    17 11.105114 0.000000 0.000000 0.000000 0.000000 -0.380573
    18 9.862099 -0.000011 -0.000031 1.179190 -0.111721 0.064939
    19 2.641094 0.214619 -1.073586 0.343640 0.190540 -0.806457
    20 1.361605 -0.000002 0.000000 -0.033852 -0.056532 -1.168171
    21 0.779602 0.000002 0.000000 -0.038792 -0.123973 0.252811
    22 2.908712 0.221762 -0.431868 0.315656 0.064476 -0.893331
    23 1.597527 0.000001 0.000000 -0.020331 -0.043837 -1.158634
    24 0.912680 0.000001 0.000000 0.002529 0.008221 0.233624
    25 3.265450 0.050007 0.415744 0.322996 0.091423 -1.049966
    26 1.860470 0.000000 0.000000 -0.051601 -0.064213 -1.194101
    27 1.061481 -0.000001 0.000000 0.004104 0.029474 0.404443
    28 3.340382 -0.242393 1.285012 0.318526 0.062572 -1.131184
    29 1.550753 0.000001 0.000000 0.061672 0.075949 -1.038656
    30 0.904888 0.000001 0.000000 0.001693 0.026264 0.279791
    31 1.219385 -1.063860 0.837143 1.700710 -0.490026 -0.201183
    32 1.496971 -0.000002 -0.000001 -0.211499 -0.093020 -0.524662
    33 1.100086 0.000000 0.000000 0.034391 -0.021604 -0.723527
    34 3.815876 1.385489 -1.500000 1.217352 1.002237 -0.581399
    35 4.327089 -0.000004 0.000000 3.052293 0.254454 0.631517
    36 11.105106 0.000000 0.000004 0.000000 0.000000 -0.519996
    37 9.862080 -0.000007 0.000017 -1.114290 0.067818 0.149413
    38 2.641111 0.211586 1.074188 -0.340778 -0.190504 -0.713994
    39 1.361601 0.000000 0.000000 0.033791 0.056509 -0.943913
    40 0.779604 0.000001 0.000000 0.038833 0.124038 0.218150
    41 2.908730 0.220541 0.432493 -0.312825 -0.064540 -0.854119
    42 1.597527 0.000000 0.000000 0.020338 0.043857 -0.899809
    43 0.912678 0.000000 0.000000 -0.002548 -0.008289 0.256412
    44 3.265471 0.051184 -0.415600 -0.320176 -0.091421 -0.907618
    45 1.860470 0.000000 0.000000 0.051611 0.064235 -1.000517
    46 1.061485 0.000000 0.000000 -0.004037 -0.029426 0.237782
    47 3.340403 -0.238762 -1.285691 -0.315698 -0.062609 -0.887483
    48 1.550755 0.000000 0.000000 -0.061667 -0.075946 -1.019680
    49 0.904886 0.000001 0.000000 -0.001669 -0.026281 0.159649
    50 1.219410 -1.061498 -0.840143 -1.725617 0.534025 -0.029356
    51 1.496971 0.000002 0.000000 0.141600 0.113297 -0.458891
    52 1.100088 0.000000 0.000000 -0.031342 0.025865 -0.596322
    53 -14.031250 -13.859375 4.296875 2.982714 0.076804 1.738450
    54 0.000000 0.000000 0.000000 -0.077030 -0.068757 -1.299215
    55 7.054213 0.000000 0.000000 0.000000 0.000000 0.000000
    56 0.000000 -0.000007 -0.000031 1.373047 0.113574 0.124314
    57 0.000000 -0.000007 -0.000031 1.373047 0.113574 0.124314
    58 2.856947 -1.536175 -0.973780 -1.501147 -0.272558 -1.578261
    59 0.000000 0.000000 10.000000 0.000000 0.000000 0.000000
    60 2.856899 -1.536201 -0.973800 -1.501147 -0.272558 -1.578261
    61 2.000000 -3.000000 0.000000 -1.570796 0.000000 -1.326450
    62 0.018896 0.665159 9.395880 0.000000 0.000000 0.000000
    63 3.028210 -0.923409 -2.009452 1.574082 -0.012974 1.587244
    64 0.116954 4.311606 0.061861 0.000010 0.000000 0.000000
    65 0.000000 -0.000002 0.000000 0.000000 0.000000 0.000000
    66 0.000000 1.000000 0.000010 0.000000 0.000000 0.000000
    67 -0.000001 0.000000 0.000000 0.000000 0.000000 0.000000
    68 -0.000001 0.000000 0.000000 0.000000 0.000000 0.000000
    69 -0.000001 0.000000 0.000000 0.000000 0.000000 0.000000
time 35
    0 -3.273438 -8.078125 26.375000 1.669638 0.195672 0.254764
    1 3.455587 0.000000 0.000000 -1.983006 -0.196231 -1.462846
    2 16.572346 0.000000 0.000000 0.000000 0.000000 0.309067
    3 16.265829 0.000000 0.000000 -0.089455 0.115311 -0.638922
    4 5.046457 0.000000 0.000000 0.009847 -0.018792 -0.429955
    5 -3.455587 0.000000 0.000000 -1.594813 -0.322170 -1.907214
    6 16.572346 0.000000 0.000000 0.000000 0.000000 0.640739
    7 16.265831 0.000000 0.000000 0.275267 -0.130171 -0.815480
    8 5.046457 0.000000 0.000000 -0.100184 0.014985 -0.355970
    9 0.000000 3.703728 0.293189 1.542966 -0.192526 1.616185
    10 3.307846 0.000000 0.000000 -0.026788 0.026587 -0.133766
    11 3.297962 0.000000 0.000000 -0.032743 0.027842 -0.167124
    12 6.040985 0.000000 0.000000 -0.020035 0.059100 0.257674
    13 5.065758 0.000000 0.000000 2.826799 -0.078641 -0.119604
    14 3.993755 0.000000 0.000000 -0.258185 0.116375 0.996362
    15 3.815876 1.385489 1.500000 -1.637968 -1.008649 0.001230
    16 4.327093 0.000004 0.000000 -3.103566 0.009780 0.868058
    17 11.105114 0.000000 0.000000 0.000000 0.000000 -0.360723
    18 9.862099 -0.000011 -0.000031 1.156229 -0.134567 0.047845
    19 2.641094 0.214619 -1.073586 0.343640 0.190540 -0.806457
    20 1.361605 -0.000002 0.000000 -0.033852 -0.056532 -1.168171
    21 0.779602 0.000002 0.000000 -0.038792 -0.123973 0.252811
    22 2.908712 0.221762 -0.431868 0.315656 0.064476 -0.893331
    23 1.597527 0.000001 0.000000 -0.020331 -0.043837 -1.158634
    24 0.912680 0.000001 0.000000 0.002529 0.008221 0.233624
    25 3.265450 0.050007 0.415744 0.322996 0.091423 -1.049966
    26 1.860470 0.000000 0.000000 -0.051601 -0.064213 -1.194101
    27 1.061481 -0.000001 0.000000 0.004104 0.029474 0.404443
    28 3.340382 -0.242393 1.285012 0.318526 0.062572 -1.131184
    29 1.550753 0.000001 0.000000 0.061672 0.075949 -1.038656
    30 0.904888 0.000001 0.000000 0.001693 0.026264 0.279791
    31 1.219385 -1.063860 0.837143 1.700710 -0.490026 -0.201183
    32 1.496971 -0.000002 -0.000001 -0.211499 -0.093020 -0.524662
    33 1.100086 0.000000 0.000000 0.034391 -0.021604 -0.723527
    34 3.815876 1.385489 -1.500000 1.175269 1.001447 -0.626332
    35 4.327089 -0.000004 0.000000 3.071561 0.225879 0.651862
    36 11.105106 0.000000 0.000004 0.000000 0.000000 -0.525000
    37 9.862080 -0.000007 0.000017 -1.137375 0.046557 0.137252
    38 2.641111 0.211586 1.074188 -0.340778 -0.190504 -0.713994
    39 1.361601 0.000000 0.000000 0.033791 0.056509 -0.943913
    40 0.779604 0.000001 0.000000 0.038833 0.124038 0.218150
    41 2.908730 0.220541 0.432493 -0.312825 -0.064540 -0.854119
    42 1.597527 0.000000 0.000000 0.020338 0.043857 -0.899809
    43 0.912678 0.000000 0.000000 -0.002548 -0.008289 0.256412
    44 3.265471 0.051184 -0.415600 -0.320176 -0.091421 -0.907618
    45 1.860470 0.000000 0.000000 0.051611 0.064235 -1.000517
    46 1.061485 0.000000 0.000000 -0.004037 -0.029426 0.237782
    47 3.340403 -0.238762 -1.285691 -0.315698 -0.062609 -0.887483
    48 1.550755 0.000000 0.000000 -0.061667 -0.075946 -1.019680
    49 0.904886 0.000001 0.000000 -0.001669 -0.026281 0.159649
    50 1.219410 -1.061498 -0.840143 -1.725617 0.534025 -0.029356
    51 1.496971 0.000002 0.000000 0.141600 0.113297 -0.458891
    52 1.100088 0.000000 0.000000 -0.031342 0.025865 -0.596322
    53 -13.304688 -15.953125 -0.810059 2.967300 0.118741 1.714074
    54 0.000000 0.000000 0.000000 -0.077030 -0.068757 -1.299215
    55 7.054213 0.000000 0.000000 0.000000 0.000000 0.000000
    56 0.000000 -0.000007 -0.000031 1.373047 0.113574 0.124314
    57 0.000000 -0.000007 -0.000031 1.373047 0.113574 0.124314
    58 2.856947 -1.536175 -0.973780 -1.501147 -0.272558 -1.578261
    59 0.000000 0.000000 10.000000 0.000000 0.000000 0.000000
    60 2.856899 -1.536201 -0.973800 -1.501147 -0.272558 -1.578261
    61 2.000000 -3.000000 0.000000 -1.570796 0.000000 -1.326450
    62 0.018896 0.665159 9.395880 0.000000 0.000000 0.000000
    63 3.028210 -0.923409 -2.009452 1.574082 -0.012974 1.587244
    64 0.116954 4.311606 0.061861 0.000010 0.000000 0.000000
    65 0.000000 -0.000002 0.000000 0.000000 0.000000 0.000000
    66 0.000000 1.000000 0.000010 0.000000 0.000000 0.000000
    67 -0.000001 0.000000 0.000000 0.000000 0.000000 0.000000
    68 -0.000001 0.000000 0.000000 0.000000 0.000000 0.000000
    69 -0.000001 0.000000 0.000000 0.000000 0.000000 0.000000
time 36
    0 -3.619141 -8.000000 26.312500 1.681501 0.180481 0.332369
    1 3.455587 0.000000 0.000000 -1.993419 -0.164314 -1.508568
    2 16.572346 0.000000 0.000000 0.000000 0.000000 0.292478
    3 16.265829 0.000000 0.000000 -0.159799 0.089165 -0.652493
    4 5.046457 0.000000 0.000000 0.009866 -0.018782 -0.431988
    5 -3.455587 0.000000 0.000000 -1.645933 -0.306432 -1.885527
    6 16.572346 0.000000 0.000000 0.000000 0.000000 0.639738
    7 16.265831 0.000000 0.000000 0.264948 -0.130628 -0.809264
    8 5.046457 0.000000 0.000000 -0.100236 0.015001 -0.348246
    9 0.000000 3.703728 0.293189 1.544157 -0.190069 1.617466
    10 3.307846 0.000000 0.000000 -0.025788 0.026899 -0.134968
    11 3.297962 0.000000 0.000000 -0.031257 0.025722 -0.166546
    12 6.040985 0.000000 0.000000 -0.019566 0.054356 0.259110
    13 5.065758 0.000000 0.000000 2.813217 -0.048669 -0.118497
    14 3.993755 0.000000 0.000000 -0.282643 0.095186 0.992281
    15 3.815876 1.385489 1.500000 -1.681437 -0.994613 0.039311
    16 4.327093 0.000004 0.000000 -3.093963 0.007409 0.851516
    17 11.105114 0.000000 0.000000 0.000000 0.000000 -0.349322
    18 9.862099 -0.000011 -0.000031 1.119852 -0.160229 0.034691
    19 2.641094 0.214619 -1.073586 0.343640 0.190540 -0.806457
    20 1.361605 -0.000002 0.000000 -0.033852 -0.056532 -1.168171
    21 0.779602 0.000002 0.000000 -0.038792 -0.123973 0.252811
    22 2.908712 0.221762 -0.431868 0.315656 0.064476 -0.893331
    23 1.597527 0.000001 0.000000 -0.020331 -0.043837 -1.158634
    24 0.912680 0.000001 0.000000 0.002529 0.008221 0.233624
    25 3.265450 0.050007 0.415744 0.322996 0.091423 -1.049966
    26 1.860470 0.000000 0.000000 -0.051601 -0.064213 -1.194101
    27 1.061481 -0.000001 0.000000 0.004104 0.029474 0.404443
    28 3.340382 -0.242393 1.285012 0.318526 0.062572 -1.131184
    29 1.550753 0.000001 0.000000 0.061672 0.075949 -1.038656
    30 0.904888 0.000001 0.000000 0.001693 0.026264 0.279791
    31 1.219385 -1.063860 0.837143 1.700710 -0.490026 -0.201183
    32 1.496971 -0.000002 -0.000001 -0.211499 -0.093020 -0.524662
    33 1.100086 0.000000 0.000000 0.034391 -0.021604 -0.723527
    34 3.815876 1.385489 -1.500000 1.128681 0.997082 -0.677415
    35 4.327089 -0.000004 0.000000 3.082911 0.204024 0.674103
    36 11.105106 0.000000 0.000004 0.000000 0.000000 -0.525268
    37 9.862080 -0.000007 0.000017 -1.162775 0.027201 0.131950
    38 2.641111 0.211586 1.074188 -0.340778 -0.190504 -0.713994
    39 1.361601 0.000000 0.000000 0.033791 0.056509 -0.943913
    40 0.779604 0.000001 0.000000 0.038833 0.124038 0.218150
    41 2.908730 0.220541 0.432493 -0.312825 -0.064540 -0.854119
    42 1.597527 0.000000 0.000000 0.020338 0.043857 -0.899809
    43 0.912678 0.000000 0.000000 -0.002548 -0.008289 0.256412
    44 3.265471 0.051184 -0.415600 -0.320176 -0.091421 -0.907618
    45 1.860470 0.000000 0.000000 0.051611 0.064235 -1.000517
    46 1.061485 0.000000 0.000000 -0.004037 -0.029426 0.237782
    47 3.340403 -0.238762 -1.285691 -0.315698 -0.062609 -0.887483
    48 1.550755 0.000000 0.000000 -0.061667 -0.075946 -1.019680
    49 0.904886 0.000001 0.000000 -0.001669 -0.026281 0.159649
    50 1.219410 -1.061498 -0.840143 -1.725617 0.534025 -0.029356
    51 1.496971 0.000002 0.000000 0.141600 0.113297 -0.458891
    52 1.100088 0.000000 0.000000 -0.031342 0.025865 -0.596322
    53 -15.070313 -13.617188 -4.832031 2.947522 0.183522 1.689741
    54 0.000000 0.000000 0.000000 -0.077030 -0.068757 -1.299215
    55 7.054213 0.000000 0.000000 0.000000 0.000000 0.000000
    56 0.000000 -0.000007 -0.000031 1.373047 0.113574 0.124314
    57 0.000000 -0.000007 -0.000031 1.373047 0.113574 0.124314
    58 2.856947 -1.536175 -0.973780 -1.501147 -0.272558 -1.578261
    59 0.000000 0.000000 10.000000 0.000000 0.000000 0.000000
    60 2.856899 -1.536201 -0.973800 -1.501147 -0.272558 -1.578261
    61 2.000000 -3.000000 0.000000 -1.570796 0.000000 -1.326450
    62 0.018896 0.665159 9.395880 0.000000 0.000000 0.000000
    63 3.028210 -0.923409 -2.009452 1.574082 -0.012974 1.587244
    64 0.116954 4.311606 0.061861 0.000010 0.000000 0.000000
    65 0.000000 -0.000002 0.000000 0.000000 0.000000 0.000000
    66 0.000000 1.000000 0.000010 0.000000 0.000000 0.000000
    67 -0.000001 0.000000 0.000000 0.000000 0.000000 0.000000
    68 -0.000001 0.000000 0.000000 0.000000 0.000000 0.000000
    69 -0.000001 0.000000 0.000000 0.000000 0.000000 0.000000
time 37
    0 -4.050781 -7.960938 26.265625 1.692433 0.165018 0.409607
    1 3.455587 0.000000 0.000000 -1.987915 -0.139568 -1.539863
    2 16.572346 0.000000 0.000000 0.000000 0.000000 0.295096
    3 16.265829 0.000000 0.000000 -0.205842 0.055007 -0.650660
    4 5.046457 0.000000 0.000000 0.009824 -0.018728 -0.454465
    5 -3.455587 0.000000 0.000000 -1.694007 -0.294753 -1.853188
    6 16.572346 0.000000 0.000000 0.000000 0.000000 0.643104
    7 16.265831 0.000000 0.000000 0.230757 -0.135225 -0.789868
    8 5.046457 0.000000 0.000000 -0.100203 0.015042 -0.340352
    9 0.000000 3.703728 0.293189 1.546546 -0.186637 1.617960
    10 3.307846 0.000000 0.000000 -0.023371 0.026610 -0.136833
    11 3.297962 0.000000 0.000000 -0.028318 0.022577 -0.167323
    12 6.040985 0.000000 0.000000 -0.018136 0.047532 0.257619
    13 5.065758 0.000000 0.000000 2.803677 -0.016271 -0.110696
    14 3.993755 0.000000 0.000000 -0.304283 0.072999 0.982844
    15 3.815876 1.385489 1.500000 -1.709332 -0.965557 0.072490
    16 4.327093 0.000004 0.000000 -3.093980 0.003292 0.816751
    17 11.105114 0.000000 0.000000 0.000000 0.000000 -0.353179
    18 9.862099 -0.000011 -0.000031 1.075699 -0.199189 0.033040
    19 2.641094 0.214619 -1.073586 0.343640 0.190540 -0.806457
    20 1.361605 -0.000002 0.000000 -0.033852 -0.056532 -1.168171
    21 0.779602 0.000002 0.000000 -0.038792 -0.123973 0.252811
    22 2.908712 0.221762 -0.431868 0.315656 0.064476 -0.893331
    23 1.597527 0.000001 0.000000 -0.020331 -0.043837 -1.158634
    24 0.912680 0.000001 0.000000 0.002529 0.008221 0.233624
    25 3.265450 0.050007 0.415744 0.322996 0.091423 -1.049966
    26 1.860470 0.000000 0.000000 -0.051601 -0.064213 -1.194101
    27 1.061481 -0.000001 0.000000 0.004104 0.029474 0.404443
    28 3.340382 -0.242393 1.285012 0.318526 0.062572 -1.131184
    29 1.550753 0.000001 0.000000 0.061672 0.075949 -1.038656
    30 0.904888 0.000001 0.000000 0.001693 0.026264 0.279791
    31 1.219385 -1.063860 0.837143 1.700710 -0.490026 -0.201183
    32 1.496971 -0.000002 -0.000001 -0.211499 -0.093020 -0.524662
    33 1.100086 0.000000 0.000000 0.034391 -0.021604 -0.723527
    34 3.815876 1.385489 -1.500000 1.083318 0.983503 -0.726282
    35 4.327089 -0.000004 0.000000 3.094927 0.193159 0.688270
    36 11.105106 0.000000 0.000004 0.000000 0.000000 -0.528308
    37 9.862080 -0.000007 0.000017 -1.199522 0.011933 0.146772
    38 2.641111 0.211586 1.074188 -0.340778 -0.190504 -0.713994
    39 1.361601 0.000000 0.000000 0.033791 0.056509 -0.943913
    40 0.779604 0.000001 0.000000 0.038833 0.124038 0.218150
    41 2.908730 0.220541 0.432493 -0.312825 -0.064540 -0.854119
    42 1.597527 0.000000 0.000000 0.020338 0.043857 -0.899809
    43 0.912678 0.000000 0.000000 -0.002548 -0.008289 0.256412
    44 3.265471 0.051184 -0.415600 -0.320176 -0.091421 -0.907618
    45 1.860470 0.000000 0.000000 0.051611 0.064235 -1.000517
    46 1.061485 0.000000 0.000000 -0.004037 -0.029426 0.237782
    47 3.340403 -0.238762 -1.285691 -0.315698 -0.062609 -0.887483
    48 1.550755 0.000000 0.000000 -0.061667 -0.075946 -1.019680
    49 0.904886 0.000001 0.000000 -0.001669 -0.026281 0.159649
    50 1.219410 -1.061498 -0.840143 -1.725617 0.534025 -0.029356
    51 1.496971 0.000002 0.000000 0.141600 0.113297 -0.458891
    52 1.100088 0.000000 0.000000 -0.031342 0.025865 -0.596322
    53 -17.406250 -9.226563 -6.488281 2.922485 0.249016 1.669625
    54 0.000000 0.000000 0.000000 -0.077030 -0.068757 -1.299215
    55 7.054213 0.000000 0.000000 0.000000 0.000000 0.000000
    56 0.000000 -0.000007 -0.000031 1.373047 0.113574 0.124314
    57 0.000000 -0.000007 -0.000031 1.373047 0.113574 0.124314
    58 2.856947 -1.536175 -0.973780 -1.501147 -0.272558 -1.578261
    59 0.000000 0.000000 10.000000 0.000000 0.000000 0.000000
    60 2.856899 -1.536201 -0.973800 -1.501147 -0.272558 -1.578261
    61 2.000000 -3.000000 0.000000 -1.570796 0.000000 -1.326450
    62 0.018896 0.665159 9.395880 0.000000 0.000000 0.000000
    63 3.028210 -0.923409 -2.009452 1.574082 -0.012974 1.587244
    64 0.116954 4.311606 0.061861 0.000010 0.000000 0.000000
    65 0.000000 -0.000002 0.000000 0.000000 0.000000 0.000000
    66 0.000000 1.000000 0.000010 0.000000 0.000000 0.000000
    67 -0.000001 0.000000 0.000000 0.000000 0.000000 0.000000
    68 -0.000001 0.000000 0.000000 0.000000 0.000000 0.000000
    69 -0.000001 0.000000 0.000000 0.000000 0.000000 0.000000
time 38
    0 -4.531250 -7.988281 26.218750 1.702181 0.150130 0.478369
    1 3.455587 0.000000 0.000000 -1.983589 -0.124022 -1.553421
    2 16.572346 0.000000 0.000000 0.000000 0.000000 0.314135
    3 16.265829 0.000000 0.000000 -0.212417 0.035589 -0.633131
    4 5.046457 0.000000 0.000000 0.009823 -0.018729 -0.454376
    5 -3.455587 0.000000 0.000000 -1.725861 -0.290410 -1.816017
    6 16.572346 0.000000 0.000000 0.000000 0.000000 0.642012
    7 16.265831 0.000000 0.000000 0.201647 -0.148100 -0.745337
    8 5.046457 0.000000 0.000000 -0.100181 0.015017 -0.360714
    9 0.000000 3.703728 0.293189 1.548937 -0.179171 1.614686
    10 3.307846 0.000000 0.000000 -0.021208 0.024644 -0.140588
    11 3.297962 0.000000 0.000000 -0.025576 0.020903 -0.167179
    12 6.040985 0.000000 0.000000 -0.016110 0.044148 0.258814
    13 5.065758 0.000000 0.000000 2.792286 0.000007 -0.097868
    14 3.993755 0.000000 0.000000 -0.321078 0.063118 0.972054
    15 3.815876 1.385489 1.500000 -1.723338 -0.941324 0.095433
    16 4.327093 0.000004 0.000000 -3.109140 -0.008317 0.791363
    17 11.105114 0.000000 0.000000 0.000000 0.000000 -0.350549
    18 9.862099 -0.000011 -0.000031 1.036236 -0.248368 0.043476
    19 2.641094 0.214619 -1.073586 0.343640 0.190540 -0.806457
    20 1.361605 -0.000002 0.000000 -0.033852 -0.056532 -1.168171
    21 0.779602 0.000002 0.000000 -0.038792 -0.123973 0.252811
    22 2.908712 0.221762 -0.431868 0.315656 0.064476 -0.893331
    23 1.597527 0.000001 0.000000 -0.020331 -0.043837 -1.158634
    24 0.912680 0.000001 0.000000 0.002529 0.008221 0.233624
    25 3.265450 0.050007 0.415744 0.322996 0.091423 -1.049966
    26 1.860470 0.000000 0.000000 -0.051601 -0.064213 -1.194101
    27 1.061481 -0.000001 0.000000 0.004104 0.029474 0.404443
    28 3.340382 -0.242393 1.285012 0.318526 0.062572 -1.131184
    29 1.550753 0.000001 0.000000 0.061672 0.075949 -1.038656
    30 0.904888 0.000001 0.000000 0.001693 0.026264 0.279791
    31 1.219385 -1.063860 0.837143 1.700710 -0.490026 -0.201183
    32 1.496971 -0.000002 -0.000001 -0.211499 -0.093020 -0.524662
    33 1.100086 0.000000 0.000000 0.034391 -0.021604 -0.723527
    34 3.815876 1.385489 -1.500000 1.054312 0.964417 -0.753042
    35 4.327089 -0.000004 0.000000 3.078503 0.177503 0.693453
    36 11.105106 0.000000 0.000004 0.000000 0.000000 -0.536898
    37 9.862080 -0.000007 0.000017 -1.227030 0.001032 0.170948
    38 2.641111 0.211586 1.074188 -0.340778 -0.190504 -0.713994
    39 1.361601 0.000000 0.000000 0.033791 0.056509 -0.943913
    40 0.779604 0.000001 0.000000 0.038833 0.124038 0.218150
    41 2.908730 0.220541 0.432493 -0.312825 -0.064540 -0.854119
    42 1.597527 0.000000 0.000000 0.020338 0.043857 -0.899809
    43 0.912678 0.000000 0.000000 -0.002548 -0.008289 0.256412
    44 3.265471 0.051184 -0.415600 -0.320176 -0.091421 -0.907618
    45 1.860470 0.000000 0.000000 0.051611 0.064235 -1.000517
    46 1.061485 0.000000 0.000000 -0.004037 -0.029426 0.237782
    47 3.340403 -0.238762 -1.285691 -0.315698 -0.062609 -0.887483
    48 1.550755 0.000000 0.000000 -0.061667 -0.075946 -1.019680
    49 0.904886 0.000001 0.000000 -0.001669 -0.026281 0.159649
    50 1.219410 -1.061498 -0.840143 -1.725617 0.534025 -0.029356
    51 1.496971 0.000002 0.000000 0.141600 0.113297 -0.458891
    52 1.100088 0.000000 0.000000 -0.031342 0.025865 -0.596322
    53 -18.875000 -4.664063 -3.814453 2.894912 0.297114 1.645717
    54 0.000000 0.000000 0.000000 -0.077030 -0.068757 -1.299215
    55 7.054213 0.000000 0.000000 0.000000 0.000000 0.000000
    56 0.000000 -0.000007 -0.000031 1.373047 0.113574 0.124314
    57 0.000000 -0.000007 -0.000031 1.373047 0.113574 0.124314
    58 2.856947 -1.536175 -0.973780 -1.501147 -0.272558 -1.578261
    59 0.000000 0.000000 10.000000 0.000000 0.000000 0.000000
    60 2.856899 -1.536201 -0.973800 -1.501147 -0.272558 -1.578261
    61 2.000000 -3.000000 0.000000 -1.570796 0.000000 -1.326450
    62 0.018896 0.665159 9.395880 0.000000 0.000000 0.000000
    63 3.028210 -0.923409 -2.009452 1.574082 -0.012974 1.587244
    64 0.116954 4.311606 0.061861 0.000010 0.000000 0.000000
    65 0.000000 -0.000002 0.000000 0.000000 0.000000 0.000000
    66 0.000000 1.000000 0.000010 0.000000 0.000000 0.000000
    67 -0.000001 0.000000 0.000000 0.000000 0.000000 0.000000
    68 -0.000001 0.000000 0.000000 0.000000 0.000000 0.000000
    69 -0.000001 0.000000 0.000000 0.000000 0.000000 0.000000
time 39
    0 -5.015625 -8.078125 26.171875 1.711044 0.135137 0.539253
    1 3.455587 0.000000 0.000000 -1.990940 -0.114437 -1.552367
    2 16.572346 0.000000 0.000000 0.000000 0.000000 0.340559
    3 16.265829 0.000000 0.000000 -0.216002 0.032059 -0.620602
    4 5.046457 0.000000 0.000000 0.009850 -0.018739 -0.448265
    5 -3.455587 0.000000 0.000000 -1.727425 -0.291732 -1.782864
    6 16.572346 0.000000 0.000000 0.000000 0.000000 0.630197
    7 16.265831 0.000000 0.000000 0.188401 -0.177013 -0.705256
    8 5.046457 0.000000 0.000000 -0.100187 0.015017 -0.371526
    9 0.000000 3.703728 0.293189 1.549009 -0.167056 1.608331
    10 3.307846 0.000000 0.000000 -0.021277 0.021035 -0.146174
    11 3.297962 0.000000 0.000000 -0.024914 0.018570 -0.163935
    12 6.040985 0.000000 0.000000 -0.016107 0.040234 0.267371
    13 5.065758 0.000000 0.000000 2.781596 0.007608 -0.094251
    14 3.993755 0.000000 0.000000 -0.333482 0.057964 0.968272
    15 3.815876 1.385489 1.500000 -1.724997 -0.925648 0.100303
    16 4.327093 0.000004 0.000000 -3.119643 -0.024968 0.790567
    17 11.105114 0.000000 0.000000 0.000000 0.000000 -0.326115
    18 9.862099 -0.000011 -0.000031 0.994813 -0.290177 0.048071
    19 2.641094 0.214619 -1.073586 0.343640 0.190540 -0.806457
    20 1.361605 -0.000002 0.000000 -0.033852 -0.056532 -1.168171
    21 0.779602 0.000002 0.000000 -0.038792 -0.123973 0.252811
    22 2.908712 0.221762 -0.431868 0.315656 0.064476 -0.893331
    23 1.597527 0.000001 0.000000 -0.020331 -0.043837 -1.158634
    24 0.912680 0.000001 0.000000 0.002529 0.008221 0.233624
    25 3.265450 0.050007 0.415744 0.322996 0.091423 -1.049966
    26 1.860470 0.000000 0.000000 -0.051601 -0.064213 -1.194101
    27 1.061481 -0.000001 0.000000 0.004104 0.029474 0.404443
    28 3.340382 -0.242393 1.285012 0.318526 0.062572 -1.131184
    29 1.550753 0.000001 0.000000 0.061672 0.075949 -1.038656
    30 0.904888 0.000001 0.000000 0.001693 0.026264 0.279791
    31 1.219385 -1.063860 0.837143 1.700710 -0.490026 -0.201183
    32 1.496971 -0.000002 -0.000001 -0.211499 -0.093020 -0.524662
    33 1.100086 0.000000 0.000000 0.034391 -0.021604 -0.723527
    34 3.815876 1.385489 -1.500000 1.039224 0.958211 -0.768747
    35 4.327089 -0.000004 0.000000 3.049208 0.159022 0.701337
    36 11.105106 0.000000 0.000004 0.000000 0.000000 -0.542720
    37 9.862080 -0.000007 0.000017 -1.245299 -0.009679 0.192336
    38 2.641111 0.211586 1.074188 -0.340778 -0.190504 -0.713994
    39 1.361601 0.000000 0.000000 0.033791 0.056509 -0.943913
    40 0.779604 0.000001 0.000000 0.038833 0.124038 0.218150
    41 2.908730 0.220541 0.432493 -0.312825 -0.064540 -0.854119
    42 1.597527 0.000000 0.000000 0.020338 0.043857 -0.899809
    43 0.912678 0.000000 0.000000 -0.002548 -0.008289 0.256412
    44 3.265471 0.051184 -0.415600 -0.320176 -0.091421 -0.907618
    45 1.860470 0.000000 0.000000 0.051611 0.064235 -1.000517
    46 1.061485 0.000000 0.000000 -0.004037 -0.029426 0.237782
    47 3.340403 -0.238762 -1.285691 -0.315698 -0.062609 -0.887483
    48 1.550755 0.000000 0.000000 -0.061667 -0.075946 -1.019680
    49 0.904886 0.000001 0.000000 -0.001669 -0.026281 0.159649
    50 1.219410 -1.061498 -0.840143 -1.725617 0.534025 -0.029356
    51 1.496971 0.000002 0.000000 0.141600 0.113297 -0.458891
    52 1.100088 0.000000 0.000000 -0.031342 0.025865 -0.596322
    53 -18.671875 -3.291016 0.911621 2.867321 0.340168 1.610992
    54 0.000000 0.000000 0.000000 -0.077030 -0.068757 -1.299215
    55 7.054213 0.000000 0.000000 0.000000 0.000000 0.000000
    56 0.000000 -0.000007 -0.000031 1.373047 0.113574 0.124314
    57 0.000000 -0.000007 -0.000031 1.373047 0.113574 0.124314
    58 2.856947 -1.536175 -0.973780 -1.501147 -0.272558 -1.578261
    59 0.000000 0.000000 10.000000 0.000000 0.000000 0.000000
    60 2.856899 -1.536201 -0.973800 -1.501147 -0.272558 -1.578261
    61 2.000000 -3.000000 0.000000 -1.570796 0.000000 -1.326450
    62 0.018896 0.665159 9.395880 0.000000 0.000000 0.000000
    63 3.028210 -0.923409 -2.009452 1.574082 -0.012974 1.587244
    64 0.116954 4.311606 0.061861 0.000010 0.000000 0.000000
    65 0.000000 -0.000002 0.000000 0.000000 0.000000 0.000000
    66 0.000000 1.000000 0.000010 0.000000 0.000000 0.000000
    67 -0.000001 0.000000 0.000000 0.000000 0.000000 0.000000
    68 -0.000001 0.000000 0.000000 0.000000 0.000000 0.000000
    69 -0.000001 0.000000 0.000000 0.000000 0.000000 0.000000
time 40
    0 -5.515625 -8.164063 26.156250 1.719898 0.120199 0.595917
    1 3.455587 0.000000 0.000000 -2.007084 -0.113052 -1.538145
    2 16.572346 0.000000 0.000000 0.000000 0.000000 0.373542
    3 16.265829 0.000000 0.000000 -0.247584 0.038624 -0.629813
    4 5.046457 0.000000 0.000000 0.009889 -0.018702 -0.427393
    5 -3.455587 0.000000 0.000000 -1.700952 -0.299232 -1.753801
    6 16.572346 0.000000 0.000000 0.000000 0.000000 0.604374
    7 16.265831 0.000000 0.000000 0.168922 -0.210155 -0.672455
    8 5.046457 0.000000 0.000000 -0.100176 0.015033 -0.344210
    9 0.000000 3.703728 0.293189 1.548500 -0.158563 1.597425
    10 3.307846 0.000000 0.000000 -0.021839 0.015237 -0.150355
    11 3.297962 0.000000 0.000000 -0.024868 0.017116 -0.162616
    12 6.040985 0.000000 0.000000 -0.016219 0.039507 0.271294
    13 5.065758 0.000000 0.000000 2.775042 0.013549 -0.090426
    14 3.993755 0.000000 0.000000 -0.341465 0.054025 0.963130
    15 3.815876 1.385489 1.500000 -1.730774 -0.905040 0.114170
    16 4.327093 0.000004 0.000000 -3.120473 -0.033266 0.782030
    17 11.105114 0.000000 0.000000 0.000000 0.000000 -0.315709
    18 9.862099 -0.000011 -0.000031 0.950455 -0.325610 0.052388
    19 2.641094 0.214619 -1.073586 0.343640 0.190540 -0.806457
    20 1.361605 -0.000002 0.000000 -0.033852 -0.056532 -1.168171
    21 0.779602 0.000002 0.000000 -0.038792 -0.123973 0.252811
    22 2.908712 0.221762 -0.431868 0.315656 0.064476 -0.893331
    23 1.597527 0.000001 0.000000 -0.020331 -0.043837 -1.158634
    24 0.912680 0.000001 0.000000 0.002529 0.008221 0.233624
    25 3.265450 0.050007 0.415744 0.322996 0.091423 -1.049966
    26 1.860470 0.000000 0.000000 -0.051601 -0.064213 -1.194101
    27 1.061481 -0.000001 0.000000 0.004104 0.029474 0.404443
    28 3.340382 -0.242393 1.285012 0.318526 0.062572 -1.131184
    29 1.550753 0.000001 0.000000 0.061672 0.075949 -1.038656
    30 0.904888 0.000001 0.000000 0.001693 0.026264 0.279791
    31 1.219385 -1.063860 0.837143 1.700710 -0.490026 -0.201183
    32 1.496971 -0.000002 -0.000001 -0.211499 -0.093020 -0.524662
    33 1.100086 0.000000 0.000000 0.034391 -0.021604 -0.723527
    34 3.815876 1.385489 -1.500000 1.019277 0.954368 -0.787759
    35 4.327089 -0.000004 0.000000 3.021086 0.145413 0.705264
    36 11.105106 0.000000 0.000004 0.000000 0.000000 -0.554648
    37 9.862080 -0.000007 0.000017 -1.259953 -0.020320 0.213752
    38 2.641111 0.211586 1.074188 -0.340778 -0.190504 -0.713994
    39 1.361601 0.000000 0.000000 0.033791 0.056509 -0.943913
    40 0.779604 0.000001 0.000000 0.038833 0.124038 0.218150
    41 2.908730 0.220541 0.432493 -0.312825 -0.064540 -0.854119
    42 1.597527 0.000000 0.000000 0.020338 0.043857 -0.899809
    43 0.912678 0.000000 0.000000 -0.002548 -0.008289 0.256412
    44 3.265471 0.051184 -0.415600 -0.320176 -0.091421 -0.907618
    45 1.860470 0.000000 0.000000 0.051611 0.064235 -1.000517
    46 1.061485 0.000000 0.000000 -0.004037 -0.029426 0.237782
    47 3.340403 -0.238762 -1.285691 -0.315698 -0.062609 -0.887483
    48 1.550755 0.000000 0.000000 -0.061667 -0.075946 -1.019680
    49 0.904886 0.000001 0.000000 -0.001669 -0.026281 0.159649
    50 1.219410 -1.061498 -0.840143 -1.725617 0.534025 -0.029356
    51 1.496971 0.000002 0.000000 0.141600 0.113297 -0.458891
    52 1.100088 0.000000 0.000000 -0.031342 0.025865 -0.596322
    53 -18.203125 -4.820313 4.769531 2.841315 0.383944 1.583209
    54 0.000000 0.000000 0.000000 -0.077030 -0.068757 -1.299215
    55 7.054213 0.000000 0.000000 0.000000 0.000000 0.000000
    56 0.000000 -0.000007 -0.000031 1.373047 0.113574 0.124314
    57 0.000000 -0.000007 -0.000031 1.373047 0.113574 0.124314
    58 2.856947 -1.536175 -0.973780 -1.501147 -0.272558 -1.578261
    59 0.000000 0.000000 10.000000 0.000000 0.000000 0.000000
    60 2.856899 -1.536201 -0.973800 -1.501147 -0.272558 -1.578261
    61 2.000000 -3.000000 0.000000 -1.570796 0.000000 -1.326450
    62 0.018896 0.665159 9.395880 0.000000 0.000000 0.000000
    63 3.028210 -0.923409 -2.009452 1.574082 -0.012974 1.587244
    64 0.116954 4.311606 0.061861 0.000010 0.000000 0.000000
    65 0.000000 -0.000002 0.000000 0.000000 0.000000 0.000000
    66 0.000000 1.000000 0.000010 0.000000 0.000000 0.000000
    67 -0.000001 0.000000 0.000000 0.000000 0.000000 0.000000
    68 -0.000001 0.000000 0.000000 0.000000 0.000000 0.000000
    69 -0.000001 0.000000 0.000000 0.000000 0.000000 0.000000
time 41
    0 -6.066406 -8.195313 26.187500 1.729050 0.105005 0.647094
    1 3.455587 0.000000 0.000000 -2.013706 -0.127158 -1.518521
    2 16.572346 0.000000 0.000000 0.000000 0.000000 0.418094
    3 16.265829 0.000000 0.000000 -0.291157 0.039057 -0.654518
    4 5.046457 0.000000 0.000000 0.009879 -0.018733 -0.417328
    5 -3.455587 0.000000 0.000000 -1.657372 -0.312312 -1.733495
    6 16.572346 0.000000 0.000000 0.000000 0.000000 0.562910
    7 16.265831 0.000000 0.000000 0.174970 -0.235681 -0.655341
    8 5.046457 0.000000 0.000000 -0.100188 0.014963 -0.334824
    9 0.000000 3.703728 0.293189 1.547031 -0.156070 1.582836
    10 3.307846 0.000000 0.000000 -0.023193 0.007848 -0.151663
    11 3.297962 0.000000 0.000000 -0.025956 0.016686 -0.162274
    12 6.040985 0.000000 0.000000 -0.017070 0.041382 0.272661
    13 5.065758 0.000000 0.000000 2.774477 0.020390 -0.089422
    14 3.993755 0.000000 0.000000 -0.344573 0.048835 0.960398
    15 3.815876 1.385489 1.500000 -1.728577 -0.884075 0.116971
    16 4.327093 0.000004 0.000000 -3.127274 -0.038352 0.772695
    17 11.105114 0.000000 0.000000 0.000000 0.000000 -0.310203
    18 9.862099 -0.000011 -0.000031 0.912395 -0.353186 0.059571
    19 2.641094 0.214619 -1.073586 0.343640 0.190540 -0.806457
    20 1.361605 -0.000002 0.000000 -0.033852 -0.056532 -1.168171
    21 0.779602 0.000002 0.000000 -0.038792 -0.123973 0.252811
    22 2.908712 0.221762 -0.431868 0.315656 0.064476 -0.893331
    23 1.597527 0.000001 0.000000 -0.020331 -0.043837 -1.158634
    24 0.912680 0.000001 0.000000 0.002529 0.008221 0.233624
    25 3.265450 0.050007 0.415744 0.322996 0.091423 -1.049966
    26 1.860470 0.000000 0.000000 -0.051601 -0.064213 -1.194101
    27 1.061481 -0.000001 0.000000 0.004104 0.029474 0.404443
    28 3.340382 -0.242393 1.285012 0.318526 0.062572 -1.131184
    29 1.550753 0.000001 0.000000 0.061672 0.075949 -1.038656
    30 0.904888 0.000001 0.000000 0.001693 0.026264 0.279791
    31 1.219385 -1.063860 0.837143 1.700710 -0.490026 -0.201183
    32 1.496971 -0.000002 -0.000001 -0.211499 -0.093020 -0.524662
    33 1.100086 0.000000 0.000000 0.034391 -0.021604 -0.723527
    34 3.815876 1.385489 -1.500000 1.002340 0.952110 -0.809553
    35 4.327089 -0.000004 0.000000 3.000067 0.136785 0.704997
    36 11.105106 0.000000 0.000004 0.000000 0.000000 -0.569923
    37 9.862080 -0.000007 0.000017 -1.276899 -0.028370 0.235511
    38 2.641111 0.211586 1.074188 -0.340778 -0.190504 -0.713994
    39 1.361601 0.000000 0.000000 0.033791 0.056509 -0.943913
    40 0.779604 0.000001 0.000000 0.038833 0.124038 0.218150
    41 2.908730 0.220541 0.432493 -0.312825 -0.064540 -0.854119
    42 1.597527 0.000000 0.000000 0.020338 0.043857 -0.899809
    43 0.912678 0.000000 0.000000 -0.002548 -0.008289 0.256412
    44 3.265471 0.051184 -0.415600 -0.320176 -0.091421 -0.907618
    45 1.860470 0.000000 0.000000 0.051611 0.064235 -1.000517
    46 1.061485 0.000000 0.000000 -0.004037 -0.029426 0.237782
    47 3.340403 -0.238762 -1.285691 -0.315698 -0.062609 -0.887483
    48 1.550755 0.000000 0.000000 -0.061667 -0.075946 -1.019680
    49 0.904886 0.000001 0.000000 -0.001669 -0.026281 0.159649
    50 1.219410 -1.061498 -0.840143 -1.725617 0.534025 -0.029356
    51 1.496971 0.000002 0.000000 0.141600 0.113297 -0.458891
    52 1.100088 0.000000 0.000000 -0.031342 0.025865 -0.596322
    53 -18.281250 -9.789063 4.839844 2.819453 0.417371 1.559899
    54 0.000000 0.000000 0.000000 -0.077030 -0.068757 -1.299215
    55 7.054213 0.000000 0.000000 0.000000 0.000000 0.000000
    56 0.000000 -0.000007 -0.000031 1.373047 0.113574 0.124314
    57 0.000000 -0.000007 -0.000031 1.373047 0.113574 0.124314
    58 2.856947 -1.536175 -0.973780 -1.501147 -0.272558 -1.578261
    59 0.000000 0.000000 10.000000 0.000000 0.000000 0.000000
    60 2.856899 -1.536201 -0.973800 -1.501147 -0.272558 -1.578261
    61 2.000000 -3.000000 0.000000 -1.570796 0.000000 -1.326450
    62 0.018896 0.665159 9.395880 0.000000 0.000000 0.000000
    63 3.028210 -0.923409 -2.009452 1.574082 -0.012974 1.587244
    64 0.116954 4.311606 0.061861 0.000010 0.000000 0.000000
    65 0.000000 -0.000002 0.000000 0.000000 0.000000 0.000000
    66 0.000000 1.000000 0.000010 0.000000 0.000000 0.000000
    67 -0.000001 0.000000 0.000000 0.000000 0.000000 0.000000
    68 -0.000001 0.000000 0.000000 0.000000 0.000000 0.000000
    69 -0.000001 0.000000 0.000000 0.000000 0.000000 0.000000
time 42
    0 -6.648438 -8.187500 26.281250 1.740852 0.089026 0.691239
    1 3.455587 0.000000 0.000000 -2.002342 -0.165780 -1.495843
    2 16.572346 0.000000 0.000000 0.000000 0.000000 0.485237
    3 16.265829 0.000000 0.000000 -0.313859 0.010659 -0.709459
    4 5.046457 0.000000 0.000000 0.009876 -0.018709 -0.425979
    5 -3.455587 0.000000 0.000000 -1.618495 -0.330157 -1.718606
    6 16.572346 0.000000 0.000000 0.000000 0.000000 0.507411
    7 16.265831 0.000000 0.000000 0.220941 -0.240804 -0.681264
    8 5.046457 0.000000 0.000000 -0.100151 0.015014 -0.342893
    9 0.000000 3.703728 0.293189 1.544251 -0.158025 1.564280
    10 3.307846 0.000000 0.000000 -0.026029 -0.001537 -0.151034
    11 3.297962 0.000000 0.000000 -0.028823 0.017641 -0.164048
    12 6.040985 0.000000 0.000000 -0.018902 0.047608 0.269536
    13 5.065758 0.000000 0.000000 2.777724 0.027142 -0.091223
    14 3.993755 0.000000 0.000000 -0.344491 0.044104 0.959575
    15 3.815876 1.385489 1.500000 -1.720598 -0.873051 0.112726
    16 4.327093 0.000004 0.000000 3.138794 -0.043783 0.772404
    17 11.105114 0.000000 0.000000 0.000000 0.000000 -0.307757
    18 9.862099 -0.000011 -0.000031 0.884336 -0.376276 0.066797
    19 2.641094 0.214619 -1.073586 0.343640 0.190540 -0.806457
    20 1.361605 -0.000002 0.000000 -0.033852 -0.056532 -1.168171
    21 0.779602 0.000002 0.000000 -0.038792 -0.123973 0.252811
    22 2.908712 0.221762 -0.431868 0.315656 0.064476 -0.893331
    23 1.597527 0.000001 0.000000 -0.020331 -0.043837 -1.158634
    24 0.912680 0.000001 0.000000 0.002529 0.008221 0.233624
    25 3.265450 0.050007 0.415744 0.322996 0.091423 -1.049966
    26 1.860470 0.000000 0.000000 -0.051601 -0.064213 -1.194101
    27 1.061481 -0.000001 0.000000 0.004104 0.029474 0.404443
    28 3.340382 -0.242393 1.285012 0.318526 0.062572 -1.131184
    29 1.550753 0.000001 0.000000 0.061672 0.075949 -1.038656
    30 0.904888 0.000001 0.000000 0.001693 0.026264 0.279791
    31 1.219385 -1.063860 0.837143 1.700710 -0.490026 -0.201183
    32 1.496971 -0.000002 -0.000001 -0.211499 -0.093020 -0.524662
    33 1.100086 0.000000 0.000000 0.034391 -0.021604 -0.723527
    34 3.815876 1.385489 -1.500000 0.989466 0.960708 -0.829546
    35 4.327089 -0.000004 0.000000 2.988807 0.126900 0.708197
    36 11.105106 0.000000 0.000004 0.000000 0.000000 -0.590644
    37 9.862080 -0.000007 0.000017 -1.295002 -0.036896 0.261260
    38 2.641111 0.211586 1.074188 -0.340778 -0.190504 -0.713994
    39 1.361601 0.000000 0.000000 0.033791 0.056509 -0.943913
    40 0.779604 0.000001 0.000000 0.038833 0.124038 0.218150
    41 2.908730 0.220541 0.432493 -0.312825 -0.064540 -0.854119
    42 1.597527 0.000000 0.000000 0.020338 0.043857 -0.899809
    43 0.912678 0.000000 0.000000 -0.002548 -0.008289 0.256412
    44 3.265471 0.051184 -0.415600 -0.320176 -0.091421 -0.907618
    45 1.860470 0.000000 0.000000 0.051611 0.064235 -1.000517
    46 1.061485 0.000000 0.000000 -0.004037 -0.029426 0.237782
    47 3.340403 -0.238762 -1.285691 -0.315698 -0.062609 -0.887483
    48 1.550755 0.000000 0.000000 -0.061667 -0.075946 -1.019680
    49 0.904886 0.000001 0.000000 -0.001669 -0.026281 0.159649
    50 1.219410 -1.061498 -0.840143 -1.725617 0.534025 -0.029356
    51 1.496971 0.000002 0.000000 0.141600 0.113297 -0.458891
    52 1.100088 0.000000 0.000000 -0.031342 0.025865 -0.596322
    53 -18.593750 -14.750000 1.148438 2.803178 0.433574 1.542613
    54 0.000000 0.000000 0.000000 -0.077030 -0.068757 -1.299215
    55 7.054213 0.000000 0.000000 0.000000 0.000000 0.000000
    56 0.000000 -0.000007 -0.000031 1.373047 0.113574 0.124314
    57 0.000000 -0.000007 -0.000031 1.373047 0.113574 0.124314
    58 2.856947 -1.536175 -0.973780 -1.501147 -0.272558 -1.578261
    59 0.000000 0.000000 10.000000 0.000000 0.000000 0.000000
    60 2.856899 -1.536201 -0.973800 -1.501147 -0.272558 -1.578261
    61 2.000000 -3.000000 0.000000 -1.570796 0.000000 -1.326450
    62 0.018896 0.665159 9.395880 0.000000 0.000000 0.000000
    63 3.028210 -0.923409 -2.009452 1.574082 -0.012974 1.587244
    64 0.116954 4.311606 0.061861 0.000010 0.000000 0.000000
    65 0.000000 -0.000002 0.000000 0.000000 0.000000 0.000000
    66 0.000000 1.000000 0.000010 0.000000 0.000000 0.000000
    67 -0.000001 0.000000 0.000000 0.000000 0.000000 0.000000
    68 -0.000001 0.000000 0.000000 0.000000 0.000000 0.000000
    69 -0.000001 0.000000 0.000000 0.000000 0.000000 0.000000
time 43
    0 -7.105469 -8.148438 26.406250 1.754594 0.067882 0.729800
    1 3.455587 0.000000 0.000000 -1.973532 -0.219609 -1.486053
    2 16.572346 0.000000 0.000000 0.000000 0.000000 0.565427
    3 16.265829 0.000000 0.000000 -0.348733 -0.049596 -0.780840
    4 5.046457 0.000000 0.000000 0.009884 -0.018772 -0.433933
    5 -3.455587 0.000000 0.000000 -1.581019 -0.344851 -1.718427
    6 16.572346 0.000000 0.000000 0.000000 0.000000 0.442040
    7 16.265831 0.000000 0.000000 0.261655 -0.222739 -0.717558
    8 5.046457 0.000000 0.000000 -0.100229 0.014986 -0.384637
    9 0.000000 3.703728 0.293189 1.541841 -0.156183 1.544012
    10 3.307846 0.000000 0.000000 -0.028538 -0.011788 -0.152277
    11 3.297962 0.000000 0.000000 -0.031310 0.018489 -0.163221
    12 6.040985 0.000000 0.000000 -0.020327 0.053247 0.272603
    13 5.065758 0.000000 0.000000 2.778521 0.032777 -0.097603
    14 3.993755 0.000000 0.000000 -0.346105 0.040798 0.963795
    15 3.815876 1.385489 1.500000 -1.726886 -0.869632 0.114715
    16 4.327093 0.000004 0.000000 3.129527 -0.046947 0.781813
    17 11.105114 0.000000 0.000000 0.000000 0.000000 -0.303651
    18 9.862099 -0.000011 -0.000031 0.859672 -0.400187 0.074860
    19 2.641094 0.214619 -1.073586 0.343640 0.190540 -0.806457
    20 1.361605 -0.000002 0.000000 -0.033852 -0.056532 -1.168171
    21 0.779602 0.000002 0.000000 -0.038792 -0.123973 0.252811
    22 2.908712 0.221762 -0.431868 0.315656 0.064476 -0.893331
    23 1.597527 0.000001 0.000000 -0.020331 -0.043837 -1.158634
    24 0.912680 0.000001 0.000000 0.002529 0.008221 0.233624
    25 3.265450 0.050007 0.415744 0.322996 0.091423 -1.049966
    26 1.860470 0.000000 0.000000 -0.051601 -0.064213 -1.194101
    27 1.061481 -0.000001 0.000000 0.004104 0.029474 0.404443
    28 3.340382 -0.242393 1.285012 0.318526 0.062572 -1.131184
    29 1.550753 0.000001 0.000000 0.061672 0.075949 -1.038656
    30 0.904888 0.000001 0.000000 0.001693 0.026264 0.279791
    31 1.219385 -1.063860 0.837143 1.700710 -0.490026 -0.201183
    32 1.496971 -0.000002 -0.000001 -0.211499 -0.093020 -0.524662
    33 1.100086 0.000000 0.000000 0.034391 -0.021604 -0.723527
    34 3.815876 1.385489 -1.500000 0.967182 0.974378 -0.862839
    35 4.327089 -0.000004 0.000000 2.985260 0.117259 0.723176
    36 11.105106 0.000000 0.000004 0.000000 0.000000 -0.604283
    37 9.862080 -0.000007 0.000017 -1.314446 -0.044694 0.285531
    38 2.641111 0.211586 1.074188 -0.340778 -0.190504 -0.713994
    39 1.361601 0.000000 0.000000 0.033791 0.056509 -0.943913
    40 0.779604 0.000001 0.000000 0.038833 0.124038 0.218150
    41 2.908730 0.220541 0.432493 -0.312825 -0.064540 -0.854119
    42 1.597527 0.000000 0.000000 0.020338 0.043857 -0.899809
    43 0.912678 0.000000 0.000000 -0.002548 -0.008289 0.256412
    44 3.265471 0.051184 -0.415600 -0.320176 -0.091421 -0.907618
    45 1.860470 0.000000 0.000000 0.051611 0.064235 -1.000517
    46 1.061485 0.000000 0.000000 -0.004037 -0.029426 0.237782
    47 3.340403 -0.238762 -1.285691 -0.315698 -0.062609 -0.887483
    48 1.550755 0.000000 0.000000 -0.061667 -0.075946 -1.019680
    49 0.904886 0.000001 0.000000 -0.001669 -0.026281 0.159649
    50 1.219410 -1.061498 -0.840143 -1.725617 0.534025 -0.029356
    51 1.496971 0.000002 0.000000 0.141600 0.113297 -0.458891
    52 1.100088 0.000000 0.000000 -0.031342 0.025865 -0.596322
    53 -18.453125 -16.656250 -3.660156 2.788483 0.447211 1.527964
    54 0.000000 0.000000 0.000000 -0.077030 -0.068757 -1.299215
    55 7.054213 0.000000 0.000000 0.000000 0.000000 0.000000
    56 0.000000 -0.000007 -0.000031 1.373047 0.113574 0.124314
    57 0.000000 -0.000007 -0.000031 1.373047 0.113574 0.124314
    58 2.856947 -1.536175 -0.973780 -1.501147 -0.272558 -1.578261
    59 0.000000 0.000000 10.000000 0.000000 0.000000 0.000000
    60 2.856899 -1.536201 -0.973800 -1.501147 -0.272558 -1.578261
    61 2.000000 -3.000000 0.000000 -1.570796 0.000000 -1.326450
    62 0.018896 0.665159 9.395880 0.000000 0.000000 0.000000
    63 3.028210 -0.923409 -2.009452 1.574082 -0.012974 1.587244
    64 0.116954 4.311606 0.061861 0.000010 0.000000 0.000000
    65 0.000000 -0.000002 0.000000 0.000000 0.000000 0.000000
    66 0.000000 1.000000 0.000010 0.000000 0.000000 0.000000
    67 -0.000001 0.000000 0.000000 0.000000 0.000000 0.000000
    68 -0.000001 0.000000 0.000000 0.000000 0.000000 0.000000
    69 -0.000001 0.000000 0.000000 0.000000 0.000000 0.000000
time 44
    0 -7.527344 -8.070313 26.578125 1.765780 0.051326 0.765172
    1 3.455587 0.000000 0.000000 -1.942380 -0.288131 -1.476321
    2 16.572346 0.000000 0.000000 0.000000 0.000000 0.661512
    3 16.265829 0.000000 0.000000 -0.373528 -0.137328 -0.837446
    4 5.046457 0.000000 0.000000 0.009874 -0.018748 -0.475580
    5 -3.455587 0.000000 0.000000 -1.580703 -0.356013 -1.715741
    6 16.572346 0.000000 0.000000 0.000000 0.000000 0.385233
    7 16.265831 0.000000 0.000000 0.286666 -0.192862 -0.754566
    8 5.046457 0.000000 0.000000 -0.100162 0.015013 -0.375308
    9 0.000000 3.703728 0.293189 1.540440 -0.157357 1.528336
    10 3.307846 0.000000 0.000000 -0.030084 -0.019954 -0.151978
    11 3.297962 0.000000 0.000000 -0.032892 0.019932 -0.162396
    12 6.040985 0.000000 0.000000 -0.020611 0.058822 0.275699
    13 5.065758 0.000000 0.000000 2.777344 0.038285 -0.104189
    14 3.993755 0.000000 0.000000 -0.349691 0.037106 0.971514
    15 3.815876 1.385489 1.500000 -1.738245 -0.871999 0.121649
    16 4.327093 0.000004 0.000000 3.129865 -0.046115 0.796663
    17 11.105114 0.000000 0.000000 0.000000 0.000000 -0.301992
    18 9.862099 -0.000011 -0.000031 0.832037 -0.421196 0.089079
    19 2.641094 0.214619 -1.073586 0.343640 0.190540 -0.806457
    20 1.361605 -0.000002 0.000000 -0.033852 -0.056532 -1.168171
    21 0.779602 0.000002 0.000000 -0.038792 -0.123973 0.252811
    22 2.908712 0.221762 -0.431868 0.315656 0.064476 -0.893331
    23 1.597527 0.000001 0.000000 -0.020331 -0.043837 -1.158634
    24 0.912680 0.000001 0.000000 0.002529 0.008221 0.233624
    25 3.265450 0.050007 0.415744 0.322996 0.091423 -1.049966
    26 1.860470 0.000000 0.000000 -0.051601 -0.064213 -1.194101
    27 1.061481 -0.000001 0.000000 0.004104 0.029474 0.404443
    28 3.340382 -0.242393 1.285012 0.318526 0.062572 -1.131184
    29 1.550753 0.000001 0.000000 0.061672 0.075949 -1.038656
    30 0.904888 0.000001 0.000000 0.001693 0.026264 0.279791
    31 1.219385 -1.063860 0.837143 1.700710 -0.490026 -0.201183
    32 1.496971 -0.000002 -0.000001 -0.211499 -0.093020 -0.524662
    33 1.100086 0.000000 0.000000 0.034391 -0.021604 -0.723527
    34 3.815876 1.385489 -1.500000 0.937971 0.988030 -0.902484
    35 4.327089 -0.000004 0.000000 2.982356 0.107071 0.742579
    36 11.105106 0.000000 0.000004 0.000000 0.000000 -0.617046
    37 9.862080 -0.000007 0.000017 -1.333690 -0.047735 0.313573
    38 2.641111 0.211586 1.074188 -0.340778 -0.190504 -0.713994
    39 1.361601 0.000000 0.000000 0.033791 0.056509 -0.943913
    40 0.779604 0.000001 0.000000 0.038833 0.124038 0.218150
    41 2.908730 0.220541 0.432493 -0.312825 -0.064540 -0.854119
    42 1.597527 0.000000 0.000000 0.020338 0.043857 -0.899809
    43 0.912678 0.000000 0.000000 -0.002548 -0.008289 0.256412
    44 3.265471 0.051184 -0.415600 -0.320176 -0.091421 -0.907618
    45 1.860470 0.000000 0.000000 0.051611 0.064235 -1.000517
    46 1.061485 0.000000 0.000000 -0.004037 -0.029426 0.237782
    47 3.340403 -0.238762 -1.285691 -0.315698 -0.062609 -0.887483
    48 1.550755 0.000000 0.000000 -0.061667 -0.075946 -1.019680
    49 0.904886 0.000001 0.000000 -0.001669 -0.026281 0.159649
    50 1.219410 -1.061498 -0.840143 -1.725617 0.534025 -0.029356
    51 1.496971 0.000002 0.000000 0.141600 0.113297 -0.458891
    52 1.100088 0.000000 0.000000 -0.031342 0.025865 -0.596322
    53 -17.718750 -15.132813 -7.132813 2.771074 0.468192 1.516049
    54 0.000000 0.000000 0.000000 -0.077030 -0.068757 -1.299215
    55 7.054213 0.000000 0.000000 0.000000 0.000000 0.000000
    56 0.000000 -0.000007 -0.000031 1.373047 0.113574 0.124314
    57 0.000000 -0.000007 -0.000031 1.373047 0.113574 0.124314
    58 2.856947 -1.536175 -0.973780 -1.501147 -0.272558 -1.578261
    59 0.000000 0.000000 10.000000 0.000000 0.000000 0.000000
    60 2.856899 -1.536201 -0.973800 -1.501147 -0.272558 -1.578261
    61 2.000000 -3.000000 0.000000 -1.570796 0.000000 -1.326450
    62 0.018896 0.665159 9.395880 0.000000 0.000000 0.000000
    63 3.028210 -0.923409 -2.009452 1.574082 -0.012974 1.587244
    64 0.116954 4.311606 0.061861 0.000010 0.000000 0.000000
    65 0.000000 -0.000002 0.000000 0.000000 0.000000 0.000000
    66 0.000000 1.000000 0.000010 0.000000 0.000000 0.000000
    67 -0.000001 0.000000 0.000000 0.000000 0.000000 0.000000
    68 -0.000001 0.000000 0.000000 0.000000 0.000000 0.000000
    69 -0.000001 0.000000 0.000000 0.000000 0.000000 0.000000
time 45
    0 -7.886719 -7.910156 26.750000 1.772801 0.039159 0.795950
    1 3.455587 0.000000 0.000000 -1.918070 -0.370222 -1.467353
    2 16.572346 0.000000 0.000000 0.000000 0.000000 0.767490
    3 16.265829 0.000000 0.000000 -0.416084 -0.232849 -0.851203
    4 5.046457 0.000000 0.000000 0.009843 -0.018788 -0.463331
    5 -3.455587 0.000000 0.000000 -1.604994 -0.360902 -1.718073
    6 16.572346 0.000000 0.000000 0.000000 0.000000 0.347656
    7 16.265831 0.000000 0.000000 0.272709 -0.176316 -0.768991
    8 5.046457 0.000000 0.000000 -0.100165 0.014971 -0.370732
    9 0.000000 3.703728 0.293189 1.539358 -0.162124 1.520588
    10 3.307846 0.000000 0.000000 -0.031162 -0.024329 -0.149739
    11 3.297962 0.000000 0.000000 -0.033896 0.020541 -0.162592
    12 6.040985 0.000000 0.000000 -0.021141 0.061334 0.275494
    13 5.065758 0.000000 0.000000 2.776076 0.042096 -0.107044
    14 3.993755 0.000000 0.000000 -0.352854 0.031423 0.978781
    15 3.815876 1.385489 1.500000 -1.743404 -0.877914 0.125567
    16 4.327093 0.000004 0.000000 3.127299 -0.046956 0.812979
    17 11.105114 0.000000 0.000000 0.000000 0.000000 -0.296667
    18 9.862099 -0.000011 -0.000031 0.806980 -0.433480 0.098768
    19 2.641094 0.214619 -1.073586 0.343640 0.190540 -0.806457
    20 1.361605 -0.000002 0.000000 -0.033852 -0.056532 -1.168171
    21 0.779602 0.000002 0.000000 -0.038792 -0.123973 0.252811
    22 2.908712 0.221762 -0.431868 0.315656 0.064476 -0.893331
    23 1.597527 0.000001 0.000000 -0.020331 -0.043837 -1.158634
    24 0.912680 0.000001 0.000000 0.002529 0.008221 0.233624
    25 3.265450 0.050007 0.415744 0.322996 0.091423 -1.049966
    26 1.860470 0.000000 0.000000 -0.051601 -0.064213 -1.194101
    27 1.061481 -0.000001 0.000000 0.004104 0.029474 0.404443
    28 3.340382 -0.242393 1.285012 0.318526 0.062572 -1.131184
    29 1.550753 0.000001 0.000000 0.061672 0.075949 -1.038656
    30 0.904888 0.000001 0.000000 0.001693 0.026264 0.279791
    31 1.219385 -1.063860 0.837143 1.700710 -0.490026 -0.201183
    32 1.496971 -0.000002 -0.000001 -0.211499 -0.093020 -0.524662
    33 1.100086 0.000000 0.000000 0.034391 -0.021604 -0.723527
    34 3.815876 1.385489 -1.500000 0.923139 0.998868 -0.925087
    35 4.327089 -0.000004 0.000000 2.973108 0.093097 0.753926
    36 11.105106 0.000000 0.000004 0.000000 0.000000 -0.632831
    37 9.862080 -0.000007 0.000017 -1.346941 -0.049127 0.337978
    38 2.641111 0.211586 1.074188 -0.340778 -0.190504 -0.713994
    39 1.361601 0.000000 0.000000 0.033791 0.056509 -0.943913
    40 0.779604 0.000001 0.000000 0.038833 0.124038 0.218150
    41 2.908730 0.220541 0.432493 -0.312825 -0.064540 -0.854119
    42 1.597527 0.000000 0.000000 0.020338 0.043857 -0.899809
    43 0.912678 0.000000 0.000000 -0.002548 -0.008289 0.256412
    44 3.265471 0.051184 -0.415600 -0.320176 -0.091421 -0.907618
    45 1.860470 0.000000 0.000000 0.051611 0.064235 -1.000517
    46 1.061485 0.000000 0.000000 -0.004037 -0.029426 0.237782
    47 3.340403 -0.238762 -1.285691 -0.315698 -0.062609 -0.887483
    48 1.550755 0.000000 0.000000 -0.061667 -0.075946 -1.019680
    49 0.904886 0.000001 0.000000 -0.001669 -0.026281 0.159649
    50 1.219410 -1.061498 -0.840143 -1.725617 0.534025 -0.029356
    51 1.496971 0.000002 0.000000 0.141600 0.113297 -0.458891
    52 1.100088 0.000000 0.000000 -0.031342 0.025865 -0.596322
    53 -17.312500 -11.843750 -8.898438 2.752541 0.486732 1.502064
    54 0.000000 0.000000 0.000000 -0.077030 -0.068757 -1.299215
    55 7.054213 0.000000 0.000000 0.000000 0.000000 0.000000
    56 0.000000 -0.000007 -0.000031 1.373047 0.113574 0.124314
    57 0.000000 -0.000007 -0.000031 1.373047 0.113574 0.124314
    58 2.856947 -1.536175 -0.973780 -1.501147 -0.272558 -1.578261
    59 0.000000 0.000000 10.000000 0.000000 0.000000 0.000000
    60 2.856899 -1.536201 -0.973800 -1.501147 -0.272558 -1.578261
    61 2.000000 -3.000000 0.000000 -1.570796 0.000000 -1.326450
    62 0.018896 0.665159 9.395880 0.000000 0.000000 0.000000
    63 3.028210 -0.923409 -2.009452 1.574082 -0.012974 1.587244
    64 0.116954 4.311606 0.061861 0.000010 0.000000 0.000000
    65 0.000000 -0.000002 0.000000 0.000000 0.000000 0.000000
    66 0.000000 1.000000 0.000010 0.000000 0.000000 0.000000
    67 -0.000001 0.000000 0.000000 0.000000 0.000000 0.000000
    68 -0.000001 0.000000 0.000000 0.000000 0.000000 0.000000
    69 -0.000001 0.000000 0.000000 0.000000 0.000000 0.000000
time 46
    0 -8.156250 -7.742188 26.859375 1.775146 0.031169 0.820345
    1 3.455587 0.000000 0.000000 -1.914773 -0.449653 -1.452669
    2 16.572346 0.000000 0.000000 0.000000 0.000000 0.860089
    3 16.265829 0.000000 0.000000 -0.490802 -0.270295 -0.819987
    4 5.046457 0.000000 0.000000 0.009836 -0.018772 -0.437734
    5 -3.455587 0.000000 0.000000 -1.617050 -0.359084 -1.727169
    6 16.572346 0.000000 0.000000 0.000000 0.000000 0.334167
    7 16.265831 0.000000 0.000000 0.237993 -0.194645 -0.777430
    8 5.046457 0.000000 0.000000 -0.100189 0.014984 -0.366777
    9 0.000000 3.703728 0.293189 1.538856 -0.166196 1.518909
    10 3.307846 0.000000 0.000000 -0.031589 -0.025885 -0.147633
    11 3.297962 0.000000 0.000000 -0.033845 0.018905 -0.162216
    12 6.040985 0.000000 0.000000 -0.021583 0.058698 0.275847
    13 5.065758 0.000000 0.000000 2.780903 0.049236 -0.113127
    14 3.993755 0.000000 0.000000 -0.351423 0.023432 0.985904
    15 3.815876 1.385489 1.500000 -1.739685 -0.878804 0.122080
    16 4.327093 0.000004 0.000000 3.130884 -0.049880 0.824980
    17 11.105114 0.000000 0.000000 0.000000 0.000000 -0.288988
    18 9.862099 -0.000011 -0.000031 0.779662 -0.434588 0.103976
    19 2.641094 0.214619 -1.073586 0.343640 0.190540 -0.806457
    20 1.361605 -0.000002 0.000000 -0.033852 -0.056532 -1.168171
    21 0.779602 0.000002 0.000000 -0.038792 -0.123973 0.252811
    22 2.908712 0.221762 -0.431868 0.315656 0.064476 -0.893331
    23 1.597527 0.000001 0.000000 -0.020331 -0.043837 -1.158634
    24 0.912680 0.000001 0.000000 0.002529 0.008221 0.233624
    25 3.265450 0.050007 0.415744 0.322996 0.091423 -1.049966
    26 1.860470 0.000000 0.000000 -0.051601 -0.064213 -1.194101
    27 1.061481 -0.000001 0.000000 0.004104 0.029474 0.404443
    28 3.340382 -0.242393 1.285012 0.318526 0.062572 -1.131184
    29 1.550753 0.000001 0.000000 0.061672 0.075949 -1.038656
    30 0.904888 0.000001 0.000000 0.001693 0.026264 0.279791
    31 1.219385 -1.063860 0.837143 1.700710 -0.490026 -0.201183
    32 1.496971 -0.000002 -0.000001 -0.211499 -0.093020 -0.524662
    33 1.100086 0.000000 0.000000 0.034391 -0.021604 -0.723527
    34 3.815876 1.385489 -1.500000 0.914997 1.010568 -0.936635
    35 4.327089 -0.000004 0.000000 2.968275 0.081395 0.760850
    36 11.105106 0.000000 0.000004 0.000000 0.000000 -0.646016
    37 9.862080 -0.000007 0.000017 -1.362761 -0.051536 0.355543
    38 2.641111 0.211586 1.074188 -0.340778 -0.190504 -0.713994
    39 1.361601 0.000000 0.000000 0.033791 0.056509 -0.943913
    40 0.779604 0.000001 0.000000 0.038833 0.124038 0.218150
    41 2.908730 0.220541 0.432493 -0.312825 -0.064540 -0.854119
    42 1.597527 0.000000 0.000000 0.020338 0.043857 -0.899809
    43 0.912678 0.000000 0.000000 -0.002548 -0.008289 0.256412
    44 3.265471 0.051184 -0.415600 -0.320176 -0.091421 -0.907618
    45 1.860470 0.000000 0.000000 0.051611 0.064235 -1.000517
    46 1.061485 0.000000 0.000000 -0.004037 -0.029426 0.237782
    47 3.340403 -0.238762 -1.285691 -0.315698 -0.062609 -0.887483
    48 1.550755 0.000000 0.000000 -0.061667 -0.075946 -1.019680
    49 0.904886 0.000001 0.000000 -0.001669 -0.026281 0.159649
    50 1.219410 -1.061498 -0.840143 -1.725617 0.534025 -0.029356
    51 1.496971 0.000002 0.000000 0.141600 0.113297 -0.458891
    52 1.100088 0.000000 0.000000 -0.031342 0.025865 -0.596322
    53 -18.250000 -7.972656 -7.925781 2.732081 0.511617 1.485685
    54 0.000000 0.000000 0.000000 -0.077030 -0.068757 -1.299215
    55 7.054213 0.000000 0.000000 0.000000 0.000000 0.000000
    56 0.000000 -0.000007 -0.000031 1.373047 0.113574 0.124314
    57 0.000000 -0.000007 -0.000031 1.373047 0.113574 0.124314
    58 2.856947 -1.536175 -0.973780 -1.501147 -0.272558 -1.578261
    59 0.000000 0.000000 10.000000 0.000000 0.000000 0.000000
    60 2.856899 -1.536201 -0.973800 -1.501147 -0.272558 -1.578261
    61 2.000000 -3.000000 0.000000 -1.570796 0.000000 -1.326450
    62 0.018896 0.665159 9.395880 0.000000 0.000000 0.000000
    63 3.028210 -0.923409 -2.009452 1.574082 -0.012974 1.587244
    64 0.116954 4.311606 0.061861 0.000010 0.000000 0.000000
    65 0.000000 -0.000002 0.000000 0.000000 0.000000 0.000000
    66 0.000000 1.000000 0.000010 0.000000 0.000000 0.000000
    67 -0.000001 0.000000 0.000000 0.000000 0.000000 0.000000
    68 -0.000001 0.000000 0.000000 0.000000 0.000000 0.000000
    69 -0.000001 0.000000 0.000000 0.000000 0.000000 0.000000
time 47
    0 -8.320313 -7.578125 26.953125 1.775337 0.027014 0.839370
    1 3.455587 0.000000 0.000000 -1.922330 -0.525755 -1.433673
    2 16.572346 0.000000 0.000000 0.000000 0.000000 0.935890
    3 16.265829 0.000000 0.000000 -0.550471 -0.242458 -0.808962
    4 5.046457 0.000000 0.000000 0.009883 -0.018758 -0.408684
    5 -3.455587 0.000000 0.000000 -1.619323 -0.352613 -1.742119
    6 16.572346 0.000000 0.000000 0.000000 0.000000 0.348445
    7 16.265831 0.000000 0.000000 0.223582 -0.215384 -0.781732
    8 5.046457 0.000000 0.000000 -0.100158 0.015015 -0.369855
    9 0.000000 3.703728 0.293189 1.538951 -0.167963 1.519996
    10 3.307846 0.000000 0.000000 -0.031542 -0.025517 -0.146601
    11 3.297962 0.000000 0.000000 -0.033805 0.018485 -0.161601
    12 6.040985 0.000000 0.000000 -0.021818 0.057356 0.277245
    13 5.065758 0.000000 0.000000 2.788358 0.054229 -0.119388
    14 3.993755 0.000000 0.000000 -0.346770 0.016509 0.992873
    15 3.815876 1.385489 1.500000 -1.736711 -0.883207 0.121093
    16 4.327093 0.000004 0.000000 -3.136756 -0.051455 0.835542
    17 11.105114 0.000000 0.000000 0.000000 0.000000 -0.282883
    18 9.862099 -0.000011 -0.000031 0.748931 -0.427185 0.105417
    19 2.641094 0.214619 -1.073586 0.343640 0.190540 -0.806457
    20 1.361605 -0.000002 0.000000 -0.033852 -0.056532 -1.168171
    21 0.779602 0.000002 0.000000 -0.038792 -0.123973 0.252811
    22 2.908712 0.221762 -0.431868 0.315656 0.064476 -0.893331
    23 1.597527 0.000001 0.000000 -0.020331 -0.043837 -1.158634
    24 0.912680 0.000001 0.000000 0.002529 0.008221 0.233624
    25 3.265450 0.050007 0.415744 0.322996 0.091423 -1.049966
    26 1.860470 0.000000 0.000000 -0.051601 -0.064213 -1.194101
    27 1.061481 -0.000001 0.000000 0.004104 0.029474 0.404443
    28 3.340382 -0.242393 1.285012 0.318526 0.062572 -1.131184
    29 1.550753 0.000001 0.000000 0.061672 0.075949 -1.038656
    30 0.904888 0.000001 0.000000 0.001693 0.026264 0.279791
    31 1.219385 -1.063860 0.837143 1.700710 -0.490026 -0.201183
    32 1.496971 -0.000002 -0.000001 -0.211499 -0.093020 -0.524662
    33 1.100086 0.000000 0.000000 0.034391 -0.021604 -0.723527
    34 3.815876 1.385489 -1.500000 0.913162 1.019461 -0.936262
    35 4.327089 -0.000004 0.000000 2.967337 0.069617 0.765157
    36 11.105106 0.000000 0.000004 0.000000 0.000000 -0.660782
    37 9.862080 -0.000007 0.000017 -1.377864 -0.055381 0.370157
    38 2.641111 0.211586 1.074188 -0.340778 -0.190504 -0.713994
    39 1.361601 0.000000 0.000000 0.033791 0.056509 -0.943913
    40 0.779604 0.000001 0.000000 0.038833 0.124038 0.218150
    41 2.908730 0.220541 0.432493 -0.312825 -0.064540 -0.854119
    42 1.597527 0.000000 0.000000 0.020338 0.043857 -0.899809
    43 0.912678 0.000000 0.000000 -0.002548 -0.008289 0.256412
    44 3.265471 0.051184 -0.415600 -0.320176 -0.091421 -0.907618
    45 1.860470 0.000000 0.000000 0.051611 0.064235 -1.000517
    46 1.061485 0.000000 0.000000 -0.004037 -0.029426 0.237782
    47 3.340403 -0.238762 -1.285691 -0.315698 -0.062609 -0.887483
    48 1.550755 0.000000 0.000000 -0.061667 -0.075946 -1.019680
    49 0.904886 0.000001 0.000000 -0.001669 -0.026281 0.159649
    50 1.219410 -1.061498 -0.840143 -1.725617 0.534025 -0.029356
    51 1.496971 0.000002 0.000000 0.141600 0.113297 -0.458891
    52 1.100088 0.000000 0.000000 -0.031342 0.025865 -0.596322
    53 -20.328125 -5.855469 -4.804688 2.710373 0.544377 1.470529
    54 0.000000 0.000000 0.000000 -0.077030 -0.068757 -1.299215
    55 7.054213 0.000000 0.000000 0.000000 0.000000 0.000000
    56 0.000000 -0.000007 -0.000031 1.373047 0.113574 0.124314
    57 0.000000 -0.000007 -0.000031 1.373047 0.113574 0.124314
    58 2.856947 -1.536175 -0.973780 -1.501147 -0.272558 -1.578261
    59 0.000000 0.000000 10.000000 0.000000 0.000000 0.000000
    60 2.856899 -1.536201 -0.973800 -1.501147 -0.272558 -1.578261
    61 2.000000 -3.000000 0.000000 -1.570796 0.000000 -1.326450
    62 0.018896 0.665159 9.395880 0.000000 0.000000 0.000000
    63 3.028210 -0.923409 -2.009452 1.574082 -0.012974 1.587244
    64 0.116954 4.311606 0.061861 0.000010 0.000000 0.000000
    65 0.000000 -0.000002 0.000000 0.000000 0.000000 0.000000
    66 0.000000 1.000000 0.000010 0.000000 0.000000 0.000000
    67 -0.000001 0.000000 0.000000 0.000000 0.000000 0.000000
    68 -0.000001 0.000000 0.000000 0.000000 0.000000 0.000000
    69 -0.000001 0.000000 0.000000 0.000000 0.000000 0.000000
time 48
    0 -8.328125 -7.472656 27.031250 1.773637 0.027840 0.851313
    1 3.455587 0.000000 0.000000 -1.941256 -0.593502 -1.408386
    2 16.572346 0.000000 0.000000 0.000000 0.000000 0.992990
    3 16.265829 0.000000 0.000000 -0.565184 -0.176191 -0.823029
    4 5.046457 0.000000 0.000000 0.009893 -0.018753 -0.409830
    5 -3.455587 0.000000 0.000000 -1.613737 -0.339821 -1.757427
    6 16.572346 0.000000 0.000000 0.000000 0.000000 0.384618
    7 16.265831 0.000000 0.000000 0.237183 -0.204535 -0.782556
    8 5.046457 0.000000 0.000000 -0.100179 0.014968 -0.387013
    9 0.000000 3.703728 0.293189 1.538984 -0.163673 1.523979
    10 3.307846 0.000000 0.000000 -0.031254 -0.023276 -0.148455
    11 3.297962 0.000000 0.000000 -0.033827 0.019036 -0.159532
    12 6.040985 0.000000 0.000000 -0.021467 0.057032 0.282228
    13 5.065758 0.000000 0.000000 2.795114 0.056963 -0.124006
    14 3.993755 0.000000 0.000000 -0.341940 0.011763 0.998348
    15 3.815876 1.385489 1.500000 -1.734583 -0.896399 0.125071
    16 4.327093 0.000004 0.000000 -3.129560 -0.056584 0.853106
    17 11.105114 0.000000 0.000000 0.000000 0.000000 -0.274427
    18 9.862099 -0.000011 -0.000031 0.728445 -0.422527 0.104717
    19 2.641094 0.214619 -1.073586 0.343640 0.190540 -0.806457
    20 1.361605 -0.000002 0.000000 -0.033852 -0.056532 -1.168171
    21 0.779602 0.000002 0.000000 -0.038792 -0.123973 0.252811
    22 2.908712 0.221762 -0.431868 0.315656 0.064476 -0.893331
    23 1.597527 0.000001 0.000000 -0.020331 -0.043837 -1.158634
    24 0.912680 0.000001 0.000000 0.002529 0.008221 0.233624
    25 3.265450 0.050007 0.415744 0.322996 0.091423 -1.049966
    26 1.860470 0.000000 0.000000 -0.051601 -0.064213 -1.194101
    27 1.061481 -0.000001 0.000000 0.004104 0.029474 0.404443
    28 3.340382 -0.242393 1.285012 0.318526 0.062572 -1.131184
    29 1.550753 0.000001 0.000000 0.061672 0.075949 -1.038656
    30 0.904888 0.000001 0.000000 0.001693 0.026264 0.279791
    31 1.219385 -1.063860 0.837143 1.700710 -0.490026 -0.201183
    32 1.496971 -0.000002 -0.000001 -0.211499 -0.093020 -0.524662
    33 1.100086 0.000000 0.000000 0.034391 -0.021604 -0.723527
    34 3.815876 1.385489 -1.500000 0.924533 1.032434 -0.918106
    35 4.327089 -0.000004 0.000000 2.956542 0.052897 0.772514
    36 11.105106 0.000000 0.000004 0.000000 0.000000 -0.669733
    37 9.862080 -0.000007 0.000017 -1.385114 -0.062563 0.375970
    38 2.641111 0.211586 1.074188 -0.340778 -0.190504 -0.713994
    39 1.361601 0.000000 0.000000 0.033791 0.056509 -0.943913
    40 0.779604 0.000001 0.000000 0.038833 0.124038 0.218150
    41 2.908730 0.220541 0.432493 -0.312825 -0.064540 -0.854119
    42 1.597527 0.000000 0.000000 0.020338 0.043857 -0.899809
    43 0.912678 0.000000 0.000000 -0.002548 -0.008289 0.256412
    44 3.265471 0.051184 -0.415600 -0.320176 -0.091421 -0.907618
    45 1.860470 0.000000 0.000000 0.051611 0.064235 -1.000517
    46 1.061485 0.000000 0.000000 -0.004037 -0.029426 0.237782
    47 3.340403 -0.238762 -1.285691 -0.315698 -0.062609 -0.887483
    48 1.550755 0.000000 0.000000 -0.061667 -0.075946 -1.019680
    49 0.904886 0.000001 0.000000 -0.001669 -0.026281 0.159649
    50 1.219410 -1.061498 -0.840143 -1.725617 0.534025 -0.029356
    51 1.496971 0.000002 0.000000 0.141600 0.113297 -0.458891
    52 1.100088 0.000000 0.000000 -0.031342 0.025865 -0.596322
    53 -22.031250 -5.218750 -1.698242 2.691486 0.562793 1.458002
    54 0.000000 0.000000 0.000000 -0.077030 -0.068757 -1.299215
    55 7.054213 0.000000 0.000000 0.000000 0.000000 0.000000
    56 0.000000 -0.000007 -0.000031 1.373047 0.113574 0.124314
    57 0.000000 -0.000007 -0.000031 1.373047 0.113574 0.124314
    58 2.856947 -1.536175 -0.973780 -1.501147 -0.272558 -1.578261
    59 0.000000 0.000000 10.000000 0.000000 0.000000 0.000000
    60 2.856899 -1.536201 -0.973800 -1.501147 -0.272558 -1.578261
    61 2.000000 -3.000000 0.000000 -1.570796 0.000000 -1.326450
    62 0.018896 0.665159 9.395880 0.000000 0.000000 0.000000
    63 3.028210 -0.923409 -2.009452 1.574082 -0.012974 1.587244
    64 0.116954 4.311606 0.061861 0.000010 0.000000 0.000000
    65 0.000000 -0.000002 0.000000 0.000000 0.000000 0.000000
    66 0.000000 1.000000 0.000010 0.000000 0.000000 0.000000
    67 -0.000001 0.000000 0.000000 0.000000 0.000000 0.000000
    68 -0.000001 0.000000 0.000000 0.000000 0.000000 0.000000
    69 -0.000001 0.000000 0.000000 0.000000 0.000000 0.000000
time 49
    0 -8.226563 -7.390625 27.078125 1.770206 0.029945 0.855725
    1 3.455587 0.000000 0.000000 -1.957111 -0.652953 -1.384376
    2 16.572346 0.000000 0.000000 0.000000 0.000000 1.030987
    3 16.265829 0.000000 0.000000 -0.565008 -0.093093 -0.859569
    4 5.046457 0.000000 0.000000 0.009903 -0.018747 -0.410888
    5 -3.455587 0.000000 0.000000 -1.602629 -0.321009 -1.775546
    6 16.572346 0.000000 0.000000 0.000000 0.000000 0.430987
    7 16.265831 0.000000 0.000000 0.273548 -0.169933 -0.789087
    8 5.046457 0.000000 0.000000 -0.100155 0.014969 -0.390712
    9 0.000000 3.703728 0.293189 1.540855 -0.157995 1.528101
    10 3.307846 0.000000 0.000000 -0.029605 -0.020604 -0.151540
    11 3.297962 0.000000 0.000000 -0.032294 0.020749 -0.157466
    12 6.040985 0.000000 0.000000 -0.019414 0.058125 0.287775
    13 5.065758 0.000000 0.000000 2.797341 0.056624 -0.128249
    14 3.993755 0.000000 0.000000 -0.339975 0.009877 1.003987
    15 3.815876 1.385489 1.500000 -1.734076 -0.905078 0.136211
    16 4.327093 0.000004 0.000000 -3.129709 -0.057199 0.859095
    17 11.105114 0.000000 0.000000 0.000000 0.000000 -0.274427
    18 9.862099 -0.000011 -0.000031 0.713937 -0.414820 0.104571
    19 2.641094 0.214619 -1.073586 0.343640 0.190540 -0.806457
    20 1.361605 -0.000002 0.000000 -0.033852 -0.056532 -1.168171
    21 0.779602 0.000002 0.000000 -0.038792 -0.123973 0.252811
    22 2.908712 0.221762 -0.431868 0.315656 0.064476 -0.893331
    23 1.597527 0.000001 0.000000 -0.020331 -0.043837 -1.158634
    24 0.912680 0.000001 0.000000 0.002529 0.008221 0.233624
    25 3.265450 0.050007 0.415744 0.322996 0.091423 -1.049966
    26 1.860470 0.000000 0.000000 -0.051601 -0.064213 -1.194101
    27 1.061481 -0.000001 0.000000 0.004104 0.029474 0.404443
    28 3.340382 -0.242393 1.285012 0.318526 0.062572 -1.131184
    29 1.550753 0.000001 0.000000 0.061672 0.075949 -1.038656
    30 0.904888 0.000001 0.000000 0.001693 0.026264 0.279791
    31 1.219385 -1.063860 0.837143 1.700710 -0.490026 -0.201183
    32 1.496971 -0.000002 -0.000001 -0.211499 -0.093020 -0.524662
    33 1.100086 0.000000 0.000000 0.034391 -0.021604 -0.723527
    34 3.815876 1.385489 -1.500000 0.940529 1.036576 -0.894040
    35 4.327089 -0.000004 0.000000 2.947517 0.041146 0.775157
    36 11.105106 0.000000 0.000004 0.000000 0.000000 -0.677141
    37 9.862080 -0.000007 0.000017 -1.393281 -0.067892 0.381640
    38 2.641111 0.211586 1.074188 -0.340778 -0.190504 -0.713994
    39 1.361601 0.000000 0.000000 0.033791 0.056509 -0.943913
    40 0.779604 0.000001 0.000000 0.038833 0.124038 0.218150
    41 2.908730 0.220541 0.432493 -0.312825 -0.064540 -0.854119
    42 1.597527 0.000000 0.000000 0.020338 0.043857 -0.899809
    43 0.912678 0.000000 0.000000 -0.002548 -0.008289 0.256412
    44 3.265471 0.051184 -0.415600 -0.320176 -0.091421 -0.907618
    45 1.860470 0.000000 0.000000 0.051611 0.064235 -1.000517
    46 1.061485 0.000000 0.000000 -0.004037 -0.029426 0.237782
    47 3.340403 -0.238762 -1.285691 -0.315698 -0.062609 -0.887483
    48 1.550755 0.000000 0.000000 -0.061667 -0.075946 -1.019680
    49 0.904886 0.000001 0.000000 -0.001669 -0.026281 0.159649
    50 1.219410 -1.061498 -0.840143 -1.725617 0.534025 -0.029356
    51 1.496971 0.000002 0.000000 0.141600 0.113297 -0.458891
    52 1.100088 0.000000 0.000000 -0.031342 0.025865 -0.596322
    53 -22.656250 -6.207031 0.823242 2.676986 0.572792 1.452568
    54 0.000000 0.000000 0.000000 -0.077030 -0.068757 -1.299215
    55 7.054213 0.000000 0.000000 0.000000 0.000000 0.000000
    56 0.000000 -0.000007 -0.000031 1.373047 0.113574 0.124314
    57 0.000000 -0.000007 -0.000031 1.373047 0.113574 0.124314
    58 2.856947 -1.536175 -0.973780 -1.501147 -0.272558 -1.578261
    59 0.000000 0.000000 10.000000 0.000000 0.000000 0.000000
    60 2.856899 -1.536201 -0.973800 -1.501147 -0.272558 -1.578261
    61 2.000000 -3.000000 0.000000 -1.570796 0.000000 -1.326450
    62 0.018896 0.665159 9.395880 0.000000 0.000000 0.000000
    63 3.028210 -0.923409 -2.009452 1.574082 -0.012974 1.587244
    64 0.116954 4.311606 0.061861 0.000010 0.000000 0.000000
    65 0.000000 -0.000002 0.000000 0.000000 0.000000 0.000000
    66 0.000000 1.000000 0.000010 0.000000 0.000000 0.000000
    67 -0.000001 0.000000 0.000000 0.000000 0.000000 0.000000
    68 -0.000001 0.000000 0.000000 0.000000 0.000000 0.000000
    69 -0.000001 0.000000 0.000000 0.000000 0.000000 0.000000
time 50
    0 -8.070313 -7.320313 27.125000 1.765851 0.033807 0.851981
    1 3.455587 0.000000 0.000000 -1.965910 -0.704512 -1.363525
    2 16.572346 0.000000 0.000000 0.000000 0.000000 1.054382
    3 16.265829 0.000000 0.000000 -0.564669 -0.015708 -0.908138
    4 5.046457 0.000000 0.000000 0.009849 -0.018723 -0.423153
    5 -3.455587 0.000000 0.000000 -1.591537 -0.300178 -1.794791
    6 16.572346 0.000000 0.000000 0.000000 0.000000 0.477326
    7 16.265831 0.000000 0.000000 0.313033 -0.131330 -0.787303
    8 5.046457 0.000000 0.000000 -0.100204 0.015032 -0.392831
    9 0.000000 3.703728 0.293189 1.542741 -0.154961 1.533678
    10 3.307846 0.000000 0.000000 -0.027602 -0.017183 -0.153075
    11 3.297962 0.000000 0.000000 -0.030502 0.022286 -0.156777
    12 6.040985 0.000000 0.000000 -0.017216 0.058443 0.289842
    13 5.065758 0.000000 0.000000 2.800340 0.055834 -0.135983
    14 3.993755 0.000000 0.000000 -0.336795 0.007578 1.012394
    15 3.815876 1.385489 1.500000 -1.722433 -0.916309 0.136423
    16 4.327093 0.000004 0.000000 -3.137401 -0.058662 0.862169
    17 11.105114 0.000000 0.000000 0.000000 0.000000 -0.281924
    18 9.862099 -0.000011 -0.000031 0.705140 -0.404463 0.103736
    19 2.641094 0.214619 -1.073586 0.343640 0.190540 -0.806457
    20 1.361605 -0.000002 0.000000 -0.033852 -0.056532 -1.168171
    21 0.779602 0.000002 0.000000 -0.038792 -0.123973 0.252811
    22 2.908712 0.221762 -0.431868 0.315656 0.064476 -0.893331
    23 1.597527 0.000001 0.000000 -0.020331 -0.043837 -1.158634
    24 0.912680 0.000001 0.000000 0.002529 0.008221 0.233624
    25 3.265450 0.050007 0.415744 0.322996 0.091423 -1.049966
    26 1.860470 0.000000 0.000000 -0.051601 -0.064213 -1.194101
    27 1.061481 -0.000001 0.000000 0.004104 0.029474 0.404443
    28 3.340382 -0.242393 1.285012 0.318526 0.062572 -1.131184
    29 1.550753 0.000001 0.000000 0.061672 0.075949 -1.038656
    30 0.904888 0.000001 0.000000 0.001693 0.026264 0.279791
    31 1.219385 -1.063860 0.837143 1.700710 -0.490026 -0.201183
    32 1.496971 -0.000002 -0.000001 -0.211499 -0.093020 -0.524662
    33 1.100086 0.000000 0.000000 0.034391 -0.021604 -0.723527
    34 3.815876 1.385489 -1.500000 0.950800 1.036650 -0.877925
    35 4.327089 -0.000004 0.000000 2.946529 0.037420 0.776824
    36 11.105106 0.000000 0.000004 0.000000 0.000000 -0.684101
    37 9.862080 -0.000007 0.000017 -1.399537 -0.072430 0.387950
    38 2.641111 0.211586 1.074188 -0.340778 -0.190504 -0.713994
    39 1.361601 0.000000 0.000000 0.033791 0.056509 -0.943913
    40 0.779604 0.000001 0.000000 0.038833 0.124038 0.218150
    41 2.908730 0.220541 0.432493 -0.312825 -0.064540 -0.854119
    42 1.597527 0.000000 0.000000 0.020338 0.043857 -0.899809
    43 0.912678 0.000000 0.000000 -0.002548 -0.008289 0.256412
    44 3.265471 0.051184 -0.415600 -0.320176 -0.091421 -0.907618
    45 1.860470 0.000000 0.000000 0.051611 0.064235 -1.000517
    46 1.061485 0.000000 0.000000 -0.004037 -0.029426 0.237782
    47 3.340403 -0.238762 -1.285691 -0.315698 -0.062609 -0.887483
    48 1.550755 0.000000 0.000000 -0.061667 -0.075946 -1.019680
    49 0.904886 0.000001 0.000000 -0.001669 -0.026281 0.159649
    50 1.219410 -1.061498 -0.840143 -1.725617 0.534025 -0.029356
    51 1.496971 0.000002 0.000000 0.141600 0.113297 -0.458891
    52 1.100088 0.000000 0.000000 -0.031342 0.025865 -0.596322
    53 -21.750000 -8.523438 2.189453 2.668657 0.576574 1.455504
    54 0.000000 0.000000 0.000000 -0.077030 -0.068757 -1.299215
    55 7.054213 0.000000 0.000000 0.000000 0.000000 0.000000
    56 0.000000 -0.000007 -0.000031 1.373047 0.113574 0.124314
    57 0.000000 -0.000007 -0.000031 1.373047 0.113574 0.124314
    58 2.856947 -1.536175 -0.973780 -1.501147 -0.272558 -1.578261
    59 0.000000 0.000000 10.000000 0.000000 0.000000 0.000000
    60 2.856899 -1.536201 -0.973800 -1.501147 -0.272558 -1.578261
    61 2.000000 -3.000000 0.000000 -1.570796 0.000000 -1.326450
    62 0.018896 0.665159 9.395880 0.000000 0.000000 0.000000
    63 3.028210 -0.923409 -2.009452 1.574082 -0.012974 1.587244
    64 0.116954 4.311606 0.061861 0.000010 0.000000 0.000000
    65 0.000000 -0.000002 0.000000 0.000000 0.000000 0.000000
    66 0.000000 1.000000 0.000010 0.000000 0.000000 0.000000
    67 -0.000001 0.000000 0.000000 0.000000 0.000000 0.000000
    68 -0.000001 0.000000 0.000000 0.000000 0.000000 0.000000
    69 -0.000001 0.000000 0.000000 0.000000 0.000000 0.000000
time 51
    0 -7.882813 -7.265625 27.187500 1.761307 0.040066 0.838774
    1 3.455587 0.000000 0.000000 -1.971600 -0.747295 -1.341788
    2 16.572346 0.000000 0.000000 0.000000 0.000000 1.065187
    3 16.265829 0.000000 0.000000 -0.555363 0.035498 -0.951924
    4 5.046457 0.000000 0.000000 0.009854 -0.018788 -0.430662
    5 -3.455587 0.000000 0.000000 -1.577533 -0.281024 -1.813558
    6 16.572346 0.000000 0.000000 0.000000 0.000000 0.523213
    7 16.265831 0.000000 0.000000 0.330984 -0.094172 -0.790769
    8 5.046457 0.000000 0.000000 -0.100226 0.014975 -0.379443
    9 0.000000 3.703728 0.293189 1.544409 -0.154813 1.539723
    10 3.307846 0.000000 0.000000 -0.025984 -0.013424 -0.153221
    11 3.297962 0.000000 0.000000 -0.029017 0.023272 -0.156514
    12 6.040985 0.000000 0.000000 -0.015751 0.057542 0.290759
    13 5.065758 0.000000 0.000000 2.809817 0.058644 -0.148108
    14 3.993755 0.000000 0.000000 -0.329420 0.001346 1.024189
    15 3.815876 1.385489 1.500000 -1.718798 -0.928969 0.137005
    16 4.327093 0.000004 0.000000 -3.130860 -0.057461 0.865782
    17 11.105114 0.000000 0.000000 0.000000 0.000000 -0.294136
    18 9.862099 -0.000011 -0.000031 0.703683 -0.392103 0.102964
    19 2.641094 0.214619 -1.073586 0.343640 0.190540 -0.806457
    20 1.361605 -0.000002 0.000000 -0.033852 -0.056532 -1.168171
    21 0.779602 0.000002 0.000000 -0.038792 -0.123973 0.252811
    22 2.908712 0.221762 -0.431868 0.315656 0.064476 -0.893331
    23 1.597527 0.000001 0.000000 -0.020331 -0.043837 -1.158634
    24 0.912680 0.000001 0.000000 0.002529 0.008221 0.233624
    25 3.265450 0.050007 0.415744 0.322996 0.091423 -1.049966
    26 1.860470 0.000000 0.000000 -0.051601 -0.064213 -1.194101
    27 1.061481 -0.000001 0.000000 0.004104 0.029474 0.404443
    28 3.340382 -0.242393 1.285012 0.318526 0.062572 -1.131184
    29 1.550753 0.000001 0.000000 0.061672 0.075949 -1.038656
    30 0.904888 0.000001 0.000000 0.001693 0.026264 0.279791
    31 1.219385 -1.063860 0.837143 1.700710 -0.490026 -0.201183
    32 1.496971 -0.000002 -0.000001 -0.211499 -0.093020 -0.524662
    33 1.100086 0.000000 0.000000 0.034391 -0.021604 -0.723527
    34 3.815876 1.385489 -1.500000 0.952406 1.044086 -0.873598
    35 4.327089 -0.000004 0.000000 2.957215 0.036827 0.783882
    36 11.105106 0.000000 0.000004 0.000000 0.000000 -0.688593
    37 9.862080 -0.000007 0.000017 -1.406257 -0.076688 0.392576
    38 2.641111 0.211586 1.074188 -0.340778 -0.190504 -0.713994
    39 1.361601 0.000000 0.000000 0.033791 0.056509 -0.943913
    40 0.779604 0.000001 0.000000 0.038833 0.124038 0.218150
    41 2.908730 0.220541 0.432493 -0.312825 -0.064540 -0.854119
    42 1.597527 0.000000 0.000000 0.020338 0.043857 -0.899809
    43 0.912678 0.000000 0.000000 -0.002548 -0.008289 0.256412
    44 3.265471 0.051184 -0.415600 -0.320176 -0.091421 -0.907618
    45 1.860470 0.000000 0.000000 0.051611 0.064235 -1.000517
    46 1.061485 0.000000 0.000000 -0.004037 -0.029426 0.237782
    47 3.340403 -0.238762 -1.285691 -0.315698 -0.062609 -0.887483
    48 1.550755 0.000000 0.000000 -0.061667 -0.075946 -1.019680
    49 0.904886 0.000001 0.000000 -0.001669 -0.026281 0.159649
    50 1.219410 -1.061498 -0.840143 -1.725617 0.534025 -0.029356
    51 1.496971 0.000002 0.000000 0.141600 0.113297 -0.458891
    52 1.100088 0.000000 0.000000 -0.031342 0.025865 -0.596322
    53 -19.984375 -11.148438 2.753906 2.667570 0.580322 1.466186
    54 0.000000 0.000000 0.000000 -0.077030 -0.068757 -1.299215
    55 7.054213 0.000000 0.000000 0.000000 0.000000 0.000000
    56 0.000000 -0.000007 -0.000031 1.373047 0.113574 0.124314
    57 0.000000 -0.000007 -0.000031 1.373047 0.113574 0.124314
    58 2.856947 -1.536175 -0.973780 -1.501147 -0.272558 -1.578261
    59 0.000000 0.000000 10.000000 0.000000 0.000000 0.000000
    60 2.856899 -1.536201 -0.973800 -1.501147 -0.272558 -1.578261
    61 2.000000 -3.000000 0.000000 -1.570796 0.000000 -1.326450
    62 0.018896 0.665159 9.395880 0.000000 0.000000 0.000000
    63 3.028210 -0.923409 -2.009452 1.574082 -0.012974 1.587244
    64 0.116954 4.311606 0.061861 0.000010 0.000000 0.000000
    65 0.000000 -0.000002 0.000000 0.000000 0.000000 0.000000
    66 0.000000 1.000000 0.000010 0.000000 0.000000 0.000000
    67 -0.000001 0.000000 0.000000 0.000000 0.000000 0.000000
    68 -0.000001 0.000000 0.000000 0.000000 0.000000 0.000000
    69 -0.000001 0.000000 0.000000 0.000000 0.000000 0.000000
time 52
    0 -7.664063 -7.234375 27.218750 1.755168 0.046289 0.813571
    1 3.455587 0.000000 0.000000 -1.973357 -0.776859 -1.320683
    2 16.572346 0.000000 0.000000 0.000000 0.000000 1.066390
    3 16.265829 0.000000 0.000000 -0.557870 0.057446 -0.986689
    4 5.046457 0.000000 0.000000 0.009875 -0.018752 -0.441892
    5 -3.455587 0.000000 0.000000 -1.562588 -0.262810 -1.835748
    6 16.572346 0.000000 0.000000 0.000000 0.000000 0.563629
    7 16.265831 0.000000 0.000000 0.333618 -0.070157 -0.798095
    8 5.046457 0.000000 0.000000 -0.100184 0.015015 -0.366163
    9 0.000000 3.703728 0.293189 1.546375 -0.158750 1.543391
    10 3.307846 0.000000 0.000000 -0.024087 -0.011177 -0.151353
    11 3.297962 0.000000 0.000000 -0.027348 0.023910 -0.157455
    12 6.040985 0.000000 0.000000 -0.014175 0.056764 0.288710
    13 5.065758 0.000000 0.000000 2.823275 0.062898 -0.157625
    14 3.993755 0.000000 0.000000 -0.318984 -0.007838 1.034263
    15 3.815876 1.385489 1.500000 -1.738344 -0.942601 0.147361
    16 4.327093 0.000004 0.000000 -3.105290 -0.057673 0.871661
    17 11.105114 0.000000 0.000000 0.000000 0.000000 -0.305485
    18 9.862099 -0.000011 -0.000031 0.707842 -0.374563 0.104679
    19 2.641094 0.214619 -1.073586 0.343640 0.190540 -0.806457
    20 1.361605 -0.000002 0.000000 -0.033852 -0.056532 -1.168171
    21 0.779602 0.000002 0.000000 -0.038792 -0.123973 0.252811
    22 2.908712 0.221762 -0.431868 0.315656 0.064476 -0.893331
    23 1.597527 0.000001 0.000000 -0.020331 -0.043837 -1.158634
    24 0.912680 0.000001 0.000000 0.002529 0.008221 0.233624
    25 3.265450 0.050007 0.415744 0.322996 0.091423 -1.049966
    26 1.860470 0.000000 0.000000 -0.051601 -0.064213 -1.194101
    27 1.061481 -0.000001 0.000000 0.004104 0.029474 0.404443
    28 3.340382 -0.242393 1.285012 0.318526 0.062572 -1.131184
    29 1.550753 0.000001 0.000000 0.061672 0.075949 -1.038656
    30 0.904888 0.000001 0.000000 0.001693 0.026264 0.279791
    31 1.219385 -1.063860 0.837143 1.700710 -0.490026 -0.201183
    32 1.496971 -0.000002 -0.000001 -0.211499 -0.093020 -0.524662
    33 1.100086 0.000000 0.000000 0.034391 -0.021604 -0.723527
    34 3.815876 1.385489 -1.500000 0.950746 1.052299 -0.872625
    35 4.327089 -0.000004 0.000000 2.969789 0.039981 0.789130
    36 11.105106 0.000000 0.000004 0.000000 0.000000 -0.689785
    37 9.862080 -0.000007 0.000017 -1.406728 -0.076742 0.391457
    38 2.641111 0.211586 1.074188 -0.340778 -0.190504 -0.713994
    39 1.361601 0.000000 0.000000 0.033791 0.056509 -0.943913
    40 0.779604 0.000001 0.000000 0.038833 0.124038 0.218150
    41 2.908730 0.220541 0.432493 -0.312825 -0.064540 -0.854119
    42 1.597527 0.000000 0.000000 0.020338 0.043857 -0.899809
    43 0.912678 0.000000 0.000000 -0.002548 -0.008289 0.256412
    44 3.265471 0.051184 -0.415600 -0.320176 -0.091421 -0.907618
    45 1.860470 0.000000 0.000000 0.051611 0.064235 -1.000517
    46 1.061485 0.000000 0.000000 -0.004037 -0.029426 0.237782
    47 3.340403 -0.238762 -1.285691 -0.315698 -0.062609 -0.887483
    48 1.550755 0.000000 0.000000 -0.061667 -0.075946 -1.019680
    49 0.904886 0.000001 0.000000 -0.001669 -0.026281 0.159649
    50 1.219410 -1.061498 -0.840143 -1.725617 0.534025 -0.029356
    51 1.496971 0.000002 0.000000 0.141600 0.113297 -0.458891
    52 1.100088 0.000000 0.000000 -0.031342 0.025865 -0.596322
    53 -17.828125 -13.562500 2.843750 2.675753 0.580075 1.482843
    54 0.000000 0.000000 0.000000 -0.077030 -0.068757 -1.299215
    55 7.054213 0.000000 0.000000 0.000000 0.000000 0.000000
    56 0.000000 -0.000007 -0.000031 1.373047 0.113574 0.124314
    57 0.000000 -0.000007 -0.000031 1.373047 0.113574 0.124314
    58 2.856947 -1.536175 -0.973780 -1.501147 -0.272558 -1.578261
    59 0.000000 0.000000 10.000000 0.000000 0.000000 0.000000
    60 2.856899 -1.536201 -0.973800 -1.501147 -0.272558 -1.578261
    61 2.000000 -3.000000 0.000000 -1.570796 0.000000 -1.326450
    62 0.018896 0.665159 9.395880 0.000000 0.000000 0.000000
    63 3.028210 -0.923409 -2.009452 1.574082 -0.012974 1.587244
    64 0.116954 4.311606 0.061861 0.000010 0.000000 0.000000
    65 0.000000 -0.000002 0.000000 0.000000 0.000000 0.000000
    66 0.000000 1.000000 0.000010 0.000000 0.000000 0.000000
    67 -0.000001 0.000000 0.000000 0.000000 0.000000 0.000000
    68 -0.000001 0.000000 0.000000 0.000000 0.000000 0.000000
    69 -0.000001 0.000000 0.000000 0.000000 0.000000 0.000000
time 53
    0 -7.371094 -7.253906 27.234375 1.746970 0.051741 0.774462
    1 3.455587 0.000000 0.000000 -1.968025 -0.788966 -1.301739
    2 16.572346 0.000000 0.000000 0.000000 0.000000 1.058680
    3 16.265829 0.000000 0.000000 -0.550315 0.045079 -0.994677
    4 5.046457 0.000000 0.000000 0.009873 -0.018778 -0.432695
    5 -3.455587 0.000000 0.000000 -1.549955 -0.245748 -1.861961
    6 16.572346 0.000000 0.000000 0.000000 0.000000 0.596512
    7 16.265831 0.000000 0.000000 0.334892 -0.060815 -0.810581
    8 5.046457 0.000000 0.000000 -0.100211 0.015044 -0.372671
    9 0.000000 3.703728 0.293189 1.549672 -0.163634 1.544125
    10 3.307846 0.000000 0.000000 -0.020880 -0.010214 -0.148867
    11 3.297962 0.000000 0.000000 -0.024351 0.025260 -0.158560
    12 6.040985 0.000000 0.000000 -0.010975 0.057059 0.286092
    13 5.065758 0.000000 0.000000 2.831319 0.061570 -0.158726
    14 3.993755 0.000000 0.000000 -0.311275 -0.015222 1.040953
    15 3.815876 1.385489 1.500000 -1.761195 -0.953454 0.156254
    16 4.327093 0.000004 0.000000 -3.095791 -0.061236 0.871446
    17 11.105114 0.000000 0.000000 0.000000 0.000000 -0.322091
    18 9.862099 -0.000011 -0.000031 0.726857 -0.359475 0.109025
    19 2.641094 0.214619 -1.073586 0.343640 0.190540 -0.806457
    20 1.361605 -0.000002 0.000000 -0.033852 -0.056532 -1.168171
    21 0.779602 0.000002 0.000000 -0.038792 -0.123973 0.252811
    22 2.908712 0.221762 -0.431868 0.315656 0.064476 -0.893331
    23 1.597527 0.000001 0.000000 -0.020331 -0.043837 -1.158634
    24 0.912680 0.000001 0.000000 0.002529 0.008221 0.233624
    25 3.265450 0.050007 0.415744 0.322996 0.091423 -1.049966
    26 1.860470 0.000000 0.000000 -0.051601 -0.064213 -1.194101
    27 1.061481 -0.000001 0.000000 0.004104 0.029474 0.404443
    28 3.340382 -0.242393 1.285012 0.318526 0.062572 -1.131184
    29 1.550753 0.000001 0.000000 0.061672 0.075949 -1.038656
    30 0.904888 0.000001 0.000000 0.001693 0.026264 0.279791
    31 1.219385 -1.063860 0.837143 1.700710 -0.490026 -0.201183
    32 1.496971 -0.000002 -0.000001 -0.211499 -0.093020 -0.524662
    33 1.100086 0.000000 0.000000 0.034391 -0.021604 -0.723527
    34 3.815876 1.385489 -1.500000 0.945894 1.057391 -0.875436
    35 4.327089 -0.000004 0.000000 2.977953 0.043714 0.793431
    36 11.105106 0.000000 0.000004 0.000000 0.000000 -0.687859
    37 9.862080 -0.000007 0.000017 -1.398364 -0.077921 0.386743
    38 2.641111 0.211586 1.074188 -0.340778 -0.190504 -0.713994
    39 1.361601 0.000000 0.000000 0.033791 0.056509 -0.943913
    40 0.779604 0.000001 0.000000 0.038833 0.124038 0.218150
    41 2.908730 0.220541 0.432493 -0.312825 -0.064540 -0.854119
    42 1.597527 0.000000 0.000000 0.020338 0.043857 -0.899809
    43 0.912678 0.000000 0.000000 -0.002548 -0.008289 0.256412
    44 3.265471 0.051184 -0.415600 -0.320176 -0.091421 -0.907618
    45 1.860470 0.000000 0.000000 0.051611 0.064235 -1.000517
    46 1.061485 0.000000 0.000000 -0.004037 -0.029426 0.237782
    47 3.340403 -0.238762 -1.285691 -0.315698 -0.062609 -0.887483
    48 1.550755 0.000000 0.000000 -0.061667 -0.075946 -1.019680
    49 0.904886 0.000001 0.000000 -0.001669 -0.026281 0.159649
    50 1.219410 -1.061498 -0.840143 -1.725617 0.534025 -0.029356
    51 1.496971 0.000002 0.000000 0.141600 0.113297 -0.458891
    52 1.100088 0.000000 0.000000 -0.031342 0.025865 -0.596322
    53 -15.515625 -15.554688 2.037109 2.695767 0.555988 1.509895
    54 0.000000 0.000000 0.000000 -0.077030 -0.068757 -1.299215
    55 7.054213 0.000000 0.000000 0.000000 0.000000 0.000000
    56 0.000000 -0.000007 -0.000031 1.373047 0.113574 0.124314
    57 0.000000 -0.000007 -0.000031 1.373047 0.113574 0.124314
    58 2.856947 -1.536175 -0.973780 -1.501147 -0.272558 -1.578261
    59 0.000000 0.000000 10.000000 0.000000 0.000000 0.000000
    60 2.856899 -1.536201 -0.973800 -1.501147 -0.272558 -1.578261
    61 2.000000 -3.000000 0.000000 -1.570796 0.000000 -1.326450
    62 0.018896 0.665159 9.395880 0.000000 0.000000 0.000000
    63 3.028210 -0.923409 -2.009452 1.574082 -0.012974 1.587244
    64 0.116954 4.311606 0.061861 0.000010 0.000000 0.000000
    65 0.000000 -0.000002 0.000000 0.000000 0.000000 0.000000
    66 0.000000 1.000000 0.000010 0.000000 0.000000 0.000000
    67 -0.000001 0.000000 0.000000 0.000000 0.000000 0.000000
    68 -0.000001 0.000000 0.000000 0.000000 0.000000 0.000000
    69 -0.000001 0.000000 0.000000 0.000000 0.000000 0.000000
time 54
    0 -7.054688 -7.343750 27.250000 1.742958 0.064797 0.719147
    1 3.455587 0.000000 0.000000 -1.976115 -0.783588 -1.265523
    2 16.572346 0.000000 0.000000 0.000000 0.000000 1.038536
    3 16.265829 0.000000 0.000000 -0.536596 0.026063 -0.973942
    4 5.046457 0.000000 0.000000 0.009866 -0.018714 -0.424919
    5 -3.455587 0.000000 0.000000 -1.533431 -0.240829 -1.882532
    6 16.572346 0.000000 0.000000 0.000000 0.000000 0.620671
    7 16.265831 0.000000 0.000000 0.327773 -0.057880 -0.817704
    8 5.046457 0.000000 0.000000 -0.100164 0.015032 -0.380325
    9 0.000000 3.703728 0.293189 1.554709 -0.164416 1.543907
    10 3.307846 0.000000 0.000000 -0.015871 -0.008888 -0.148899
    11 3.297962 0.000000 0.000000 -0.020086 0.030177 -0.159856
    12 6.040985 0.000000 0.000000 -0.005291 0.062336 0.284515
    13 5.065758 0.000000 0.000000 2.840861 0.059356 -0.161304
    14 3.993755 0.000000 0.000000 -0.301946 -0.020039 1.047961
    15 3.815876 1.385489 1.500000 -1.783911 -0.967430 0.167108
    16 4.327093 0.000004 0.000000 -3.089331 -0.059648 0.866006
    17 11.105114 0.000000 0.000000 0.000000 0.000000 -0.348095
    18 9.862099 -0.000011 -0.000031 0.752684 -0.345135 0.115614
    19 2.641094 0.214619 -1.073586 0.343640 0.190540 -0.806457
    20 1.361605 -0.000002 0.000000 -0.033852 -0.056532 -1.168171
    21 0.779602 0.000002 0.000000 -0.038792 -0.123973 0.252811
    22 2.908712 0.221762 -0.431868 0.315656 0.064476 -0.893331
    23 1.597527 0.000001 0.000000 -0.020331 -0.043837 -1.158634
    24 0.912680 0.000001 0.000000 0.002529 0.008221 0.233624
    25 3.265450 0.050007 0.415744 0.322996 0.091423 -1.049966
    26 1.860470 0.000000 0.000000 -0.051601 -0.064213 -1.194101
    27 1.061481 -0.000001 0.000000 0.004104 0.029474 0.404443
    28 3.340382 -0.242393 1.285012 0.318526 0.062572 -1.131184
    29 1.550753 0.000001 0.000000 0.061672 0.075949 -1.038656
    30 0.904888 0.000001 0.000000 0.001693 0.026264 0.279791
    31 1.219385 -1.063860 0.837143 1.700710 -0.490026 -0.201183
    32 1.496971 -0.000002 -0.000001 -0.211499 -0.093020 -0.524662
    33 1.100086 0.000000 0.000000 0.034391 -0.021604 -0.723527
    34 3.815876 1.385489 -1.500000 0.945511 1.061662 -0.872533
    35 4.327089 -0.000004 0.000000 2.988086 0.048048 0.798382
    36 11.105106 0.000000 0.000004 0.000000 0.000000 -0.682910
    37 9.862080 -0.000007 0.000017 -1.385771 -0.077840 0.380851
    38 2.641111 0.211586 1.074188 -0.340778 -0.190504 -0.713994
    39 1.361601 0.000000 0.000000 0.033791 0.056509 -0.943913
    40 0.779604 0.000001 0.000000 0.038833 0.124038 0.218150
    41 2.908730 0.220541 0.432493 -0.312825 -0.064540 -0.854119
    42 1.597527 0.000000 0.000000 0.020338 0.043857 -0.899809
    43 0.912678 0.000000 0.000000 -0.002548 -0.008289 0.256412
    44 3.265471 0.051184 -0.415600 -0.320176 -0.091421 -0.907618
    45 1.860470 0.000000 0.000000 0.051611 0.064235 -1.000517
    46 1.061485 0.000000 0.000000 -0.004037 -0.029426 0.237782
    47 3.340403 -0.238762 -1.285691 -0.315698 -0.062609 -0.887483
    48 1.550755 0.000000 0.000000 -0.061667 -0.075946 -1.019680
    49 0.904886 0.000001 0.000000 -0.001669 -0.026281 0.159649
    50 1.219410 -1.061498 -0.840143 -1.725617 0.534025 -0.029356
    51 1.496971 0.000002 0.000000 0.141600 0.113297 -0.458891
    52 1.100088 0.000000 0.000000 -0.031342 0.025865 -0.596322
    53 -13.640625 -16.406250 0.563965 2.723050 0.521825 1.546153
    54 0.000000 0.000000 0.000000 -0.077030 -0.068757 -1.299215
    55 7.054213 0.000000 0.000000 0.000000 0.000000 0.000000
    56 0.000000 -0.000007 -0.000031 1.373047 0.113574 0.124314
    57 0.000000 -0.000007 -0.000031 1.373047 0.113574 0.124314
    58 2.856947 -1.536175 -0.973780 -1.501147 -0.272558 -1.578261
    59 0.000000 0.000000 10.000000 0.000000 0.000000 0.000000
    60 2.856899 -1.536201 -0.973800 -1.501147 -0.272558 -1.578261
    61 2.000000 -3.000000 0.000000 -1.570796 0.000000 -1.326450
    62 0.018896 0.665159 9.395880 0.000000 0.000000 0.000000
    63 3.028210 -0.923409 -2.009452 1.574082 -0.012974 1.587244
    64 0.116954 4.311606 0.061861 0.000010 0.000000 0.000000
    65 0.000000 -0.000002 0.000000 0.000000 0.000000 0.000000
    66 0.000000 1.000000 0.000010 0.000000 0.000000 0.000000
    67 -0.000001 0.000000 0.000000 0.000000 0.000000 0.000000
    68 -0.000001 0.000000 0.000000 0.000000 0.000000 0.000000
    69 -0.000001 0.000000 0.000000 0.000000 0.000000 0.000000
time 55
    0 -6.503906 -7.511719 27.203125 1.721434 0.065990 0.653156
    1 3.455587 0.000000 0.000000 -1.955756 -0.738404 -1.260134
    2 16.572346 0.000000 0.000000 0.000000 0.000000 0.998984
    3 16.265829 0.000000 0.000000 -0.523693 0.025752 -0.928595
    4 5.046457 0.000000 0.000000 0.009871 -0.018754 -0.441450
    5 -3.455587 0.000000 0.000000 -1.516780 -0.219893 -1.921003
    6 16.572346 0.000000 0.000000 0.000000 0.000000 0.643923
    7 16.265831 0.000000 0.000000 0.337166 -0.050161 -0.844490
    8 5.046457 0.000000 0.000000 -0.100220 0.015015 -0.378652
    9 0.000000 3.703728 0.293189 1.559785 -0.168919 1.540431
    10 3.307846 0.000000 0.000000 -0.010931 -0.010320 -0.145882
    11 3.297962 0.000000 0.000000 -0.015156 0.031709 -0.158060
    12 6.040985 0.000000 0.000000 0.000108 0.063054 0.286431
    13 5.065758 0.000000 0.000000 2.848709 0.059112 -0.164705
    14 3.993755 0.000000 0.000000 -0.294939 -0.021975 1.051410
    15 3.815876 1.385489 1.500000 -1.804540 -0.976071 0.182284
    16 4.327093 0.000004 0.000000 -3.080866 -0.050248 0.854714
    17 11.105114 0.000000 0.000000 0.000000 0.000000 -0.374069
    18 9.862099 -0.000011 -0.000031 0.780442 -0.327522 0.120780
    19 2.641094 0.214619 -1.073586 0.343640 0.190540 -0.806457
    20 1.361605 -0.000002 0.000000 -0.033852 -0.056532 -1.168171
    21 0.779602 0.000002 0.000000 -0.038792 -0.123973 0.252811
    22 2.908712 0.221762 -0.431868 0.315656 0.064476 -0.893331
    23 1.597527 0.000001 0.000000 -0.020331 -0.043837 -1.158634
    24 0.912680 0.000001 0.000000 0.002529 0.008221 0.233624
    25 3.265450 0.050007 0.415744 0.322996 0.091423 -1.049966
    26 1.860470 0.000000 0.000000 -0.051601 -0.064213 -1.194101
    27 1.061481 -0.000001 0.000000 0.004104 0.029474 0.404443
    28 3.340382 -0.242393 1.285012 0.318526 0.062572 -1.131184
    29 1.550753 0.000001 0.000000 0.061672 0.075949 -1.038656
    30 0.904888 0.000001 0.000000 0.001693 0.026264 0.279791
    31 1.219385 -1.063860 0.837143 1.700710 -0.490026 -0.201183
    32 1.496971 -0.000002 -0.000001 -0.211499 -0.093020 -0.524662
    33 1.100086 0.000000 0.000000 0.034391 -0.021604 -0.723527
    34 3.815876 1.385489 -1.500000 0.941286 1.063636 -0.872413
    35 4.327089 -0.000004 0.000000 3.008215 0.062125 0.802746
    36 11.105106 0.000000 0.000004 0.000000 0.000000 -0.673573
    37 9.862080 -0.000007 0.000017 -1.373896 -0.077712 0.367677
    38 2.641111 0.211586 1.074188 -0.340778 -0.190504 -0.713994
    39 1.361601 0.000000 0.000000 0.033791 0.056509 -0.943913
    40 0.779604 0.000001 0.000000 0.038833 0.124038 0.218150
    41 2.908730 0.220541 0.432493 -0.312825 -0.064540 -0.854119
    42 1.597527 0.000000 0.000000 0.020338 0.043857 -0.899809
    43 0.912678 0.000000 0.000000 -0.002548 -0.008289 0.256412
    44 3.265471 0.051184 -0.415600 -0.320176 -0.091421 -0.907618
    45 1.860470 0.000000 0.000000 0.051611 0.064235 -1.000517
    46 1.061485 0.000000 0.000000 -0.004037 -0.029426 0.237782
    47 3.340403 -0.238762 -1.285691 -0.315698 -0.062609 -0.887483
    48 1.550755 0.000000 0.000000 -0.061667 -0.075946 -1.019680
    49 0.904886 0.000001 0.000000 -0.001669 -0.026281 0.159649
    50 1.219410 -1.061498 -0.840143 -1.725617 0.534025 -0.029356
    51 1.496971 0.000002 0.000000 0.141600 0.113297 -0.458891
    52 1.100088 0.000000 0.000000 -0.031342 0.025865 -0.596322
    53 -12.710938 -16.500000 -0.675293 2.754274 0.483447 1.582977
    54 0.000000 0.000000 0.000000 -0.077030 -0.068757 -1.299215
    55 7.054213 0.000000 0.000000 0.000000 0.000000 0.000000
    56 0.000000 -0.000007 -0.000031 1.373047 0.113574 0.124314
    57 0.000000 -0.000007 -0.000031 1.373047 0.113574 0.124314
    58 2.856947 -1.536175 -0.973780 -1.501147 -0.272558 -1.578261
    59 0.000000 0.000000 10.000000 0.000000 0.000000 0.000000
    60 2.856899 -1.536201 -0.973800 -1.501147 -0.272558 -1.578261
    61 2.000000 -3.000000 0.000000 -1.570796 0.000000 -1.326450
    62 0.018896 0.665159 9.395880 0.000000 0.000000 0.000000
    63 3.028210 -0.923409 -2.009452 1.574082 -0.012974 1.587244
    64 0.116954 4.311606 0.061861 0.000010 0.000000 0.000000
    65 0.000000 -0.000002 0.000000 0.000000 0.000000 0.000000
    66 0.000000 1.000000 0.000010 0.000000 0.000000 0.000000
    67 -0.000001 0.000000 0.000000 0.000000 0.000000 0.000000
    68 -0.000001 0.000000 0.000000 0.000000 0.000000 0.000000
    69 -0.000001 0.000000 0.000000 0.000000 0.000000 0.000000
time 56
    0 -5.972656 -7.699219 27.125000 1.705414 0.076521 0.573455
    1 3.455587 0.000000 0.000000 -1.938817 -0.676367 -1.244955
    2 16.572346 0.000000 0.000000 0.000000 0.000000 0.939083
    3 16.265829 0.000000 0.000000 -0.487013 0.026527 -0.884109
    4 5.046457 0.000000 0.000000 0.009837 -0.018722 -0.455794
    5 -3.455587 0.000000 0.000000 -1.499190 -0.216620 -1.951107
    6 16.572346 0.000000 0.000000 0.000000 0.000000 0.663703
    7 16.265831 0.000000 0.000000 0.339433 -0.037290 -0.861797
    8 5.046457 0.000000 0.000000 -0.100198 0.014966 -0.377945
    9 0.000000 3.703728 0.293189 1.566463 -0.169597 1.542630
    10 3.307846 0.000000 0.000000 -0.004400 -0.008542 -0.145051
    11 3.297962 0.000000 0.000000 -0.008579 0.032060 -0.156655
    12 6.040985 0.000000 0.000000 0.006303 0.060244 0.288264
    13 5.065758 0.000000 0.000000 2.857685 0.060568 -0.166819
    14 3.993755 0.000000 0.000000 -0.287277 -0.024801 1.052110
    15 3.815876 1.385489 1.500000 -1.822338 -0.979405 0.185786
    16 4.327093 0.000004 0.000000 -3.070045 -0.046245 0.844080
    17 11.105114 0.000000 0.000000 0.000000 0.000000 -0.393592
    18 9.862099 -0.000011 -0.000031 0.813285 -0.304472 0.123888
    19 2.641094 0.214619 -1.073586 0.343640 0.190540 -0.806457
    20 1.361605 -0.000002 0.000000 -0.033852 -0.056532 -1.168171
    21 0.779602 0.000002 0.000000 -0.038792 -0.123973 0.252811
    22 2.908712 0.221762 -0.431868 0.315656 0.064476 -0.893331
    23 1.597527 0.000001 0.000000 -0.020331 -0.043837 -1.158634
    24 0.912680 0.000001 0.000000 0.002529 0.008221 0.233624
    25 3.265450 0.050007 0.415744 0.322996 0.091423 -1.049966
    26 1.860470 0.000000 0.000000 -0.051601 -0.064213 -1.194101
    27 1.061481 -0.000001 0.000000 0.004104 0.029474 0.404443
    28 3.340382 -0.242393 1.285012 0.318526 0.062572 -1.131184
    29 1.550753 0.000001 0.000000 0.061672 0.075949 -1.038656
    30 0.904888 0.000001 0.000000 0.001693 0.026264 0.279791
    31 1.219385 -1.063860 0.837143 1.700710 -0.490026 -0.201183
    32 1.496971 -0.000002 -0.000001 -0.211499 -0.093020 -0.524662
    33 1.100086 0.000000 0.000000 0.034391 -0.021604 -0.723527
    34 3.815876 1.385489 -1.500000 0.944879 1.066087 -0.868828
    35 4.327089 -0.000004 0.000000 3.025050 0.083067 0.801923
    36 11.105106 0.000000 0.000004 0.000000 0.000000 -0.660600
    37 9.862080 -0.000007 0.000017 -1.358875 -0.075785 0.351388
    38 2.641111 0.211586 1.074188 -0.340778 -0.190504 -0.713994
    39 1.361601 0.000000 0.000000 0.033791 0.056509 -0.943913
    40 0.779604 0.000001 0.000000 0.038833 0.124038 0.218150
    41 2.908730 0.220541 0.432493 -0.312825 -0.064540 -0.854119
    42 1.597527 0.000000 0.000000 0.020338 0.043857 -0.899809
    43 0.912678 0.000000 0.000000 -0.002548 -0.008289 0.256412
    44 3.265471 0.051184 -0.415600 -0.320176 -0.091421 -0.907618
    45 1.860470 0.000000 0.000000 0.051611 0.064235 -1.000517
    46 1.061485 0.000000 0.000000 -0.004037 -0.029426 0.237782
    47 3.340403 -0.238762 -1.285691 -0.315698 -0.062609 -0.887483
    48 1.550755 0.000000 0.000000 -0.061667 -0.075946 -1.019680
    49 0.904886 0.000001 0.000000 -0.001669 -0.026281 0.159649
    50 1.219410 -1.061498 -0.840143 -1.725617 0.534025 -0.029356
    51 1.496971 0.000002 0.000000 0.141600 0.113297 -0.458891
    52 1.100088 0.000000 0.000000 -0.031342 0.025865 -0.596322
    53 -12.250000 -16.234375 -1.604492 2.789151 0.438235 1.618138
    54 0.000000 0.000000 0.000000 -0.077030 -0.068757 -1.299215
    55 7.054213 0.000000 0.000000 0.000000 0.000000 0.000000
    56 0.000000 -0.000007 -0.000031 1.373047 0.113574 0.124314
    57 0.000000 -0.000007 -0.000031 1.373047 0.113574 0.124314
    58 2.856947 -1.536175 -0.973780 -1.501147 -0.272558 -1.578261
    59 0.000000 0.000000 10.000000 0.000000 0.000000 0.000000
    60 2.856899 -1.536201 -0.973800 -1.501147 -0.272558 -1.578261
    61 2.000000 -3.000000 0.000000 -1.570796 0.000000 -1.326450
    62 0.018896 0.665159 9.395880 0.000000 0.000000 0.000000
    63 3.028210 -0.923409 -2.009452 1.574082 -0.012974 1.587244
    64 0.116954 4.311606 0.061861 0.000010 0.000000 0.000000
    65 0.000000 -0.000002 0.000000 0.000000 0.000000 0.000000
    66 0.000000 1.000000 0.000010 0.000000 0.000000 0.000000
    67 -0.000001 0.000000 0.000000 0.000000 0.000000 0.000000
    68 -0.000001 0.000000 0.000000 0.000000 0.000000 0.000000
    69 -0.000001 0.000000 0.000000 0.000000 0.000000 0.000000
time 57
    0 -5.390625 -7.898438 27.015625 1.684137 0.088219 0.485661
    1 3.455587 0.000000 0.000000 -1.893299 -0.593370 -1.246427
    2 16.572346 0.000000 0.000000 0.000000 0.000000 0.859519
    3 16.265829 0.000000 0.000000 -0.446212 0.020044 -0.835694
    4 5.046457 0.000000 0.000000 0.009832 -0.018724 -0.455262
    5 -3.455587 0.000000 0.000000 -1.483816 -0.219920 -1.978581
    6 16.572346 0.000000 0.000000 0.000000 0.000000 0.683093
    7 16.265831 0.000000 0.000000 0.354235 -0.012594 -0.869227
    8 5.046457 0.000000 0.000000 -0.100217 0.015009 -0.373373
    9 0.000000 3.703728 0.293189 1.572314 -0.175730 1.547774
    10 3.307846 0.000000 0.000000 0.001239 -0.005278 -0.141437
    11 3.297962 0.000000 0.000000 -0.002867 0.031988 -0.157255
    12 6.040985 0.000000 0.000000 0.011251 0.057087 0.285157
    13 5.065758 0.000000 0.000000 2.861350 0.058211 -0.165714
    14 3.993755 0.000000 0.000000 -0.282245 -0.024844 1.048717
    15 3.815876 1.385489 1.500000 -1.831168 -0.981790 0.178184
    16 4.327093 0.000004 0.000000 -3.057051 -0.044679 0.825520
    17 11.105114 0.000000 0.000000 0.000000 0.000000 -0.419506
    18 9.862099 -0.000011 -0.000031 0.854399 -0.275118 0.133452
    19 2.641094 0.214619 -1.073586 0.343640 0.190540 -0.806457
    20 1.361605 -0.000002 0.000000 -0.033852 -0.056532 -1.168171
    21 0.779602 0.000002 0.000000 -0.038792 -0.123973 0.252811
    22 2.908712 0.221762 -0.431868 0.315656 0.064476 -0.893331
    23 1.597527 0.000001 0.000000 -0.020331 -0.043837 -1.158634
    24 0.912680 0.000001 0.000000 0.002529 0.008221 0.233624
    25 3.265450 0.050007 0.415744 0.322996 0.091423 -1.049966
    26 1.860470 0.000000 0.000000 -0.051601 -0.064213 -1.194101
    27 1.061481 -0.000001 0.000000 0.004104 0.029474 0.404443
    28 3.340382 -0.242393 1.285012 0.318526 0.062572 -1.131184
    29 1.550753 0.000001 0.000000 0.061672 0.075949 -1.038656
    30 0.904888 0.000001 0.000000 0.001693 0.026264 0.279791
    31 1.219385 -1.063860 0.837143 1.700710 -0.490026 -0.201183
    32 1.496971 -0.000002 -0.000001 -0.211499 -0.093020 -0.524662
    33 1.100086 0.000000 0.000000 0.034391 -0.021604 -0.723527
    34 3.815876 1.385489 -1.500000 0.963275 1.063387 -0.848664
    35 4.327089 -0.000004 0.000000 3.041189 0.108314 0.794318
    36 11.105106 0.000000 0.000004 0.000000 0.000000 -0.644833
    37 9.862080 -0.000007 0.000017 -1.339776 -0.072261 0.328388
    38 2.641111 0.211586 1.074188 -0.340778 -0.190504 -0.713994
    39 1.361601 0.000000 0.000000 0.033791 0.056509 -0.943913
    40 0.779604 0.000001 0.000000 0.038833 0.124038 0.218150
    41 2.908730 0.220541 0.432493 -0.312825 -0.064540 -0.854119
    42 1.597527 0.000000 0.000000 0.020338 0.043857 -0.899809
    43 0.912678 0.000000 0.000000 -0.002548 -0.008289 0.256412
    44 3.265471 0.051184 -0.415600 -0.320176 -0.091421 -0.907618
    45 1.860470 0.000000 0.000000 0.051611 0.064235 -1.000517
    46 1.061485 0.000000 0.000000 -0.004037 -0.029426 0.237782
    47 3.340403 -0.238762 -1.285691 -0.315698 -0.062609 -0.887483
    48 1.550755 0.000000 0.000000 -0.061667 -0.075946 -1.019680
    49 0.904886 0.000001 0.000000 -0.001669 -0.026281 0.159649
    50 1.219410 -1.061498 -0.840143 -1.725617 0.534025 -0.029356
    51 1.496971 0.000002 0.000000 0.141600 0.113297 -0.458891
    52 1.100088 0.000000 0.000000 -0.031342 0.025865 -0.596322
    53 -11.960938 -16.015625 -2.154297 2.826144 0.388091 1.656691
    54 0.000000 0.000000 0.000000 -0.077030 -0.068757 -1.299215
    55 7.054213 0.000000 0.000000 0.000000 0.000000 0.000000
    56 0.000000 -0.000007 -0.000031 1.373047 0.113574 0.124314
    57 0.000000 -0.000007 -0.000031 1.373047 0.113574 0.124314
    58 2.856947 -1.536175 -0.973780 -1.501147 -0.272558 -1.578261
    59 0.000000 0.000000 10.000000 0.000000 0.000000 0.000000
    60 2.856899 -1.536201 -0.973800 -1.501147 -0.272558 -1.578261
    61 2.000000 -3.000000 0.000000 -1.570796 0.000000 -1.326450
    62 0.018896 0.665159 9.395880 0.000000 0.000000 0.000000
    63 3.028210 -0.923409 -2.009452 1.574082 -0.012974 1.587244
    64 0.116954 4.311606 0.061861 0.000010 0.000000 0.000000
    65 0.000000 -0.000002 0.000000 0.000000 0.000000 0.000000
    66 0.000000 1.000000 0.000010 0.000000 0.000000 0.000000
    67 -0.000001 0.000000 0.000000 0.000000 0.000000 0.000000
    68 -0.000001 0.000000 0.000000 0.000000 0.000000 0.000000
    69 -0.000001 0.000000 0.000000 0.000000 0.000000 0.000000
time 58
    0 -4.703125 -8.132813 26.875000 1.666904 0.099277 0.381068
    1 3.455587 0.000000 0.000000 -1.836456 -0.498615 -1.259550
    2 16.572346 0.000000 0.000000 0.000000 0.000000 0.765442
    3 16.265829 0.000000 0.000000 -0.396105 -0.005289 -0.774087
    4 5.046457 0.000000 0.000000 0.009868 -0.018705 -0.459162
    5 -3.455587 0.000000 0.000000 -1.460661 -0.241266 -2.007419
    6 16.572346 0.000000 0.000000 0.000000 0.000000 0.698874
    7 16.265831 0.000000 0.000000 0.360815 0.015211 -0.872307
    8 5.046457 0.000000 0.000000 -0.100215 0.014968 -0.357989
    9 0.000000 3.703728 0.293189 1.578674 -0.176921 1.553764
    10 3.307846 0.000000 0.000000 0.007619 -0.001280 -0.140834
    11 3.297962 0.000000 0.000000 0.002964 0.033662 -0.158027
    12 6.040985 0.000000 0.000000 0.017193 0.056421 0.282794
    13 5.065758 0.000000 0.000000 2.860147 0.047461 -0.161768
    14 3.993755 0.000000 0.000000 -0.278021 -0.018711 1.043504
    15 3.815876 1.385489 1.500000 -1.843523 -0.990328 0.177473
    16 4.327093 0.000004 0.000000 -3.035832 -0.033429 0.805259
    17 11.105114 0.000000 0.000000 0.000000 0.000000 -0.447970
    18 9.862099 -0.000011 -0.000031 0.903960 -0.238766 0.147346
    19 2.641094 0.214619 -1.073586 0.343640 0.190540 -0.806457
    20 1.361605 -0.000002 0.000000 -0.033852 -0.056532 -1.168171
    21 0.779602 0.000002 0.000000 -0.038792 -0.123973 0.252811
    22 2.908712 0.221762 -0.431868 0.315656 0.064476 -0.893331
    23 1.597527 0.000001 0.000000 -0.020331 -0.043837 -1.158634
    24 0.912680 0.000001 0.000000 0.002529 0.008221 0.233624
    25 3.265450 0.050007 0.415744 0.322996 0.091423 -1.049966
    26 1.860470 0.000000 0.000000 -0.051601 -0.064213 -1.194101
    27 1.061481 -0.000001 0.000000 0.004104 0.029474 0.404443
    28 3.340382 -0.242393 1.285012 0.318526 0.062572 -1.131184
    29 1.550753 0.000001 0.000000 0.061672 0.075949 -1.038656
    30 0.904888 0.000001 0.000000 0.001693 0.026264 0.279791
    31 1.219385 -1.063860 0.837143 1.700710 -0.490026 -0.201183
    32 1.496971 -0.000002 -0.000001 -0.211499 -0.093020 -0.524662
    33 1.100086 0.000000 0.000000 0.034391 -0.021604 -0.723527
    34 3.815876 1.385489 -1.500000 0.999597 1.060266 -0.804196
    35 4.327089 -0.000004 0.000000 3.055477 0.127551 0.789481
    36 11.105106 0.000000 0.000004 0.000000 0.000000 -0.620762
    37 9.862080 -0.000007 0.000017 -1.312285 -0.067652 0.292967
    38 2.641111 0.211586 1.074188 -0.340778 -0.190504 -0.713994
    39 1.361601 0.000000 0.000000 0.033791 0.056509 -0.943913
    40 0.779604 0.000001 0.000000 0.038833 0.124038 0.218150
    41 2.908730 0.220541 0.432493 -0.312825 -0.064540 -0.854119
    42 1.597527 0.000000 0.000000 0.020338 0.043857 -0.899809
    43 0.912678 0.000000 0.000000 -0.002548 -0.008289 0.256412
    44 3.265471 0.051184 -0.415600 -0.320176 -0.091421 -0.907618
    45 1.860470 0.000000 0.000000 0.051611 0.064235 -1.000517
    46 1.061485 0.000000 0.000000 -0.004037 -0.029426 0.237782
    47 3.340403 -0.238762 -1.285691 -0.315698 -0.062609 -0.887483
    48 1.550755 0.000000 0.000000 -0.061667 -0.075946 -1.019680
    49 0.904886 0.000001 0.000000 -0.001669 -0.026281 0.159649
    50 1.219410 -1.061498 -0.840143 -1.725617 0.534025 -0.029356
    51 1.496971 0.000002 0.000000 0.141600 0.113297 -0.458891
    52 1.100088 0.000000 0.000000 -0.031342 0.025865 -0.596322
    53 -11.781250 -15.937500 -2.417969 2.867487 0.333547 1.696100
    54 0.000000 0.000000 0.000000 -0.077030 -0.068757 -1.299215
    55 7.054213 0.000000 0.000000 0.000000 0.000000 0.000000
    56 0.000000 -0.000007 -0.000031 1.373047 0.113574 0.124314
    57 0.000000 -0.000007 -0.000031 1.373047 0.113574 0.124314
    58 2.856947 -1.536175 -0.973780 -1.501147 -0.272558 -1.578261
    59 0.000000 0.000000 10.000000 0.000000 0.000000 0.000000
    60 2.856899 -1.536201 -0.973800 -1.501147 -0.272558 -1.578261
    61 2.000000 -3.000000 0.000000 -1.570796 0.000000 -1.326450
    62 0.018896 0.665159 9.395880 0.000000 0.000000 0.000000
    63 3.028210 -0.923409 -2.009452 1.574082 -0.012974 1.587244
    64 0.116954 4.311606 0.061861 0.000010 0.000000 0.000000
    65 0.000000 -0.000002 0.000000 0.000000 0.000000 0.000000
    66 0.000000 1.000000 0.000010 0.000000 0.000000 0.000000
    67 -0.000001 0.000000 0.000000 0.000000 0.000000 0.000000
    68 -0.000001 0.000000 0.000000 0.000000 0.000000 0.000000
    69 -0.000001 0.000000 0.000000 0.000000 0.000000 0.000000
time 59
    0 -3.964844 -8.406250 26.718750 1.652065 0.109697 0.270377
    1 3.455587 0.000000 0.000000 -1.766402 -0.405538 -1.285464
    2 16.572346 0.000000 0.000000 0.000000 0.000000 0.671561
    3 16.265829 0.000000 0.000000 -0.326511 -0.063586 -0.708493
    4 5.046457 0.000000 0.000000 0.009847 -0.018716 -0.456946
    5 -3.455587 0.000000 0.000000 -1.427042 -0.274079 -2.033874
    6 16.572346 0.000000 0.000000 0.000000 0.000000 0.711936
    7 16.265831 0.000000 0.000000 0.364862 0.033597 -0.872047
    8 5.046457 0.000000 0.000000 -0.100157 0.014990 -0.359570
    9 0.000000 3.703728 0.293189 1.583445 -0.176470 1.561253
    10 3.307846 0.000000 0.000000 0.012384 0.003558 -0.141155
    11 3.297962 0.000000 0.000000 0.007184 0.035992 -0.158732
    12 6.040985 0.000000 0.000000 0.021917 0.057506 0.281031
    13 5.065758 0.000000 0.000000 2.857507 0.029906 -0.155125
    14 3.993755 0.000000 0.000000 -0.272356 -0.007395 1.036692
    15 3.815876 1.385489 1.500000 -1.841064 -1.004104 0.161827
    16 4.327093 0.000004 0.000000 -3.030384 -0.025300 0.789459
    17 11.105114 0.000000 0.000000 0.000000 0.000000 -0.469778
    18 9.862099 -0.000011 -0.000031 0.966145 -0.202663 0.166682
    19 2.641094 0.214619 -1.073586 0.343640 0.190540 -0.806457
    20 1.361605 -0.000002 0.000000 -0.033852 -0.056532 -1.168171
    21 0.779602 0.000002 0.000000 -0.038792 -0.123973 0.252811
    22 2.908712 0.221762 -0.431868 0.315656 0.064476 -0.893331
    23 1.597527 0.000001 0.000000 -0.020331 -0.043837 -1.158634
    24 0.912680 0.000001 0.000000 0.002529 0.008221 0.233624
    25 3.265450 0.050007 0.415744 0.322996 0.091423 -1.049966
    26 1.860470 0.000000 0.000000 -0.051601 -0.064213 -1.194101
    27 1.061481 -0.000001 0.000000 0.004104 0.029474 0.404443
    28 3.340382 -0.242393 1.285012 0.318526 0.062572 -1.131184
    29 1.550753 0.000001 0.000000 0.061672 0.075949 -1.038656
    30 0.904888 0.000001 0.000000 0.001693 0.026264 0.279791
    31 1.219385 -1.063860 0.837143 1.700710 -0.490026 -0.201183
    32 1.496971 -0.000002 -0.000001 -0.211499 -0.093020 -0.524662
    33 1.100086 0.000000 0.000000 0.034391 -0.021604 -0.723527
    34 3.815876 1.385489 -1.500000 1.048477 1.054484 -0.744851
    35 4.327089 -0.000004 0.000000 3.090660 0.150149 0.785018
    36 11.105106 0.000000 0.000004 0.000000 0.000000 -0.588299
    37 9.862080 -0.000007 0.000017 -1.286786 -0.059920 0.242860
    38 2.641111 0.211586 1.074188 -0.340778 -0.190504 -0.713994
    39 1.361601 0.000000 0.000000 0.033791 0.056509 -0.943913
    40 0.779604 0.000001 0.000000 0.038833 0.124038 0.218150
    41 2.908730 0.220541 0.432493 -0.312825 -0.064540 -0.854119
    42 1.597527 0.000000 0.000000 0.020338 0.043857 -0.899809
    43 0.912678 0.000000 0.000000 -0.002548 -0.008289 0.256412
    44 3.265471 0.051184 -0.415600 -0.320176 -0.091421 -0.907618
    45 1.860470 0.000000 0.000000 0.051611 0.064235 -1.000517
    46 1.061485 0.000000 0.000000 -0.004037 -0.029426 0.237782
    47 3.340403 -0.238762 -1.285691 -0.315698 -0.062609 -0.887483
    48 1.550755 0.000000 0.000000 -0.061667 -0.075946 -1.019680
    49 0.904886 0.000001 0.000000 -0.001669 -0.026281 0.159649
    50 1.219410 -1.061498 -0.840143 -1.725617 0.534025 -0.029356
    51 1.496971 0.000002 0.000000 0.141600 0.113297 -0.458891
    52 1.100088 0.000000 0.000000 -0.031342 0.025865 -0.596322
    53 -11.718750 -15.859375 -2.595703 2.910335 0.259340 1.731474
    54 0.000000 0.000000 0.000000 -0.077030 -0.068757 -1.299215
    55 7.054213 0.000000 0.000000 0.000000 0.000000 0.000000
    56 0.000000 -0.000007 -0.000031 1.373047 0.113574 0.124314
    57 0.000000 -0.000007 -0.000031 1.373047 0.113574 0.124314
    58 2.856947 -1.536175 -0.973780 -1.501147 -0.272558 -1.578261
    59 0.000000 0.000000 10.000000 0.000000 0.000000 0.000000
    60 2.856899 -1.536201 -0.973800 -1.501147 -0.272558 -1.578261
    61 2.000000 -3.000000 0.000000 -1.570796 0.000000 -1.326450
    62 0.018896 0.665159 9.395880 0.000000 0.000000 0.000000
    63 3.028210 -0.923409 -2.009452 1.574082 -0.012974 1.587244
    64 0.116954 4.311606 0.061861 0.000010 0.000000 0.000000
    65 0.000000 -0.000002 0.000000 0.000000 0.000000 0.000000
    66 0.000000 1.000000 0.000010 0.000000 0.000000 0.000000
    67 -0.000001 0.000000 0.000000 0.000000 0.000000 0.000000
    68 -0.000001 0.000000 0.000000 0.000000 0.000000 0.000000
    69 -0.000001 0.000000 0.000000 0.000000 0.000000 0.000000
time 60
    0 -3.171875 -8.648438 26.531250 1.638568 0.117208 0.154463
    1 3.455587 0.000000 0.000000 -1.702703 -0.322340 -1.320335
    2 16.572346 0.000000 0.000000 0.000000 0.000000 0.592449
    3 16.265829 0.000000 0.000000 -0.261769 -0.135795 -0.656287
    4 5.046457 0.000000 0.000000 0.009904 -0.018781 -0.460848
    5 -3.455587 0.000000 0.000000 -1.399570 -0.320143 -2.054154
    6 16.572346 0.000000 0.000000 0.000000 0.000000 0.724569
    7 16.265831 0.000000 0.000000 0.369267 0.050648 -0.858861
    8 5.046457 0.000000 0.000000 -0.100186 0.015021 -0.371438
    9 0.000000 3.703728 0.293189 1.587601 -0.178016 1.569428
    10 3.307846 0.000000 0.000000 0.016369 0.008421 -0.140505
    11 3.297962 0.000000 0.000000 0.010717 0.038101 -0.160047
    12 6.040985 0.000000 0.000000 0.025755 0.058915 0.277422
    13 5.065758 0.000000 0.000000 2.858726 0.008453 -0.146078
    14 3.993755 0.000000 0.000000 -0.261541 0.007940 1.027302
    15 3.815876 1.385489 1.500000 -1.824277 -1.017007 0.134152
    16 4.327093 0.000004 0.000000 -3.039770 -0.017467 0.774303
    17 11.105114 0.000000 0.000000 0.000000 0.000000 -0.486304
    18 9.862099 -0.000011 -0.000031 1.041603 -0.163474 0.185781
    19 2.641094 0.214619 -1.073586 0.343640 0.190540 -0.806457
    20 1.361605 -0.000002 0.000000 -0.033852 -0.056532 -1.168171
    21 0.779602 0.000002 0.000000 -0.038792 -0.123973 0.252811
    22 2.908712 0.221762 -0.431868 0.315656 0.064476 -0.893331
    23 1.597527 0.000001 0.000000 -0.020331 -0.043837 -1.158634
    24 0.912680 0.000001 0.000000 0.002529 0.008221 0.233624
    25 3.265450 0.050007 0.415744 0.322996 0.091423 -1.049966
    26 1.860470 0.000000 0.000000 -0.051601 -0.064213 -1.194101
    27 1.061481 -0.000001 0.000000 0.004104 0.029474 0.404443
    28 3.340382 -0.242393 1.285012 0.318526 0.062572 -1.131184
    29 1.550753 0.000001 0.000000 0.061672 0.075949 -1.038656
    30 0.904888 0.000001 0.000000 0.001693 0.026264 0.279791
    31 1.219385 -1.063860 0.837143 1.700714 -0.490087 -0.201253
    32 1.496971 -0.000002 -0.000001 -0.211499 -0.093020 -0.524662
    33 1.100086 0.000000 0.000000 0.034391 -0.021604 -0.723527
    34 3.815876 1.385489 -1.500000 1.103000 1.043777 -0.678455
    35 4.327089 -0.000004 0.000000 3.140784 0.175585 0.783277
    36 11.105106 0.000000 0.000004 0.000000 0.000000 -0.544602
    37 9.862080 -0.000007 0.000017 -1.265388 -0.050859 0.182493
    38 2.641111 0.211586 1.074188 -0.340778 -0.190504 -0.713994
    39 1.361601 0.000000 0.000000 0.033791 0.056509 -0.943913
    40 0.779604 0.000001 0.000000 0.038833 0.124038 0.218150
    41 2.908730 0.220541 0.432493 -0.312825 -0.064540 -0.854119
    42 1.597527 0.000000 0.000000 0.020338 0.043857 -0.899809
    43 0.912678 0.000000 0.000000 -0.002548 -0.008289 0.256412
    44 3.265471 0.051184 -0.415600 -0.320176 -0.091421 -0.907618
    45 1.860470 0.000000 0.000000 0.051611 0.064235 -1.000517
    46 1.061485 0.000000 0.000000 -0.004037 -0.029426 0.237782
    47 3.340403 -0.238762 -1.285691 -0.315698 -0.062609 -0.887483
    48 1.550755 0.000000 0.000000 -0.061667 -0.075946 -1.019680
    49 0.904886 0.000001 0.000000 -0.001669 -0.026281 0.159649
    50 1.219410 -1.061498 -0.840143 -1.725617 0.534025 -0.029356
    51 1.496971 0.000002 0.000000 0.141600 0.113297 -0.458891
    52 1.100088 0.000000 0.000000 -0.031342 0.025865 -0.596322
    53 -11.742188 -15.835938 -2.585938 2.952629 0.168481 1.761998
    54 0.000000 0.000000 0.000000 -0.077030 -0.068757 -1.299215
    55 7.054213 0.000000 0.000000 0.000000 0.000000 0.000000
    56 0.000000 -0.000007 -0.000031 1.373047 0.113574 0.124314
    57 0.000000 -0.000007 -0.000031 1.373047 0.113574 0.124314
    58 2.856947 -1.536175 -0.973780 -1.501147 -0.272558 -1.578261
    59 0.000000 0.000000 10.000000 0.000000 0.000000 0.000000
    60 2.856899 -1.536201 -0.973800 -1.501147 -0.272558 -1.578261
    61 2.000000 -3.000000 0.000000 -1.570796 0.000000 -1.326450
    62 0.018896 0.665159 9.395880 0.000000 0.000000 0.000000
    63 3.028210 -0.923409 -2.009452 1.574082 -0.012974 1.587244
    64 0.116954 4.311606 0.061861 0.000010 0.000000 0.000000
    65 0.000000 -0.000002 0.000000 0.000000 0.000000 0.000000
    66 0.000000 1.000000 0.000010 0.000000 0.000000 0.000000
    67 -0.000001 0.000000 0.000000 0.000000 0.000000 0.000000
    68 -0.000001 0.000000 0.000000 0.000000 0.000000 0.000000
    69 -0.000001 0.000000 0.000000 0.000000 0.000000 0.000000
time 61
    0 -2.369141 -8.835938 26.343750 1.626145 0.120457 0.043358
    1 3.455587 0.000000 0.000000 -1.637578 -0.259632 -1.365216
    2 16.572346 0.000000 0.000000 0.000000 0.000000 0.539854
    3 16.265829 0.000000 0.000000 -0.243292 -0.169901 -0.642458
    4 5.046457 0.000000 0.000000 0.009870 -0.018704 -0.459340
    5 -3.455587 0.000000 0.000000 -1.376491 -0.373155 -2.066199
    6 16.572346 0.000000 0.000000 0.000000 0.000000 0.737972
    7 16.265831 0.000000 0.000000 0.368685 0.055593 -0.835170
    8 5.046457 0.000000 0.000000 -0.100179 0.014964 -0.387101
    9 0.000000 3.703728 0.293189 1.589338 -0.185682 1.577477
    10 3.307846 0.000000 0.000000 0.018192 0.012324 -0.136916
    11 3.297962 0.000000 0.000000 0.012196 0.037292 -0.163228
    12 6.040985 0.000000 0.000000 0.026455 0.056976 0.269216
    13 5.065758 0.000000 0.000000 2.868066 -0.010180 -0.141020
    14 3.993755 0.000000 0.000000 -0.244692 0.021842 1.018422
    15 3.815876 1.385489 1.500000 -1.792714 -1.027504 0.087568
    16 4.327093 0.000004 0.000000 -3.056722 -0.016771 0.767534
    17 11.105114 0.000000 0.000000 0.000000 0.000000 -0.494936
    18 9.862099 -0.000011 -0.000031 1.123467 -0.124797 0.203878
    19 2.641094 0.214619 -1.073586 0.343640 0.190540 -0.806457
    20 1.361605 -0.000002 0.000000 -0.033852 -0.056532 -1.168171
    21 0.779602 0.000002 0.000000 -0.038792 -0.123973 0.252811
    22 2.908712 0.221762 -0.431868 0.315656 0.064476 -0.893331
    23 1.597527 0.000001 0.000000 -0.020331 -0.043837 -1.158634
    24 0.912680 0.000001 0.000000 0.002529 0.008221 0.233624
    25 3.265450 0.050007 0.415744 0.322996 0.091423 -1.049966
    26 1.860470 0.000000 0.000000 -0.051601 -0.064213 -1.194101
    27 1.061481 -0.000001 0.000000 0.004104 0.029474 0.404443
    28 3.340382 -0.242393 1.285012 0.318526 0.062572 -1.131184
    29 1.550753 0.000001 0.000000 0.061672 0.075949 -1.038656
    30 0.904888 0.000001 0.000000 0.001693 0.026264 0.279791
    31 1.219385 -1.063860 0.837143 1.700714 -0.490087 -0.201253
    32 1.496971 -0.000002 -0.000001 -0.211499 -0.093020 -0.524662
    33 1.100086 0.000000 0.000000 0.034391 -0.021604 -0.723527
    34 3.815876 1.385489 -1.500000 1.150121 1.035447 -0.619086
    35 4.327089 -0.000004 0.000000 -3.107087 0.196044 0.788026
    36 11.105106 0.000000 0.000004 0.000000 0.000000 -0.489596
    37 9.862080 -0.000007 0.000017 -1.231676 -0.037091 0.117236
    38 2.641111 0.211586 1.074188 -0.340778 -0.190504 -0.713994
    39 1.361601 0.000000 0.000000 0.033791 0.056509 -0.943913
    40 0.779604 0.000001 0.000000 0.038833 0.124038 0.218150
    41 2.908730 0.220541 0.432493 -0.312825 -0.064540 -0.854119
    42 1.597527 0.000000 0.000000 0.020338 0.043857 -0.899809
    43 0.912678 0.000000 0.000000 -0.002548 -0.008289 0.256412
    44 3.265471 0.051184 -0.415600 -0.320176 -0.091421 -0.907618
    45 1.860470 0.000000 0.000000 0.051611 0.064235 -1.000517
    46 1.061485 0.000000 0.000000 -0.004037 -0.029426 0.237782
    47 3.340403 -0.238762 -1.285691 -0.315698 -0.062609 -0.887483
    48 1.550755 0.000000 0.000000 -0.061667 -0.075946 -1.019680
    49 0.904886 0.000001 0.000000 -0.001669 -0.026281 0.159649
    50 1.219410 -1.061498 -0.840143 -1.725617 0.534025 -0.029356
    51 1.496971 0.000002 0.000000 0.141600 0.113297 -0.458891
    52 1.100088 0.000000 0.000000 -0.031342 0.025865 -0.596322
    53 -11.781250 -15.882813 -2.298828 2.991698 0.068661 1.785716
    54 0.000000 0.000000 0.000000 -0.077030 -0.068757 -1.299215
    55 7.054213 0.000000 0.000000 0.000000 0.000000 0.000000
    56 0.000000 -0.000007 -0.000031 1.373047 0.113574 0.124314
    57 0.000000 -0.000007 -0.000031 1.373047 0.113574 0.124314
    58 2.856947 -1.536175 -0.973780 -1.501147 -0.272558 -1.578261
    59 0.000000 0.000000 10.000000 0.000000 0.000000 0.000000
    60 2.856899 -1.536201 -0.973800 -1.501147 -0.272558 -1.578261
    61 2.000000 -3.000000 0.000000 -1.570796 0.000000 -1.326450
    62 0.018896 0.665159 9.395880 0.000000 0.000000 0.000000
    63 3.028210 -0.923409 -2.009452 1.574082 -0.012974 1.587244
    64 0.116954 4.311606 0.061861 0.000010 0.000000 0.000000
    65 0.000000 -0.000002 0.000000 0.000000 0.000000 0.000000
    66 0.000000 1.000000 0.000010 0.000000 0.000000 0.000000
    67 -0.000001 0.000000 0.000000 0.000000 0.000000 0.000000
    68 -0.000001 0.000000 0.000000 0.000000 0.000000 0.000000
    69 -0.000001 0.000000 0.000000 0.000000 0.000000 0.000000
time 62
    0 -1.628906 -8.945313 26.203125 1.615010 0.121302 -0.050319
    1 3.455587 0.000000 0.000000 -1.585607 -0.217600 -1.408593
    2 16.572346 0.000000 0.000000 0.000000 0.000000 0.504647
    3 16.265829 0.000000 0.000000 -0.227208 -0.134698 -0.656924
    4 5.046457 0.000000 0.000000 0.009919 -0.018772 -0.496037
    5 -3.455587 0.000000 0.000000 -1.355661 -0.422653 -2.066142
    6 16.572346 0.000000 0.000000 0.000000 0.000000 0.749833
    7 16.265831 0.000000 0.000000 0.364494 0.043043 -0.809290
    8 5.046457 0.000000 0.000000 -0.100216 0.014970 -0.363349
    9 0.000000 3.703728 0.293189 1.587811 -0.194575 1.583970
    10 3.307846 0.000000 0.000000 0.016746 0.014952 -0.132231
    11 3.297962 0.000000 0.000000 0.010809 0.035018 -0.164042
    12 6.040985 0.000000 0.000000 0.023844 0.053353 0.265159
    13 5.065758 0.000000 0.000000 2.879080 -0.026541 -0.143275
    14 3.993755 0.000000 0.000000 -0.227548 0.034917 1.014290
    15 3.815876 1.385489 1.500000 -1.752064 -1.025379 0.025148
    16 4.327093 0.000004 0.000000 -3.078397 -0.021007 0.755829
    17 11.105114 0.000000 0.000000 0.000000 0.000000 -0.505985
    18 9.862099 -0.000011 -0.000031 1.206052 -0.093594 0.225996
    19 2.641094 0.214619 -1.073586 0.343640 0.190540 -0.806457
    20 1.361605 -0.000002 0.000000 -0.033852 -0.056532 -1.168171
    21 0.779602 0.000002 0.000000 -0.038792 -0.123973 0.252811
    22 2.908712 0.221762 -0.431868 0.315656 0.064476 -0.893331
    23 1.597527 0.000001 0.000000 -0.020331 -0.043837 -1.158634
    24 0.912680 0.000001 0.000000 0.002529 0.008221 0.233624
    25 3.265450 0.050007 0.415744 0.322996 0.091423 -1.049966
    26 1.860470 0.000000 0.000000 -0.051601 -0.064213 -1.194101
    27 1.061481 -0.000001 0.000000 0.004104 0.029474 0.404443
    28 3.340382 -0.242393 1.285012 0.318526 0.062572 -1.131184
    29 1.550753 0.000001 0.000000 0.061672 0.075949 -1.038656
    30 0.904888 0.000001 0.000000 0.001693 0.026264 0.279791
    31 1.219385 -1.063860 0.837143 1.700714 -0.490087 -0.201253
    32 1.496971 -0.000002 -0.000001 -0.211499 -0.093020 -0.524662
    33 1.100086 0.000000 0.000000 0.034391 -0.021604 -0.723527
    34 3.815876 1.385489 -1.500000 1.188795 1.024652 -0.566320
    35 4.327089 -0.000004 0.000000 -3.088748 0.204533 0.787663
    36 11.105106 0.000000 0.000004 0.000000 0.000000 -0.434611
    37 9.862080 -0.000007 0.000017 -1.187647 -0.016313 0.057472
    38 2.641111 0.211586 1.074188 -0.340778 -0.190504 -0.713994
    39 1.361601 0.000000 0.000000 0.033791 0.056509 -0.943913
    40 0.779604 0.000001 0.000000 0.038833 0.124038 0.218150
    41 2.908730 0.220541 0.432493 -0.312825 -0.064540 -0.854119
    42 1.597527 0.000000 0.000000 0.020338 0.043857 -0.899809
    43 0.912678 0.000000 0.000000 -0.002548 -0.008289 0.256412
    44 3.265471 0.051184 -0.415600 -0.320176 -0.091421 -0.907618
    45 1.860470 0.000000 0.000000 0.051611 0.064235 -1.000517
    46 1.061485 0.000000 0.000000 -0.004037 -0.029426 0.237782
    47 3.340403 -0.238762 -1.285691 -0.315698 -0.062609 -0.887483
    48 1.550755 0.000000 0.000000 -0.061667 -0.075946 -1.019680
    49 0.904886 0.000001 0.000000 -0.001669 -0.026281 0.159649
    50 1.219410 -1.061498 -0.840143 -1.725617 0.534025 -0.029356
    51 1.496971 0.000002 0.000000 0.141600 0.113297 -0.458891
    52 1.100088 0.000000 0.000000 -0.031342 0.025865 -0.596322
    53 -11.726563 -16.078125 -1.786133 3.023165 -0.032308 1.806918
    54 0.000000 0.000000 0.000000 -0.077030 -0.068757 -1.299215
    55 7.054213 0.000000 0.000000 0.000000 0.000000 0.000000
    56 0.000000 -0.000007 -0.000031 1.373047 0.113574 0.124314
    57 0.000000 -0.000007 -0.000031 1.373047 0.113574 0.124314
    58 2.856947 -1.536175 -0.973780 -1.501147 -0.272558 -1.578261
    59 0.000000 0.000000 10.000000 0.000000 0.000000 0.000000
    60 2.856899 -1.536201 -0.973800 -1.501147 -0.272558 -1.578261
    61 2.000000 -3.000000 0.000000 -1.570796 0.000000 -1.326450
    62 0.018896 0.665159 9.395880 0.000000 0.000000 0.000000
    63 3.028210 -0.923409 -2.009452 1.574082 -0.012974 1.587244
    64 0.116954 4.311606 0.061861 0.000010 0.000000 0.000000
    65 0.000000 -0.000002 0.000000 0.000000 0.000000 0.000000
    66 0.000000 1.000000 0.000010 0.000000 0.000000 0.000000
    67 -0.000001 0.000000 0.000000 0.000000 0.000000 0.000000
    68 -0.000001 0.000000 0.000000 0.000000 0.000000 0.000000
    69 -0.000001 0.000000 0.000000 0.000000 0.000000 0.000000
time 63
    0 -0.988770 -8.945313 26.109375 1.609531 0.122970 -0.117038
    1 3.455587 0.000000 0.000000 -1.601053 -0.196860 -1.432089
    2 16.572346 0.000000 0.000000 0.000000 0.000000 0.474750
    3 16.265829 0.000000 0.000000 -0.132572 -0.003252 -0.672699
    4 5.046457 0.000000 0.000000 0.009883 -0.018746 -0.510031
    5 -3.455587 0.000000 0.000000 -1.338755 -0.467230 -2.052572
    6 16.572346 0.000000 0.000000 0.000000 0.000000 0.762186
    7 16.265831 0.000000 0.000000 0.353533 0.004500 -0.783471
    8 5.046457 0.000000 0.000000 -0.100207 0.015010 -0.351757
    9 0.000000 3.703728 0.293189 1.583789 -0.202297 1.591836
    10 3.307846 0.000000 0.000000 0.013042 0.017795 -0.128520
    11 3.297962 0.000000 0.000000 0.007323 0.030754 -0.165671
    12 6.040985 0.000000 0.000000 0.018574 0.046767 0.260224
    13 5.065758 0.000000 0.000000 2.879073 -0.042929 -0.142441
    14 3.993755 0.000000 0.000000 -0.220760 0.050411 1.008868
    15 3.815876 1.385489 1.500000 -1.735307 -1.017452 -0.012893
    16 4.327093 0.000004 0.000000 -3.100595 -0.028567 0.749771
    17 11.105114 0.000000 0.000000 0.000000 0.000000 -0.517138
    18 9.862099 -0.000011 -0.000031 1.289441 -0.060868 0.242361
    19 2.641094 0.214619 -1.073586 0.343640 0.190540 -0.806457
    20 1.361605 -0.000002 0.000000 -0.033852 -0.056532 -1.168171
    21 0.779602 0.000002 0.000000 -0.038792 -0.123973 0.252811
    22 2.908712 0.221762 -0.431868 0.315656 0.064476 -0.893331
    23 1.597527 0.000001 0.000000 -0.020331 -0.043837 -1.158634
    24 0.912680 0.000001 0.000000 0.002529 0.008221 0.233624
    25 3.265450 0.050007 0.415744 0.322996 0.091423 -1.049966
    26 1.860470 0.000000 0.000000 -0.051601 -0.064213 -1.194101
    27 1.061481 -0.000001 0.000000 0.004104 0.029474 0.404443
    28 3.340382 -0.242393 1.285012 0.318526 0.062572 -1.131184
    29 1.550753 0.000001 0.000000 0.061672 0.075949 -1.038656
    30 0.904888 0.000001 0.000000 0.001693 0.026264 0.279791
    31 1.219385 -1.063860 0.837143 1.700714 -0.490087 -0.201253
    32 1.496971 -0.000002 -0.000001 -0.211499 -0.093020 -0.524662
    33 1.100086 0.000000 0.000000 0.034391 -0.021604 -0.723527
    34 3.815876 1.385489 -1.500000 1.225816 1.021906 -0.517369
    35 4.327089 -0.000004 0.000000 -3.098265 0.207791 0.791124
    36 11.105106 0.000000 0.000004 0.000000 0.000000 -0.380925
    37 9.862080 -0.000007 0.000017 -1.140375 0.008036 0.012691
    38 2.641111 0.211586 1.074188 -0.340778 -0.190504 -0.713994
    39 1.361601 0.000000 0.000000 0.033791 0.056509 -0.943913
    40 0.779604 0.000001 0.000000 0.038833 0.124038 0.218150
    41 2.908730 0.220541 0.432493 -0.312825 -0.064540 -0.854119
    42 1.597527 0.000000 0.000000 0.020338 0.043857 -0.899809
    43 0.912678 0.000000 0.000000 -0.002548 -0.008289 0.256412
    44 3.265471 0.051184 -0.415600 -0.320176 -0.091421 -0.907618
    45 1.860470 0.000000 0.000000 0.051611 0.064235 -1.000517
    46 1.061485 0.000000 0.000000 -0.004037 -0.029426 0.237782
    47 3.340403 -0.238762 -1.285691 -0.315698 -0.062609 -0.887483
    48 1.550755 0.000000 0.000000 -0.061667 -0.075946 -1.019680
    49 0.904886 0.000001 0.000000 -0.001669 -0.026281 0.159649
    50 1.219410 -1.061498 -0.840143 -1.725617 0.534025 -0.029356
    51 1.496971 0.000002 0.000000 0.141600 0.113297 -0.458891
    52 1.100088 0.000000 0.000000 -0.031342 0.025865 -0.596322
    53 -11.578125 -16.359375 -1.188477 3.046112 -0.130393 1.825356
    54 0.000000 0.000000 0.000000 -0.077030 -0.068757 -1.299215
    55 7.054213 0.000000 0.000000 0.000000 0.000000 0.000000
    56 0.000000 -0.000007 -0.000031 1.373047 0.113574 0.124314
    57 0.000000 -0.000007 -0.000031 1.373047 0.113574 0.124314
    58 2.856947 -1.536175 -0.973780 -1.501147 -0.272558 -1.578261
    59 0.000000 0.000000 10.000000 0.000000 0.000000 0.000000
    60 2.856899 -1.536201 -0.973800 -1.501147 -0.272558 -1.578261
    61 2.000000 -3.000000 0.000000 -1.570796 0.000000 -1.326450
    62 0.018896 0.665159 9.395880 0.000000 0.000000 0.000000
    63 3.028210 -0.923409 -2.009452 1.574082 -0.012974 1.587244
    64 0.116954 4.311606 0.061861 0.000010 0.000000 0.000000
    65 0.000000 -0.000002 0.000000 0.000000 0.000000 0.000000
    66 0.000000 1.000000 0.000010 0.000000 0.000000 0.000000
    67 -0.000001 0.000000 0.000000 0.000000 0.000000 0.000000
    68 -0.000001 0.000000 0.000000 0.000000 0.000000 0.000000
    69 -0.000001 0.000000 0.000000 0.000000 0.000000 0.000000
time 64
    0 -0.416504 -8.820313 26.093750 1.610009 0.123586 -0.165261
    1 3.455587 0.000000 0.000000 -1.644233 -0.191380 -1.442993
    2 16.572346 0.000000 0.000000 0.000000 0.000000 0.445137
    3 16.265829 0.000000 0.000000 -0.071128 0.170912 -0.652609
    4 5.046457 0.000000 0.000000 0.009875 -0.018773 -0.500223
    5 -3.455587 0.000000 0.000000 -1.332645 -0.511384 -2.028243
    6 16.572346 0.000000 0.000000 0.000000 0.000000 0.771681
    7 16.265831 0.000000 0.000000 0.354992 -0.044571 -0.758423
    8 5.046457 0.000000 0.000000 -0.100214 0.014967 -0.341839
    9 0.000000 3.703728 0.293189 1.580327 -0.205689 1.600759
    10 3.307846 0.000000 0.000000 0.009625 0.021374 -0.127236
    11 3.297962 0.000000 0.000000 0.004201 0.026172 -0.168495
    12 6.040985 0.000000 0.000000 0.013470 0.038664 0.254102
    13 5.065758 0.000000 0.000000 2.872591 -0.063996 -0.140338
    14 3.993755 0.000000 0.000000 -0.218199 0.068814 1.005072
    15 3.815876 1.385489 1.500000 -1.708216 -1.019427 -0.048213
    16 4.327093 0.000004 0.000000 -3.104781 -0.038878 0.752927
    17 11.105114 0.000000 0.000000 0.000000 0.000000 -0.529382
    18 9.862099 -0.000011 -0.000031 1.346806 -0.035602 0.260403
    19 2.641094 0.214619 -1.073586 0.343640 0.190540 -0.806457
    20 1.361605 -0.000002 0.000000 -0.033852 -0.056532 -1.168171
    21 0.779602 0.000002 0.000000 -0.038792 -0.123973 0.252811
    22 2.908712 0.221762 -0.431868 0.315656 0.064476 -0.893331
    23 1.597527 0.000001 0.000000 -0.020331 -0.043837 -1.158634
    24 0.912680 0.000001 0.000000 0.002529 0.008221 0.233624
    25 3.265450 0.050007 0.415744 0.322996 0.091423 -1.049966
    26 1.860470 0.000000 0.000000 -0.051601 -0.064213 -1.194101
    27 1.061481 -0.000001 0.000000 0.004104 0.029474 0.404443
    28 3.340382 -0.242393 1.285012 0.318526 0.062572 -1.131184
    29 1.550753 0.000001 0.000000 0.061672 0.075949 -1.038656
    30 0.904888 0.000001 0.000000 0.001693 0.026264 0.279791
    31 1.219385 -1.063860 0.837143 1.700714 -0.490087 -0.201253
    32 1.496971 -0.000002 -0.000001 -0.211499 -0.093020 -0.524662
    33 1.100086 0.000000 0.000000 0.034391 -0.021604 -0.723527
    34 3.815876 1.385489 -1.500000 1.277975 1.021753 -0.456613
    35 4.327089 -0.000004 0.000000 -3.129428 0.211372 0.791636
    36 11.105106 0.000000 0.000004 0.000000 0.000000 -0.343538
    37 9.862080 -0.000007 0.000017 -1.094722 0.034793 -0.008771
    38 2.641111 0.211586 1.074188 -0.340778 -0.190504 -0.713994
    39 1.361601 0.000000 0.000000 0.033791 0.056509 -0.943913
    40 0.779604 0.000001 0.000000 0.038833 0.124038 0.218150
    41 2.908730 0.220541 0.432493 -0.312825 -0.064540 -0.854119
    42 1.597527 0.000000 0.000000 0.020338 0.043857 -0.899809
    43 0.912678 0.000000 0.000000 -0.002548 -0.008289 0.256412
    44 3.265471 0.051184 -0.415600 -0.320176 -0.091421 -0.907618
    45 1.860470 0.000000 0.000000 0.051611 0.064235 -1.000517
    46 1.061485 0.000000 0.000000 -0.004037 -0.029426 0.237782
    47 3.340403 -0.238762 -1.285691 -0.315698 -0.062609 -0.887483
    48 1.550755 0.000000 0.000000 -0.061667 -0.075946 -1.019680
    49 0.904886 0.000001 0.000000 -0.001669 -0.026281 0.159649
    50 1.219410 -1.061498 -0.840143 -1.725617 0.534025 -0.029356
    51 1.496971 0.000002 0.000000 0.141600 0.113297 -0.458891
    52 1.100088 0.000000 0.000000 -0.031342 0.025865 -0.596322
    53 -11.398438 -16.765625 -0.233521 3.053839 -0.185204 1.843042
    54 0.000000 0.000000 0.000000 -0.077030 -0.068757 -1.299215
    55 7.054213 0.000000 0.000000 0.000000 0.000000 0.000000
    56 0.000000 -0.000007 -0.000031 1.373047 0.113574 0.124314
    57 0.000000 -0.000007 -0.000031 1.373047 0.113574 0.124314
    58 2.856947 -1.536175 -0.973780 -1.501147 -0.272558 -1.578261
    59 0.000000 0.000000 10.000000 0.000000 0.000000 0.000000
    60 2.856899 -1.536201 -0.973800 -1.501147 -0.272558 -1.578261
    61 2.000000 -3.000000 0.000000 -1.570796 0.000000 -1.326450
    62 0.018896 0.665159 9.395880 0.000000 0.000000 0.000000
    63 3.028210 -0.923409 -2.009452 1.574082 -0.012974 1.587244
    64 0.116954 4.311606 0.061861 0.000010 0.000000 0.000000
    65 0.000000 -0.000002 0.000000 0.000000 0.000000 0.000000
    66 0.000000 1.000000 0.000010 0.000000 0.000000 0.000000
    67 -0.000001 0.000000 0.000000 0.000000 0.000000 0.000000
    68 -0.000001 0.000000 0.000000 0.000000 0.000000 0.000000
    69 -0.000001 0.000000 0.000000 0.000000 0.000000 0.000000
time 65
    0 0.108643 -8.632813 26.093750 1.612943 0.123335 -0.197185
    1 3.455587 0.000000 0.000000 -1.700052 -0.194357 -1.442884
    2 16.572346 0.000000 0.000000 0.000000 0.000000 0.427099
    3 16.265829 0.000000 0.000000 -0.061508 0.314056 -0.612556
    4 5.046457 0.000000 0.000000 0.009851 -0.018736 -0.482067
    5 -3.455587 0.000000 0.000000 -1.325328 -0.550557 -2.001750
    6 16.572346 0.000000 0.000000 0.000000 0.000000 0.777741
    7 16.265831 0.000000 0.000000 0.367487 -0.097072 -0.734769
    8 5.046457 0.000000 0.000000 -0.100235 0.015010 -0.348071
    9 0.000000 3.703728 0.293189 1.576163 -0.204093 1.612192
    10 3.307846 0.000000 0.000000 0.005599 0.025966 -0.128307
    11 3.297962 0.000000 0.000000 0.000884 0.020175 -0.169574
    12 6.040985 0.000000 0.000000 0.007663 0.027484 0.252266
    13 5.065758 0.000000 0.000000 2.873428 -0.083525 -0.132265
    14 3.993755 0.000000 0.000000 -0.208924 0.082452 0.997047
    15 3.815876 1.385489 1.500000 -1.659670 -1.025286 -0.099113
    16 4.327093 0.000004 0.000000 -3.111169 -0.058711 0.762662
    17 11.105114 0.000000 0.000000 0.000000 0.000000 -0.536272
    18 9.862099 -0.000011 -0.000031 1.385336 -0.029779 0.275037
    19 2.641094 0.214619 -1.073586 0.343640 0.190540 -0.806457
    20 1.361605 -0.000002 0.000000 -0.033852 -0.056532 -1.168171
    21 0.779602 0.000002 0.000000 -0.038792 -0.123973 0.252811
    22 2.908712 0.221762 -0.431868 0.315656 0.064476 -0.893331
    23 1.597527 0.000001 0.000000 -0.020331 -0.043837 -1.158634
    24 0.912680 0.000001 0.000000 0.002529 0.008221 0.233624
    25 3.265450 0.050007 0.415744 0.322996 0.091423 -1.049966
    26 1.860470 0.000000 0.000000 -0.051601 -0.064213 -1.194101
    27 1.061481 -0.000001 0.000000 0.004104 0.029474 0.404443
    28 3.340382 -0.242393 1.285012 0.318526 0.062572 -1.131184
    29 1.550753 0.000001 0.000000 0.061672 0.075949 -1.038656
    30 0.904888 0.000001 0.000000 0.001693 0.026264 0.279791
    31 1.219385 -1.063860 0.837143 1.700714 -0.490087 -0.201253
    32 1.496971 -0.000002 -0.000001 -0.211499 -0.093020 -0.524662
    33 1.100086 0.000000 0.000000 0.034391 -0.021604 -0.723527
    34 3.815876 1.385489 -1.500000 1.325820 1.010098 -0.401798
    35 4.327089 -0.000004 0.000000 -3.134840 0.224655 0.772255
    36 11.105106 0.000000 0.000004 0.000000 0.000000 -0.328303
    37 9.862080 -0.000007 0.000017 -1.066285 0.065540 -0.023847
    38 2.641111 0.211586 1.074188 -0.340778 -0.190504 -0.713994
    39 1.361601 0.000000 0.000000 0.033791 0.056509 -0.943913
    40 0.779604 0.000001 0.000000 0.038833 0.124038 0.218150
    41 2.908730 0.220541 0.432493 -0.312825 -0.064540 -0.854119
    42 1.597527 0.000000 0.000000 0.020338 0.043857 -0.899809
    43 0.912678 0.000000 0.000000 -0.002548 -0.008289 0.256412
    44 3.265471 0.051184 -0.415600 -0.320176 -0.091421 -0.907618
    45 1.860470 0.000000 0.000000 0.051611 0.064235 -1.000517
    46 1.061485 0.000000 0.000000 -0.004037 -0.029426 0.237782
    47 3.340403 -0.238762 -1.285691 -0.315698 -0.062609 -0.887483
    48 1.550755 0.000000 0.000000 -0.061667 -0.075946 -1.019680
    49 0.904886 0.000001 0.000000 -0.001669 -0.026281 0.159649
    50 1.219410 -1.061498 -0.840143 -1.725617 0.534025 -0.029356
    51 1.496971 0.000002 0.000000 0.141600 0.113297 -0.458891
    52 1.100088 0.000000 0.000000 -0.031342 0.025865 -0.596322
    53 -11.421875 -17.062500 0.936523 3.049006 -0.218465 1.858041
    54 0.000000 0.000000 0.000000 -0.077030 -0.068757 -1.299215
    55 7.054213 0.000000 0.000000 0.000000 0.000000 0.000000
    56 0.000000 -0.000007 -0.000031 1.373047 0.113574 0.124314
    57 0.000000 -0.000007 -0.000031 1.373047 0.113574 0.124314
    58 2.856947 -1.536175 -0.973780 -1.501147 -0.272558 -1.578261
    59 0.000000 0.000000 10.000000 0.000000 0.000000 0.000000
    60 2.856899 -1.536201 -0.973800 -1.501147 -0.272558 -1.578261
    61 2.000000 -3.000000 0.000000 -1.570796 0.000000 -1.326450
    62 0.018896 0.665159 9.395880 0.000000 0.000000 0.000000
    63 3.028210 -0.923409 -2.009452 1.574082 -0.012974 1.587244
    64 0.116954 4.311606 0.061861 0.000010 0.000000 0.000000
    65 0.000000 -0.000002 0.000000 0.000000 0.000000 0.000000
    66 0.000000 1.000000 0.000010 0.000000 0.000000 0.000000
    67 -0.000001 0.000000 0.000000 0.000000 0.000000 0.000000
    68 -0.000001 0.000000 0.000000 0.000000 0.000000 0.000000
    69 -0.000001 0.000000 0.000000 0.000000 0.000000 0.000000
time 66
    0 0.616211 -8.429688 26.140625 1.615033 0.119093 -0.214958
    1 3.455587 0.000000 0.000000 -1.763310 -0.199401 -1.436180
    2 16.572346 0.000000 0.000000 0.000000 0.000000 0.428159
    3 16.265829 0.000000 0.000000 -0.099111 0.392082 -0.604907
    4 5.046457 0.000000 0.000000 0.009838 -0.018767 -0.471761
    5 -3.455587 0.000000 0.000000 -1.319012 -0.579755 -1.978444
    6 16.572346 0.000000 0.000000 0.000000 0.000000 0.779234
    7 16.265831 0.000000 0.000000 0.367750 -0.146174 -0.720656
    8 5.046457 0.000000 0.000000 -0.100210 0.014993 -0.352107
    9 0.000000 3.703728 0.293189 1.569509 -0.198833 1.621865
    10 3.307846 0.000000 0.000000 -0.000758 0.030057 -0.130817
    11 3.297962 0.000000 0.000000 -0.004789 0.015710 -0.168145
    12 6.040985 0.000000 0.000000 0.000397 0.019968 0.256329
    13 5.065758 0.000000 0.000000 2.878026 -0.105490 -0.123453
    14 3.993755 0.000000 0.000000 -0.195351 0.097391 0.988925
    15 3.815876 1.385489 1.500000 -1.581529 -1.039273 -0.182329
    16 4.327093 0.000004 0.000000 3.134190 -0.101411 0.772455
    17 11.105114 0.000000 0.000000 0.000000 0.000000 -0.550162
    18 9.862099 -0.000011 -0.000031 1.426767 -0.047801 0.287906
    19 2.641094 0.214619 -1.073586 0.343640 0.190540 -0.806457
    20 1.361605 -0.000002 0.000000 -0.033852 -0.056532 -1.168171
    21 0.779602 0.000002 0.000000 -0.038792 -0.123973 0.252811
    22 2.908712 0.221762 -0.431868 0.315656 0.064476 -0.893331
    23 1.597527 0.000001 0.000000 -0.020331 -0.043837 -1.158634
    24 0.912680 0.000001 0.000000 0.002529 0.008221 0.233624
    25 3.265450 0.050007 0.415744 0.322996 0.091423 -1.049966
    26 1.860470 0.000000 0.000000 -0.051601 -0.064213 -1.194101
    27 1.061481 -0.000001 0.000000 0.004104 0.029474 0.404443
    28 3.340382 -0.242393 1.285012 0.318526 0.062572 -1.131184
    29 1.550753 0.000001 0.000000 0.061672 0.075949 -1.038656
    30 0.904888 0.000001 0.000000 0.001693 0.026264 0.279791
    31 1.219385 -1.063860 0.837143 1.700714 -0.490087 -0.201253
    32 1.496971 -0.000002 -0.000001 -0.211499 -0.093020 -0.524662
    33 1.100086 0.000000 0.000000 0.034391 -0.021604 -0.723527
    34 3.815876 1.385489 -1.500000 1.391745 0.993588 -0.335193
    35 4.327089 -0.000004 0.000000 3.138789 0.235566 0.745093
    36 11.105106 0.000000 0.000004 0.000000 0.000000 -0.328215
    37 9.862080 -0.000007 0.000017 -1.045557 0.081640 -0.034602
    38 2.641111 0.211586 1.074188 -0.340778 -0.190504 -0.713994
    39 1.361601 0.000000 0.000000 0.033791 0.056509 -0.943913
    40 0.779604 0.000001 0.000000 0.038833 0.124038 0.218150
    41 2.908730 0.220541 0.432493 -0.312825 -0.064540 -0.854119
    42 1.597527 0.000000 0.000000 0.020338 0.043857 -0.899809
    43 0.912678 0.000000 0.000000 -0.002548 -0.008289 0.256412
    44 3.265471 0.051184 -0.415600 -0.320176 -0.091421 -0.907618
    45 1.860470 0.000000 0.000000 0.051611 0.064235 -1.000517
    46 1.061485 0.000000 0.000000 -0.004037 -0.029426 0.237782
    47 3.340403 -0.238762 -1.285691 -0.315698 -0.062609 -0.887483
    48 1.550755 0.000000 0.000000 -0.061667 -0.075946 -1.019680
    49 0.904886 0.000001 0.000000 -0.001669 -0.026281 0.159649
    50 1.219410 -1.061498 -0.840143 -1.725617 0.534025 -0.029356
    51 1.496971 0.000002 0.000000 0.141600 0.113297 -0.458891
    52 1.100088 0.000000 0.000000 -0.031342 0.025865 -0.596322
    53 -11.804688 -17.250000 2.007813 3.033702 -0.268051 1.877693
    54 0.000000 0.000000 0.000000 -0.077030 -0.068757 -1.299215
    55 7.054213 0.000000 0.000000 0.000000 0.000000 0.000000
    56 0.000000 -0.000007 -0.000031 1.373047 0.113574 0.124314
    57 0.000000 -0.000007 -0.000031 1.373047 0.113574 0.124314
    58 2.856947 -1.536175 -0.973780 -1.501147 -0.272558 -1.578261
    59 0.000000 0.000000 10.000000 0.000000 0.000000 0.000000
    60 2.856899 -1.536201 -0.973800 -1.501147 -0.272558 -1.578261
    61 2.000000 -3.000000 0.000000 -1.570796 0.000000 -1.326450
    62 0.018896 0.665159 9.395880 0.000000 0.000000 0.000000
    63 3.028210 -0.923409 -2.009452 1.574082 -0.012974 1.587244
    64 0.116954 4.311606 0.061861 0.000010 0.000000 0.000000
    65 0.000000 -0.000002 0.000000 0.000000 0.000000 0.000000
    66 0.000000 1.000000 0.000010 0.000000 0.000000 0.000000
    67 -0.000001 0.000000 0.000000 0.000000 0.000000 0.000000
    68 -0.000001 0.000000 0.000000 0.000000 0.000000 0.000000
    69 -0.000001 0.000000 0.000000 0.000000 0.000000 0.000000
time 67
    0 1.071289 -8.281250 26.234375 1.616702 0.108282 -0.220506
    1 3.455587 0.000000 0.000000 -1.817807 -0.203220 -1.427224
    2 16.572346 0.000000 0.000000 0.000000 0.000000 0.450892
    3 16.265829 0.000000 0.000000 -0.181609 0.364649 -0.656091
    4 5.046457 0.000000 0.000000 0.009911 -0.018754 -0.504056
    5 -3.455587 0.000000 0.000000 -1.316160 -0.596257 -1.960729
    6 16.572346 0.000000 0.000000 0.000000 0.000000 0.772427
    7 16.265831 0.000000 0.000000 0.357592 -0.179942 -0.708654
    8 5.046457 0.000000 0.000000 -0.100207 0.015015 -0.340877
    9 0.000000 3.703728 0.293189 1.564767 -0.189188 1.623953
    10 3.307846 0.000000 0.000000 -0.005661 0.031199 -0.135222
    11 3.297962 0.000000 0.000000 -0.009167 0.013449 -0.164791
    12 6.040985 0.000000 0.000000 -0.004426 0.016441 0.265253
    13 5.065758 0.000000 0.000000 2.881880 -0.123846 -0.122953
    14 3.993755 0.000000 0.000000 -0.184600 0.111941 0.987463
    15 3.815876 1.385489 1.500000 -1.504593 -1.053623 -0.267898
    16 4.327093 0.000004 0.000000 3.057760 -0.164804 0.779560
    17 11.105114 0.000000 0.000000 0.000000 0.000000 -0.579014
    18 9.862099 -0.000011 -0.000031 1.481962 -0.081296 0.302539
    19 2.641094 0.214619 -1.073586 0.343640 0.190540 -0.806457
    20 1.361605 -0.000002 0.000000 -0.033852 -0.056532 -1.168171
    21 0.779602 0.000002 0.000000 -0.038792 -0.123973 0.252811
    22 2.908712 0.221762 -0.431868 0.315656 0.064476 -0.893331
    23 1.597527 0.000001 0.000000 -0.020331 -0.043837 -1.158634
    24 0.912680 0.000001 0.000000 0.002529 0.008221 0.233624
    25 3.265450 0.050007 0.415744 0.322996 0.091423 -1.049966
    26 1.860470 0.000000 0.000000 -0.051601 -0.064213 -1.194101
    27 1.061481 -0.000001 0.000000 0.004104 0.029474 0.404443
    28 3.340382 -0.242393 1.285012 0.318526 0.062572 -1.131184
    29 1.550753 0.000001 0.000000 0.061672 0.075949 -1.038656
    30 0.904888 0.000001 0.000000 0.001693 0.026264 0.279791
    31 1.219385 -1.063860 0.837143 1.700714 -0.490087 -0.201253
    32 1.496971 -0.000002 -0.000001 -0.211499 -0.093020 -0.524662
    33 1.100086 0.000000 0.000000 0.034391 -0.021604 -0.723527
    34 3.815876 1.385489 -1.500000 1.444874 0.980392 -0.280516
    35 4.327089 -0.000004 0.000000 3.110331 0.237174 0.726579
    36 11.105106 0.000000 0.000004 0.000000 0.000000 -0.331453
    37 9.862080 -0.000007 0.000017 -1.030418 0.090574 -0.025497
    38 2.641111 0.211586 1.074188 -0.340778 -0.190504 -0.713994
    39 1.361601 0.000000 0.000000 0.033791 0.056509 -0.943913
    40 0.779604 0.000001 0.000000 0.038833 0.124038 0.218150
    41 2.908730 0.220541 0.432493 -0.312825 -0.064540 -0.854119
    42 1.597527 0.000000 0.000000 0.020338 0.043857 -0.899809
    43 0.912678 0.000000 0.000000 -0.002548 -0.008289 0.256412
    44 3.265471 0.051184 -0.415600 -0.320176 -0.091421 -0.907618
    45 1.860470 0.000000 0.000000 0.051611 0.064235 -1.000517
    46 1.061485 0.000000 0.000000 -0.004037 -0.029426 0.237782
    47 3.340403 -0.238762 -1.285691 -0.315698 -0.062609 -0.887483
    48 1.550755 0.000000 0.000000 -0.061667 -0.075946 -1.019680
    49 0.904886 0.000001 0.000000 -0.001669 -0.026281 0.159649
    50 1.219410 -1.061498 -0.840143 -1.725617 0.534025 -0.029356
    51 1.496971 0.000002 0.000000 0.141600 0.113297 -0.458891
    52 1.100088 0.000000 0.000000 -0.031342 0.025865 -0.596322
    53 -12.898438 -17.140625 2.683594 3.009455 -0.343803 1.908549
    54 0.000000 0.000000 0.000000 -0.077030 -0.068757 -1.299215
    55 7.054213 0.000000 0.000000 0.000000 0.000000 0.000000
    56 0.000000 -0.000007 -0.000031 1.373047 0.113574 0.124314
    57 0.000000 -0.000007 -0.000031 1.373047 0.113574 0.124314
    58 2.856947 -1.536175 -0.973780 -1.501147 -0.272558 -1.578261
    59 0.000000 0.000000 10.000000 0.000000 0.000000 0.000000
    60 2.856899 -1.536201 -0.973800 -1.501147 -0.272558 -1.578261
    61 2.000000 -3.000000 0.000000 -1.570796 0.000000 -1.326450
    62 0.018896 0.665159 9.395880 0.000000 0.000000 0.000000
    63 3.028210 -0.923409 -2.009452 1.574082 -0.012974 1.587244
    64 0.116954 4.311606 0.061861 0.000010 0.000000 0.000000
    65 0.000000 -0.000002 0.000000 0.000000 0.000000 0.000000
    66 0.000000 1.000000 0.000010 0.000000 0.000000 0.000000
    67 -0.000001 0.000000 0.000000 0.000000 0.000000 0.000000
    68 -0.000001 0.000000 0.000000 0.000000 0.000000 0.000000
    69 -0.000001 0.000000 0.000000 0.000000 0.000000 0.000000
time 68
    0 1.395508 -8.273438 26.406250 1.616422 0.094950 -0.210006
    1 3.455587 0.000000 0.000000 -1.851613 -0.200884 -1.411831
    2 16.572346 0.000000 0.000000 0.000000 0.000000 0.485681
    3 16.265829 0.000000 0.000000 -0.257027 0.262991 -0.726534
    4 5.046457 0.000000 0.000000 0.009860 -0.018758 -0.507533
    5 -3.455587 0.000000 0.000000 -1.313970 -0.591571 -1.944999
    6 16.572346 0.000000 0.000000 0.000000 0.000000 0.759676
    7 16.265831 0.000000 0.000000 0.340993 -0.204850 -0.698744
    8 5.046457 0.000000 0.000000 -0.100186 0.015012 -0.323086
    9 0.000000 3.703728 0.293189 1.563530 -0.170735 1.619408
    10 3.307846 0.000000 0.000000 -0.006805 0.029543 -0.143974
    11 3.297962 0.000000 0.000000 -0.009479 0.012588 -0.157340
    12 6.040985 0.000000 0.000000 -0.005358 0.014370 0.283986
    13 5.065758 0.000000 0.000000 2.882524 -0.131570 -0.134607
    14 3.993755 0.000000 0.000000 -0.182294 0.122377 0.995269
    15 3.815876 1.385489 1.500000 -1.474107 -1.064202 -0.318143
    16 4.327093 0.000004 0.000000 2.938412 -0.253689 0.784002
    17 11.105114 0.000000 0.000000 0.000000 0.000000 -0.624298
    18 9.862099 -0.000011 -0.000031 1.568694 -0.111880 0.311896
    19 2.641094 0.214619 -1.073586 0.343640 0.190540 -0.806457
    20 1.361605 -0.000002 0.000000 -0.033852 -0.056532 -1.168171
    21 0.779602 0.000002 0.000000 -0.038792 -0.123973 0.252811
    22 2.908712 0.221762 -0.431868 0.315656 0.064476 -0.893331
    23 1.597527 0.000001 0.000000 -0.020331 -0.043837 -1.158634
    24 0.912680 0.000001 0.000000 0.002529 0.008221 0.233624
    25 3.265450 0.050007 0.415744 0.322996 0.091423 -1.049966
    26 1.860470 0.000000 0.000000 -0.051601 -0.064213 -1.194101
    27 1.061481 -0.000001 0.000000 0.004104 0.029474 0.404443
    28 3.340382 -0.242393 1.285012 0.318526 0.062572 -1.131184
    29 1.550753 0.000001 0.000000 0.061672 0.075949 -1.038656
    30 0.904888 0.000001 0.000000 0.001693 0.026264 0.279791
    31 1.219385 -1.063860 0.837143 1.700714 -0.490087 -0.201253
    32 1.496971 -0.000002 -0.000001 -0.211499 -0.093020 -0.524662
    33 1.100086 0.000000 0.000000 0.034391 -0.021604 -0.723527
    34 3.815876 1.385489 -1.500000 1.464301 0.985320 -0.256991
    35 4.327089 -0.000004 0.000000 3.062866 0.234565 0.720280
    36 11.105106 0.000000 0.000004 0.000000 0.000000 -0.341435
    37 9.862080 -0.000007 0.000017 -1.018218 0.107923 -0.008320
    38 2.641111 0.211586 1.074188 -0.340778 -0.190504 -0.713994
    39 1.361601 0.000000 0.000000 0.033791 0.056509 -0.943913
    40 0.779604 0.000001 0.000000 0.038833 0.124038 0.218150
    41 2.908730 0.220541 0.432493 -0.312825 -0.064540 -0.854119
    42 1.597527 0.000000 0.000000 0.020338 0.043857 -0.899809
    43 0.912678 0.000000 0.000000 -0.002548 -0.008289 0.256412
    44 3.265471 0.051184 -0.415600 -0.320176 -0.091421 -0.907618
    45 1.860470 0.000000 0.000000 0.051611 0.064235 -1.000517
    46 1.061485 0.000000 0.000000 -0.004037 -0.029426 0.237782
    47 3.340403 -0.238762 -1.285691 -0.315698 -0.062609 -0.887483
    48 1.550755 0.000000 0.000000 -0.061667 -0.075946 -1.019680
    49 0.904886 0.000001 0.000000 -0.001669 -0.026281 0.159649
    50 1.219410 -1.061498 -0.840143 -1.725617 0.534025 -0.029356
    51 1.496971 0.000002 0.000000 0.141600 0.113297 -0.458891
    52 1.100088 0.000000 0.000000 -0.031342 0.025865 -0.596322
    53 -14.531250 -16.515625 2.208984 2.976068 -0.459764 1.951744
    54 0.000000 0.000000 0.000000 -0.077030 -0.068757 -1.299215
    55 7.054213 0.000000 0.000000 0.000000 0.000000 0.000000
    56 0.000000 -0.000007 -0.000031 1.373047 0.113574 0.124314
    57 0.000000 -0.000007 -0.000031 1.373047 0.113574 0.124314
    58 2.856947 -1.536175 -0.973780 -1.501147 -0.272558 -1.578261
    59 0.000000 0.000000 10.000000 0.000000 0.000000 0.000000
    60 2.856899 -1.536201 -0.973800 -1.501147 -0.272558 -1.578261
    61 2.000000 -3.000000 0.000000 -1.570796 0.000000 -1.326450
    62 0.018896 0.665159 9.395880 0.000000 0.000000 0.000000
    63 3.028210 -0.923409 -2.009452 1.574082 -0.012974 1.587244
    64 0.116954 4.311606 0.061861 0.000010 0.000000 0.000000
    65 0.000000 -0.000002 0.000000 0.000000 0.000000 0.000000
    66 0.000000 1.000000 0.000010 0.000000 0.000000 0.000000
    67 -0.000001 0.000000 0.000000 0.000000 0.000000 0.000000
    68 -0.000001 0.000000 0.000000 0.000000 0.000000 0.000000
    69 -0.000001 0.000000 0.000000 0.000000 0.000000 0.000000
time 69
    0 1.556641 -8.328125 26.625000 1.608000 0.082767 -0.181429
    1 3.455587 0.000000 0.000000 -1.869508 -0.188792 -1.387640
    2 16.572346 0.000000 0.000000 0.000000 0.000000 0.522945
    3 16.265829 0.000000 0.000000 -0.307475 0.139940 -0.777021
    4 5.046457 0.000000 0.000000 0.009907 -0.018730 -0.479134
    5 -3.455587 0.000000 0.000000 -1.322206 -0.561308 -1.922506
    6 16.572346 0.000000 0.000000 0.000000 0.000000 0.741305
    7 16.265831 0.000000 0.000000 0.320374 -0.218374 -0.683315
    8 5.046457 0.000000 0.000000 -0.100196 0.014971 -0.318531
    9 0.000000 3.703728 0.293189 1.564609 -0.164226 1.610919
    10 3.307846 0.000000 0.000000 -0.005862 0.025275 -0.148444
    11 3.297962 0.000000 0.000000 -0.008276 0.012501 -0.159843
    12 6.040985 0.000000 0.000000 -0.004017 0.014696 0.282077
    13 5.065758 0.000000 0.000000 2.876722 -0.133822 -0.131885
    14 3.993755 0.000000 0.000000 -0.187412 0.129567 0.990321
    15 3.815876 1.385489 1.500000 -1.457521 -1.064659 -0.347467
    16 4.327093 0.000004 0.000000 2.866879 -0.355763 0.781573
    17 11.105114 0.000000 0.000000 0.000000 0.000000 -0.678148
    18 9.862099 -0.000011 -0.000031 1.624485 -0.146874 0.327463
    19 2.641094 0.214619 -1.073586 0.343640 0.190540 -0.806457
    20 1.361605 -0.000002 0.000000 -0.033852 -0.056532 -1.168171
    21 0.779602 0.000002 0.000000 -0.038792 -0.123973 0.252811
    22 2.908712 0.221762 -0.431868 0.315656 0.064476 -0.893331
    23 1.597527 0.000001 0.000000 -0.020331 -0.043837 -1.158634
    24 0.912680 0.000001 0.000000 0.002529 0.008221 0.233624
    25 3.265450 0.050007 0.415744 0.322996 0.091423 -1.049966
    26 1.860470 0.000000 0.000000 -0.051601 -0.064213 -1.194101
    27 1.061481 -0.000001 0.000000 0.004104 0.029474 0.404443
    28 3.340382 -0.242393 1.285012 0.318526 0.062572 -1.131184
    29 1.550753 0.000001 0.000000 0.061672 0.075949 -1.038656
    30 0.904888 0.000001 0.000000 0.001693 0.026264 0.279791
    31 1.219385 -1.063860 0.837143 1.700714 -0.490087 -0.201253
    32 1.496971 -0.000002 -0.000001 -0.211499 -0.093020 -0.524662
    33 1.100086 0.000000 0.000000 0.034391 -0.021604 -0.723527
    34 3.815876 1.385489 -1.500000 1.448721 1.004120 -0.254983
    35 4.327089 -0.000004 0.000000 3.053565 0.248793 0.706037
    36 11.105106 0.000000 0.000004 0.000000 0.000000 -0.382419
    37 9.862080 -0.000007 0.000017 -1.031830 0.119712 0.005000
    38 2.641111 0.211586 1.074188 -0.340778 -0.190504 -0.713994
    39 1.361601 0.000000 0.000000 0.033791 0.056509 -0.943913
    40 0.779604 0.000001 0.000000 0.038833 0.124038 0.218150
    41 2.908730 0.220541 0.432493 -0.312825 -0.064540 -0.854119
    42 1.597527 0.000000 0.000000 0.020338 0.043857 -0.899809
    43 0.912678 0.000000 0.000000 -0.002548 -0.008289 0.256412
    44 3.265471 0.051184 -0.415600 -0.320176 -0.091421 -0.907618
    45 1.860470 0.000000 0.000000 0.051611 0.064235 -1.000517
    46 1.061485 0.000000 0.000000 -0.004037 -0.029426 0.237782
    47 3.340403 -0.238762 -1.285691 -0.315698 -0.062609 -0.887483
    48 1.550755 0.000000 0.000000 -0.061667 -0.075946 -1.019680
    49 0.904886 0.000001 0.000000 -0.001669 -0.026281 0.159649
    50 1.219410 -1.061498 -0.840143 -1.725617 0.534025 -0.029356
    51 1.496971 0.000002 0.000000 0.141600 0.113297 -0.458891
    52 1.100088 0.000000 0.000000 -0.031342 0.025865 -0.596322
    53 -16.265625 -15.484375 1.486328 2.934308 -0.513609 2.000601
    54 0.000000 0.000000 0.000000 -0.077030 -0.068757 -1.299215
    55 7.054213 0.000000 0.000000 0.000000 0.000000 0.000000
    56 0.000000 -0.000007 -0.000031 1.373047 0.113574 0.124314
    57 0.000000 -0.000007 -0.000031 1.373047 0.113574 0.124314
    58 2.856947 -1.536175 -0.973780 -1.501147 -0.272558 -1.578261
    59 0.000000 0.000000 10.000000 0.000000 0.000000 0.000000
    60 2.856899 -1.536201 -0.973800 -1.501147 -0.272558 -1.578261
    61 2.000000 -3.000000 0.000000 -1.570796 0.000000 -1.326450
    62 0.018896 0.665159 9.395880 0.000000 0.000000 0.000000
    63 3.028210 -0.923409 -2.009452 1.574082 -0.012974 1.587244
    64 0.116954 4.311606 0.061861 0.000010 0.000000 0.000000
    65 0.000000 -0.000002 0.000000 0.000000 0.000000 0.000000
    66 0.000000 1.000000 0.000010 0.000000 0.000000 0.000000
    67 -0.000001 0.000000 0.000000 0.000000 0.000000 0.000000
    68 -0.000001 0.000000 0.000000 0.000000 0.000000 0.000000
    69 -0.000001 0.000000 0.000000 0.000000 0.000000 0.000000
time 70
    0 1.708984 -8.437500 26.859375 1.591992 0.068495 -0.142510
    1 3.455587 0.000000 0.000000 -1.863078 -0.170083 -1.365401
    2 16.572346 0.000000 0.000000 0.000000 0.000000 0.562820
    3 16.265829 0.000000 0.000000 -0.316881 0.019158 -0.801672
    4 5.046457 0.000000 0.000000 0.009906 -0.018779 -0.461114
    5 -3.455587 0.000000 0.000000 -1.333072 -0.512630 -1.904157
    6 16.572346 0.000000 0.000000 0.000000 0.000000 0.720324
    7 16.265831 0.000000 0.000000 0.295987 -0.227477 -0.665764
    8 5.046457 0.000000 0.000000 -0.100208 0.015013 -0.335528
    9 0.000000 3.703728 0.293189 1.565217 -0.166661 1.605238
    10 3.307846 0.000000 0.000000 -0.005379 0.021156 -0.148164
    11 3.297962 0.000000 0.000000 -0.007421 0.009088 -0.164933
    12 6.040985 0.000000 0.000000 -0.004502 0.010376 0.272578
    13 5.065758 0.000000 0.000000 2.876613 -0.133033 -0.129267
    14 3.993755 0.000000 0.000000 -0.188589 0.134882 0.980885
    15 3.815876 1.385489 1.500000 -1.451251 -1.057285 -0.351575
    16 4.327093 0.000004 0.000000 2.827745 -0.434371 0.773042
    17 11.105114 0.000000 0.000000 0.000000 0.000000 -0.727062
    18 9.862099 -0.000011 -0.000031 1.652034 -0.179331 0.335593
    19 2.641094 0.214619 -1.073586 0.343640 0.190540 -0.806457
    20 1.361605 -0.000002 0.000000 -0.033852 -0.056532 -1.168171
    21 0.779602 0.000002 0.000000 -0.038792 -0.123973 0.252811
    22 2.908712 0.221762 -0.431868 0.315656 0.064476 -0.893331
    23 1.597527 0.000001 0.000000 -0.020331 -0.043837 -1.158634
    24 0.912680 0.000001 0.000000 0.002529 0.008221 0.233624
    25 3.265450 0.050007 0.415744 0.322996 0.091423 -1.049966
    26 1.860470 0.000000 0.000000 -0.051601 -0.064213 -1.194101
    27 1.061481 -0.000001 0.000000 0.004104 0.029474 0.404443
    28 3.340382 -0.242393 1.285012 0.318526 0.062572 -1.131184
    29 1.550753 0.000001 0.000000 0.061672 0.075949 -1.038656
    30 0.904888 0.000001 0.000000 0.001693 0.026264 0.279791
    31 1.219385 -1.063860 0.837143 1.700714 -0.490087 -0.201253
    32 1.496971 -0.000002 -0.000001 -0.211499 -0.093020 -0.524662
    33 1.100086 0.000000 0.000000 0.034391 -0.021604 -0.723527
    34 3.815876 1.385489 -1.500000 1.423599 1.024248 -0.272060
    35 4.327089 -0.000004 0.000000 3.074483 0.280423 0.684496
    36 11.105106 0.000000 0.000004 0.000000 0.000000 -0.434876
    37 9.862080 -0.000007 0.000017 -1.065649 0.123849 0.018550
    38 2.641111 0.211586 1.074188 -0.340778 -0.190504 -0.713994
    39 1.361601 0.000000 0.000000 0.033791 0.056509 -0.943913
    40 0.779604 0.000001 0.000000 0.038833 0.124038 0.218150
    41 2.908730 0.220541 0.432493 -0.312825 -0.064540 -0.854119
    42 1.597527 0.000000 0.000000 0.020338 0.043857 -0.899809
    43 0.912678 0.000000 0.000000 -0.002548 -0.008289 0.256412
    44 3.265471 0.051184 -0.415600 -0.320176 -0.091421 -0.907618
    45 1.860470 0.000000 0.000000 0.051611 0.064235 -1.000517
    46 1.061485 0.000000 0.000000 -0.004037 -0.029426 0.237782
    47 3.340403 -0.238762 -1.285691 -0.315698 -0.062609 -0.887483
    48 1.550755 0.000000 0.000000 -0.061667 -0.075946 -1.019680
    49 0.904886 0.000001 0.000000 -0.001669 -0.026281 0.159649
    50 1.219410 -1.061498 -0.840143 -1.725617 0.534025 -0.029356
    51 1.496971 0.000002 0.000000 0.141600 0.113297 -0.458891
    52 1.100088 0.000000 0.000000 -0.031342 0.025865 -0.596322
    53 -17.953125 -14.031250 0.602051 2.898048 -0.527621 2.040807
    54 0.000000 0.000000 0.000000 -0.077030 -0.068757 -1.299215
    55 7.054213 0.000000 0.000000 0.000000 0.000000 0.000000
    56 0.000000 -0.000007 -0.000031 1.373047 0.113574 0.124314
    57 0.000000 -0.000007 -0.000031 1.373047 0.113574 0.124314
    58 2.856947 -1.536175 -0.973780 -1.501147 -0.272558 -1.578261
    59 0.000000 0.000000 10.000000 0.000000 0.000000 0.000000
    60 2.856899 -1.536201 -0.973800 -1.501147 -0.272558 -1.578261
    61 2.000000 -3.000000 0.000000 -1.570796 0.000000 -1.326450
    62 0.018896 0.665159 9.395880 0.000000 0.000000 0.000000
    63 3.028210 -0.923409 -2.009452 1.574082 -0.012974 1.587244
    64 0.116954 4.311606 0.061861 0.000010 0.000000 0.000000
    65 0.000000 -0.000002 0.000000 0.000000 0.000000 0.000000
    66 0.000000 1.000000 0.000010 0.000000 0.000000 0.000000
    67 -0.000001 0.000000 0.000000 0.000000 0.000000 0.000000
    68 -0.000001 0.000000 0.000000 0.000000 0.000000 0.000000
    69 -0.000001 0.000000 0.000000 0.000000 0.000000 0.000000
time 71
    0 1.854492 -8.609375 27.046875 1.576329 0.053095 -0.089478
    1 3.455587 0.000000 0.000000 -1.836630 -0.154332 -1.345633
    2 16.572346 0.000000 0.000000 0.000000 0.000000 0.598047
    3 16.265829 0.000000 0.000000 -0.324815 -0.075007 -0.808352
    4 5.046457 0.000000 0.000000 0.009874 -0.018772 -0.466613
    5 -3.455587 0.000000 0.000000 -1.342832 -0.452897 -1.889871
    6 16.572346 0.000000 0.000000 0.000000 0.000000 0.697312
    7 16.265831 0.000000 0.000000 0.295455 -0.224357 -0.662600
    8 5.046457 0.000000 0.000000 -0.100152 0.015014 -0.353687
    9 0.000000 3.703728 0.293189 1.564014 -0.166548 1.601165
    10 3.307846 0.000000 0.000000 -0.006478 0.018389 -0.148771
    11 3.297962 0.000000 0.000000 -0.008147 0.007288 -0.167094
    12 6.040985 0.000000 0.000000 -0.005802 0.008625 0.268917
    13 5.065758 0.000000 0.000000 2.873473 -0.136434 -0.126278
    14 3.993755 0.000000 0.000000 -0.190688 0.140531 0.973501
    15 3.815876 1.385489 1.500000 -1.454359 -1.065965 -0.347842
    16 4.327093 0.000004 0.000000 2.767026 -0.509317 0.782598
    17 11.105114 0.000000 0.000000 0.000000 0.000000 -0.756702
    18 9.862099 -0.000011 -0.000031 1.679973 -0.206752 0.330068
    19 2.641094 0.214619 -1.073586 0.343640 0.190540 -0.806457
    20 1.361605 -0.000002 0.000000 -0.033852 -0.056532 -1.168171
    21 0.779602 0.000002 0.000000 -0.038792 -0.123973 0.252811
    22 2.908712 0.221762 -0.431868 0.315656 0.064476 -0.893331
    23 1.597527 0.000001 0.000000 -0.020331 -0.043837 -1.158634
    24 0.912680 0.000001 0.000000 0.002529 0.008221 0.233624
    25 3.265450 0.050007 0.415744 0.322996 0.091423 -1.049966
    26 1.860470 0.000000 0.000000 -0.051601 -0.064213 -1.194101
    27 1.061481 -0.000001 0.000000 0.004104 0.029474 0.404443
    28 3.340382 -0.242393 1.285012 0.318526 0.062572 -1.131184
    29 1.550753 0.000001 0.000000 0.061672 0.075949 -1.038656
    30 0.904888 0.000001 0.000000 0.001693 0.026264 0.279791
    31 1.219385 -1.063860 0.837143 1.700714 -0.490087 -0.201253
    32 1.496971 -0.000002 -0.000001 -0.211499 -0.093020 -0.524662
    33 1.100086 0.000000 0.000000 0.034391 -0.021604 -0.723527
    34 3.815876 1.385489 -1.500000 1.405220 1.037525 -0.300407
    35 4.327089 -0.000004 0.000000 3.090785 0.316383 0.667317
    36 11.105106 0.000000 0.000004 0.000000 0.000000 -0.483458
    37 9.862080 -0.000007 0.000017 -1.105649 0.120031 0.032359
    38 2.641111 0.211586 1.074188 -0.340778 -0.190504 -0.713994
    39 1.361601 0.000000 0.000000 0.033791 0.056509 -0.943913
    40 0.779604 0.000001 0.000000 0.038833 0.124038 0.218150
    41 2.908730 0.220541 0.432493 -0.312825 -0.064540 -0.854119
    42 1.597527 0.000000 0.000000 0.020338 0.043857 -0.899809
    43 0.912678 0.000000 0.000000 -0.002548 -0.008289 0.256412
    44 3.265471 0.051184 -0.415600 -0.320176 -0.091421 -0.907618
    45 1.860470 0.000000 0.000000 0.051611 0.064235 -1.000517
    46 1.061485 0.000000 0.000000 -0.004037 -0.029426 0.237782
    47 3.340403 -0.238762 -1.285691 -0.315698 -0.062609 -0.887483
    48 1.550755 0.000000 0.000000 -0.061667 -0.075946 -1.019680
    49 0.904886 0.000001 0.000000 -0.001669 -0.026281 0.159649
    50 1.219410 -1.061498 -0.840143 -1.725617 0.534025 -0.029356
    51 1.496971 0.000002 0.000000 0.141600 0.113297 -0.458891
    52 1.100088 0.000000 0.000000 -0.031342 0.025865 -0.596322
    53 -19.078125 -12.039063 -0.997070 2.863278 -0.557509 2.066185
    54 0.000000 0.000000 0.000000 -0.077030 -0.068757 -1.299215
    55 7.054213 0.000000 0.000000 0.000000 0.000000 0.000000
    56 0.000000 -0.000007 -0.000031 1.373047 0.113574 0.124314
    57 0.000000 -0.000007 -0.000031 1.373047 0.113574 0.124314
    58 2.856947 -1.536175 -0.973780 -1.501147 -0.272558 -1.578261
    59 0.000000 0.000000 10.000000 0.000000 0.000000 0.000000
    60 2.856899 -1.536201 -0.973800 -1.501147 -0.272558 -1.578261
    61 2.000000 -3.000000 0.000000 -1.570796 0.000000 -1.326450
    62 0.018896 0.665159 9.395880 0.000000 0.000000 0.000000
    63 3.028210 -0.923409 -2.009452 1.574082 -0.012974 1.587244
    64 0.116954 4.311606 0.061861 0.000010 0.000000 0.000000
    65 0.000000 -0.000002 0.000000 0.000000 0.000000 0.000000
    66 0.000000 1.000000 0.000010 0.000000 0.000000 0.000000
    67 -0.000001 0.000000 0.000000 0.000000 0.000000 0.000000
    68 -0.000001 0.000000 0.000000 0.000000 0.000000 0.000000
    69 -0.000001 0.000000 0.000000 0.000000 0.000000 0.000000
time 72
    0 1.939453 -8.835938 27.218750 1.565470 0.036612 -0.027287
    1 3.455587 0.000000 0.000000 -1.812526 -0.148339 -1.323748
    2 16.572346 0.000000 0.000000 0.000000 0.000000 0.634830
    3 16.265829 0.000000 0.000000 -0.286233 -0.112373 -0.804701
    4 5.046457 0.000000 0.000000 0.009890 -0.018718 -0.452516
    5 -3.455587 0.000000 0.000000 -1.351554 -0.391260 -1.875854
    6 16.572346 0.000000 0.000000 0.000000 0.000000 0.672933
    7 16.265831 0.000000 0.000000 0.302272 -0.208486 -0.670515
    8 5.046457 0.000000 0.000000 -0.100175 0.015050 -0.354656
    9 0.000000 3.703728 0.293189 1.562922 -0.162060 1.595012
    10 3.307846 0.000000 0.000000 -0.007684 0.014568 -0.151362
    11 3.297962 0.000000 0.000000 -0.009074 0.005907 -0.167871
    12 6.040985 0.000000 0.000000 -0.006900 0.008249 0.268565
    13 5.065758 0.000000 0.000000 2.876592 -0.134201 -0.121852
    14 3.993755 0.000000 0.000000 -0.188685 0.139322 0.967201
    15 3.815876 1.385489 1.500000 -1.465330 -1.066061 -0.335443
    16 4.327093 0.000004 0.000000 2.714097 -0.572251 0.784473
    17 11.105114 0.000000 0.000000 0.000000 0.000000 -0.780821
    18 9.862099 -0.000011 -0.000031 1.694882 -0.227902 0.325608
    19 2.641094 0.214619 -1.073586 0.343640 0.190540 -0.806457
    20 1.361605 -0.000002 0.000000 -0.033852 -0.056532 -1.168171
    21 0.779602 0.000002 0.000000 -0.038792 -0.123973 0.252811
    22 2.908712 0.221762 -0.431868 0.315656 0.064476 -0.893331
    23 1.597527 0.000001 0.000000 -0.020331 -0.043837 -1.158634
    24 0.912680 0.000001 0.000000 0.002529 0.008221 0.233624
    25 3.265450 0.050007 0.415744 0.322996 0.091423 -1.049966
    26 1.860470 0.000000 0.000000 -0.051601 -0.064213 -1.194101
    27 1.061481 -0.000001 0.000000 0.004104 0.029474 0.404443
    28 3.340382 -0.242393 1.285012 0.318526 0.062572 -1.131184
    29 1.550753 0.000001 0.000000 0.061672 0.075949 -1.038656
    30 0.904888 0.000001 0.000000 0.001693 0.026264 0.279791
    31 1.219385 -1.063860 0.837143 1.700714 -0.490087 -0.201253
    32 1.496971 -0.000002 -0.000001 -0.211499 -0.093020 -0.524662
    33 1.100086 0.000000 0.000000 0.034391 -0.021604 -0.723527
    34 3.815876 1.385489 -1.500000 1.361275 1.043457 -0.357252
    35 4.327089 -0.000004 0.000000 3.113523 0.353737 0.647978
    36 11.105106 0.000000 0.000004 0.000000 0.000000 -0.535287
    37 9.862080 -0.000007 0.000017 -1.146744 0.111081 0.043383
    38 2.641111 0.211586 1.074188 -0.340778 -0.190504 -0.713994
    39 1.361601 0.000000 0.000000 0.033791 0.056509 -0.943913
    40 0.779604 0.000001 0.000000 0.038833 0.124038 0.218150
    41 2.908730 0.220541 0.432493 -0.312825 -0.064540 -0.854119
    42 1.597527 0.000000 0.000000 0.020338 0.043857 -0.899809
    43 0.912678 0.000000 0.000000 -0.002548 -0.008289 0.256412
    44 3.265471 0.051184 -0.415600 -0.320176 -0.091421 -0.907618
    45 1.860470 0.000000 0.000000 0.051611 0.064235 -1.000517
    46 1.061485 0.000000 0.000000 -0.004037 -0.029426 0.237782
    47 3.340403 -0.238762 -1.285691 -0.315698 -0.062609 -0.887483
    48 1.550755 0.000000 0.000000 -0.061667 -0.075946 -1.019680
    49 0.904886 0.000001 0.000000 -0.001669 -0.026281 0.159649
    50 1.219410 -1.061498 -0.840143 -1.725617 0.534025 -0.029356
    51 1.496971 0.000002 0.000000 0.141600 0.113297 -0.458891
    52 1.100088 0.000000 0.000000 -0.031342 0.025865 -0.596322
    53 -18.578125 -10.148438 -3.650391 2.835572 -0.570608 2.081801
    54 0.000000 0.000000 0.000000 -0.077030 -0.068757 -1.299215
    55 7.054213 0.000000 0.000000 0.000000 0.000000 0.000000
    56 0.000000 -0.000007 -0.000031 1.373047 0.113574 0.124314
    57 0.000000 -0.000007 -0.000031 1.373047 0.113574 0.124314
    58 2.856947 -1.536175 -0.973780 -1.501147 -0.272558 -1.578261
    59 0.000000 0.000000 10.000000 0.000000 0.000000 0.000000
    60 2.856899 -1.536201 -0.973800 -1.501147 -0.272558 -1.578261
    61 2.000000 -3.000000 0.000000 -1.570796 0.000000 -1.326450
    62 0.018896 0.665159 9.395880 0.000000 0.000000 0.000000
    63 3.028210 -0.923409 -2.009452 1.574082 -0.012974 1.587244
    64 0.116954 4.311606 0.061861 0.000010 0.000000 0.000000
    65 0.000000 -0.000002 0.000000 0.000000 0.000000 0.000000
    66 0.000000 1.000000 0.000010 0.000000 0.000000 0.000000
    67 -0.000001 0.000000 0.000000 0.000000 0.000000 0.000000
    68 -0.000001 0.000000 0.000000 0.000000 0.000000 0.000000
    69 -0.000001 0.000000 0.000000 0.000000 0.000000 0.000000
time 73
    0 2.000000 -9.023438 27.312500 1.559351 0.019867 0.027366
    1 3.455587 0.000000 0.000000 -1.808188 -0.150624 -1.298386
    2 16.572346 0.000000 0.000000 0.000000 0.000000 0.672750
    3 16.265829 0.000000 0.000000 -0.245102 -0.114487 -0.789485
    4 5.046457 0.000000 0.000000 0.009867 -0.018751 -0.474869
    5 -3.455587 0.000000 0.000000 -1.373526 -0.340866 -1.856206
    6 16.572346 0.000000 0.000000 0.000000 0.000000 0.647291
    7 16.265831 0.000000 0.000000 0.298811 -0.181397 -0.674055
    8 5.046457 0.000000 0.000000 -0.100214 0.014965 -0.347278
    9 0.000000 3.703728 0.293189 1.561180 -0.157443 1.590687
    10 3.307846 0.000000 0.000000 -0.009363 0.011401 -0.153610
    11 3.297962 0.000000 0.000000 -0.010391 0.004065 -0.167692
    12 6.040985 0.000000 0.000000 -0.008585 0.007351 0.269782
    13 5.065758 0.000000 0.000000 2.886494 -0.131004 -0.122049
    14 3.993755 0.000000 0.000000 -0.180800 0.135616 0.965504
    15 3.815876 1.385489 1.500000 -1.463730 -1.056779 -0.339554
    16 4.327093 0.000004 0.000000 2.685237 -0.619605 0.769009
    17 11.105114 0.000000 0.000000 0.000000 0.000000 -0.801027
    18 9.862099 -0.000011 -0.000031 1.695488 -0.238758 0.322950
    19 2.641094 0.214619 -1.073586 0.343640 0.190540 -0.806457
    20 1.361605 -0.000002 0.000000 -0.033852 -0.056532 -1.168171
    21 0.779602 0.000002 0.000000 -0.038792 -0.123973 0.252811
    22 2.908712 0.221762 -0.431868 0.315656 0.064476 -0.893331
    23 1.597527 0.000001 0.000000 -0.020331 -0.043837 -1.158634
    24 0.912680 0.000001 0.000000 0.002529 0.008221 0.233624
    25 3.265450 0.050007 0.415744 0.322996 0.091423 -1.049966
    26 1.860470 0.000000 0.000000 -0.051601 -0.064213 -1.194101
    27 1.061481 -0.000001 0.000000 0.004104 0.029474 0.404443
    28 3.340382 -0.242393 1.285012 0.318526 0.062572 -1.131184
    29 1.550753 0.000001 0.000000 0.061672 0.075949 -1.038656
    30 0.904888 0.000001 0.000000 0.001693 0.026264 0.279791
    31 1.219385 -1.063860 0.837143 1.700714 -0.490087 -0.201253
    32 1.496971 -0.000002 -0.000001 -0.211499 -0.093020 -0.524662
    33 1.100086 0.000000 0.000000 0.034391 -0.021604 -0.723527
    34 3.815876 1.385489 -1.500000 1.335394 1.036889 -0.400410
    35 4.327089 -0.000004 0.000000 -3.116021 0.393025 0.620376
    36 11.105106 0.000000 0.000004 0.000000 0.000000 -0.584060
    37 9.862080 -0.000007 0.000017 -1.205610 0.086234 0.044265
    38 2.641111 0.211586 1.074188 -0.340778 -0.190504 -0.713994
    39 1.361601 0.000000 0.000000 0.033791 0.056509 -0.943913
    40 0.779604 0.000001 0.000000 0.038833 0.124038 0.218150
    41 2.908730 0.220541 0.432493 -0.312825 -0.064540 -0.854119
    42 1.597527 0.000000 0.000000 0.020338 0.043857 -0.899809
    43 0.912678 0.000000 0.000000 -0.002548 -0.008289 0.256412
    44 3.265471 0.051184 -0.415600 -0.320176 -0.091421 -0.907618
    45 1.860470 0.000000 0.000000 0.051611 0.064235 -1.000517
    46 1.061485 0.000000 0.000000 -0.004037 -0.029426 0.237782
    47 3.340403 -0.238762 -1.285691 -0.315698 -0.062609 -0.887483
    48 1.550755 0.000000 0.000000 -0.061667 -0.075946 -1.019680
    49 0.904886 0.000001 0.000000 -0.001669 -0.026281 0.159649
    50 1.219410 -1.061498 -0.840143 -1.725617 0.534025 -0.029356
    51 1.496971 0.000002 0.000000 0.141600 0.113297 -0.458891
    52 1.100088 0.000000 0.000000 -0.031342 0.025865 -0.596322
    53 -16.750000 -8.898438 -6.945313 2.820998 -0.563858 2.084978
    54 0.000000 0.000000 0.000000 -0.077030 -0.068757 -1.299215
    55 7.054213 0.000000 0.000000 0.000000 0.000000 0.000000
    56 0.000000 -0.000007 -0.000031 1.373047 0.113574 0.124314
    57 0.000000 -0.000007 -0.000031 1.373047 0.113574 0.124314
    58 2.856947 -1.536175 -0.973780 -1.501147 -0.272558 -1.578261
    59 0.000000 0.000000 10.000000 0.000000 0.000000 0.000000
    60 2.856899 -1.536201 -0.973800 -1.501147 -0.272558 -1.578261
    61 2.000000 -3.000000 0.000000 -1.570796 0.000000 -1.326450
    62 0.018896 0.665159 9.395880 0.000000 0.000000 0.000000
    63 3.028210 -0.923409 -2.009452 1.574082 -0.012974 1.587244
    64 0.116954 4.311606 0.061861 0.000010 0.000000 0.000000
    65 0.000000 -0.000002 0.000000 0.000000 0.000000 0.000000
    66 0.000000 1.000000 0.000010 0.000000 0.000000 0.000000
    67 -0.000001 0.000000 0.000000 0.000000 0.000000 0.000000
    68 -0.000001 0.000000 0.000000 0.000000 0.000000 0.000000
    69 -0.000001 0.000000 0.000000 0.000000 0.000000 0.000000
time 74
    0 1.994141 -9.218750 27.375000 1.554635 -0.001018 0.073374
    1 3.455587 0.000000 0.000000 -1.829898 -0.158135 -1.272455
    2 16.572346 0.000000 0.000000 0.000000 0.000000 0.718110
    3 16.265829 0.000000 0.000000 -0.243502 -0.082384 -0.792866
    4 5.046457 0.000000 0.000000 0.009890 -0.018740 -0.477268
    5 -3.455587 0.000000 0.000000 -1.415606 -0.296697 -1.831663
    6 16.572346 0.000000 0.000000 0.000000 0.000000 0.614600
    7 16.265831 0.000000 0.000000 0.257329 -0.161739 -0.662681
    8 5.046457 0.000000 0.000000 -0.100157 0.014981 -0.338156
    9 0.000000 3.703728 0.293189 1.560445 -0.153974 1.584202
    10 3.307846 0.000000 0.000000 -0.010078 0.007094 -0.155669
    11 3.297962 0.000000 0.000000 -0.010475 0.000938 -0.167936
    12 6.040985 0.000000 0.000000 -0.009816 0.003421 0.269361
    13 5.065758 0.000000 0.000000 2.893120 -0.126719 -0.113341
    14 3.993755 0.000000 0.000000 -0.175896 0.130325 0.959404
    15 3.815876 1.385489 1.500000 -1.459906 -1.048439 -0.342515
    16 4.327093 0.000004 0.000000 2.678052 -0.647546 0.753769
    17 11.105114 0.000000 0.000000 0.000000 0.000000 -0.814076
    18 9.862099 -0.000011 -0.000031 1.683145 -0.242729 0.324043
    19 2.641094 0.214619 -1.073586 0.343640 0.190540 -0.806457
    20 1.361605 -0.000002 0.000000 -0.033852 -0.056532 -1.168171
    21 0.779602 0.000002 0.000000 -0.038792 -0.123973 0.252811
    22 2.908712 0.221762 -0.431868 0.315656 0.064476 -0.893331
    23 1.597527 0.000001 0.000000 -0.020331 -0.043837 -1.158634
    24 0.912680 0.000001 0.000000 0.002529 0.008221 0.233624
    25 3.265450 0.050007 0.415744 0.322996 0.091423 -1.049966
    26 1.860470 0.000000 0.000000 -0.051601 -0.064213 -1.194101
    27 1.061481 -0.000001 0.000000 0.004104 0.029474 0.404443
    28 3.340382 -0.242393 1.285012 0.318526 0.062572 -1.131184
    29 1.550753 0.000001 0.000000 0.061672 0.075949 -1.038656
    30 0.904888 0.000001 0.000000 0.001693 0.026264 0.279791
    31 1.219385 -1.063860 0.837143 1.700714 -0.490087 -0.201253
    32 1.496971 -0.000002 -0.000001 -0.211499 -0.093020 -0.524662
    33 1.100086 0.000000 0.000000 0.034391 -0.021604 -0.723527
    34 3.815876 1.385489 -1.500000 1.316666 1.033925 -0.425299
    35 4.327089 -0.000004 0.000000 -3.060652 0.419427 0.599474
    36 11.105106 0.000000 0.000004 0.000000 0.000000 -0.631196
    37 9.862080 -0.000007 0.000017 -1.277376 0.063926 0.060016
    38 2.641111 0.211586 1.074188 -0.340778 -0.190504 -0.713994
    39 1.361601 0.000000 0.000000 0.033791 0.056509 -0.943913
    40 0.779604 0.000001 0.000000 0.038833 0.124038 0.218150
    41 2.908730 0.220541 0.432493 -0.312825 -0.064540 -0.854119
    42 1.597527 0.000000 0.000000 0.020338 0.043857 -0.899809
    43 0.912678 0.000000 0.000000 -0.002548 -0.008289 0.256412
    44 3.265471 0.051184 -0.415600 -0.320176 -0.091421 -0.907618
    45 1.860470 0.000000 0.000000 0.051611 0.064235 -1.000517
    46 1.061485 0.000000 0.000000 -0.004037 -0.029426 0.237782
    47 3.340403 -0.238762 -1.285691 -0.315698 -0.062609 -0.887483
    48 1.550755 0.000000 0.000000 -0.061667 -0.075946 -1.019680
    49 0.904886 0.000001 0.000000 -0.001669 -0.026281 0.159649
    50 1.219410 -1.061498 -0.840143 -1.725617 0.534025 -0.029356
    51 1.496971 0.000002 0.000000 0.141600 0.113297 -0.458891
    52 1.100088 0.000000 0.000000 -0.031342 0.025865 -0.596322
    53 -14.132813 -9.062500 -10.656250 2.817381 -0.537247 2.077635
    54 0.000000 0.000000 0.000000 -0.077030 -0.068757 -1.299215
    55 7.054213 0.000000 0.000000 0.000000 0.000000 0.000000
    56 0.000000 -0.000007 -0.000031 1.373047 0.113574 0.124314
    57 0.000000 -0.000007 -0.000031 1.373047 0.113574 0.124314
    58 2.856947 -1.536175 -0.973780 -1.501147 -0.272558 -1.578261
    59 0.000000 0.000000 10.000000 0.000000 0.000000 0.000000
    60 2.856899 -1.536201 -0.973800 -1.501147 -0.272558 -1.578261
    61 2.000000 -3.000000 0.000000 -1.570796 0.000000 -1.326450
    62 0.018896 0.665159 9.395880 0.000000 0.000000 0.000000
    63 3.028210 -0.923409 -2.009452 1.574082 -0.012974 1.587244
    64 0.116954 4.311606 0.061861 0.000010 0.000000 0.000000
    65 0.000000 -0.000002 0.000000 0.000000 0.000000 0.000000
    66 0.000000 1.000000 0.000010 0.000000 0.000000 0.000000
    67 -0.000001 0.000000 0.000000 0.000000 0.000000 0.000000
    68 -0.000001 0.000000 0.000000 0.000000 0.000000 0.000000
    69 -0.000001 0.000000 0.000000 0.000000 0.000000 0.000000
time 75
    0 1.943359 -9.335938 27.390625 1.551751 -0.020408 0.114880
    1 3.455587 0.000000 0.000000 -1.856863 -0.181309 -1.245792
    2 16.572346 0.000000 0.000000 0.000000 0.000000 0.783062
    3 16.265829 0.000000 0.000000 -0.261756 -0.048500 -0.814626
    4 5.046457 0.000000 0.000000 0.009899 -0.018713 -0.453491
    5 -3.455587 0.000000 0.000000 -1.463198 -0.259019 -1.803100
    6 16.572346 0.000000 0.000000 0.000000 0.000000 0.578564
    7 16.265831 0.000000 0.000000 0.212315 -0.148799 -0.651756
    8 5.046457 0.000000 0.000000 -0.100152 0.015014 -0.353687
    9 0.000000 3.703728 0.293189 1.560784 -0.153701 1.579201
    10 3.307846 0.000000 0.000000 -0.009789 0.003393 -0.155649
    11 3.297962 0.000000 0.000000 -0.009440 -0.003130 -0.167136
    12 6.040985 0.000000 0.000000 -0.010298 -0.002693 0.270524
    13 5.065758 0.000000 0.000000 2.894342 -0.122572 -0.107449
    14 3.993755 0.000000 0.000000 -0.175892 0.125099 0.956552
    15 3.815876 1.385489 1.500000 -1.458957 -1.040557 -0.344767
    16 4.327093 0.000004 0.000000 2.671981 -0.657942 0.745215
    17 11.105114 0.000000 0.000000 0.000000 0.000000 -0.815016
    18 9.862099 -0.000011 -0.000031 1.666607 -0.240660 0.324793
    19 2.641094 0.214619 -1.073586 0.343640 0.190540 -0.806457
    20 1.361605 -0.000002 0.000000 -0.033852 -0.056532 -1.168171
    21 0.779602 0.000002 0.000000 -0.038792 -0.123973 0.252811
    22 2.908712 0.221762 -0.431868 0.315656 0.064476 -0.893331
    23 1.597527 0.000001 0.000000 -0.020331 -0.043837 -1.158634
    24 0.912680 0.000001 0.000000 0.002529 0.008221 0.233624
    25 3.265450 0.050007 0.415744 0.322996 0.091423 -1.049966
    26 1.860470 0.000000 0.000000 -0.051601 -0.064213 -1.194101
    27 1.061481 -0.000001 0.000000 0.004104 0.029474 0.404443
    28 3.340382 -0.242393 1.285012 0.318526 0.062572 -1.131184
    29 1.550753 0.000001 0.000000 0.061672 0.075949 -1.038656
    30 0.904888 0.000001 0.000000 0.001693 0.026264 0.279791
    31 1.219385 -1.063860 0.837143 1.700714 -0.490087 -0.201253
    32 1.496971 -0.000002 -0.000001 -0.211499 -0.093020 -0.524662
    33 1.100086 0.000000 0.000000 0.034391 -0.021604 -0.723527
    34 3.815876 1.385489 -1.500000 1.275530 1.037718 -0.461083
    35 4.327089 -0.000004 0.000000 -2.978485 0.430578 0.610517
    36 11.105106 0.000000 0.000004 0.000000 0.000000 -0.660326
    37 9.862080 -0.000007 0.000017 -1.355445 0.038913 0.083998
    38 2.641111 0.211586 1.074188 -0.340778 -0.190504 -0.713994
    39 1.361601 0.000000 0.000000 0.033791 0.056509 -0.943913
    40 0.779604 0.000001 0.000000 0.038833 0.124038 0.218150
    41 2.908730 0.220541 0.432493 -0.312825 -0.064540 -0.854119
    42 1.597527 0.000000 0.000000 0.020338 0.043857 -0.899809
    43 0.912678 0.000000 0.000000 -0.002548 -0.008289 0.256412
    44 3.265471 0.051184 -0.415600 -0.320176 -0.091421 -0.907618
    45 1.860470 0.000000 0.000000 0.051611 0.064235 -1.000517
    46 1.061485 0.000000 0.000000 -0.004037 -0.029426 0.237782
    47 3.340403 -0.238762 -1.285691 -0.315698 -0.062609 -0.887483
    48 1.550755 0.000000 0.000000 -0.061667 -0.075946 -1.019680
    49 0.904886 0.000001 0.000000 -0.001669 -0.026281 0.159649
    50 1.219410 -1.061498 -0.840143 -1.725617 0.534025 -0.029356
    51 1.496971 0.000002 0.000000 0.141600 0.113297 -0.458891
    52 1.100088 0.000000 0.000000 -0.031342 0.025865 -0.596322
    53 -12.421875 -11.921875 -13.031250 2.820323 -0.504815 2.061628
    54 0.000000 0.000000 0.000000 -0.077030 -0.068757 -1.299215
    55 7.054213 0.000000 0.000000 0.000000 0.000000 0.000000
    56 0.000000 -0.000007 -0.000031 1.373047 0.113574 0.124314
    57 0.000000 -0.000007 -0.000031 1.373047 0.113574 0.124314
    58 2.856947 -1.536175 -0.973780 -1.501147 -0.272558 -1.578261
    59 0.000000 0.000000 10.000000 0.000000 0.000000 0.000000
    60 2.856899 -1.536201 -0.973800 -1.501147 -0.272558 -1.578261
    61 2.000000 -3.000000 0.000000 -1.570796 0.000000 -1.326450
    62 0.018896 0.665159 9.395880 0.000000 0.000000 0.000000
    63 3.028210 -0.923409 -2.009452 1.574082 -0.012974 1.587244
    64 0.116954 4.311606 0.061861 0.000010 0.000000 0.000000
    65 0.000000 -0.000002 0.000000 0.000000 0.000000 0.000000
    66 0.000000 1.000000 0.000010 0.000000 0.000000 0.000000
    67 -0.000001 0.000000 0.000000 0.000000 0.000000 0.000000
    68 -0.000001 0.000000 0.000000 0.000000 0.000000 0.000000
    69 -0.000001 0.000000 0.000000 0.000000 0.000000 0.000000
time 76
    0 1.846680 -9.296875 27.359375 1.551007 -0.039786 0.153905
    1 3.455587 0.000000 0.000000 -1.878265 -0.231431 -1.222606
    2 16.572346 0.000000 0.000000 0.000000 0.000000 0.880461
    3 16.265829 0.000000 0.000000 -0.308839 -0.047780 -0.841568
    4 5.046457 0.000000 0.000000 0.009853 -0.018738 -0.448530
    5 -3.455587 0.000000 0.000000 -1.503834 -0.231162 -1.776392
    6 16.572346 0.000000 0.000000 0.000000 0.000000 0.540839
    7 16.265831 0.000000 0.000000 0.181427 -0.138256 -0.650242
    8 5.046457 0.000000 0.000000 -0.100191 0.014990 -0.372052
    9 0.000000 3.703728 0.293189 1.562870 -0.160657 1.572310
    10 3.307846 0.000000 0.000000 -0.007734 -0.000763 -0.152252
    11 3.297962 0.000000 0.000000 -0.006888 -0.005610 -0.169384
    12 6.040985 0.000000 0.000000 -0.008705 -0.006504 0.264877
    13 5.065758 0.000000 0.000000 2.892987 -0.114528 -0.105299
    14 3.993755 0.000000 0.000000 -0.180292 0.119631 0.955232
    15 3.815876 1.385489 1.500000 -1.477427 -1.038391 -0.323894
    16 4.327093 0.000004 0.000000 2.661190 -0.655062 0.741301
    17 11.105114 0.000000 0.000000 0.000000 0.000000 -0.809847
    18 9.862099 -0.000011 -0.000031 1.651718 -0.233832 0.324570
    19 2.641094 0.214619 -1.073586 0.343640 0.190540 -0.806457
    20 1.361605 -0.000002 0.000000 -0.033852 -0.056532 -1.168171
    21 0.779602 0.000002 0.000000 -0.038792 -0.123973 0.252811
    22 2.908712 0.221762 -0.431868 0.315656 0.064476 -0.893331
    23 1.597527 0.000001 0.000000 -0.020331 -0.043837 -1.158634
    24 0.912680 0.000001 0.000000 0.002529 0.008221 0.233624
    25 3.265450 0.050007 0.415744 0.322996 0.091423 -1.049966
    26 1.860470 0.000000 0.000000 -0.051601 -0.064213 -1.194101
    27 1.061481 -0.000001 0.000000 0.004104 0.029474 0.404443
    28 3.340382 -0.242393 1.285012 0.318526 0.062572 -1.131184
    29 1.550753 0.000001 0.000000 0.061672 0.075949 -1.038656
    30 0.904888 0.000001 0.000000 0.001693 0.026264 0.279791
    31 1.219385 -1.063860 0.837143 1.700714 -0.490087 -0.201253
    32 1.496971 -0.000002 -0.000001 -0.211499 -0.093020 -0.524662
    33 1.100086 0.000000 0.000000 0.034391 -0.021604 -0.723527
    34 3.815876 1.385489 -1.500000 1.245225 1.047561 -0.485811
    35 4.327089 -0.000004 0.000000 -2.949893 0.410369 0.629678
    36 11.105106 0.000000 0.000004 0.000000 0.000000 -0.676867
    37 9.862080 -0.000007 0.000017 -1.402249 0.009344 0.104242
    38 2.641111 0.211586 1.074188 -0.340778 -0.190504 -0.713994
    39 1.361601 0.000000 0.000000 0.033791 0.056509 -0.943913
    40 0.779604 0.000001 0.000000 0.038833 0.124038 0.218150
    41 2.908730 0.220541 0.432493 -0.312825 -0.064540 -0.854119
    42 1.597527 0.000000 0.000000 0.020338 0.043857 -0.899809
    43 0.912678 0.000000 0.000000 -0.002548 -0.008289 0.256412
    44 3.265471 0.051184 -0.415600 -0.320176 -0.091421 -0.907618
    45 1.860470 0.000000 0.000000 0.051611 0.064235 -1.000517
    46 1.061485 0.000000 0.000000 -0.004037 -0.029426 0.237782
    47 3.340403 -0.238762 -1.285691 -0.315698 -0.062609 -0.887483
    48 1.550755 0.000000 0.000000 -0.061667 -0.075946 -1.019680
    49 0.904886 0.000001 0.000000 -0.001669 -0.026281 0.159649
    50 1.219410 -1.061498 -0.840143 -1.725617 0.534025 -0.029356
    51 1.496971 0.000002 0.000000 0.141600 0.113297 -0.458891
    52 1.100088 0.000000 0.000000 -0.031342 0.025865 -0.596322
    53 -12.421875 -15.640625 -12.812500 2.825815 -0.477875 2.042807
    54 0.000000 0.000000 0.000000 -0.077030 -0.068757 -1.299215
    55 7.054213 0.000000 0.000000 0.000000 0.000000 0.000000
    56 0.000000 -0.000007 -0.000031 1.373047 0.113574 0.124314
    57 0.000000 -0.000007 -0.000031 1.373047 0.113574 0.124314
    58 2.856947 -1.536175 -0.973780 -1.501147 -0.272558 -1.578261
    59 0.000000 0.000000 10.000000 0.000000 0.000000 0.000000
    60 2.856899 -1.536201 -0.973800 -1.501147 -0.272558 -1.578261
    61 2.000000 -3.000000 0.000000 -1.570796 0.000000 -1.326450
    62 0.018896 0.665159 9.395880 0.000000 0.000000 0.000000
    63 3.028210 -0.923409 -2.009452 1.574082 -0.012974 1.587244
    64 0.116954 4.311606 0.061861 0.000010 0.000000 0.000000
    65 0.000000 -0.000002 0.000000 0.000000 0.000000 0.000000
    66 0.000000 1.000000 0.000010 0.000000 0.000000 0.000000
    67 -0.000001 0.000000 0.000000 0.000000 0.000000 0.000000
    68 -0.000001 0.000000 0.000000 0.000000 0.000000 0.000000
    69 -0.000001 0.000000 0.000000 0.000000 0.000000 0.000000
time 77
    0 1.672852 -9.132813 27.265625 1.555913 -0.058672 0.195685
    1 3.455587 0.000000 0.000000 -1.898712 -0.319819 -1.198603
    2 16.572346 0.000000 0.000000 0.000000 0.000000 1.019694
    3 16.265829 0.000000 0.000000 -0.360229 -0.061108 -0.869146
    4 5.046457 0.000000 0.000000 0.009898 -0.018765 -0.435347
    5 -3.455587 0.000000 0.000000 -1.513254 -0.213296 -1.756728
    6 16.572346 0.000000 0.000000 0.000000 0.000000 0.504826
    7 16.265831 0.000000 0.000000 0.175658 -0.133822 -0.671536
    8 5.046457 0.000000 0.000000 -0.100158 0.015039 -0.374781
    9 0.000000 3.703728 0.293189 1.564063 -0.170195 1.563240
    10 3.307846 0.000000 0.000000 -0.006770 -0.005608 -0.147648
    11 3.297962 0.000000 0.000000 -0.005698 -0.006215 -0.173631
    12 6.040985 0.000000 0.000000 -0.007598 -0.006339 0.254251
    13 5.065758 0.000000 0.000000 2.890118 -0.107679 -0.102944
    14 3.993755 0.000000 0.000000 -0.186002 0.117742 0.952143
    15 3.815876 1.385489 1.500000 -1.489126 -1.029977 -0.304368
    16 4.327093 0.000004 0.000000 2.647782 -0.642729 0.732260
    17 11.105114 0.000000 0.000000 0.000000 0.000000 -0.796529
    18 9.862099 -0.000011 -0.000031 1.634369 -0.223134 0.319479
    19 2.641094 0.214619 -1.073586 0.343640 0.190540 -0.806457
    20 1.361605 -0.000002 0.000000 -0.033852 -0.056532 -1.168171
    21 0.779602 0.000002 0.000000 -0.038792 -0.123973 0.252811
    22 2.908712 0.221762 -0.431868 0.315656 0.064476 -0.893331
    23 1.597527 0.000001 0.000000 -0.020331 -0.043837 -1.158634
    24 0.912680 0.000001 0.000000 0.002529 0.008221 0.233624
    25 3.265450 0.050007 0.415744 0.322996 0.091423 -1.049966
    26 1.860470 0.000000 0.000000 -0.051601 -0.064213 -1.194101
    27 1.061481 -0.000001 0.000000 0.004104 0.029474 0.404443
    28 3.340382 -0.242393 1.285012 0.318526 0.062572 -1.131184
    29 1.550753 0.000001 0.000000 0.061672 0.075949 -1.038656
    30 0.904888 0.000001 0.000000 0.001693 0.026264 0.279791
    31 1.219385 -1.063860 0.837143 1.700714 -0.490087 -0.201253
    32 1.496971 -0.000002 -0.000001 -0.211499 -0.093020 -0.524662
    33 1.100086 0.000000 0.000000 0.034391 -0.021604 -0.723527
    34 3.815876 1.385489 -1.500000 1.232572 1.050543 -0.499283
    35 4.327089 -0.000004 0.000000 -2.990653 0.366631 0.648213
    36 11.105106 0.000000 0.000004 0.000000 0.000000 -0.672110
    37 9.862080 -0.000007 0.000017 -1.404193 -0.007584 0.126678
    38 2.641111 0.211586 1.074188 -0.340778 -0.190504 -0.713994
    39 1.361601 0.000000 0.000000 0.033791 0.056509 -0.943913
    40 0.779604 0.000001 0.000000 0.038833 0.124038 0.218150
    41 2.908730 0.220541 0.432493 -0.312825 -0.064540 -0.854119
    42 1.597527 0.000000 0.000000 0.020338 0.043857 -0.899809
    43 0.912678 0.000000 0.000000 -0.002548 -0.008289 0.256412
    44 3.265471 0.051184 -0.415600 -0.320176 -0.091421 -0.907618
    45 1.860470 0.000000 0.000000 0.051611 0.064235 -1.000517
    46 1.061485 0.000000 0.000000 -0.004037 -0.029426 0.237782
    47 3.340403 -0.238762 -1.285691 -0.315698 -0.062609 -0.887483
    48 1.550755 0.000000 0.000000 -0.061667 -0.075946 -1.019680
    49 0.904886 0.000001 0.000000 -0.001669 -0.026281 0.159649
    50 1.219410 -1.061498 -0.840143 -1.725617 0.534025 -0.029356
    51 1.496971 0.000002 0.000000 0.141600 0.113297 -0.458891
    52 1.100088 0.000000 0.000000 -0.031342 0.025865 -0.596322
    53 -13.179688 -18.671875 -10.492188 2.833100 -0.446727 2.017085
    54 0.000000 0.000000 0.000000 -0.077030 -0.068757 -1.299215
    55 7.054213 0.000000 0.000000 0.000000 0.000000 0.000000
    56 0.000000 -0.000007 -0.000031 1.373047 0.113574 0.124314
    57 0.000000 -0.000007 -0.000031 1.373047 0.113574 0.124314
    58 2.856947 -1.536175 -0.973780 -1.501147 -0.272558 -1.578261
    59 0.000000 0.000000 10.000000 0.000000 0.000000 0.000000
    60 2.856899 -1.536201 -0.973800 -1.501147 -0.272558 -1.578261
    61 2.000000 -3.000000 0.000000 -1.570796 0.000000 -1.326450
    62 0.018896 0.665159 9.395880 0.000000 0.000000 0.000000
    63 3.028210 -0.923409 -2.009452 1.574082 -0.012974 1.587244
    64 0.116954 4.311606 0.061861 0.000010 0.000000 0.000000
    65 0.000000 -0.000002 0.000000 0.000000 0.000000 0.000000
    66 0.000000 1.000000 0.000010 0.000000 0.000000 0.000000
    67 -0.000001 0.000000 0.000000 0.000000 0.000000 0.000000
    68 -0.000001 0.000000 0.000000 0.000000 0.000000 0.000000
    69 -0.000001 0.000000 0.000000 0.000000 0.000000 0.000000
time 78
    0 1.433594 -8.890625 27.140625 1.563637 -0.073987 0.240182
    1 3.455587 0.000000 0.000000 -1.940656 -0.437870 -1.162521
    2 16.572346 0.000000 0.000000 0.000000 0.000000 1.183870
    3 16.265829 0.000000 0.000000 -0.430768 -0.103819 -0.868451
    4 5.046457 0.000000 0.000000 0.009919 -0.018780 -0.428630
    5 -3.455587 0.000000 0.000000 -1.505287 -0.201343 -1.740612
    6 16.572346 0.000000 0.000000 0.000000 0.000000 0.476704
    7 16.265831 0.000000 0.000000 0.206976 -0.123290 -0.718664
    8 5.046457 0.000000 0.000000 -0.100184 0.014995 -0.361153
    9 0.000000 3.703728 0.293189 1.564308 -0.179654 1.553907
    10 3.307846 0.000000 0.000000 -0.006523 -0.010421 -0.143220
    11 3.297962 0.000000 0.000000 -0.005401 -0.005509 -0.178226
    12 6.040985 0.000000 0.000000 -0.006778 -0.003522 0.242493
    13 5.065758 0.000000 0.000000 2.888433 -0.101946 -0.098342
    14 3.993755 0.000000 0.000000 -0.190256 0.117171 0.947826
    15 3.815876 1.385489 1.500000 -1.506577 -1.011688 -0.271933
    16 4.327093 0.000004 0.000000 2.644430 -0.616362 0.712463
    17 11.105114 0.000000 0.000000 0.000000 0.000000 -0.779888
    18 9.862099 -0.000011 -0.000031 1.608695 -0.211591 0.312563
    19 2.641094 0.214619 -1.073586 0.343640 0.190540 -0.806457
    20 1.361605 -0.000002 0.000000 -0.033852 -0.056532 -1.168171
    21 0.779602 0.000002 0.000000 -0.038792 -0.123973 0.252811
    22 2.908712 0.221762 -0.431868 0.315656 0.064476 -0.893331
    23 1.597527 0.000001 0.000000 -0.020331 -0.043837 -1.158634
    24 0.912680 0.000001 0.000000 0.002529 0.008221 0.233624
    25 3.265450 0.050007 0.415744 0.322996 0.091423 -1.049966
    26 1.860470 0.000000 0.000000 -0.051601 -0.064213 -1.194101
    27 1.061481 -0.000001 0.000000 0.004104 0.029474 0.404443
    28 3.340382 -0.242393 1.285012 0.318526 0.062572 -1.131184
    29 1.550753 0.000001 0.000000 0.061672 0.075949 -1.038656
    30 0.904888 0.000001 0.000000 0.001693 0.026264 0.279791
    31 1.219385 -1.063860 0.837143 1.700714 -0.490087 -0.201253
    32 1.496971 -0.000002 -0.000001 -0.211499 -0.093020 -0.524662
    33 1.100086 0.000000 0.000000 0.034391 -0.021604 -0.723527
    34 3.815876 1.385489 -1.500000 1.221615 1.048420 -0.504771
    35 4.327089 -0.000004 0.000000 -3.078986 0.300493 0.666315
    36 11.105106 0.000000 0.000004 0.000000 0.000000 -0.651299
    37 9.862080 -0.000007 0.000017 -1.374190 -0.016511 0.139140
    38 2.641111 0.211586 1.074188 -0.340778 -0.190504 -0.713994
    39 1.361601 0.000000 0.000000 0.033791 0.056509 -0.943913
    40 0.779604 0.000001 0.000000 0.038833 0.124038 0.218150
    41 2.908730 0.220541 0.432493 -0.312825 -0.064540 -0.854119
    42 1.597527 0.000000 0.000000 0.020338 0.043857 -0.899809
    43 0.912678 0.000000 0.000000 -0.002548 -0.008289 0.256412
    44 3.265471 0.051184 -0.415600 -0.320176 -0.091421 -0.907618
    45 1.860470 0.000000 0.000000 0.051611 0.064235 -1.000517
    46 1.061485 0.000000 0.000000 -0.004037 -0.029426 0.237782
    47 3.340403 -0.238762 -1.285691 -0.315698 -0.062609 -0.887483
    48 1.550755 0.000000 0.000000 -0.061667 -0.075946 -1.019680
    49 0.904886 0.000001 0.000000 -0.001669 -0.026281 0.159649
    50 1.219410 -1.061498 -0.840143 -1.725617 0.534025 -0.029356
    51 1.496971 0.000002 0.000000 0.141600 0.113297 -0.458891
    52 1.100088 0.000000 0.000000 -0.031342 0.025865 -0.596322
    53 -13.679688 -19.250000 -5.566406 2.840638 -0.404601 1.989723
    54 0.000000 0.000000 0.000000 -0.077030 -0.068757 -1.299215
    55 7.054213 0.000000 0.000000 0.000000 0.000000 0.000000
    56 0.000000 -0.000007 -0.000031 1.373047 0.113574 0.124314
    57 0.000000 -0.000007 -0.000031 1.373047 0.113574 0.124314
    58 2.856947 -1.536175 -0.973780 -1.501147 -0.272558 -1.578261
    59 0.000000 0.000000 10.000000 0.000000 0.000000 0.000000
    60 2.856899 -1.536201 -0.973800 -1.501147 -0.272558 -1.578261
    61 2.000000 -3.000000 0.000000 -1.570796 0.000000 -1.326450
    62 0.018896 0.665159 9.395880 0.000000 0.000000 0.000000
    63 3.028210 -0.923409 -2.009452 1.574082 -0.012974 1.587244
    64 0.116954 4.311606 0.061861 0.000010 0.000000 0.000000
    65 0.000000 -0.000002 0.000000 0.000000 0.000000 0.000000
    66 0.000000 1.000000 0.000010 0.000000 0.000000 0.000000
    67 -0.000001 0.000000 0.000000 0.000000 0.000000 0.000000
    68 -0.000001 0.000000 0.000000 0.000000 0.000000 0.000000
    69 -0.000001 0.000000 0.000000 0.000000 0.000000 0.000000
time 79
    0 1.183594 -8.640625 27.031250 1.570242 -0.087243 0.280150
    1 3.455587 0.000000 0.000000 -2.002801 -0.564825 -1.116705
    2 16.572346 0.000000 0.000000 0.000000 0.000000 1.337358
    3 16.265829 0.000000 0.000000 -0.528013 -0.157840 -0.820554
    4 5.046457 0.000000 0.000000 0.009841 -0.018753 -0.413269
    5 -3.455587 0.000000 0.000000 -1.493409 -0.191267 -1.729315
    6 16.572346 0.000000 0.000000 0.000000 0.000000 0.463921
    7 16.265831 0.000000 0.000000 0.290421 -0.104733 -0.773483
    8 5.046457 0.000000 0.000000 -0.100205 0.015034 -0.356675
    9 0.000000 3.703728 0.293189 1.564388 -0.187631 1.547009
    10 3.307846 0.000000 0.000000 -0.006435 -0.014467 -0.139055
    11 3.297962 0.000000 0.000000 -0.004611 -0.007522 -0.179264
    12 6.040985 0.000000 0.000000 -0.006565 -0.006168 0.238763
    13 5.065758 0.000000 0.000000 2.888150 -0.094888 -0.100957
    14 3.993755 0.000000 0.000000 -0.193838 0.113940 0.950754
    15 3.815876 1.385489 1.500000 -1.525949 -0.993754 -0.250029
    16 4.327093 0.000004 0.000000 2.675627 -0.581116 0.698645
    17 11.105114 0.000000 0.000000 0.000000 0.000000 -0.756795
    18 9.862099 -0.000011 -0.000031 1.562645 -0.206395 0.306048
    19 2.641094 0.214619 -1.073586 0.343640 0.190540 -0.806457
    20 1.361605 -0.000002 0.000000 -0.033852 -0.056532 -1.168171
    21 0.779602 0.000002 0.000000 -0.038792 -0.123973 0.252811
    22 2.908712 0.221762 -0.431868 0.315656 0.064476 -0.893331
    23 1.597527 0.000001 0.000000 -0.020331 -0.043837 -1.158634
    24 0.912680 0.000001 0.000000 0.002529 0.008221 0.233624
    25 3.265450 0.050007 0.415744 0.322996 0.091423 -1.049966
    26 1.860470 0.000000 0.000000 -0.051601 -0.064213 -1.194101
    27 1.061481 -0.000001 0.000000 0.004104 0.029474 0.404443
    28 3.340382 -0.242393 1.285012 0.318526 0.062572 -1.131184
    29 1.550753 0.000001 0.000000 0.061672 0.075949 -1.038656
    30 0.904888 0.000001 0.000000 0.001693 0.026264 0.279791
    31 1.219385 -1.063860 0.837143 1.700714 -0.490087 -0.201253
    32 1.496971 -0.000002 -0.000001 -0.211499 -0.093020 -0.524662
    33 1.100086 0.000000 0.000000 0.034391 -0.021604 -0.723527
    34 3.815876 1.385489 -1.500000 1.197407 1.046637 -0.519645
    35 4.327089 -0.000004 0.000000 3.106992 0.229183 0.681973
    36 11.105106 0.000000 0.000004 0.000000 0.000000 -0.633648
    37 9.862080 -0.000007 0.000017 -1.337223 -0.015266 0.168110
    38 2.641111 0.211586 1.074188 -0.340778 -0.190504 -0.713994
    39 1.361601 0.000000 0.000000 0.033791 0.056509 -0.943913
    40 0.779604 0.000001 0.000000 0.038833 0.124038 0.218150
    41 2.908730 0.220541 0.432493 -0.312825 -0.064540 -0.854119
    42 1.597527 0.000000 0.000000 0.020338 0.043857 -0.899809
    43 0.912678 0.000000 0.000000 -0.002548 -0.008289 0.256412
    44 3.265471 0.051184 -0.415600 -0.320176 -0.091421 -0.907618
    45 1.860470 0.000000 0.000000 0.051611 0.064235 -1.000517
    46 1.061485 0.000000 0.000000 -0.004037 -0.029426 0.237782
    47 3.340403 -0.238762 -1.285691 -0.315698 -0.062609 -0.887483
    48 1.550755 0.000000 0.000000 -0.061667 -0.075946 -1.019680
    49 0.904886 0.000001 0.000000 -0.001669 -0.026281 0.159649
    50 1.219410 -1.061498 -0.840143 -1.725617 0.534025 -0.029356
    51 1.496971 0.000002 0.000000 0.141600 0.113297 -0.458891
    52 1.100088 0.000000 0.000000 -0.031342 0.025865 -0.596322
    53 -13.679688 -16.765625 0.007057 2.845122 -0.332762 1.963678
    54 0.000000 0.000000 0.000000 -0.077030 -0.068757 -1.299215
    55 7.054213 0.000000 0.000000 0.000000 0.000000 0.000000
    56 0.000000 -0.000007 -0.000031 1.373047 0.113574 0.124314
    57 0.000000 -0.000007 -0.000031 1.373047 0.113574 0.124314
    58 2.856947 -1.536175 -0.973780 -1.501147 -0.272558 -1.578261
    59 0.000000 0.000000 10.000000 0.000000 0.000000 0.000000
    60 2.856899 -1.536201 -0.973800 -1.501147 -0.272558 -1.578261
    61 2.000000 -3.000000 0.000000 -1.570796 0.000000 -1.326450
    62 0.018896 0.665159 9.395880 0.000000 0.000000 0.000000
    63 3.028210 -0.923409 -2.009452 1.574082 -0.012974 1.587244
    64 0.116954 4.311606 0.061861 0.000010 0.000000 0.000000
    65 0.000000 -0.000002 0.000000 0.000000 0.000000 0.000000
    66 0.000000 1.000000 0.000010 0.000000 0.000000 0.000000
    67 -0.000001 0.000000 0.000000 0.000000 0.000000 0.000000
    68 -0.000001 0.000000 0.000000 0.000000 0.000000 0.000000
    69 -0.000001 0.000000 0.000000 0.000000 0.000000 0.000000
time 80
    0 0.990234 -8.406250 26.968750 1.575278 -0.097477 0.308464
    1 3.455587 0.000000 0.000000 -2.084992 -0.682570 -1.059169
    2 16.572346 0.000000 0.000000 0.000000 0.000000 1.466377
    3 16.265829 0.000000 0.000000 -0.606275 -0.180801 -0.788877
    4 5.046457 0.000000 0.000000 0.009882 -0.018759 -0.408596
    5 -3.455587 0.000000 0.000000 -1.492089 -0.184789 -1.721564
    6 16.572346 0.000000 0.000000 0.000000 0.000000 0.475016
    7 16.265831 0.000000 0.000000 0.367413 -0.077473 -0.811082
    8 5.046457 0.000000 0.000000 -0.100158 0.014985 -0.359658
    9 0.000000 3.703728 0.293189 1.566544 -0.194303 1.542644
    10 3.307846 0.000000 0.000000 -0.004453 -0.017261 -0.135516
    11 3.297962 0.000000 0.000000 -0.002010 -0.009455 -0.179273
    12 6.040985 0.000000 0.000000 -0.004723 -0.009695 0.237810
    13 5.065758 0.000000 0.000000 2.884156 -0.091503 -0.105326
    14 3.993755 0.000000 0.000000 -0.199092 0.112802 0.957080
    15 3.815876 1.385489 1.500000 -1.538326 -0.985210 -0.239598
    16 4.327093 0.000004 0.000000 2.696866 -0.555194 0.702229
    17 11.105114 0.000000 0.000000 0.000000 0.000000 -0.733069
    18 9.862099 -0.000011 -0.000031 1.518605 -0.211562 0.303540
    19 2.641094 0.214619 -1.073586 0.343640 0.190540 -0.806457
    20 1.361605 -0.000002 0.000000 -0.033852 -0.056532 -1.168171
    21 0.779602 0.000002 0.000000 -0.038792 -0.123973 0.252811
    22 2.908712 0.221762 -0.431868 0.315656 0.064476 -0.893331
    23 1.597527 0.000001 0.000000 -0.020331 -0.043837 -1.158634
    24 0.912680 0.000001 0.000000 0.002529 0.008221 0.233624
    25 3.265450 0.050007 0.415744 0.322996 0.091423 -1.049966
    26 1.860470 0.000000 0.000000 -0.051601 -0.064213 -1.194101
    27 1.061481 -0.000001 0.000000 0.004104 0.029474 0.404443
    28 3.340382 -0.242393 1.285012 0.318526 0.062572 -1.131184
    29 1.550753 0.000001 0.000000 0.061672 0.075949 -1.038656
    30 0.904888 0.000001 0.000000 0.001693 0.026264 0.279791
    31 1.219385 -1.063860 0.837143 1.700714 -0.490087 -0.201253
    32 1.496971 -0.000002 -0.000001 -0.211499 -0.093020 -0.524662
    33 1.100086 0.000000 0.000000 0.034391 -0.021604 -0.723527
    34 3.815876 1.385489 -1.500000 1.171296 1.053177 -0.531239
    35 4.327089 -0.000004 0.000000 3.067867 0.175869 0.708452
    36 11.105106 0.000000 0.000004 0.000000 0.000000 -0.603651
    37 9.862080 -0.000007 0.000017 -1.329705 -0.000365 0.195182
    38 2.641111 0.211586 1.074188 -0.340778 -0.190504 -0.713994
    39 1.361601 0.000000 0.000000 0.033791 0.056509 -0.943913
    40 0.779604 0.000001 0.000000 0.038833 0.124038 0.218150
    41 2.908730 0.220541 0.432493 -0.312825 -0.064540 -0.854119
    42 1.597527 0.000000 0.000000 0.020338 0.043857 -0.899809
    43 0.912678 0.000000 0.000000 -0.002548 -0.008289 0.256412
    44 3.265471 0.051184 -0.415600 -0.320176 -0.091421 -0.907618
    45 1.860470 0.000000 0.000000 0.051611 0.064235 -1.000517
    46 1.061485 0.000000 0.000000 -0.004037 -0.029426 0.237782
    47 3.340403 -0.238762 -1.285691 -0.315698 -0.062609 -0.887483
    48 1.550755 0.000000 0.000000 -0.061667 -0.075946 -1.019680
    49 0.904886 0.000001 0.000000 -0.001669 -0.026281 0.159649
    50 1.219410 -1.061498 -0.840143 -1.725617 0.534025 -0.029356
    51 1.496971 0.000002 0.000000 0.141600 0.113297 -0.458891
    52 1.100088 0.000000 0.000000 -0.031342 0.025865 -0.596322
    53 -13.937500 -12.273438 2.162109 2.844461 -0.271234 1.943260
    54 0.000000 0.000000 0.000000 -0.077030 -0.068757 -1.299215
    55 7.054213 0.000000 0.000000 0.000000 0.000000 0.000000
    56 0.000000 -0.000007 -0.000031 1.373047 0.113574 0.124314
    57 0.000000 -0.000007 -0.000031 1.373047 0.113574 0.124314
    58 2.856947 -1.536175 -0.973780 -1.501147 -0.272558 -1.578261
    59 0.000000 0.000000 10.000000 0.000000 0.000000 0.000000
    60 2.856899 -1.536201 -0.973800 -1.501147 -0.272558 -1.578261
    61 2.000000 -3.000000 0.000000 -1.570796 0.000000 -1.326450
    62 0.018896 0.665159 9.395880 0.000000 0.000000 0.000000
    63 3.028210 -0.923409 -2.009452 1.574082 -0.012974 1.587244
    64 0.116954 4.311606 0.061861 0.000010 0.000000 0.000000
    65 0.000000 -0.000002 0.000000 0.000000 0.000000 0.000000
    66 0.000000 1.000000 0.000010 0.000000 0.000000 0.000000
    67 -0.000001 0.000000 0.000000 0.000000 0.000000 0.000000
    68 -0.000001 0.000000 0.000000 0.000000 0.000000 0.000000
    69 -0.000001 0.000000 0.000000 0.000000 0.000000 0.000000
time 81
    0 0.876953 -8.289063 26.953125 1.579452 -0.102478 0.319152
    1 3.455587 0.000000 0.000000 -2.201015 -0.774382 -0.974817
    2 16.572346 0.000000 0.000000 0.000000 0.000000 1.571437
    3 16.265829 0.000000 0.000000 -0.632941 -0.152205 -0.810498
    4 5.046457 0.000000 0.000000 0.009882 -0.018748 -0.383325
    5 -3.455587 0.000000 0.000000 -1.499866 -0.179871 -1.718708
    6 16.572346 0.000000 0.000000 0.000000 0.000000 0.505806
    7 16.265831 0.000000 0.000000 0.373820 -0.075974 -0.820703
    8 5.046457 0.000000 0.000000 -0.100189 0.014999 -0.371877
    9 0.000000 3.703728 0.293189 1.569443 -0.192735 1.539645
    10 3.307846 0.000000 0.000000 -0.001570 -0.018883 -0.135973
    11 3.297962 0.000000 0.000000 0.000802 -0.009029 -0.177205
    12 6.040985 0.000000 0.000000 -0.001835 -0.009342 0.242751
    13 5.065758 0.000000 0.000000 2.881932 -0.092426 -0.105383
    14 3.993755 0.000000 0.000000 -0.200798 0.112887 0.961389
    15 3.815876 1.385489 1.500000 -1.543662 -0.992481 -0.230448
    16 4.327093 0.000004 0.000000 2.713867 -0.531990 0.719869
    17 11.105114 0.000000 0.000000 0.000000 0.000000 -0.707517
    18 9.862099 -0.000011 -0.000031 1.481082 -0.223337 0.300622
    19 2.641094 0.214619 -1.073586 0.343640 0.190540 -0.806457
    20 1.361605 -0.000002 0.000000 -0.033852 -0.056532 -1.168171
    21 0.779602 0.000002 0.000000 -0.038792 -0.123973 0.252811
    22 2.908712 0.221762 -0.431868 0.315656 0.064476 -0.893331
    23 1.597527 0.000001 0.000000 -0.020331 -0.043837 -1.158634
    24 0.912680 0.000001 0.000000 0.002529 0.008221 0.233624
    25 3.265450 0.050007 0.415744 0.322996 0.091423 -1.049966
    26 1.860470 0.000000 0.000000 -0.051601 -0.064213 -1.194101
    27 1.061481 -0.000001 0.000000 0.004104 0.029474 0.404443
    28 3.340382 -0.242393 1.285012 0.318526 0.062572 -1.131184
    29 1.550753 0.000001 0.000000 0.061672 0.075949 -1.038656
    30 0.904888 0.000001 0.000000 0.001693 0.026264 0.279791
    31 1.219385 -1.063860 0.837143 1.700714 -0.490087 -0.201253
    32 1.496971 -0.000002 -0.000001 -0.211499 -0.093020 -0.524662
    33 1.100086 0.000000 0.000000 0.034391 -0.021604 -0.723527
    34 3.815876 1.385489 -1.500000 1.176517 1.061508 -0.529173
    35 4.327089 -0.000004 0.000000 3.139716 0.175382 0.726309
    36 11.105106 0.000000 0.000004 0.000000 0.000000 -0.585503
    37 9.862080 -0.000007 0.000017 -1.372491 -0.008864 0.195673
    38 2.641111 0.211586 1.074188 -0.340778 -0.190504 -0.713994
    39 1.361601 0.000000 0.000000 0.033791 0.056509 -0.943913
    40 0.779604 0.000001 0.000000 0.038833 0.124038 0.218150
    41 2.908730 0.220541 0.432493 -0.312825 -0.064540 -0.854119
    42 1.597527 0.000000 0.000000 0.020338 0.043857 -0.899809
    43 0.912678 0.000000 0.000000 -0.002548 -0.008289 0.256412
    44 3.265471 0.051184 -0.415600 -0.320176 -0.091421 -0.907618
    45 1.860470 0.000000 0.000000 0.051611 0.064235 -1.000517
    46 1.061485 0.000000 0.000000 -0.004037 -0.029426 0.237782
    47 3.340403 -0.238762 -1.285691 -0.315698 -0.062609 -0.887483
    48 1.550755 0.000000 0.000000 -0.061667 -0.075946 -1.019680
    49 0.904886 0.000001 0.000000 -0.001669 -0.026281 0.159649
    50 1.219410 -1.061498 -0.840143 -1.725617 0.534025 -0.029356
    51 1.496971 0.000002 0.000000 0.141600 0.113297 -0.458891
    52 1.100088 0.000000 0.000000 -0.031342 0.025865 -0.596322
    53 -14.671875 -8.867188 -0.871094 2.841506 -0.225852 1.925535
    54 0.000000 0.000000 0.000000 -0.077030 -0.068757 -1.299215
    55 7.054213 0.000000 0.000000 0.000000 0.000000 0.000000
    56 0.000000 -0.000007 -0.000031 1.373047 0.113574 0.124314
    57 0.000000 -0.000007 -0.000031 1.373047 0.113574 0.124314
    58 2.856947 -1.536175 -0.973780 -1.501147 -0.272558 -1.578261
    59 0.000000 0.000000 10.000000 0.000000 0.000000 0.000000
    60 2.856899 -1.536201 -0.973800 -1.501147 -0.272558 -1.578261
    61 2.000000 -3.000000 0.000000 -1.570796 0.000000 -1.326450
    62 0.018896 0.665159 9.395880 0.000000 0.000000 0.000000
    63 3.028210 -0.923409 -2.009452 1.574082 -0.012974 1.587244
    64 0.116954 4.311606 0.061861 0.000010 0.000000 0.000000
    65 0.000000 -0.000002 0.000000 0.000000 0.000000 0.000000
    66 0.000000 1.000000 0.000010 0.000000 0.000000 0.000000
    67 -0.000001 0.000000 0.000000 0.000000 0.000000 0.000000
    68 -0.000001 0.000000 0.000000 0.000000 0.000000 0.000000
    69 -0.000001 0.000000 0.000000 0.000000 0.000000 0.000000
time 82
    0 0.747559 -8.234375 27.000000 1.581981 -0.100005 0.313155
    1 3.455587 0.000000 0.000000 -2.342977 -0.830109 -0.862667
    2 16.572346 0.000000 0.000000 0.000000 0.000000 1.640791
    3 16.265829 0.000000 0.000000 -0.600012 -0.061998 -0.854994
    4 5.046457 0.000000 0.000000 0.009865 -0.018795 -0.397758
    5 -3.455587 0.000000 0.000000 -1.501221 -0.175623 -1.716613
    6 16.572346 0.000000 0.000000 0.000000 0.000000 0.553661
    7 16.265831 0.000000 0.000000 0.334007 -0.086586 -0.803162
    8 5.046457 0.000000 0.000000 -0.100199 0.014994 -0.382788
    9 0.000000 3.703728 0.293189 1.572088 -0.189326 1.536003
    10 3.307846 0.000000 0.000000 0.000964 -0.020269 -0.137556
    11 3.297962 0.000000 0.000000 0.002555 -0.005408 -0.175388
    12 6.040985 0.000000 0.000000 0.001307 -0.002773 0.247870
    13 5.065758 0.000000 0.000000 2.883946 -0.094577 -0.107371
    14 3.993755 0.000000 0.000000 -0.197815 0.111768 0.967185
    15 3.815876 1.385489 1.500000 -1.552274 -1.011398 -0.223059
    16 4.327093 0.000004 0.000000 2.740182 -0.520910 0.735414
    17 11.105114 0.000000 0.000000 0.000000 0.000000 -0.697037
    18 9.862099 -0.000011 -0.000031 1.457330 -0.235083 0.295570
    19 2.641094 0.214619 -1.073586 0.343640 0.190540 -0.806457
    20 1.361605 -0.000002 0.000000 -0.033852 -0.056532 -1.168171
    21 0.779602 0.000002 0.000000 -0.038792 -0.123973 0.252811
    22 2.908712 0.221762 -0.431868 0.315656 0.064476 -0.893331
    23 1.597527 0.000001 0.000000 -0.020331 -0.043837 -1.158634
    24 0.912680 0.000001 0.000000 0.002529 0.008221 0.233624
    25 3.265450 0.050007 0.415744 0.322996 0.091423 -1.049966
    26 1.860470 0.000000 0.000000 -0.051601 -0.064213 -1.194101
    27 1.061481 -0.000001 0.000000 0.004104 0.029474 0.404443
    28 3.340382 -0.242393 1.285012 0.318526 0.062572 -1.131184
    29 1.550753 0.000001 0.000000 0.061672 0.075949 -1.038656
    30 0.904888 0.000001 0.000000 0.001693 0.026264 0.279791
    31 1.219385 -1.063860 0.837143 1.700714 -0.490087 -0.201253
    32 1.496971 -0.000002 -0.000001 -0.211499 -0.093020 -0.524662
    33 1.100086 0.000000 0.000000 0.034391 -0.021604 -0.723527
    34 3.815876 1.385489 -1.500000 1.200269 1.082860 -0.510977
    35 4.327089 -0.000004 0.000000 3.108544 0.156419 0.752558
    36 11.105106 0.000000 0.000004 0.000000 0.000000 -0.574332
    37 9.862080 -0.000007 0.000017 -1.363782 -0.022817 0.198230
    38 2.641111 0.211586 1.074188 -0.340778 -0.190504 -0.713994
    39 1.361601 0.000000 0.000000 0.033791 0.056509 -0.943913
    40 0.779604 0.000001 0.000000 0.038833 0.124038 0.218150
    41 2.908730 0.220541 0.432493 -0.312825 -0.064540 -0.854119
    42 1.597527 0.000000 0.000000 0.020338 0.043857 -0.899809
    43 0.912678 0.000000 0.000000 -0.002548 -0.008289 0.256412
    44 3.265471 0.051184 -0.415600 -0.320176 -0.091421 -0.907618
    45 1.860470 0.000000 0.000000 0.051611 0.064235 -1.000517
    46 1.061485 0.000000 0.000000 -0.004037 -0.029426 0.237782
    47 3.340403 -0.238762 -1.285691 -0.315698 -0.062609 -0.887483
    48 1.550755 0.000000 0.000000 -0.061667 -0.075946 -1.019680
    49 0.904886 0.000001 0.000000 -0.001669 -0.026281 0.159649
    50 1.219410 -1.061498 -0.840143 -1.725617 0.534025 -0.029356
    51 1.496971 0.000002 0.000000 0.141600 0.113297 -0.458891
    52 1.100088 0.000000 0.000000 -0.031342 0.025865 -0.596322
    53 -14.914063 -7.695313 -5.996094 2.837797 -0.199119 1.918995
    54 0.000000 0.000000 0.000000 -0.077030 -0.068757 -1.299215
    55 7.054213 0.000000 0.000000 0.000000 0.000000 0.000000
    56 0.000000 -0.000007 -0.000031 1.373047 0.113574 0.124314
    57 0.000000 -0.000007 -0.000031 1.373047 0.113574 0.124314
    58 2.856947 -1.536175 -0.973780 -1.501147 -0.272558 -1.578261
    59 0.000000 0.000000 10.000000 0.000000 0.000000 0.000000
    60 2.856899 -1.536201 -0.973800 -1.501147 -0.272558 -1.578261
    61 2.000000 -3.000000 0.000000 -1.570796 0.000000 -1.326450
    62 0.018896 0.665159 9.395880 0.000000 0.000000 0.000000
    63 3.028210 -0.923409 -2.009452 1.574082 -0.012974 1.587244
    64 0.116954 4.311606 0.061861 0.000010 0.000000 0.000000
    65 0.000000 -0.000002 0.000000 0.000000 0.000000 0.000000
    66 0.000000 1.000000 0.000010 0.000000 0.000000 0.000000
    67 -0.000001 0.000000 0.000000 0.000000 0.000000 0.000000
    68 -0.000001 0.000000 0.000000 0.000000 0.000000 0.000000
    69 -0.000001 0.000000 0.000000 0.000000 0.000000 0.000000
time 83
    0 0.681152 -8.234375 27.093750 1.582963 -0.092312 0.295000
    1 3.455587 0.000000 0.000000 -2.470756 -0.858336 -0.759313
    2 16.572346 0.000000 0.000000 0.000000 0.000000 1.678351
    3 16.265829 0.000000 0.000000 -0.558136 0.019933 -0.883533
    4 5.046457 0.000000 0.000000 0.009849 -0.018737 -0.388866
    5 -3.455587 0.000000 0.000000 -1.487668 -0.169398 -1.723734
    6 16.572346 0.000000 0.000000 0.000000 0.000000 0.614147
    7 16.265831 0.000000 0.000000 0.287648 -0.099145 -0.797697
    8 5.046457 0.000000 0.000000 -0.100218 0.015028 -0.378389
    9 0.000000 3.703728 0.293189 1.575899 -0.182836 1.535676
    10 3.307846 0.000000 0.000000 0.004686 -0.019834 -0.140622
    11 3.297962 0.000000 0.000000 0.005761 -0.001496 -0.172179
    12 6.040985 0.000000 0.000000 0.005858 0.002900 0.256496
    13 5.065758 0.000000 0.000000 2.887371 -0.091953 -0.108886
    14 3.993755 0.000000 0.000000 -0.195515 0.106350 0.971903
    15 3.815876 1.385489 1.500000 -1.577305 -1.029660 -0.204497
    16 4.327093 0.000004 0.000000 2.767216 -0.519500 0.735889
    17 11.105114 0.000000 0.000000 0.000000 0.000000 -0.705769
    18 9.862099 -0.000011 -0.000031 1.448302 -0.243473 0.286742
    19 2.641094 0.214619 -1.073586 0.343640 0.190540 -0.806457
    20 1.361605 -0.000002 0.000000 -0.033852 -0.056532 -1.168171
    21 0.779602 0.000002 0.000000 -0.038792 -0.123973 0.252811
    22 2.908712 0.221762 -0.431868 0.315656 0.064476 -0.893331
    23 1.597527 0.000001 0.000000 -0.020331 -0.043837 -1.158634
    24 0.912680 0.000001 0.000000 0.002529 0.008221 0.233624
    25 3.265450 0.050007 0.415744 0.322996 0.091423 -1.049966
    26 1.860470 0.000000 0.000000 -0.051601 -0.064213 -1.194101
    27 1.061481 -0.000001 0.000000 0.004104 0.029474 0.404443
    28 3.340382 -0.242393 1.285012 0.318526 0.062572 -1.131184
    29 1.550753 0.000001 0.000000 0.061672 0.075949 -1.038656
    30 0.904888 0.000001 0.000000 0.001693 0.026264 0.279791
    31 1.219385 -1.063860 0.837143 1.700714 -0.490087 -0.201253
    32 1.496971 -0.000002 -0.000001 -0.211499 -0.093020 -0.524662
    33 1.100086 0.000000 0.000000 0.034391 -0.021604 -0.723527
    34 3.815876 1.385489 -1.500000 1.208928 1.103385 -0.510560
    35 4.327089 -0.000004 0.000000 3.066603 0.151269 0.778355
    36 11.105106 0.000000 0.000004 0.000000 0.000000 -0.571992
    37 9.862080 -0.000007 0.000017 -1.353685 -0.015400 0.213593
    38 2.641111 0.211586 1.074188 -0.340778 -0.190504 -0.713994
    39 1.361601 0.000000 0.000000 0.033791 0.056509 -0.943913
    40 0.779604 0.000001 0.000000 0.038833 0.124038 0.218150
    41 2.908730 0.220541 0.432493 -0.312825 -0.064540 -0.854119
    42 1.597527 0.000000 0.000000 0.020338 0.043857 -0.899809
    43 0.912678 0.000000 0.000000 -0.002548 -0.008289 0.256412
    44 3.265471 0.051184 -0.415600 -0.320176 -0.091421 -0.907618
    45 1.860470 0.000000 0.000000 0.051611 0.064235 -1.000517
    46 1.061485 0.000000 0.000000 -0.004037 -0.029426 0.237782
    47 3.340403 -0.238762 -1.285691 -0.315698 -0.062609 -0.887483
    48 1.550755 0.000000 0.000000 -0.061667 -0.075946 -1.019680
    49 0.904886 0.000001 0.000000 -0.001669 -0.026281 0.159649
    50 1.219410 -1.061498 -0.840143 -1.725617 0.534025 -0.029356
    51 1.496971 0.000002 0.000000 0.141600 0.113297 -0.458891
    52 1.100088 0.000000 0.000000 -0.031342 0.025865 -0.596322
    53 -13.421875 -10.742188 -10.601563 2.834723 -0.194312 1.922777
    54 0.000000 0.000000 0.000000 -0.077030 -0.068757 -1.299215
    55 7.054213 0.000000 0.000000 0.000000 0.000000 0.000000
    56 0.000000 -0.000007 -0.000031 1.373047 0.113574 0.124314
    57 0.000000 -0.000007 -0.000031 1.373047 0.113574 0.124314
    58 2.856947 -1.536175 -0.973780 -1.501147 -0.272558 -1.578261
    59 0.000000 0.000000 10.000000 0.000000 0.000000 0.000000
    60 2.856899 -1.536201 -0.973800 -1.501147 -0.272558 -1.578261
    61 2.000000 -3.000000 0.000000 -1.570796 0.000000 -1.326450
    62 0.018896 0.665159 9.395880 0.000000 0.000000 0.000000
    63 3.028210 -0.923409 -2.009452 1.574082 -0.012974 1.587244
    64 0.116954 4.311606 0.061861 0.000010 0.000000 0.000000
    65 0.000000 -0.000002 0.000000 0.000000 0.000000 0.000000
    66 0.000000 1.000000 0.000010 0.000000 0.000000 0.000000
    67 -0.000001 0.000000 0.000000 0.000000 0.000000 0.000000
    68 -0.000001 0.000000 0.000000 0.000000 0.000000 0.000000
    69 -0.000001 0.000000 0.000000 0.000000 0.000000 0.000000
time 84
    0 0.650391 -8.273438 27.250000 1.582722 -0.077656 0.268747
    1 3.455587 0.000000 0.000000 -2.562401 -0.856159 -0.683294
    2 16.572346 0.000000 0.000000 0.000000 0.000000 1.685069
    3 16.265829 0.000000 0.000000 -0.516633 0.067639 -0.883714
    4 5.046457 0.000000 0.000000 0.009906 -0.018773 -0.402162
    5 -3.455587 0.000000 0.000000 -1.469893 -0.162842 -1.738498
    6 16.572346 0.000000 0.000000 0.000000 0.000000 0.688685
    7 16.265831 0.000000 0.000000 0.315734 -0.111124 -0.822895
    8 5.046457 0.000000 0.000000 -0.100185 0.014991 -0.361240
    9 0.000000 3.703728 0.293189 1.579456 -0.175399 1.541745
    10 3.307846 0.000000 0.000000 0.008421 -0.015923 -0.144276
    11 3.297962 0.000000 0.000000 0.008759 0.001951 -0.168182
    12 6.040985 0.000000 0.000000 0.010068 0.006227 0.266797
    13 5.065758 0.000000 0.000000 2.890586 -0.082058 -0.107358
    14 3.993755 0.000000 0.000000 -0.195946 0.093742 0.975864
    15 3.815876 1.385489 1.500000 -1.614386 -1.054861 -0.173966
    16 4.327093 0.000004 0.000000 2.823743 -0.504855 0.734244
    17 11.105114 0.000000 0.000000 0.000000 0.000000 -0.720970
    18 9.862099 -0.000011 -0.000031 1.434119 -0.247997 0.288438
    19 2.641094 0.214619 -1.073586 0.343640 0.190540 -0.806457
    20 1.361605 -0.000002 0.000000 -0.033852 -0.056532 -1.168171
    21 0.779602 0.000002 0.000000 -0.038792 -0.123973 0.252811
    22 2.908712 0.221762 -0.431868 0.315656 0.064476 -0.893331
    23 1.597527 0.000001 0.000000 -0.020331 -0.043837 -1.158634
    24 0.912680 0.000001 0.000000 0.002529 0.008221 0.233624
    25 3.265450 0.050007 0.415744 0.322996 0.091423 -1.049966
    26 1.860470 0.000000 0.000000 -0.051601 -0.064213 -1.194101
    27 1.061481 -0.000001 0.000000 0.004104 0.029474 0.404443
    28 3.340382 -0.242393 1.285012 0.318526 0.062572 -1.131184
    29 1.550753 0.000001 0.000000 0.061672 0.075949 -1.038656
    30 0.904888 0.000001 0.000000 0.001693 0.026264 0.279791
    31 1.219385 -1.063860 0.837143 1.700714 -0.490087 -0.201253
    32 1.496971 -0.000002 -0.000001 -0.211499 -0.093020 -0.524662
    33 1.100086 0.000000 0.000000 0.034391 -0.021604 -0.723527
    34 3.815876 1.385489 -1.500000 1.204796 1.125307 -0.525896
    35 4.327089 -0.000004 0.000000 3.093678 0.176083 0.812974
    36 11.105106 0.000000 0.000004 0.000000 0.000000 -0.564798
    37 9.862080 -0.000007 0.000017 -1.372803 0.004070 0.238421
    38 2.641111 0.211586 1.074188 -0.340778 -0.190504 -0.713994
    39 1.361601 0.000000 0.000000 0.033791 0.056509 -0.943913
    40 0.779604 0.000001 0.000000 0.038833 0.124038 0.218150
    41 2.908730 0.220541 0.432493 -0.312825 -0.064540 -0.854119
    42 1.597527 0.000000 0.000000 0.020338 0.043857 -0.899809
    43 0.912678 0.000000 0.000000 -0.002548 -0.008289 0.256412
    44 3.265471 0.051184 -0.415600 -0.320176 -0.091421 -0.907618
    45 1.860470 0.000000 0.000000 0.051611 0.064235 -1.000517
    46 1.061485 0.000000 0.000000 -0.004037 -0.029426 0.237782
    47 3.340403 -0.238762 -1.285691 -0.315698 -0.062609 -0.887483
    48 1.550755 0.000000 0.000000 -0.061667 -0.075946 -1.019680
    49 0.904886 0.000001 0.000000 -0.001669 -0.026281 0.159649
    50 1.219410 -1.061498 -0.840143 -1.725617 0.534025 -0.029356
    51 1.496971 0.000002 0.000000 0.141600 0.113297 -0.458891
    52 1.100088 0.000000 0.000000 -0.031342 0.025865 -0.596322
    53 -11.015625 -15.867188 -10.710938 2.835098 -0.174075 1.932476
    54 0.000000 0.000000 0.000000 -0.077030 -0.068757 -1.299215
    55 7.054213 0.000000 0.000000 0.000000 0.000000 0.000000
    56 0.000000 -0.000007 -0.000031 1.373047 0.113574 0.124314
    57 0.000000 -0.000007 -0.000031 1.373047 0.113574 0.124314
    58 2.856947 -1.536175 -0.973780 -1.501147 -0.272558 -1.578261
    59 0.000000 0.000000 10.000000 0.000000 0.000000 0.000000
    60 2.856899 -1.536201 -0.973800 -1.501147 -0.272558 -1.578261
    61 2.000000 -3.000000 0.000000 -1.570796 0.000000 -1.326450
    62 0.018896 0.665159 9.395880 0.000000 0.000000 0.000000
    63 3.028210 -0.923409 -2.009452 1.574082 -0.012974 1.587244
    64 0.116954 4.311606 0.061861 0.000010 0.000000 0.000000
    65 0.000000 -0.000002 0.000000 0.000000 0.000000 0.000000
    66 0.000000 1.000000 0.000010 0.000000 0.000000 0.000000
    67 -0.000001 0.000000 0.000000 0.000000 0.000000 0.000000
    68 -0.000001 0.000000 0.000000 0.000000 0.000000 0.000000
    69 -0.000001 0.000000 0.000000 0.000000 0.000000 0.000000
time 85
    0 0.661621 -8.359375 27.468750 1.579396 -0.063740 0.235409
    1 3.455587 0.000000 0.000000 -2.605688 -0.820611 -0.665364
    2 16.572346 0.000000 0.000000 0.000000 0.000000 1.652327
    3 16.265829 0.000000 0.000000 -0.481071 0.095966 -0.892585
    4 5.046457 0.000000 0.000000 0.009904 -0.018774 -0.401986
    5 -3.455587 0.000000 0.000000 -1.435905 -0.151812 -1.772961
    6 16.572346 0.000000 0.000000 0.000000 0.000000 0.757074
    7 16.265831 0.000000 0.000000 0.354824 -0.128946 -0.827678
    8 5.046457 0.000000 0.000000 -0.100238 0.015035 -0.369154
    9 0.000000 3.703728 0.293189 1.581828 -0.173461 1.547726
    10 3.307846 0.000000 0.000000 0.010701 -0.011424 -0.145653
    11 3.297962 0.000000 0.000000 0.010205 0.006401 -0.167552
    12 6.040985 0.000000 0.000000 0.012915 0.011051 0.270239
    13 5.065758 0.000000 0.000000 2.892275 -0.061399 -0.107436
    14 3.993755 0.000000 0.000000 -0.203183 0.077144 0.979396
    15 3.815876 1.385489 1.500000 -1.653621 -1.089354 -0.132579
    16 4.327093 0.000004 0.000000 2.989077 -0.437862 0.725676
    17 11.105114 0.000000 0.000000 0.000000 0.000000 -0.741583
    18 9.862099 -0.000011 -0.000031 1.367665 -0.229471 0.315662
    19 2.641094 0.214619 -1.073586 0.343640 0.190540 -0.806457
    20 1.361605 -0.000002 0.000000 -0.033852 -0.056532 -1.168171
    21 0.779602 0.000002 0.000000 -0.038792 -0.123973 0.252811
    22 2.908712 0.221762 -0.431868 0.315656 0.064476 -0.893331
    23 1.597527 0.000001 0.000000 -0.020331 -0.043837 -1.158634
    24 0.912680 0.000001 0.000000 0.002529 0.008221 0.233624
    25 3.265450 0.050007 0.415744 0.322996 0.091423 -1.049966
    26 1.860470 0.000000 0.000000 -0.051601 -0.064213 -1.194101
    27 1.061481 -0.000001 0.000000 0.004104 0.029474 0.404443
    28 3.340382 -0.242393 1.285012 0.318526 0.062572 -1.131184
    29 1.550753 0.000001 0.000000 0.061672 0.075949 -1.038656
    30 0.904888 0.000001 0.000000 0.001693 0.026264 0.279791
    31 1.219385 -1.063860 0.837143 1.700714 -0.490087 -0.201253
    32 1.496971 -0.000002 -0.000001 -0.211499 -0.093020 -0.524662
    33 1.100086 0.000000 0.000000 0.034391 -0.021604 -0.723527
    34 3.815876 1.385489 -1.500000 1.173891 1.149301 -0.566711
    35 4.327089 -0.000004 0.000000 3.131894 0.213337 0.848367
    36 11.105106 0.000000 0.000004 0.000000 0.000000 -0.582438
    37 9.862080 -0.000007 0.000017 -1.383465 0.016452 0.257796
    38 2.641111 0.211586 1.074188 -0.340778 -0.190504 -0.713994
    39 1.361601 0.000000 0.000000 0.033791 0.056509 -0.943913
    40 0.779604 0.000001 0.000000 0.038833 0.124038 0.218150
    41 2.908730 0.220541 0.432493 -0.312825 -0.064540 -0.854119
    42 1.597527 0.000000 0.000000 0.020338 0.043857 -0.899809
    43 0.912678 0.000000 0.000000 -0.002548 -0.008289 0.256412
    44 3.265471 0.051184 -0.415600 -0.320176 -0.091421 -0.907618
    45 1.860470 0.000000 0.000000 0.051611 0.064235 -1.000517
    46 1.061485 0.000000 0.000000 -0.004037 -0.029426 0.237782
    47 3.340403 -0.238762 -1.285691 -0.315698 -0.062609 -0.887483
    48 1.550755 0.000000 0.000000 -0.061667 -0.075946 -1.019680
    49 0.904886 0.000001 0.000000 -0.001669 -0.026281 0.159649
    50 1.219410 -1.061498 -0.840143 -1.725617 0.534025 -0.029356
    51 1.496971 0.000002 0.000000 0.141600 0.113297 -0.458891
    52 1.100088 0.000000 0.000000 -0.031342 0.025865 -0.596322
    53 -9.125000 -20.453125 -5.960938 2.845371 -0.049685 1.946733
    54 0.000000 0.000000 0.000000 -0.077030 -0.068757 -1.299215
    55 7.054213 0.000000 0.000000 0.000000 0.000000 0.000000
    56 0.000000 -0.000007 -0.000031 1.373047 0.113574 0.124314
    57 0.000000 -0.000007 -0.000031 1.373047 0.113574 0.124314
    58 2.856947 -1.536175 -0.973780 -1.501147 -0.272558 -1.578261
    59 0.000000 0.000000 10.000000 0.000000 0.000000 0.000000
    60 2.856899 -1.536201 -0.973800 -1.501147 -0.272558 -1.578261
    61 2.000000 -3.000000 0.000000 -1.570796 0.000000 -1.326450
    62 0.018896 0.665159 9.395880 0.000000 0.000000 0.000000
    63 3.028210 -0.923409 -2.009452 1.574082 -0.012974 1.587244
    64 0.116954 4.311606 0.061861 0.000010 0.000000 0.000000
    65 0.000000 -0.000002 0.000000 0.000000 0.000000 0.000000
    66 0.000000 1.000000 0.000010 0.000000 0.000000 0.000000
    67 -0.000001 0.000000 0.000000 0.000000 0.000000 0.000000
    68 -0.000001 0.000000 0.000000 0.000000 0.000000 0.000000
    69 -0.000001 0.000000 0.000000 0.000000 0.000000 0.000000
time 86
    0 0.773438 -8.523438 27.687500 1.569527 -0.050897 0.187982
    1 3.455587 0.000000 0.000000 -2.599622 -0.742807 -0.712397
    2 16.572346 0.000000 0.000000 0.000000 0.000000 1.572047
    3 16.265829 0.000000 0.000000 -0.452207 0.091614 -0.890670
    4 5.046457 0.000000 0.000000 0.009888 -0.018702 -0.427304
    5 -3.455587 0.000000 0.000000 -1.405715 -0.131776 -1.823476
    6 16.572346 0.000000 0.000000 0.000000 0.000000 0.803184
    7 16.265831 0.000000 0.000000 0.375649 -0.136894 -0.796758
    8 5.046457 0.000000 0.000000 -0.100148 0.014976 -0.385163
    9 0.000000 3.703728 0.293189 1.585135 -0.176912 1.552796
    10 3.307846 0.000000 0.000000 0.013940 -0.006094 -0.143644
    11 3.297962 0.000000 0.000000 0.012066 0.014179 -0.167244
    12 6.040985 0.000000 0.000000 0.017316 0.020294 0.270881
    13 5.065758 0.000000 0.000000 2.888723 -0.038054 -0.113426
    14 3.993755 0.000000 0.000000 -0.217435 0.066171 0.985280
    15 3.815876 1.385489 1.500000 -1.695803 -1.125555 -0.083912
    16 4.327093 0.000004 0.000000 -3.026733 -0.301214 0.727926
    17 11.105114 0.000000 0.000000 0.000000 0.000000 -0.752338
    18 9.862099 -0.000011 -0.000031 1.218453 -0.150035 0.341331
    19 2.641094 0.214619 -1.073586 0.343640 0.190540 -0.806457
    20 1.361605 -0.000002 0.000000 -0.033852 -0.056532 -1.168171
    21 0.779602 0.000002 0.000000 -0.038792 -0.123973 0.252811
    22 2.908712 0.221762 -0.431868 0.315656 0.064476 -0.893331
    23 1.597527 0.000001 0.000000 -0.020331 -0.043837 -1.158634
    24 0.912680 0.000001 0.000000 0.002529 0.008221 0.233624
    25 3.265450 0.050007 0.415744 0.322996 0.091423 -1.049966
    26 1.860470 0.000000 0.000000 -0.051601 -0.064213 -1.194101
    27 1.061481 -0.000001 0.000000 0.004104 0.029474 0.404443
    28 3.340382 -0.242393 1.285012 0.318526 0.062572 -1.131184
    29 1.550753 0.000001 0.000000 0.061672 0.075949 -1.038656
    30 0.904888 0.000001 0.000000 0.001693 0.026264 0.279791
    31 1.219385 -1.063860 0.837143 1.700714 -0.490087 -0.201253
    32 1.496971 -0.000002 -0.000001 -0.211499 -0.093020 -0.524662
    33 1.100086 0.000000 0.000000 0.034391 -0.021604 -0.723527
    34 3.815876 1.385489 -1.500000 1.119306 1.154134 -0.636211
    35 4.327089 -0.000004 0.000000 -3.130566 0.258420 0.877897
    36 11.105106 0.000000 0.000004 0.000000 0.000000 -0.607901
    37 9.862080 -0.000007 0.000017 -1.372531 0.025517 0.267104
    38 2.641111 0.211586 1.074188 -0.340778 -0.190504 -0.713994
    39 1.361601 0.000000 0.000000 0.033791 0.056509 -0.943913
    40 0.779604 0.000001 0.000000 0.038833 0.124038 0.218150
    41 2.908730 0.220541 0.432493 -0.312825 -0.064540 -0.854119
    42 1.597527 0.000000 0.000000 0.020338 0.043857 -0.899809
    43 0.912678 0.000000 0.000000 -0.002548 -0.008289 0.256412
    44 3.265471 0.051184 -0.415600 -0.320176 -0.091421 -0.907618
    45 1.860470 0.000000 0.000000 0.051611 0.064235 -1.000517
    46 1.061485 0.000000 0.000000 -0.004037 -0.029426 0.237782
    47 3.340403 -0.238762 -1.285691 -0.315698 -0.062609 -0.887483
    48 1.550755 0.000000 0.000000 -0.061667 -0.075946 -1.019680
    49 0.904886 0.000001 0.000000 -0.001669 -0.026281 0.159649
    50 1.219410 -1.061498 -0.840143 -1.725617 0.534025 -0.029356
    51 1.496971 0.000002 0.000000 0.141600 0.113297 -0.458891
    52 1.100088 0.000000 0.000000 -0.031342 0.025865 -0.596322
    53 -10.601563 -19.062500 2.443359 2.874899 0.192355 1.957154
    54 0.000000 0.000000 0.000000 -0.077030 -0.068757 -1.299215
    55 7.054213 0.000000 0.000000 0.000000 0.000000 0.000000
    56 0.000000 -0.000007 -0.000031 1.373047 0.113574 0.124314
    57 0.000000 -0.000007 -0.000031 1.373047 0.113574 0.124314
    58 2.856947 -1.536175 -0.973780 -1.501147 -0.272558 -1.578261
    59 0.000000 0.000000 10.000000 0.000000 0.000000 0.000000
    60 2.856899 -1.536201 -0.973800 -1.501147 -0.272558 -1.578261
    61 2.000000 -3.000000 0.000000 -1.570796 0.000000 -1.326450
    62 0.018896 0.665159 9.395880 0.000000 0.000000 0.000000
    63 3.028210 -0.923409 -2.009452 1.574082 -0.012974 1.587244
    64 0.116954 4.311606 0.061861 0.000010 0.000000 0.000000
    65 0.000000 -0.000002 0.000000 0.000000 0.000000 0.000000
    66 0.000000 1.000000 0.000010 0.000000 0.000000 0.000000
    67 -0.000001 0.000000 0.000000 0.000000 0.000000 0.000000
    68 -0.000001 0.000000 0.000000 0.000000 0.000000 0.000000
    69 -0.000001 0.000000 0.000000 0.000000 0.000000 0.000000
time 87
    0 0.928711 -8.773438 27.875000 1.564328 -0.034601 0.138453
    1 3.455587 0.000000 0.000000 -2.590094 -0.643050 -0.782026
    2 16.572346 0.000000 0.000000 0.000000 0.000000 1.444526
    3 16.265829 0.000000 0.000000 -0.429673 0.070967 -0.857788
    4 5.046457 0.000000 0.000000 0.009884 -0.018721 -0.451896
    5 -3.455587 0.000000 0.000000 -1.393851 -0.120760 -1.874234
    6 16.572346 0.000000 0.000000 0.000000 0.000000 0.824239
    7 16.265831 0.000000 0.000000 0.371932 -0.130935 -0.743803
    8 5.046457 0.000000 0.000000 -0.100162 0.014970 -0.365369
    9 0.000000 3.703728 0.293189 1.585750 -0.174830 1.558950
    10 3.307846 0.000000 0.000000 0.014589 0.000534 -0.144116
    11 3.297962 0.000000 0.000000 0.010959 0.024723 -0.164257
    12 6.040985 0.000000 0.000000 0.020149 0.034594 0.276139
    13 5.065758 0.000000 0.000000 2.878592 -0.023491 -0.112866
    14 3.993755 0.000000 0.000000 -0.233687 0.062444 0.986105
    15 3.815876 1.385489 1.500000 -1.732316 -1.152397 -0.016794
    16 4.327093 0.000004 0.000000 -2.849605 -0.148255 0.748137
    17 11.105114 0.000000 0.000000 0.000000 0.000000 -0.761070
    18 9.862099 -0.000011 -0.000031 1.129823 -0.111061 0.358304
    19 2.641094 0.214619 -1.073586 0.343640 0.190540 -0.806457
    20 1.361605 -0.000002 0.000000 -0.033852 -0.056532 -1.168171
    21 0.779602 0.000002 0.000000 -0.038792 -0.123973 0.252811
    22 2.908712 0.221762 -0.431868 0.315656 0.064476 -0.893331
    23 1.597527 0.000001 0.000000 -0.020331 -0.043837 -1.158634
    24 0.912680 0.000001 0.000000 0.002529 0.008221 0.233624
    25 3.265450 0.050007 0.415744 0.322996 0.091423 -1.049966
    26 1.860470 0.000000 0.000000 -0.051601 -0.064213 -1.194101
    27 1.061481 -0.000001 0.000000 0.004104 0.029474 0.404443
    28 3.340382 -0.242393 1.285012 0.318526 0.062572 -1.131184
    29 1.550753 0.000001 0.000000 0.061672 0.075949 -1.038656
    30 0.904888 0.000001 0.000000 0.001693 0.026264 0.279791
    31 1.219385 -1.063860 0.837143 1.700714 -0.490087 -0.201253
    32 1.496971 -0.000002 -0.000001 -0.211499 -0.093020 -0.524662
    33 1.100086 0.000000 0.000000 0.034391 -0.021604 -0.723527
    34 3.815876 1.385489 -1.500000 1.103025 1.142665 -0.675661
    35 4.327089 -0.000004 0.000000 -3.139845 0.297158 0.893070
    36 11.105106 0.000000 0.000004 0.000000 0.000000 -0.629108
    37 9.862080 -0.000007 0.000017 -1.347589 0.035705 0.279046
    38 2.641111 0.211586 1.074188 -0.340778 -0.190504 -0.713994
    39 1.361601 0.000000 0.000000 0.033791 0.056509 -0.943913
    40 0.779604 0.000001 0.000000 0.038833 0.124038 0.218150
    41 2.908730 0.220541 0.432493 -0.312825 -0.064540 -0.854119
    42 1.597527 0.000000 0.000000 0.020338 0.043857 -0.899809
    43 0.912678 0.000000 0.000000 -0.002548 -0.008289 0.256412
    44 3.265471 0.051184 -0.415600 -0.320176 -0.091421 -0.907618
    45 1.860470 0.000000 0.000000 0.051611 0.064235 -1.000517
    46 1.061485 0.000000 0.000000 -0.004037 -0.029426 0.237782
    47 3.340403 -0.238762 -1.285691 -0.315698 -0.062609 -0.887483
    48 1.550755 0.000000 0.000000 -0.061667 -0.075946 -1.019680
    49 0.904886 0.000001 0.000000 -0.001669 -0.026281 0.159649
    50 1.219410 -1.061498 -0.840143 -1.725617 0.534025 -0.029356
    51 1.496971 0.000002 0.000000 0.141600 0.113297 -0.458891
    52 1.100088 0.000000 0.000000 -0.031342 0.025865 -0.596322
    53 -14.304688 -13.250000 4.968750 2.925446 0.357205 1.977153
    54 0.000000 0.000000 0.000000 -0.077030 -0.068757 -1.299215
    55 7.054213 0.000000 0.000000 0.000000 0.000000 0.000000
    56 0.000000 -0.000007 -0.000031 1.373047 0.113574 0.124314
    57 0.000000 -0.000007 -0.000031 1.373047 0.113574 0.124314
    58 2.856947 -1.536175 -0.973780 -1.501147 -0.272558 -1.578261
    59 0.000000 0.000000 10.000000 0.000000 0.000000 0.000000
    60 2.856899 -1.536201 -0.973800 -1.501147 -0.272558 -1.578261
    61 2.000000 -3.000000 0.000000 -1.570796 0.000000 -1.326450
    62 0.018896 0.665159 9.395880 0.000000 0.000000 0.000000
    63 3.028210 -0.923409 -2.009452 1.574082 -0.012974 1.587244
    64 0.116954 4.311606 0.061861 0.000010 0.000000 0.000000
    65 0.000000 -0.000002 0.000000 0.000000 0.000000 0.000000
    66 0.000000 1.000000 0.000010 0.000000 0.000000 0.000000
    67 -0.000001 0.000000 0.000000 0.000000 0.000000 0.000000
    68 -0.000001 0.000000 0.000000 0.000000 0.000000 0.000000
    69 -0.000001 0.000000 0.000000 0.000000 0.000000 0.000000
time 88
    0 1.035156 -8.968750 28.015625 1.562087 -0.014608 0.101901
    1 3.455587 0.000000 0.000000 -2.574870 -0.545271 -0.862574
    2 16.572346 0.000000 0.000000 0.000000 0.000000 1.287887
    3 16.265829 0.000000 0.000000 -0.448637 0.035419 -0.834143
    4 5.046457 0.000000 0.000000 0.009899 -0.018723 -0.419446
    5 -3.455587 0.000000 0.000000 -1.433988 -0.123874 -1.904930
    6 16.572346 0.000000 0.000000 0.000000 0.000000 0.824616
    7 16.265831 0.000000 0.000000 0.375349 -0.127984 -0.728616
    8 5.046457 0.000000 0.000000 -0.100202 0.015044 -0.345703
    9 0.000000 3.703728 0.293189 1.581426 -0.174127 1.565028
    10 3.307846 0.000000 0.000000 0.010441 0.006462 -0.143393
    11 3.297962 0.000000 0.000000 0.005531 0.033699 -0.159717
    12 6.040985 0.000000 0.000000 0.018444 0.047862 0.283941
    13 5.065758 0.000000 0.000000 2.868703 -0.016613 -0.125290
    14 3.993755 0.000000 0.000000 -0.246102 0.061359 0.995957
    15 3.815876 1.385489 1.500000 -1.786871 -1.181593 0.044542
    16 4.327093 0.000004 0.000000 -2.910209 -0.100796 0.774361
    17 11.105114 0.000000 0.000000 0.000000 0.000000 -0.732144
    18 9.862099 -0.000011 -0.000031 1.186410 -0.226507 0.362149
    19 2.641094 0.214619 -1.073586 0.343640 0.190540 -0.806457
    20 1.361605 -0.000002 0.000000 -0.033852 -0.056532 -1.168171
    21 0.779602 0.000002 0.000000 -0.038792 -0.123973 0.252811
    22 2.908712 0.221762 -0.431868 0.315656 0.064476 -0.893331
    23 1.597527 0.000001 0.000000 -0.020331 -0.043837 -1.158634
    24 0.912680 0.000001 0.000000 0.002529 0.008221 0.233624
    25 3.265450 0.050007 0.415744 0.322996 0.091423 -1.049966
    26 1.860470 0.000000 0.000000 -0.051601 -0.064213 -1.194101
    27 1.061481 -0.000001 0.000000 0.004104 0.029474 0.404443
    28 3.340382 -0.242393 1.285012 0.318526 0.062572 -1.131184
    29 1.550753 0.000001 0.000000 0.061672 0.075949 -1.038656
    30 0.904888 0.000001 0.000000 0.001693 0.026264 0.279791
    31 1.219385 -1.063860 0.837143 1.700714 -0.490087 -0.201253
    32 1.496971 -0.000002 -0.000001 -0.211499 -0.093020 -0.524662
    33 1.100086 0.000000 0.000000 0.034391 -0.021604 -0.723527
    34 3.815876 1.385489 -1.500000 1.109062 1.129986 -0.701394
    35 4.327089 -0.000004 0.000000 3.122334 0.328573 0.901071
    36 11.105106 0.000000 0.000004 0.000000 0.000000 -0.629017
    37 9.862080 -0.000007 0.000017 -1.308595 0.048558 0.276424
    38 2.641111 0.211586 1.074188 -0.340778 -0.190504 -0.713994
    39 1.361601 0.000000 0.000000 0.033791 0.056509 -0.943913
    40 0.779604 0.000001 0.000000 0.038833 0.124038 0.218150
    41 2.908730 0.220541 0.432493 -0.312825 -0.064540 -0.854119
    42 1.597527 0.000000 0.000000 0.020338 0.043857 -0.899809
    43 0.912678 0.000000 0.000000 -0.002548 -0.008289 0.256412
    44 3.265471 0.051184 -0.415600 -0.320176 -0.091421 -0.907618
    45 1.860470 0.000000 0.000000 0.051611 0.064235 -1.000517
    46 1.061485 0.000000 0.000000 -0.004037 -0.029426 0.237782
    47 3.340403 -0.238762 -1.285691 -0.315698 -0.062609 -0.887483
    48 1.550755 0.000000 0.000000 -0.061667 -0.075946 -1.019680
    49 0.904886 0.000001 0.000000 -0.001669 -0.026281 0.159649
    50 1.219410 -1.061498 -0.840143 -1.725617 0.534025 -0.029356
    51 1.496971 0.000002 0.000000 0.141600 0.113297 -0.458891
    52 1.100088 0.000000 0.000000 -0.031342 0.025865 -0.596322
    53 -17.125000 -10.468750 1.465820 2.974818 0.249998 1.973449
    54 0.000000 0.000000 0.000000 -0.077030 -0.068757 -1.299215
    55 7.054213 0.000000 0.000000 0.000000 0.000000 0.000000
    56 0.000000 -0.000007 -0.000031 1.373047 0.113574 0.124314
    57 0.000000 -0.000007 -0.000031 1.373047 0.113574 0.124314
    58 2.856947 -1.536175 -0.973780 -1.501147 -0.272558 -1.578261
    59 0.000000 0.000000 10.000000 0.000000 0.000000 0.000000
    60 2.856899 -1.536201 -0.973800 -1.501147 -0.272558 -1.578261
    61 2.000000 -3.000000 0.000000 -1.570796 0.000000 -1.326450
    62 0.018896 0.665159 9.395880 0.000000 0.000000 0.000000
    63 3.028210 -0.923409 -2.009452 1.574082 -0.012974 1.587244
    64 0.116954 4.311606 0.061861 0.000010 0.000000 0.000000
    65 0.000000 -0.000002 0.000000 0.000000 0.000000 0.000000
    66 0.000000 1.000000 0.000010 0.000000 0.000000 0.000000
    67 -0.000001 0.000000 0.000000 0.000000 0.000000 0.000000
    68 -0.000001 0.000000 0.000000 0.000000 0.000000 0.000000
    69 -0.000001 0.000000 0.000000 0.000000 0.000000 0.000000
time 89
    0 1.062500 -9.054688 28.078125 1.558952 0.010342 0.087097
    1 3.455587 0.000000 0.000000 -2.534608 -0.464702 -0.951728
    2 16.572346 0.000000 0.000000 0.000000 0.000000 1.116688
    3 16.265829 0.000000 0.000000 -0.549959 -0.027408 -0.847886
    4 5.046457 0.000000 0.000000 0.009889 -0.018755 -0.409389
    5 -3.455587 0.000000 0.000000 -1.501210 -0.131920 -1.910060
    6 16.572346 0.000000 0.000000 0.000000 0.000000 0.813888
    7 16.265831 0.000000 0.000000 0.345312 -0.103992 -0.784143
    8 5.046457 0.000000 0.000000 -0.100165 0.014971 -0.370732
    9 0.000000 3.703728 0.293189 1.572345 -0.181424 1.570678
    10 3.307846 0.000000 0.000000 0.001562 0.011099 -0.139264
    11 3.297962 0.000000 0.000000 -0.004368 0.039143 -0.160856
    12 6.040985 0.000000 0.000000 0.010882 0.058542 0.280449
    13 5.065758 0.000000 0.000000 2.870055 -0.013085 -0.126293
    14 3.993755 0.000000 0.000000 -0.245453 0.054497 0.996078
    15 3.815876 1.385489 1.500000 -1.778236 -1.191932 0.046098
    16 4.327093 0.000004 0.000000 -3.125468 -0.134502 0.785466
    17 11.105114 0.000000 0.000000 0.000000 0.000000 -0.721984
    18 9.862099 -0.000011 -0.000031 1.275056 -0.250906 0.281658
    19 2.641094 0.214619 -1.073586 0.343640 0.190540 -0.806457
    20 1.361605 -0.000002 0.000000 -0.033852 -0.056532 -1.168171
    21 0.779602 0.000002 0.000000 -0.038792 -0.123973 0.252811
    22 2.908712 0.221762 -0.431868 0.315656 0.064476 -0.893331
    23 1.597527 0.000001 0.000000 -0.020331 -0.043837 -1.158634
    24 0.912680 0.000001 0.000000 0.002529 0.008221 0.233624
    25 3.265450 0.050007 0.415744 0.322996 0.091423 -1.049966
    26 1.860470 0.000000 0.000000 -0.051601 -0.064213 -1.194101
    27 1.061481 -0.000001 0.000000 0.004104 0.029474 0.404443
    28 3.340382 -0.242393 1.285012 0.318526 0.062572 -1.131184
    29 1.550753 0.000001 0.000000 0.061672 0.075949 -1.038656
    30 0.904888 0.000001 0.000000 0.001693 0.026264 0.279791
    31 1.219385 -1.063860 0.837143 1.700714 -0.490087 -0.201253
    32 1.496971 -0.000002 -0.000001 -0.211499 -0.093020 -0.524662
    33 1.100086 0.000000 0.000000 0.034391 -0.021604 -0.723527
    34 3.815876 1.385489 -1.500000 1.119769 1.121049 -0.704492
    35 4.327089 -0.000004 0.000000 3.130848 0.358110 0.887446
    36 11.105106 0.000000 0.000004 0.000000 0.000000 -0.631014
    37 9.862080 -0.000007 0.000017 -1.277199 0.063478 0.272649
    38 2.641111 0.211586 1.074188 -0.340778 -0.190504 -0.713994
    39 1.361601 0.000000 0.000000 0.033791 0.056509 -0.943913
    40 0.779604 0.000001 0.000000 0.038833 0.124038 0.218150
    41 2.908730 0.220541 0.432493 -0.312825 -0.064540 -0.854119
    42 1.597527 0.000000 0.000000 0.020338 0.043857 -0.899809
    43 0.912678 0.000000 0.000000 -0.002548 -0.008289 0.256412
    44 3.265471 0.051184 -0.415600 -0.320176 -0.091421 -0.907618
    45 1.860470 0.000000 0.000000 0.051611 0.064235 -1.000517
    46 1.061485 0.000000 0.000000 -0.004037 -0.029426 0.237782
    47 3.340403 -0.238762 -1.285691 -0.315698 -0.062609 -0.887483
    48 1.550755 0.000000 0.000000 -0.061667 -0.075946 -1.019680
    49 0.904886 0.000001 0.000000 -0.001669 -0.026281 0.159649
    50 1.219410 -1.061498 -0.840143 -1.725617 0.534025 -0.029356
    51 1.496971 0.000002 0.000000 0.141600 0.113297 -0.458891
    52 1.100088 0.000000 0.000000 -0.031342 0.025865 -0.596322
    53 -19.187500 -10.093750 -2.892578 2.998611 -0.009293 1.978951
    54 0.000000 0.000000 0.000000 -0.077030 -0.068757 -1.299215
    55 7.054213 0.000000 0.000000 0.000000 0.000000 0.000000
    56 0.000000 -0.000007 -0.000031 1.373047 0.113574 0.124314
    57 0.000000 -0.000007 -0.000031 1.373047 0.113574 0.124314
    58 2.856947 -1.536175 -0.973780 -1.501147 -0.272558 -1.578261
    59 0.000000 0.000000 10.000000 0.000000 0.000000 0.000000
    60 2.856899 -1.536201 -0.973800 -1.501147 -0.272558 -1.578261
    61 2.000000 -3.000000 0.000000 -1.570796 0.000000 -1.326450
    62 0.018896 0.665159 9.395880 0.000000 0.000000 0.000000
    63 3.028210 -0.923409 -2.009452 1.574082 -0.012974 1.587244
    64 0.116954 4.311606 0.061861 0.000010 0.000000 0.000000
    65 0.000000 -0.000002 0.000000 0.000000 0.000000 0.000000
    66 0.000000 1.000000 0.000010 0.000000 0.000000 0.000000
    67 -0.000001 0.000000 0.000000 0.000000 0.000000 0.000000
    68 -0.000001 0.000000 0.000000 0.000000 0.000000 0.000000
    69 -0.000001 0.000000 0.000000 0.000000 0.000000 0.000000
time 90
    0 1.046875 -9.062500 28.031250 1.558037 0.039054 0.088317
    1 3.455587 0.000000 0.000000 -2.470956 -0.402541 -1.036647
    2 16.572346 0.000000 0.000000 0.000000 0.000000 0.947514
    3 16.265829 0.000000 0.000000 -0.650194 -0.119354 -0.868517
    4 5.046457 0.000000 0.000000 0.009901 -0.018749 -0.410624
    5 -3.455587 0.000000 0.000000 -1.560501 -0.142849 -1.903948
    6 16.572346 0.000000 0.000000 0.000000 0.000000 0.793908
    7 16.265831 0.000000 0.000000 0.261997 -0.062662 -0.843726
    8 5.046457 0.000000 0.000000 -0.100235 0.015022 -0.358607
    9 0.000000 3.703728 0.293189 1.562232 -0.187156 1.579598
    10 3.307846 0.000000 0.000000 -0.008169 0.015709 -0.136397
    11 3.297962 0.000000 0.000000 -0.014738 0.039423 -0.162798
    12 6.040985 0.000000 0.000000 0.000872 0.061764 0.274848
    13 5.065758 0.000000 0.000000 2.870386 -0.017015 -0.120084
    14 3.993755 0.000000 0.000000 -0.242339 0.051809 0.990990
    15 3.815876 1.385489 1.500000 -1.762029 -1.187473 0.042738
    16 4.327093 0.000004 0.000000 -3.086269 -0.127579 0.820082
    17 11.105114 0.000000 0.000000 0.000000 0.000000 -0.697863
    18 9.862099 -0.000011 -0.000031 1.270672 -0.181740 0.201268
    19 2.641094 0.214619 -1.073586 0.343640 0.190540 -0.806457
    20 1.361605 -0.000002 0.000000 -0.033852 -0.056532 -1.168171
    21 0.779602 0.000002 0.000000 -0.038792 -0.123973 0.252811
    22 2.908712 0.221762 -0.431868 0.315656 0.064476 -0.893331
    23 1.597527 0.000001 0.000000 -0.020331 -0.043837 -1.158634
    24 0.912680 0.000001 0.000000 0.002529 0.008221 0.233624
    25 3.265450 0.050007 0.415744 0.322996 0.091423 -1.049966
    26 1.860470 0.000000 0.000000 -0.051601 -0.064213 -1.194101
    27 1.061481 -0.000001 0.000000 0.004104 0.029474 0.404443
    28 3.340382 -0.242393 1.285012 0.318526 0.062572 -1.131184
    29 1.550753 0.000001 0.000000 0.061672 0.075949 -1.038656
    30 0.904888 0.000001 0.000000 0.001693 0.026264 0.279791
    31 1.219385 -1.063860 0.837143 1.700710 -0.490026 -0.201183
    32 1.496971 -0.000002 -0.000001 -0.211499 -0.093020 -0.524662
    33 1.100086 0.000000 0.000000 0.034391 -0.021604 -0.723527
    34 3.815876 1.385489 -1.500000 1.133600 1.117877 -0.689543
    35 4.327089 -0.000004 0.000000 -3.139008 0.378377 0.860715
    36 11.105106 0.000000 0.000004 0.000000 0.000000 -0.624570
    37 9.862080 -0.000007 0.000017 -1.260600 0.077984 0.263765
    38 2.641111 0.211586 1.074188 -0.340778 -0.190504 -0.713994
    39 1.361601 0.000000 0.000000 0.033791 0.056509 -0.943913
    40 0.779604 0.000001 0.000000 0.038833 0.124038 0.218150
    41 2.908730 0.220541 0.432493 -0.312825 -0.064540 -0.854119
    42 1.597527 0.000000 0.000000 0.020338 0.043857 -0.899809
    43 0.912678 0.000000 0.000000 -0.002548 -0.008289 0.256412
    44 3.265471 0.051184 -0.415600 -0.320176 -0.091421 -0.907618
    45 1.860470 0.000000 0.000000 0.051611 0.064235 -1.000517
    46 1.061485 0.000000 0.000000 -0.004037 -0.029426 0.237782
    47 3.340403 -0.238762 -1.285691 -0.315698 -0.062609 -0.887483
    48 1.550755 0.000000 0.000000 -0.061667 -0.075946 -1.019680
    49 0.904886 0.000001 0.000000 -0.001669 -0.026281 0.159649
    50 1.219410 -1.061498 -0.840143 -1.725617 0.534025 -0.029356
    51 1.496971 0.000002 0.000000 0.141600 0.113297 -0.458891
    52 1.100088 0.000000 0.000000 -0.031342 0.025865 -0.596322
    53 -18.750000 -14.031250 -7.312500 2.982420 0.000499 1.984495
    54 0.000000 0.000000 0.000000 -0.077030 -0.068757 -1.299215
    55 7.054213 0.000000 0.000000 0.000000 0.000000 0.000000
    56 0.000000 -0.000007 -0.000031 1.373047 0.113574 0.124314
    57 0.000000 -0.000007 -0.000031 1.373047 0.113574 0.124314
    58 2.856947 -1.536175 -0.973780 -1.501147 -0.272558 -1.578261
    59 0.000000 0.000000 10.000000 0.000000 0.000000 0.000000
    60 2.856899 -1.536201 -0.973800 -1.501147 -0.272558 -1.578261
    61 2.000000 -3.000000 0.000000 -1.570796 0.000000 -1.326450
    62 0.018896 0.665159 9.395880 0.000000 0.000000 0.000000
    63 3.028210 -0.923409 -2.009452 1.574082 -0.012974 1.587244
    64 0.116954 4.311606 0.061861 0.000010 0.000000 0.000000
    65 0.000000 -0.000002 0.000000 0.000000 0.000000 0.000000
    66 0.000000 1.000000 0.000010 0.000000 0.000000 0.000000
    67 -0.000001 0.000000 0.000000 0.000000 0.000000 0.000000
    68 -0.000001 0.000000 0.000000 0.000000 0.000000 0.000000
    69 -0.000001 0.000000 0.000000 0.000000 0.000000 0.000000
time 91
    0 0.979004 -9.023438 27.843750 1.560696 0.066331 0.094698
    1 3.455587 0.000000 0.000000 -2.385362 -0.352373 -1.112861
    2 16.572346 0.000000 0.000000 0.000000 0.000000 0.792972
    3 16.265829 0.000000 0.000000 -0.646571 -0.175483 -0.862777
    4 5.046457 0.000000 0.000000 0.009898 -0.018723 -0.419358
    5 -3.455587 0.000000 0.000000 -1.591843 -0.158524 -1.904846
    6 16.572346 0.000000 0.000000 0.000000 0.000000 0.769259
    7 16.265831 0.000000 0.000000 0.196694 -0.038544 -0.874926
    8 5.046457 0.000000 0.000000 -0.100201 0.014976 -0.383139
    9 0.000000 3.703728 0.293189 1.555243 -0.190457 1.589753
    10 3.307846 0.000000 0.000000 -0.015191 0.018613 -0.135181
    11 3.297962 0.000000 0.000000 -0.021281 0.032880 -0.166318
    12 6.040985 0.000000 0.000000 -0.008153 0.055368 0.267250
    13 5.065758 0.000000 0.000000 2.864181 -0.029585 -0.113620
    14 3.993755 0.000000 0.000000 -0.241733 0.057695 0.985190
    15 3.815876 1.385489 1.500000 -1.729333 -1.171964 0.028050
    16 4.327093 0.000004 0.000000 -2.928951 -0.103926 0.876174
    17 11.105114 0.000000 0.000000 0.000000 0.000000 -0.643104
    18 9.862099 -0.000011 -0.000031 1.209536 -0.150017 0.212067
    19 2.641094 0.214619 -1.073586 0.343640 0.190540 -0.806457
    20 1.361605 -0.000002 0.000000 -0.033852 -0.056532 -1.168171
    21 0.779602 0.000002 0.000000 -0.038792 -0.123973 0.252811
    22 2.908712 0.221762 -0.431868 0.315656 0.064476 -0.893331
    23 1.597527 0.000001 0.000000 -0.020331 -0.043837 -1.158634
    24 0.912680 0.000001 0.000000 0.002529 0.008221 0.233624
    25 3.265450 0.050007 0.415744 0.322996 0.091423 -1.049966
    26 1.860470 0.000000 0.000000 -0.051601 -0.064213 -1.194101
    27 1.061481 -0.000001 0.000000 0.004104 0.029474 0.404443
    28 3.340382 -0.242393 1.285012 0.318526 0.062572 -1.131184
    29 1.550753 0.000001 0.000000 0.061672 0.075949 -1.038656
    30 0.904888 0.000001 0.000000 0.001693 0.026264 0.279791
    31 1.219385 -1.063860 0.837143 1.700710 -0.490026 -0.201183
    32 1.496971 -0.000002 -0.000001 -0.211499 -0.093020 -0.524662
    33 1.100086 0.000000 0.000000 0.034391 -0.021604 -0.723527
    34 3.815876 1.385489 -1.500000 1.147973 1.110796 -0.657639
    35 4.327089 -0.000004 0.000000 3.135893 0.377503 0.814321
    36 11.105106 0.000000 0.000004 0.000000 0.000000 -0.604283
    37 9.862080 -0.000007 0.000017 -1.237794 0.090358 0.246072
    38 2.641111 0.211586 1.074188 -0.340778 -0.190504 -0.713994
    39 1.361601 0.000000 0.000000 0.033791 0.056509 -0.943913
    40 0.779604 0.000001 0.000000 0.038833 0.124038 0.218150
    41 2.908730 0.220541 0.432493 -0.312825 -0.064540 -0.854119
    42 1.597527 0.000000 0.000000 0.020338 0.043857 -0.899809
    43 0.912678 0.000000 0.000000 -0.002548 -0.008289 0.256412
    44 3.265471 0.051184 -0.415600 -0.320176 -0.091421 -0.907618
    45 1.860470 0.000000 0.000000 0.051611 0.064235 -1.000517
    46 1.061485 0.000000 0.000000 -0.004037 -0.029426 0.237782
    47 3.340403 -0.238762 -1.285691 -0.315698 -0.062609 -0.887483
    48 1.550755 0.000000 0.000000 -0.061667 -0.075946 -1.019680
    49 0.904886 0.000001 0.000000 -0.001669 -0.026281 0.159649
    50 1.219410 -1.061498 -0.840143 -1.725617 0.534025 -0.029356
    51 1.496971 0.000002 0.000000 0.141600 0.113297 -0.458891
    52 1.100088 0.000000 0.000000 -0.031342 0.025865 -0.596322
    53 -16.234375 -19.875000 -6.683594 2.959205 0.152178 1.971242
    54 0.000000 0.000000 0.000000 -0.077030 -0.068757 -1.299215
    55 7.054213 0.000000 0.000000 0.000000 0.000000 0.000000
    56 0.000000 -0.000007 -0.000031 1.373047 0.113574 0.124314
    57 0.000000 -0.000007 -0.000031 1.373047 0.113574 0.124314
    58 2.856947 -1.536175 -0.973780 -1.501147 -0.272558 -1.578261
    59 0.000000 0.000000 10.000000 0.000000 0.000000 0.000000
    60 2.856899 -1.536201 -0.973800 -1.501147 -0.272558 -1.578261
    61 2.000000 -3.000000 0.000000 -1.570796 0.000000 -1.326450
    62 0.018896 0.665159 9.395880 0.000000 0.000000 0.000000
    63 3.028210 -0.923409 -2.009452 1.574082 -0.012974 1.587244
    64 0.116954 4.311606 0.061861 0.000010 0.000000 0.000000
    65 0.000000 -0.000002 0.000000 0.000000 0.000000 0.000000
    66 0.000000 1.000000 0.000010 0.000000 0.000000 0.000000
    67 -0.000001 0.000000 0.000000 0.000000 0.000000 0.000000
    68 -0.000001 0.000000 0.000000 0.000000 0.000000 0.000000
    69 -0.000001 0.000000 0.000000 0.000000 0.000000 0.000000
time 92
    0 0.808594 -8.968750 27.546875 1.567107 0.094122 0.107046
    1 3.455587 0.000000 0.000000 -2.268112 -0.315551 -1.173773
    2 16.572346 0.000000 0.000000 0.000000 0.000000 0.663247
    3 16.265829 0.000000 0.000000 -0.548307 -0.195464 -0.805013
    4 5.046457 0.000000 0.000000 0.009853 -0.018721 -0.423506
    5 -3.455587 0.000000 0.000000 -1.577544 -0.181143 -1.907914
    6 16.572346 0.000000 0.000000 0.000000 0.000000 0.750668
    7 16.265831 0.000000 0.000000 0.172279 -0.023305 -0.890361
    8 5.046457 0.000000 0.000000 -0.100163 0.014985 -0.370469
    9 0.000000 3.703728 0.293189 1.551717 -0.191585 1.594860
    10 3.307846 0.000000 0.000000 -0.018422 0.019090 -0.134872
    11 3.297962 0.000000 0.000000 -0.023993 0.028646 -0.168475
    12 6.040985 0.000000 0.000000 -0.012049 0.052174 0.261054
    13 5.065758 0.000000 0.000000 2.856946 -0.042037 -0.109790
    14 3.993755 0.000000 0.000000 -0.242983 0.070013 0.978995
    15 3.815876 1.385489 1.500000 -1.713746 -1.131832 0.030267
    16 4.327093 0.000004 0.000000 -3.010899 -0.121358 0.888359
    17 11.105114 0.000000 0.000000 0.000000 0.000000 -0.606725
    18 9.862099 -0.000011 -0.000031 1.244180 -0.224429 0.236774
    19 2.641094 0.214619 -1.073586 0.343640 0.190540 -0.806457
    20 1.361605 -0.000002 0.000000 -0.033852 -0.056532 -1.168171
    21 0.779602 0.000002 0.000000 -0.038792 -0.123973 0.252811
    22 2.908712 0.221762 -0.431868 0.315656 0.064476 -0.893331
    23 1.597527 0.000001 0.000000 -0.020331 -0.043837 -1.158634
    24 0.912680 0.000001 0.000000 0.002529 0.008221 0.233624
    25 3.265450 0.050007 0.415744 0.322996 0.091423 -1.049966
    26 1.860470 0.000000 0.000000 -0.051601 -0.064213 -1.194101
    27 1.061481 -0.000001 0.000000 0.004104 0.029474 0.404443
    28 3.340382 -0.242393 1.285012 0.318526 0.062572 -1.131184
    29 1.550753 0.000001 0.000000 0.061672 0.075949 -1.038656
    30 0.904888 0.000001 0.000000 0.001693 0.026264 0.279791
    31 1.219385 -1.063860 0.837143 1.700710 -0.490026 -0.201183
    32 1.496971 -0.000002 -0.000001 -0.211499 -0.093020 -0.524662
    33 1.100086 0.000000 0.000000 0.034391 -0.021604 -0.723527
    34 3.815876 1.385489 -1.500000 1.171786 1.084765 -0.617809
    35 4.327089 -0.000004 0.000000 3.089918 0.359863 0.733518
    36 11.105106 0.000000 0.000004 0.000000 0.000000 -0.590013
    37 9.862080 -0.000007 0.000017 -1.201016 0.089831 0.206312
    38 2.641111 0.211586 1.074188 -0.340778 -0.190504 -0.713994
    39 1.361601 0.000000 0.000000 0.033791 0.056509 -0.943913
    40 0.779604 0.000001 0.000000 0.038833 0.124038 0.218150
    41 2.908730 0.220541 0.432493 -0.312825 -0.064540 -0.854119
    42 1.597527 0.000000 0.000000 0.020338 0.043857 -0.899809
    43 0.912678 0.000000 0.000000 -0.002548 -0.008289 0.256412
    44 3.265471 0.051184 -0.415600 -0.320176 -0.091421 -0.907618
    45 1.860470 0.000000 0.000000 0.051611 0.064235 -1.000517
    46 1.061485 0.000000 0.000000 -0.004037 -0.029426 0.237782
    47 3.340403 -0.238762 -1.285691 -0.315698 -0.062609 -0.887483
    48 1.550755 0.000000 0.000000 -0.061667 -0.075946 -1.019680
    49 0.904886 0.000001 0.000000 -0.001669 -0.026281 0.159649
    50 1.219410 -1.061498 -0.840143 -1.725617 0.534025 -0.029356
    51 1.496971 0.000002 0.000000 0.141600 0.113297 -0.458891
    52 1.100088 0.000000 0.000000 -0.031342 0.025865 -0.596322
    53 -15.179688 -22.609375 -4.617188 2.949841 0.070629 1.959770
    54 0.000000 0.000000 0.000000 -0.077030 -0.068757 -1.299215
    55 7.054213 0.000000 0.000000 0.000000 0.000000 0.000000
    56 0.000000 -0.000007 -0.000031 1.373047 0.113574 0.124314
    57 0.000000 -0.000007 -0.000031 1.373047 0.113574 0.124314
    58 2.856947 -1.536175 -0.973780 -1.501147 -0.272558 -1.578261
    59 0.000000 0.000000 10.000000 0.000000 0.000000 0.000000
    60 2.856899 -1.536201 -0.973800 -1.501147 -0.272558 -1.578261
    61 2.000000 -3.000000 0.000000 -1.570796 0.000000 -1.326450
    62 0.018896 0.665159 9.395880 0.000000 0.000000 0.000000
    63 3.028210 -0.923409 -2.009452 1.574082 -0.012974 1.587244
    64 0.116954 4.311606 0.061861 0.000010 0.000000 0.000000
    65 0.000000 -0.000002 0.000000 0.000000 0.000000 0.000000
    66 0.000000 1.000000 0.000010 0.000000 0.000000 0.000000
    67 -0.000001 0.000000 0.000000 0.000000 0.000000 0.000000
    68 -0.000001 0.000000 0.000000 0.000000 0.000000 0.000000
    69 -0.000001 0.000000 0.000000 0.000000 0.000000 0.000000
time 93
    0 0.548340 -8.851563 27.250000 1.573547 0.114165 0.125025
    1 3.455587 0.000000 0.000000 -2.141047 -0.279723 -1.231154
    2 16.572346 0.000000 0.000000 0.000000 0.000000 0.544244
    3 16.265829 0.000000 0.000000 -0.412097 -0.194759 -0.720638
    4 5.046457 0.000000 0.000000 0.009888 -0.018770 -0.434375
    5 -3.455587 0.000000 0.000000 -1.541631 -0.204278 -1.918431
    6 16.572346 0.000000 0.000000 0.000000 0.000000 0.734086
    7 16.265831 0.000000 0.000000 0.213620 -0.031379 -0.882047
    8 5.046457 0.000000 0.000000 -0.100217 0.014981 -0.368535
    9 0.000000 3.703728 0.293189 1.548351 -0.198455 1.591821
    10 3.307846 0.000000 0.000000 -0.021718 0.015785 -0.131666
    11 3.297962 0.000000 0.000000 -0.027072 0.027657 -0.171367
    12 6.040985 0.000000 0.000000 -0.014995 0.056203 0.251821
    13 5.065758 0.000000 0.000000 2.850983 -0.054483 -0.111841
    14 3.993755 0.000000 0.000000 -0.243737 0.084880 0.975622
    15 3.815876 1.385489 1.500000 -1.662137 -1.085030 0.000948
    16 4.327093 0.000004 0.000000 -3.088811 -0.114329 0.891092
    17 11.105114 0.000000 0.000000 0.000000 0.000000 -0.575322
    18 9.862099 -0.000011 -0.000031 1.261448 -0.239511 0.211065
    19 2.641094 0.214619 -1.073586 0.343640 0.190540 -0.806457
    20 1.361605 -0.000002 0.000000 -0.033852 -0.056532 -1.168171
    21 0.779602 0.000002 0.000000 -0.038792 -0.123973 0.252811
    22 2.908712 0.221762 -0.431868 0.315656 0.064476 -0.893331
    23 1.597527 0.000001 0.000000 -0.020331 -0.043837 -1.158634
    24 0.912680 0.000001 0.000000 0.002529 0.008221 0.233624
    25 3.265450 0.050007 0.415744 0.322996 0.091423 -1.049966
    26 1.860470 0.000000 0.000000 -0.051601 -0.064213 -1.194101
    27 1.061481 -0.000001 0.000000 0.004104 0.029474 0.404443
    28 3.340382 -0.242393 1.285012 0.318526 0.062572 -1.131184
    29 1.550753 0.000001 0.000000 0.061672 0.075949 -1.038656
    30 0.904888 0.000001 0.000000 0.001693 0.026264 0.279791
    31 1.219385 -1.063860 0.837143 1.700710 -0.490026 -0.201183
    32 1.496971 -0.000002 -0.000001 -0.211499 -0.093020 -0.524662
    33 1.100086 0.000000 0.000000 0.034391 -0.021604 -0.723527
    34 3.815876 1.385489 -1.500000 1.183179 1.049497 -0.591672
    35 4.327089 -0.000004 0.000000 3.048873 0.338175 0.660433
    36 11.105106 0.000000 0.000004 0.000000 0.000000 -0.568124
    37 9.862080 -0.000007 0.000017 -1.166931 0.081882 0.154942
    38 2.641111 0.211586 1.074188 -0.340778 -0.190504 -0.713994
    39 1.361601 0.000000 0.000000 0.033791 0.056509 -0.943913
    40 0.779604 0.000001 0.000000 0.038833 0.124038 0.218150
    41 2.908730 0.220541 0.432493 -0.312825 -0.064540 -0.854119
    42 1.597527 0.000000 0.000000 0.020338 0.043857 -0.899809
    43 0.912678 0.000000 0.000000 -0.002548 -0.008289 0.256412
    44 3.265471 0.051184 -0.415600 -0.320176 -0.091421 -0.907618
    45 1.860470 0.000000 0.000000 0.051611 0.064235 -1.000517
    46 1.061485 0.000000 0.000000 -0.004037 -0.029426 0.237782
    47 3.340403 -0.238762 -1.285691 -0.315698 -0.062609 -0.887483
    48 1.550755 0.000000 0.000000 -0.061667 -0.075946 -1.019680
    49 0.904886 0.000001 0.000000 -0.001669 -0.026281 0.159649
    50 1.219410 -1.061498 -0.840143 -1.725617 0.534025 -0.029356
    51 1.496971 0.000002 0.000000 0.141600 0.113297 -0.458891
    52 1.100088 0.000000 0.000000 -0.031342 0.025865 -0.596322
    53 -17.031250 -20.875000 -0.253662 2.954606 0.019957 1.951450
    54 0.000000 0.000000 0.000000 -0.077030 -0.068757 -1.299215
    55 7.054213 0.000000 0.000000 0.000000 0.000000 0.000000
    56 0.000000 -0.000007 -0.000031 1.373047 0.113574 0.124314
    57 0.000000 -0.000007 -0.000031 1.373047 0.113574 0.124314
    58 2.856947 -1.536175 -0.973780 -1.501147 -0.272558 -1.578261
    59 0.000000 0.000000 10.000000 0.000000 0.000000 0.000000
    60 2.856899 -1.536201 -0.973800 -1.501147 -0.272558 -1.578261
    61 2.000000 -3.000000 0.000000 -1.570796 0.000000 -1.326450
    62 0.018896 0.665159 9.395880 0.000000 0.000000 0.000000
    63 3.028210 -0.923409 -2.009452 1.574082 -0.012974 1.587244
    64 0.116954 4.311606 0.061861 0.000010 0.000000 0.000000
    65 0.000000 -0.000002 0.000000 0.000000 0.000000 0.000000
    66 0.000000 1.000000 0.000010 0.000000 0.000000 0.000000
    67 -0.000001 0.000000 0.000000 0.000000 0.000000 0.000000
    68 -0.000001 0.000000 0.000000 0.000000 0.000000 0.000000
    69 -0.000001 0.000000 0.000000 0.000000 0.000000 0.000000
time 94
    0 0.218506 -8.734375 26.953125 1.588238 0.130626 0.149812
    1 3.455587 0.000000 0.000000 -2.030621 -0.254372 -1.277525
    2 16.572346 0.000000 0.000000 0.000000 0.000000 0.455942
    3 16.265829 0.000000 0.000000 -0.304938 -0.175280 -0.682837
    4 5.046457 0.000000 0.000000 0.009859 -0.018717 -0.424213
    5 -3.455587 0.000000 0.000000 -1.510559 -0.228562 -1.922648
    6 16.572346 0.000000 0.000000 0.000000 0.000000 0.712028
    7 16.265831 0.000000 0.000000 0.269779 -0.043612 -0.864185
    8 5.046457 0.000000 0.000000 -0.100213 0.014992 -0.362910
    9 0.000000 3.703728 0.293189 1.544363 -0.201594 1.588720
    10 3.307846 0.000000 0.000000 -0.025669 0.012859 -0.130364
    11 3.297962 0.000000 0.000000 -0.031002 0.026687 -0.173230
    12 6.040985 0.000000 0.000000 -0.018912 0.059666 0.245689
    13 5.065758 0.000000 0.000000 2.835458 -0.068874 -0.115657
    14 3.993755 0.000000 0.000000 -0.252077 0.099574 0.973126
    15 3.815876 1.385489 1.500000 -1.620598 -1.042425 -0.027872
    16 4.327093 0.000004 0.000000 -3.090991 -0.090598 0.907535
    17 11.105114 0.000000 0.000000 0.000000 0.000000 -0.514281
    18 9.862099 -0.000011 -0.000031 1.247618 -0.214336 0.191025
    19 2.641094 0.214619 -1.073586 0.343640 0.190540 -0.806457
    20 1.361605 -0.000002 0.000000 -0.033852 -0.056532 -1.168171
    21 0.779602 0.000002 0.000000 -0.038792 -0.123973 0.252811
    22 2.908712 0.221762 -0.431868 0.315656 0.064476 -0.893331
    23 1.597527 0.000001 0.000000 -0.020331 -0.043837 -1.158634
    24 0.912680 0.000001 0.000000 0.002529 0.008221 0.233624
    25 3.265450 0.050007 0.415744 0.322996 0.091423 -1.049966
    26 1.860470 0.000000 0.000000 -0.051601 -0.064213 -1.194101
    27 1.061481 -0.000001 0.000000 0.004104 0.029474 0.404443
    28 3.340382 -0.242393 1.285012 0.318526 0.062572 -1.131184
    29 1.550753 0.000001 0.000000 0.061672 0.075949 -1.038656
    30 0.904888 0.000001 0.000000 0.001693 0.026264 0.279791
    31 1.219385 -1.063860 0.837143 1.700710 -0.490026 -0.201183
    32 1.496971 -0.000002 -0.000001 -0.211499 -0.093020 -0.524662
    33 1.100086 0.000000 0.000000 0.034391 -0.021604 -0.723527
    34 3.815876 1.385489 -1.500000 1.179257 1.023963 -0.584346
    35 4.327089 -0.000004 0.000000 3.020502 0.314971 0.614770
    36 11.105106 0.000000 0.000004 0.000000 0.000000 -0.537167
    37 9.862080 -0.000007 0.000017 -1.137811 0.073749 0.107256
    38 2.641111 0.211586 1.074188 -0.340778 -0.190504 -0.713994
    39 1.361601 0.000000 0.000000 0.033791 0.056509 -0.943913
    40 0.779604 0.000001 0.000000 0.038833 0.124038 0.218150
    41 2.908730 0.220541 0.432493 -0.312825 -0.064540 -0.854119
    42 1.597527 0.000000 0.000000 0.020338 0.043857 -0.899809
    43 0.912678 0.000000 0.000000 -0.002548 -0.008289 0.256412
    44 3.265471 0.051184 -0.415600 -0.320176 -0.091421 -0.907618
    45 1.860470 0.000000 0.000000 0.051611 0.064235 -1.000517
    46 1.061485 0.000000 0.000000 -0.004037 -0.029426 0.237782
    47 3.340403 -0.238762 -1.285691 -0.315698 -0.062609 -0.887483
    48 1.550755 0.000000 0.000000 -0.061667 -0.075946 -1.019680
    49 0.904886 0.000001 0.000000 -0.001669 -0.026281 0.159649
    50 1.219410 -1.061498 -0.840143 -1.725617 0.534025 -0.029356
    51 1.496971 0.000002 0.000000 0.141600 0.113297 -0.458891
    52 1.100088 0.000000 0.000000 -0.031342 0.025865 -0.596322
    53 -20.921875 -16.125000 3.056641 2.963389 0.048739 1.923856
    54 0.000000 0.000000 0.000000 -0.077030 -0.068757 -1.299215
    55 7.054213 0.000000 0.000000 0.000000 0.000000 0.000000
    56 0.000000 -0.000007 -0.000031 1.373047 0.113574 0.124314
    57 0.000000 -0.000007 -0.000031 1.373047 0.113574 0.124314
    58 2.856947 -1.536175 -0.973780 -1.501147 -0.272558 -1.578261
    59 0.000000 0.000000 10.000000 0.000000 0.000000 0.000000
    60 2.856899 -1.536201 -0.973800 -1.501147 -0.272558 -1.578261
    61 2.000000 -3.000000 0.000000 -1.570796 0.000000 -1.326450
    62 0.018896 0.665159 9.395880 0.000000 0.000000 0.000000
    63 3.028210 -0.923409 -2.009452 1.574082 -0.012974 1.587244
    64 0.116954 4.311606 0.061861 0.000010 0.000000 0.000000
    65 0.000000 -0.000002 0.000000 0.000000 0.000000 0.000000
    66 0.000000 1.000000 0.000010 0.000000 0.000000 0.000000
    67 -0.000001 0.000000 0.000000 0.000000 0.000000 0.000000
    68 -0.000001 0.000000 0.000000 0.000000 0.000000 0.000000
    69 -0.000001 0.000000 0.000000 0.000000 0.000000 0.000000
time 95
    0 -0.134644 -8.648438 26.718750 1.604542 0.143413 0.180192
    1 3.455587 0.000000 0.000000 -1.954341 -0.231905 -1.316249
    2 16.572346 0.000000 0.000000 0.000000 0.000000 0.384794
    3 16.265829 0.000000 0.000000 -0.230335 -0.140849 -0.671514
    4 5.046457 0.000000 0.000000 0.009843 -0.018764 -0.472294
    5 -3.455587 0.000000 0.000000 -1.491530 -0.249940 -1.918149
    6 16.572346 0.000000 0.000000 0.000000 0.000000 0.689327
    7 16.265831 0.000000 0.000000 0.323449 -0.048524 -0.862598
    8 5.046457 0.000000 0.000000 -0.100178 0.015028 -0.355094
    9 0.000000 3.703728 0.293189 1.544258 -0.199790 1.588109
    10 3.307846 0.000000 0.000000 -0.025782 0.011895 -0.130784
    11 3.297962 0.000000 0.000000 -0.030863 0.025335 -0.171646
    12 6.040985 0.000000 0.000000 -0.018948 0.058914 0.247694
    13 5.065758 0.000000 0.000000 2.823254 -0.073228 -0.109661
    14 3.993755 0.000000 0.000000 -0.261562 0.106416 0.967639
    15 3.815876 1.385489 1.500000 -1.631253 -1.001333 -0.017312
    16 4.327093 0.000004 0.000000 -3.056174 -0.062497 0.920127
    17 11.105114 0.000000 0.000000 0.000000 0.000000 -0.453284
    18 9.862099 -0.000011 -0.000031 1.217535 -0.229542 0.217228
    19 2.641094 0.214619 -1.073586 0.343640 0.190540 -0.806457
    20 1.361605 -0.000002 0.000000 -0.033852 -0.056532 -1.168171
    21 0.779602 0.000002 0.000000 -0.038792 -0.123973 0.252811
    22 2.908712 0.221762 -0.431868 0.315656 0.064476 -0.893331
    23 1.597527 0.000001 0.000000 -0.020331 -0.043837 -1.158634
    24 0.912680 0.000001 0.000000 0.002529 0.008221 0.233624
    25 3.265450 0.050007 0.415744 0.322996 0.091423 -1.049966
    26 1.860470 0.000000 0.000000 -0.051601 -0.064213 -1.194101
    27 1.061481 -0.000001 0.000000 0.004104 0.029474 0.404443
    28 3.340382 -0.242393 1.285012 0.318526 0.062572 -1.131184
    29 1.550753 0.000001 0.000000 0.061672 0.075949 -1.038656
    30 0.904888 0.000001 0.000000 0.001693 0.026264 0.279791
    31 1.219385 -1.063860 0.837143 1.700710 -0.490026 -0.201183
    32 1.496971 -0.000002 -0.000001 -0.211499 -0.093020 -0.524662
    33 1.100086 0.000000 0.000000 0.034391 -0.021604 -0.723527
    34 3.815876 1.385489 -1.500000 1.154145 1.005268 -0.606052
    35 4.327089 -0.000004 0.000000 3.023276 0.293522 0.594357
    36 11.105106 0.000000 0.000004 0.000000 0.000000 -0.499746
    37 9.862080 -0.000007 0.000017 -1.133100 0.062887 0.075187
    38 2.641111 0.211586 1.074188 -0.340778 -0.190504 -0.713994
    39 1.361601 0.000000 0.000000 0.033791 0.056509 -0.943913
    40 0.779604 0.000001 0.000000 0.038833 0.124038 0.218150
    41 2.908730 0.220541 0.432493 -0.312825 -0.064540 -0.854119
    42 1.597527 0.000000 0.000000 0.020338 0.043857 -0.899809
    43 0.912678 0.000000 0.000000 -0.002548 -0.008289 0.256412
    44 3.265471 0.051184 -0.415600 -0.320176 -0.091421 -0.907618
    45 1.860470 0.000000 0.000000 0.051611 0.064235 -1.000517
    46 1.061485 0.000000 0.000000 -0.004037 -0.029426 0.237782
    47 3.340403 -0.238762 -1.285691 -0.315698 -0.062609 -0.887483
    48 1.550755 0.000000 0.000000 -0.061667 -0.075946 -1.019680
    49 0.904886 0.000001 0.000000 -0.001669 -0.026281 0.159649
    50 1.219410 -1.061498 -0.840143 -1.725617 0.534025 -0.029356
    51 1.496971 0.000002 0.000000 0.141600 0.113297 -0.458891
    52 1.100088 0.000000 0.000000 -0.031342 0.025865 -0.596322
    53 -24.765625 -11.218750 2.205078 2.970197 0.108506 1.893054
    54 0.000000 0.000000 0.000000 -0.077030 -0.068757 -1.299215
    55 7.054213 0.000000 0.000000 0.000000 0.000000 0.000000
    56 0.000000 -0.000007 -0.000031 1.373047 0.113574 0.124314
    57 0.000000 -0.000007 -0.000031 1.373047 0.113574 0.124314
    58 2.856947 -1.536175 -0.973780 -1.501147 -0.272558 -1.578261
    59 0.000000 0.000000 10.000000 0.000000 0.000000 0.000000
    60 2.856899 -1.536201 -0.973800 -1.501147 -0.272558 -1.578261
    61 2.000000 -3.000000 0.000000 -1.570796 0.000000 -1.326450
    62 0.018896 0.665159 9.395880 0.000000 0.000000 0.000000
    63 3.028210 -0.923409 -2.009452 1.574082 -0.012974 1.587244
    64 0.116954 4.311606 0.061861 0.000010 0.000000 0.000000
    65 0.000000 -0.000002 0.000000 0.000000 0.000000 0.000000
    66 0.000000 1.000000 0.000010 0.000000 0.000000 0.000000
    67 -0.000001 0.000000 0.000000 0.000000 0.000000 0.000000
    68 -0.000001 0.000000 0.000000 0.000000 0.000000 0.000000
    69 -0.000001 0.000000 0.000000 0.000000 0.000000 0.000000
time 96
    0 -0.479980 -8.578125 26.531250 1.624167 0.149237 0.215849
    1 3.455587 0.000000 0.000000 -1.907325 -0.212976 -1.354029
    2 16.572346 0.000000 0.000000 0.000000 0.000000 0.323666
    3 16.265829 0.000000 0.000000 -0.203081 -0.084199 -0.687127
    4 5.046457 0.000000 0.000000 0.009860 -0.018780 -0.498620
    5 -3.455587 0.000000 0.000000 -1.502239 -0.271913 -1.906334
    6 16.572346 0.000000 0.000000 0.000000 0.000000 0.667083
    7 16.265831 0.000000 0.000000 0.360908 -0.037474 -0.874895
    8 5.046457 0.000000 0.000000 -0.100204 0.015037 -0.351231
    9 0.000000 3.703728 0.293189 1.545883 -0.197174 1.590342
    10 3.307846 0.000000 0.000000 -0.024229 0.013103 -0.132346
    11 3.297962 0.000000 0.000000 -0.029441 0.026929 -0.171738
    12 6.040985 0.000000 0.000000 -0.017063 0.061630 0.247038
    13 5.065758 0.000000 0.000000 2.819854 -0.077317 -0.100758
    14 3.993755 0.000000 0.000000 -0.263440 0.113652 0.960099
    15 3.815876 1.385489 1.500000 -1.661382 -0.986925 0.011218
    16 4.327093 0.000004 0.000000 -3.061403 -0.042434 0.921692
    17 11.105114 0.000000 0.000000 0.000000 0.000000 -0.412271
    18 9.862099 -0.000011 -0.000031 1.200400 -0.239880 0.204286
    19 2.641094 0.214619 -1.073586 0.343640 0.190540 -0.806457
    20 1.361605 -0.000002 0.000000 -0.033852 -0.056532 -1.168171
    21 0.779602 0.000002 0.000000 -0.038792 -0.123973 0.252811
    22 2.908712 0.221762 -0.431868 0.315656 0.064476 -0.893331
    23 1.597527 0.000001 0.000000 -0.020331 -0.043837 -1.158634
    24 0.912680 0.000001 0.000000 0.002529 0.008221 0.233624
    25 3.265450 0.050007 0.415744 0.322996 0.091423 -1.049966
    26 1.860470 0.000000 0.000000 -0.051601 -0.064213 -1.194101
    27 1.061481 -0.000001 0.000000 0.004104 0.029474 0.404443
    28 3.340382 -0.242393 1.285012 0.318526 0.062572 -1.131184
    29 1.550753 0.000001 0.000000 0.061672 0.075949 -1.038656
    30 0.904888 0.000001 0.000000 0.001693 0.026264 0.279791
    31 1.219385 -1.063860 0.837143 1.700710 -0.490026 -0.201183
    32 1.496971 -0.000002 -0.000001 -0.211499 -0.093020 -0.524662
    33 1.100086 0.000000 0.000000 0.034391 -0.021604 -0.723527
    34 3.815876 1.385489 -1.500000 1.147042 0.993726 -0.620776
    35 4.327089 -0.000004 0.000000 3.012116 0.263452 0.603376
    36 11.105106 0.000000 0.000004 0.000000 0.000000 -0.469334
    37 9.862080 -0.000007 0.000017 -1.131856 0.048529 0.069454
    38 2.641111 0.211586 1.074188 -0.340778 -0.190504 -0.713994
    39 1.361601 0.000000 0.000000 0.033791 0.056509 -0.943913
    40 0.779604 0.000001 0.000000 0.038833 0.124038 0.218150
    41 2.908730 0.220541 0.432493 -0.312825 -0.064540 -0.854119
    42 1.597527 0.000000 0.000000 0.020338 0.043857 -0.899809
    43 0.912678 0.000000 0.000000 -0.002548 -0.008289 0.256412
    44 3.265471 0.051184 -0.415600 -0.320176 -0.091421 -0.907618
    45 1.860470 0.000000 0.000000 0.051611 0.064235 -1.000517
    46 1.061485 0.000000 0.000000 -0.004037 -0.029426 0.237782
    47 3.340403 -0.238762 -1.285691 -0.315698 -0.062609 -0.887483
    48 1.550755 0.000000 0.000000 -0.061667 -0.075946 -1.019680
    49 0.904886 0.000001 0.000000 -0.001669 -0.026281 0.159649
    50 1.219410 -1.061498 -0.840143 -1.725617 0.534025 -0.029356
    51 1.496971 0.000002 0.000000 0.141600 0.113297 -0.458891
    52 1.100088 0.000000 0.000000 -0.031342 0.025865 -0.596322
    53 -27.234375 -8.539063 -1.410156 2.973510 0.127956 1.861383
    54 0.000000 0.000000 0.000000 -0.077030 -0.068757 -1.299215
    55 7.054213 0.000000 0.000000 0.000000 0.000000 0.000000
    56 0.000000 -0.000007 -0.000031 1.373047 0.113574 0.124314
    57 0.000000 -0.000007 -0.000031 1.373047 0.113574 0.124314
    58 2.856947 -1.536175 -0.973780 -1.501147 -0.272558 -1.578261
    59 0.000000 0.000000 10.000000 0.000000 0.000000 0.000000
    60 2.856899 -1.536201 -0.973800 -1.501147 -0.272558 -1.578261
    61 2.000000 -3.000000 0.000000 -1.570796 0.000000 -1.326450
    62 0.018896 0.665159 9.395880 0.000000 0.000000 0.000000
    63 3.028210 -0.923409 -2.009452 1.574082 -0.012974 1.587244
    64 0.116954 4.311606 0.061861 0.000010 0.000000 0.000000
    65 0.000000 -0.000002 0.000000 0.000000 0.000000 0.000000
    66 0.000000 1.000000 0.000010 0.000000 0.000000 0.000000
    67 -0.000001 0.000000 0.000000 0.000000 0.000000 0.000000
    68 -0.000001 0.000000 0.000000 0.000000 0.000000 0.000000
    69 -0.000001 0.000000 0.000000 0.000000 0.000000 0.000000
time 97
    0 -0.785156 -8.515625 26.390625 1.643749 0.146860 0.256559
    1 3.455587 0.000000 0.000000 -1.918338 -0.193169 -1.389492
    2 16.572346 0.000000 0.000000 0.000000 0.000000 0.271900
    3 16.265829 0.000000 0.000000 -0.139459 0.008643 -0.706330
    4 5.046457 0.000000 0.000000 0.009880 -0.018770 -0.500758
    5 -3.455587 0.000000 0.000000 -1.522730 -0.289573 -1.895898
    6 16.572346 0.000000 0.000000 0.000000 0.000000 0.645015
    7 16.265831 0.000000 0.000000 0.340769 -0.028792 -0.876800
    8 5.046457 0.000000 0.000000 -0.100217 0.014981 -0.368535
    9 0.000000 3.703728 0.293189 1.547520 -0.192734 1.596841
    10 3.307846 0.000000 0.000000 -0.022445 0.015969 -0.134270
    11 3.297962 0.000000 0.000000 -0.027767 0.025693 -0.171175
    12 6.040985 0.000000 0.000000 -0.015817 0.058093 0.248134
    13 5.065758 0.000000 0.000000 2.827061 -0.074660 -0.087818
    14 3.993755 0.000000 0.000000 -0.257973 0.112892 0.947504
    15 3.815876 1.385489 1.500000 -1.674285 -0.967080 0.022079
    16 4.327093 0.000004 0.000000 -3.110161 -0.030181 0.889193
    17 11.105114 0.000000 0.000000 0.000000 0.000000 -0.404161
    18 9.862099 -0.000011 -0.000031 1.194193 -0.243099 0.164336
    19 2.641094 0.214619 -1.073586 0.343640 0.190540 -0.806457
    20 1.361605 -0.000002 0.000000 -0.033852 -0.056532 -1.168171
    21 0.779602 0.000002 0.000000 -0.038792 -0.123973 0.252811
    22 2.908712 0.221762 -0.431868 0.315656 0.064476 -0.893331
    23 1.597527 0.000001 0.000000 -0.020331 -0.043837 -1.158634
    24 0.912680 0.000001 0.000000 0.002529 0.008221 0.233624
    25 3.265450 0.050007 0.415744 0.322996 0.091423 -1.049966
    26 1.860470 0.000000 0.000000 -0.051601 -0.064213 -1.194101
    27 1.061481 -0.000001 0.000000 0.004104 0.029474 0.404443
    28 3.340382 -0.242393 1.285012 0.318526 0.062572 -1.131184
    29 1.550753 0.000001 0.000000 0.061672 0.075949 -1.038656
    30 0.904888 0.000001 0.000000 0.001693 0.026264 0.279791
    31 1.219385 -1.063860 0.837143 1.700710 -0.490026 -0.201183
    32 1.496971 -0.000002 -0.000001 -0.211499 -0.093020 -0.524662
    33 1.100086 0.000000 0.000000 0.034391 -0.021604 -0.723527
    34 3.815876 1.385489 -1.500000 1.126745 0.974140 -0.640142
    35 4.327089 -0.000004 0.000000 3.016534 0.229191 0.606346
    36 11.105106 0.000000 0.000004 0.000000 0.000000 -0.461704
    37 9.862080 -0.000007 0.000017 -1.135653 0.034524 0.071606
    38 2.641111 0.211586 1.074188 -0.340778 -0.190504 -0.713994
    39 1.361601 0.000000 0.000000 0.033791 0.056509 -0.943913
    40 0.779604 0.000001 0.000000 0.038833 0.124038 0.218150
    41 2.908730 0.220541 0.432493 -0.312825 -0.064540 -0.854119
    42 1.597527 0.000000 0.000000 0.020338 0.043857 -0.899809
    43 0.912678 0.000000 0.000000 -0.002548 -0.008289 0.256412
    44 3.265471 0.051184 -0.415600 -0.320176 -0.091421 -0.907618
    45 1.860470 0.000000 0.000000 0.051611 0.064235 -1.000517
    46 1.061485 0.000000 0.000000 -0.004037 -0.029426 0.237782
    47 3.340403 -0.238762 -1.285691 -0.315698 -0.062609 -0.887483
    48 1.550755 0.000000 0.000000 -0.061667 -0.075946 -1.019680
    49 0.904886 0.000001 0.000000 -0.001669 -0.026281 0.159649
    50 1.219410 -1.061498 -0.840143 -1.725617 0.534025 -0.029356
    51 1.496971 0.000002 0.000000 0.141600 0.113297 -0.458891
    52 1.100088 0.000000 0.000000 -0.031342 0.025865 -0.596322
    53 -26.625000 -10.757813 -5.730469 2.973406 0.116405 1.838185
    54 0.000000 0.000000 0.000000 -0.077030 -0.068757 -1.299215
    55 7.054213 0.000000 0.000000 0.000000 0.000000 0.000000
    56 0.000000 -0.000007 -0.000031 1.373047 0.113574 0.124314
    57 0.000000 -0.000007 -0.000031 1.373047 0.113574 0.124314
    58 2.856947 -1.536175 -0.973780 -1.501147 -0.272558 -1.578261
    59 0.000000 0.000000 10.000000 0.000000 0.000000 0.000000
    60 2.856899 -1.536201 -0.973800 -1.501147 -0.272558 -1.578261
    61 2.000000 -3.000000 0.000000 -1.570796 0.000000 -1.326450
    62 0.018896 0.665159 9.395880 0.000000 0.000000 0.000000
    63 3.028210 -0.923409 -2.009452 1.574082 -0.012974 1.587244
    64 0.116954 4.311606 0.061861 0.000010 0.000000 0.000000
    65 0.000000 -0.000002 0.000000 0.000000 0.000000 0.000000
    66 0.000000 1.000000 0.000010 0.000000 0.000000 0.000000
    67 -0.000001 0.000000 0.000000 0.000000 0.000000 0.000000
    68 -0.000001 0.000000 0.000000 0.000000 0.000000 0.000000
    69 -0.000001 0.000000 0.000000 0.000000 0.000000 0.000000
time 98
    0 -1.174805 -8.453125 26.265625 1.661384 0.140870 0.311236
    1 3.455587 0.000000 0.000000 -1.953830 -0.176325 -1.418869
    2 16.572346 0.000000 0.000000 0.000000 0.000000 0.235002
    3 16.265829 0.000000 0.000000 -0.072566 0.119523 -0.708687
    4 5.046457 0.000000 0.000000 0.009916 -0.018774 -0.495681
    5 -3.455587 0.000000 0.000000 -1.542622 -0.298980 -1.881164
    6 16.572346 0.000000 0.000000 0.000000 0.000000 0.625478
    7 16.265831 0.000000 0.000000 0.310161 -0.020861 -0.865891
    8 5.046457 0.000000 0.000000 -0.100177 0.014981 -0.386749
    9 0.000000 3.703728 0.293189 1.549459 -0.188045 1.603306
    10 3.307846 0.000000 0.000000 -0.020757 0.018830 -0.136537
    11 3.297962 0.000000 0.000000 -0.025571 0.023466 -0.170247
    12 6.040985 0.000000 0.000000 -0.014856 0.052079 0.250361
    13 5.065758 0.000000 0.000000 2.825820 -0.064103 -0.072374
    14 3.993755 0.000000 0.000000 -0.263226 0.107946 0.931879
    15 3.815876 1.385489 1.500000 -1.678922 -0.945384 0.028013
    16 4.327093 0.000004 0.000000 -3.124624 -0.015829 0.857832
    17 11.105114 0.000000 0.000000 0.000000 0.000000 -0.393504
    18 9.862099 -0.000011 -0.000031 1.164270 -0.246223 0.145703
    19 2.641094 0.214619 -1.073586 0.343640 0.190540 -0.806457
    20 1.361605 -0.000002 0.000000 -0.033852 -0.056532 -1.168171
    21 0.779602 0.000002 0.000000 -0.038792 -0.123973 0.252811
    22 2.908712 0.221762 -0.431868 0.315656 0.064476 -0.893331
    23 1.597527 0.000001 0.000000 -0.020331 -0.043837 -1.158634
    24 0.912680 0.000001 0.000000 0.002529 0.008221 0.233624
    25 3.265450 0.050007 0.415744 0.322996 0.091423 -1.049966
    26 1.860470 0.000000 0.000000 -0.051601 -0.064213 -1.194101
    27 1.061481 -0.000001 0.000000 0.004104 0.029474 0.404443
    28 3.340382 -0.242393 1.285012 0.318526 0.062572 -1.131184
    29 1.550753 0.000001 0.000000 0.061672 0.075949 -1.038656
    30 0.904888 0.000001 0.000000 0.001693 0.026264 0.279791
    31 1.219385 -1.063860 0.837143 1.700710 -0.490026 -0.201183
    32 1.496971 -0.000002 -0.000001 -0.211499 -0.093020 -0.524662
    33 1.100086 0.000000 0.000000 0.034391 -0.021604 -0.723527
    34 3.815876 1.385489 -1.500000 1.085705 0.961579 -0.675164
    35 4.327089 -0.000004 0.000000 3.026608 0.191912 0.621195
    36 11.105106 0.000000 0.000004 0.000000 0.000000 -0.459399
    37 9.862080 -0.000007 0.000017 -1.144170 0.018934 0.070384
    38 2.641111 0.211586 1.074188 -0.340778 -0.190504 -0.713994
    39 1.361601 0.000000 0.000000 0.033791 0.056509 -0.943913
    40 0.779604 0.000001 0.000000 0.038833 0.124038 0.218150
    41 2.908730 0.220541 0.432493 -0.312825 -0.064540 -0.854119
    42 1.597527 0.000000 0.000000 0.020338 0.043857 -0.899809
    43 0.912678 0.000000 0.000000 -0.002548 -0.008289 0.256412
    44 3.265471 0.051184 -0.415600 -0.320176 -0.091421 -0.907618
    45 1.860470 0.000000 0.000000 0.051611 0.064235 -1.000517
    46 1.061485 0.000000 0.000000 -0.004037 -0.029426 0.237782
    47 3.340403 -0.238762 -1.285691 -0.315698 -0.062609 -0.887483
    48 1.550755 0.000000 0.000000 -0.061667 -0.075946 -1.019680
    49 0.904886 0.000001 0.000000 -0.001669 -0.026281 0.159649
    50 1.219410 -1.061498 -0.840143 -1.725617 0.534025 -0.029356
    51 1.496971 0.000002 0.000000 0.141600 0.113297 -0.458891
    52 1.100088 0.000000 0.000000 -0.031342 0.025865 -0.596322
    53 -24.390625 -14.773438 -8.062500 2.969066 0.158437 1.812570
    54 0.000000 0.000000 0.000000 -0.077030 -0.068757 -1.299215
    55 7.054213 0.000000 0.000000 0.000000 0.000000 0.000000
    56 0.000000 -0.000007 -0.000031 1.373047 0.113574 0.124314
    57 0.000000 -0.000007 -0.000031 1.373047 0.113574 0.124314
    58 2.856947 -1.536175 -0.973780 -1.501147 -0.272558 -1.578261
    59 0.000000 0.000000 10.000000 0.000000 0.000000 0.000000
    60 2.856899 -1.536201 -0.973800 -1.501147 -0.272558 -1.578261
    61 2.000000 -3.000000 0.000000 -1.570796 0.000000 -1.326450
    62 0.018896 0.665159 9.395880 0.000000 0.000000 0.000000
    63 3.028210 -0.923409 -2.009452 1.574082 -0.012974 1.587244
    64 0.116954 4.311606 0.061861 0.000010 0.000000 0.000000
    65 0.000000 -0.000002 0.000000 0.000000 0.000000 0.000000
    66 0.000000 1.000000 0.000010 0.000000 0.000000 0.000000
    67 -0.000001 0.000000 0.000000 0.000000 0.000000 0.000000
    68 -0.000001 0.000000 0.000000 0.000000 0.000000 0.000000
    69 -0.000001 0.000000 0.000000 0.000000 0.000000 0.000000
time 99
    0 -1.648438 -8.406250 26.171875 1.675154 0.128819 0.375963
    1 3.455587 0.000000 0.000000 -1.990810 -0.162028 -1.443978
    2 16.572346 0.000000 0.000000 0.000000 0.000000 0.218928
    3 16.265829 0.000000 0.000000 -0.033072 0.222803 -0.691049
    4 5.046457 0.000000 0.000000 0.009846 -0.018716 -0.490517
    5 -3.455587 0.000000 0.000000 -1.557040 -0.299929 -1.865345
    6 16.572346 0.000000 0.000000 0.000000 0.000000 0.605369
    7 16.265831 0.000000 0.000000 0.268162 -0.019335 -0.849886
    8 5.046457 0.000000 0.000000 -0.100158 0.015015 -0.369855
    9 0.000000 3.703728 0.293189 1.551263 -0.184934 1.605880
    10 3.307846 0.000000 0.000000 -0.018930 0.019720 -0.137998
    11 3.297962 0.000000 0.000000 -0.023368 0.021058 -0.169928
    12 6.040985 0.000000 0.000000 -0.013744 0.046287 0.250933
    13 5.065758 0.000000 0.000000 2.815272 -0.048302 -0.059444
    14 3.993755 0.000000 0.000000 -0.279240 0.100031 0.918338
    15 3.815876 1.385489 1.500000 -1.694144 -0.928998 0.044087
    16 4.327093 0.000004 0.000000 -3.120619 -0.005512 0.833759
    17 11.105114 0.000000 0.000000 0.000000 0.000000 -0.381452
    18 9.862099 -0.000011 -0.000031 1.118355 -0.250703 0.140241
    19 2.641094 0.214619 -1.073586 0.343640 0.190540 -0.806457
    20 1.361605 -0.000002 0.000000 -0.033852 -0.056532 -1.168171
    21 0.779602 0.000002 0.000000 -0.038792 -0.123973 0.252811
    22 2.908712 0.221762 -0.431868 0.315656 0.064476 -0.893331
    23 1.597527 0.000001 0.000000 -0.020331 -0.043837 -1.158634
    24 0.912680 0.000001 0.000000 0.002529 0.008221 0.233624
    25 3.265450 0.050007 0.415744 0.322996 0.091423 -1.049966
    26 1.860470 0.000000 0.000000 -0.051601 -0.064213 -1.194101
    27 1.061481 -0.000001 0.000000 0.004104 0.029474 0.404443
    28 3.340382 -0.242393 1.285012 0.318526 0.062572 -1.131184
    29 1.550753 0.000001 0.000000 0.061672 0.075949 -1.038656
    30 0.904888 0.000001 0.000000 0.001693 0.026264 0.279791
    31 1.219385 -1.063860 0.837143 1.700710 -0.490026 -0.201183
    32 1.496971 -0.000002 -0.000001 -0.211499 -0.093020 -0.524662
    33 1.100086 0.000000 0.000000 0.034391 -0.021604 -0.723527
    34 3.815876 1.385489 -1.500000 1.045677 0.955841 -0.718700
    35 4.327089 -0.000004 0.000000 3.023532 0.160320 0.647812
    36 11.105106 0.000000 0.000004 0.000000 0.000000 -0.460906
    37 9.862080 -0.000007 0.000017 -1.156704 0.003238 0.079042
    38 2.641111 0.211586 1.074188 -0.340778 -0.190504 -0.713994
    39 1.361601 0.000000 0.000000 0.033791 0.056509 -0.943913
    40 0.779604 0.000001 0.000000 0.038833 0.124038 0.218150
    41 2.908730 0.220541 0.432493 -0.312825 -0.064540 -0.854119
    42 1.597527 0.000000 0.000000 0.020338 0.043857 -0.899809
    43 0.912678 0.000000 0.000000 -0.002548 -0.008289 0.256412
    44 3.265471 0.051184 -0.415600 -0.320176 -0.091421 -0.907618
    45 1.860470 0.000000 0.000000 0.051611 0.064235 -1.000517
    46 1.061485 0.000000 0.000000 -0.004037 -0.029426 0.237782
    47 3.340403 -0.238762 -1.285691 -0.315698 -0.062609 -0.887483
    48 1.550755 0.000000 0.000000 -0.061667 -0.075946 -1.019680
    49 0.904886 0.000001 0.000000 -0.001669 -0.026281 0.159649
    50 1.219410 -1.061498 -0.840143 -1.725617 0.534025 -0.029356
    51 1.496971 0.000002 0.000000 0.141600 0.113297 -0.458891
    52 1.100088 0.000000 0.000000 -0.031342 0.025865 -0.596322
    53 -21.375000 -18.250000 -7.511719 2.959640 0.223625 1.784197
    54 0.000000 0.000000 0.000000 -0.077030 -0.068757 -1.299215
    55 7.054213 0.000000 0.000000 0.000000 0.000000 0.000000
    56 0.000000 -0.000007 -0.000031 1.373047 0.113574 0.124314
    57 0.000000 -0.000007 -0.000031 1.373047 0.113574 0.124314
    58 2.856947 -1.536175 -0.973780 -1.501147 -0.272558 -1.578261
    59 0.000000 0.000000 10.000000 0.000000 0.000000 0.000000
    60 2.856899 -1.536201 -0.973800 -1.501147 -0.272558 -1.578261
    61 2.000000 -3.000000 0.000000 -1.570796 0.000000 -1.326450
    62 0.018896 0.665159 9.395880 0.000000 0.000000 0.000000
    63 3.028210 -0.923409 -2.009452 1.574082 -0.012974 1.587244
    64 0.116954 4.311606 0.061861 0.000010 0.000000 0.000000
    65 0.000000 -0.000002 0.000000 0.000000 0.000000 0.000000
    66 0.000000 1.000000 0.000010 0.000000 0.000000 0.000000
    67 -0.000001 0.000000 0.000000 0.000000 0.000000 0.000000
    68 -0.000001 0.000000 0.000000 0.000000 0.000000 0.000000
    69 -0.000001 0.000000 0.000000 0.000000 0.000000 0.000000
time 100
    0 -2.150391 -8.320313 26.078125 1.685849 0.118768 0.440954
    1 3.455587 0.000000 0.000000 -2.006984 -0.152566 -1.457897
    2 16.572346 0.000000 0.000000 0.000000 0.000000 0.224834
    3 16.265829 0.000000 0.000000 -0.000116 0.288172 -0.668447
    4 5.046457 0.000000 0.000000 0.009872 -0.018725 -0.484379
    5 -3.455587 0.000000 0.000000 -1.570930 -0.300556 -1.842049
    6 16.572346 0.000000 0.000000 0.000000 0.000000 0.583069
    7 16.265831 0.000000 0.000000 0.255123 -0.018820 -0.828344
    8 5.046457 0.000000 0.000000 -0.100217 0.014985 -0.368447
    9 0.000000 3.703728 0.293189 1.553441 -0.181699 1.610556
    10 3.307846 0.000000 0.000000 -0.016814 0.021413 -0.139463
    11 3.297962 0.000000 0.000000 -0.020764 0.017990 -0.169604
    12 6.040985 0.000000 0.000000 -0.012649 0.039017 0.251419
    13 5.065758 0.000000 0.000000 2.804463 -0.029130 -0.045579
    14 3.993755 0.000000 0.000000 -0.296369 0.088065 0.906160
    15 3.815876 1.385489 1.500000 -1.701844 -0.902069 0.057630
    16 4.327093 0.000004 0.000000 -3.114038 0.000476 0.797459
    17 11.105114 0.000000 0.000000 0.000000 0.000000 -0.372576
    18 9.862099 -0.000011 -0.000031 1.062101 -0.261253 0.130342
    19 2.641094 0.214619 -1.073586 0.343640 0.190540 -0.806457
    20 1.361605 -0.000002 0.000000 -0.033852 -0.056532 -1.168171
    21 0.779602 0.000002 0.000000 -0.038792 -0.123973 0.252811
    22 2.908712 0.221762 -0.431868 0.315656 0.064476 -0.893331
    23 1.597527 0.000001 0.000000 -0.020331 -0.043837 -1.158634
    24 0.912680 0.000001 0.000000 0.002529 0.008221 0.233624
    25 3.265450 0.050007 0.415744 0.322996 0.091423 -1.049966
    26 1.860470 0.000000 0.000000 -0.051601 -0.064213 -1.194101
    27 1.061481 -0.000001 0.000000 0.004104 0.029474 0.404443
    28 3.340382 -0.242393 1.285012 0.318526 0.062572 -1.131184
    29 1.550753 0.000001 0.000000 0.061672 0.075949 -1.038656
    30 0.904888 0.000001 0.000000 0.001693 0.026264 0.279791
    31 1.219385 -1.063860 0.837143 1.700710 -0.490026 -0.201183
    32 1.496971 -0.000002 -0.000001 -0.211499 -0.093020 -0.524662
    33 1.100086 0.000000 0.000000 0.034391 -0.021604 -0.723527
    34 3.815876 1.385489 -1.500000 1.025288 0.939227 -0.738123
    35 4.327089 -0.000004 0.000000 3.036309 0.134864 0.651140
    36 11.105106 0.000000 0.000004 0.000000 0.000000 -0.475727
    37 9.862080 -0.000007 0.000017 -1.181932 -0.010129 0.092171
    38 2.641111 0.211586 1.074188 -0.340778 -0.190504 -0.713994
    39 1.361601 0.000000 0.000000 0.033791 0.056509 -0.943913
    40 0.779604 0.000001 0.000000 0.038833 0.124038 0.218150
    41 2.908730 0.220541 0.432493 -0.312825 -0.064540 -0.854119
    42 1.597527 0.000000 0.000000 0.020338 0.043857 -0.899809
    43 0.912678 0.000000 0.000000 -0.002548 -0.008289 0.256412
    44 3.265471 0.051184 -0.415600 -0.320176 -0.091421 -0.907618
    45 1.860470 0.000000 0.000000 0.051611 0.064235 -1.000517
    46 1.061485 0.000000 0.000000 -0.004037 -0.029426 0.237782
    47 3.340403 -0.238762 -1.285691 -0.315698 -0.062609 -0.887483
    48 1.550755 0.000000 0.000000 -0.061667 -0.075946 -1.019680
    49 0.904886 0.000001 0.000000 -0.001669 -0.026281 0.159649
    50 1.219410 -1.061498 -0.840143 -1.725617 0.534025 -0.029356
    51 1.496971 0.000002 0.000000 0.141600 0.113297 -0.458891
    52 1.100088 0.000000 0.000000 -0.031342 0.025865 -0.596322
    53 -19.171875 -17.937500 -2.958984 2.942370 0.295007 1.753230
    54 0.000000 0.000000 0.000000 -0.077030 -0.068757 -1.299215
    55 7.054213 0.000000 0.000000 0.000000 0.000000 0.000000
    56 0.000000 -0.000007 -0.000031 1.373047 0.113574 0.124314
    57 0.000000 -0.000007 -0.000031 1.373047 0.113574 0.124314
    58 2.856947 -1.536175 -0.973780 -1.501147 -0.272558 -1.578261
    59 0.000000 0.000000 10.000000 0.000000 0.000000 0.000000
    60 2.856899 -1.536201 -0.973800 -1.501147 -0.272558 -1.578261
    61 2.000000 -3.000000 0.000000 -1.570796 0.000000 -1.326450
    62 0.018896 0.665159 9.395880 0.000000 0.000000 0.000000
    63 3.028210 -0.923409 -2.009452 1.574082 -0.012974 1.587244
    64 0.116954 4.311606 0.061861 0.000010 0.000000 0.000000
    65 0.000000 -0.000002 0.000000 0.000000 0.000000 0.000000
    66 0.000000 1.000000 0.000010 0.000000 0.000000 0.000000
    67 -0.000001 0.000000 0.000000 0.000000 0.000000 0.000000
    68 -0.000001 0.000000 0.000000 0.000000 0.000000 0.000000
    69 -0.000001 0.000000 0.000000 0.000000 0.000000 0.000000
time 101
    0 -2.654297 -8.257813 26.031250 1.693268 0.107134 0.500427
    1 3.455587 0.000000 0.000000 -2.000313 -0.146670 -1.466785
    2 16.572346 0.000000 0.000000 0.000000 0.000000 0.245697
    3 16.265829 0.000000 0.000000 0.023812 0.293238 -0.651747
    4 5.046457 0.000000 0.000000 0.009849 -0.018737 -0.481889
    5 -3.455587 0.000000 0.000000 -1.570159 -0.302988 -1.818357
    6 16.572346 0.000000 0.000000 0.000000 0.000000 0.555815
    7 16.265831 0.000000 0.000000 0.242723 -0.022155 -0.798536
    8 5.046457 0.000000 0.000000 -0.100185 0.015030 -0.371263
    9 0.000000 3.703728 0.293189 1.556235 -0.176216 1.609565
    10 3.307846 0.000000 0.000000 -0.014028 0.020813 -0.141850
    11 3.297962 0.000000 0.000000 -0.017649 0.017229 -0.167747
    12 6.040985 0.000000 0.000000 -0.009929 0.036528 0.255655
    13 5.065758 0.000000 0.000000 2.789097 -0.016782 -0.038578
    14 3.993755 0.000000 0.000000 -0.315097 0.081590 0.900811
    15 3.815876 1.385489 1.500000 -1.708059 -0.877413 0.069684
    16 4.327093 0.000004 0.000000 -3.116344 -0.000788 0.759916
    17 11.105114 0.000000 0.000000 0.000000 0.000000 -0.371170
    18 9.862099 -0.000011 -0.000031 1.003993 -0.275918 0.119440
    19 2.641094 0.214619 -1.073586 0.343640 0.190540 -0.806457
    20 1.361605 -0.000002 0.000000 -0.033852 -0.056532 -1.168171
    21 0.779602 0.000002 0.000000 -0.038792 -0.123973 0.252811
    22 2.908712 0.221762 -0.431868 0.315656 0.064476 -0.893331
    23 1.597527 0.000001 0.000000 -0.020331 -0.043837 -1.158634
    24 0.912680 0.000001 0.000000 0.002529 0.008221 0.233624
    25 3.265450 0.050007 0.415744 0.322996 0.091423 -1.049966
    26 1.860470 0.000000 0.000000 -0.051601 -0.064213 -1.194101
    27 1.061481 -0.000001 0.000000 0.004104 0.029474 0.404443
    28 3.340382 -0.242393 1.285012 0.318526 0.062572 -1.131184
    29 1.550753 0.000001 0.000000 0.061672 0.075949 -1.038656
    30 0.904888 0.000001 0.000000 0.001693 0.026264 0.279791
    31 1.219385 -1.063860 0.837143 1.700710 -0.490026 -0.201183
    32 1.496971 -0.000002 -0.000001 -0.211499 -0.093020 -0.524662
    33 1.100086 0.000000 0.000000 0.034391 -0.021604 -0.723527
    34 3.815876 1.385489 -1.500000 1.012157 0.921969 -0.752132
    35 4.327089 -0.000004 0.000000 3.061738 0.119798 0.655299
    36 11.105106 0.000000 0.000004 0.000000 0.000000 -0.488350
    37 9.862080 -0.000007 0.000017 -1.219090 -0.024336 0.111685
    38 2.641111 0.211586 1.074188 -0.340778 -0.190504 -0.713994
    39 1.361601 0.000000 0.000000 0.033791 0.056509 -0.943913
    40 0.779604 0.000001 0.000000 0.038833 0.124038 0.218150
    41 2.908730 0.220541 0.432493 -0.312825 -0.064540 -0.854119
    42 1.597527 0.000000 0.000000 0.020338 0.043857 -0.899809
    43 0.912678 0.000000 0.000000 -0.002548 -0.008289 0.256412
    44 3.265471 0.051184 -0.415600 -0.320176 -0.091421 -0.907618
    45 1.860470 0.000000 0.000000 0.051611 0.064235 -1.000517
    46 1.061485 0.000000 0.000000 -0.004037 -0.029426 0.237782
    47 3.340403 -0.238762 -1.285691 -0.315698 -0.062609 -0.887483
    48 1.550755 0.000000 0.000000 -0.061667 -0.075946 -1.019680
    49 0.904886 0.000001 0.000000 -0.001669 -0.026281 0.159649
    50 1.219410 -1.061498 -0.840143 -1.725617 0.534025 -0.029356
    51 1.496971 0.000002 0.000000 0.141600 0.113297 -0.458891
    52 1.100088 0.000000 0.000000 -0.031342 0.025865 -0.596322
    53 -19.125000 -15.148438 1.595703 2.919153 0.355831 1.724491
    54 0.000000 0.000000 0.000000 -0.077030 -0.068757 -1.299215
    55 7.054213 0.000000 0.000000 0.000000 0.000000 0.000000
    56 0.000000 -0.000007 -0.000031 1.373047 0.113574 0.124314
    57 0.000000 -0.000007 -0.000031 1.373047 0.113574 0.124314
    58 2.856947 -1.536175 -0.973780 -1.501147 -0.272558 -1.578261
    59 0.000000 0.000000 10.000000 0.000000 0.000000 0.000000
    60 2.856899 -1.536201 -0.973800 -1.501147 -0.272558 -1.578261
    61 2.000000 -3.000000 0.000000 -1.570796 0.000000 -1.326450
    62 0.018896 0.665159 9.395880 0.000000 0.000000 0.000000
    63 3.028210 -0.923409 -2.009452 1.574082 -0.012974 1.587244
    64 0.116954 4.311606 0.061861 0.000010 0.000000 0.000000
    65 0.000000 -0.000002 0.000000 0.000000 0.000000 0.000000
    66 0.000000 1.000000 0.000010 0.000000 0.000000 0.000000
    67 -0.000001 0.000000 0.000000 0.000000 0.000000 0.000000
    68 -0.000001 0.000000 0.000000 0.000000 0.000000 0.000000
    69 -0.000001 0.000000 0.000000 0.000000 0.000000 0.000000
time 102
    0 -3.142578 -8.203125 26.015625 1.696502 0.092892 0.548862
    1 3.455587 0.000000 0.000000 -1.980466 -0.143274 -1.472066
    2 16.572346 0.000000 0.000000 0.000000 0.000000 0.282534
    3 16.265829 0.000000 0.000000 0.006383 0.248133 -0.652983
    4 5.046457 0.000000 0.000000 0.009843 -0.018740 -0.481267
    5 -3.455587 0.000000 0.000000 -1.558516 -0.307245 -1.798391
    6 16.572346 0.000000 0.000000 0.000000 0.000000 0.523034
    7 16.265831 0.000000 0.000000 0.233989 -0.044478 -0.769475
    8 5.046457 0.000000 0.000000 -0.100196 0.015011 -0.382437
    9 0.000000 3.703728 0.293189 1.558036 -0.170098 1.602478
    10 3.307846 0.000000 0.000000 -0.012330 0.017284 -0.144491
    11 3.297962 0.000000 0.000000 -0.015568 0.016471 -0.164949
    12 6.040985 0.000000 0.000000 -0.007924 0.035005 0.262223
    13 5.065758 0.000000 0.000000 2.779368 -0.007695 -0.039140
    14 3.993755 0.000000 0.000000 -0.327659 0.076580 0.901336
    15 3.815876 1.385489 1.500000 -1.719083 -0.865364 0.079033
    16 4.327093 0.000004 0.000000 -3.115863 -0.014078 0.747417
    17 11.105114 0.000000 0.000000 0.000000 0.000000 -0.360285
    18 9.862099 -0.000011 -0.000031 0.950343 -0.289152 0.110944
    19 2.641094 0.214619 -1.073586 0.343640 0.190540 -0.806457
    20 1.361605 -0.000002 0.000000 -0.033852 -0.056532 -1.168171
    21 0.779602 0.000002 0.000000 -0.038792 -0.123973 0.252811
    22 2.908712 0.221762 -0.431868 0.315656 0.064476 -0.893331
    23 1.597527 0.000001 0.000000 -0.020331 -0.043837 -1.158634
    24 0.912680 0.000001 0.000000 0.002529 0.008221 0.233624
    25 3.265450 0.050007 0.415744 0.322996 0.091423 -1.049966
    26 1.860470 0.000000 0.000000 -0.051601 -0.064213 -1.194101
    27 1.061481 -0.000001 0.000000 0.004104 0.029474 0.404443
    28 3.340382 -0.242393 1.285012 0.318526 0.062572 -1.131184
    29 1.550753 0.000001 0.000000 0.061672 0.075949 -1.038656
    30 0.904888 0.000001 0.000000 0.001693 0.026264 0.279791
    31 1.219385 -1.063860 0.837143 1.700710 -0.490026 -0.201183
    32 1.496971 -0.000002 -0.000001 -0.211499 -0.093020 -0.524662
    33 1.100086 0.000000 0.000000 0.034391 -0.021604 -0.723527
    34 3.815876 1.385489 -1.500000 1.009830 0.923145 -0.760372
    35 4.327089 -0.000004 0.000000 3.053229 0.105753 0.671932
    36 11.105106 0.000000 0.000004 0.000000 0.000000 -0.494936
    37 9.862080 -0.000007 0.000017 -1.249270 -0.039228 0.132418
    38 2.641111 0.211586 1.074188 -0.340778 -0.190504 -0.713994
    39 1.361601 0.000000 0.000000 0.033791 0.056509 -0.943913
    40 0.779604 0.000001 0.000000 0.038833 0.124038 0.218150
    41 2.908730 0.220541 0.432493 -0.312825 -0.064540 -0.854119
    42 1.597527 0.000000 0.000000 0.020338 0.043857 -0.899809
    43 0.912678 0.000000 0.000000 -0.002548 -0.008289 0.256412
    44 3.265471 0.051184 -0.415600 -0.320176 -0.091421 -0.907618
    45 1.860470 0.000000 0.000000 0.051611 0.064235 -1.000517
    46 1.061485 0.000000 0.000000 -0.004037 -0.029426 0.237782
    47 3.340403 -0.238762 -1.285691 -0.315698 -0.062609 -0.887483
    48 1.550755 0.000000 0.000000 -0.061667 -0.075946 -1.019680
    49 0.904886 0.000001 0.000000 -0.001669 -0.026281 0.159649
    50 1.219410 -1.061498 -0.840143 -1.725617 0.534025 -0.029356
    51 1.496971 0.000002 0.000000 0.141600 0.113297 -0.458891
    52 1.100088 0.000000 0.000000 -0.031342 0.025865 -0.596322
    53 -22.000000 -11.054688 3.648438 2.893119 0.400600 1.692841
    54 0.000000 0.000000 0.000000 -0.077030 -0.068757 -1.299215
    55 7.054213 0.000000 0.000000 0.000000 0.000000 0.000000
    56 0.000000 -0.000007 -0.000031 1.373047 0.113574 0.124314
    57 0.000000 -0.000007 -0.000031 1.373047 0.113574 0.124314
    58 2.856947 -1.536175 -0.973780 -1.501147 -0.272558 -1.578261
    59 0.000000 0.000000 10.000000 0.000000 0.000000 0.000000
    60 2.856899 -1.536201 -0.973800 -1.501147 -0.272558 -1.578261
    61 2.000000 -3.000000 0.000000 -1.570796 0.000000 -1.326450
    62 0.018896 0.665159 9.395880 0.000000 0.000000 0.000000
    63 3.028210 -0.923409 -2.009452 1.574082 -0.012974 1.587244
    64 0.116954 4.311606 0.061861 0.000010 0.000000 0.000000
    65 0.000000 -0.000002 0.000000 0.000000 0.000000 0.000000
    66 0.000000 1.000000 0.000010 0.000000 0.000000 0.000000
    67 -0.000001 0.000000 0.000000 0.000000 0.000000 0.000000
    68 -0.000001 0.000000 0.000000 0.000000 0.000000 0.000000
    69 -0.000001 0.000000 0.000000 0.000000 0.000000 0.000000
time 103
    0 -3.662109 -8.140625 26.031250 1.697158 0.080683 0.591779
    1 3.455587 0.000000 0.000000 -1.943208 -0.145460 -1.472250
    2 16.572346 0.000000 0.000000 0.000000 0.000000 0.327428
    3 16.265829 0.000000 0.000000 -0.053694 0.163872 -0.664176
    4 5.046457 0.000000 0.000000 0.009863 -0.018730 -0.483401
    5 -3.455587 0.000000 0.000000 -1.551721 -0.312856 -1.774777
    6 16.572346 0.000000 0.000000 0.000000 0.000000 0.485148
    7 16.265831 0.000000 0.000000 0.228145 -0.070850 -0.747346
    8 5.046457 0.000000 0.000000 -0.100192 0.014981 -0.372228
    9 0.000000 3.703728 0.293189 1.559283 -0.165424 1.591269
    10 3.307846 0.000000 0.000000 -0.011179 0.011992 -0.146266
    11 3.297962 0.000000 0.000000 -0.013994 0.016712 -0.161039
    12 6.040985 0.000000 0.000000 -0.005946 0.036273 0.271054
    13 5.065758 0.000000 0.000000 2.772318 0.000856 -0.047147
    14 3.993755 0.000000 0.000000 -0.337931 0.072311 0.908199
    15 3.815876 1.385489 1.500000 -1.740433 -0.854321 0.090950
    16 4.327093 0.000004 0.000000 -3.106229 -0.029982 0.746453
    17 11.105114 0.000000 0.000000 0.000000 0.000000 -0.342574
    18 9.862099 -0.000011 -0.000031 0.900996 -0.303804 0.105467
    19 2.641094 0.214619 -1.073586 0.343640 0.190540 -0.806457
    20 1.361605 -0.000002 0.000000 -0.033852 -0.056532 -1.168171
    21 0.779602 0.000002 0.000000 -0.038792 -0.123973 0.252811
    22 2.908712 0.221762 -0.431868 0.315656 0.064476 -0.893331
    23 1.597527 0.000001 0.000000 -0.020331 -0.043837 -1.158634
    24 0.912680 0.000001 0.000000 0.002529 0.008221 0.233624
    25 3.265450 0.050007 0.415744 0.322996 0.091423 -1.049966
    26 1.860470 0.000000 0.000000 -0.051601 -0.064213 -1.194101
    27 1.061481 -0.000001 0.000000 0.004104 0.029474 0.404443
    28 3.340382 -0.242393 1.285012 0.318526 0.062572 -1.131184
    29 1.550753 0.000001 0.000000 0.061672 0.075949 -1.038656
    30 0.904888 0.000001 0.000000 0.001693 0.026264 0.279791
    31 1.219385 -1.063860 0.837143 1.700710 -0.490026 -0.201183
    32 1.496971 -0.000002 -0.000001 -0.211499 -0.093020 -0.524662
    33 1.100086 0.000000 0.000000 0.034391 -0.021604 -0.723527
    34 3.815876 1.385489 -1.500000 1.002813 0.929267 -0.780486
    35 4.327089 -0.000004 0.000000 3.019623 0.097518 0.692004
    36 11.105106 0.000000 0.000004 0.000000 0.000000 -0.498944
    37 9.862080 -0.000007 0.000017 -1.269033 -0.049249 0.153388
    38 2.641111 0.211586 1.074188 -0.340778 -0.190504 -0.713994
    39 1.361601 0.000000 0.000000 0.033791 0.056509 -0.943913
    40 0.779604 0.000001 0.000000 0.038833 0.124038 0.218150
    41 2.908730 0.220541 0.432493 -0.312825 -0.064540 -0.854119
    42 1.597527 0.000000 0.000000 0.020338 0.043857 -0.899809
    43 0.912678 0.000000 0.000000 -0.002548 -0.008289 0.256412
    44 3.265471 0.051184 -0.415600 -0.320176 -0.091421 -0.907618
    45 1.860470 0.000000 0.000000 0.051611 0.064235 -1.000517
    46 1.061485 0.000000 0.000000 -0.004037 -0.029426 0.237782
    47 3.340403 -0.238762 -1.285691 -0.315698 -0.062609 -0.887483
    48 1.550755 0.000000 0.000000 -0.061667 -0.075946 -1.019680
    49 0.904886 0.000001 0.000000 -0.001669 -0.026281 0.159649
    50 1.219410 -1.061498 -0.840143 -1.725617 0.534025 -0.029356
    51 1.496971 0.000002 0.000000 0.141600 0.113297 -0.458891
    52 1.100088 0.000000 0.000000 -0.031342 0.025865 -0.596322
    53 -26.218750 -7.382813 2.589844 2.866294 0.439115 1.659518
    54 0.000000 0.000000 0.000000 -0.077030 -0.068757 -1.299215
    55 7.054213 0.000000 0.000000 0.000000 0.000000 0.000000
    56 0.000000 -0.000007 -0.000031 1.373047 0.113574 0.124314
    57 0.000000 -0.000007 -0.000031 1.373047 0.113574 0.124314
    58 2.856947 -1.536175 -0.973780 -1.501147 -0.272558 -1.578261
    59 0.000000 0.000000 10.000000 0.000000 0.000000 0.000000
    60 2.856899 -1.536201 -0.973800 -1.501147 -0.272558 -1.578261
    61 2.000000 -3.000000 0.000000 -1.570796 0.000000 -1.326450
    62 0.018896 0.665159 9.395880 0.000000 0.000000 0.000000
    63 3.028210 -0.923409 -2.009452 1.574082 -0.012974 1.587244
    64 0.116954 4.311606 0.061861 0.000010 0.000000 0.000000
    65 0.000000 -0.000002 0.000000 0.000000 0.000000 0.000000
    66 0.000000 1.000000 0.000010 0.000000 0.000000 0.000000
    67 -0.000001 0.000000 0.000000 0.000000 0.000000 0.000000
    68 -0.000001 0.000000 0.000000 0.000000 0.000000 0.000000
    69 -0.000001 0.000000 0.000000 0.000000 0.000000 0.000000
time 104
    0 -4.195313 -8.070313 26.062500 1.698126 0.070795 0.630592
    1 3.455587 0.000000 0.000000 -1.890039 -0.154966 -1.471345
    2 16.572346 0.000000 0.000000 0.000000 0.000000 0.373894
    3 16.265829 0.000000 0.000000 -0.162960 0.059930 -0.680287
    4 5.046457 0.000000 0.000000 0.009908 -0.018754 -0.470252
    5 -3.455587 0.000000 0.000000 -1.542117 -0.320402 -1.751163
    6 16.572346 0.000000 0.000000 0.000000 0.000000 0.441067
    7 16.265831 0.000000 0.000000 0.225436 -0.103007 -0.729990
    8 5.046457 0.000000 0.000000 -0.100183 0.014991 -0.350439
    9 0.000000 3.703728 0.293189 1.558102 -0.165136 1.580371
    10 3.307846 0.000000 0.000000 -0.012350 0.006713 -0.146239
    11 3.297962 0.000000 0.000000 -0.015028 0.016812 -0.159577
    12 6.040985 0.000000 0.000000 -0.006562 0.038295 0.274615
    13 5.065758 0.000000 0.000000 2.769775 0.005088 -0.056567
    14 3.993755 0.000000 0.000000 -0.342313 0.069715 0.915962
    15 3.815876 1.385489 1.500000 -1.744868 -0.848067 0.089217
    16 4.327093 0.000004 0.000000 -3.099727 -0.048309 0.749966
    17 11.105114 0.000000 0.000000 0.000000 0.000000 -0.326728
    18 9.862099 -0.000011 -0.000031 0.856216 -0.321713 0.103538
    19 2.641094 0.214619 -1.073586 0.343640 0.190540 -0.806457
    20 1.361605 -0.000002 0.000000 -0.033852 -0.056532 -1.168171
    21 0.779602 0.000002 0.000000 -0.038792 -0.123973 0.252811
    22 2.908712 0.221762 -0.431868 0.315656 0.064476 -0.893331
    23 1.597527 0.000001 0.000000 -0.020331 -0.043837 -1.158634
    24 0.912680 0.000001 0.000000 0.002529 0.008221 0.233624
    25 3.265450 0.050007 0.415744 0.322996 0.091423 -1.049966
    26 1.860470 0.000000 0.000000 -0.051601 -0.064213 -1.194101
    27 1.061481 -0.000001 0.000000 0.004104 0.029474 0.404443
    28 3.340382 -0.242393 1.285012 0.318526 0.062572 -1.131184
    29 1.550753 0.000001 0.000000 0.061672 0.075949 -1.038656
    30 0.904888 0.000001 0.000000 0.001693 0.026264 0.279791
    31 1.219385 -1.063860 0.837143 1.700710 -0.490026 -0.201183
    32 1.496971 -0.000002 -0.000001 -0.211499 -0.093020 -0.524662
    33 1.100086 0.000000 0.000000 0.034391 -0.021604 -0.723527
    34 3.815876 1.385489 -1.500000 0.998098 0.933795 -0.794628
    35 4.327089 -0.000004 0.000000 2.999760 0.096435 0.699039
    36 11.105106 0.000000 0.000004 0.000000 0.000000 -0.515531
    37 9.862080 -0.000007 0.000017 -1.284146 -0.051945 0.176735
    38 2.641111 0.211586 1.074188 -0.340778 -0.190504 -0.713994
    39 1.361601 0.000000 0.000000 0.033791 0.056509 -0.943913
    40 0.779604 0.000001 0.000000 0.038833 0.124038 0.218150
    41 2.908730 0.220541 0.432493 -0.312825 -0.064540 -0.854119
    42 1.597527 0.000000 0.000000 0.020338 0.043857 -0.899809
    43 0.912678 0.000000 0.000000 -0.002548 -0.008289 0.256412
    44 3.265471 0.051184 -0.415600 -0.320176 -0.091421 -0.907618
    45 1.860470 0.000000 0.000000 0.051611 0.064235 -1.000517
    46 1.061485 0.000000 0.000000 -0.004037 -0.029426 0.237782
    47 3.340403 -0.238762 -1.285691 -0.315698 -0.062609 -0.887483
    48 1.550755 0.000000 0.000000 -0.061667 -0.075946 -1.019680
    49 0.904886 0.000001 0.000000 -0.001669 -0.026281 0.159649
    50 1.219410 -1.061498 -0.840143 -1.725617 0.534025 -0.029356
    51 1.496971 0.000002 0.000000 0.141600 0.113297 -0.458891
    52 1.100088 0.000000 0.000000 -0.031342 0.025865 -0.596322
    53 -29.875000 -5.382813 -0.844727 2.840082 0.471000 1.628511
    54 0.000000 0.000000 0.000000 -0.077030 -0.068757 -1.299215
    55 7.054213 0.000000 0.000000 0.000000 0.000000 0.000000
    56 0.000000 -0.000007 -0.000031 1.373047 0.113574 0.124314
    57 0.000000 -0.000007 -0.000031 1.373047 0.113574 0.124314
    58 2.856947 -1.536175 -0.973780 -1.501147 -0.272558 -1.578261
    59 0.000000 0.000000 10.000000 0.000000 0.000000 0.000000
    60 2.856899 -1.536201 -0.973800 -1.501147 -0.272558 -1.578261
    61 2.000000 -3.000000 0.000000 -1.570796 0.000000 -1.326450
    62 0.018896 0.665159 9.395880 0.000000 0.000000 0.000000
    63 3.028210 -0.923409 -2.009452 1.574082 -0.012974 1.587244
    64 0.116954 4.311606 0.061861 0.000010 0.000000 0.000000
    65 0.000000 -0.000002 0.000000 0.000000 0.000000 0.000000
    66 0.000000 1.000000 0.000010 0.000000 0.000000 0.000000
    67 -0.000001 0.000000 0.000000 0.000000 0.000000 0.000000
    68 -0.000001 0.000000 0.000000 0.000000 0.000000 0.000000
    69 -0.000001 0.000000 0.000000 0.000000 0.000000 0.000000
time 105
    0 -4.710938 -7.988281 26.109375 1.699801 0.060946 0.666653
    1 3.455587 0.000000 0.000000 -1.830610 -0.172091 -1.473006
    2 16.572346 0.000000 0.000000 0.000000 0.000000 0.423743
    3 16.265829 0.000000 0.000000 -0.262869 -0.039611 -0.695577
    4 5.046457 0.000000 0.000000 0.009830 -0.018725 -0.455085
    5 -3.455587 0.000000 0.000000 -1.532516 -0.327775 -1.731762
    6 16.572346 0.000000 0.000000 0.000000 0.000000 0.390160
    7 16.265831 0.000000 0.000000 0.228100 -0.133318 -0.708961
    8 5.046457 0.000000 0.000000 -0.100237 0.015024 -0.363967
    9 0.000000 3.703728 0.293189 1.555885 -0.167127 1.568362
    10 3.307846 0.000000 0.000000 -0.014516 0.000847 -0.145338
    11 3.297962 0.000000 0.000000 -0.017159 0.017511 -0.159256
    12 6.040985 0.000000 0.000000 -0.007918 0.042236 0.275457
    13 5.065758 0.000000 0.000000 2.765724 0.003662 -0.073647
    14 3.993755 0.000000 0.000000 -0.345772 0.072149 0.928327
    15 3.815876 1.385489 1.500000 -1.741893 -0.846127 0.084169
    16 4.327093 0.000004 0.000000 -3.109046 -0.066635 0.759512
    17 11.105114 0.000000 0.000000 0.000000 0.000000 -0.309154
    18 9.862099 -0.000011 -0.000031 0.824166 -0.341994 0.102543
    19 2.641094 0.214619 -1.073586 0.343640 0.190540 -0.806457
    20 1.361605 -0.000002 0.000000 -0.033852 -0.056532 -1.168171
    21 0.779602 0.000002 0.000000 -0.038792 -0.123973 0.252811
    22 2.908712 0.221762 -0.431868 0.315656 0.064476 -0.893331
    23 1.597527 0.000001 0.000000 -0.020331 -0.043837 -1.158634
    24 0.912680 0.000001 0.000000 0.002529 0.008221 0.233624
    25 3.265450 0.050007 0.415744 0.322996 0.091423 -1.049966
    26 1.860470 0.000000 0.000000 -0.051601 -0.064213 -1.194101
    27 1.061481 -0.000001 0.000000 0.004104 0.029474 0.404443
    28 3.340382 -0.242393 1.285012 0.318526 0.062572 -1.131184
    29 1.550753 0.000001 0.000000 0.061672 0.075949 -1.038656
    30 0.904888 0.000001 0.000000 0.001693 0.026264 0.279791
    31 1.219385 -1.063860 0.837143 1.700710 -0.490026 -0.201183
    32 1.496971 -0.000002 -0.000001 -0.211499 -0.093020 -0.524662
    33 1.100086 0.000000 0.000000 0.034391 -0.021604 -0.723527
    34 3.815876 1.385489 -1.500000 0.996804 0.940129 -0.801046
    35 4.327089 -0.000004 0.000000 3.007897 0.097901 0.700540
    36 11.105106 0.000000 0.000004 0.000000 0.000000 -0.536540
    37 9.862080 -0.000007 0.000017 -1.312416 -0.055161 0.199670
    38 2.641111 0.211586 1.074188 -0.340778 -0.190504 -0.713994
    39 1.361601 0.000000 0.000000 0.033791 0.056509 -0.943913
    40 0.779604 0.000001 0.000000 0.038833 0.124038 0.218150
    41 2.908730 0.220541 0.432493 -0.312825 -0.064540 -0.854119
    42 1.597527 0.000000 0.000000 0.020338 0.043857 -0.899809
    43 0.912678 0.000000 0.000000 -0.002548 -0.008289 0.256412
    44 3.265471 0.051184 -0.415600 -0.320176 -0.091421 -0.907618
    45 1.860470 0.000000 0.000000 0.051611 0.064235 -1.000517
    46 1.061485 0.000000 0.000000 -0.004037 -0.029426 0.237782
    47 3.340403 -0.238762 -1.285691 -0.315698 -0.062609 -0.887483
    48 1.550755 0.000000 0.000000 -0.061667 -0.075946 -1.019680
    49 0.904886 0.000001 0.000000 -0.001669 -0.026281 0.159649
    50 1.219410 -1.061498 -0.840143 -1.725617 0.534025 -0.029356
    51 1.496971 0.000002 0.000000 0.141600 0.113297 -0.458891
    52 1.100088 0.000000 0.000000 -0.031342 0.025865 -0.596322
    53 -30.703125 -6.636719 -5.394531 2.816487 0.485808 1.599514
    54 0.000000 0.000000 0.000000 -0.077030 -0.068757 -1.299215
    55 7.054213 0.000000 0.000000 0.000000 0.000000 0.000000
    56 0.000000 -0.000007 -0.000031 1.373047 0.113574 0.124314
    57 0.000000 -0.000007 -0.000031 1.373047 0.113574 0.124314
    58 2.856947 -1.536175 -0.973780 -1.501147 -0.272558 -1.578261
    59 0.000000 0.000000 10.000000 0.000000 0.000000 0.000000
    60 2.856899 -1.536201 -0.973800 -1.501147 -0.272558 -1.578261
    61 2.000000 -3.000000 0.000000 -1.570796 0.000000 -1.326450
    62 0.018896 0.665159 9.395880 0.000000 0.000000 0.000000
    63 3.028210 -0.923409 -2.009452 1.574082 -0.012974 1.587244
    64 0.116954 4.311606 0.061861 0.000010 0.000000 0.000000
    65 0.000000 -0.000002 0.000000 0.000000 0.000000 0.000000
    66 0.000000 1.000000 0.000010 0.000000 0.000000 0.000000
    67 -0.000001 0.000000 0.000000 0.000000 0.000000 0.000000
    68 -0.000001 0.000000 0.000000 0.000000 0.000000 0.000000
    69 -0.000001 0.000000 0.000000 0.000000 0.000000 0.000000
time 106
    0 -5.187500 -7.867188 26.156250 1.701587 0.050862 0.700844
    1 3.455587 0.000000 0.000000 -1.777027 -0.193735 -1.478382
    2 16.572346 0.000000 0.000000 0.000000 0.000000 0.472086
    3 16.265829 0.000000 0.000000 -0.314328 -0.114350 -0.712434
    4 5.046457 0.000000 0.000000 0.009866 -0.018706 -0.458985
    5 -3.455587 0.000000 0.000000 -1.524926 -0.332629 -1.719471
    6 16.572346 0.000000 0.000000 0.000000 0.000000 0.339070
    7 16.265831 0.000000 0.000000 0.239315 -0.162892 -0.701948
    8 5.046457 0.000000 0.000000 -0.100166 0.014991 -0.375747
    9 0.000000 3.703728 0.293189 1.552683 -0.173300 1.558294
    10 3.307846 0.000000 0.000000 -0.017800 -0.004041 -0.142615
    11 3.297962 0.000000 0.000000 -0.020520 0.018180 -0.160854
    12 6.040985 0.000000 0.000000 -0.010660 0.046333 0.271731
    13 5.065758 0.000000 0.000000 2.765789 0.002306 -0.082183
    14 3.993755 0.000000 0.000000 -0.345460 0.073095 0.937125
    15 3.815876 1.385489 1.500000 -1.728592 -0.851098 0.074460
    16 4.327093 0.000004 0.000000 -3.127462 -0.080370 0.774682
    17 11.105114 0.000000 0.000000 0.000000 0.000000 -0.292478
    18 9.862099 -0.000011 -0.000031 0.801399 -0.361177 0.104508
    19 2.641094 0.214619 -1.073586 0.343640 0.190540 -0.806457
    20 1.361605 -0.000002 0.000000 -0.033852 -0.056532 -1.168171
    21 0.779602 0.000002 0.000000 -0.038792 -0.123973 0.252811
    22 2.908712 0.221762 -0.431868 0.315656 0.064476 -0.893331
    23 1.597527 0.000001 0.000000 -0.020331 -0.043837 -1.158634
    24 0.912680 0.000001 0.000000 0.002529 0.008221 0.233624
    25 3.265450 0.050007 0.415744 0.322996 0.091423 -1.049966
    26 1.860470 0.000000 0.000000 -0.051601 -0.064213 -1.194101
    27 1.061481 -0.000001 0.000000 0.004104 0.029474 0.404443
    28 3.340382 -0.242393 1.285012 0.318526 0.062572 -1.131184
    29 1.550753 0.000001 0.000000 0.061672 0.075949 -1.038656
    30 0.904888 0.000001 0.000000 0.001693 0.026264 0.279791
    31 1.219385 -1.063860 0.837143 1.700710 -0.490026 -0.201183
    32 1.496971 -0.000002 -0.000001 -0.211499 -0.093020 -0.524662
    33 1.100086 0.000000 0.000000 0.034391 -0.021604 -0.723527
    34 3.815876 1.385489 -1.500000 1.003866 0.945307 -0.803545
    35 4.327089 -0.000004 0.000000 3.022283 0.104700 0.700909
    36 11.105106 0.000000 0.000004 0.000000 0.000000 -0.555545
    37 9.862080 -0.000007 0.000017 -1.345270 -0.060981 0.222101
    38 2.641111 0.211586 1.074188 -0.340778 -0.190504 -0.713994
    39 1.361601 0.000000 0.000000 0.033791 0.056509 -0.943913
    40 0.779604 0.000001 0.000000 0.038833 0.124038 0.218150
    41 2.908730 0.220541 0.432493 -0.312825 -0.064540 -0.854119
    42 1.597527 0.000000 0.000000 0.020338 0.043857 -0.899809
    43 0.912678 0.000000 0.000000 -0.002548 -0.008289 0.256412
    44 3.265471 0.051184 -0.415600 -0.320176 -0.091421 -0.907618
    45 1.860470 0.000000 0.000000 0.051611 0.064235 -1.000517
    46 1.061485 0.000000 0.000000 -0.004037 -0.029426 0.237782
    47 3.340403 -0.238762 -1.285691 -0.315698 -0.062609 -0.887483
    48 1.550755 0.000000 0.000000 -0.061667 -0.075946 -1.019680
    49 0.904886 0.000001 0.000000 -0.001669 -0.026281 0.159649
    50 1.219410 -1.061498 -0.840143 -1.725617 0.534025 -0.029356
    51 1.496971 0.000002 0.000000 0.141600 0.113297 -0.458891
    52 1.100088 0.000000 0.000000 -0.031342 0.025865 -0.596322
    53 -29.703125 -9.382813 -8.781250 2.796754 0.493907 1.574666
    54 0.000000 0.000000 0.000000 -0.077030 -0.068757 -1.299215
    55 7.054213 0.000000 0.000000 0.000000 0.000000 0.000000
    56 0.000000 -0.000007 -0.000031 1.373047 0.113574 0.124314
    57 0.000000 -0.000007 -0.000031 1.373047 0.113574 0.124314
    58 2.856947 -1.536175 -0.973780 -1.501147 -0.272558 -1.578261
    59 0.000000 0.000000 10.000000 0.000000 0.000000 0.000000
    60 2.856899 -1.536201 -0.973800 -1.501147 -0.272558 -1.578261
    61 2.000000 -3.000000 0.000000 -1.570796 0.000000 -1.326450
    62 0.018896 0.665159 9.395880 0.000000 0.000000 0.000000
    63 3.028210 -0.923409 -2.009452 1.574082 -0.012974 1.587244
    64 0.116954 4.311606 0.061861 0.000010 0.000000 0.000000
    65 0.000000 -0.000002 0.000000 0.000000 0.000000 0.000000
    66 0.000000 1.000000 0.000010 0.000000 0.000000 0.000000
    67 -0.000001 0.000000 0.000000 0.000000 0.000000 0.000000
    68 -0.000001 0.000000 0.000000 0.000000 0.000000 0.000000
    69 -0.000001 0.000000 0.000000 0.000000 0.000000 0.000000
time 107
    0 -5.582031 -7.753906 26.234375 1.705644 0.042889 0.733268
    1 3.455587 0.000000 0.000000 -1.736814 -0.221880 -1.484517
    2 16.572346 0.000000 0.000000 0.000000 0.000000 0.521694
    3 16.265829 0.000000 0.000000 -0.327335 -0.155374 -0.744339
    4 5.046457 0.000000 0.000000 0.009902 -0.018782 -0.460671
    5 -3.455587 0.000000 0.000000 -1.523999 -0.335310 -1.711229
    6 16.572346 0.000000 0.000000 0.000000 0.000000 0.296754
    7 16.265831 0.000000 0.000000 0.234349 -0.177082 -0.703990
    8 5.046457 0.000000 0.000000 -0.100216 0.015041 -0.378126
    9 0.000000 3.703728 0.293189 1.549731 -0.177289 1.550949
    10 3.307846 0.000000 0.000000 -0.020821 -0.007873 -0.140841
    11 3.297962 0.000000 0.000000 -0.023506 0.018532 -0.162101
    12 6.040985 0.000000 0.000000 -0.013181 0.049356 0.269311
    13 5.065758 0.000000 0.000000 2.769251 0.004780 -0.086135
    14 3.993755 0.000000 0.000000 -0.343553 0.070229 0.944675
    15 3.815876 1.385489 1.500000 -1.717475 -0.856089 0.067825
    16 4.327093 0.000004 0.000000 3.133280 -0.090405 0.791869
    17 11.105114 0.000000 0.000000 0.000000 0.000000 -0.280703
    18 9.862099 -0.000011 -0.000031 0.788070 -0.383300 0.116407
    19 2.641094 0.214619 -1.073586 0.343640 0.190540 -0.806457
    20 1.361605 -0.000002 0.000000 -0.033852 -0.056532 -1.168171
    21 0.779602 0.000002 0.000000 -0.038792 -0.123973 0.252811
    22 2.908712 0.221762 -0.431868 0.315656 0.064476 -0.893331
    23 1.597527 0.000001 0.000000 -0.020331 -0.043837 -1.158634
    24 0.912680 0.000001 0.000000 0.002529 0.008221 0.233624
    25 3.265450 0.050007 0.415744 0.322996 0.091423 -1.049966
    26 1.860470 0.000000 0.000000 -0.051601 -0.064213 -1.194101
    27 1.061481 -0.000001 0.000000 0.004104 0.029474 0.404443
    28 3.340382 -0.242393 1.285012 0.318526 0.062572 -1.131184
    29 1.550753 0.000001 0.000000 0.061672 0.075949 -1.038656
    30 0.904888 0.000001 0.000000 0.001693 0.026264 0.279791
    31 1.219385 -1.063860 0.837143 1.700710 -0.490026 -0.201183
    32 1.496971 -0.000002 -0.000001 -0.211499 -0.093020 -0.524662
    33 1.100086 0.000000 0.000000 0.034391 -0.021604 -0.723527
    34 3.815876 1.385489 -1.500000 1.004682 0.951087 -0.809187
    35 4.327089 -0.000004 0.000000 3.028258 0.106722 0.703142
    36 11.105106 0.000000 0.000004 0.000000 0.000000 -0.569563
    37 9.862080 -0.000007 0.000017 -1.372163 -0.064860 0.242875
    38 2.641111 0.211586 1.074188 -0.340778 -0.190504 -0.713994
    39 1.361601 0.000000 0.000000 0.033791 0.056509 -0.943913
    40 0.779604 0.000001 0.000000 0.038833 0.124038 0.218150
    41 2.908730 0.220541 0.432493 -0.312825 -0.064540 -0.854119
    42 1.597527 0.000000 0.000000 0.020338 0.043857 -0.899809
    43 0.912678 0.000000 0.000000 -0.002548 -0.008289 0.256412
    44 3.265471 0.051184 -0.415600 -0.320176 -0.091421 -0.907618
    45 1.860470 0.000000 0.000000 0.051611 0.064235 -1.000517
    46 1.061485 0.000000 0.000000 -0.004037 -0.029426 0.237782
    47 3.340403 -0.238762 -1.285691 -0.315698 -0.062609 -0.887483
    48 1.550755 0.000000 0.000000 -0.061667 -0.075946 -1.019680
    49 0.904886 0.000001 0.000000 -0.001669 -0.026281 0.159649
    50 1.219410 -1.061498 -0.840143 -1.725617 0.534025 -0.029356
    51 1.496971 0.000002 0.000000 0.141600 0.113297 -0.458891
    52 1.100088 0.000000 0.000000 -0.031342 0.025865 -0.596322
    53 -28.078125 -12.671875 -10.695313 2.780153 0.496436 1.557559
    54 0.000000 0.000000 0.000000 -0.077030 -0.068757 -1.299215
    55 7.054213 0.000000 0.000000 0.000000 0.000000 0.000000
    56 0.000000 -0.000007 -0.000031 1.373047 0.113574 0.124314
    57 0.000000 -0.000007 -0.000031 1.373047 0.113574 0.124314
    58 2.856947 -1.536175 -0.973780 -1.501147 -0.272558 -1.578261
    59 0.000000 0.000000 10.000000 0.000000 0.000000 0.000000
    60 2.856899 -1.536201 -0.973800 -1.501147 -0.272558 -1.578261
    61 2.000000 -3.000000 0.000000 -1.570796 0.000000 -1.326450
    62 0.018896 0.665159 9.395880 0.000000 0.000000 0.000000
    63 3.028210 -0.923409 -2.009452 1.574082 -0.012974 1.587244
    64 0.116954 4.311606 0.061861 0.000010 0.000000 0.000000
    65 0.000000 -0.000002 0.000000 0.000000 0.000000 0.000000
    66 0.000000 1.000000 0.000010 0.000000 0.000000 0.000000
    67 -0.000001 0.000000 0.000000 0.000000 0.000000 0.000000
    68 -0.000001 0.000000 0.000000 0.000000 0.000000 0.000000
    69 -0.000001 0.000000 0.000000 0.000000 0.000000 0.000000
time 108
    0 -5.867188 -7.632813 26.296875 1.712082 0.038642 0.763081
    1 3.455587 0.000000 0.000000 -1.712838 -0.256229 -1.489138
    2 16.572346 0.000000 0.000000 0.000000 0.000000 0.574332
    3 16.265829 0.000000 0.000000 -0.340120 -0.173155 -0.776347
    4 5.046457 0.000000 0.000000 0.009823 -0.018729 -0.454376
    5 -3.455587 0.000000 0.000000 -1.535099 -0.338186 -1.706698
    6 16.572346 0.000000 0.000000 0.000000 0.000000 0.272162
    7 16.265831 0.000000 0.000000 0.249620 -0.174549 -0.707569
    8 5.046457 0.000000 0.000000 -0.100168 0.015006 -0.380851
    9 0.000000 3.703728 0.293189 1.548432 -0.176891 1.547543
    10 3.307846 0.000000 0.000000 -0.022346 -0.009542 -0.141164
    11 3.297962 0.000000 0.000000 -0.024899 0.018685 -0.161598
    12 6.040985 0.000000 0.000000 -0.014386 0.050411 0.271196
    13 5.065758 0.000000 0.000000 2.772878 0.010586 -0.091663
    14 3.993755 0.000000 0.000000 -0.343076 0.064851 0.954388
    15 3.815876 1.385489 1.500000 -1.716098 -0.858707 0.068030
    16 4.327093 0.000004 0.000000 3.112970 -0.095786 0.807215
    17 11.105114 0.000000 0.000000 0.000000 0.000000 -0.274166
    18 9.862099 -0.000011 -0.000031 0.780205 -0.403989 0.130927
    19 2.641094 0.214619 -1.073586 0.343640 0.190540 -0.806457
    20 1.361605 -0.000002 0.000000 -0.033852 -0.056532 -1.168171
    21 0.779602 0.000002 0.000000 -0.038792 -0.123973 0.252811
    22 2.908712 0.221762 -0.431868 0.315656 0.064476 -0.893331
    23 1.597527 0.000001 0.000000 -0.020331 -0.043837 -1.158634
    24 0.912680 0.000001 0.000000 0.002529 0.008221 0.233624
    25 3.265450 0.050007 0.415744 0.322996 0.091423 -1.049966
    26 1.860470 0.000000 0.000000 -0.051601 -0.064213 -1.194101
    27 1.061481 -0.000001 0.000000 0.004104 0.029474 0.404443
    28 3.340382 -0.242393 1.285012 0.318526 0.062572 -1.131184
    29 1.550753 0.000001 0.000000 0.061672 0.075949 -1.038656
    30 0.904888 0.000001 0.000000 0.001693 0.026264 0.279791
    31 1.219385 -1.063860 0.837143 1.700710 -0.490026 -0.201183
    32 1.496971 -0.000002 -0.000001 -0.211499 -0.093020 -0.524662
    33 1.100086 0.000000 0.000000 0.034391 -0.021604 -0.723527
    34 3.815876 1.385489 -1.500000 0.993461 0.956961 -0.823945
    35 4.327089 -0.000004 0.000000 3.015776 0.099211 0.708162
    36 11.105106 0.000000 0.000004 0.000000 0.000000 -0.578924
    37 9.862080 -0.000007 0.000017 -1.385086 -0.065890 0.257399
    38 2.641111 0.211586 1.074188 -0.340778 -0.190504 -0.713994
    39 1.361601 0.000000 0.000000 0.033791 0.056509 -0.943913
    40 0.779604 0.000001 0.000000 0.038833 0.124038 0.218150
    41 2.908730 0.220541 0.432493 -0.312825 -0.064540 -0.854119
    42 1.597527 0.000000 0.000000 0.020338 0.043857 -0.899809
    43 0.912678 0.000000 0.000000 -0.002548 -0.008289 0.256412
    44 3.265471 0.051184 -0.415600 -0.320176 -0.091421 -0.907618
    45 1.860470 0.000000 0.000000 0.051611 0.064235 -1.000517
    46 1.061485 0.000000 0.000000 -0.004037 -0.029426 0.237782
    47 3.340403 -0.238762 -1.285691 -0.315698 -0.062609 -0.887483
    48 1.550755 0.000000 0.000000 -0.061667 -0.075946 -1.019680
    49 0.904886 0.000001 0.000000 -0.001669 -0.026281 0.159649
    50 1.219410 -1.061498 -0.840143 -1.725617 0.534025 -0.029356
    51 1.496971 0.000002 0.000000 0.141600 0.113297 -0.458891
    52 1.100088 0.000000 0.000000 -0.031342 0.025865 -0.596322
    53 -26.390625 -15.804688 -10.781250 2.765800 0.498224 1.546898
    54 0.000000 0.000000 0.000000 -0.077030 -0.068757 -1.299215
    55 7.054213 0.000000 0.000000 0.000000 0.000000 0.000000
    56 0.000000 -0.000007 -0.000031 1.373047 0.113574 0.124314
    57 0.000000 -0.000007 -0.000031 1.373047 0.113574 0.124314
    58 2.856947 -1.536175 -0.973780 -1.501147 -0.272558 -1.578261
    59 0.000000 0.000000 10.000000 0.000000 0.000000 0.000000
    60 2.856899 -1.536201 -0.973800 -1.501147 -0.272558 -1.578261
    61 2.000000 -3.000000 0.000000 -1.570796 0.000000 -1.326450
    62 0.018896 0.665159 9.395880 0.000000 0.000000 0.000000
    63 3.028210 -0.923409 -2.009452 1.574082 -0.012974 1.587244
    64 0.116954 4.311606 0.061861 0.000010 0.000000 0.000000
    65 0.000000 -0.000002 0.000000 0.000000 0.000000 0.000000
    66 0.000000 1.000000 0.000010 0.000000 0.000000 0.000000
    67 -0.000001 0.000000 0.000000 0.000000 0.000000 0.000000
    68 -0.000001 0.000000 0.000000 0.000000 0.000000 0.000000
    69 -0.000001 0.000000 0.000000 0.000000 0.000000 0.000000
time 109
    0 -6.046875 -7.523438 26.375000 1.717841 0.032210 0.786839
    1 3.455587 0.000000 0.000000 -1.712743 -0.290227 -1.494628
    2 16.572346 0.000000 0.000000 0.000000 0.000000 0.626385
    3 16.265829 0.000000 0.000000 -0.377301 -0.166359 -0.792120
    4 5.046457 0.000000 0.000000 0.009869 -0.018705 -0.459251
    5 -3.455587 0.000000 0.000000 -1.537954 -0.338911 -1.716025
    6 16.572346 0.000000 0.000000 0.000000 0.000000 0.273817
    7 16.265831 0.000000 0.000000 0.267987 -0.178391 -0.709763
    8 5.046457 0.000000 0.000000 -0.100159 0.014984 -0.395825
    9 0.000000 3.703728 0.293189 1.547081 -0.174661 1.545663
    10 3.307846 0.000000 0.000000 -0.023467 -0.010759 -0.142185
    11 3.297962 0.000000 0.000000 -0.026052 0.016954 -0.160980
    12 6.040985 0.000000 0.000000 -0.016129 0.047370 0.274132
    13 5.065758 0.000000 0.000000 2.776553 0.018194 -0.097062
    14 3.993755 0.000000 0.000000 -0.342967 0.056994 0.962654
    15 3.815876 1.385489 1.500000 -1.708685 -0.861635 0.065204
    16 4.327093 0.000004 0.000000 3.107371 -0.095415 0.819643
    17 11.105114 0.000000 0.000000 0.000000 0.000000 -0.274340
    18 9.862099 -0.000011 -0.000031 0.767291 -0.410092 0.139278
    19 2.641094 0.214619 -1.073586 0.343640 0.190540 -0.806457
    20 1.361605 -0.000002 0.000000 -0.033852 -0.056532 -1.168171
    21 0.779602 0.000002 0.000000 -0.038792 -0.123973 0.252811
    22 2.908712 0.221762 -0.431868 0.315656 0.064476 -0.893331
    23 1.597527 0.000001 0.000000 -0.020331 -0.043837 -1.158634
    24 0.912680 0.000001 0.000000 0.002529 0.008221 0.233624
    25 3.265450 0.050007 0.415744 0.322996 0.091423 -1.049966
    26 1.860470 0.000000 0.000000 -0.051601 -0.064213 -1.194101
    27 1.061481 -0.000001 0.000000 0.004104 0.029474 0.404443
    28 3.340382 -0.242393 1.285012 0.318526 0.062572 -1.131184
    29 1.550753 0.000001 0.000000 0.061672 0.075949 -1.038656
    30 0.904888 0.000001 0.000000 0.001693 0.026264 0.279791
    31 1.219385 -1.063860 0.837143 1.700710 -0.490026 -0.201183
    32 1.496971 -0.000002 -0.000001 -0.211499 -0.093020 -0.524662
    33 1.100086 0.000000 0.000000 0.034391 -0.021604 -0.723527
    34 3.815876 1.385489 -1.500000 0.984185 0.968293 -0.834278
    35 4.327089 -0.000004 0.000000 3.008067 0.088881 0.715784
    36 11.105106 0.000000 0.000004 0.000000 0.000000 -0.584692
    37 9.862080 -0.000007 0.000017 -1.396171 -0.067548 0.270552
    38 2.641111 0.211586 1.074188 -0.340778 -0.190504 -0.713994
    39 1.361601 0.000000 0.000000 0.033791 0.056509 -0.943913
    40 0.779604 0.000001 0.000000 0.038833 0.124038 0.218150
    41 2.908730 0.220541 0.432493 -0.312825 -0.064540 -0.854119
    42 1.597527 0.000000 0.000000 0.020338 0.043857 -0.899809
    43 0.912678 0.000000 0.000000 -0.002548 -0.008289 0.256412
    44 3.265471 0.051184 -0.415600 -0.320176 -0.091421 -0.907618
    45 1.860470 0.000000 0.000000 0.051611 0.064235 -1.000517
    46 1.061485 0.000000 0.000000 -0.004037 -0.029426 0.237782
    47 3.340403 -0.238762 -1.285691 -0.315698 -0.062609 -0.887483
    48 1.550755 0.000000 0.000000 -0.061667 -0.075946 -1.019680
    49 0.904886 0.000001 0.000000 -0.001669 -0.026281 0.159649
    50 1.219410 -1.061498 -0.840143 -1.725617 0.534025 -0.029356
    51 1.496971 0.000002 0.000000 0.141600 0.113297 -0.458891
    52 1.100088 0.000000 0.000000 -0.031342 0.025865 -0.596322
    53 -25.031250 -18.359375 -9.273438 2.753216 0.514300 1.540471
    54 0.000000 0.000000 0.000000 -0.077030 -0.068757 -1.299215
    55 7.054213 0.000000 0.000000 0.000000 0.000000 0.000000
    56 0.000000 -0.000007 -0.000031 1.373047 0.113574 0.124314
    57 0.000000 -0.000007 -0.000031 1.373047 0.113574 0.124314
    58 2.856947 -1.536175 -0.973780 -1.501147 -0.272558 -1.578261
    59 0.000000 0.000000 10.000000 0.000000 0.000000 0.000000
    60 2.856899 -1.536201 -0.973800 -1.501147 -0.272558 -1.578261
    61 2.000000 -3.000000 0.000000 -1.570796 0.000000 -1.326450
    62 0.018896 0.665159 9.395880 0.000000 0.000000 0.000000
    63 3.028210 -0.923409 -2.009452 1.574082 -0.012974 1.587244
    64 0.116954 4.311606 0.061861 0.000010 0.000000 0.000000
    65 0.000000 -0.000002 0.000000 0.000000 0.000000 0.000000
    66 0.000000 1.000000 0.000010 0.000000 0.000000 0.000000
    67 -0.000001 0.000000 0.000000 0.000000 0.000000 0.000000
    68 -0.000001 0.000000 0.000000 0.000000 0.000000 0.000000
    69 -0.000001 0.000000 0.000000 0.000000 0.000000 0.000000
time 110
    0 -6.136719 -7.445313 26.453125 1.723343 0.025249 0.802677
    1 3.455587 0.000000 0.000000 -1.731057 -0.325581 -1.499608
    2 16.572346 0.000000 0.000000 0.000000 0.000000 0.681811
    3 16.265829 0.000000 0.000000 -0.403308 -0.150390 -0.799871
    4 5.046457 0.000000 0.000000 0.009890 -0.018743 -0.443574
    5 -3.455587 0.000000 0.000000 -1.534726 -0.339132 -1.733103
    6 16.572346 0.000000 0.000000 0.000000 0.000000 0.301818
    7 16.265831 0.000000 0.000000 0.260744 -0.186758 -0.716083
    8 5.046457 0.000000 0.000000 -0.100152 0.015028 -0.394945
    9 0.000000 3.703728 0.293189 1.547122 -0.169872 1.542808
    10 3.307846 0.000000 0.000000 -0.023490 -0.012693 -0.144500
    11 3.297962 0.000000 0.000000 -0.025632 0.016227 -0.159407
    12 6.040985 0.000000 0.000000 -0.015843 0.046326 0.277805
    13 5.065758 0.000000 0.000000 2.775698 0.022701 -0.101957
    14 3.993755 0.000000 0.000000 -0.345582 0.052051 0.969466
    15 3.815876 1.385489 1.500000 -1.706183 -0.870517 0.069707
    16 4.327093 0.000004 0.000000 3.126532 -0.087690 0.834169
    17 11.105114 0.000000 0.000000 0.000000 0.000000 -0.276868
    18 9.862099 -0.000011 -0.000031 0.744234 -0.407336 0.147639
    19 2.641094 0.214619 -1.073586 0.343640 0.190540 -0.806457
    20 1.361605 -0.000002 0.000000 -0.033852 -0.056532 -1.168171
    21 0.779602 0.000002 0.000000 -0.038792 -0.123973 0.252811
    22 2.908712 0.221762 -0.431868 0.315656 0.064476 -0.893331
    23 1.597527 0.000001 0.000000 -0.020331 -0.043837 -1.158634
    24 0.912680 0.000001 0.000000 0.002529 0.008221 0.233624
    25 3.265450 0.050007 0.415744 0.322996 0.091423 -1.049966
    26 1.860470 0.000000 0.000000 -0.051601 -0.064213 -1.194101
    27 1.061481 -0.000001 0.000000 0.004104 0.029474 0.404443
    28 3.340382 -0.242393 1.285012 0.318526 0.062572 -1.131184
    29 1.550753 0.000001 0.000000 0.061672 0.075949 -1.038656
    30 0.904888 0.000001 0.000000 0.001693 0.026264 0.279791
    31 1.219385 -1.063860 0.837143 1.700710 -0.490026 -0.201183
    32 1.496971 -0.000002 -0.000001 -0.211499 -0.093020 -0.524662
    33 1.100086 0.000000 0.000000 0.034391 -0.021604 -0.723527
    34 3.815876 1.385489 -1.500000 0.978244 0.978229 -0.838681
    35 4.327089 -0.000004 0.000000 3.001867 0.076409 0.724221
    36 11.105106 0.000000 0.000004 0.000000 0.000000 -0.589832
    37 9.862080 -0.000007 0.000017 -1.406875 -0.069538 0.283512
    38 2.641111 0.211586 1.074188 -0.340778 -0.190504 -0.713994
    39 1.361601 0.000000 0.000000 0.033791 0.056509 -0.943913
    40 0.779604 0.000001 0.000000 0.038833 0.124038 0.218150
    41 2.908730 0.220541 0.432493 -0.312825 -0.064540 -0.854119
    42 1.597527 0.000000 0.000000 0.020338 0.043857 -0.899809
    43 0.912678 0.000000 0.000000 -0.002548 -0.008289 0.256412
    44 3.265471 0.051184 -0.415600 -0.320176 -0.091421 -0.907618
    45 1.860470 0.000000 0.000000 0.051611 0.064235 -1.000517
    46 1.061485 0.000000 0.000000 -0.004037 -0.029426 0.237782
    47 3.340403 -0.238762 -1.285691 -0.315698 -0.062609 -0.887483
    48 1.550755 0.000000 0.000000 -0.061667 -0.075946 -1.019680
    49 0.904886 0.000001 0.000000 -0.001669 -0.026281 0.159649
    50 1.219410 -1.061498 -0.840143 -1.725617 0.534025 -0.029356
    51 1.496971 0.000002 0.000000 0.141600 0.113297 -0.458891
    52 1.100088 0.000000 0.000000 -0.031342 0.025865 -0.596322
    53 -24.015625 -20.156250 -6.613281 2.739242 0.551613 1.534974
    54 0.000000 0.000000 0.000000 -0.077030 -0.068757 -1.299215
    55 7.054213 0.000000 0.000000 0.000000 0.000000 0.000000
    56 0.000000 -0.000007 -0.000031 1.373047 0.113574 0.124314
    57 0.000000 -0.000007 -0.000031 1.373047 0.113574 0.124314
    58 2.856947 -1.536175 -0.973780 -1.501147 -0.272558 -1.578261
    59 0.000000 0.000000 10.000000 0.000000 0.000000 0.000000
    60 2.856899 -1.536201 -0.973800 -1.501147 -0.272558 -1.578261
    61 2.000000 -3.000000 0.000000 -1.570796 0.000000 -1.326450
    62 0.018896 0.665159 9.395880 0.000000 0.000000 0.000000
    63 3.028210 -0.923409 -2.009452 1.574082 -0.012974 1.587244
    64 0.116954 4.311606 0.061861 0.000010 0.000000 0.000000
    65 0.000000 -0.000002 0.000000 0.000000 0.000000 0.000000
    66 0.000000 1.000000 0.000010 0.000000 0.000000 0.000000
    67 -0.000001 0.000000 0.000000 0.000000 0.000000 0.000000
    68 -0.000001 0.000000 0.000000 0.000000 0.000000 0.000000
    69 -0.000001 0.000000 0.000000 0.000000 0.000000 0.000000
time 111
    0 -6.187500 -7.406250 26.515625 1.730046 0.020918 0.814236
    1 3.455587 0.000000 0.000000 -1.760329 -0.366352 -1.499775
    2 16.572346 0.000000 0.000000 0.000000 0.000000 0.743436
    3 16.265829 0.000000 0.000000 -0.428319 -0.137359 -0.805869
    4 5.046457 0.000000 0.000000 0.009835 -0.018773 -0.437646
    5 -3.455587 0.000000 0.000000 -1.536111 -0.337283 -1.753402
    6 16.572346 0.000000 0.000000 0.000000 0.000000 0.348358
    7 16.265831 0.000000 0.000000 0.260845 -0.187165 -0.730030
    8 5.046457 0.000000 0.000000 -0.100143 0.014979 -0.379705
    9 0.000000 3.703728 0.293189 1.548454 -0.164343 1.539354
    10 3.307846 0.000000 0.000000 -0.022138 -0.014362 -0.147606
    11 3.297962 0.000000 0.000000 -0.024485 0.017009 -0.159666
    12 6.040985 0.000000 0.000000 -0.014340 0.047523 0.279054
    13 5.065758 0.000000 0.000000 2.772475 0.025139 -0.102656
    14 3.993755 0.000000 0.000000 -0.349439 0.048969 0.973209
    15 3.815876 1.385489 1.500000 -1.711149 -0.880611 0.084872
    16 4.327093 0.000004 0.000000 -3.141582 -0.079724 0.850468
    17 11.105114 0.000000 0.000000 0.000000 0.000000 -0.279308
    18 9.862099 -0.000011 -0.000031 0.724265 -0.406873 0.157561
    19 2.641094 0.214619 -1.073586 0.343640 0.190540 -0.806457
    20 1.361605 -0.000002 0.000000 -0.033852 -0.056532 -1.168171
    21 0.779602 0.000002 0.000000 -0.038792 -0.123973 0.252811
    22 2.908712 0.221762 -0.431868 0.315656 0.064476 -0.893331
    23 1.597527 0.000001 0.000000 -0.020331 -0.043837 -1.158634
    24 0.912680 0.000001 0.000000 0.002529 0.008221 0.233624
    25 3.265450 0.050007 0.415744 0.322996 0.091423 -1.049966
    26 1.860470 0.000000 0.000000 -0.051601 -0.064213 -1.194101
    27 1.061481 -0.000001 0.000000 0.004104 0.029474 0.404443
    28 3.340382 -0.242393 1.285012 0.318526 0.062572 -1.131184
    29 1.550753 0.000001 0.000000 0.061672 0.075949 -1.038656
    30 0.904888 0.000001 0.000000 0.001693 0.026264 0.279791
    31 1.219385 -1.063860 0.837143 1.700710 -0.490026 -0.201183
    32 1.496971 -0.000002 -0.000001 -0.211499 -0.093020 -0.524662
    33 1.100086 0.000000 0.000000 0.034391 -0.021604 -0.723527
    34 3.815876 1.385489 -1.500000 0.970267 0.986487 -0.840045
    35 4.327089 -0.000004 0.000000 2.988549 0.061452 0.731064
    36 11.105106 0.000000 0.000004 0.000000 0.000000 -0.598951
    37 9.862080 -0.000007 0.000017 -1.413778 -0.070543 0.296421
    38 2.641111 0.211586 1.074188 -0.340778 -0.190504 -0.713994
    39 1.361601 0.000000 0.000000 0.033791 0.056509 -0.943913
    40 0.779604 0.000001 0.000000 0.038833 0.124038 0.218150
    41 2.908730 0.220541 0.432493 -0.312825 -0.064540 -0.854119
    42 1.597527 0.000000 0.000000 0.020338 0.043857 -0.899809
    43 0.912678 0.000000 0.000000 -0.002548 -0.008289 0.256412
    44 3.265471 0.051184 -0.415600 -0.320176 -0.091421 -0.907618
    45 1.860470 0.000000 0.000000 0.051611 0.064235 -1.000517
    46 1.061485 0.000000 0.000000 -0.004037 -0.029426 0.237782
    47 3.340403 -0.238762 -1.285691 -0.315698 -0.062609 -0.887483
    48 1.550755 0.000000 0.000000 -0.061667 -0.075946 -1.019680
    49 0.904886 0.000001 0.000000 -0.001669 -0.026281 0.159649
    50 1.219410 -1.061498 -0.840143 -1.725617 0.534025 -0.029356
    51 1.496971 0.000002 0.000000 0.141600 0.113297 -0.458891
    52 1.100088 0.000000 0.000000 -0.031342 0.025865 -0.596322
    53 -23.453125 -20.390625 -3.515625 2.727191 0.580934 1.532500
    54 0.000000 0.000000 0.000000 -0.077030 -0.068757 -1.299215
    55 7.054213 0.000000 0.000000 0.000000 0.000000 0.000000
    56 0.000000 -0.000007 -0.000031 1.373047 0.113574 0.124314
    57 0.000000 -0.000007 -0.000031 1.373047 0.113574 0.124314
    58 2.856947 -1.536175 -0.973780 -1.501147 -0.272558 -1.578261
    59 0.000000 0.000000 10.000000 0.000000 0.000000 0.000000
    60 2.856899 -1.536201 -0.973800 -1.501147 -0.272558 -1.578261
    61 2.000000 -3.000000 0.000000 -1.570796 0.000000 -1.326450
    62 0.018896 0.665159 9.395880 0.000000 0.000000 0.000000
    63 3.028210 -0.923409 -2.009452 1.574082 -0.012974 1.587244
    64 0.116954 4.311606 0.061861 0.000010 0.000000 0.000000
    65 0.000000 -0.000002 0.000000 0.000000 0.000000 0.000000
    66 0.000000 1.000000 0.000010 0.000000 0.000000 0.000000
    67 -0.000001 0.000000 0.000000 0.000000 0.000000 0.000000
    68 -0.000001 0.000000 0.000000 0.000000 0.000000 0.000000
    69 -0.000001 0.000000 0.000000 0.000000 0.000000 0.000000
time 112
    0 -6.207031 -7.382813 26.593750 1.736922 0.019853 0.823093
    1 3.455587 0.000000 0.000000 -1.794454 -0.413679 -1.495934
    2 16.572346 0.000000 0.000000 0.000000 0.000000 0.814358
    3 16.265829 0.000000 0.000000 -0.452207 -0.130715 -0.817194
    4 5.046457 0.000000 0.000000 0.009913 -0.018757 -0.436939
    5 -3.455587 0.000000 0.000000 -1.537278 -0.330817 -1.773869
    6 16.572346 0.000000 0.000000 0.000000 0.000000 0.402487
    7 16.265831 0.000000 0.000000 0.275298 -0.171130 -0.744577
    8 5.046457 0.000000 0.000000 -0.100157 0.015024 -0.369679
    9 0.000000 3.703728 0.293189 1.548689 -0.158492 1.539065
    10 3.307846 0.000000 0.000000 -0.021836 -0.014637 -0.150895
    11 3.297962 0.000000 0.000000 -0.024133 0.016951 -0.159576
    12 6.040985 0.000000 0.000000 -0.013937 0.046964 0.281071
    13 5.065758 0.000000 0.000000 2.774085 0.027967 -0.102533
    14 3.993755 0.000000 0.000000 -0.349150 0.044000 0.977089
    15 3.815876 1.385489 1.500000 -1.708877 -0.890922 0.091085
    16 4.327093 0.000004 0.000000 -3.132988 -0.075004 0.868984
    17 11.105114 0.000000 0.000000 0.000000 0.000000 -0.278088
    18 9.862099 -0.000011 -0.000031 0.707969 -0.411363 0.169968
    19 2.641094 0.214619 -1.073586 0.343640 0.190540 -0.806457
    20 1.361605 -0.000002 0.000000 -0.033852 -0.056532 -1.168171
    21 0.779602 0.000002 0.000000 -0.038792 -0.123973 0.252811
    22 2.908712 0.221762 -0.431868 0.315656 0.064476 -0.893331
    23 1.597527 0.000001 0.000000 -0.020331 -0.043837 -1.158634
    24 0.912680 0.000001 0.000000 0.002529 0.008221 0.233624
    25 3.265450 0.050007 0.415744 0.322996 0.091423 -1.049966
    26 1.860470 0.000000 0.000000 -0.051601 -0.064213 -1.194101
    27 1.061481 -0.000001 0.000000 0.004104 0.029474 0.404443
    28 3.340382 -0.242393 1.285012 0.318526 0.062572 -1.131184
    29 1.550753 0.000001 0.000000 0.061672 0.075949 -1.038656
    30 0.904888 0.000001 0.000000 0.001693 0.026264 0.279791
    31 1.219385 -1.063860 0.837143 1.700710 -0.490026 -0.201183
    32 1.496971 -0.000002 -0.000001 -0.211499 -0.093020 -0.524662
    33 1.100086 0.000000 0.000000 0.034391 -0.021604 -0.723527
    34 3.815876 1.385489 -1.500000 0.967741 0.999411 -0.837691
    35 4.327089 -0.000004 0.000000 2.957307 0.040768 0.740638
    36 11.105106 0.000000 0.000004 0.000000 0.000000 -0.602204
    37 9.862080 -0.000007 0.000017 -1.405743 -0.073778 0.299580
    38 2.641111 0.211586 1.074188 -0.340778 -0.190504 -0.713994
    39 1.361601 0.000000 0.000000 0.033791 0.056509 -0.943913
    40 0.779604 0.000001 0.000000 0.038833 0.124038 0.218150
    41 2.908730 0.220541 0.432493 -0.312825 -0.064540 -0.854119
    42 1.597527 0.000000 0.000000 0.020338 0.043857 -0.899809
    43 0.912678 0.000000 0.000000 -0.002548 -0.008289 0.256412
    44 3.265471 0.051184 -0.415600 -0.320176 -0.091421 -0.907618
    45 1.860470 0.000000 0.000000 0.051611 0.064235 -1.000517
    46 1.061485 0.000000 0.000000 -0.004037 -0.029426 0.237782
    47 3.340403 -0.238762 -1.285691 -0.315698 -0.062609 -0.887483
    48 1.550755 0.000000 0.000000 -0.061667 -0.075946 -1.019680
    49 0.904886 0.000001 0.000000 -0.001669 -0.026281 0.159649
    50 1.219410 -1.061498 -0.840143 -1.725617 0.534025 -0.029356
    51 1.496971 0.000002 0.000000 0.141600 0.113297 -0.458891
    52 1.100088 0.000000 0.000000 -0.031342 0.025865 -0.596322
    53 -23.562500 -18.796875 -0.905273 2.717046 0.601143 1.530073
    54 0.000000 0.000000 0.000000 -0.077030 -0.068757 -1.299215
    55 7.054213 0.000000 0.000000 0.000000 0.000000 0.000000
    56 0.000000 -0.000007 -0.000031 1.373047 0.113574 0.124314
    57 0.000000 -0.000007 -0.000031 1.373047 0.113574 0.124314
    58 2.856947 -1.536175 -0.973780 -1.501147 -0.272558 -1.578261
    59 0.000000 0.000000 10.000000 0.000000 0.000000 0.000000
    60 2.856899 -1.536201 -0.973800 -1.501147 -0.272558 -1.578261
    61 2.000000 -3.000000 0.000000 -1.570796 0.000000 -1.326450
    62 0.018896 0.665159 9.395880 0.000000 0.000000 0.000000
    63 3.028210 -0.923409 -2.009452 1.574082 -0.012974 1.587244
    64 0.116954 4.311606 0.061861 0.000010 0.000000 0.000000
    65 0.000000 -0.000002 0.000000 0.000000 0.000000 0.000000
    66 0.000000 1.000000 0.000010 0.000000 0.000000 0.000000
    67 -0.000001 0.000000 0.000000 0.000000 0.000000 0.000000
    68 -0.000001 0.000000 0.000000 0.000000 0.000000 0.000000
    69 -0.000001 0.000000 0.000000 0.000000 0.000000 0.000000
time 113
    0 -6.191406 -7.375000 26.671875 1.743628 0.022399 0.827687
    1 3.455587 0.000000 0.000000 -1.820353 -0.467183 -1.490536
    2 16.572346 0.000000 0.000000 0.000000 0.000000 0.894704
    3 16.265829 0.000000 0.000000 -0.501282 -0.130109 -0.839356
    4 5.046457 0.000000 0.000000 0.009876 -0.018777 -0.433049
    5 -3.455587 0.000000 0.000000 -1.538579 -0.320177 -1.793553
    6 16.572346 0.000000 0.000000 0.000000 0.000000 0.459221
    7 16.265831 0.000000 0.000000 0.292571 -0.141731 -0.759503
    8 5.046457 0.000000 0.000000 -0.100213 0.015035 -0.372847
    9 0.000000 3.703728 0.293189 1.548534 -0.154321 1.540250
    10 3.307846 0.000000 0.000000 -0.021877 -0.013890 -0.153413
    11 3.297962 0.000000 0.000000 -0.024306 0.017971 -0.160023
    12 6.040985 0.000000 0.000000 -0.013736 0.048252 0.281856
    13 5.065758 0.000000 0.000000 2.779001 0.030081 -0.105267
    14 3.993755 0.000000 0.000000 -0.345847 0.039993 0.983183
    15 3.815876 1.385489 1.500000 -1.709271 -0.903410 0.094726
    16 4.327093 0.000004 0.000000 -3.128875 -0.073043 0.878544
    17 11.105114 0.000000 0.000000 0.000000 0.000000 -0.288988
    18 9.862099 -0.000011 -0.000031 0.699395 -0.415189 0.179462
    19 2.641094 0.214619 -1.073586 0.343640 0.190540 -0.806457
    20 1.361605 -0.000002 0.000000 -0.033852 -0.056532 -1.168171
    21 0.779602 0.000002 0.000000 -0.038792 -0.123973 0.252811
    22 2.908712 0.221762 -0.431868 0.315656 0.064476 -0.893331
    23 1.597527 0.000001 0.000000 -0.020331 -0.043837 -1.158634
    24 0.912680 0.000001 0.000000 0.002529 0.008221 0.233624
    25 3.265450 0.050007 0.415744 0.322996 0.091423 -1.049966
    26 1.860470 0.000000 0.000000 -0.051601 -0.064213 -1.194101
    27 1.061481 -0.000001 0.000000 0.004104 0.029474 0.404443
    28 3.340382 -0.242393 1.285012 0.318526 0.062572 -1.131184
    29 1.550753 0.000001 0.000000 0.061672 0.075949 -1.038656
    30 0.904888 0.000001 0.000000 0.001693 0.026264 0.279791
    31 1.219385 -1.063860 0.837143 1.700710 -0.490026 -0.201183
    32 1.496971 -0.000002 -0.000001 -0.211499 -0.093020 -0.524662
    33 1.100086 0.000000 0.000000 0.034391 -0.021604 -0.723527
    34 3.815876 1.385489 -1.500000 0.965313 1.009692 -0.837360
    35 4.327089 -0.000004 0.000000 2.951092 0.028568 0.744989
    36 11.105106 0.000000 0.000004 0.000000 0.000000 -0.611340
    37 9.862080 -0.000007 0.000017 -1.407027 -0.077085 0.307733
    38 2.641111 0.211586 1.074188 -0.340778 -0.190504 -0.713994
    39 1.361601 0.000000 0.000000 0.033791 0.056509 -0.943913
    40 0.779604 0.000001 0.000000 0.038833 0.124038 0.218150
    41 2.908730 0.220541 0.432493 -0.312825 -0.064540 -0.854119
    42 1.597527 0.000000 0.000000 0.020338 0.043857 -0.899809
    43 0.912678 0.000000 0.000000 -0.002548 -0.008289 0.256412
    44 3.265471 0.051184 -0.415600 -0.320176 -0.091421 -0.907618
    45 1.860470 0.000000 0.000000 0.051611 0.064235 -1.000517
    46 1.061485 0.000000 0.000000 -0.004037 -0.029426 0.237782
    47 3.340403 -0.238762 -1.285691 -0.315698 -0.062609 -0.887483
    48 1.550755 0.000000 0.000000 -0.061667 -0.075946 -1.019680
    49 0.904886 0.000001 0.000000 -0.001669 -0.026281 0.159649
    50 1.219410 -1.061498 -0.840143 -1.725617 0.534025 -0.029356
    51 1.496971 0.000002 0.000000 0.141600 0.113297 -0.458891
    52 1.100088 0.000000 0.000000 -0.031342 0.025865 -0.596322
    53 -23.921875 -16.796875 0.692871 2.712742 0.609810 1.535373
    54 0.000000 0.000000 0.000000 -0.077030 -0.068757 -1.299215
    55 7.054213 0.000000 0.000000 0.000000 0.000000 0.000000
    56 0.000000 -0.000007 -0.000031 1.373047 0.113574 0.124314
    57 0.000000 -0.000007 -0.000031 1.373047 0.113574 0.124314
    58 2.856947 -1.536175 -0.973780 -1.501147 -0.272558 -1.578261
    59 0.000000 0.000000 10.000000 0.000000 0.000000 0.000000
    60 2.856899 -1.536201 -0.973800 -1.501147 -0.272558 -1.578261
    61 2.000000 -3.000000 0.000000 -1.570796 0.000000 -1.326450
    62 0.018896 0.665159 9.395880 0.000000 0.000000 0.000000
    63 3.028210 -0.923409 -2.009452 1.574082 -0.012974 1.587244
    64 0.116954 4.311606 0.061861 0.000010 0.000000 0.000000
    65 0.000000 -0.000002 0.000000 0.000000 0.000000 0.000000
    66 0.000000 1.000000 0.000010 0.000000 0.000000 0.000000
    67 -0.000001 0.000000 0.000000 0.000000 0.000000 0.000000
    68 -0.000001 0.000000 0.000000 0.000000 0.000000 0.000000
    69 -0.000001 0.000000 0.000000 0.000000 0.000000 0.000000
time 114
    0 -6.183594 -7.378906 26.718750 1.749388 0.027696 0.826752
    1 3.455587 0.000000 0.000000 -1.838599 -0.524636 -1.483344
    2 16.572346 0.000000 0.000000 0.000000 0.000000 0.977999
    3 16.265829 0.000000 0.000000 -0.563444 -0.124176 -0.858531
    4 5.046457 0.000000 0.000000 0.009883 -0.018773 -0.433756
    5 -3.455587 0.000000 0.000000 -1.535894 -0.307095 -1.812657
    6 16.572346 0.000000 0.000000 0.000000 0.000000 0.516067
    7 16.265831 0.000000 0.000000 0.315430 -0.104647 -0.778401
    8 5.046457 0.000000 0.000000 -0.100217 0.014985 -0.368447
    9 0.000000 3.703728 0.293189 1.548181 -0.153365 1.542672
    10 3.307846 0.000000 0.000000 -0.022309 -0.012721 -0.154289
    11 3.297962 0.000000 0.000000 -0.024635 0.017678 -0.160629
    12 6.040985 0.000000 0.000000 -0.014264 0.047017 0.281674
    13 5.065758 0.000000 0.000000 2.788296 0.035528 -0.110846
    14 3.993755 0.000000 0.000000 -0.339987 0.032625 0.990627
    15 3.815876 1.385489 1.500000 -1.712131 -0.909280 0.098239
    16 4.327093 0.000004 0.000000 -3.121591 -0.065526 0.891067
    17 11.105114 0.000000 0.000000 0.000000 0.000000 -0.294572
    18 9.862099 -0.000011 -0.000031 0.694909 -0.414018 0.190919
    19 2.641094 0.214619 -1.073586 0.343640 0.190540 -0.806457
    20 1.361605 -0.000002 0.000000 -0.033852 -0.056532 -1.168171
    21 0.779602 0.000002 0.000000 -0.038792 -0.123973 0.252811
    22 2.908712 0.221762 -0.431868 0.315656 0.064476 -0.893331
    23 1.597527 0.000001 0.000000 -0.020331 -0.043837 -1.158634
    24 0.912680 0.000001 0.000000 0.002529 0.008221 0.233624
    25 3.265450 0.050007 0.415744 0.322996 0.091423 -1.049966
    26 1.860470 0.000000 0.000000 -0.051601 -0.064213 -1.194101
    27 1.061481 -0.000001 0.000000 0.004104 0.029474 0.404443
    28 3.340382 -0.242393 1.285012 0.318526 0.062572 -1.131184
    29 1.550753 0.000001 0.000000 0.061672 0.075949 -1.038656
    30 0.904888 0.000001 0.000000 0.001693 0.026264 0.279791
    31 1.219385 -1.063860 0.837143 1.700710 -0.490026 -0.201183
    32 1.496971 -0.000002 -0.000001 -0.211499 -0.093020 -0.524662
    33 1.100086 0.000000 0.000000 0.034391 -0.021604 -0.723527
    34 3.815876 1.385489 -1.500000 0.955657 1.020894 -0.846560
    35 4.327089 -0.000004 0.000000 2.954398 0.022274 0.752837
    36 11.105106 0.000000 0.000004 0.000000 0.000000 -0.607178
    37 9.862080 -0.000007 0.000017 -1.408664 -0.080414 0.307650
    38 2.641111 0.211586 1.074188 -0.340778 -0.190504 -0.713994
    39 1.361601 0.000000 0.000000 0.033791 0.056509 -0.943913
    40 0.779604 0.000001 0.000000 0.038833 0.124038 0.218150
    41 2.908730 0.220541 0.432493 -0.312825 -0.064540 -0.854119
    42 1.597527 0.000000 0.000000 0.020338 0.043857 -0.899809
    43 0.912678 0.000000 0.000000 -0.002548 -0.008289 0.256412
    44 3.265471 0.051184 -0.415600 -0.320176 -0.091421 -0.907618
    45 1.860470 0.000000 0.000000 0.051611 0.064235 -1.000517
    46 1.061485 0.000000 0.000000 -0.004037 -0.029426 0.237782
    47 3.340403 -0.238762 -1.285691 -0.315698 -0.062609 -0.887483
    48 1.550755 0.000000 0.000000 -0.061667 -0.075946 -1.019680
    49 0.904886 0.000001 0.000000 -0.001669 -0.026281 0.159649
    50 1.219410 -1.061498 -0.840143 -1.725617 0.534025 -0.029356
    51 1.496971 0.000002 0.000000 0.141600 0.113297 -0.458891
    52 1.100088 0.000000 0.000000 -0.031342 0.025865 -0.596322
    53 -24.375000 -14.875000 1.810547 2.716490 0.613815 1.546538
    54 0.000000 0.000000 0.000000 -0.077030 -0.068757 -1.299215
    55 7.054213 0.000000 0.000000 0.000000 0.000000 0.000000
    56 0.000000 -0.000007 -0.000031 1.373047 0.113574 0.124314
    57 0.000000 -0.000007 -0.000031 1.373047 0.113574 0.124314
    58 2.856947 -1.536175 -0.973780 -1.501147 -0.272558 -1.578261
    59 0.000000 0.000000 10.000000 0.000000 0.000000 0.000000
    60 2.856899 -1.536201 -0.973800 -1.501147 -0.272558 -1.578261
    61 2.000000 -3.000000 0.000000 -1.570796 0.000000 -1.326450
    62 0.018896 0.665159 9.395880 0.000000 0.000000 0.000000
    63 3.028210 -0.923409 -2.009452 1.574082 -0.012974 1.587244
    64 0.116954 4.311606 0.061861 0.000010 0.000000 0.000000
    65 0.000000 -0.000002 0.000000 0.000000 0.000000 0.000000
    66 0.000000 1.000000 0.000010 0.000000 0.000000 0.000000
    67 -0.000001 0.000000 0.000000 0.000000 0.000000 0.000000
    68 -0.000001 0.000000 0.000000 0.000000 0.000000 0.000000
    69 -0.000001 0.000000 0.000000 0.000000 0.000000 0.000000
time 115
    0 -6.171875 -7.386719 26.765625 1.753607 0.034220 0.818653
    1 3.455587 0.000000 0.000000 -1.852168 -0.584686 -1.474917
    2 16.572346 0.000000 0.000000 0.000000 0.000000 1.058280
    3 16.265829 0.000000 0.000000 -0.601805 -0.110049 -0.862669
    4 5.046457 0.000000 0.000000 0.009841 -0.018769 -0.438265
    5 -3.455587 0.000000 0.000000 -1.535681 -0.292301 -1.830533
    6 16.572346 0.000000 0.000000 0.000000 0.000000 0.571362
    7 16.265831 0.000000 0.000000 0.345031 -0.061033 -0.795613
    8 5.046457 0.000000 0.000000 -0.100212 0.015016 -0.367833
    9 0.000000 3.703728 0.293189 1.548528 -0.155776 1.543020
    10 3.307846 0.000000 0.000000 -0.021996 -0.012342 -0.153515
    11 3.297962 0.000000 0.000000 -0.024554 0.018618 -0.162286
    12 6.040985 0.000000 0.000000 -0.013989 0.048171 0.278972
    13 5.065758 0.000000 0.000000 2.796077 0.039551 -0.115814
    14 3.993755 0.000000 0.000000 -0.334848 0.027007 0.997127
    15 3.815876 1.385489 1.500000 -1.719527 -0.909419 0.108630
    16 4.327093 0.000004 0.000000 -3.115151 -0.051009 0.891648
    17 11.105114 0.000000 0.000000 0.000000 0.000000 -0.306272
    18 9.862099 -0.000011 -0.000031 0.696410 -0.407882 0.197235
    19 2.641094 0.214619 -1.073586 0.343640 0.190540 -0.806457
    20 1.361605 -0.000002 0.000000 -0.033852 -0.056532 -1.168171
    21 0.779602 0.000002 0.000000 -0.038792 -0.123973 0.252811
    22 2.908712 0.221762 -0.431868 0.315656 0.064476 -0.893331
    23 1.597527 0.000001 0.000000 -0.020331 -0.043837 -1.158634
    24 0.912680 0.000001 0.000000 0.002529 0.008221 0.233624
    25 3.265450 0.050007 0.415744 0.322996 0.091423 -1.049966
    26 1.860470 0.000000 0.000000 -0.051601 -0.064213 -1.194101
    27 1.061481 -0.000001 0.000000 0.004104 0.029474 0.404443
    28 3.340382 -0.242393 1.285012 0.318526 0.062572 -1.131184
    29 1.550753 0.000001 0.000000 0.061672 0.075949 -1.038656
    30 0.904888 0.000001 0.000000 0.001693 0.026264 0.279791
    31 1.219385 -1.063860 0.837143 1.700710 -0.490026 -0.201183
    32 1.496971 -0.000002 -0.000001 -0.211499 -0.093020 -0.524662
    33 1.100086 0.000000 0.000000 0.034391 -0.021604 -0.723527
    34 3.815876 1.385489 -1.500000 0.939279 1.025140 -0.861331
    35 4.327089 -0.000004 0.000000 2.961253 0.021492 0.753571
    36 11.105106 0.000000 0.000004 0.000000 0.000000 -0.606454
    37 9.862080 -0.000007 0.000017 -1.406913 -0.079298 0.307314
    38 2.641111 0.211586 1.074188 -0.340778 -0.190504 -0.713994
    39 1.361601 0.000000 0.000000 0.033791 0.056509 -0.943913
    40 0.779604 0.000001 0.000000 0.038833 0.124038 0.218150
    41 2.908730 0.220541 0.432493 -0.312825 -0.064540 -0.854119
    42 1.597527 0.000000 0.000000 0.020338 0.043857 -0.899809
    43 0.912678 0.000000 0.000000 -0.002548 -0.008289 0.256412
    44 3.265471 0.051184 -0.415600 -0.320176 -0.091421 -0.907618
    45 1.860470 0.000000 0.000000 0.051611 0.064235 -1.000517
    46 1.061485 0.000000 0.000000 -0.004037 -0.029426 0.237782
    47 3.340403 -0.238762 -1.285691 -0.315698 -0.062609 -0.887483
    48 1.550755 0.000000 0.000000 -0.061667 -0.075946 -1.019680
    49 0.904886 0.000001 0.000000 -0.001669 -0.026281 0.159649
    50 1.219410 -1.061498 -0.840143 -1.725617 0.534025 -0.029356
    51 1.496971 0.000002 0.000000 0.141600 0.113297 -0.458891
    52 1.100088 0.000000 0.000000 -0.031342 0.025865 -0.596322
    53 -24.796875 -13.312500 2.644531 2.727197 0.610122 1.562491
    54 0.000000 0.000000 0.000000 -0.077030 -0.068757 -1.299215
    55 7.054213 0.000000 0.000000 0.000000 0.000000 0.000000
    56 0.000000 -0.000007 -0.000031 1.373047 0.113574 0.124314
    57 0.000000 -0.000007 -0.000031 1.373047 0.113574 0.124314
    58 2.856947 -1.536175 -0.973780 -1.501147 -0.272558 -1.578261
    59 0.000000 0.000000 10.000000 0.000000 0.000000 0.000000
    60 2.856899 -1.536201 -0.973800 -1.501147 -0.272558 -1.578261
    61 2.000000 -3.000000 0.000000 -1.570796 0.000000 -1.326450
    62 0.018896 0.665159 9.395880 0.000000 0.000000 0.000000
    63 3.028210 -0.923409 -2.009452 1.574082 -0.012974 1.587244
    64 0.116954 4.311606 0.061861 0.000010 0.000000 0.000000
    65 0.000000 -0.000002 0.000000 0.000000 0.000000 0.000000
    66 0.000000 1.000000 0.000010 0.000000 0.000000 0.000000
    67 -0.000001 0.000000 0.000000 0.000000 0.000000 0.000000
    68 -0.000001 0.000000 0.000000 0.000000 0.000000 0.000000
    69 -0.000001 0.000000 0.000000 0.000000 0.000000 0.000000
time 116
    0 -6.128906 -7.386719 26.796875 1.758559 0.040394 0.801909
    1 3.455587 0.000000 0.000000 -1.858527 -0.647669 -1.467059
    2 16.572346 0.000000 0.000000 0.000000 0.000000 1.133118
    3 16.265829 0.000000 0.000000 -0.617367 -0.076972 -0.865630
    4 5.046457 0.000000 0.000000 0.009859 -0.018786 -0.431192
    5 -3.455587 0.000000 0.000000 -1.530705 -0.279065 -1.851175
    6 16.572346 0.000000 0.000000 0.000000 0.000000 0.619946
    7 16.265831 0.000000 0.000000 0.363373 -0.018232 -0.802950
    8 5.046457 0.000000 0.000000 -0.100179 0.015046 -0.365549
    9 0.000000 3.703728 0.293189 1.549335 -0.158338 1.541466
    10 3.307846 0.000000 0.000000 -0.021199 -0.012619 -0.152824
    11 3.297962 0.000000 0.000000 -0.024269 0.021218 -0.164223
    12 6.040985 0.000000 0.000000 -0.012804 0.052161 0.276111
    13 5.065758 0.000000 0.000000 2.799136 0.039642 -0.121882
    14 3.993755 0.000000 0.000000 -0.332499 0.026627 1.003996
    15 3.815876 1.385489 1.500000 -1.737471 -0.913247 0.127372
    16 4.327093 0.000004 0.000000 -3.101832 -0.032101 0.894666
    17 11.105114 0.000000 0.000000 0.000000 0.000000 -0.315009
    18 9.862099 -0.000011 -0.000031 0.702463 -0.400237 0.201899
    19 2.641094 0.214619 -1.073586 0.343640 0.190540 -0.806457
    20 1.361605 -0.000002 0.000000 -0.033852 -0.056532 -1.168171
    21 0.779602 0.000002 0.000000 -0.038792 -0.123973 0.252811
    22 2.908712 0.221762 -0.431868 0.315656 0.064476 -0.893331
    23 1.597527 0.000001 0.000000 -0.020331 -0.043837 -1.158634
    24 0.912680 0.000001 0.000000 0.002529 0.008221 0.233624
    25 3.265450 0.050007 0.415744 0.322996 0.091423 -1.049966
    26 1.860470 0.000000 0.000000 -0.051601 -0.064213 -1.194101
    27 1.061481 -0.000001 0.000000 0.004104 0.029474 0.404443
    28 3.340382 -0.242393 1.285012 0.318526 0.062572 -1.131184
    29 1.550753 0.000001 0.000000 0.061672 0.075949 -1.038656
    30 0.904888 0.000001 0.000000 0.001693 0.026264 0.279791
    31 1.219385 -1.063860 0.837143 1.700710 -0.490026 -0.201183
    32 1.496971 -0.000002 -0.000001 -0.211499 -0.093020 -0.524662
    33 1.100086 0.000000 0.000000 0.034391 -0.021604 -0.723527
    34 3.815876 1.385489 -1.500000 0.925998 1.026305 -0.874915
    35 4.327089 -0.000004 0.000000 2.968040 0.021992 0.754856
    36 11.105106 0.000000 0.000004 0.000000 0.000000 -0.602475
    37 9.862080 -0.000007 0.000017 -1.401248 -0.078382 0.305807
    38 2.641111 0.211586 1.074188 -0.340778 -0.190504 -0.713994
    39 1.361601 0.000000 0.000000 0.033791 0.056509 -0.943913
    40 0.779604 0.000001 0.000000 0.038833 0.124038 0.218150
    41 2.908730 0.220541 0.432493 -0.312825 -0.064540 -0.854119
    42 1.597527 0.000000 0.000000 0.020338 0.043857 -0.899809
    43 0.912678 0.000000 0.000000 -0.002548 -0.008289 0.256412
    44 3.265471 0.051184 -0.415600 -0.320176 -0.091421 -0.907618
    45 1.860470 0.000000 0.000000 0.051611 0.064235 -1.000517
    46 1.061485 0.000000 0.000000 -0.004037 -0.029426 0.237782
    47 3.340403 -0.238762 -1.285691 -0.315698 -0.062609 -0.887483
    48 1.550755 0.000000 0.000000 -0.061667 -0.075946 -1.019680
    49 0.904886 0.000001 0.000000 -0.001669 -0.026281 0.159649
    50 1.219410 -1.061498 -0.840143 -1.725617 0.534025 -0.029356
    51 1.496971 0.000002 0.000000 0.141600 0.113297 -0.458891
    52 1.100088 0.000000 0.000000 -0.031342 0.025865 -0.596322
    53 -25.187500 -11.976563 3.355469 2.743531 0.602404 1.581198
    54 0.000000 0.000000 0.000000 -0.077030 -0.068757 -1.299215
    55 7.054213 0.000000 0.000000 0.000000 0.000000 0.000000
    56 0.000000 -0.000007 -0.000031 1.373047 0.113574 0.124314
    57 0.000000 -0.000007 -0.000031 1.373047 0.113574 0.124314
    58 2.856947 -1.536175 -0.973780 -1.501147 -0.272558 -1.578261
    59 0.000000 0.000000 10.000000 0.000000 0.000000 0.000000
    60 2.856899 -1.536201 -0.973800 -1.501147 -0.272558 -1.578261
    61 2.000000 -3.000000 0.000000 -1.570796 0.000000 -1.326450
    62 0.018896 0.665159 9.395880 0.000000 0.000000 0.000000
    63 3.028210 -0.923409 -2.009452 1.574082 -0.012974 1.587244
    64 0.116954 4.311606 0.061861 0.000010 0.000000 0.000000
    65 0.000000 -0.000002 0.000000 0.000000 0.000000 0.000000
    66 0.000000 1.000000 0.000010 0.000000 0.000000 0.000000
    67 -0.000001 0.000000 0.000000 0.000000 0.000000 0.000000
    68 -0.000001 0.000000 0.000000 0.000000 0.000000 0.000000
    69 -0.000001 0.000000 0.000000 0.000000 0.000000 0.000000
time 117
    0 -6.031250 -7.386719 26.828125 1.761192 0.046552 0.774771
    1 3.455587 0.000000 0.000000 -1.865971 -0.705542 -1.456600
    2 16.572346 0.000000 0.000000 0.000000 0.000000 1.200666
    3 16.265829 0.000000 0.000000 -0.621144 -0.032490 -0.875995
    4 5.046457 0.000000 0.000000 0.009835 -0.018730 -0.421652
    5 -3.455587 0.000000 0.000000 -1.520605 -0.264644 -1.876155
    6 16.572346 0.000000 0.000000 0.000000 0.000000 0.659778
    7 16.265831 0.000000 0.000000 0.378050 0.010139 -0.806921
    8 5.046457 0.000000 0.000000 -0.100181 0.015017 -0.360714
    9 0.000000 3.703728 0.293189 1.550750 -0.161769 1.539083
    10 3.307846 0.000000 0.000000 -0.019777 -0.013190 -0.151528
    11 3.297962 0.000000 0.000000 -0.023272 0.024571 -0.166246
    12 6.040985 0.000000 0.000000 -0.010598 0.057404 0.272846
    13 5.065758 0.000000 0.000000 2.799124 0.037109 -0.124864
    14 3.993755 0.000000 0.000000 -0.332048 0.029509 1.008202
    15 3.815876 1.385489 1.500000 -1.753213 -0.920949 0.146595
    16 4.327093 0.000004 0.000000 -3.089655 -0.011173 0.899448
    17 11.105114 0.000000 0.000000 0.000000 0.000000 -0.321829
    18 9.862099 -0.000011 -0.000031 0.713313 -0.392195 0.207892
    19 2.641094 0.214619 -1.073586 0.343640 0.190540 -0.806457
    20 1.361605 -0.000002 0.000000 -0.033852 -0.056532 -1.168171
    21 0.779602 0.000002 0.000000 -0.038792 -0.123973 0.252811
    22 2.908712 0.221762 -0.431868 0.315656 0.064476 -0.893331
    23 1.597527 0.000001 0.000000 -0.020331 -0.043837 -1.158634
    24 0.912680 0.000001 0.000000 0.002529 0.008221 0.233624
    25 3.265450 0.050007 0.415744 0.322996 0.091423 -1.049966
    26 1.860470 0.000000 0.000000 -0.051601 -0.064213 -1.194101
    27 1.061481 -0.000001 0.000000 0.004104 0.029474 0.404443
    28 3.340382 -0.242393 1.285012 0.318526 0.062572 -1.131184
    29 1.550753 0.000001 0.000000 0.061672 0.075949 -1.038656
    30 0.904888 0.000001 0.000000 0.001693 0.026264 0.279791
    31 1.219385 -1.063860 0.837143 1.700710 -0.490026 -0.201183
    32 1.496971 -0.000002 -0.000001 -0.211499 -0.093020 -0.524662
    33 1.100086 0.000000 0.000000 0.034391 -0.021604 -0.723527
    34 3.815876 1.385489 -1.500000 0.924831 1.025896 -0.876736
    35 4.327089 -0.000004 0.000000 2.968452 0.021728 0.752723
    36 11.105106 0.000000 0.000004 0.000000 0.000000 -0.597776
    37 9.862080 -0.000007 0.000017 -1.390167 -0.077828 0.301906
    38 2.641111 0.211586 1.074188 -0.340778 -0.190504 -0.713994
    39 1.361601 0.000000 0.000000 0.033791 0.056509 -0.943913
    40 0.779604 0.000001 0.000000 0.038833 0.124038 0.218150
    41 2.908730 0.220541 0.432493 -0.312825 -0.064540 -0.854119
    42 1.597527 0.000000 0.000000 0.020338 0.043857 -0.899809
    43 0.912678 0.000000 0.000000 -0.002548 -0.008289 0.256412
    44 3.265471 0.051184 -0.415600 -0.320176 -0.091421 -0.907618
    45 1.860470 0.000000 0.000000 0.051611 0.064235 -1.000517
    46 1.061485 0.000000 0.000000 -0.004037 -0.029426 0.237782
    47 3.340403 -0.238762 -1.285691 -0.315698 -0.062609 -0.887483
    48 1.550755 0.000000 0.000000 -0.061667 -0.075946 -1.019680
    49 0.904886 0.000001 0.000000 -0.001669 -0.026281 0.159649
    50 1.219410 -1.061498 -0.840143 -1.725617 0.534025 -0.029356
    51 1.496971 0.000002 0.000000 0.141600 0.113297 -0.458891
    52 1.100088 0.000000 0.000000 -0.031342 0.025865 -0.596322
    53 -25.515625 -10.890625 3.917969 2.762858 0.589270 1.600746
    54 0.000000 0.000000 0.000000 -0.077030 -0.068757 -1.299215
    55 7.054213 0.000000 0.000000 0.000000 0.000000 0.000000
    56 0.000000 -0.000007 -0.000031 1.373047 0.113574 0.124314
    57 0.000000 -0.000007 -0.000031 1.373047 0.113574 0.124314
    58 2.856947 -1.536175 -0.973780 -1.501147 -0.272558 -1.578261
    59 0.000000 0.000000 10.000000 0.000000 0.000000 0.000000
    60 2.856899 -1.536201 -0.973800 -1.501147 -0.272558 -1.578261
    61 2.000000 -3.000000 0.000000 -1.570796 0.000000 -1.326450
    62 0.018896 0.665159 9.395880 0.000000 0.000000 0.000000
    63 3.028210 -0.923409 -2.009452 1.574082 -0.012974 1.587244
    64 0.116954 4.311606 0.061861 0.000010 0.000000 0.000000
    65 0.000000 -0.000002 0.000000 0.000000 0.000000 0.000000
    66 0.000000 1.000000 0.000010 0.000000 0.000000 0.000000
    67 -0.000001 0.000000 0.000000 0.000000 0.000000 0.000000
    68 -0.000001 0.000000 0.000000 0.000000 0.000000 0.000000
    69 -0.000001 0.000000 0.000000 0.000000 0.000000 0.000000
time 118
    0 -5.882813 -7.410156 26.843750 1.762321 0.052662 0.737622
    1 3.455587 0.000000 0.000000 -1.874466 -0.757825 -1.443532
    2 16.572346 0.000000 0.000000 0.000000 0.000000 1.258899
    3 16.265829 0.000000 0.000000 -0.607263 0.013042 -0.893938
    4 5.046457 0.000000 0.000000 0.009889 -0.018728 -0.418387
    5 -3.455587 0.000000 0.000000 -1.509598 -0.252579 -1.903233
    6 16.572346 0.000000 0.000000 0.000000 0.000000 0.692997
    7 16.265831 0.000000 0.000000 0.378022 0.016335 -0.813788
    8 5.046457 0.000000 0.000000 -0.100214 0.015003 -0.368097
    9 0.000000 3.703728 0.293189 1.553112 -0.164054 1.535409
    10 3.307846 0.000000 0.000000 -0.017532 -0.014312 -0.150926
    11 3.297962 0.000000 0.000000 -0.021621 0.028421 -0.167570
    12 6.040985 0.000000 0.000000 -0.007451 0.062888 0.271367
    13 5.065758 0.000000 0.000000 2.796475 0.032415 -0.130265
    14 3.993755 0.000000 0.000000 -0.332872 0.035040 1.014300
    15 3.815876 1.385489 1.500000 -1.771057 -0.932404 0.169695
    16 4.327093 0.000004 0.000000 -3.076450 0.012581 0.908693
    17 11.105114 0.000000 0.000000 0.000000 0.000000 -0.326378
    18 9.862099 -0.000011 -0.000031 0.727572 -0.383075 0.212343
    19 2.641094 0.214619 -1.073586 0.343640 0.190540 -0.806457
    20 1.361605 -0.000002 0.000000 -0.033852 -0.056532 -1.168171
    21 0.779602 0.000002 0.000000 -0.038792 -0.123973 0.252811
    22 2.908712 0.221762 -0.431868 0.315656 0.064476 -0.893331
    23 1.597527 0.000001 0.000000 -0.020331 -0.043837 -1.158634
    24 0.912680 0.000001 0.000000 0.002529 0.008221 0.233624
    25 3.265450 0.050007 0.415744 0.322996 0.091423 -1.049966
    26 1.860470 0.000000 0.000000 -0.051601 -0.064213 -1.194101
    27 1.061481 -0.000001 0.000000 0.004104 0.029474 0.404443
    28 3.340382 -0.242393 1.285012 0.318526 0.062572 -1.131184
    29 1.550753 0.000001 0.000000 0.061672 0.075949 -1.038656
    30 0.904888 0.000001 0.000000 0.001693 0.026264 0.279791
    31 1.219385 -1.063860 0.837143 1.700710 -0.490026 -0.201183
    32 1.496971 -0.000002 -0.000001 -0.211499 -0.093020 -0.524662
    33 1.100086 0.000000 0.000000 0.034391 -0.021604 -0.723527
    34 3.815876 1.385489 -1.500000 0.931979 1.027850 -0.866862
    35 4.327089 -0.000004 0.000000 2.965048 0.016363 0.748600
    36 11.105106 0.000000 0.000004 0.000000 0.000000 -0.593713
    37 9.862080 -0.000007 0.000017 -1.375905 -0.077715 0.295541
    38 2.641111 0.211586 1.074188 -0.340778 -0.190504 -0.713994
    39 1.361601 0.000000 0.000000 0.033791 0.056509 -0.943913
    40 0.779604 0.000001 0.000000 0.038833 0.124038 0.218150
    41 2.908730 0.220541 0.432493 -0.312825 -0.064540 -0.854119
    42 1.597527 0.000000 0.000000 0.020338 0.043857 -0.899809
    43 0.912678 0.000000 0.000000 -0.002548 -0.008289 0.256412
    44 3.265471 0.051184 -0.415600 -0.320176 -0.091421 -0.907618
    45 1.860470 0.000000 0.000000 0.051611 0.064235 -1.000517
    46 1.061485 0.000000 0.000000 -0.004037 -0.029426 0.237782
    47 3.340403 -0.238762 -1.285691 -0.315698 -0.062609 -0.887483
    48 1.550755 0.000000 0.000000 -0.061667 -0.075946 -1.019680
    49 0.904886 0.000001 0.000000 -0.001669 -0.026281 0.159649
    50 1.219410 -1.061498 -0.840143 -1.725617 0.534025 -0.029356
    51 1.496971 0.000002 0.000000 0.141600 0.113297 -0.458891
    52 1.100088 0.000000 0.000000 -0.031342 0.025865 -0.596322
    53 -25.734375 -10.062500 4.359375 2.784909 0.571045 1.620724
    54 0.000000 0.000000 0.000000 -0.077030 -0.068757 -1.299215
    55 7.054213 0.000000 0.000000 0.000000 0.000000 0.000000
    56 0.000000 -0.000007 -0.000031 1.373047 0.113574 0.124314
    57 0.000000 -0.000007 -0.000031 1.373047 0.113574 0.124314
    58 2.856947 -1.536175 -0.973780 -1.501147 -0.272558 -1.578261
    59 0.000000 0.000000 10.000000 0.000000 0.000000 0.000000
    60 2.856899 -1.536201 -0.973800 -1.501147 -0.272558 -1.578261
    61 2.000000 -3.000000 0.000000 -1.570796 0.000000 -1.326450
    62 0.018896 0.665159 9.395880 0.000000 0.000000 0.000000
    63 3.028210 -0.923409 -2.009452 1.574082 -0.012974 1.587244
    64 0.116954 4.311606 0.061861 0.000010 0.000000 0.000000
    65 0.000000 -0.000002 0.000000 0.000000 0.000000 0.000000
    66 0.000000 1.000000 0.000010 0.000000 0.000000 0.000000
    67 -0.000001 0.000000 0.000000 0.000000 0.000000 0.000000
    68 -0.000001 0.000000 0.000000 0.000000 0.000000 0.000000
    69 -0.000001 0.000000 0.000000 0.000000 0.000000 0.000000
time 119
    0 -5.695313 -7.472656 26.859375 1.761465 0.058716 0.691826
    1 3.455587 0.000000 0.000000 -1.894950 -0.801730 -1.420774
    2 16.572346 0.000000 0.000000 0.000000 0.000000 1.307497
    3 16.265829 0.000000 0.000000 -0.573707 0.042033 -0.907349
    4 5.046457 0.000000 0.000000 0.009844 -0.018752 -0.413622
    5 -3.455587 0.000000 0.000000 -1.498319 -0.242395 -1.931098
    6 16.572346 0.000000 0.000000 0.000000 0.000000 0.719863
    7 16.265831 0.000000 0.000000 0.366065 0.009806 -0.822340
    8 5.046457 0.000000 0.000000 -0.100194 0.015025 -0.382173
    9 0.000000 3.703728 0.293189 1.556130 -0.164220 1.530394
    10 3.307846 0.000000 0.000000 -0.014436 -0.016329 -0.150932
    11 3.297962 0.000000 0.000000 -0.018998 0.032281 -0.167485
    12 6.040985 0.000000 0.000000 -0.003432 0.068362 0.272728
    13 5.065758 0.000000 0.000000 2.794180 0.028076 -0.138698
    14 3.993755 0.000000 0.000000 -0.333731 0.040131 1.023305
    15 3.815876 1.385489 1.500000 -1.795283 -0.945019 0.195288
    16 4.327093 0.000004 0.000000 -3.058976 0.035394 0.920787
    17 11.105114 0.000000 0.000000 0.000000 0.000000 -0.329090
    18 9.862099 -0.000011 -0.000031 0.744592 -0.371212 0.212901
    19 2.641094 0.214619 -1.073586 0.343640 0.190540 -0.806457
    20 1.361605 -0.000002 0.000000 -0.033852 -0.056532 -1.168171
    21 0.779602 0.000002 0.000000 -0.038792 -0.123973 0.252811
    22 2.908712 0.221762 -0.431868 0.315656 0.064476 -0.893331
    23 1.597527 0.000001 0.000000 -0.020331 -0.043837 -1.158634
    24 0.912680 0.000001 0.000000 0.002529 0.008221 0.233624
    25 3.265450 0.050007 0.415744 0.322996 0.091423 -1.049966
    26 1.860470 0.000000 0.000000 -0.051601 -0.064213 -1.194101
    27 1.061481 -0.000001 0.000000 0.004104 0.029474 0.404443
    28 3.340382 -0.242393 1.285012 0.318526 0.062572 -1.131184
    29 1.550753 0.000001 0.000000 0.061672 0.075949 -1.038656
    30 0.904888 0.000001 0.000000 0.001693 0.026264 0.279791
    31 1.219385 -1.063860 0.837143 1.700710 -0.490026 -0.201183
    32 1.496971 -0.000002 -0.000001 -0.211499 -0.093020 -0.524662
    33 1.100086 0.000000 0.000000 0.034391 -0.021604 -0.723527
    34 3.815876 1.385489 -1.500000 0.936134 1.034170 -0.863358
    35 4.327089 -0.000004 0.000000 2.956543 0.013698 0.751962
    36 11.105106 0.000000 0.000004 0.000000 0.000000 -0.584962
    37 9.862080 -0.000007 0.000017 -1.356725 -0.078363 0.286882
    38 2.641111 0.211586 1.074188 -0.340778 -0.190504 -0.713994
    39 1.361601 0.000000 0.000000 0.033791 0.056509 -0.943913
    40 0.779604 0.000001 0.000000 0.038833 0.124038 0.218150
    41 2.908730 0.220541 0.432493 -0.312825 -0.064540 -0.854119
    42 1.597527 0.000000 0.000000 0.020338 0.043857 -0.899809
    43 0.912678 0.000000 0.000000 -0.002548 -0.008289 0.256412
    44 3.265471 0.051184 -0.415600 -0.320176 -0.091421 -0.907618
    45 1.860470 0.000000 0.000000 0.051611 0.064235 -1.000517
    46 1.061485 0.000000 0.000000 -0.004037 -0.029426 0.237782
    47 3.340403 -0.238762 -1.285691 -0.315698 -0.062609 -0.887483
    48 1.550755 0.000000 0.000000 -0.061667 -0.075946 -1.019680
    49 0.904886 0.000001 0.000000 -0.001669 -0.026281 0.159649
    50 1.219410 -1.061498 -0.840143 -1.725617 0.534025 -0.029356
    51 1.496971 0.000002 0.000000 0.141600 0.113297 -0.458891
    52 1.100088 0.000000 0.000000 -0.031342 0.025865 -0.596322
    53 -25.796875 -9.507813 4.703125 2.809199 0.548821 1.640158
    54 0.000000 0.000000 0.000000 -0.077030 -0.068757 -1.299215
    55 7.054213 0.000000 0.000000 0.000000 0.000000 0.000000
    56 0.000000 -0.000007 -0.000031 1.373047 0.113574 0.124314
    57 0.000000 -0.000007 -0.000031 1.373047 0.113574 0.124314
    58 2.856947 -1.536175 -0.973780 -1.501147 -0.272558 -1.578261
    59 0.000000 0.000000 10.000000 0.000000 0.000000 0.000000
    60 2.856899 -1.536201 -0.973800 -1.501147 -0.272558 -1.578261
    61 2.000000 -3.000000 0.000000 -1.570796 0.000000 -1.326450
    62 0.018896 0.665159 9.395880 0.000000 0.000000 0.000000
    63 3.028210 -0.923409 -2.009452 1.574082 -0.012974 1.587244
    64 0.116954 4.311606 0.061861 0.000010 0.000000 0.000000
    65 0.000000 -0.000002 0.000000 0.000000 0.000000 0.000000
    66 0.000000 1.000000 0.000010 0.000000 0.000000 0.000000
    67 -0.000001 0.000000 0.000000 0.000000 0.000000 0.000000
    68 -0.000001 0.000000 0.000000 0.000000 0.000000 0.000000
    69 -0.000001 0.000000 0.000000 0.000000 0.000000 0.000000
time 120
    0 -5.484375 -7.574219 26.875000 1.757243 0.065963 0.637942
    1 3.455587 0.000000 0.000000 -1.934383 -0.831580 -1.381627
    2 16.572346 0.000000 0.000000 0.000000 0.000000 1.346285
    3 16.265829 0.000000 0.000000 -0.564285 0.060277 -0.917397
    4 5.046457 0.000000 0.000000 0.009861 -0.018743 -0.415386
    5 -3.455587 0.000000 0.000000 -1.484182 -0.233657 -1.959367
    6 16.572346 0.000000 0.000000 0.000000 0.000000 0.741490
    7 16.265831 0.000000 0.000000 0.345766 -0.008167 -0.837676
    8 5.046457 0.000000 0.000000 -0.100179 0.015005 -0.391684
    9 0.000000 3.703728 0.293189 1.560033 -0.164182 1.525129
    10 3.307846 0.000000 0.000000 -0.010656 -0.018208 -0.151126
    11 3.297962 0.000000 0.000000 -0.015776 0.036367 -0.166776
    12 6.040985 0.000000 0.000000 0.001492 0.073885 0.274584
    13 5.065758 0.000000 0.000000 2.792325 0.023742 -0.144656
    14 3.993755 0.000000 0.000000 -0.334165 0.045061 1.029816
    15 3.815876 1.385489 1.500000 -1.823694 -0.955834 0.221496
    16 4.327093 0.000004 0.000000 -3.042062 0.053268 0.928929
    17 11.105114 0.000000 0.000000 0.000000 0.000000 -0.332941
    18 9.862099 -0.000011 -0.000031 0.765622 -0.358499 0.210024
    19 2.641094 0.214619 -1.073586 0.343640 0.190540 -0.806457
    20 1.361605 -0.000002 0.000000 -0.033852 -0.056532 -1.168171
    21 0.779602 0.000002 0.000000 -0.038792 -0.123973 0.252811
    22 2.908712 0.221762 -0.431868 0.315656 0.064476 -0.893331
    23 1.597527 0.000001 0.000000 -0.020331 -0.043837 -1.158634
    24 0.912680 0.000001 0.000000 0.002529 0.008221 0.233624
    25 3.265450 0.050007 0.415744 0.322996 0.091423 -1.049966
    26 1.860470 0.000000 0.000000 -0.051601 -0.064213 -1.194101
    27 1.061481 -0.000001 0.000000 0.004104 0.029474 0.404443
    28 3.340382 -0.242393 1.285012 0.318526 0.062572 -1.131184
    29 1.550753 0.000001 0.000000 0.061672 0.075949 -1.038656
    30 0.904888 0.000001 0.000000 0.001693 0.026264 0.279791
    31 1.219385 -1.063860 0.837143 1.700710 -0.490026 -0.201183
    32 1.496971 -0.000002 -0.000001 -0.211499 -0.093020 -0.524662
    33 1.100086 0.000000 0.000000 0.034391 -0.021604 -0.723527
    34 3.815876 1.385489 -1.500000 0.943720 1.042425 -0.856497
    35 4.327089 -0.000004 0.000000 2.947517 0.013243 0.757415
    36 11.105106 0.000000 0.000004 0.000000 0.000000 -0.576313
    37 9.862080 -0.000007 0.000017 -1.334453 -0.080700 0.278025
    38 2.641111 0.211586 1.074188 -0.340778 -0.190504 -0.713994
    39 1.361601 0.000000 0.000000 0.033791 0.056509 -0.943913
    40 0.779604 0.000001 0.000000 0.038833 0.124038 0.218150
    41 2.908730 0.220541 0.432493 -0.312825 -0.064540 -0.854119
    42 1.597527 0.000000 0.000000 0.020338 0.043857 -0.899809
    43 0.912678 0.000000 0.000000 -0.002548 -0.008289 0.256412
    44 3.265471 0.051184 -0.415600 -0.320176 -0.091421 -0.907618
    45 1.860470 0.000000 0.000000 0.051611 0.064235 -1.000517
    46 1.061485 0.000000 0.000000 -0.004037 -0.029426 0.237782
    47 3.340403 -0.238762 -1.285691 -0.315698 -0.062609 -0.887483
    48 1.550755 0.000000 0.000000 -0.061667 -0.075946 -1.019680
    49 0.904886 0.000001 0.000000 -0.001669 -0.026281 0.159649
    50 1.219410 -1.061498 -0.840143 -1.725617 0.534025 -0.029356
    51 1.496971 0.000002 0.000000 0.141600 0.113297 -0.458891
    52 1.100088 0.000000 0.000000 -0.031342 0.025865 -0.596322
    53 -25.765625 -9.296875 4.933594 2.834461 0.518660 1.658377
    54 0.000000 0.000000 0.000000 -0.077030 -0.068757 -1.299215
    55 7.054213 0.000000 0.000000 0.000000 0.000000 0.000000
    56 0.000000 -0.000007 -0.000031 1.373047 0.113574 0.124314
    57 0.000000 -0.000007 -0.000031 1.373047 0.113574 0.124314
    58 2.856947 -1.536175 -0.973780 -1.501147 -0.272558 -1.578261
    59 0.000000 0.000000 10.000000 0.000000 0.000000 0.000000
    60 2.856899 -1.536201 -0.973800 -1.501147 -0.272558 -1.578261
    61 2.000000 -3.000000 0.000000 -1.570796 0.000000 -1.326450
    62 0.018896 0.665159 9.395880 0.000000 0.000000 0.000000
    63 3.028210 -0.923409 -2.009452 1.574082 -0.012974 1.587244
    64 0.116954 4.311606 0.061861 0.000010 0.000000 0.000000
    65 0.000000 -0.000002 0.000000 0.000000 0.000000 0.000000
    66 0.000000 1.000000 0.000010 0.000000 0.000000 0.000000
    67 -0.000001 0.000000 0.000000 0.000000 0.000000 0.000000
    68 -0.000001 0.000000 0.000000 0.000000 0.000000 0.000000
    69 -0.000001 0.000000 0.000000 0.000000 0.000000 0.000000
time 121
    0 -5.250000 -7.679688 26.890625 1.750175 0.071320 0.577851
    1 3.455587 0.000000 0.000000 -1.984104 -0.841191 -1.333944
    2 16.572346 0.000000 0.000000 0.000000 0.000000 1.363569
    3 16.265829 0.000000 0.000000 -0.585120 0.082142 -0.923583
    4 5.046457 0.000000 0.000000 0.009858 -0.018718 -0.424125
    5 -3.455587 0.000000 0.000000 -1.461238 -0.229543 -1.991084
    6 16.572346 0.000000 0.000000 0.000000 0.000000 0.761256
    7 16.265831 0.000000 0.000000 0.327396 -0.021848 -0.852899
    8 5.046457 0.000000 0.000000 -0.100206 0.014982 -0.388423
    9 0.000000 3.703728 0.293189 1.565648 -0.165336 1.518821
    10 3.307846 0.000000 0.000000 -0.005200 -0.020564 -0.150737
    11 3.297962 0.000000 0.000000 -0.011020 0.040928 -0.165506
    12 6.040985 0.000000 0.000000 0.008169 0.079769 0.277243
    13 5.065758 0.000000 0.000000 2.789442 0.020166 -0.155255
    14 3.993755 0.000000 0.000000 -0.335800 0.050481 1.038986
    15 3.815876 1.385489 1.500000 -1.857150 -0.962254 0.244551
    16 4.327093 0.000004 0.000000 -3.027454 0.066689 0.926423
    17 11.105114 0.000000 0.000000 0.000000 0.000000 -0.346780
    18 9.862099 -0.000011 -0.000031 0.790071 -0.348654 0.212010
    19 2.641094 0.214619 -1.073586 0.343640 0.190540 -0.806457
    20 1.361605 -0.000002 0.000000 -0.033852 -0.056532 -1.168171
    21 0.779602 0.000002 0.000000 -0.038792 -0.123973 0.252811
    22 2.908712 0.221762 -0.431868 0.315656 0.064476 -0.893331
    23 1.597527 0.000001 0.000000 -0.020331 -0.043837 -1.158634
    24 0.912680 0.000001 0.000000 0.002529 0.008221 0.233624
    25 3.265450 0.050007 0.415744 0.322996 0.091423 -1.049966
    26 1.860470 0.000000 0.000000 -0.051601 -0.064213 -1.194101
    27 1.061481 -0.000001 0.000000 0.004104 0.029474 0.404443
    28 3.340382 -0.242393 1.285012 0.318526 0.062572 -1.131184
    29 1.550753 0.000001 0.000000 0.061672 0.075949 -1.038656
    30 0.904888 0.000001 0.000000 0.001693 0.026264 0.279791
    31 1.219385 -1.063860 0.837143 1.700710 -0.490026 -0.201183
    32 1.496971 -0.000002 -0.000001 -0.211499 -0.093020 -0.524662
    33 1.100086 0.000000 0.000000 0.034391 -0.021604 -0.723527
    34 3.815876 1.385489 -1.500000 0.937026 1.047375 -0.867414
    35 4.327089 -0.000004 0.000000 2.953830 0.022339 0.768261
    36 11.105106 0.000000 0.000004 0.000000 0.000000 -0.568034
    37 9.862080 -0.000007 0.000017 -1.316368 -0.080658 0.269710
    38 2.641111 0.211586 1.074188 -0.340778 -0.190504 -0.713994
    39 1.361601 0.000000 0.000000 0.033791 0.056509 -0.943913
    40 0.779604 0.000001 0.000000 0.038833 0.124038 0.218150
    41 2.908730 0.220541 0.432493 -0.312825 -0.064540 -0.854119
    42 1.597527 0.000000 0.000000 0.020338 0.043857 -0.899809
    43 0.912678 0.000000 0.000000 -0.002548 -0.008289 0.256412
    44 3.265471 0.051184 -0.415600 -0.320176 -0.091421 -0.907618
    45 1.860470 0.000000 0.000000 0.051611 0.064235 -1.000517
    46 1.061485 0.000000 0.000000 -0.004037 -0.029426 0.237782
    47 3.340403 -0.238762 -1.285691 -0.315698 -0.062609 -0.887483
    48 1.550755 0.000000 0.000000 -0.061667 -0.075946 -1.019680
    49 0.904886 0.000001 0.000000 -0.001669 -0.026281 0.159649
    50 1.219410 -1.061498 -0.840143 -1.725617 0.534025 -0.029356
    51 1.496971 0.000002 0.000000 0.141600 0.113297 -0.458891
    52 1.100088 0.000000 0.000000 -0.031342 0.025865 -0.596322
    53 -25.562500 -9.570313 5.117188 2.859452 0.483461 1.680276
    54 0.000000 0.000000 0.000000 -0.077030 -0.068757 -1.299215
    55 7.054213 0.000000 0.000000 0.000000 0.000000 0.000000
    56 0.000000 -0.000007 -0.000031 1.373047 0.113574 0.124314
    57 0.000000 -0.000007 -0.000031 1.373047 0.113574 0.124314
    58 2.856947 -1.536175 -0.973780 -1.501147 -0.272558 -1.578261
    59 0.000000 0.000000 10.000000 0.000000 0.000000 0.000000
    60 2.856899 -1.536201 -0.973800 -1.501147 -0.272558 -1.578261
    61 2.000000 -3.000000 0.000000 -1.570796 0.000000 -1.326450
    62 0.018896 0.665159 9.395880 0.000000 0.000000 0.000000
    63 3.028210 -0.923409 -2.009452 1.574082 -0.012974 1.587244
    64 0.116954 4.311606 0.061861 0.000010 0.000000 0.000000
    65 0.000000 -0.000002 0.000000 0.000000 0.000000 0.000000
    66 0.000000 1.000000 0.000010 0.000000 0.000000 0.000000
    67 -0.000001 0.000000 0.000000 0.000000 0.000000 0.000000
    68 -0.000001 0.000000 0.000000 0.000000 0.000000 0.000000
    69 -0.000001 0.000000 0.000000 0.000000 0.000000 0.000000
time 122
    0 -4.964844 -7.773438 26.921875 1.741435 0.077589 0.512100
    1 3.455587 0.000000 0.000000 -2.040065 -0.827527 -1.281738
    2 16.572346 0.000000 0.000000 0.000000 0.000000 1.355577
    3 16.265829 0.000000 0.000000 -0.612516 0.095971 -0.918667
    4 5.046457 0.000000 0.000000 0.009849 -0.018723 -0.423153
    5 -3.455587 0.000000 0.000000 -1.425882 -0.233629 -2.023808
    6 16.572346 0.000000 0.000000 0.000000 0.000000 0.783809
    7 16.265831 0.000000 0.000000 0.322876 -0.023098 -0.864064
    8 5.046457 0.000000 0.000000 -0.100195 0.015020 -0.382261
    9 0.000000 3.703728 0.293189 1.571959 -0.168190 1.516575
    10 3.307846 0.000000 0.000000 0.001110 -0.020693 -0.148810
    11 3.297962 0.000000 0.000000 -0.004800 0.044042 -0.166429
    12 6.040985 0.000000 0.000000 0.014810 0.081639 0.275444
    13 5.065758 0.000000 0.000000 2.787030 0.017002 -0.164069
    14 3.993755 0.000000 0.000000 -0.337041 0.054127 1.047220
    15 3.815876 1.385489 1.500000 -1.890780 -0.968030 0.264803
    16 4.327093 0.000004 0.000000 -3.015741 0.072794 0.917229
    17 11.105114 0.000000 0.000000 0.000000 0.000000 -0.369853
    18 9.862099 -0.000011 -0.000031 0.819374 -0.340674 0.217483
    19 2.641094 0.214619 -1.073586 0.343640 0.190540 -0.806457
    20 1.361605 -0.000002 0.000000 -0.033852 -0.056532 -1.168171
    21 0.779602 0.000002 0.000000 -0.038792 -0.123973 0.252811
    22 2.908712 0.221762 -0.431868 0.315656 0.064476 -0.893331
    23 1.597527 0.000001 0.000000 -0.020331 -0.043837 -1.158634
    24 0.912680 0.000001 0.000000 0.002529 0.008221 0.233624
    25 3.265450 0.050007 0.415744 0.322996 0.091423 -1.049966
    26 1.860470 0.000000 0.000000 -0.051601 -0.064213 -1.194101
    27 1.061481 -0.000001 0.000000 0.004104 0.029474 0.404443
    28 3.340382 -0.242393 1.285012 0.318526 0.062572 -1.131184
    29 1.550753 0.000001 0.000000 0.061672 0.075949 -1.038656
    30 0.904888 0.000001 0.000000 0.001693 0.026264 0.279791
    31 1.219385 -1.063860 0.837143 1.700710 -0.490026 -0.201183
    32 1.496971 -0.000002 -0.000001 -0.211499 -0.093020 -0.524662
    33 1.100086 0.000000 0.000000 0.034391 -0.021604 -0.723527
    34 3.815876 1.385489 -1.500000 0.925996 1.050445 -0.880670
    35 4.327089 -0.000004 0.000000 2.972473 0.038800 0.778389
    36 11.105106 0.000000 0.000004 0.000000 0.000000 -0.565247
    37 9.862080 -0.000007 0.000017 -1.300712 -0.077308 0.264255
    38 2.641111 0.211586 1.074188 -0.340778 -0.190504 -0.713994
    39 1.361601 0.000000 0.000000 0.033791 0.056509 -0.943913
    40 0.779604 0.000001 0.000000 0.038833 0.124038 0.218150
    41 2.908730 0.220541 0.432493 -0.312825 -0.064540 -0.854119
    42 1.597527 0.000000 0.000000 0.020338 0.043857 -0.899809
    43 0.912678 0.000000 0.000000 -0.002548 -0.008289 0.256412
    44 3.265471 0.051184 -0.415600 -0.320176 -0.091421 -0.907618
    45 1.860470 0.000000 0.000000 0.051611 0.064235 -1.000517
    46 1.061485 0.000000 0.000000 -0.004037 -0.029426 0.237782
    47 3.340403 -0.238762 -1.285691 -0.315698 -0.062609 -0.887483
    48 1.550755 0.000000 0.000000 -0.061667 -0.075946 -1.019680
    49 0.904886 0.000001 0.000000 -0.001669 -0.026281 0.159649
    50 1.219410 -1.061498 -0.840143 -1.725617 0.534025 -0.029356
    51 1.496971 0.000002 0.000000 0.141600 0.113297 -0.458891
    52 1.100088 0.000000 0.000000 -0.031342 0.025865 -0.596322
    53 -25.234375 -10.250000 5.238281 2.883221 0.443178 1.704918
    54 0.000000 0.000000 0.000000 -0.077030 -0.068757 -1.299215
    55 7.054213 0.000000 0.000000 0.000000 0.000000 0.000000
    56 0.000000 -0.000007 -0.000031 1.373047 0.113574 0.124314
    57 0.000000 -0.000007 -0.000031 1.373047 0.113574 0.124314
    58 2.856947 -1.536175 -0.973780 -1.501147 -0.272558 -1.578261
    59 0.000000 0.000000 10.000000 0.000000 0.000000 0.000000
    60 2.856899 -1.536201 -0.973800 -1.501147 -0.272558 -1.578261
    61 2.000000 -3.000000 0.000000 -1.570796 0.000000 -1.326450
    62 0.018896 0.665159 9.395880 0.000000 0.000000 0.000000
    63 3.028210 -0.923409 -2.009452 1.574082 -0.012974 1.587244
    64 0.116954 4.311606 0.061861 0.000010 0.000000 0.000000
    65 0.000000 -0.000002 0.000000 0.000000 0.000000 0.000000
    66 0.000000 1.000000 0.000010 0.000000 0.000000 0.000000
    67 -0.000001 0.000000 0.000000 0.000000 0.000000 0.000000
    68 -0.000001 0.000000 0.000000 0.000000 0.000000 0.000000
    69 -0.000001 0.000000 0.000000 0.000000 0.000000 0.000000
time 123
    0 -4.613281 -7.882813 26.921875 1.728274 0.083156 0.437351
    1 3.455587 0.000000 0.000000 -2.089118 -0.784349 -1.237779
    2 16.572346 0.000000 0.000000 0.000000 0.000000 1.315557
    3 16.265829 0.000000 0.000000 -0.631439 0.110905 -0.901256
    4 5.046457 0.000000 0.000000 0.009833 -0.018784 -0.403395
    5 -3.455587 0.000000 0.000000 -1.383843 -0.245258 -2.058166
    6 16.572346 0.000000 0.000000 0.000000 0.000000 0.810505
    7 16.265831 0.000000 0.000000 0.328264 -0.012171 -0.871548
    8 5.046457 0.000000 0.000000 -0.100147 0.014985 -0.384988
    9 0.000000 3.703728 0.293189 1.577694 -0.172754 1.516287
    10 3.307846 0.000000 0.000000 0.006722 -0.019676 -0.146268
    11 3.297962 0.000000 0.000000 0.000265 0.047327 -0.167796
    12 6.040985 0.000000 0.000000 0.020704 0.084418 0.271725
    13 5.065758 0.000000 0.000000 2.788697 0.011200 -0.170735
    14 3.993755 0.000000 0.000000 -0.333331 0.058692 1.053569
    15 3.815876 1.385489 1.500000 -1.911722 -0.982129 0.268029
    16 4.327093 0.000004 0.000000 -3.014229 0.067298 0.899280
    17 11.105114 0.000000 0.000000 0.000000 0.000000 -0.405218
    18 9.862099 -0.000011 -0.000031 0.860941 -0.336004 0.230114
    19 2.641094 0.214619 -1.073586 0.343640 0.190540 -0.806457
    20 1.361605 -0.000002 0.000000 -0.033852 -0.056532 -1.168171
    21 0.779602 0.000002 0.000000 -0.038792 -0.123973 0.252811
    22 2.908712 0.221762 -0.431868 0.315656 0.064476 -0.893331
    23 1.597527 0.000001 0.000000 -0.020331 -0.043837 -1.158634
    24 0.912680 0.000001 0.000000 0.002529 0.008221 0.233624
    25 3.265450 0.050007 0.415744 0.322996 0.091423 -1.049966
    26 1.860470 0.000000 0.000000 -0.051601 -0.064213 -1.194101
    27 1.061481 -0.000001 0.000000 0.004104 0.029474 0.404443
    28 3.340382 -0.242393 1.285012 0.318526 0.062572 -1.131184
    29 1.550753 0.000001 0.000000 0.061672 0.075949 -1.038656
    30 0.904888 0.000001 0.000000 0.001693 0.026264 0.279791
    31 1.219385 -1.063860 0.837143 1.700710 -0.490026 -0.201183
    32 1.496971 -0.000002 -0.000001 -0.211499 -0.093020 -0.524662
    33 1.100086 0.000000 0.000000 0.034391 -0.021604 -0.723527
    34 3.815876 1.385489 -1.500000 0.934504 1.049589 -0.874085
    35 4.327089 -0.000004 0.000000 3.005939 0.064256 0.783555
    36 11.105106 0.000000 0.000004 0.000000 0.000000 -0.567045
    37 9.862080 -0.000007 0.000017 -1.290815 -0.071516 0.259924
    38 2.641111 0.211586 1.074188 -0.340778 -0.190504 -0.713994
    39 1.361601 0.000000 0.000000 0.033791 0.056509 -0.943913
    40 0.779604 0.000001 0.000000 0.038833 0.124038 0.218150
    41 2.908730 0.220541 0.432493 -0.312825 -0.064540 -0.854119
    42 1.597527 0.000000 0.000000 0.020338 0.043857 -0.899809
    43 0.912678 0.000000 0.000000 -0.002548 -0.008289 0.256412
    44 3.265471 0.051184 -0.415600 -0.320176 -0.091421 -0.907618
    45 1.860470 0.000000 0.000000 0.051611 0.064235 -1.000517
    46 1.061485 0.000000 0.000000 -0.004037 -0.029426 0.237782
    47 3.340403 -0.238762 -1.285691 -0.315698 -0.062609 -0.887483
    48 1.550755 0.000000 0.000000 -0.061667 -0.075946 -1.019680
    49 0.904886 0.000001 0.000000 -0.001669 -0.026281 0.159649
    50 1.219410 -1.061498 -0.840143 -1.725617 0.534025 -0.029356
    51 1.496971 0.000002 0.000000 0.141600 0.113297 -0.458891
    52 1.100088 0.000000 0.000000 -0.031342 0.025865 -0.596322
    53 -24.734375 -11.390625 5.265625 2.906468 0.390107 1.734118
    54 0.000000 0.000000 0.000000 -0.077030 -0.068757 -1.299215
    55 7.054213 0.000000 0.000000 0.000000 0.000000 0.000000
    56 0.000000 -0.000007 -0.000031 1.373047 0.113574 0.124314
    57 0.000000 -0.000007 -0.000031 1.373047 0.113574 0.124314
    58 2.856947 -1.536175 -0.973780 -1.501147 -0.272558 -1.578261
    59 0.000000 0.000000 10.000000 0.000000 0.000000 0.000000
    60 2.856899 -1.536201 -0.973800 -1.501147 -0.272558 -1.578261
    61 2.000000 -3.000000 0.000000 -1.570796 0.000000 -1.326450
    62 0.018896 0.665159 9.395880 0.000000 0.000000 0.000000
    63 3.028210 -0.923409 -2.009452 1.574082 -0.012974 1.587244
    64 0.116954 4.311606 0.061861 0.000010 0.000000 0.000000
    65 0.000000 -0.000002 0.000000 0.000000 0.000000 0.000000
    66 0.000000 1.000000 0.000010 0.000000 0.000000 0.000000
    67 -0.000001 0.000000 0.000000 0.000000 0.000000 0.000000
    68 -0.000001 0.000000 0.000000 0.000000 0.000000 0.000000
    69 -0.000001 0.000000 0.000000 0.000000 0.000000 0.000000
time 124
    0 -4.125000 -8.015625 26.906250 1.712070 0.088469 0.351426
    1 3.455587 0.000000 0.000000 -2.127218 -0.711680 -1.209866
    2 16.572346 0.000000 0.000000 0.000000 0.000000 1.240804
    3 16.265829 0.000000 0.000000 -0.630269 0.139971 -0.876327
    4 5.046457 0.000000 0.000000 0.009869 -0.018766 -0.407185
    5 -3.455587 0.000000 0.000000 -1.332973 -0.267877 -2.095001
    6 16.572346 0.000000 0.000000 0.000000 0.000000 0.842176
    7 16.265831 0.000000 0.000000 0.334806 0.010917 -0.869061
    8 5.046457 0.000000 0.000000 -0.100177 0.014981 -0.386749
    9 0.000000 3.703728 0.293189 1.584990 -0.171061 1.514385
    10 3.307846 0.000000 0.000000 0.013786 -0.018033 -0.146241
    11 3.297962 0.000000 0.000000 0.005938 0.056364 -0.164016
    12 6.040985 0.000000 0.000000 0.029687 0.095352 0.278370
    13 5.065758 0.000000 0.000000 2.794173 0.001927 -0.180605
    14 3.993755 0.000000 0.000000 -0.325220 0.067857 1.062259
    15 3.815876 1.385489 1.500000 -1.957705 -1.001521 0.290627
    16 4.327093 0.000004 0.000000 -3.017873 0.066018 0.875496
    17 11.105114 0.000000 0.000000 0.000000 0.000000 -0.446111
    18 9.862099 -0.000011 -0.000031 0.921682 -0.330057 0.245688
    19 2.641094 0.214619 -1.073586 0.343640 0.190540 -0.806457
    20 1.361605 -0.000002 0.000000 -0.033852 -0.056532 -1.168171
    21 0.779602 0.000002 0.000000 -0.038792 -0.123973 0.252811
    22 2.908712 0.221762 -0.431868 0.315656 0.064476 -0.893331
    23 1.597527 0.000001 0.000000 -0.020331 -0.043837 -1.158634
    24 0.912680 0.000001 0.000000 0.002529 0.008221 0.233624
    25 3.265450 0.050007 0.415744 0.322996 0.091423 -1.049966
    26 1.860470 0.000000 0.000000 -0.051601 -0.064213 -1.194101
    27 1.061481 -0.000001 0.000000 0.004104 0.029474 0.404443
    28 3.340382 -0.242393 1.285012 0.318526 0.062572 -1.131184
    29 1.550753 0.000001 0.000000 0.061672 0.075949 -1.038656
    30 0.904888 0.000001 0.000000 0.001693 0.026264 0.279791
    31 1.219385 -1.063860 0.837143 1.700710 -0.490026 -0.201183
    32 1.496971 -0.000002 -0.000001 -0.211499 -0.093020 -0.524662
    33 1.100086 0.000000 0.000000 0.034391 -0.021604 -0.723527
    34 3.815876 1.385489 -1.500000 0.949307 1.043532 -0.862375
    35 4.327089 -0.000004 0.000000 3.055216 0.092322 0.802487
    36 11.105106 0.000000 0.000004 0.000000 0.000000 -0.553930
    37 9.862080 -0.000007 0.000017 -1.283773 -0.066549 0.242263
    38 2.641111 0.211586 1.074188 -0.340778 -0.190504 -0.713994
    39 1.361601 0.000000 0.000000 0.033791 0.056509 -0.943913
    40 0.779604 0.000001 0.000000 0.038833 0.124038 0.218150
    41 2.908730 0.220541 0.432493 -0.312825 -0.064540 -0.854119
    42 1.597527 0.000000 0.000000 0.020338 0.043857 -0.899809
    43 0.912678 0.000000 0.000000 -0.002548 -0.008289 0.256412
    44 3.265471 0.051184 -0.415600 -0.320176 -0.091421 -0.907618
    45 1.860470 0.000000 0.000000 0.051611 0.064235 -1.000517
    46 1.061485 0.000000 0.000000 -0.004037 -0.029426 0.237782
    47 3.340403 -0.238762 -1.285691 -0.315698 -0.062609 -0.887483
    48 1.550755 0.000000 0.000000 -0.061667 -0.075946 -1.019680
    49 0.904886 0.000001 0.000000 -0.001669 -0.026281 0.159649
    50 1.219410 -1.061498 -0.840143 -1.725617 0.534025 -0.029356
    51 1.496971 0.000002 0.000000 0.141600 0.113297 -0.458891
    52 1.100088 0.000000 0.000000 -0.031342 0.025865 -0.596322
    53 -24.093750 -12.882813 5.218750 2.931568 0.317312 1.766528
    54 0.000000 0.000000 0.000000 -0.077030 -0.068757 -1.299215
    55 7.054213 0.000000 0.000000 0.000000 0.000000 0.000000
    56 0.000000 -0.000007 -0.000031 1.373047 0.113574 0.124314
    57 0.000000 -0.000007 -0.000031 1.373047 0.113574 0.124314
    58 2.856947 -1.536175 -0.973780 -1.501147 -0.272558 -1.578261
    59 0.000000 0.000000 10.000000 0.000000 0.000000 0.000000
    60 2.856899 -1.536201 -0.973800 -1.501147 -0.272558 -1.578261
    61 2.000000 -3.000000 0.000000 -1.570796 0.000000 -1.326450
    62 0.018896 0.665159 9.395880 0.000000 0.000000 0.000000
    63 3.028210 -0.923409 -2.009452 1.574082 -0.012974 1.587244
    64 0.116954 4.311606 0.061861 0.000010 0.000000 0.000000
    65 0.000000 -0.000002 0.000000 0.000000 0.000000 0.000000
    66 0.000000 1.000000 0.000010 0.000000 0.000000 0.000000
    67 -0.000001 0.000000 0.000000 0.000000 0.000000 0.000000
    68 -0.000001 0.000000 0.000000 0.000000 0.000000 0.000000
    69 -0.000001 0.000000 0.000000 0.000000 0.000000 0.000000
time 125
    0 -3.507813 -8.171875 26.890625 1.697154 0.092680 0.254954
    1 3.455587 0.000000 0.000000 -2.151544 -0.618647 -1.204047
    2 16.572346 0.000000 0.000000 0.000000 0.000000 1.126679
    3 16.265829 0.000000 0.000000 -0.579671 0.160615 -0.825159
    4 5.046457 0.000000 0.000000 0.009843 -0.018753 -0.413445
    5 -3.455587 0.000000 0.000000 -1.274337 -0.306179 -2.133421
    6 16.572346 0.000000 0.000000 0.000000 0.000000 0.876360
    7 16.265831 0.000000 0.000000 0.333002 0.033135 -0.855950
    8 5.046457 0.000000 0.000000 -0.100227 0.014967 -0.379618
    9 0.000000 3.703728 0.293189 1.593074 -0.165638 1.515244
    10 3.307846 0.000000 0.000000 0.021827 -0.014133 -0.148438
    11 3.297962 0.000000 0.000000 0.012559 0.066928 -0.160326
    12 6.040985 0.000000 0.000000 0.040406 0.107125 0.285779
    13 5.065758 0.000000 0.000000 2.799955 -0.011348 -0.188163
    14 3.993755 0.000000 0.000000 -0.314590 0.078712 1.067553
    15 3.815876 1.385489 1.500000 -2.008019 -1.033167 0.320999
    16 4.327093 0.000004 0.000000 -3.055516 0.056651 0.852917
    17 11.105114 0.000000 0.000000 0.000000 0.000000 -0.492621
    18 9.862099 -0.000011 -0.000031 1.009787 -0.319450 0.254649
    19 2.641094 0.214619 -1.073586 0.343640 0.190540 -0.806457
    20 1.361605 -0.000002 0.000000 -0.033852 -0.056532 -1.168171
    21 0.779602 0.000002 0.000000 -0.038792 -0.123973 0.252811
    22 2.908712 0.221762 -0.431868 0.315656 0.064476 -0.893331
    23 1.597527 0.000001 0.000000 -0.020331 -0.043837 -1.158634
    24 0.912680 0.000001 0.000000 0.002529 0.008221 0.233624
    25 3.265450 0.050007 0.415744 0.322996 0.091423 -1.049966
    26 1.860470 0.000000 0.000000 -0.051601 -0.064213 -1.194101
    27 1.061481 -0.000001 0.000000 0.004104 0.029474 0.404443
    28 3.340382 -0.242393 1.285012 0.318526 0.062572 -1.131184
    29 1.550753 0.000001 0.000000 0.061672 0.075949 -1.038656
    30 0.904888 0.000001 0.000000 0.001693 0.026264 0.279791
    31 1.219385 -1.063860 0.837143 1.700710 -0.490026 -0.201183
    32 1.496971 -0.000002 -0.000001 -0.211499 -0.093020 -0.524662
    33 1.100086 0.000000 0.000000 0.034391 -0.021604 -0.723527
    34 3.815876 1.385489 -1.500000 0.954626 1.032406 -0.852216
    35 4.327089 -0.000004 0.000000 3.117750 0.121904 0.832980
    36 11.105106 0.000000 0.000004 0.000000 0.000000 -0.533944
    37 9.862080 -0.000007 0.000017 -1.276064 -0.062358 0.215639
    38 2.641111 0.211586 1.074188 -0.340778 -0.190504 -0.713994
    39 1.361601 0.000000 0.000000 0.033791 0.056509 -0.943913
    40 0.779604 0.000001 0.000000 0.038833 0.124038 0.218150
    41 2.908730 0.220541 0.432493 -0.312825 -0.064540 -0.854119
    42 1.597527 0.000000 0.000000 0.020338 0.043857 -0.899809
    43 0.912678 0.000000 0.000000 -0.002548 -0.008289 0.256412
    44 3.265471 0.051184 -0.415600 -0.320176 -0.091421 -0.907618
    45 1.860470 0.000000 0.000000 0.051611 0.064235 -1.000517
    46 1.061485 0.000000 0.000000 -0.004037 -0.029426 0.237782
    47 3.340403 -0.238762 -1.285691 -0.315698 -0.062609 -0.887483
    48 1.550755 0.000000 0.000000 -0.061667 -0.075946 -1.019680
    49 0.904886 0.000001 0.000000 -0.001669 -0.026281 0.159649
    50 1.219410 -1.061498 -0.840143 -1.725617 0.534025 -0.029356
    51 1.496971 0.000002 0.000000 0.141600 0.113297 -0.458891
    52 1.100088 0.000000 0.000000 -0.031342 0.025865 -0.596322
    53 -23.234375 -14.789063 4.894531 2.956694 0.208315 1.801000
    54 0.000000 0.000000 0.000000 -0.077030 -0.068757 -1.299215
    55 7.054213 0.000000 0.000000 0.000000 0.000000 0.000000
    56 0.000000 -0.000007 -0.000031 1.373047 0.113574 0.124314
    57 0.000000 -0.000007 -0.000031 1.373047 0.113574 0.124314
    58 2.856947 -1.536175 -0.973780 -1.501147 -0.272558 -1.578261
    59 0.000000 0.000000 10.000000 0.000000 0.000000 0.000000
    60 2.856899 -1.536201 -0.973800 -1.501147 -0.272558 -1.578261
    61 2.000000 -3.000000 0.000000 -1.570796 0.000000 -1.326450
    62 0.018896 0.665159 9.395880 0.000000 0.000000 0.000000
    63 3.028210 -0.923409 -2.009452 1.574082 -0.012974 1.587244
    64 0.116954 4.311606 0.061861 0.000010 0.000000 0.000000
    65 0.000000 -0.000002 0.000000 0.000000 0.000000 0.000000
    66 0.000000 1.000000 0.000010 0.000000 0.000000 0.000000
    67 -0.000001 0.000000 0.000000 0.000000 0.000000 0.000000
    68 -0.000001 0.000000 0.000000 0.000000 0.000000 0.000000
    69 -0.000001 0.000000 0.000000 0.000000 0.000000 0.000000
time 126
    0 -2.884766 -8.265625 26.859375 1.680231 0.100189 0.165823
    1 3.455587 0.000000 0.000000 -2.136228 -0.518292 -1.223435
    2 16.572346 0.000000 0.000000 0.000000 0.000000 0.973308
    3 16.265829 0.000000 0.000000 -0.503380 0.166497 -0.752522
    4 5.046457 0.000000 0.000000 0.009845 -0.018751 -0.413710
    5 -3.455587 0.000000 0.000000 -1.215742 -0.353138 -2.159140
    6 16.572346 0.000000 0.000000 0.000000 0.000000 0.917747
    7 16.265831 0.000000 0.000000 0.338005 0.049970 -0.841309
    8 5.046457 0.000000 0.000000 -0.100152 0.015014 -0.353687
    9 0.000000 3.703728 0.293189 1.598372 -0.167589 1.523961
    10 3.307846 0.000000 0.000000 0.027125 -0.006318 -0.146640
    11 3.297962 0.000000 0.000000 0.016792 0.075312 -0.158927
    12 6.040985 0.000000 0.000000 0.047303 0.115558 0.287136
    13 5.065758 0.000000 0.000000 2.806676 -0.025987 -0.189589
    14 3.993755 0.000000 0.000000 -0.302375 0.088990 1.066103
    15 3.815876 1.385489 1.500000 -2.043339 -1.059846 0.335946
    16 4.327093 0.000004 0.000000 -3.125801 0.034275 0.817698
    17 11.105114 0.000000 0.000000 0.000000 0.000000 -0.543437
    18 9.862099 -0.000011 -0.000031 1.123064 -0.296855 0.249561
    19 2.641094 0.214619 -1.073586 0.343640 0.190540 -0.806457
    20 1.361605 -0.000002 0.000000 -0.033852 -0.056532 -1.168171
    21 0.779602 0.000002 0.000000 -0.038792 -0.123973 0.252811
    22 2.908712 0.221762 -0.431868 0.315656 0.064476 -0.893331
    23 1.597527 0.000001 0.000000 -0.020331 -0.043837 -1.158634
    24 0.912680 0.000001 0.000000 0.002529 0.008221 0.233624
    25 3.265450 0.050007 0.415744 0.322996 0.091423 -1.049966
    26 1.860470 0.000000 0.000000 -0.051601 -0.064213 -1.194101
    27 1.061481 -0.000001 0.000000 0.004104 0.029474 0.404443
    28 3.340382 -0.242393 1.285012 0.318526 0.062572 -1.131184
    29 1.550753 0.000001 0.000000 0.061672 0.075949 -1.038656
    30 0.904888 0.000001 0.000000 0.001693 0.026264 0.279791
    31 1.219385 -1.063860 0.837143 1.700710 -0.490026 -0.201183
    32 1.496971 -0.000002 -0.000001 -0.211499 -0.093020 -0.524662
    33 1.100086 0.000000 0.000000 0.034391 -0.021604 -0.723527
    34 3.815876 1.385489 -1.500000 0.974569 1.016378 -0.823646
    35 4.327089 -0.000004 0.000000 -3.116346 0.146747 0.856591
    36 11.105106 0.000000 0.000004 0.000000 0.000000 -0.510712
    37 9.862080 -0.000007 0.000017 -1.261990 -0.056896 0.183703
    38 2.641111 0.211586 1.074188 -0.340778 -0.190504 -0.713994
    39 1.361601 0.000000 0.000000 0.033791 0.056509 -0.943913
    40 0.779604 0.000001 0.000000 0.038833 0.124038 0.218150
    41 2.908730 0.220541 0.432493 -0.312825 -0.064540 -0.854119
    42 1.597527 0.000000 0.000000 0.020338 0.043857 -0.899809
    43 0.912678 0.000000 0.000000 -0.002548 -0.008289 0.256412
    44 3.265471 0.051184 -0.415600 -0.320176 -0.091421 -0.907618
    45 1.860470 0.000000 0.000000 0.051611 0.064235 -1.000517
    46 1.061485 0.000000 0.000000 -0.004037 -0.029426 0.237782
    47 3.340403 -0.238762 -1.285691 -0.315698 -0.062609 -0.887483
    48 1.550755 0.000000 0.000000 -0.061667 -0.075946 -1.019680
    49 0.904886 0.000001 0.000000 -0.001669 -0.026281 0.159649
    50 1.219410 -1.061498 -0.840143 -1.725617 0.534025 -0.029356
    51 1.496971 0.000002 0.000000 0.141600 0.113297 -0.458891
    52 1.100088 0.000000 0.000000 -0.031342 0.025865 -0.596322
    53 -22.218750 -17.078125 4.269531 2.980028 0.065615 1.833421
    54 0.000000 0.000000 0.000000 -0.077030 -0.068757 -1.299215
    55 7.054213 0.000000 0.000000 0.000000 0.000000 0.000000
    56 0.000000 -0.000007 -0.000031 1.373047 0.113574 0.124314
    57 0.000000 -0.000007 -0.000031 1.373047 0.113574 0.124314
    58 2.856947 -1.536175 -0.973780 -1.501147 -0.272558 -1.578261
    59 0.000000 0.000000 10.000000 0.000000 0.000000 0.000000
    60 2.856899 -1.536201 -0.973800 -1.501147 -0.272558 -1.578261
    61 2.000000 -3.000000 0.000000 -1.570796 0.000000 -1.326450
    62 0.018896 0.665159 9.395880 0.000000 0.000000 0.000000
    63 3.028210 -0.923409 -2.009452 1.574082 -0.012974 1.587244
    64 0.116954 4.311606 0.061861 0.000010 0.000000 0.000000
    65 0.000000 -0.000002 0.000000 0.000000 0.000000 0.000000
    66 0.000000 1.000000 0.000010 0.000000 0.000000 0.000000
    67 -0.000001 0.000000 0.000000 0.000000 0.000000 0.000000
    68 -0.000001 0.000000 0.000000 0.000000 0.000000 0.000000
    69 -0.000001 0.000000 0.000000 0.000000 0.000000 0.000000
time 127
    0 -2.185547 -8.304688 26.765625 1.663576 0.108391 0.075067
    1 3.455587 0.000000 0.000000 -2.068460 -0.413815 -1.268974
    2 16.572346 0.000000 0.000000 0.000000 0.000000 0.786986
    3 16.265829 0.000000 0.000000 -0.411681 0.157458 -0.724614
    4 5.046457 0.000000 0.000000 0.009828 -0.018751 -0.445874
    5 -3.455587 0.000000 0.000000 -1.167854 -0.409258 -2.172515
    6 16.572346 0.000000 0.000000 0.000000 0.000000 0.960730
    7 16.265831 0.000000 0.000000 0.347222 0.036411 -0.868166
    8 5.046457 0.000000 0.000000 -0.100180 0.015009 -0.350088
    9 0.000000 3.703728 0.293189 1.605892 -0.172067 1.542640
    10 3.307846 0.000000 0.000000 0.034441 0.004906 -0.143881
    11 3.297962 0.000000 0.000000 0.023896 0.075193 -0.159272
    12 6.040985 0.000000 0.000000 0.053027 0.109288 0.284126
    13 5.065758 0.000000 0.000000 2.816985 -0.034984 -0.180453
    14 3.993755 0.000000 0.000000 -0.288809 0.093604 1.056427
    15 3.815876 1.385489 1.500000 -2.027579 -1.077597 0.302759
    16 4.327093 0.000004 0.000000 3.067500 -0.010191 0.779066
    17 11.105114 0.000000 0.000000 0.000000 0.000000 -0.589291
    18 9.862099 -0.000011 -0.000031 1.239522 -0.267229 0.240398
    19 2.641094 0.214619 -1.073586 0.343640 0.190540 -0.806457
    20 1.361605 -0.000002 0.000000 -0.033852 -0.056532 -1.168171
    21 0.779602 0.000002 0.000000 -0.038792 -0.123973 0.252811
    22 2.908712 0.221762 -0.431868 0.315656 0.064476 -0.893331
    23 1.597527 0.000001 0.000000 -0.020331 -0.043837 -1.158634
    24 0.912680 0.000001 0.000000 0.002529 0.008221 0.233624
    25 3.265450 0.050007 0.415744 0.322996 0.091423 -1.049966
    26 1.860470 0.000000 0.000000 -0.051601 -0.064213 -1.194101
    27 1.061481 -0.000001 0.000000 0.004104 0.029474 0.404443
    28 3.340382 -0.242393 1.285012 0.318526 0.062572 -1.131184
    29 1.550753 0.000001 0.000000 0.061672 0.075949 -1.038656
    30 0.904888 0.000001 0.000000 0.001693 0.026264 0.279791
    31 1.219385 -1.063860 0.837143 1.700710 -0.490026 -0.201183
    32 1.496971 -0.000002 -0.000001 -0.211499 -0.093020 -0.524662
    33 1.100086 0.000000 0.000000 0.034391 -0.021604 -0.723527
    34 3.815876 1.385489 -1.500000 1.005777 1.003384 -0.772347
    35 4.327089 -0.000004 0.000000 -3.107701 0.153268 0.866192
    36 11.105106 0.000000 0.000004 0.000000 0.000000 -0.482303
    37 9.862080 -0.000007 0.000017 -1.231729 -0.049083 0.145751
    38 2.641111 0.211586 1.074188 -0.340778 -0.190504 -0.713994
    39 1.361601 0.000000 0.000000 0.033791 0.056509 -0.943913
    40 0.779604 0.000001 0.000000 0.038833 0.124038 0.218150
    41 2.908730 0.220541 0.432493 -0.312825 -0.064540 -0.854119
    42 1.597527 0.000000 0.000000 0.020338 0.043857 -0.899809
    43 0.912678 0.000000 0.000000 -0.002548 -0.008289 0.256412
    44 3.265471 0.051184 -0.415600 -0.320176 -0.091421 -0.907618
    45 1.860470 0.000000 0.000000 0.051611 0.064235 -1.000517
    46 1.061485 0.000000 0.000000 -0.004037 -0.029426 0.237782
    47 3.340403 -0.238762 -1.285691 -0.315698 -0.062609 -0.887483
    48 1.550755 0.000000 0.000000 -0.061667 -0.075946 -1.019680
    49 0.904886 0.000001 0.000000 -0.001669 -0.026281 0.159649
    50 1.219410 -1.061498 -0.840143 -1.725617 0.534025 -0.029356
    51 1.496971 0.000002 0.000000 0.141600 0.113297 -0.458891
    52 1.100088 0.000000 0.000000 -0.031342 0.025865 -0.596322
    53 -21.171875 -19.421875 3.083984 2.994667 -0.079459 1.862219
    54 0.000000 0.000000 0.000000 -0.077030 -0.068757 -1.299215
    55 7.054213 0.000000 0.000000 0.000000 0.000000 0.000000
    56 0.000000 -0.000007 -0.000031 1.373047 0.113574 0.124314
    57 0.000000 -0.000007 -0.000031 1.373047 0.113574 0.124314
    58 2.856947 -1.536175 -0.973780 -1.501147 -0.272558 -1.578261
    59 0.000000 0.000000 10.000000 0.000000 0.000000 0.000000
    60 2.856899 -1.536201 -0.973800 -1.501147 -0.272558 -1.578261
    61 2.000000 -3.000000 0.000000 -1.570796 0.000000 -1.326450
    62 0.018896 0.665159 9.395880 0.000000 0.000000 0.000000
    63 3.028210 -0.923409 -2.009452 1.574082 -0.012974 1.587244
    64 0.116954 4.311606 0.061861 0.000010 0.000000 0.000000
    65 0.000000 -0.000002 0.000000 0.000000 0.000000 0.000000
    66 0.000000 1.000000 0.000010 0.000000 0.000000 0.000000
    67 -0.000001 0.000000 0.000000 0.000000 0.000000 0.000000
    68 -0.000001 0.000000 0.000000 0.000000 0.000000 0.000000
    69 -0.000001 0.000000 0.000000 0.000000 0.000000 0.000000
time 128
    0 -1.437500 -8.367188 26.656250 1.649193 0.113385 -0.011965
    1 3.455587 0.000000 0.000000 -1.917397 -0.329700 -1.331766
    2 16.572346 0.000000 0.000000 0.000000 0.000000 0.617771
    3 16.265829 0.000000 0.000000 -0.305841 0.079526 -0.805825
    4 5.046457 0.000000 0.000000 0.009890 -0.018764 -0.501917
    5 -3.455587 0.000000 0.000000 -1.120721 -0.469160 -2.176050
    6 16.572346 0.000000 0.000000 0.000000 0.000000 1.010903
    7 16.265831 0.000000 0.000000 0.354387 -0.017330 -0.975324
    8 5.046457 0.000000 0.000000 -0.100227 0.014978 -0.404733
    9 0.000000 3.703728 0.293189 1.616358 -0.174286 1.562214
    10 3.307846 0.000000 0.000000 0.044825 0.015923 -0.142415
    11 3.297962 0.000000 0.000000 0.034199 0.072034 -0.159288
    12 6.040985 0.000000 0.000000 0.060576 0.096901 0.282356
    13 5.065758 0.000000 0.000000 2.827595 -0.041753 -0.168627
    14 3.993755 0.000000 0.000000 -0.276230 0.099080 1.044325
    15 3.815876 1.385489 1.500000 -1.985868 -1.087597 0.248847
    16 4.327093 0.000004 0.000000 2.988345 -0.060496 0.750919
    17 11.105114 0.000000 0.000000 0.000000 0.000000 -0.619493
    18 9.862099 -0.000011 -0.000031 1.341032 -0.237216 0.237396
    19 2.641094 0.214619 -1.073586 0.343640 0.190540 -0.806457
    20 1.361605 -0.000002 0.000000 -0.033852 -0.056532 -1.168171
    21 0.779602 0.000002 0.000000 -0.038792 -0.123973 0.252811
    22 2.908712 0.221762 -0.431868 0.315656 0.064476 -0.893331
    23 1.597527 0.000001 0.000000 -0.020331 -0.043837 -1.158634
    24 0.912680 0.000001 0.000000 0.002529 0.008221 0.233624
    25 3.265450 0.050007 0.415744 0.322996 0.091423 -1.049966
    26 1.860470 0.000000 0.000000 -0.051601 -0.064213 -1.194101
    27 1.061481 -0.000001 0.000000 0.004104 0.029474 0.404443
    28 3.340382 -0.242393 1.285012 0.318526 0.062572 -1.131184
    29 1.550753 0.000001 0.000000 0.061672 0.075949 -1.038656
    30 0.904888 0.000001 0.000000 0.001693 0.026264 0.279791
    31 1.219385 -1.063860 0.837143 1.700710 -0.490026 -0.201183
    32 1.496971 -0.000002 -0.000001 -0.211499 -0.093020 -0.524662
    33 1.100086 0.000000 0.000000 0.034391 -0.021604 -0.723527
    34 3.815876 1.385489 -1.500000 1.032189 0.988519 -0.722601
    35 4.327089 -0.000004 0.000000 -3.097263 0.157565 0.868958
    36 11.105106 0.000000 0.000004 0.000000 0.000000 -0.448147
    37 9.862080 -0.000007 0.000017 -1.209137 -0.038971 0.110058
    38 2.641111 0.211586 1.074188 -0.340778 -0.190504 -0.713994
    39 1.361601 0.000000 0.000000 0.033791 0.056509 -0.943913
    40 0.779604 0.000001 0.000000 0.038833 0.124038 0.218150
    41 2.908730 0.220541 0.432493 -0.312825 -0.064540 -0.854119
    42 1.597527 0.000000 0.000000 0.020338 0.043857 -0.899809
    43 0.912678 0.000000 0.000000 -0.002548 -0.008289 0.256412
    44 3.265471 0.051184 -0.415600 -0.320176 -0.091421 -0.907618
    45 1.860470 0.000000 0.000000 0.051611 0.064235 -1.000517
    46 1.061485 0.000000 0.000000 -0.004037 -0.029426 0.237782
    47 3.340403 -0.238762 -1.285691 -0.315698 -0.062609 -0.887483
    48 1.550755 0.000000 0.000000 -0.061667 -0.075946 -1.019680
    49 0.904886 0.000001 0.000000 -0.001669 -0.026281 0.159649
    50 1.219410 -1.061498 -0.840143 -1.725617 0.534025 -0.029356
    51 1.496971 0.000002 0.000000 0.141600 0.113297 -0.458891
    52 1.100088 0.000000 0.000000 -0.031342 0.025865 -0.596322
    53 -20.234375 -21.562500 1.420898 2.999450 -0.194033 1.886088
    54 0.000000 0.000000 0.000000 -0.077030 -0.068757 -1.299215
    55 7.054213 0.000000 0.000000 0.000000 0.000000 0.000000
    56 0.000000 -0.000007 -0.000031 1.373047 0.113574 0.124314
    57 0.000000 -0.000007 -0.000031 1.373047 0.113574 0.124314
    58 2.856947 -1.536175 -0.973780 -1.501147 -0.272558 -1.578261
    59 0.000000 0.000000 10.000000 0.000000 0.000000 0.000000
    60 2.856899 -1.536201 -0.973800 -1.501147 -0.272558 -1.578261
    61 2.000000 -3.000000 0.000000 -1.570796 0.000000 -1.326450
    62 0.018896 0.665159 9.395880 0.000000 0.000000 0.000000
    63 3.028210 -0.923409 -2.009452 1.574082 -0.012974 1.587244
    64 0.116954 4.311606 0.061861 0.000010 0.000000 0.000000
    65 0.000000 -0.000002 0.000000 0.000000 0.000000 0.000000
    66 0.000000 1.000000 0.000010 0.000000 0.000000 0.000000
    67 -0.000001 0.000000 0.000000 0.000000 0.000000 0.000000
    68 -0.000001 0.000000 0.000000 0.000000 0.000000 0.000000
    69 -0.000001 0.000000 0.000000 0.000000 0.000000 0.000000
time 129
    0 -0.722168 -8.382813 26.593750 1.641285 0.114286 -0.089825
    1 3.455587 0.000000 0.000000 -1.685966 -0.282770 -1.397606
    2 16.572346 0.000000 0.000000 0.000000 0.000000 0.512407
    3 16.265829 0.000000 0.000000 -0.139266 -0.089208 -0.945773
    4 5.046457 0.000000 0.000000 0.009857 -0.018694 -0.617264
    5 -3.455587 0.000000 0.000000 -1.072376 -0.531349 -2.167293
    6 16.572346 0.000000 0.000000 0.000000 0.000000 1.065989
    7 16.265831 0.000000 0.000000 0.383529 -0.103194 -1.157511
    8 5.046457 0.000000 0.000000 -0.100154 0.015034 -0.414798
    9 0.000000 3.703728 0.293189 1.627904 -0.176566 1.575959
    10 3.307846 0.000000 0.000000 0.056193 0.024166 -0.141860
    11 3.297962 0.000000 0.000000 0.045338 0.070315 -0.162059
    12 6.040985 0.000000 0.000000 0.069307 0.085960 0.276870
    13 5.065758 0.000000 0.000000 2.830282 -0.054440 -0.156154
    14 3.993755 0.000000 0.000000 -0.268515 0.110255 1.034141
    15 3.815876 1.385489 1.500000 -1.955170 -1.099251 0.207306
    16 4.327093 0.000004 0.000000 3.010294 -0.086037 0.736180
    17 11.105114 0.000000 0.000000 0.000000 0.000000 -0.636284
    18 9.862099 -0.000011 -0.000031 1.371306 -0.217222 0.261759
    19 2.641094 0.214619 -1.073586 0.343640 0.190540 -0.806457
    20 1.361605 -0.000002 0.000000 -0.033852 -0.056532 -1.168171
    21 0.779602 0.000002 0.000000 -0.038792 -0.123973 0.252811
    22 2.908712 0.221762 -0.431868 0.315656 0.064476 -0.893331
    23 1.597527 0.000001 0.000000 -0.020331 -0.043837 -1.158634
    24 0.912680 0.000001 0.000000 0.002529 0.008221 0.233624
    25 3.265450 0.050007 0.415744 0.322996 0.091423 -1.049966
    26 1.860470 0.000000 0.000000 -0.051601 -0.064213 -1.194101
    27 1.061481 -0.000001 0.000000 0.004104 0.029474 0.404443
    28 3.340382 -0.242393 1.285012 0.318526 0.062572 -1.131184
    29 1.550753 0.000001 0.000000 0.061672 0.075949 -1.038656
    30 0.904888 0.000001 0.000000 0.001693 0.026264 0.279791
    31 1.219385 -1.063860 0.837143 1.700710 -0.490026 -0.201183
    32 1.496971 -0.000002 -0.000001 -0.211499 -0.093020 -0.524662
    33 1.100086 0.000000 0.000000 0.034391 -0.021604 -0.723527
    34 3.815876 1.385489 -1.500000 1.053110 0.976811 -0.676477
    35 4.327089 -0.000004 0.000000 -3.081027 0.160213 0.872238
    36 11.105106 0.000000 0.000004 0.000000 0.000000 -0.416682
    37 9.862080 -0.000007 0.000017 -1.196584 -0.023431 0.086927
    38 2.641111 0.211586 1.074188 -0.340778 -0.190504 -0.713994
    39 1.361601 0.000000 0.000000 0.033791 0.056509 -0.943913
    40 0.779604 0.000001 0.000000 0.038833 0.124038 0.218150
    41 2.908730 0.220541 0.432493 -0.312825 -0.064540 -0.854119
    42 1.597527 0.000000 0.000000 0.020338 0.043857 -0.899809
    43 0.912678 0.000000 0.000000 -0.002548 -0.008289 0.256412
    44 3.265471 0.051184 -0.415600 -0.320176 -0.091421 -0.907618
    45 1.860470 0.000000 0.000000 0.051611 0.064235 -1.000517
    46 1.061485 0.000000 0.000000 -0.004037 -0.029426 0.237782
    47 3.340403 -0.238762 -1.285691 -0.315698 -0.062609 -0.887483
    48 1.550755 0.000000 0.000000 -0.061667 -0.075946 -1.019680
    49 0.904886 0.000001 0.000000 -0.001669 -0.026281 0.159649
    50 1.219410 -1.061498 -0.840143 -1.725617 0.534025 -0.029356
    51 1.496971 0.000002 0.000000 0.141600 0.113297 -0.458891
    52 1.100088 0.000000 0.000000 -0.031342 0.025865 -0.596322
    53 -19.515625 -23.500000 0.263428 2.997173 -0.197120 1.905998
    54 0.000000 0.000000 0.000000 -0.077030 -0.068757 -1.299215
    55 7.054213 0.000000 0.000000 0.000000 0.000000 0.000000
    56 0.000000 -0.000007 -0.000031 1.373047 0.113574 0.124314
    57 0.000000 -0.000007 -0.000031 1.373047 0.113574 0.124314
    58 2.856947 -1.536175 -0.973780 -1.501147 -0.272558 -1.578261
    59 0.000000 0.000000 10.000000 0.000000 0.000000 0.000000
    60 2.856899 -1.536201 -0.973800 -1.501147 -0.272558 -1.578261
    61 2.000000 -3.000000 0.000000 -1.570796 0.000000 -1.326450
    62 0.018896 0.665159 9.395880 0.000000 0.000000 0.000000
    63 3.028210 -0.923409 -2.009452 1.574082 -0.012974 1.587244
    64 0.116954 4.311606 0.061861 0.000010 0.000000 0.000000
    65 0.000000 -0.000002 0.000000 0.000000 0.000000 0.000000
    66 0.000000 1.000000 0.000010 0.000000 0.000000 0.000000
    67 -0.000001 0.000000 0.000000 0.000000 0.000000 0.000000
    68 -0.000001 0.000000 0.000000 0.000000 0.000000 0.000000
    69 -0.000001 0.000000 0.000000 0.000000 0.000000 0.000000
time 130
    0 -0.098511 -8.328125 26.656250 1.642643 0.106513 -0.152685
    1 3.455587 0.000000 0.000000 -1.461572 -0.264220 -1.472407
    2 16.572346 0.000000 0.000000 0.000000 0.000000 0.465873
    3 16.265829 0.000000 0.000000 -0.064072 -0.326546 -1.110910
    4 5.046457 0.000000 0.000000 0.009870 -0.018718 -0.650882
    5 -3.455587 0.000000 0.000000 -1.020635 -0.591823 -2.147932
    6 16.572346 0.000000 0.000000 0.000000 0.000000 1.114958
    7 16.265831 0.000000 0.000000 0.392069 -0.187655 -1.341114
    8 5.046457 0.000000 0.000000 -0.100170 0.015013 -0.435222
    9 0.000000 3.703728 0.293189 1.635363 -0.182732 1.575013
    10 3.307846 0.000000 0.000000 0.063521 0.026034 -0.140603
    11 3.297962 0.000000 0.000000 0.051550 0.074294 -0.171128
    12 6.040985 0.000000 0.000000 0.075385 0.086657 0.261577
    13 5.065758 0.000000 0.000000 2.827459 -0.078400 -0.146147
    14 3.993755 0.000000 0.000000 -0.260970 0.130174 1.028014
    15 3.815876 1.385489 1.500000 -1.930384 -1.136636 0.177207
    16 4.327093 0.000004 0.000000 3.086170 -0.096233 0.746287
    17 11.105114 0.000000 0.000000 0.000000 0.000000 -0.652574
    18 9.862099 -0.000011 -0.000031 1.359190 -0.207525 0.308955
    19 2.641094 0.214619 -1.073586 0.343640 0.190540 -0.806457
    20 1.361605 -0.000002 0.000000 -0.033852 -0.056532 -1.168171
    21 0.779602 0.000002 0.000000 -0.038792 -0.123973 0.252811
    22 2.908712 0.221762 -0.431868 0.315656 0.064476 -0.893331
    23 1.597527 0.000001 0.000000 -0.020331 -0.043837 -1.158634
    24 0.912680 0.000001 0.000000 0.002529 0.008221 0.233624
    25 3.265450 0.050007 0.415744 0.322996 0.091423 -1.049966
    26 1.860470 0.000000 0.000000 -0.051601 -0.064213 -1.194101
    27 1.061481 -0.000001 0.000000 0.004104 0.029474 0.404443
    28 3.340382 -0.242393 1.285012 0.318526 0.062572 -1.131184
    29 1.550753 0.000001 0.000000 0.061672 0.075949 -1.038656
    30 0.904888 0.000001 0.000000 0.001693 0.026264 0.279791
    31 1.219385 -1.063860 0.837143 1.700710 -0.490026 -0.201183
    32 1.496971 -0.000002 -0.000001 -0.211499 -0.093020 -0.524662
    33 1.100086 0.000000 0.000000 0.034391 -0.021604 -0.723527
    34 3.815876 1.385489 -1.500000 1.082057 0.973425 -0.619932
    35 4.327089 -0.000004 0.000000 -3.074488 0.156240 0.878312
    36 11.105106 0.000000 0.000004 0.000000 0.000000 -0.401430
    37 9.862080 -0.000007 0.000017 -1.186029 -0.007588 0.077896
    38 2.641111 0.211586 1.074188 -0.340778 -0.190504 -0.713994
    39 1.361601 0.000000 0.000000 0.033791 0.056509 -0.943913
    40 0.779604 0.000001 0.000000 0.038833 0.124038 0.218150
    41 2.908730 0.220541 0.432493 -0.312825 -0.064540 -0.854119
    42 1.597527 0.000000 0.000000 0.020338 0.043857 -0.899809
    43 0.912678 0.000000 0.000000 -0.002548 -0.008289 0.256412
    44 3.265471 0.051184 -0.415600 -0.320176 -0.091421 -0.907618
    45 1.860470 0.000000 0.000000 0.051611 0.064235 -1.000517
    46 1.061485 0.000000 0.000000 -0.004037 -0.029426 0.237782
    47 3.340403 -0.238762 -1.285691 -0.315698 -0.062609 -0.887483
    48 1.550755 0.000000 0.000000 -0.061667 -0.075946 -1.019680
    49 0.904886 0.000001 0.000000 -0.001669 -0.026281 0.159649
    50 1.219410 -1.061498 -0.840143 -1.725617 0.534025 -0.029356
    51 1.496971 0.000002 0.000000 0.141600 0.113297 -0.458891
    52 1.100088 0.000000 0.000000 -0.031342 0.025865 -0.596322
    53 -19.031250 -25.312500 -0.751953 2.994661 -0.141693 1.928582
    54 0.000000 0.000000 0.000000 -0.077030 -0.068757 -1.299215
    55 7.054213 0.000000 0.000000 0.000000 0.000000 0.000000
    56 0.000000 -0.000007 -0.000031 1.373047 0.113574 0.124314
    57 0.000000 -0.000007 -0.000031 1.373047 0.113574 0.124314
    58 2.856947 -1.536175 -0.973780 -1.501147 -0.272558 -1.578261
    59 0.000000 0.000000 10.000000 0.000000 0.000000 0.000000
    60 2.856899 -1.536201 -0.973800 -1.501147 -0.272558 -1.578261
    61 2.000000 -3.000000 0.000000 -1.570796 0.000000 -1.326450
    62 0.018896 0.665159 9.395880 0.000000 0.000000 0.000000
    63 3.028210 -0.923409 -2.009452 1.574082 -0.012974 1.587244
    64 0.116954 4.311606 0.061861 0.000010 0.000000 0.000000
    65 0.000000 -0.000002 0.000000 0.000000 0.000000 0.000000
    66 0.000000 1.000000 0.000010 0.000000 0.000000 0.000000
    67 -0.000001 0.000000 0.000000 0.000000 0.000000 0.000000
    68 -0.000001 0.000000 0.000000 0.000000 0.000000 0.000000
    69 -0.000001 0.000000 0.000000 0.000000 0.000000 0.000000
time 131
    0 0.409912 -8.156250 26.703125 1.645734 0.102642 -0.197216
    1 3.455587 0.000000 0.000000 -1.376802 -0.257211 -1.500651
    2 16.572346 0.000000 0.000000 0.000000 0.000000 0.408568
    3 16.265829 0.000000 0.000000 -0.095715 -0.289199 -1.184084
    4 5.046457 0.000000 0.000000 0.009850 -0.018744 -0.640050
    5 -3.455587 0.000000 0.000000 -0.978990 -0.646992 -2.108046
    6 16.572346 0.000000 0.000000 0.000000 0.000000 1.164894
    7 16.265831 0.000000 0.000000 0.422460 -0.228869 -1.470112
    8 5.046457 0.000000 0.000000 -0.100203 0.015004 -0.437081
    9 0.000000 3.703728 0.293189 1.637620 -0.188191 1.573552
    10 3.307846 0.000000 0.000000 0.065569 0.026872 -0.138043
    11 3.297962 0.000000 0.000000 0.052496 0.078276 -0.173953
    12 6.040985 0.000000 0.000000 0.077125 0.091225 0.256371
    13 5.065758 0.000000 0.000000 2.824671 -0.105156 -0.146448
    14 3.993755 0.000000 0.000000 -0.252201 0.151087 1.030954
    15 3.815876 1.385489 1.500000 -1.863108 -1.167090 0.093580
    16 4.327093 0.000004 0.000000 3.132962 -0.111213 0.753677
    17 11.105114 0.000000 0.000000 0.000000 0.000000 -0.662060
    18 9.862099 -0.000011 -0.000031 1.351625 -0.202542 0.350028
    19 2.641094 0.214619 -1.073586 0.343640 0.190540 -0.806457
    20 1.361605 -0.000002 0.000000 -0.033852 -0.056532 -1.168171
    21 0.779602 0.000002 0.000000 -0.038792 -0.123973 0.252811
    22 2.908712 0.221762 -0.431868 0.315656 0.064476 -0.893331
    23 1.597527 0.000001 0.000000 -0.020331 -0.043837 -1.158634
    24 0.912680 0.000001 0.000000 0.002529 0.008221 0.233624
    25 3.265450 0.050007 0.415744 0.322996 0.091423 -1.049966
    26 1.860470 0.000000 0.000000 -0.051601 -0.064213 -1.194101
    27 1.061481 -0.000001 0.000000 0.004104 0.029474 0.404443
    28 3.340382 -0.242393 1.285012 0.318526 0.062572 -1.131184
    29 1.550753 0.000001 0.000000 0.061672 0.075949 -1.038656
    30 0.904888 0.000001 0.000000 0.001693 0.026264 0.279791
    31 1.219385 -1.063860 0.837143 1.700710 -0.490026 -0.201183
    32 1.496971 -0.000002 -0.000001 -0.211499 -0.093020 -0.524662
    33 1.100086 0.000000 0.000000 0.034391 -0.021604 -0.723527
    34 3.815876 1.385489 -1.500000 1.128423 0.964802 -0.564323
    35 4.327089 -0.000004 0.000000 -3.088615 0.146941 0.877291
    36 11.105106 0.000000 0.000004 0.000000 0.000000 -0.374509
    37 9.862080 -0.000007 0.000017 -1.162450 0.008221 0.059372
    38 2.641111 0.211586 1.074188 -0.340778 -0.190504 -0.713994
    39 1.361601 0.000000 0.000000 0.033791 0.056509 -0.943913
    40 0.779604 0.000001 0.000000 0.038833 0.124038 0.218150
    41 2.908730 0.220541 0.432493 -0.312825 -0.064540 -0.854119
    42 1.597527 0.000000 0.000000 0.020338 0.043857 -0.899809
    43 0.912678 0.000000 0.000000 -0.002548 -0.008289 0.256412
    44 3.265471 0.051184 -0.415600 -0.320176 -0.091421 -0.907618
    45 1.860470 0.000000 0.000000 0.051611 0.064235 -1.000517
    46 1.061485 0.000000 0.000000 -0.004037 -0.029426 0.237782
    47 3.340403 -0.238762 -1.285691 -0.315698 -0.062609 -0.887483
    48 1.550755 0.000000 0.000000 -0.061667 -0.075946 -1.019680
    49 0.904886 0.000001 0.000000 -0.001669 -0.026281 0.159649
    50 1.219410 -1.061498 -0.840143 -1.725617 0.534025 -0.029356
    51 1.496971 0.000002 0.000000 0.141600 0.113297 -0.458891
    52 1.100088 0.000000 0.000000 -0.031342 0.025865 -0.596322
    53 -19.281250 -26.078125 -2.351563 2.991980 -0.107389 1.946218
    54 0.000000 0.000000 0.000000 -0.077030 -0.068757 -1.299215
    55 7.054213 0.000000 0.000000 0.000000 0.000000 0.000000
    56 0.000000 -0.000007 -0.000031 1.373047 0.113574 0.124314
    57 0.000000 -0.000007 -0.000031 1.373047 0.113574 0.124314
    58 2.856947 -1.536175 -0.973780 -1.501147 -0.272558 -1.578261
    59 0.000000 0.000000 10.000000 0.000000 0.000000 0.000000
    60 2.856899 -1.536201 -0.973800 -1.501147 -0.272558 -1.578261
    61 2.000000 -3.000000 0.000000 -1.570796 0.000000 -1.326450
    62 0.018896 0.665159 9.395880 0.000000 0.000000 0.000000
    63 3.028210 -0.923409 -2.009452 1.574082 -0.012974 1.587244
    64 0.116954 4.311606 0.061861 0.000010 0.000000 0.000000
    65 0.000000 -0.000002 0.000000 0.000000 0.000000 0.000000
    66 0.000000 1.000000 0.000010 0.000000 0.000000 0.000000
    67 -0.000001 0.000000 0.000000 0.000000 0.000000 0.000000
    68 -0.000001 0.000000 0.000000 0.000000 0.000000 0.000000
    69 -0.000001 0.000000 0.000000 0.000000 0.000000 0.000000
time 132
    0 0.818848 -7.781250 26.765625 1.655284 0.099446 -0.214469
    1 3.455587 0.000000 0.000000 -1.389474 -0.269797 -1.502481
    2 16.572346 0.000000 0.000000 0.000000 0.000000 0.334692
    3 16.265829 0.000000 0.000000 -0.114475 -0.038281 -1.192799
    4 5.046457 0.000000 0.000000 0.009826 -0.018696 -0.672423
    5 -3.455587 0.000000 0.000000 -0.945937 -0.697441 -2.054616
    6 16.572346 0.000000 0.000000 0.000000 0.000000 1.201921
    7 16.265831 0.000000 0.000000 0.437944 -0.221230 -1.529026
    8 5.046457 0.000000 0.000000 -0.100186 0.014992 -0.441065
    9 0.000000 3.703728 0.293189 1.635690 -0.202278 1.578707
    10 3.307846 0.000000 0.000000 0.063262 0.027537 -0.131469
    11 3.297962 0.000000 0.000000 0.050130 0.070888 -0.180795
    12 6.040985 0.000000 0.000000 0.071124 0.081299 0.240939
    13 5.065758 0.000000 0.000000 2.823330 -0.120432 -0.147430
    14 3.993755 0.000000 0.000000 -0.246509 0.159427 1.032329
    15 3.815876 1.385489 1.500000 -1.793486 -1.176906 0.016153
    16 4.327093 0.000004 0.000000 3.085481 -0.139652 0.766612
    17 11.105114 0.000000 0.000000 0.000000 0.000000 -0.669641
    18 9.862099 -0.000011 -0.000031 1.379095 -0.204633 0.362611
    19 2.641094 0.214619 -1.073586 0.343640 0.190540 -0.806457
    20 1.361605 -0.000002 0.000000 -0.033852 -0.056532 -1.168171
    21 0.779602 0.000002 0.000000 -0.038792 -0.123973 0.252811
    22 2.908712 0.221762 -0.431868 0.315656 0.064476 -0.893331
    23 1.597527 0.000001 0.000000 -0.020331 -0.043837 -1.158634
    24 0.912680 0.000001 0.000000 0.002529 0.008221 0.233624
    25 3.265450 0.050007 0.415744 0.322996 0.091423 -1.049966
    26 1.860470 0.000000 0.000000 -0.051601 -0.064213 -1.194101
    27 1.061481 -0.000001 0.000000 0.004104 0.029474 0.404443
    28 3.340382 -0.242393 1.285012 0.318526 0.062572 -1.131184
    29 1.550753 0.000001 0.000000 0.061672 0.075949 -1.038656
    30 0.904888 0.000001 0.000000 0.001693 0.026264 0.279791
    31 1.219385 -1.063860 0.837143 1.700710 -0.490026 -0.201183
    32 1.496971 -0.000002 -0.000001 -0.211499 -0.093020 -0.524662
    33 1.100086 0.000000 0.000000 0.034391 -0.021604 -0.723527
    34 3.815876 1.385489 -1.500000 1.154072 0.973329 -0.527242
    35 4.327089 -0.000004 0.000000 -3.116025 0.130115 0.866442
    36 11.105106 0.000000 0.000004 0.000000 0.000000 -0.371610
    37 9.862080 -0.000007 0.000017 -1.135118 0.021344 0.052747
    38 2.641111 0.211586 1.074188 -0.340778 -0.190504 -0.713994
    39 1.361601 0.000000 0.000000 0.033791 0.056509 -0.943913
    40 0.779604 0.000001 0.000000 0.038833 0.124038 0.218150
    41 2.908730 0.220541 0.432493 -0.312825 -0.064540 -0.854119
    42 1.597527 0.000000 0.000000 0.020338 0.043857 -0.899809
    43 0.912678 0.000000 0.000000 -0.002548 -0.008289 0.256412
    44 3.265471 0.051184 -0.415600 -0.320176 -0.091421 -0.907618
    45 1.860470 0.000000 0.000000 0.051611 0.064235 -1.000517
    46 1.061485 0.000000 0.000000 -0.004037 -0.029426 0.237782
    47 3.340403 -0.238762 -1.285691 -0.315698 -0.062609 -0.887483
    48 1.550755 0.000000 0.000000 -0.061667 -0.075946 -1.019680
    49 0.904886 0.000001 0.000000 -0.001669 -0.026281 0.159649
    50 1.219410 -1.061498 -0.840143 -1.725617 0.534025 -0.029356
    51 1.496971 0.000002 0.000000 0.141600 0.113297 -0.458891
    52 1.100088 0.000000 0.000000 -0.031342 0.025865 -0.596322
    53 -20.218750 -25.531250 -5.148438 2.988111 -0.165123 1.960729
    54 0.000000 0.000000 0.000000 -0.077030 -0.068757 -1.299215
    55 7.054213 0.000000 0.000000 0.000000 0.000000 0.000000
    56 0.000000 -0.000007 -0.000031 1.373047 0.113574 0.124314
    57 0.000000 -0.000007 -0.000031 1.373047 0.113574 0.124314
    58 2.856947 -1.536175 -0.973780 -1.501147 -0.272558 -1.578261
    59 0.000000 0.000000 10.000000 0.000000 0.000000 0.000000
    60 2.856899 -1.536201 -0.973800 -1.501147 -0.272558 -1.578261
    61 2.000000 -3.000000 0.000000 -1.570796 0.000000 -1.326450
    62 0.018896 0.665159 9.395880 0.000000 0.000000 0.000000
    63 3.028210 -0.923409 -2.009452 1.574082 -0.012974 1.587244
    64 0.116954 4.311606 0.061861 0.000010 0.000000 0.000000
    65 0.000000 -0.000002 0.000000 0.000000 0.000000 0.000000
    66 0.000000 1.000000 0.000010 0.000000 0.000000 0.000000
    67 -0.000001 0.000000 0.000000 0.000000 0.000000 0.000000
    68 -0.000001 0.000000 0.000000 0.000000 0.000000 0.000000
    69 -0.000001 0.000000 0.000000 0.000000 0.000000 0.000000
time 133
    0 1.189453 -7.324219 26.875000 1.666244 0.097035 -0.227350
    1 3.455587 0.000000 0.000000 -1.465728 -0.299212 -1.494754
    2 16.572346 0.000000 0.000000 0.000000 0.000000 0.292042
    3 16.265829 0.000000 0.000000 -0.102540 0.172507 -1.199847
    4 5.046457 0.000000 0.000000 0.009854 -0.018682 -0.675351
    5 -3.455587 0.000000 0.000000 -0.955752 -0.742069 -1.975931
    6 16.572346 0.000000 0.000000 0.000000 0.000000 1.186680
    7 16.265831 0.000000 0.000000 0.426780 -0.248287 -1.533510
    8 5.046457 0.000000 0.000000 -0.100231 0.015022 -0.438411
    9 0.000000 3.703728 0.293189 1.633493 -0.214372 1.587215
    10 3.307846 0.000000 0.000000 0.061032 0.029788 -0.125196
    11 3.297962 0.000000 0.000000 0.048809 0.060445 -0.184012
    12 6.040985 0.000000 0.000000 0.065587 0.064090 0.232655
    13 5.065758 0.000000 0.000000 2.825584 -0.129406 -0.147644
    14 3.993755 0.000000 0.000000 -0.240351 0.161956 1.032203
    15 3.815876 1.385489 1.500000 -1.743384 -1.180990 -0.045082
    16 4.327093 0.000004 0.000000 2.991969 -0.173271 0.785246
    17 11.105114 0.000000 0.000000 0.000000 0.000000 -0.676135
    18 9.862099 -0.000011 -0.000031 1.429911 -0.201707 0.354938
    19 2.641094 0.214619 -1.073586 0.343640 0.190540 -0.806457
    20 1.361605 -0.000002 0.000000 -0.033852 -0.056532 -1.168171
    21 0.779602 0.000002 0.000000 -0.038792 -0.123973 0.252811
    22 2.908712 0.221762 -0.431868 0.315656 0.064476 -0.893331
    23 1.597527 0.000001 0.000000 -0.020331 -0.043837 -1.158634
    24 0.912680 0.000001 0.000000 0.002529 0.008221 0.233624
    25 3.265450 0.050007 0.415744 0.322996 0.091423 -1.049966
    26 1.860470 0.000000 0.000000 -0.051601 -0.064213 -1.194101
    27 1.061481 -0.000001 0.000000 0.004104 0.029474 0.404443
    28 3.340382 -0.242393 1.285012 0.318526 0.062572 -1.131184
    29 1.550753 0.000001 0.000000 0.061672 0.075949 -1.038656
    30 0.904888 0.000001 0.000000 0.001693 0.026264 0.279791
    31 1.219385 -1.063860 0.837143 1.700710 -0.490026 -0.201183
    32 1.496971 -0.000002 -0.000001 -0.211499 -0.093020 -0.524662
    33 1.100086 0.000000 0.000000 0.034391 -0.021604 -0.723527
    34 3.815876 1.385489 -1.500000 1.161589 0.982810 -0.514397
    35 4.327089 -0.000004 0.000000 -3.127691 0.117743 0.850642
    36 11.105106 0.000000 0.000004 0.000000 0.000000 -0.384794
    37 9.862080 -0.000007 0.000017 -1.113259 0.039135 0.063532
    38 2.641111 0.211586 1.074188 -0.340778 -0.190504 -0.713994
    39 1.361601 0.000000 0.000000 0.033791 0.056509 -0.943913
    40 0.779604 0.000001 0.000000 0.038833 0.124038 0.218150
    41 2.908730 0.220541 0.432493 -0.312825 -0.064540 -0.854119
    42 1.597527 0.000000 0.000000 0.020338 0.043857 -0.899809
    43 0.912678 0.000000 0.000000 -0.002548 -0.008289 0.256412
    44 3.265471 0.051184 -0.415600 -0.320176 -0.091421 -0.907618
    45 1.860470 0.000000 0.000000 0.051611 0.064235 -1.000517
    46 1.061485 0.000000 0.000000 -0.004037 -0.029426 0.237782
    47 3.340403 -0.238762 -1.285691 -0.315698 -0.062609 -0.887483
    48 1.550755 0.000000 0.000000 -0.061667 -0.075946 -1.019680
    49 0.904886 0.000001 0.000000 -0.001669 -0.026281 0.159649
    50 1.219410 -1.061498 -0.840143 -1.725617 0.534025 -0.029356
    51 1.496971 0.000002 0.000000 0.141600 0.113297 -0.458891
    52 1.100088 0.000000 0.000000 -0.031342 0.025865 -0.596322
    53 -21.859375 -23.515625 -7.882813 2.981284 -0.269953 1.973536
    54 0.000000 0.000000 0.000000 -0.077030 -0.068757 -1.299215
    55 7.054213 0.000000 0.000000 0.000000 0.000000 0.000000
    56 0.000000 -0.000007 -0.000031 1.373047 0.113574 0.124314
    57 0.000000 -0.000007 -0.000031 1.373047 0.113574 0.124314
    58 2.856947 -1.536175 -0.973780 -1.501147 -0.272558 -1.578261
    59 0.000000 0.000000 10.000000 0.000000 0.000000 0.000000
    60 2.856899 -1.536201 -0.973800 -1.501147 -0.272558 -1.578261
    61 2.000000 -3.000000 0.000000 -1.570796 0.000000 -1.326450
    62 0.018896 0.665159 9.395880 0.000000 0.000000 0.000000
    63 3.028210 -0.923409 -2.009452 1.574082 -0.012974 1.587244
    64 0.116954 4.311606 0.061861 0.000010 0.000000 0.000000
    65 0.000000 -0.000002 0.000000 0.000000 0.000000 0.000000
    66 0.000000 1.000000 0.000010 0.000000 0.000000 0.000000
    67 -0.000001 0.000000 0.000000 0.000000 0.000000 0.000000
    68 -0.000001 0.000000 0.000000 0.000000 0.000000 0.000000
    69 -0.000001 0.000000 0.000000 0.000000 0.000000 0.000000
time 134
    0 1.570313 -6.855469 26.968750 1.665541 0.087643 -0.250794
    1 3.455587 0.000000 0.000000 -1.569085 -0.334982 -1.488307
    2 16.572346 0.000000 0.000000 0.000000 0.000000 0.312038
    3 16.265829 0.000000 0.000000 -0.103469 0.228576 -1.214404
    4 5.046457 0.000000 0.000000 0.009863 -0.018733 -0.699283
    5 -3.455587 0.000000 0.000000 -1.028981 -0.755312 -1.879559
    6 16.572346 0.000000 0.000000 0.000000 0.000000 1.070703
    7 16.265831 0.000000 0.000000 0.404336 -0.372619 -1.439922
    8 5.046457 0.000000 0.000000 -0.100158 0.015030 -0.453210
    9 0.000000 3.703728 0.293189 1.634169 -0.232964 1.587823
    10 3.307846 0.000000 0.000000 0.061653 0.027337 -0.114878
    11 3.297962 0.000000 0.000000 0.050793 0.051494 -0.186157
    12 6.040985 0.000000 0.000000 0.064113 0.050965 0.223181
    13 5.065758 0.000000 0.000000 2.832965 -0.127703 -0.146361
    14 3.993755 0.000000 0.000000 -0.233804 0.154908 1.024752
    15 3.815876 1.385489 1.500000 -1.698688 -1.167365 -0.103601
    16 4.327093 0.000004 0.000000 2.959668 -0.192250 0.779017
    17 11.105114 0.000000 0.000000 0.000000 0.000000 -0.689418
    18 9.862099 -0.000011 -0.000031 1.463405 -0.191182 0.362339
    19 2.641094 0.214619 -1.073586 0.343640 0.190540 -0.806457
    20 1.361605 -0.000002 0.000000 -0.033852 -0.056532 -1.168171
    21 0.779602 0.000002 0.000000 -0.038792 -0.123973 0.252811
    22 2.908712 0.221762 -0.431868 0.315656 0.064476 -0.893331
    23 1.597527 0.000001 0.000000 -0.020331 -0.043837 -1.158634
    24 0.912680 0.000001 0.000000 0.002529 0.008221 0.233624
    25 3.265450 0.050007 0.415744 0.322996 0.091423 -1.049966
    26 1.860470 0.000000 0.000000 -0.051601 -0.064213 -1.194101
    27 1.061481 -0.000001 0.000000 0.004104 0.029474 0.404443
    28 3.340382 -0.242393 1.285012 0.318526 0.062572 -1.131184
    29 1.550753 0.000001 0.000000 0.061672 0.075949 -1.038656
    30 0.904888 0.000001 0.000000 0.001693 0.026264 0.279791
    31 1.219385 -1.063860 0.837143 1.700710 -0.490026 -0.201183
    32 1.496971 -0.000002 -0.000001 -0.211499 -0.093020 -0.524662
    33 1.100086 0.000000 0.000000 0.034391 -0.021604 -0.723527
    34 3.815876 1.385489 -1.500000 1.149237 0.983695 -0.523499
    35 4.327089 -0.000004 0.000000 -3.093166 0.122716 0.842742
    36 11.105106 0.000000 0.000004 0.000000 0.000000 -0.383299
    37 9.862080 -0.000007 0.000017 -1.110364 0.054193 0.062131
    38 2.641111 0.211586 1.074188 -0.340778 -0.190504 -0.713994
    39 1.361601 0.000000 0.000000 0.033791 0.056509 -0.943913
    40 0.779604 0.000001 0.000000 0.038833 0.124038 0.218150
    41 2.908730 0.220541 0.432493 -0.312825 -0.064540 -0.854119
    42 1.597527 0.000000 0.000000 0.020338 0.043857 -0.899809
    43 0.912678 0.000000 0.000000 -0.002548 -0.008289 0.256412
    44 3.265471 0.051184 -0.415600 -0.320176 -0.091421 -0.907618
    45 1.860470 0.000000 0.000000 0.051611 0.064235 -1.000517
    46 1.061485 0.000000 0.000000 -0.004037 -0.029426 0.237782
    47 3.340403 -0.238762 -1.285691 -0.315698 -0.062609 -0.887483
    48 1.550755 0.000000 0.000000 -0.061667 -0.075946 -1.019680
    49 0.904886 0.000001 0.000000 -0.001669 -0.026281 0.159649
    50 1.219410 -1.061498 -0.840143 -1.725617 0.534025 -0.029356
    51 1.496971 0.000002 0.000000 0.141600 0.113297 -0.458891
    52 1.100088 0.000000 0.000000 -0.031342 0.025865 -0.596322
    53 -23.765625 -20.984375 -8.617188 2.974076 -0.313168 1.988159
    54 0.000000 0.000000 0.000000 -0.077030 -0.068757 -1.299215
    55 7.054213 0.000000 0.000000 0.000000 0.000000 0.000000
    56 0.000000 -0.000007 -0.000031 1.373047 0.113574 0.124314
    57 0.000000 -0.000007 -0.000031 1.373047 0.113574 0.124314
    58 2.856947 -1.536175 -0.973780 -1.501147 -0.272558 -1.578261
    59 0.000000 0.000000 10.000000 0.000000 0.000000 0.000000
    60 2.856899 -1.536201 -0.973800 -1.501147 -0.272558 -1.578261
    61 2.000000 -3.000000 0.000000 -1.570796 0.000000 -1.326450
    62 0.018896 0.665159 9.395880 0.000000 0.000000 0.000000
    63 3.028210 -0.923409 -2.009452 1.574082 -0.012974 1.587244
    64 0.116954 4.311606 0.061861 0.000010 0.000000 0.000000
    65 0.000000 -0.000002 0.000000 0.000000 0.000000 0.000000
    66 0.000000 1.000000 0.000010 0.000000 0.000000 0.000000
    67 -0.000001 0.000000 0.000000 0.000000 0.000000 0.000000
    68 -0.000001 0.000000 0.000000 0.000000 0.000000 0.000000
    69 -0.000001 0.000000 0.000000 0.000000 0.000000 0.000000
time 135
    0 1.890625 -6.476563 27.015625 1.656096 0.065204 -0.272623
    1 3.455587 0.000000 0.000000 -1.650956 -0.381198 -1.497049
    2 16.572346 0.000000 0.000000 0.000000 0.000000 0.419241
    3 16.265829 0.000000 0.000000 -0.124365 0.070737 -1.267789
    4 5.046457 0.000000 0.000000 0.009854 -0.018712 -0.657902
    5 -3.455587 0.000000 0.000000 -1.138994 -0.711097 -1.784532
    6 16.572346 0.000000 0.000000 0.000000 0.000000 0.844825
    7 16.265831 0.000000 0.000000 0.392947 -0.452413 -1.289453
    8 5.046457 0.000000 0.000000 -0.100175 0.015022 -0.587120
    9 0.000000 3.703728 0.293189 1.632397 -0.249541 1.573526
    10 3.307846 0.000000 0.000000 0.059627 0.016987 -0.105516
    11 3.297962 0.000000 0.000000 0.049941 0.046721 -0.185851
    12 6.040985 0.000000 0.000000 0.062178 0.049763 0.217956
    13 5.065758 0.000000 0.000000 2.854841 -0.116673 -0.137931
    14 3.993755 0.000000 0.000000 -0.217769 0.139202 1.010427
    15 3.815876 1.385489 1.500000 -1.639434 -1.141033 -0.176812
    16 4.327093 0.000004 0.000000 2.952737 -0.213723 0.750653
    17 11.105114 0.000000 0.000000 0.000000 0.000000 -0.710923
    18 9.862099 -0.000011 -0.000031 1.485130 -0.186736 0.380511
    19 2.641094 0.214619 -1.073586 0.343640 0.190540 -0.806457
    20 1.361605 -0.000002 0.000000 -0.033852 -0.056532 -1.168171
    21 0.779602 0.000002 0.000000 -0.038792 -0.123973 0.252811
    22 2.908712 0.221762 -0.431868 0.315656 0.064476 -0.893331
    23 1.597527 0.000001 0.000000 -0.020331 -0.043837 -1.158634
    24 0.912680 0.000001 0.000000 0.002529 0.008221 0.233624
    25 3.265450 0.050007 0.415744 0.322996 0.091423 -1.049966
    26 1.860470 0.000000 0.000000 -0.051601 -0.064213 -1.194101
    27 1.061481 -0.000001 0.000000 0.004104 0.029474 0.404443
    28 3.340382 -0.242393 1.285012 0.318526 0.062572 -1.131184
    29 1.550753 0.000001 0.000000 0.061672 0.075949 -1.038656
    30 0.904888 0.000001 0.000000 0.001693 0.026264 0.279791
    31 1.219385 -1.063860 0.837143 1.700710 -0.490026 -0.201183
    32 1.496971 -0.000002 -0.000001 -0.211499 -0.093020 -0.524662
    33 1.100086 0.000000 0.000000 0.034391 -0.021604 -0.723527
    34 3.815876 1.385489 -1.500000 1.139952 0.976495 -0.525320
    35 4.327089 -0.000004 0.000000 -3.061331 0.132701 0.834383
    36 11.105106 0.000000 0.000004 0.000000 0.000000 -0.374069
    37 9.862080 -0.000007 0.000017 -1.106106 0.073099 0.055280
    38 2.641111 0.211586 1.074188 -0.340778 -0.190504 -0.713994
    39 1.361601 0.000000 0.000000 0.033791 0.056509 -0.943913
    40 0.779604 0.000001 0.000000 0.038833 0.124038 0.218150
    41 2.908730 0.220541 0.432493 -0.312825 -0.064540 -0.854119
    42 1.597527 0.000000 0.000000 0.020338 0.043857 -0.899809
    43 0.912678 0.000000 0.000000 -0.002548 -0.008289 0.256412
    44 3.265471 0.051184 -0.415600 -0.320176 -0.091421 -0.907618
    45 1.860470 0.000000 0.000000 0.051611 0.064235 -1.000517
    46 1.061485 0.000000 0.000000 -0.004037 -0.029426 0.237782
    47 3.340403 -0.238762 -1.285691 -0.315698 -0.062609 -0.887483
    48 1.550755 0.000000 0.000000 -0.061667 -0.075946 -1.019680
    49 0.904886 0.000001 0.000000 -0.001669 -0.026281 0.159649
    50 1.219410 -1.061498 -0.840143 -1.725617 0.534025 -0.029356
    51 1.496971 0.000002 0.000000 0.141600 0.113297 -0.458891
    52 1.100088 0.000000 0.000000 -0.031342 0.025865 -0.596322
    53 -25.500000 -18.093750 -7.714844 2.963797 -0.332201 2.006095
    54 0.000000 0.000000 0.000000 -0.077030 -0.068757 -1.299215
    55 7.054213 0.000000 0.000000 0.000000 0.000000 0.000000
    56 0.000000 -0.000007 -0.000031 1.373047 0.113574 0.124314
    57 0.000000 -0.000007 -0.000031 1.373047 0.113574 0.124314
    58 2.856947 -1.536175 -0.973780 -1.501147 -0.272558 -1.578261
    59 0.000000 0.000000 10.000000 0.000000 0.000000 0.000000
    60 2.856899 -1.536201 -0.973800 -1.501147 -0.272558 -1.578261
    61 2.000000 -3.000000 0.000000 -1.570796 0.000000 -1.326450
    62 0.018896 0.665159 9.395880 0.000000 0.000000 0.000000
    63 3.028210 -0.923409 -2.009452 1.574082 -0.012974 1.587244
    64 0.116954 4.311606 0.061861 0.000010 0.000000 0.000000
    65 0.000000 -0.000002 0.000000 0.000000 0.000000 0.000000
    66 0.000000 1.000000 0.000010 0.000000 0.000000 0.000000
    67 -0.000001 0.000000 0.000000 0.000000 0.000000 0.000000
    68 -0.000001 0.000000 0.000000 0.000000 0.000000 0.000000
    69 -0.000001 0.000000 0.000000 0.000000 0.000000 0.000000
time 136
    0 2.150391 -6.390625 26.984375 1.641544 0.027607 -0.283087
    1 3.455587 0.000000 0.000000 -1.692925 -0.422975 -1.532064
    2 16.572346 0.000000 0.000000 0.000000 0.000000 0.578114
    3 16.265829 0.000000 0.000000 -0.173657 -0.165098 -1.322784
    4 5.046457 0.000000 0.000000 0.009835 -0.018723 -0.606129
    5 -3.455587 0.000000 0.000000 -1.249795 -0.627521 -1.735269
    6 16.572346 0.000000 0.000000 0.000000 0.000000 0.601300
    7 16.265831 0.000000 0.000000 0.288795 -0.416859 -1.189652
    8 5.046457 0.000000 0.000000 -0.100177 0.014943 -0.800141
    9 0.000000 3.703728 0.293189 1.626030 -0.249865 1.555450
    10 3.307846 0.000000 0.000000 0.052897 0.003546 -0.104531
    11 3.297962 0.000000 0.000000 0.045858 0.038631 -0.179342
    12 6.040985 0.000000 0.000000 0.056692 0.045957 0.226897
    13 5.065758 0.000000 0.000000 2.866276 -0.108932 -0.111181
    14 3.993755 0.000000 0.000000 -0.208163 0.123800 0.987220
    15 3.815876 1.385489 1.500000 -1.578941 -1.104919 -0.243519
    16 4.327093 0.000004 0.000000 2.959943 -0.240963 0.715490
    17 11.105114 0.000000 0.000000 0.000000 0.000000 -0.728355
    18 9.862099 -0.000011 -0.000031 1.496762 -0.179593 0.388246
    19 2.641094 0.214619 -1.073586 0.343640 0.190540 -0.806457
    20 1.361605 -0.000002 0.000000 -0.033852 -0.056532 -1.168171
    21 0.779602 0.000002 0.000000 -0.038792 -0.123973 0.252811
    22 2.908712 0.221762 -0.431868 0.315656 0.064476 -0.893331
    23 1.597527 0.000001 0.000000 -0.020331 -0.043837 -1.158634
    24 0.912680 0.000001 0.000000 0.002529 0.008221 0.233624
    25 3.265450 0.050007 0.415744 0.322996 0.091423 -1.049966
    26 1.860470 0.000000 0.000000 -0.051601 -0.064213 -1.194101
    27 1.061481 -0.000001 0.000000 0.004104 0.029474 0.404443
    28 3.340382 -0.242393 1.285012 0.318526 0.062572 -1.131184
    29 1.550753 0.000001 0.000000 0.061672 0.075949 -1.038656
    30 0.904888 0.000001 0.000000 0.001693 0.026264 0.279791
    31 1.219385 -1.063860 0.837143 1.700710 -0.490026 -0.201183
    32 1.496971 -0.000002 -0.000001 -0.211499 -0.093020 -0.524662
    33 1.100086 0.000000 0.000000 0.034391 -0.021604 -0.723527
    34 3.815876 1.385489 -1.500000 1.151144 0.970001 -0.496942
    35 4.327089 -0.000004 0.000000 -3.062449 0.138101 0.816628
    36 11.105106 0.000000 0.000004 0.000000 0.000000 -0.365375
    37 9.862080 -0.000007 0.000017 -1.091992 0.090907 0.044343
    38 2.641111 0.211586 1.074188 -0.340778 -0.190504 -0.713994
    39 1.361601 0.000000 0.000000 0.033791 0.056509 -0.943913
    40 0.779604 0.000001 0.000000 0.038833 0.124038 0.218150
    41 2.908730 0.220541 0.432493 -0.312825 -0.064540 -0.854119
    42 1.597527 0.000000 0.000000 0.020338 0.043857 -0.899809
    43 0.912678 0.000000 0.000000 -0.002548 -0.008289 0.256412
    44 3.265471 0.051184 -0.415600 -0.320176 -0.091421 -0.907618
    45 1.860470 0.000000 0.000000 0.051611 0.064235 -1.000517
    46 1.061485 0.000000 0.000000 -0.004037 -0.029426 0.237782
    47 3.340403 -0.238762 -1.285691 -0.315698 -0.062609 -0.887483
    48 1.550755 0.000000 0.000000 -0.061667 -0.075946 -1.019680
    49 0.904886 0.000001 0.000000 -0.001669 -0.026281 0.159649
    50 1.219410 -1.061498 -0.840143 -1.725617 0.534025 -0.029356
    51 1.496971 0.000002 0.000000 0.141600 0.113297 -0.458891
    52 1.100088 0.000000 0.000000 -0.031342 0.025865 -0.596322
    53 -26.671875 -14.906250 -5.773438 2.948958 -0.336858 2.017245
    54 0.000000 0.000000 0.000000 -0.077030 -0.068757 -1.299215
    55 7.054213 0.000000 0.000000 0.000000 0.000000 0.000000
    56 0.000000 -0.000007 -0.000031 1.373047 0.113574 0.124314
    57 0.000000 -0.000007 -0.000031 1.373047 0.113574 0.124314
    58 2.856947 -1.536175 -0.973780 -1.501147 -0.272558 -1.578261
    59 0.000000 0.000000 10.000000 0.000000 0.000000 0.000000
    60 2.856899 -1.536201 -0.973800 -1.501147 -0.272558 -1.578261
    61 2.000000 -3.000000 0.000000 -1.570796 0.000000 -1.326450
    62 0.018896 0.665159 9.395880 0.000000 0.000000 0.000000
    63 3.028210 -0.923409 -2.009452 1.574082 -0.012974 1.587244
    64 0.116954 4.311606 0.061861 0.000010 0.000000 0.000000
    65 0.000000 -0.000002 0.000000 0.000000 0.000000 0.000000
    66 0.000000 1.000000 0.000010 0.000000 0.000000 0.000000
    67 -0.000001 0.000000 0.000000 0.000000 0.000000 0.000000
    68 -0.000001 0.000000 0.000000 0.000000 0.000000 0.000000
    69 -0.000001 0.000000 0.000000 0.000000 0.000000 0.000000
time 137
    0 2.357422 -6.410156 26.859375 1.626117 -0.017576 -0.280264
    1 3.455587 0.000000 0.000000 -1.725179 -0.466844 -1.569905
    2 16.572346 0.000000 0.000000 0.000000 0.000000 0.755031
    3 16.265829 0.000000 0.000000 -0.209495 -0.208957 -1.364482
    4 5.046457 0.000000 0.000000 0.009921 -0.018751 -0.580042
    5 -3.455587 0.000000 0.000000 -1.357675 -0.546826 -1.725442
    6 16.572346 0.000000 0.000000 0.000000 0.000000 0.431252
    7 16.265831 0.000000 0.000000 0.191723 -0.290657 -1.159535
    8 5.046457 0.000000 0.000000 -0.100130 0.015002 -0.839531
    9 0.000000 3.703728 0.293189 1.617214 -0.244394 1.537005
    10 3.307846 0.000000 0.000000 0.044016 -0.009828 -0.107339
    11 3.297962 0.000000 0.000000 0.040086 0.027402 -0.173236
    12 6.040985 0.000000 0.000000 0.048370 0.035986 0.236936
    13 5.065758 0.000000 0.000000 2.865584 -0.103400 -0.076679
    14 3.993755 0.000000 0.000000 -0.208046 0.110282 0.958713
    15 3.815876 1.385489 1.500000 -1.568161 -1.059178 -0.252374
    16 4.327093 0.000004 0.000000 2.982682 -0.256241 0.679610
    17 11.105114 0.000000 0.000000 0.000000 0.000000 -0.725584
    18 9.862099 -0.000011 -0.000031 1.500988 -0.168723 0.384649
    19 2.641094 0.214619 -1.073586 0.343640 0.190540 -0.806457
    20 1.361605 -0.000002 0.000000 -0.033852 -0.056532 -1.168171
    21 0.779602 0.000002 0.000000 -0.038792 -0.123973 0.252811
    22 2.908712 0.221762 -0.431868 0.315656 0.064476 -0.893331
    23 1.597527 0.000001 0.000000 -0.020331 -0.043837 -1.158634
    24 0.912680 0.000001 0.000000 0.002529 0.008221 0.233624
    25 3.265450 0.050007 0.415744 0.322996 0.091423 -1.049966
    26 1.860470 0.000000 0.000000 -0.051601 -0.064213 -1.194101
    27 1.061481 -0.000001 0.000000 0.004104 0.029474 0.404443
    28 3.340382 -0.242393 1.285012 0.318526 0.062572 -1.131184
    29 1.550753 0.000001 0.000000 0.061672 0.075949 -1.038656
    30 0.904888 0.000001 0.000000 0.001693 0.026264 0.279791
    31 1.219385 -1.063860 0.837143 1.700710 -0.490026 -0.201183
    32 1.496971 -0.000002 -0.000001 -0.211499 -0.093020 -0.524662
    33 1.100086 0.000000 0.000000 0.034391 -0.021604 -0.723527
    34 3.815876 1.385489 -1.500000 1.175992 0.961015 -0.462247
    35 4.327089 -0.000004 0.000000 -3.104446 0.152943 0.793348
    36 11.105106 0.000000 0.000004 0.000000 0.000000 -0.349672
    37 9.862080 -0.000007 0.000017 -1.062752 0.100648 0.021606
    38 2.641111 0.211586 1.074188 -0.340778 -0.190504 -0.713994
    39 1.361601 0.000000 0.000000 0.033791 0.056509 -0.943913
    40 0.779604 0.000001 0.000000 0.038833 0.124038 0.218150
    41 2.908730 0.220541 0.432493 -0.312825 -0.064540 -0.854119
    42 1.597527 0.000000 0.000000 0.020338 0.043857 -0.899809
    43 0.912678 0.000000 0.000000 -0.002548 -0.008289 0.256412
    44 3.265471 0.051184 -0.415600 -0.320176 -0.091421 -0.907618
    45 1.860470 0.000000 0.000000 0.051611 0.064235 -1.000517
    46 1.061485 0.000000 0.000000 -0.004037 -0.029426 0.237782
    47 3.340403 -0.238762 -1.285691 -0.315698 -0.062609 -0.887483
    48 1.550755 0.000000 0.000000 -0.061667 -0.075946 -1.019680
    49 0.904886 0.000001 0.000000 -0.001669 -0.026281 0.159649
    50 1.219410 -1.061498 -0.840143 -1.725617 0.534025 -0.029356
    51 1.496971 0.000002 0.000000 0.141600 0.113297 -0.458891
    52 1.100088 0.000000 0.000000 -0.031342 0.025865 -0.596322
    53 -26.687500 -11.953125 -2.599609 2.935298 -0.336261 2.013674
    54 0.000000 0.000000 0.000000 -0.077030 -0.068757 -1.299215
    55 7.054213 0.000000 0.000000 0.000000 0.000000 0.000000
    56 0.000000 -0.000007 -0.000031 1.373047 0.113574 0.124314
    57 0.000000 -0.000007 -0.000031 1.373047 0.113574 0.124314
    58 2.856947 -1.536175 -0.973780 -1.501147 -0.272558 -1.578261
    59 0.000000 0.000000 10.000000 0.000000 0.000000 0.000000
    60 2.856899 -1.536201 -0.973800 -1.501147 -0.272558 -1.578261
    61 2.000000 -3.000000 0.000000 -1.570796 0.000000 -1.326450
    62 0.018896 0.665159 9.395880 0.000000 0.000000 0.000000
    63 3.028210 -0.923409 -2.009452 1.574082 -0.012974 1.587244
    64 0.116954 4.311606 0.061861 0.000010 0.000000 0.000000
    65 0.000000 -0.000002 0.000000 0.000000 0.000000 0.000000
    66 0.000000 1.000000 0.000010 0.000000 0.000000 0.000000
    67 -0.000001 0.000000 0.000000 0.000000 0.000000 0.000000
    68 -0.000001 0.000000 0.000000 0.000000 0.000000 0.000000
    69 -0.000001 0.000000 0.000000 0.000000 0.000000 0.000000
time 138
    0 2.546875 -6.472656 26.734375 1.616508 -0.051798 -0.272119
    1 3.455587 0.000000 0.000000 -1.750434 -0.508470 -1.588433
    2 16.572346 0.000000 0.000000 0.000000 0.000000 0.914379
    3 16.265829 0.000000 0.000000 -0.242441 -0.121462 -1.400063
    4 5.046457 0.000000 0.000000 0.009826 -0.018705 -0.572567
    5 -3.455587 0.000000 0.000000 -1.435283 -0.481986 -1.724434
    6 16.572346 0.000000 0.000000 0.000000 0.000000 0.329703
    7 16.265831 0.000000 0.000000 0.158165 -0.105057 -1.108412
    8 5.046457 0.000000 0.000000 -0.100154 0.014976 -0.724536
    9 0.000000 3.703728 0.293189 1.609057 -0.238110 1.524149
    10 3.307846 0.000000 0.000000 0.036026 -0.018150 -0.110817
    11 3.297962 0.000000 0.000000 0.034066 0.020152 -0.170305
    12 6.040985 0.000000 0.000000 0.040529 0.029247 0.242452
    13 5.065758 0.000000 0.000000 2.858330 -0.104547 -0.061150
    14 3.993755 0.000000 0.000000 -0.212152 0.105890 0.944833
    15 3.815876 1.385489 1.500000 -1.560671 -1.033347 -0.257192
    16 4.327093 0.000004 0.000000 2.993663 -0.272481 0.665567
    17 11.105114 0.000000 0.000000 0.000000 0.000000 -0.707701
    18 9.862099 -0.000011 -0.000031 1.506944 -0.158114 0.377738
    19 2.641094 0.214619 -1.073586 0.343640 0.190540 -0.806457
    20 1.361605 -0.000002 0.000000 -0.033852 -0.056532 -1.168171
    21 0.779602 0.000002 0.000000 -0.038792 -0.123973 0.252811
    22 2.908712 0.221762 -0.431868 0.315656 0.064476 -0.893331
    23 1.597527 0.000001 0.000000 -0.020331 -0.043837 -1.158634
    24 0.912680 0.000001 0.000000 0.002529 0.008221 0.233624
    25 3.265450 0.050007 0.415744 0.322996 0.091423 -1.049966
    26 1.860470 0.000000 0.000000 -0.051601 -0.064213 -1.194101
    27 1.061481 -0.000001 0.000000 0.004104 0.029474 0.404443
    28 3.340382 -0.242393 1.285012 0.318526 0.062572 -1.131184
    29 1.550753 0.000001 0.000000 0.061672 0.075949 -1.038656
    30 0.904888 0.000001 0.000000 0.001693 0.026264 0.279791
    31 1.219385 -1.063860 0.837143 1.700710 -0.490026 -0.201183
    32 1.496971 -0.000002 -0.000001 -0.211499 -0.093020 -0.524662
    33 1.100086 0.000000 0.000000 0.034391 -0.021604 -0.723527
    34 3.815876 1.385489 -1.500000 1.197474 0.947641 -0.443825
    35 4.327089 -0.000004 0.000000 3.135222 0.178284 0.786258
    36 11.105106 0.000000 0.000004 0.000000 0.000000 -0.315884
    37 9.862080 -0.000007 0.000017 -1.036041 0.102987 -0.016063
    38 2.641111 0.211586 1.074188 -0.340778 -0.190504 -0.713994
    39 1.361601 0.000000 0.000000 0.033791 0.056509 -0.943913
    40 0.779604 0.000001 0.000000 0.038833 0.124038 0.218150
    41 2.908730 0.220541 0.432493 -0.312825 -0.064540 -0.854119
    42 1.597527 0.000000 0.000000 0.020338 0.043857 -0.899809
    43 0.912678 0.000000 0.000000 -0.002548 -0.008289 0.256412
    44 3.265471 0.051184 -0.415600 -0.320176 -0.091421 -0.907618
    45 1.860470 0.000000 0.000000 0.051611 0.064235 -1.000517
    46 1.061485 0.000000 0.000000 -0.004037 -0.029426 0.237782
    47 3.340403 -0.238762 -1.285691 -0.315698 -0.062609 -0.887483
    48 1.550755 0.000000 0.000000 -0.061667 -0.075946 -1.019680
    49 0.904886 0.000001 0.000000 -0.001669 -0.026281 0.159649
    50 1.219410 -1.061498 -0.840143 -1.725617 0.534025 -0.029356
    51 1.496971 0.000002 0.000000 0.141600 0.113297 -0.458891
    52 1.100088 0.000000 0.000000 -0.031342 0.025865 -0.596322
    53 -24.156250 -11.632813 0.857422 2.924553 -0.342879 2.004542
    54 0.000000 0.000000 0.000000 -0.077030 -0.068757 -1.299215
    55 7.054213 0.000000 0.000000 0.000000 0.000000 0.000000
    56 0.000000 -0.000007 -0.000031 1.373047 0.113574 0.124314
    57 0.000000 -0.000007 -0.000031 1.373047 0.113574 0.124314
    58 2.856947 -1.536175 -0.973780 -1.501147 -0.272558 -1.578261
    59 0.000000 0.000000 10.000000 0.000000 0.000000 0.000000
    60 2.856899 -1.536201 -0.973800 -1.501147 -0.272558 -1.578261
    61 2.000000 -3.000000 0.000000 -1.570796 0.000000 -1.326450
    62 0.018896 0.665159 9.395880 0.000000 0.000000 0.000000
    63 3.028210 -0.923409 -2.009452 1.574082 -0.012974 1.587244
    64 0.116954 4.311606 0.061861 0.000010 0.000000 0.000000
    65 0.000000 -0.000002 0.000000 0.000000 0.000000 0.000000
    66 0.000000 1.000000 0.000010 0.000000 0.000000 0.000000
    67 -0.000001 0.000000 0.000000 0.000000 0.000000 0.000000
    68 -0.000001 0.000000 0.000000 0.000000 0.000000 0.000000
    69 -0.000001 0.000000 0.000000 0.000000 0.000000 0.000000
time 139
    0 2.710938 -6.562500 26.640625 1.614844 -0.071913 -0.259843
    1 3.455587 0.000000 0.000000 -1.793719 -0.536556 -1.583881
    2 16.572346 0.000000 0.000000 0.000000 0.000000 1.018211
    3 16.265829 0.000000 0.000000 -0.280695 -0.033837 -1.421540
    4 5.046457 0.000000 0.000000 0.009848 -0.018713 -0.566001
    5 -3.455587 0.000000 0.000000 -1.481671 -0.428127 -1.716096
    6 16.572346 0.000000 0.000000 0.000000 0.000000 0.267109
    7 16.265831 0.000000 0.000000 0.182233 0.090861 -1.027172
    8 5.046457 0.000000 0.000000 -0.100181 0.015043 -0.554695
    9 0.000000 3.703728 0.293189 1.603186 -0.232774 1.516929
    10 3.307846 0.000000 0.000000 0.030337 -0.022485 -0.113855
    11 3.297962 0.000000 0.000000 0.029098 0.017394 -0.170732
    12 6.040985 0.000000 0.000000 0.035057 0.027915 0.242247
    13 5.065758 0.000000 0.000000 2.849367 -0.105499 -0.079910
    14 3.993755 0.000000 0.000000 -0.220377 0.105996 0.957995
    15 3.815876 1.385489 1.500000 -1.562593 -1.028924 -0.259293
    16 4.327093 0.000004 0.000000 2.993510 -0.291362 0.669849
    17 11.105114 0.000000 0.000000 0.000000 0.000000 -0.690244
    18 9.862099 -0.000011 -0.000031 1.514371 -0.149352 0.372993
    19 2.641094 0.214619 -1.073586 0.343640 0.190540 -0.806457
    20 1.361605 -0.000002 0.000000 -0.033852 -0.056532 -1.168171
    21 0.779602 0.000002 0.000000 -0.038792 -0.123973 0.252811
    22 2.908712 0.221762 -0.431868 0.315656 0.064476 -0.893331
    23 1.597527 0.000001 0.000000 -0.020331 -0.043837 -1.158634
    24 0.912680 0.000001 0.000000 0.002529 0.008221 0.233624
    25 3.265450 0.050007 0.415744 0.322996 0.091423 -1.049966
    26 1.860470 0.000000 0.000000 -0.051601 -0.064213 -1.194101
    27 1.061481 -0.000001 0.000000 0.004104 0.029474 0.404443
    28 3.340382 -0.242393 1.285012 0.318526 0.062572 -1.131184
    29 1.550753 0.000001 0.000000 0.061672 0.075949 -1.038656
    30 0.904888 0.000001 0.000000 0.001693 0.026264 0.279791
    31 1.219385 -1.063860 0.837143 1.700710 -0.490026 -0.201183
    32 1.496971 -0.000002 -0.000001 -0.211499 -0.093020 -0.524662
    33 1.100086 0.000000 0.000000 0.034391 -0.021604 -0.723527
    34 3.815876 1.385489 -1.500000 1.216969 0.939683 -0.426725
    35 4.327089 -0.000004 0.000000 3.100323 0.191039 0.782126
    36 11.105106 0.000000 0.000004 0.000000 0.000000 -0.294223
    37 9.862080 -0.000007 0.000017 -1.015149 0.100153 -0.048518
    38 2.641111 0.211586 1.074188 -0.340778 -0.190504 -0.713994
    39 1.361601 0.000000 0.000000 0.033791 0.056509 -0.943913
    40 0.779604 0.000001 0.000000 0.038833 0.124038 0.218150
    41 2.908730 0.220541 0.432493 -0.312825 -0.064540 -0.854119
    42 1.597527 0.000000 0.000000 0.020338 0.043857 -0.899809
    43 0.912678 0.000000 0.000000 -0.002548 -0.008289 0.256412
    44 3.265471 0.051184 -0.415600 -0.320176 -0.091421 -0.907618
    45 1.860470 0.000000 0.000000 0.051611 0.064235 -1.000517
    46 1.061485 0.000000 0.000000 -0.004037 -0.029426 0.237782
    47 3.340403 -0.238762 -1.285691 -0.315698 -0.062609 -0.887483
    48 1.550755 0.000000 0.000000 -0.061667 -0.075946 -1.019680
    49 0.904886 0.000001 0.000000 -0.001669 -0.026281 0.159649
    50 1.219410 -1.061498 -0.840143 -1.725617 0.534025 -0.029356
    51 1.496971 0.000002 0.000000 0.141600 0.113297 -0.458891
    52 1.100088 0.000000 0.000000 -0.031342 0.025865 -0.596322
    53 -20.562500 -14.062500 2.533203 2.918145 -0.355754 1.999361
    54 0.000000 0.000000 0.000000 -0.077030 -0.068757 -1.299215
    55 7.054213 0.000000 0.000000 0.000000 0.000000 0.000000
    56 0.000000 -0.000007 -0.000031 1.373047 0.113574 0.124314
    57 0.000000 -0.000007 -0.000031 1.373047 0.113574 0.124314
    58 2.856947 -1.536175 -0.973780 -1.501147 -0.272558 -1.578261
    59 0.000000 0.000000 10.000000 0.000000 0.000000 0.000000
    60 2.856899 -1.536201 -0.973800 -1.501147 -0.272558 -1.578261
    61 2.000000 -3.000000 0.000000 -1.570796 0.000000 -1.326450
    62 0.018896 0.665159 9.395880 0.000000 0.000000 0.000000
    63 3.028210 -0.923409 -2.009452 1.574082 -0.012974 1.587244
    64 0.116954 4.311606 0.061861 0.000010 0.000000 0.000000
    65 0.000000 -0.000002 0.000000 0.000000 0.000000 0.000000
    66 0.000000 1.000000 0.000010 0.000000 0.000000 0.000000
    67 -0.000001 0.000000 0.000000 0.000000 0.000000 0.000000
    68 -0.000001 0.000000 0.000000 0.000000 0.000000 0.000000
    69 -0.000001 0.000000 0.000000 0.000000 0.000000 0.000000
time 140
    0 2.824219 -6.730469 26.593750 1.621413 -0.086545 -0.242309
    1 3.455587 0.000000 0.000000 -1.853934 -0.549478 -1.564213
    2 16.572346 0.000000 0.000000 0.000000 0.000000 1.071707
    3 16.265829 0.000000 0.000000 -0.315975 0.000820 -1.455020
    4 5.046457 0.000000 0.000000 0.009865 -0.018733 -0.516992
    5 -3.455587 0.000000 0.000000 -1.489552 -0.377909 -1.708269
    6 16.572346 0.000000 0.000000 0.000000 0.000000 0.229352
    7 16.265831 0.000000 0.000000 0.204651 0.208610 -0.943393
    8 5.046457 0.000000 0.000000 -0.100168 0.015026 -0.434957
    9 0.000000 3.703728 0.293189 1.596680 -0.224614 1.513684
    10 3.307846 0.000000 0.000000 0.024077 -0.025475 -0.117969
    11 3.297962 0.000000 0.000000 0.023540 0.013457 -0.171165
    12 6.040985 0.000000 0.000000 0.028495 0.023915 0.243297
    13 5.065758 0.000000 0.000000 2.845227 -0.098413 -0.124704
    14 3.993755 0.000000 0.000000 -0.228659 0.098818 0.997226
    15 3.815876 1.385489 1.500000 -1.565009 -1.035785 -0.256823
    16 4.327093 0.000004 0.000000 2.995153 -0.288181 0.691821
    17 11.105114 0.000000 0.000000 0.000000 0.000000 -0.673024
    18 9.862099 -0.000011 -0.000031 1.515972 -0.140852 0.373698
    19 2.641094 0.214619 -1.073586 0.343640 0.190540 -0.806457
    20 1.361605 -0.000002 0.000000 -0.033852 -0.056532 -1.168171
    21 0.779602 0.000002 0.000000 -0.038792 -0.123973 0.252811
    22 2.908712 0.221762 -0.431868 0.315656 0.064476 -0.893331
    23 1.597527 0.000001 0.000000 -0.020331 -0.043837 -1.158634
    24 0.912680 0.000001 0.000000 0.002529 0.008221 0.233624
    25 3.265450 0.050007 0.415744 0.322996 0.091423 -1.049966
    26 1.860470 0.000000 0.000000 -0.051601 -0.064213 -1.194101
    27 1.061481 -0.000001 0.000000 0.004104 0.029474 0.404443
    28 3.340382 -0.242393 1.285012 0.318526 0.062572 -1.131184
    29 1.550753 0.000001 0.000000 0.061672 0.075949 -1.038656
    30 0.904888 0.000001 0.000000 0.001693 0.026264 0.279791
    31 1.219385 -1.063860 0.837143 1.700710 -0.490026 -0.201183
    32 1.496971 -0.000002 -0.000001 -0.211499 -0.093020 -0.524662
    33 1.100086 0.000000 0.000000 0.034391 -0.021604 -0.723527
    34 3.815876 1.385489 -1.500000 1.239106 0.943725 -0.407889
    35 4.327089 -0.000004 0.000000 3.089252 0.190221 0.774028
    36 11.105106 0.000000 0.000004 0.000000 0.000000 -0.293176
    37 9.862080 -0.000007 0.000017 -1.007506 0.098364 -0.057108
    38 2.641111 0.211586 1.074188 -0.340778 -0.190504 -0.713994
    39 1.361601 0.000000 0.000000 0.033791 0.056509 -0.943913
    40 0.779604 0.000001 0.000000 0.038833 0.124038 0.218150
    41 2.908730 0.220541 0.432493 -0.312825 -0.064540 -0.854119
    42 1.597527 0.000000 0.000000 0.020338 0.043857 -0.899809
    43 0.912678 0.000000 0.000000 -0.002548 -0.008289 0.256412
    44 3.265471 0.051184 -0.415600 -0.320176 -0.091421 -0.907618
    45 1.860470 0.000000 0.000000 0.051611 0.064235 -1.000517
    46 1.061485 0.000000 0.000000 -0.004037 -0.029426 0.237782
    47 3.340403 -0.238762 -1.285691 -0.315698 -0.062609 -0.887483
    48 1.550755 0.000000 0.000000 -0.061667 -0.075946 -1.019680
    49 0.904886 0.000001 0.000000 -0.001669 -0.026281 0.159649
    50 1.219410 -1.061498 -0.840143 -1.725617 0.534025 -0.029356
    51 1.496971 0.000002 0.000000 0.141600 0.113297 -0.458891
    52 1.100088 0.000000 0.000000 -0.031342 0.025865 -0.596322
    53 -17.296875 -17.640625 2.011719 2.922324 -0.356854 1.993791
    54 0.000000 0.000000 0.000000 -0.077030 -0.068757 -1.299215
    55 7.054213 0.000000 0.000000 0.000000 0.000000 0.000000
    56 0.000000 -0.000007 -0.000031 1.373047 0.113574 0.124314
    57 0.000000 -0.000007 -0.000031 1.373047 0.113574 0.124314
    58 2.856947 -1.536175 -0.973780 -1.501147 -0.272558 -1.578261
    59 0.000000 0.000000 10.000000 0.000000 0.000000 0.000000
    60 2.856899 -1.536201 -0.973800 -1.501147 -0.272558 -1.578261
    61 2.000000 -3.000000 0.000000 -1.570796 0.000000 -1.326450
    62 0.018896 0.665159 9.395880 0.000000 0.000000 0.000000
    63 3.028210 -0.923409 -2.009452 1.574082 -0.012974 1.587244
    64 0.116954 4.311606 0.061861 0.000010 0.000000 0.000000
    65 0.000000 -0.000002 0.000000 0.000000 0.000000 0.000000
    66 0.000000 1.000000 0.000010 0.000000 0.000000 0.000000
    67 -0.000001 0.000000 0.000000 0.000000 0.000000 0.000000
    68 -0.000001 0.000000 0.000000 0.000000 0.000000 0.000000
    69 -0.000001 0.000000 0.000000 0.000000 0.000000 0.000000
time 141
    0 2.902344 -6.910156 26.546875 1.631878 -0.094314 -0.221108
    1 3.455587 0.000000 0.000000 -1.933155 -0.547361 -1.528060
    2 16.572346 0.000000 0.000000 0.000000 0.000000 1.075624
    3 16.265829 0.000000 0.000000 -0.339804 0.009425 -1.477256
    4 5.046457 0.000000 0.000000 0.009864 -0.018734 -0.516903
    5 -3.455587 0.000000 0.000000 -1.497838 -0.329417 -1.693060
    6 16.572346 0.000000 0.000000 0.000000 0.000000 0.216323
    7 16.265831 0.000000 0.000000 0.202257 0.211814 -0.883061
    8 5.046457 0.000000 0.000000 -0.100224 0.014996 -0.404381
    9 0.000000 3.703728 0.293189 1.588801 -0.218285 1.516083
    10 3.307846 0.000000 0.000000 0.016718 -0.026057 -0.121249
    11 3.297962 0.000000 0.000000 0.017215 0.007372 -0.171511
    12 6.040985 0.000000 0.000000 0.020324 0.015333 0.244568
    13 5.065758 0.000000 0.000000 2.847187 -0.084553 -0.169913
    14 3.993755 0.000000 0.000000 -0.234055 0.081188 1.045953
    15 3.815876 1.385489 1.500000 -1.575067 -1.043648 -0.235113
    16 4.327093 0.000004 0.000000 3.005736 -0.248958 0.726418
    17 11.105114 0.000000 0.000000 0.000000 0.000000 -0.645379
    18 9.862099 -0.000011 -0.000031 1.508999 -0.126438 0.371671
    19 2.641094 0.214619 -1.073586 0.343640 0.190540 -0.806457
    20 1.361605 -0.000002 0.000000 -0.033852 -0.056532 -1.168171
    21 0.779602 0.000002 0.000000 -0.038792 -0.123973 0.252811
    22 2.908712 0.221762 -0.431868 0.315656 0.064476 -0.893331
    23 1.597527 0.000001 0.000000 -0.020331 -0.043837 -1.158634
    24 0.912680 0.000001 0.000000 0.002529 0.008221 0.233624
    25 3.265450 0.050007 0.415744 0.322996 0.091423 -1.049966
    26 1.860470 0.000000 0.000000 -0.051601 -0.064213 -1.194101
    27 1.061481 -0.000001 0.000000 0.004104 0.029474 0.404443
    28 3.340382 -0.242393 1.285012 0.318526 0.062572 -1.131184
    29 1.550753 0.000001 0.000000 0.061672 0.075949 -1.038656
    30 0.904888 0.000001 0.000000 0.001693 0.026264 0.279791
    31 1.219385 -1.063860 0.837143 1.700710 -0.490026 -0.201183
    32 1.496971 -0.000002 -0.000001 -0.211499 -0.093020 -0.524662
    33 1.100086 0.000000 0.000000 0.034391 -0.021604 -0.723527
    34 3.815876 1.385489 -1.500000 1.259489 0.954586 -0.399713
    35 4.327089 -0.000004 0.000000 3.116270 0.191355 0.767151
    36 11.105106 0.000000 0.000004 0.000000 0.000000 -0.294398
    37 9.862080 -0.000007 0.000017 -1.019126 0.101970 -0.057904
    38 2.641111 0.211586 1.074188 -0.340778 -0.190504 -0.713994
    39 1.361601 0.000000 0.000000 0.033791 0.056509 -0.943913
    40 0.779604 0.000001 0.000000 0.038833 0.124038 0.218150
    41 2.908730 0.220541 0.432493 -0.312825 -0.064540 -0.854119
    42 1.597527 0.000000 0.000000 0.020338 0.043857 -0.899809
    43 0.912678 0.000000 0.000000 -0.002548 -0.008289 0.256412
    44 3.265471 0.051184 -0.415600 -0.320176 -0.091421 -0.907618
    45 1.860470 0.000000 0.000000 0.051611 0.064235 -1.000517
    46 1.061485 0.000000 0.000000 -0.004037 -0.029426 0.237782
    47 3.340403 -0.238762 -1.285691 -0.315698 -0.062609 -0.887483
    48 1.550755 0.000000 0.000000 -0.061667 -0.075946 -1.019680
    49 0.904886 0.000001 0.000000 -0.001669 -0.026281 0.159649
    50 1.219410 -1.061498 -0.840143 -1.725617 0.534025 -0.029356
    51 1.496971 0.000002 0.000000 0.141600 0.113297 -0.458891
    52 1.100088 0.000000 0.000000 -0.031342 0.025865 -0.596322
    53 -16.359375 -20.703125 -1.174805 2.939019 -0.342482 1.980922
    54 0.000000 0.000000 0.000000 -0.077030 -0.068757 -1.299215
    55 7.054213 0.000000 0.000000 0.000000 0.000000 0.000000
    56 0.000000 -0.000007 -0.000031 1.373047 0.113574 0.124314
    57 0.000000 -0.000007 -0.000031 1.373047 0.113574 0.124314
    58 2.856947 -1.536175 -0.973780 -1.501147 -0.272558 -1.578261
    59 0.000000 0.000000 10.000000 0.000000 0.000000 0.000000
    60 2.856899 -1.536201 -0.973800 -1.501147 -0.272558 -1.578261
    61 2.000000 -3.000000 0.000000 -1.570796 0.000000 -1.326450
    62 0.018896 0.665159 9.395880 0.000000 0.000000 0.000000
    63 3.028210 -0.923409 -2.009452 1.574082 -0.012974 1.587244
    64 0.116954 4.311606 0.061861 0.000010 0.000000 0.000000
    65 0.000000 -0.000002 0.000000 0.000000 0.000000 0.000000
    66 0.000000 1.000000 0.000010 0.000000 0.000000 0.000000
    67 -0.000001 0.000000 0.000000 0.000000 0.000000 0.000000
    68 -0.000001 0.000000 0.000000 0.000000 0.000000 0.000000
    69 -0.000001 0.000000 0.000000 0.000000 0.000000 0.000000
time 142
    0 2.923828 -7.074219 26.453125 1.643257 -0.100295 -0.196572
    1 3.455587 0.000000 0.000000 -2.016064 -0.538989 -1.485503
    2 16.572346 0.000000 0.000000 0.000000 0.000000 1.053683
    3 16.265829 0.000000 0.000000 -0.363684 0.020870 -1.480331
    4 5.046457 0.000000 0.000000 0.009870 -0.018762 -0.541769
    5 -3.455587 0.000000 0.000000 -1.519061 -0.289828 -1.675068
    6 16.572346 0.000000 0.000000 0.000000 0.000000 0.230135
    7 16.265831 0.000000 0.000000 0.192243 0.134935 -0.837722
    8 5.046457 0.000000 0.000000 -0.100216 0.015003 -0.398824
    9 0.000000 3.703728 0.293189 1.580636 -0.215579 1.514882
    10 3.307846 0.000000 0.000000 0.008718 -0.027746 -0.123226
    11 3.297962 0.000000 0.000000 0.009844 0.003374 -0.174499
    12 6.040985 0.000000 0.000000 0.011757 0.011714 0.239600
    13 5.065758 0.000000 0.000000 2.849547 -0.072406 -0.200682
    14 3.993755 0.000000 0.000000 -0.238312 0.066970 1.079543
    15 3.815876 1.385489 1.500000 -1.581115 -1.040152 -0.227596
    16 4.327093 0.000004 0.000000 3.034314 -0.219058 0.746879
    17 11.105114 0.000000 0.000000 0.000000 0.000000 -0.618949
    18 9.862099 -0.000011 -0.000031 1.494904 -0.110675 0.369391
    19 2.641094 0.214619 -1.073586 0.343640 0.190540 -0.806457
    20 1.361605 -0.000002 0.000000 -0.033852 -0.056532 -1.168171
    21 0.779602 0.000002 0.000000 -0.038792 -0.123973 0.252811
    22 2.908712 0.221762 -0.431868 0.315656 0.064476 -0.893331
    23 1.597527 0.000001 0.000000 -0.020331 -0.043837 -1.158634
    24 0.912680 0.000001 0.000000 0.002529 0.008221 0.233624
    25 3.265450 0.050007 0.415744 0.322996 0.091423 -1.049966
    26 1.860470 0.000000 0.000000 -0.051601 -0.064213 -1.194101
    27 1.061481 -0.000001 0.000000 0.004104 0.029474 0.404443
    28 3.340382 -0.242393 1.285012 0.318526 0.062572 -1.131184
    29 1.550753 0.000001 0.000000 0.061672 0.075949 -1.038656
    30 0.904888 0.000001 0.000000 0.001693 0.026264 0.279791
    31 1.219385 -1.063860 0.837143 1.700710 -0.490026 -0.201183
    32 1.496971 -0.000002 -0.000001 -0.211499 -0.093020 -0.524662
    33 1.100086 0.000000 0.000000 0.034391 -0.021604 -0.723527
    34 3.815876 1.385489 -1.500000 1.274476 0.957376 -0.393929
    35 4.327089 -0.000004 0.000000 3.138238 0.192089 0.755115
    36 11.105106 0.000000 0.000004 0.000000 0.000000 -0.290820
    37 9.862080 -0.000007 0.000017 -1.027129 0.101317 -0.065414
    38 2.641111 0.211586 1.074188 -0.340778 -0.190504 -0.713994
    39 1.361601 0.000000 0.000000 0.033791 0.056509 -0.943913
    40 0.779604 0.000001 0.000000 0.038833 0.124038 0.218150
    41 2.908730 0.220541 0.432493 -0.312825 -0.064540 -0.854119
    42 1.597527 0.000000 0.000000 0.020338 0.043857 -0.899809
    43 0.912678 0.000000 0.000000 -0.002548 -0.008289 0.256412
    44 3.265471 0.051184 -0.415600 -0.320176 -0.091421 -0.907618
    45 1.860470 0.000000 0.000000 0.051611 0.064235 -1.000517
    46 1.061485 0.000000 0.000000 -0.004037 -0.029426 0.237782
    47 3.340403 -0.238762 -1.285691 -0.315698 -0.062609 -0.887483
    48 1.550755 0.000000 0.000000 -0.061667 -0.075946 -1.019680
    49 0.904886 0.000001 0.000000 -0.001669 -0.026281 0.159649
    50 1.219410 -1.061498 -0.840143 -1.725617 0.534025 -0.029356
    51 1.496971 0.000002 0.000000 0.141600 0.113297 -0.458891
    52 1.100088 0.000000 0.000000 -0.031342 0.025865 -0.596322
    53 -17.875000 -22.109375 -5.378906 2.957392 -0.312638 1.967271
    54 0.000000 0.000000 0.000000 -0.077030 -0.068757 -1.299215
    55 7.054213 0.000000 0.000000 0.000000 0.000000 0.000000
    56 0.000000 -0.000007 -0.000031 1.373047 0.113574 0.124314
    57 0.000000 -0.000007 -0.000031 1.373047 0.113574 0.124314
    58 2.856947 -1.536175 -0.973780 -1.501147 -0.272558 -1.578261
    59 0.000000 0.000000 10.000000 0.000000 0.000000 0.000000
    60 2.856899 -1.536201 -0.973800 -1.501147 -0.272558 -1.578261
    61 2.000000 -3.000000 0.000000 -1.570796 0.000000 -1.326450
    62 0.018896 0.665159 9.395880 0.000000 0.000000 0.000000
    63 3.028210 -0.923409 -2.009452 1.574082 -0.012974 1.587244
    64 0.116954 4.311606 0.061861 0.000010 0.000000 0.000000
    65 0.000000 -0.000002 0.000000 0.000000 0.000000 0.000000
    66 0.000000 1.000000 0.000010 0.000000 0.000000 0.000000
    67 -0.000001 0.000000 0.000000 0.000000 0.000000 0.000000
    68 -0.000001 0.000000 0.000000 0.000000 0.000000 0.000000
    69 -0.000001 0.000000 0.000000 0.000000 0.000000 0.000000
time 143
    0 2.861328 -7.242188 26.343750 1.652104 -0.108925 -0.164874
    1 3.455587 0.000000 0.000000 -2.111929 -0.523487 -1.435992
    2 16.572346 0.000000 0.000000 0.000000 0.000000 1.029103
    3 16.265829 0.000000 0.000000 -0.403354 0.055510 -1.493904
    4 5.046457 0.000000 0.000000 0.009831 -0.018729 -0.522262
    5 -3.455587 0.000000 0.000000 -1.540578 -0.256575 -1.661545
    6 16.572346 0.000000 0.000000 0.000000 0.000000 0.253179
    7 16.265831 0.000000 0.000000 0.160833 -0.011287 -0.752469
    8 5.046457 0.000000 0.000000 -0.100204 0.015042 -0.412591
    9 0.000000 3.703728 0.293189 1.571293 -0.213283 1.507707
    10 3.307846 0.000000 0.000000 -0.000319 -0.032198 -0.125093
    11 3.297962 0.000000 0.000000 0.000980 0.001647 -0.177459
    12 6.040985 0.000000 0.000000 0.002865 0.014005 0.234245
    13 5.065758 0.000000 0.000000 2.849837 -0.071059 -0.208258
    14 3.993755 0.000000 0.000000 -0.239113 0.067236 1.085958
    15 3.815876 1.385489 1.500000 -1.579072 -1.032256 -0.227292
    16 4.327093 0.000004 0.000000 3.078814 -0.191950 0.762612
    17 11.105114 0.000000 0.000000 0.000000 0.000000 -0.592178
    18 9.862099 -0.000011 -0.000031 1.472816 -0.100401 0.374919
    19 2.641094 0.214619 -1.073586 0.343640 0.190540 -0.806457
    20 1.361605 -0.000002 0.000000 -0.033852 -0.056532 -1.168171
    21 0.779602 0.000002 0.000000 -0.038792 -0.123973 0.252811
    22 2.908712 0.221762 -0.431868 0.315656 0.064476 -0.893331
    23 1.597527 0.000001 0.000000 -0.020331 -0.043837 -1.158634
    24 0.912680 0.000001 0.000000 0.002529 0.008221 0.233624
    25 3.265450 0.050007 0.415744 0.322996 0.091423 -1.049966
    26 1.860470 0.000000 0.000000 -0.051601 -0.064213 -1.194101
    27 1.061481 -0.000001 0.000000 0.004104 0.029474 0.404443
    28 3.340382 -0.242393 1.285012 0.318526 0.062572 -1.131184
    29 1.550753 0.000001 0.000000 0.061672 0.075949 -1.038656
    30 0.904888 0.000001 0.000000 0.001693 0.026264 0.279791
    31 1.219385 -1.063860 0.837143 1.700710 -0.490026 -0.201183
    32 1.496971 -0.000002 -0.000001 -0.211499 -0.093020 -0.524662
    33 1.100086 0.000000 0.000000 0.034391 -0.021604 -0.723527
    34 3.815876 1.385489 -1.500000 1.284622 0.952781 -0.383296
    35 4.327089 -0.000004 0.000000 3.135223 0.183167 0.730055
    36 11.105106 0.000000 0.000004 0.000000 0.000000 -0.299111
    37 9.862080 -0.000007 0.000017 -1.021024 0.093586 -0.070062
    38 2.641111 0.211586 1.074188 -0.340778 -0.190504 -0.713994
    39 1.361601 0.000000 0.000000 0.033791 0.056509 -0.943913
    40 0.779604 0.000001 0.000000 0.038833 0.124038 0.218150
    41 2.908730 0.220541 0.432493 -0.312825 -0.064540 -0.854119
    42 1.597527 0.000000 0.000000 0.020338 0.043857 -0.899809
    43 0.912678 0.000000 0.000000 -0.002548 -0.008289 0.256412
    44 3.265471 0.051184 -0.415600 -0.320176 -0.091421 -0.907618
    45 1.860470 0.000000 0.000000 0.051611 0.064235 -1.000517
    46 1.061485 0.000000 0.000000 -0.004037 -0.029426 0.237782
    47 3.340403 -0.238762 -1.285691 -0.315698 -0.062609 -0.887483
    48 1.550755 0.000000 0.000000 -0.061667 -0.075946 -1.019680
    49 0.904886 0.000001 0.000000 -0.001669 -0.026281 0.159649
    50 1.219410 -1.061498 -0.840143 -1.725617 0.534025 -0.029356
    51 1.496971 0.000002 0.000000 0.141600 0.113297 -0.458891
    52 1.100088 0.000000 0.000000 -0.031342 0.025865 -0.596322
    53 -21.015625 -20.687500 -8.421875 2.973483 -0.261976 1.953247
    54 0.000000 0.000000 0.000000 -0.077030 -0.068757 -1.299215
    55 7.054213 0.000000 0.000000 0.000000 0.000000 0.000000
    56 0.000000 -0.000007 -0.000031 1.373047 0.113574 0.124314
    57 0.000000 -0.000007 -0.000031 1.373047 0.113574 0.124314
    58 2.856947 -1.536175 -0.973780 -1.501147 -0.272558 -1.578261
    59 0.000000 0.000000 10.000000 0.000000 0.000000 0.000000
    60 2.856899 -1.536201 -0.973800 -1.501147 -0.272558 -1.578261
    61 2.000000 -3.000000 0.000000 -1.570796 0.000000 -1.326450
    62 0.018896 0.665159 9.395880 0.000000 0.000000 0.000000
    63 3.028210 -0.923409 -2.009452 1.574082 -0.012974 1.587244
    64 0.116954 4.311606 0.061861 0.000010 0.000000 0.000000
    65 0.000000 -0.000002 0.000000 0.000000 0.000000 0.000000
    66 0.000000 1.000000 0.000010 0.000000 0.000000 0.000000
    67 -0.000001 0.000000 0.000000 0.000000 0.000000 0.000000
    68 -0.000001 0.000000 0.000000 0.000000 0.000000 0.000000
    69 -0.000001 0.000000 0.000000 0.000000 0.000000 0.000000
time 144
    0 2.716797 -7.390625 26.250000 1.661282 -0.117282 -0.127652
    1 3.455587 0.000000 0.000000 -2.223547 -0.512222 -1.374525
    2 16.572346 0.000000 0.000000 0.000000 0.000000 1.030591
    3 16.265829 0.000000 0.000000 -0.406871 0.114119 -1.514122
    4 5.046457 0.000000 0.000000 0.009889 -0.018773 -0.534963
    5 -3.455587 0.000000 0.000000 -1.561872 -0.228503 -1.647627
    6 16.572346 0.000000 0.000000 0.000000 0.000000 0.270071
    7 16.265831 0.000000 0.000000 0.089306 -0.170194 -0.643027
    8 5.046457 0.000000 0.000000 -0.100228 0.014974 -0.404821
    9 0.000000 3.703728 0.293189 1.561452 -0.207947 1.498066
    10 3.307846 0.000000 0.000000 -0.009950 -0.037751 -0.128119
    11 3.297962 0.000000 0.000000 -0.008221 0.000824 -0.178678
    12 6.040985 0.000000 0.000000 -0.005975 0.018777 0.232784
    13 5.065758 0.000000 0.000000 2.846749 -0.086358 -0.194740
    14 3.993755 0.000000 0.000000 -0.235193 0.082390 1.071748
    15 3.815876 1.385489 1.500000 -1.583038 -1.021227 -0.217015
    16 4.327093 0.000004 0.000000 3.093270 -0.169878 0.774856
    17 11.105114 0.000000 0.000000 0.000000 0.000000 -0.566326
    18 9.862099 -0.000011 -0.000031 1.459691 -0.100297 0.373896
    19 2.641094 0.214619 -1.073586 0.343640 0.190540 -0.806457
    20 1.361605 -0.000002 0.000000 -0.033852 -0.056532 -1.168171
    21 0.779602 0.000002 0.000000 -0.038792 -0.123973 0.252811
    22 2.908712 0.221762 -0.431868 0.315656 0.064476 -0.893331
    23 1.597527 0.000001 0.000000 -0.020331 -0.043837 -1.158634
    24 0.912680 0.000001 0.000000 0.002529 0.008221 0.233624
    25 3.265450 0.050007 0.415744 0.322996 0.091423 -1.049966
    26 1.860470 0.000000 0.000000 -0.051601 -0.064213 -1.194101
    27 1.061481 -0.000001 0.000000 0.004104 0.029474 0.404443
    28 3.340382 -0.242393 1.285012 0.318526 0.062572 -1.131184
    29 1.550753 0.000001 0.000000 0.061672 0.075949 -1.038656
    30 0.904888 0.000001 0.000000 0.001693 0.026264 0.279791
    31 1.219385 -1.063860 0.837143 1.700710 -0.490026 -0.201183
    32 1.496971 -0.000002 -0.000001 -0.211499 -0.093020 -0.524662
    33 1.100086 0.000000 0.000000 0.034391 -0.021604 -0.723527
    34 3.815876 1.385489 -1.500000 1.292987 0.952460 -0.374281
    35 4.327089 -0.000004 0.000000 3.090727 0.164686 0.716706
    36 11.105106 0.000000 0.000004 0.000000 0.000000 -0.291954
    37 9.862080 -0.000007 0.000017 -0.999987 0.081350 -0.076940
    38 2.641111 0.211586 1.074188 -0.340778 -0.190504 -0.713994
    39 1.361601 0.000000 0.000000 0.033791 0.056509 -0.943913
    40 0.779604 0.000001 0.000000 0.038833 0.124038 0.218150
    41 2.908730 0.220541 0.432493 -0.312825 -0.064540 -0.854119
    42 1.597527 0.000000 0.000000 0.020338 0.043857 -0.899809
    43 0.912678 0.000000 0.000000 -0.002548 -0.008289 0.256412
    44 3.265471 0.051184 -0.415600 -0.320176 -0.091421 -0.907618
    45 1.860470 0.000000 0.000000 0.051611 0.064235 -1.000517
    46 1.061485 0.000000 0.000000 -0.004037 -0.029426 0.237782
    47 3.340403 -0.238762 -1.285691 -0.315698 -0.062609 -0.887483
    48 1.550755 0.000000 0.000000 -0.061667 -0.075946 -1.019680
    49 0.904886 0.000001 0.000000 -0.001669 -0.026281 0.159649
    50 1.219410 -1.061498 -0.840143 -1.725617 0.534025 -0.029356
    51 1.496971 0.000002 0.000000 0.141600 0.113297 -0.458891
    52 1.100088 0.000000 0.000000 -0.031342 0.025865 -0.596322
    53 -23.796875 -15.960938 -7.894531 2.985652 -0.240998 1.938970
    54 0.000000 0.000000 0.000000 -0.077030 -0.068757 -1.299215
    55 7.054213 0.000000 0.000000 0.000000 0.000000 0.000000
    56 0.000000 -0.000007 -0.000031 1.373047 0.113574 0.124314
    57 0.000000 -0.000007 -0.000031 1.373047 0.113574 0.124314
    58 2.856947 -1.536175 -0.973780 -1.501147 -0.272558 -1.578261
    59 0.000000 0.000000 10.000000 0.000000 0.000000 0.000000
    60 2.856899 -1.536201 -0.973800 -1.501147 -0.272558 -1.578261
    61 2.000000 -3.000000 0.000000 -1.570796 0.000000 -1.326450
    62 0.018896 0.665159 9.395880 0.000000 0.000000 0.000000
    63 3.028210 -0.923409 -2.009452 1.574082 -0.012974 1.587244
    64 0.116954 4.311606 0.061861 0.000010 0.000000 0.000000
    65 0.000000 -0.000002 0.000000 0.000000 0.000000 0.000000
    66 0.000000 1.000000 0.000010 0.000000 0.000000 0.000000
    67 -0.000001 0.000000 0.000000 0.000000 0.000000 0.000000
    68 -0.000001 0.000000 0.000000 0.000000 0.000000 0.000000
    69 -0.000001 0.000000 0.000000 0.000000 0.000000 0.000000
time 145
    0 2.546875 -7.480469 26.203125 1.672057 -0.122301 -0.092541
    1 3.455587 0.000000 0.000000 -2.323361 -0.517541 -1.307982
    2 16.572346 0.000000 0.000000 0.000000 0.000000 1.075926
    3 16.265829 0.000000 0.000000 -0.403686 0.146431 -1.534863
    4 5.046457 0.000000 0.000000 0.009840 -0.018778 -0.538634
    5 -3.455587 0.000000 0.000000 -1.603176 -0.212535 -1.630547
    6 16.572346 0.000000 0.000000 0.000000 0.000000 0.296492
    7 16.265831 0.000000 0.000000 0.028593 -0.278126 -0.579425
    8 5.046457 0.000000 0.000000 -0.100216 0.014970 -0.363349
    9 0.000000 3.703728 0.293189 1.553686 -0.200870 1.493840
    10 3.307846 0.000000 0.000000 -0.017439 -0.041212 -0.131935
    11 3.297962 0.000000 0.000000 -0.015118 -0.002486 -0.179267
    12 6.040985 0.000000 0.000000 -0.013396 0.016956 0.233511
    13 5.065758 0.000000 0.000000 2.846931 -0.105132 -0.175972
    14 3.993755 0.000000 0.000000 -0.226673 0.099209 1.053549
    15 3.815876 1.385489 1.500000 -1.587340 -1.010854 -0.200528
    16 4.327093 0.000004 0.000000 3.080340 -0.150396 0.789468
    17 11.105114 0.000000 0.000000 0.000000 0.000000 -0.545051
    18 9.862099 -0.000011 -0.000031 1.453793 -0.101729 0.361718
    19 2.641094 0.214619 -1.073586 0.343640 0.190540 -0.806457
    20 1.361605 -0.000002 0.000000 -0.033852 -0.056532 -1.168171
    21 0.779602 0.000002 0.000000 -0.038792 -0.123973 0.252811
    22 2.908712 0.221762 -0.431868 0.315656 0.064476 -0.893331
    23 1.597527 0.000001 0.000000 -0.020331 -0.043837 -1.158634
    24 0.912680 0.000001 0.000000 0.002529 0.008221 0.233624
    25 3.265450 0.050007 0.415744 0.322996 0.091423 -1.049966
    26 1.860470 0.000000 0.000000 -0.051601 -0.064213 -1.194101
    27 1.061481 -0.000001 0.000000 0.004104 0.029474 0.404443
    28 3.340382 -0.242393 1.285012 0.318526 0.062572 -1.131184
    29 1.550753 0.000001 0.000000 0.061672 0.075949 -1.038656
    30 0.904888 0.000001 0.000000 0.001693 0.026264 0.279791
    31 1.219385 -1.063860 0.837143 1.700710 -0.490026 -0.201183
    32 1.496971 -0.000002 -0.000001 -0.211499 -0.093020 -0.524662
    33 1.100086 0.000000 0.000000 0.034391 -0.021604 -0.723527
    34 3.815876 1.385489 -1.500000 1.296719 0.964656 -0.367167
    35 4.327089 -0.000004 0.000000 3.021165 0.138725 0.711514
    36 11.105106 0.000000 0.000004 0.000000 0.000000 -0.292827
    37 9.862080 -0.000007 0.000017 -0.968139 0.075089 -0.068087
    38 2.641111 0.211586 1.074188 -0.340778 -0.190504 -0.713994
    39 1.361601 0.000000 0.000000 0.033791 0.056509 -0.943913
    40 0.779604 0.000001 0.000000 0.038833 0.124038 0.218150
    41 2.908730 0.220541 0.432493 -0.312825 -0.064540 -0.854119
    42 1.597527 0.000000 0.000000 0.020338 0.043857 -0.899809
    43 0.912678 0.000000 0.000000 -0.002548 -0.008289 0.256412
    44 3.265471 0.051184 -0.415600 -0.320176 -0.091421 -0.907618
    45 1.860470 0.000000 0.000000 0.051611 0.064235 -1.000517
    46 1.061485 0.000000 0.000000 -0.004037 -0.029426 0.237782
    47 3.340403 -0.238762 -1.285691 -0.315698 -0.062609 -0.887483
    48 1.550755 0.000000 0.000000 -0.061667 -0.075946 -1.019680
    49 0.904886 0.000001 0.000000 -0.001669 -0.026281 0.159649
    50 1.219410 -1.061498 -0.840143 -1.725617 0.534025 -0.029356
    51 1.496971 0.000002 0.000000 0.141600 0.113297 -0.458891
    52 1.100088 0.000000 0.000000 -0.031342 0.025865 -0.596322
    53 -25.406250 -10.960938 -5.046875 2.993951 -0.242045 1.926547
    54 0.000000 0.000000 0.000000 -0.077030 -0.068757 -1.299215
    55 7.054213 0.000000 0.000000 0.000000 0.000000 0.000000
    56 0.000000 -0.000007 -0.000031 1.373047 0.113574 0.124314
    57 0.000000 -0.000007 -0.000031 1.373047 0.113574 0.124314
    58 2.856947 -1.536175 -0.973780 -1.501147 -0.272558 -1.578261
    59 0.000000 0.000000 10.000000 0.000000 0.000000 0.000000
    60 2.856899 -1.536201 -0.973800 -1.501147 -0.272558 -1.578261
    61 2.000000 -3.000000 0.000000 -1.570796 0.000000 -1.326450
    62 0.018896 0.665159 9.395880 0.000000 0.000000 0.000000
    63 3.028210 -0.923409 -2.009452 1.574082 -0.012974 1.587244
    64 0.116954 4.311606 0.061861 0.000010 0.000000 0.000000
    65 0.000000 -0.000002 0.000000 0.000000 0.000000 0.000000
    66 0.000000 1.000000 0.000010 0.000000 0.000000 0.000000
    67 -0.000001 0.000000 0.000000 0.000000 0.000000 0.000000
    68 -0.000001 0.000000 0.000000 0.000000 0.000000 0.000000
    69 -0.000001 0.000000 0.000000 0.000000 0.000000 0.000000
time 146
    0 2.371094 -7.570313 26.218750 1.685541 -0.127688 -0.062216
    1 3.455587 0.000000 0.000000 -2.393702 -0.538932 -1.246231
    2 16.572346 0.000000 0.000000 0.000000 0.000000 1.151485
    3 16.265829 0.000000 0.000000 -0.423696 0.174222 -1.562987
    4 5.046457 0.000000 0.000000 0.009884 -0.018701 -0.527984
    5 -3.455587 0.000000 0.000000 -1.628607 -0.205121 -1.617841
    6 16.572346 0.000000 0.000000 0.000000 0.000000 0.325765
    7 16.265831 0.000000 0.000000 -0.009935 -0.312408 -0.571489
    8 5.046457 0.000000 0.000000 -0.100213 0.015031 -0.372934
    9 0.000000 3.703728 0.293189 1.548655 -0.188955 1.493016
    10 3.307846 0.000000 0.000000 -0.022077 -0.043675 -0.138224
    11 3.297962 0.000000 0.000000 -0.018830 -0.008450 -0.178950
    12 6.040985 0.000000 0.000000 -0.018949 0.008781 0.237453
    13 5.065758 0.000000 0.000000 2.849546 -0.118546 -0.162054
    14 3.993755 0.000000 0.000000 -0.218086 0.110069 1.042477
    15 3.815876 1.385489 1.500000 -1.591171 -1.006211 -0.183845
    16 4.327093 0.000004 0.000000 3.105508 -0.124499 0.808160
    17 11.105114 0.000000 0.000000 0.000000 0.000000 -0.528219
    18 9.862099 -0.000011 -0.000031 1.427820 -0.095095 0.348444
    19 2.641094 0.214619 -1.073586 0.343640 0.190540 -0.806457
    20 1.361605 -0.000002 0.000000 -0.033852 -0.056532 -1.168171
    21 0.779602 0.000002 0.000000 -0.038792 -0.123973 0.252811
    22 2.908712 0.221762 -0.431868 0.315656 0.064476 -0.893331
    23 1.597527 0.000001 0.000000 -0.020331 -0.043837 -1.158634
    24 0.912680 0.000001 0.000000 0.002529 0.008221 0.233624
    25 3.265450 0.050007 0.415744 0.322996 0.091423 -1.049966
    26 1.860470 0.000000 0.000000 -0.051601 -0.064213 -1.194101
    27 1.061481 -0.000001 0.000000 0.004104 0.029474 0.404443
    28 3.340382 -0.242393 1.285012 0.318526 0.062572 -1.131184
    29 1.550753 0.000001 0.000000 0.061672 0.075949 -1.038656
    30 0.904888 0.000001 0.000000 0.001693 0.026264 0.279791
    31 1.219385 -1.063860 0.837143 1.700710 -0.490026 -0.201183
    32 1.496971 -0.000002 -0.000001 -0.211499 -0.093020 -0.524662
    33 1.100086 0.000000 0.000000 0.034391 -0.021604 -0.723527
    34 3.815876 1.385489 -1.500000 1.282617 0.986732 -0.367749
    35 4.327089 -0.000004 0.000000 2.959977 0.106924 0.711521
    36 11.105106 0.000000 0.000004 0.000000 0.000000 -0.308455
    37 9.862080 -0.000007 0.000017 -0.934831 0.074898 -0.052134
    38 2.641111 0.211586 1.074188 -0.340778 -0.190504 -0.713994
    39 1.361601 0.000000 0.000000 0.033791 0.056509 -0.943913
    40 0.779604 0.000001 0.000000 0.038833 0.124038 0.218150
    41 2.908730 0.220541 0.432493 -0.312825 -0.064540 -0.854119
    42 1.597527 0.000000 0.000000 0.020338 0.043857 -0.899809
    43 0.912678 0.000000 0.000000 -0.002548 -0.008289 0.256412
    44 3.265471 0.051184 -0.415600 -0.320176 -0.091421 -0.907618
    45 1.860470 0.000000 0.000000 0.051611 0.064235 -1.000517
    46 1.061485 0.000000 0.000000 -0.004037 -0.029426 0.237782
    47 3.340403 -0.238762 -1.285691 -0.315698 -0.062609 -0.887483
    48 1.550755 0.000000 0.000000 -0.061667 -0.075946 -1.019680
    49 0.904886 0.000001 0.000000 -0.001669 -0.026281 0.159649
    50 1.219410 -1.061498 -0.840143 -1.725617 0.534025 -0.029356
    51 1.496971 0.000002 0.000000 0.141600 0.113297 -0.458891
    52 1.100088 0.000000 0.000000 -0.031342 0.025865 -0.596322
    53 -25.234375 -8.257813 -0.486572 3.001964 -0.198751 1.914650
    54 0.000000 0.000000 0.000000 -0.077030 -0.068757 -1.299215
    55 7.054213 0.000000 0.000000 0.000000 0.000000 0.000000
    56 0.000000 -0.000007 -0.000031 1.373047 0.113574 0.124314
    57 0.000000 -0.000007 -0.000031 1.373047 0.113574 0.124314
    58 2.856947 -1.536175 -0.973780 -1.501147 -0.272558 -1.578261
    59 0.000000 0.000000 10.000000 0.000000 0.000000 0.000000
    60 2.856899 -1.536201 -0.973800 -1.501147 -0.272558 -1.578261
    61 2.000000 -3.000000 0.000000 -1.570796 0.000000 -1.326450
    62 0.018896 0.665159 9.395880 0.000000 0.000000 0.000000
    63 3.028210 -0.923409 -2.009452 1.574082 -0.012974 1.587244
    64 0.116954 4.311606 0.061861 0.000010 0.000000 0.000000
    65 0.000000 -0.000002 0.000000 0.000000 0.000000 0.000000
    66 0.000000 1.000000 0.000010 0.000000 0.000000 0.000000
    67 -0.000001 0.000000 0.000000 0.000000 0.000000 0.000000
    68 -0.000001 0.000000 0.000000 0.000000 0.000000 0.000000
    69 -0.000001 0.000000 0.000000 0.000000 0.000000 0.000000
time 147
    0 2.169922 -7.578125 26.281250 1.700583 -0.131612 -0.031701
    1 3.455587 0.000000 0.000000 -2.429670 -0.577152 -1.192521
    2 16.572346 0.000000 0.000000 0.000000 0.000000 1.236457
    3 16.265829 0.000000 0.000000 -0.465600 0.216727 -1.599653
    4 5.046457 0.000000 0.000000 0.009877 -0.018705 -0.527179
    5 -3.455587 0.000000 0.000000 -1.627015 -0.206577 -1.609528
    6 16.572346 0.000000 0.000000 0.000000 0.000000 0.353706
    7 16.265831 0.000000 0.000000 -0.005355 -0.273984 -0.600863
    8 5.046457 0.000000 0.000000 -0.100162 0.015012 -0.400676
    9 0.000000 3.703728 0.293189 1.545833 -0.177977 1.492911
    10 3.307846 0.000000 0.000000 -0.024770 -0.045418 -0.144208
    11 3.297962 0.000000 0.000000 -0.021121 -0.012898 -0.178464
    12 6.040985 0.000000 0.000000 -0.022613 0.002837 0.242028
    13 5.065758 0.000000 0.000000 2.850692 -0.127601 -0.151348
    14 3.993755 0.000000 0.000000 -0.212737 0.114485 1.038992
    15 3.815876 1.385489 1.500000 -1.597465 -1.009444 -0.170766
    16 4.327093 0.000004 0.000000 -3.139815 -0.102117 0.828972
    17 11.105114 0.000000 0.000000 0.000000 0.000000 -0.515263
    18 9.862099 -0.000011 -0.000031 1.395545 -0.093441 0.346290
    19 2.641094 0.214619 -1.073586 0.343640 0.190540 -0.806457
    20 1.361605 -0.000002 0.000000 -0.033852 -0.056532 -1.168171
    21 0.779602 0.000002 0.000000 -0.038792 -0.123973 0.252811
    22 2.908712 0.221762 -0.431868 0.315656 0.064476 -0.893331
    23 1.597527 0.000001 0.000000 -0.020331 -0.043837 -1.158634
    24 0.912680 0.000001 0.000000 0.002529 0.008221 0.233624
    25 3.265450 0.050007 0.415744 0.322996 0.091423 -1.049966
    26 1.860470 0.000000 0.000000 -0.051601 -0.064213 -1.194101
    27 1.061481 -0.000001 0.000000 0.004104 0.029474 0.404443
    28 3.340382 -0.242393 1.285012 0.318526 0.062572 -1.131184
    29 1.550753 0.000001 0.000000 0.061672 0.075949 -1.038656
    30 0.904888 0.000001 0.000000 0.001693 0.026264 0.279791
    31 1.219385 -1.063860 0.837143 1.700710 -0.490026 -0.201183
    32 1.496971 -0.000002 -0.000001 -0.211499 -0.093020 -0.524662
    33 1.100086 0.000000 0.000000 0.034391 -0.021604 -0.723527
    34 3.815876 1.385489 -1.500000 1.268141 1.008143 -0.373174
    35 4.327089 -0.000004 0.000000 2.946505 0.079878 0.711319
    36 11.105106 0.000000 0.000004 0.000000 0.000000 -0.332678
    37 9.862080 -0.000007 0.000017 -0.927746 0.075494 -0.028800
    38 2.641111 0.211586 1.074188 -0.340778 -0.190504 -0.713994
    39 1.361601 0.000000 0.000000 0.033791 0.056509 -0.943913
    40 0.779604 0.000001 0.000000 0.038833 0.124038 0.218150
    41 2.908730 0.220541 0.432493 -0.312825 -0.064540 -0.854119
    42 1.597527 0.000000 0.000000 0.020338 0.043857 -0.899809
    43 0.912678 0.000000 0.000000 -0.002548 -0.008289 0.256412
    44 3.265471 0.051184 -0.415600 -0.320176 -0.091421 -0.907618
    45 1.860470 0.000000 0.000000 0.051611 0.064235 -1.000517
    46 1.061485 0.000000 0.000000 -0.004037 -0.029426 0.237782
    47 3.340403 -0.238762 -1.285691 -0.315698 -0.062609 -0.887483
    48 1.550755 0.000000 0.000000 -0.061667 -0.075946 -1.019680
    49 0.904886 0.000001 0.000000 -0.001669 -0.026281 0.159649
    50 1.219410 -1.061498 -0.840143 -1.725617 0.534025 -0.029356
    51 1.496971 0.000002 0.000000 0.141600 0.113297 -0.458891
    52 1.100088 0.000000 0.000000 -0.031342 0.025865 -0.596322
    53 -23.359375 -10.257813 3.013672 3.006822 -0.138320 1.905386
    54 0.000000 0.000000 0.000000 -0.077030 -0.068757 -1.299215
    55 7.054213 0.000000 0.000000 0.000000 0.000000 0.000000
    56 0.000000 -0.000007 -0.000031 1.373047 0.113574 0.124314
    57 0.000000 -0.000007 -0.000031 1.373047 0.113574 0.124314
    58 2.856947 -1.536175 -0.973780 -1.501147 -0.272558 -1.578261
    59 0.000000 0.000000 10.000000 0.000000 0.000000 0.000000
    60 2.856899 -1.536201 -0.973800 -1.501147 -0.272558 -1.578261
    61 2.000000 -3.000000 0.000000 -1.570796 0.000000 -1.326450
    62 0.018896 0.665159 9.395880 0.000000 0.000000 0.000000
    63 3.028210 -0.923409 -2.009452 1.574082 -0.012974 1.587244
    64 0.116954 4.311606 0.061861 0.000010 0.000000 0.000000
    65 0.000000 -0.000002 0.000000 0.000000 0.000000 0.000000
    66 0.000000 1.000000 0.000010 0.000000 0.000000 0.000000
    67 -0.000001 0.000000 0.000000 0.000000 0.000000 0.000000
    68 -0.000001 0.000000 0.000000 0.000000 0.000000 0.000000
    69 -0.000001 0.000000 0.000000 0.000000 0.000000 0.000000
time 148
    0 1.958008 -7.437500 26.359375 1.713873 -0.135953 -0.000946
    1 3.455587 0.000000 0.000000 -2.441367 -0.631642 -1.148980
    2 16.572346 0.000000 0.000000 0.000000 0.000000 1.320471
    3 16.265829 0.000000 0.000000 -0.491585 0.266914 -1.637558
    4 5.046457 0.000000 0.000000 0.009837 -0.018748 -0.514046
    5 -3.455587 0.000000 0.000000 -1.607159 -0.215117 -1.607565
    6 16.572346 0.000000 0.000000 0.000000 0.000000 0.376442
    7 16.265831 0.000000 0.000000 0.059470 -0.204587 -0.645319
    8 5.046457 0.000000 0.000000 -0.100171 0.015021 -0.385959
    9 0.000000 3.703728 0.293189 1.545515 -0.176411 1.490211
    10 3.307846 0.000000 0.000000 -0.025023 -0.047448 -0.145653
    11 3.297962 0.000000 0.000000 -0.021342 -0.013202 -0.180627
    12 6.040985 0.000000 0.000000 -0.022867 0.003621 0.239497
    13 5.065758 0.000000 0.000000 2.857656 -0.130529 -0.153242
    14 3.993755 0.000000 0.000000 -0.205663 0.117564 1.041671
    15 3.815876 1.385489 1.500000 -1.616642 -1.020051 -0.150377
    16 4.327093 0.000004 0.000000 -3.131663 -0.091825 0.847603
    17 11.105114 0.000000 0.000000 0.000000 0.000000 -0.504469
    18 9.862099 -0.000011 -0.000031 1.371950 -0.102563 0.346462
    19 2.641094 0.214619 -1.073586 0.343640 0.190540 -0.806457
    20 1.361605 -0.000002 0.000000 -0.033852 -0.056532 -1.168171
    21 0.779602 0.000002 0.000000 -0.038792 -0.123973 0.252811
    22 2.908712 0.221762 -0.431868 0.315656 0.064476 -0.893331
    23 1.597527 0.000001 0.000000 -0.020331 -0.043837 -1.158634
    24 0.912680 0.000001 0.000000 0.002529 0.008221 0.233624
    25 3.265450 0.050007 0.415744 0.322996 0.091423 -1.049966
    26 1.860470 0.000000 0.000000 -0.051601 -0.064213 -1.194101
    27 1.061481 -0.000001 0.000000 0.004104 0.029474 0.404443
    28 3.340382 -0.242393 1.285012 0.318526 0.062572 -1.131184
    29 1.550753 0.000001 0.000000 0.061672 0.075949 -1.038656
    30 0.904888 0.000001 0.000000 0.001693 0.026264 0.279791
    31 1.219385 -1.063860 0.837143 1.700710 -0.490026 -0.201183
    32 1.496971 -0.000002 -0.000001 -0.211499 -0.093020 -0.524662
    33 1.100086 0.000000 0.000000 0.034391 -0.021604 -0.723527
    34 3.815876 1.385489 -1.500000 1.249495 1.027468 -0.392264
    35 4.327089 -0.000004 0.000000 2.951809 0.060460 0.721285
    36 11.105106 0.000000 0.000004 0.000000 0.000000 -0.351952
    37 9.862080 -0.000007 0.000017 -0.934502 0.074799 -0.010855
    38 2.641111 0.211586 1.074188 -0.340778 -0.190504 -0.713994
    39 1.361601 0.000000 0.000000 0.033791 0.056509 -0.943913
    40 0.779604 0.000001 0.000000 0.038833 0.124038 0.218150
    41 2.908730 0.220541 0.432493 -0.312825 -0.064540 -0.854119
    42 1.597527 0.000000 0.000000 0.020338 0.043857 -0.899809
    43 0.912678 0.000000 0.000000 -0.002548 -0.008289 0.256412
    44 3.265471 0.051184 -0.415600 -0.320176 -0.091421 -0.907618
    45 1.860470 0.000000 0.000000 0.051611 0.064235 -1.000517
    46 1.061485 0.000000 0.000000 -0.004037 -0.029426 0.237782
    47 3.340403 -0.238762 -1.285691 -0.315698 -0.062609 -0.887483
    48 1.550755 0.000000 0.000000 -0.061667 -0.075946 -1.019680
    49 0.904886 0.000001 0.000000 -0.001669 -0.026281 0.159649
    50 1.219410 -1.061498 -0.840143 -1.725617 0.534025 -0.029356
    51 1.496971 0.000002 0.000000 0.141600 0.113297 -0.458891
    52 1.100088 0.000000 0.000000 -0.031342 0.025865 -0.596322
    53 -21.250000 -14.445313 4.312500 3.006799 -0.106036 1.897885
    54 0.000000 0.000000 0.000000 -0.077030 -0.068757 -1.299215
    55 7.054213 0.000000 0.000000 0.000000 0.000000 0.000000
    56 0.000000 -0.000007 -0.000031 1.373047 0.113574 0.124314
    57 0.000000 -0.000007 -0.000031 1.373047 0.113574 0.124314
    58 2.856947 -1.536175 -0.973780 -1.501147 -0.272558 -1.578261
    59 0.000000 0.000000 10.000000 0.000000 0.000000 0.000000
    60 2.856899 -1.536201 -0.973800 -1.501147 -0.272558 -1.578261
    61 2.000000 -3.000000 0.000000 -1.570796 0.000000 -1.326450
    62 0.018896 0.665159 9.395880 0.000000 0.000000 0.000000
    63 3.028210 -0.923409 -2.009452 1.574082 -0.012974 1.587244
    64 0.116954 4.311606 0.061861 0.000010 0.000000 0.000000
    65 0.000000 -0.000002 0.000000 0.000000 0.000000 0.000000
    66 0.000000 1.000000 0.000010 0.000000 0.000000 0.000000
    67 -0.000001 0.000000 0.000000 0.000000 0.000000 0.000000
    68 -0.000001 0.000000 0.000000 0.000000 0.000000 0.000000
    69 -0.000001 0.000000 0.000000 0.000000 0.000000 0.000000
time 149
    0 1.750977 -7.148438 26.453125 1.723425 -0.136843 0.029420
    1 3.455587 0.000000 0.000000 -2.435740 -0.697025 -1.115762
    2 16.572346 0.000000 0.000000 0.000000 0.000000 1.392198
    3 16.265829 0.000000 0.000000 -0.508954 0.307929 -1.663681
    4 5.046457 0.000000 0.000000 0.009843 -0.018745 -0.514671
    5 -3.455587 0.000000 0.000000 -1.582476 -0.229056 -1.607829
    6 16.572346 0.000000 0.000000 0.000000 0.000000 0.396938
    7 16.265831 0.000000 0.000000 0.153830 -0.119484 -0.695136
    8 5.046457 0.000000 0.000000 -0.100230 0.015018 -0.389395
    9 0.000000 3.703728 0.293189 1.545273 -0.182817 1.491849
    10 3.307846 0.000000 0.000000 -0.025206 -0.046989 -0.142883
    11 3.297962 0.000000 0.000000 -0.021294 -0.012620 -0.183234
    12 6.040985 0.000000 0.000000 -0.022629 0.004924 0.234353
    13 5.065758 0.000000 0.000000 2.868870 -0.129875 -0.165249
    14 3.993755 0.000000 0.000000 -0.196934 0.118904 1.050651
    15 3.815876 1.385489 1.500000 -1.636953 -1.034357 -0.134479
    16 4.327093 0.000004 0.000000 3.140846 -0.088616 0.866542
    17 11.105114 0.000000 0.000000 0.000000 0.000000 -0.490752
    18 9.862099 -0.000011 -0.000031 1.357532 -0.115725 0.343322
    19 2.641094 0.214619 -1.073586 0.343640 0.190540 -0.806457
    20 1.361605 -0.000002 0.000000 -0.033852 -0.056532 -1.168171
    21 0.779602 0.000002 0.000000 -0.038792 -0.123973 0.252811
    22 2.908712 0.221762 -0.431868 0.315656 0.064476 -0.893331
    23 1.597527 0.000001 0.000000 -0.020331 -0.043837 -1.158634
    24 0.912680 0.000001 0.000000 0.002529 0.008221 0.233624
    25 3.265450 0.050007 0.415744 0.322996 0.091423 -1.049966
    26 1.860470 0.000000 0.000000 -0.051601 -0.064213 -1.194101
    27 1.061481 -0.000001 0.000000 0.004104 0.029474 0.404443
    28 3.340382 -0.242393 1.285012 0.318526 0.062572 -1.131184
    29 1.550753 0.000001 0.000000 0.061672 0.075949 -1.038656
    30 0.904888 0.000001 0.000000 0.001693 0.026264 0.279791
    31 1.219385 -1.063860 0.837143 1.700710 -0.490026 -0.201183
    32 1.496971 -0.000002 -0.000001 -0.211499 -0.093020 -0.524662
    33 1.100086 0.000000 0.000000 0.034391 -0.021604 -0.723527
    34 3.815876 1.385489 -1.500000 1.242543 1.042822 -0.407425
    35 4.327089 -0.000004 0.000000 2.963036 0.042683 0.736490
    36 11.105106 0.000000 0.000004 0.000000 0.000000 -0.361513
    37 9.862080 -0.000007 0.000017 -0.949304 0.072219 0.003957
    38 2.641111 0.211586 1.074188 -0.340778 -0.190504 -0.713994
    39 1.361601 0.000000 0.000000 0.033791 0.056509 -0.943913
    40 0.779604 0.000001 0.000000 0.038833 0.124038 0.218150
    41 2.908730 0.220541 0.432493 -0.312825 -0.064540 -0.854119
    42 1.597527 0.000000 0.000000 0.020338 0.043857 -0.899809
    43 0.912678 0.000000 0.000000 -0.002548 -0.008289 0.256412
    44 3.265471 0.051184 -0.415600 -0.320176 -0.091421 -0.907618
    45 1.860470 0.000000 0.000000 0.051611 0.064235 -1.000517
    46 1.061485 0.000000 0.000000 -0.004037 -0.029426 0.237782
    47 3.340403 -0.238762 -1.285691 -0.315698 -0.062609 -0.887483
    48 1.550755 0.000000 0.000000 -0.061667 -0.075946 -1.019680
    49 0.904886 0.000001 0.000000 -0.001669 -0.026281 0.159649
    50 1.219410 -1.061498 -0.840143 -1.725617 0.534025 -0.029356
    51 1.496971 0.000002 0.000000 0.141600 0.113297 -0.458891
    52 1.100088 0.000000 0.000000 -0.031342 0.025865 -0.596322
    53 -19.890625 -19.125000 2.003906 3.003059 -0.093526 1.888489
    54 0.000000 0.000000 0.000000 -0.077030 -0.068757 -1.299215
    55 7.054213 0.000000 0.000000 0.000000 0.000000 0.000000
    56 0.000000 -0.000007 -0.000031 1.373047 0.113574 0.124314
    57 0.000000 -0.000007 -0.000031 1.373047 0.113574 0.124314
    58 2.856947 -1.536175 -0.973780 -1.501147 -0.272558 -1.578261
    59 0.000000 0.000000 10.000000 0.000000 0.000000 0.000000
    60 2.856899 -1.536201 -0.973800 -1.501147 -0.272558 -1.578261
    61 2.000000 -3.000000 0.000000 -1.570796 0.000000 -1.326450
    62 0.018896 0.665159 9.395880 0.000000 0.000000 0.000000
    63 3.028210 -0.923409 -2.009452 1.574082 -0.012974 1.587244
    64 0.116954 4.311606 0.061861 0.000010 0.000000 0.000000
    65 0.000000 -0.000002 0.000000 0.000000 0.000000 0.000000
    66 0.000000 1.000000 0.000010 0.000000 0.000000 0.000000
    67 -0.000001 0.000000 0.000000 0.000000 0.000000 0.000000
    68 -0.000001 0.000000 0.000000 0.000000 0.000000 0.000000
    69 -0.000001 0.000000 0.000000 0.000000 0.000000 0.000000
time 150
    0 1.568359 -6.820313 26.531250 1.727947 -0.131304 0.058708
    1 3.455587 0.000000 0.000000 -2.417291 -0.764555 -1.092492
    2 16.572346 0.000000 0.000000 0.000000 0.000000 1.448441
    3 16.265829 0.000000 0.000000 -0.515898 0.330516 -1.678789
    4 5.046457 0.000000 0.000000 0.009861 -0.018735 -0.516546
    5 -3.455587 0.000000 0.000000 -1.552785 -0.243855 -1.609727
    6 16.572346 0.000000 0.000000 0.000000 0.000000 0.421536
    7 16.265831 0.000000 0.000000 0.225930 -0.055652 -0.750761
    8 5.046457 0.000000 0.000000 -0.100172 0.015049 -0.390805
    9 0.000000 3.703728 0.293189 1.546331 -0.191267 1.498842
    10 3.307846 0.000000 0.000000 -0.024294 -0.042796 -0.138619
    11 3.297962 0.000000 0.000000 -0.020679 -0.010756 -0.184469
    12 6.040985 0.000000 0.000000 -0.021487 0.006571 0.230426
    13 5.065758 0.000000 0.000000 2.878173 -0.128426 -0.177416
    14 3.993755 0.000000 0.000000 -0.190226 0.119806 1.060000
    15 3.815876 1.385489 1.500000 -1.649796 -1.043793 -0.122427
    16 4.327093 0.000004 0.000000 3.112310 -0.088123 0.872462
    17 11.105114 0.000000 0.000000 0.000000 0.000000 -0.483725
    18 9.862099 -0.000011 -0.000031 1.349379 -0.135553 0.341499
    19 2.641094 0.214619 -1.073586 0.343640 0.190540 -0.806457
    20 1.361605 -0.000002 0.000000 -0.033852 -0.056532 -1.168171
    21 0.779602 0.000002 0.000000 -0.038792 -0.123973 0.252811
    22 2.908712 0.221762 -0.431868 0.315656 0.064476 -0.893331
    23 1.597527 0.000001 0.000000 -0.020331 -0.043837 -1.158634
    24 0.912680 0.000001 0.000000 0.002529 0.008221 0.233624
    25 3.265450 0.050007 0.415744 0.322996 0.091423 -1.049966
    26 1.860470 0.000000 0.000000 -0.051601 -0.064213 -1.194101
    27 1.061481 -0.000001 0.000000 0.004104 0.029474 0.404443
    28 3.340382 -0.242393 1.285012 0.318526 0.062572 -1.131184
    29 1.550753 0.000001 0.000000 0.061672 0.075949 -1.038656
    30 0.904888 0.000001 0.000000 0.001693 0.026264 0.279791
    31 1.219385 -1.063860 0.837143 1.700710 -0.490026 -0.201183
    32 1.496971 -0.000002 -0.000001 -0.211499 -0.093020 -0.524662
    33 1.100086 0.000000 0.000000 0.034391 -0.021604 -0.723527
    34 3.815876 1.385489 -1.500000 1.244763 1.047081 -0.422956
    35 4.327089 -0.000004 0.000000 2.978046 0.036249 0.749351
    36 11.105106 0.000000 0.000004 0.000000 0.000000 -0.363093
    37 9.862080 -0.000007 0.000017 -0.971781 0.070182 0.015671
    38 2.641111 0.211586 1.074188 -0.340778 -0.190504 -0.713994
    39 1.361601 0.000000 0.000000 0.033791 0.056509 -0.943913
    40 0.779604 0.000001 0.000000 0.038833 0.124038 0.218150
    41 2.908730 0.220541 0.432493 -0.312825 -0.064540 -0.854119
    42 1.597527 0.000000 0.000000 0.020338 0.043857 -0.899809
    43 0.912678 0.000000 0.000000 -0.002548 -0.008289 0.256412
    44 3.265471 0.051184 -0.415600 -0.320176 -0.091421 -0.907618
    45 1.860470 0.000000 0.000000 0.051611 0.064235 -1.000517
    46 1.061485 0.000000 0.000000 -0.004037 -0.029426 0.237782
    47 3.340403 -0.238762 -1.285691 -0.315698 -0.062609 -0.887483
    48 1.550755 0.000000 0.000000 -0.061667 -0.075946 -1.019680
    49 0.904886 0.000001 0.000000 -0.001669 -0.026281 0.159649
    50 1.219410 -1.061498 -0.840143 -1.725617 0.534025 -0.029356
    51 1.496971 0.000002 0.000000 0.141600 0.113297 -0.458891
    52 1.100088 0.000000 0.000000 -0.031342 0.025865 -0.596322
    53 -19.718750 -21.546875 -2.859375 2.995066 -0.095130 1.881856
    54 0.000000 0.000000 0.000000 -0.077030 -0.068757 -1.299215
    55 7.054213 0.000000 0.000000 0.000000 0.000000 0.000000
    56 0.000000 -0.000007 -0.000031 1.373047 0.113574 0.124314
    57 0.000000 -0.000007 -0.000031 1.373047 0.113574 0.124314
    58 2.856947 -1.536175 -0.973780 -1.501147 -0.272558 -1.578261
    59 0.000000 0.000000 10.000000 0.000000 0.000000 0.000000
    60 2.856899 -1.536201 -0.973800 -1.501147 -0.272558 -1.578261
    61 2.000000 -3.000000 0.000000 -1.570796 0.000000 -1.326450
    62 0.018896 0.665159 9.395880 0.000000 0.000000 0.000000
    63 3.028210 -0.923409 -2.009452 1.574082 -0.012974 1.587244
    64 0.116954 4.311606 0.061861 0.000010 0.000000 0.000000
    65 0.000000 -0.000002 0.000000 0.000000 0.000000 0.000000
    66 0.000000 1.000000 0.000010 0.000000 0.000000 0.000000
    67 -0.000001 0.000000 0.000000 0.000000 0.000000 0.000000
    68 -0.000001 0.000000 0.000000 0.000000 0.000000 0.000000
    69 -0.000001 0.000000 0.000000 0.000000 0.000000 0.000000
time 151
    0 1.415039 -6.507813 26.625000 1.726276 -0.126774 0.086437
    1 3.455587 0.000000 0.000000 -2.399317 -0.818764 -1.087210
    2 16.572346 0.000000 0.000000 0.000000 0.000000 1.470447
    3 16.265829 0.000000 0.000000 -0.499600 0.346579 -1.665621
    4 5.046457 0.000000 0.000000 0.009867 -0.018711 -0.526106
    5 -3.455587 0.000000 0.000000 -1.525993 -0.253461 -1.619613
    6 16.572346 0.000000 0.000000 0.000000 0.000000 0.451601
    7 16.265831 0.000000 0.000000 0.264756 -0.017325 -0.805828
    8 5.046457 0.000000 0.000000 -0.100212 0.015030 -0.398296
    9 0.000000 3.703728 0.293189 1.548528 -0.201295 1.505088
    10 3.307846 0.000000 0.000000 -0.022175 -0.038599 -0.133164
    11 3.297962 0.000000 0.000000 -0.019120 -0.006977 -0.185118
    12 6.040985 0.000000 0.000000 -0.018803 0.011099 0.227611
    13 5.065758 0.000000 0.000000 2.881697 -0.126642 -0.187381
    14 3.993755 0.000000 0.000000 -0.188711 0.121643 1.067888
    15 3.815876 1.385489 1.500000 -1.669642 -1.052783 -0.096219
    16 4.327093 0.000004 0.000000 3.082416 -0.084183 0.867223
    17 11.105114 0.000000 0.000000 0.000000 0.000000 -0.487727
    18 9.862099 -0.000011 -0.000031 1.342765 -0.163723 0.349413
    19 2.641094 0.214619 -1.073586 0.343640 0.190540 -0.806457
    20 1.361605 -0.000002 0.000000 -0.033852 -0.056532 -1.168171
    21 0.779602 0.000002 0.000000 -0.038792 -0.123973 0.252811
    22 2.908712 0.221762 -0.431868 0.315656 0.064476 -0.893331
    23 1.597527 0.000001 0.000000 -0.020331 -0.043837 -1.158634
    24 0.912680 0.000001 0.000000 0.002529 0.008221 0.233624
    25 3.265450 0.050007 0.415744 0.322996 0.091423 -1.049966
    26 1.860470 0.000000 0.000000 -0.051601 -0.064213 -1.194101
    27 1.061481 -0.000001 0.000000 0.004104 0.029474 0.404443
    28 3.340382 -0.242393 1.285012 0.318526 0.062572 -1.131184
    29 1.550753 0.000001 0.000000 0.061672 0.075949 -1.038656
    30 0.904888 0.000001 0.000000 0.001693 0.026264 0.279791
    31 1.219385 -1.063860 0.837143 1.700710 -0.490026 -0.201183
    32 1.496971 -0.000002 -0.000001 -0.211499 -0.093020 -0.524662
    33 1.100086 0.000000 0.000000 0.034391 -0.021604 -0.723527
    34 3.815876 1.385489 -1.500000 1.244005 1.048639 -0.442057
    35 4.327089 -0.000004 0.000000 2.997658 0.035518 0.768554
    36 11.105106 0.000000 0.000004 0.000000 0.000000 -0.361952
    37 9.862080 -0.000007 0.000017 -0.996876 0.068775 0.025397
    38 2.641111 0.211586 1.074188 -0.340778 -0.190504 -0.713994
    39 1.361601 0.000000 0.000000 0.033791 0.056509 -0.943913
    40 0.779604 0.000001 0.000000 0.038833 0.124038 0.218150
    41 2.908730 0.220541 0.432493 -0.312825 -0.064540 -0.854119
    42 1.597527 0.000000 0.000000 0.020338 0.043857 -0.899809
    43 0.912678 0.000000 0.000000 -0.002548 -0.008289 0.256412
    44 3.265471 0.051184 -0.415600 -0.320176 -0.091421 -0.907618
    45 1.860470 0.000000 0.000000 0.051611 0.064235 -1.000517
    46 1.061485 0.000000 0.000000 -0.004037 -0.029426 0.237782
    47 3.340403 -0.238762 -1.285691 -0.315698 -0.062609 -0.887483
    48 1.550755 0.000000 0.000000 -0.061667 -0.075946 -1.019680
    49 0.904886 0.000001 0.000000 -0.001669 -0.026281 0.159649
    50 1.219410 -1.061498 -0.840143 -1.725617 0.534025 -0.029356
    51 1.496971 0.000002 0.000000 0.141600 0.113297 -0.458891
    52 1.100088 0.000000 0.000000 -0.031342 0.025865 -0.596322
    53 -20.484375 -19.062500 -6.542969 2.984535 -0.098708 1.880422
    54 0.000000 0.000000 0.000000 -0.077030 -0.068757 -1.299215
    55 7.054213 0.000000 0.000000 0.000000 0.000000 0.000000
    56 0.000000 -0.000007 -0.000031 1.373047 0.113574 0.124314
    57 0.000000 -0.000007 -0.000031 1.373047 0.113574 0.124314
    58 2.856947 -1.536175 -0.973780 -1.501147 -0.272558 -1.578261
    59 0.000000 0.000000 10.000000 0.000000 0.000000 0.000000
    60 2.856899 -1.536201 -0.973800 -1.501147 -0.272558 -1.578261
    61 2.000000 -3.000000 0.000000 -1.570796 0.000000 -1.326450
    62 0.018896 0.665159 9.395880 0.000000 0.000000 0.000000
    63 3.028210 -0.923409 -2.009452 1.574082 -0.012974 1.587244
    64 0.116954 4.311606 0.061861 0.000010 0.000000 0.000000
    65 0.000000 -0.000002 0.000000 0.000000 0.000000 0.000000
    66 0.000000 1.000000 0.000010 0.000000 0.000000 0.000000
    67 -0.000001 0.000000 0.000000 0.000000 0.000000 0.000000
    68 -0.000001 0.000000 0.000000 0.000000 0.000000 0.000000
    69 -0.000001 0.000000 0.000000 0.000000 0.000000 0.000000
time 152
    0 1.284180 -6.308594 26.734375 1.721086 -0.119275 0.112763
    1 3.455587 0.000000 0.000000 -2.384171 -0.845237 -1.097793
    2 16.572346 0.000000 0.000000 0.000000 0.000000 1.441307
    3 16.265829 0.000000 0.000000 -0.477193 0.374215 -1.629271
    4 5.046457 0.000000 0.000000 0.009834 -0.018749 -0.513689
    5 -3.455587 0.000000 0.000000 -1.513912 -0.257950 -1.633537
    6 16.572346 0.000000 0.000000 0.000000 0.000000 0.489062
    7 16.265831 0.000000 0.000000 0.291196 -0.012699 -0.839679
    8 5.046457 0.000000 0.000000 -0.100154 0.014971 -0.410644
    9 0.000000 3.703728 0.293189 1.552117 -0.205083 1.513841
    10 3.307846 0.000000 0.000000 -0.018699 -0.032973 -0.130419
    11 3.297962 0.000000 0.000000 -0.016529 -0.002207 -0.182562
    12 6.040985 0.000000 0.000000 -0.014871 0.016334 0.232026
    13 5.065758 0.000000 0.000000 2.878841 -0.123839 -0.194781
    14 3.993755 0.000000 0.000000 -0.193334 0.124768 1.072951
    15 3.815876 1.385489 1.500000 -1.702872 -1.067451 -0.066781
    16 4.327093 0.000004 0.000000 3.055003 -0.094552 0.856374
    17 11.105114 0.000000 0.000000 0.000000 0.000000 -0.505450
    18 9.862099 -0.000011 -0.000031 1.338175 -0.197116 0.359448
    19 2.641094 0.214619 -1.073586 0.343640 0.190540 -0.806457
    20 1.361605 -0.000002 0.000000 -0.033852 -0.056532 -1.168171
    21 0.779602 0.000002 0.000000 -0.038792 -0.123973 0.252811
    22 2.908712 0.221762 -0.431868 0.315656 0.064476 -0.893331
    23 1.597527 0.000001 0.000000 -0.020331 -0.043837 -1.158634
    24 0.912680 0.000001 0.000000 0.002529 0.008221 0.233624
    25 3.265450 0.050007 0.415744 0.322996 0.091423 -1.049966
    26 1.860470 0.000000 0.000000 -0.051601 -0.064213 -1.194101
    27 1.061481 -0.000001 0.000000 0.004104 0.029474 0.404443
    28 3.340382 -0.242393 1.285012 0.318526 0.062572 -1.131184
    29 1.550753 0.000001 0.000000 0.061672 0.075949 -1.038656
    30 0.904888 0.000001 0.000000 0.001693 0.026264 0.279791
    31 1.219385 -1.063860 0.837143 1.700710 -0.490026 -0.201183
    32 1.496971 -0.000002 -0.000001 -0.211499 -0.093020 -0.524662
    33 1.100086 0.000000 0.000000 0.034391 -0.021604 -0.723527
    34 3.815876 1.385489 -1.500000 1.235774 1.048780 -0.468673
    35 4.327089 -0.000004 0.000000 3.030987 0.041854 0.790151
    36 11.105106 0.000000 0.000004 0.000000 0.000000 -0.368887
    37 9.862080 -0.000007 0.000017 -1.029472 0.069481 0.037604
    38 2.641111 0.211586 1.074188 -0.340778 -0.190504 -0.713994
    39 1.361601 0.000000 0.000000 0.033791 0.056509 -0.943913
    40 0.779604 0.000001 0.000000 0.038833 0.124038 0.218150
    41 2.908730 0.220541 0.432493 -0.312825 -0.064540 -0.854119
    42 1.597527 0.000000 0.000000 0.020338 0.043857 -0.899809
    43 0.912678 0.000000 0.000000 -0.002548 -0.008289 0.256412
    44 3.265471 0.051184 -0.415600 -0.320176 -0.091421 -0.907618
    45 1.860470 0.000000 0.000000 0.051611 0.064235 -1.000517
    46 1.061485 0.000000 0.000000 -0.004037 -0.029426 0.237782
    47 3.340403 -0.238762 -1.285691 -0.315698 -0.062609 -0.887483
    48 1.550755 0.000000 0.000000 -0.061667 -0.075946 -1.019680
    49 0.904886 0.000001 0.000000 -0.001669 -0.026281 0.159649
    50 1.219410 -1.061498 -0.840143 -1.725617 0.534025 -0.029356
    51 1.496971 0.000002 0.000000 0.141600 0.113297 -0.458891
    52 1.100088 0.000000 0.000000 -0.031342 0.025865 -0.596322
    53 -21.250000 -13.859375 -6.769531 2.970808 -0.106574 1.885071
    54 0.000000 0.000000 0.000000 -0.077030 -0.068757 -1.299215
    55 7.054213 0.000000 0.000000 0.000000 0.000000 0.000000
    56 0.000000 -0.000007 -0.000031 1.373047 0.113574 0.124314
    57 0.000000 -0.000007 -0.000031 1.373047 0.113574 0.124314
    58 2.856947 -1.536175 -0.973780 -1.501147 -0.272558 -1.578261
    59 0.000000 0.000000 10.000000 0.000000 0.000000 0.000000
    60 2.856899 -1.536201 -0.973800 -1.501147 -0.272558 -1.578261
    61 2.000000 -3.000000 0.000000 -1.570796 0.000000 -1.326450
    62 0.018896 0.665159 9.395880 0.000000 0.000000 0.000000
    63 3.028210 -0.923409 -2.009452 1.574082 -0.012974 1.587244
    64 0.116954 4.311606 0.061861 0.000010 0.000000 0.000000
    65 0.000000 -0.000002 0.000000 0.000000 0.000000 0.000000
    66 0.000000 1.000000 0.000010 0.000000 0.000000 0.000000
    67 -0.000001 0.000000 0.000000 0.000000 0.000000 0.000000
    68 -0.000001 0.000000 0.000000 0.000000 0.000000 0.000000
    69 -0.000001 0.000000 0.000000 0.000000 0.000000 0.000000
time 153
    0 1.148438 -6.222656 26.843750 1.711949 -0.108353 0.137039
    1 3.455587 0.000000 0.000000 -2.368921 -0.836246 -1.127114
    2 16.572346 0.000000 0.000000 0.000000 0.000000 1.348163
    3 16.265829 0.000000 0.000000 -0.439959 0.420941 -1.559613
    4 5.046457 0.000000 0.000000 0.009909 -0.018741 -0.545982
    5 -3.455587 0.000000 0.000000 -1.510864 -0.255040 -1.645694
    6 16.572346 0.000000 0.000000 0.000000 0.000000 0.530366
    7 16.265831 0.000000 0.000000 0.305673 -0.019113 -0.856025
    8 5.046457 0.000000 0.000000 -0.100155 0.015030 -0.414886
    9 0.000000 3.703728 0.293189 1.556290 -0.203283 1.524268
    10 3.307846 0.000000 0.000000 -0.014471 -0.026288 -0.129750
    11 3.297962 0.000000 0.000000 -0.013486 0.002524 -0.177915
    12 6.040985 0.000000 0.000000 -0.010305 0.020466 0.240998
    13 5.065758 0.000000 0.000000 2.871480 -0.117854 -0.197130
    14 3.993755 0.000000 0.000000 -0.203103 0.126969 1.071354
    15 3.815876 1.385489 1.500000 -1.739559 -1.097329 -0.036980
    16 4.327093 0.000004 0.000000 3.034033 -0.116914 0.864141
    17 11.105114 0.000000 0.000000 0.000000 0.000000 -0.518299
    18 9.862099 -0.000011 -0.000031 1.331803 -0.226439 0.362099
    19 2.641094 0.214619 -1.073586 0.343640 0.190540 -0.806457
    20 1.361605 -0.000002 0.000000 -0.033852 -0.056532 -1.168171
    21 0.779602 0.000002 0.000000 -0.038792 -0.123973 0.252811
    22 2.908712 0.221762 -0.431868 0.315656 0.064476 -0.893331
    23 1.597527 0.000001 0.000000 -0.020331 -0.043837 -1.158634
    24 0.912680 0.000001 0.000000 0.002529 0.008221 0.233624
    25 3.265450 0.050007 0.415744 0.322996 0.091423 -1.049966
    26 1.860470 0.000000 0.000000 -0.051601 -0.064213 -1.194101
    27 1.061481 -0.000001 0.000000 0.004104 0.029474 0.404443
    28 3.340382 -0.242393 1.285012 0.318526 0.062572 -1.131184
    29 1.550753 0.000001 0.000000 0.061672 0.075949 -1.038656
    30 0.904888 0.000001 0.000000 0.001693 0.026264 0.279791
    31 1.219385 -1.063860 0.837143 1.700710 -0.490026 -0.201183
    32 1.496971 -0.000002 -0.000001 -0.211499 -0.093020 -0.524662
    33 1.100086 0.000000 0.000000 0.034391 -0.021604 -0.723527
    34 3.815876 1.385489 -1.500000 1.224303 1.053961 -0.498326
    35 4.327089 -0.000004 0.000000 3.065260 0.056011 0.813091
    36 11.105106 0.000000 0.000004 0.000000 0.000000 -0.388488
    37 9.862080 -0.000007 0.000017 -1.067815 0.068721 0.057014
    38 2.641111 0.211586 1.074188 -0.340778 -0.190504 -0.713994
    39 1.361601 0.000000 0.000000 0.033791 0.056509 -0.943913
    40 0.779604 0.000001 0.000000 0.038833 0.124038 0.218150
    41 2.908730 0.220541 0.432493 -0.312825 -0.064540 -0.854119
    42 1.597527 0.000000 0.000000 0.020338 0.043857 -0.899809
    43 0.912678 0.000000 0.000000 -0.002548 -0.008289 0.256412
    44 3.265471 0.051184 -0.415600 -0.320176 -0.091421 -0.907618
    45 1.860470 0.000000 0.000000 0.051611 0.064235 -1.000517
    46 1.061485 0.000000 0.000000 -0.004037 -0.029426 0.237782
    47 3.340403 -0.238762 -1.285691 -0.315698 -0.062609 -0.887483
    48 1.550755 0.000000 0.000000 -0.061667 -0.075946 -1.019680
    49 0.904886 0.000001 0.000000 -0.001669 -0.026281 0.159649
    50 1.219410 -1.061498 -0.840143 -1.725617 0.534025 -0.029356
    51 1.496971 0.000002 0.000000 0.141600 0.113297 -0.458891
    52 1.100088 0.000000 0.000000 -0.031342 0.025865 -0.596322
    53 -21.250000 -8.703125 -4.128906 2.953560 -0.109483 1.886963
    54 0.000000 0.000000 0.000000 -0.077030 -0.068757 -1.299215
    55 7.054213 0.000000 0.000000 0.000000 0.000000 0.000000
    56 0.000000 -0.000007 -0.000031 1.373047 0.113574 0.124314
    57 0.000000 -0.000007 -0.000031 1.373047 0.113574 0.124314
    58 2.856947 -1.536175 -0.973780 -1.501147 -0.272558 -1.578261
    59 0.000000 0.000000 10.000000 0.000000 0.000000 0.000000
    60 2.856899 -1.536201 -0.973800 -1.501147 -0.272558 -1.578261
    61 2.000000 -3.000000 0.000000 -1.570796 0.000000 -1.326450
    62 0.018896 0.665159 9.395880 0.000000 0.000000 0.000000
    63 3.028210 -0.923409 -2.009452 1.574082 -0.012974 1.587244
    64 0.116954 4.311606 0.061861 0.000010 0.000000 0.000000
    65 0.000000 -0.000002 0.000000 0.000000 0.000000 0.000000
    66 0.000000 1.000000 0.000010 0.000000 0.000000 0.000000
    67 -0.000001 0.000000 0.000000 0.000000 0.000000 0.000000
    68 -0.000001 0.000000 0.000000 0.000000 0.000000 0.000000
    69 -0.000001 0.000000 0.000000 0.000000 0.000000 0.000000
time 154
    0 1.035156 -6.242188 26.968750 1.698980 -0.094268 0.159840
    1 3.455587 0.000000 0.000000 -2.340057 -0.791027 -1.179286
    2 16.572346 0.000000 0.000000 0.000000 0.000000 1.186368
    3 16.265829 0.000000 0.000000 -0.424502 0.501561 -1.476099
    4 5.046457 0.000000 0.000000 0.009860 -0.018710 -0.608843
    5 -3.455587 0.000000 0.000000 -1.512053 -0.244977 -1.658040
    6 16.572346 0.000000 0.000000 0.000000 0.000000 0.572892
    7 16.265831 0.000000 0.000000 0.302817 -0.030660 -0.859543
    8 5.046457 0.000000 0.000000 -0.100216 0.014963 -0.414177
    9 0.000000 3.703728 0.293189 1.562690 -0.200571 1.534438
    10 3.307846 0.000000 0.000000 -0.008337 -0.019236 -0.131496
    11 3.297962 0.000000 0.000000 -0.008551 0.007568 -0.175329
    12 6.040985 0.000000 0.000000 -0.003966 0.024765 0.247494
    13 5.065758 0.000000 0.000000 2.861635 -0.108827 -0.191146
    14 3.993755 0.000000 0.000000 -0.215958 0.126685 1.060203
    15 3.815876 1.385489 1.500000 -1.806266 -1.131651 0.022949
    16 4.327093 0.000004 0.000000 3.035663 -0.147205 0.883918
    17 11.105114 0.000000 0.000000 0.000000 0.000000 -0.525537
    18 9.862099 -0.000011 -0.000031 1.318681 -0.249052 0.362587
    19 2.641094 0.214619 -1.073586 0.343640 0.190540 -0.806457
    20 1.361605 -0.000002 0.000000 -0.033852 -0.056532 -1.168171
    21 0.779602 0.000002 0.000000 -0.038792 -0.123973 0.252811
    22 2.908712 0.221762 -0.431868 0.315656 0.064476 -0.893331
    23 1.597527 0.000001 0.000000 -0.020331 -0.043837 -1.158634
    24 0.912680 0.000001 0.000000 0.002529 0.008221 0.233624
    25 3.265450 0.050007 0.415744 0.322996 0.091423 -1.049966
    26 1.860470 0.000000 0.000000 -0.051601 -0.064213 -1.194101
    27 1.061481 -0.000001 0.000000 0.004104 0.029474 0.404443
    28 3.340382 -0.242393 1.285012 0.318526 0.062572 -1.131184
    29 1.550753 0.000001 0.000000 0.061672 0.075949 -1.038656
    30 0.904888 0.000001 0.000000 0.001693 0.026264 0.279791
    31 1.219385 -1.063860 0.837143 1.700710 -0.490026 -0.201183
    32 1.496971 -0.000002 -0.000001 -0.211499 -0.093020 -0.524662
    33 1.100086 0.000000 0.000000 0.034391 -0.021604 -0.723527
    34 3.815876 1.385489 -1.500000 1.192186 1.064572 -0.547039
    35 4.327089 -0.000004 0.000000 3.097891 0.086506 0.845222
    36 11.105106 0.000000 0.000004 0.000000 0.000000 -0.406893
    37 9.862080 -0.000007 0.000017 -1.112145 0.063049 0.076064
    38 2.641111 0.211586 1.074188 -0.340778 -0.190504 -0.713994
    39 1.361601 0.000000 0.000000 0.033791 0.056509 -0.943913
    40 0.779604 0.000001 0.000000 0.038833 0.124038 0.218150
    41 2.908730 0.220541 0.432493 -0.312825 -0.064540 -0.854119
    42 1.597527 0.000000 0.000000 0.020338 0.043857 -0.899809
    43 0.912678 0.000000 0.000000 -0.002548 -0.008289 0.256412
    44 3.265471 0.051184 -0.415600 -0.320176 -0.091421 -0.907618
    45 1.860470 0.000000 0.000000 0.051611 0.064235 -1.000517
    46 1.061485 0.000000 0.000000 -0.004037 -0.029426 0.237782
    47 3.340403 -0.238762 -1.285691 -0.315698 -0.062609 -0.887483
    48 1.550755 0.000000 0.000000 -0.061667 -0.075946 -1.019680
    49 0.904886 0.000001 0.000000 -0.001669 -0.026281 0.159649
    50 1.219410 -1.061498 -0.840143 -1.725617 0.534025 -0.029356
    51 1.496971 0.000002 0.000000 0.141600 0.113297 -0.458891
    52 1.100088 0.000000 0.000000 -0.031342 0.025865 -0.596322
    53 -19.296875 -7.980469 0.522949 2.933895 -0.095354 1.887719
    54 0.000000 0.000000 0.000000 -0.077030 -0.068757 -1.299215
    55 7.054213 0.000000 0.000000 0.000000 0.000000 0.000000
    56 0.000000 -0.000007 -0.000031 1.373047 0.113574 0.124314
    57 0.000000 -0.000007 -0.000031 1.373047 0.113574 0.124314
    58 2.856947 -1.536175 -0.973780 -1.501147 -0.272558 -1.578261
    59 0.000000 0.000000 10.000000 0.000000 0.000000 0.000000
    60 2.856899 -1.536201 -0.973800 -1.501147 -0.272558 -1.578261
    61 2.000000 -3.000000 0.000000 -1.570796 0.000000 -1.326450
    62 0.018896 0.665159 9.395880 0.000000 0.000000 0.000000
    63 3.028210 -0.923409 -2.009452 1.574082 -0.012974 1.587244
    64 0.116954 4.311606 0.061861 0.000010 0.000000 0.000000
    65 0.000000 -0.000002 0.000000 0.000000 0.000000 0.000000
    66 0.000000 1.000000 0.000010 0.000000 0.000000 0.000000
    67 -0.000001 0.000000 0.000000 0.000000 0.000000 0.000000
    68 -0.000001 0.000000 0.000000 0.000000 0.000000 0.000000
    69 -0.000001 0.000000 0.000000 0.000000 0.000000 0.000000
time 155
    0 0.941406 -6.394531 27.078125 1.678728 -0.076186 0.180516
    1 3.455587 0.000000 0.000000 -2.277903 -0.701657 -1.255504
    2 16.572346 0.000000 0.000000 0.000000 0.000000 0.964139
    3 16.265829 0.000000 0.000000 -0.419784 0.612221 -1.413033
    4 5.046457 0.000000 0.000000 0.009856 -0.018681 -0.823627
    5 -3.455587 0.000000 0.000000 -1.517087 -0.222612 -1.668028
    6 16.572346 0.000000 0.000000 0.000000 0.000000 0.613785
    7 16.265831 0.000000 0.000000 0.299725 -0.039425 -0.859234
    8 5.046457 0.000000 0.000000 -0.100237 0.015025 -0.414622
    9 0.000000 3.703728 0.293189 1.569425 -0.196884 1.543035
    10 3.307846 0.000000 0.000000 -0.001578 -0.012651 -0.133379
    11 3.297962 0.000000 0.000000 -0.003099 0.013593 -0.175059
    12 6.040985 0.000000 0.000000 0.003047 0.029896 0.249076
    13 5.065758 0.000000 0.000000 2.852925 -0.095049 -0.167457
    14 3.993755 0.000000 0.000000 -0.228844 0.120469 1.036287
    15 3.815876 1.385489 1.500000 -1.883150 -1.161394 0.103085
    16 4.327093 0.000004 0.000000 3.046574 -0.186407 0.905485
    17 11.105114 0.000000 0.000000 0.000000 0.000000 -0.536182
    18 9.862099 -0.000011 -0.000031 1.301198 -0.270291 0.363470
    19 2.641094 0.214619 -1.073586 0.343640 0.190540 -0.806457
    20 1.361605 -0.000002 0.000000 -0.033852 -0.056532 -1.168171
    21 0.779602 0.000002 0.000000 -0.038792 -0.123973 0.252811
    22 2.908712 0.221762 -0.431868 0.315656 0.064476 -0.893331
    23 1.597527 0.000001 0.000000 -0.020331 -0.043837 -1.158634
    24 0.912680 0.000001 0.000000 0.002529 0.008221 0.233624
    25 3.265450 0.050007 0.415744 0.322996 0.091423 -1.049966
    26 1.860470 0.000000 0.000000 -0.051601 -0.064213 -1.194101
    27 1.061481 -0.000001 0.000000 0.004104 0.029474 0.404443
    28 3.340382 -0.242393 1.285012 0.318526 0.062572 -1.131184
    29 1.550753 0.000001 0.000000 0.061672 0.075949 -1.038656
    30 0.904888 0.000001 0.000000 0.001693 0.026264 0.279791
    31 1.219385 -1.063860 0.837143 1.700710 -0.490026 -0.201183
    32 1.496971 -0.000002 -0.000001 -0.211499 -0.093020 -0.524662
    33 1.100086 0.000000 0.000000 0.034391 -0.021604 -0.723527
    34 3.815876 1.385489 -1.500000 1.159534 1.079346 -0.589509
    35 4.327089 -0.000004 0.000000 3.115064 0.127698 0.874940
    36 11.105106 0.000000 0.000004 0.000000 0.000000 -0.426393
    37 9.862080 -0.000007 0.000017 -1.157426 0.054718 0.088299
    38 2.641111 0.211586 1.074188 -0.340778 -0.190504 -0.713994
    39 1.361601 0.000000 0.000000 0.033791 0.056509 -0.943913
    40 0.779604 0.000001 0.000000 0.038833 0.124038 0.218150
    41 2.908730 0.220541 0.432493 -0.312825 -0.064540 -0.854119
    42 1.597527 0.000000 0.000000 0.020338 0.043857 -0.899809
    43 0.912678 0.000000 0.000000 -0.002548 -0.008289 0.256412
    44 3.265471 0.051184 -0.415600 -0.320176 -0.091421 -0.907618
    45 1.860470 0.000000 0.000000 0.051611 0.064235 -1.000517
    46 1.061485 0.000000 0.000000 -0.004037 -0.029426 0.237782
    47 3.340403 -0.238762 -1.285691 -0.315698 -0.062609 -0.887483
    48 1.550755 0.000000 0.000000 -0.061667 -0.075946 -1.019680
    49 0.904886 0.000001 0.000000 -0.001669 -0.026281 0.159649
    50 1.219410 -1.061498 -0.840143 -1.725617 0.534025 -0.029356
    51 1.496971 0.000002 0.000000 0.141600 0.113297 -0.458891
    52 1.100088 0.000000 0.000000 -0.031342 0.025865 -0.596322
    53 -16.843750 -10.406250 3.615234 2.909648 -0.074560 1.893007
    54 0.000000 0.000000 0.000000 -0.077030 -0.068757 -1.299215
    55 7.054213 0.000000 0.000000 0.000000 0.000000 0.000000
    56 0.000000 -0.000007 -0.000031 1.373047 0.113574 0.124314
    57 0.000000 -0.000007 -0.000031 1.373047 0.113574 0.124314
    58 2.856947 -1.536175 -0.973780 -1.501147 -0.272558 -1.578261
    59 0.000000 0.000000 10.000000 0.000000 0.000000 0.000000
    60 2.856899 -1.536201 -0.973800 -1.501147 -0.272558 -1.578261
    61 2.000000 -3.000000 0.000000 -1.570796 0.000000 -1.326450
    62 0.018896 0.665159 9.395880 0.000000 0.000000 0.000000
    63 3.028210 -0.923409 -2.009452 1.574082 -0.012974 1.587244
    64 0.116954 4.311606 0.061861 0.000010 0.000000 0.000000
    65 0.000000 -0.000002 0.000000 0.000000 0.000000 0.000000
    66 0.000000 1.000000 0.000010 0.000000 0.000000 0.000000
    67 -0.000001 0.000000 0.000000 0.000000 0.000000 0.000000
    68 -0.000001 0.000000 0.000000 0.000000 0.000000 0.000000
    69 -0.000001 0.000000 0.000000 0.000000 0.000000 0.000000
time 156
    0 0.865234 -6.675781 27.156250 1.651605 -0.050462 0.195417
    1 3.455587 0.000000 0.000000 -2.202799 -0.581385 -1.322185
    2 16.572346 0.000000 0.000000 0.000000 0.000000 0.722169
    3 16.265829 0.000000 0.000000 -0.372745 0.699144 -1.367013
    4 5.046457 0.000000 0.000000 0.009936 -0.018672 -0.994322
    5 -3.455587 0.000000 0.000000 -1.522860 -0.191017 -1.670813
    6 16.572346 0.000000 0.000000 0.000000 0.000000 0.652210
    7 16.265831 0.000000 0.000000 0.283830 -0.047276 -0.859722
    8 5.046457 0.000000 0.000000 -0.100148 0.015010 -0.409852
    9 0.000000 3.703728 0.293189 1.574002 -0.193489 1.556601
    10 3.307846 0.000000 0.000000 0.003018 -0.003689 -0.135123
    11 3.297962 0.000000 0.000000 0.000446 0.017717 -0.174170
    12 6.040985 0.000000 0.000000 0.007500 0.031858 0.250983
    13 5.065758 0.000000 0.000000 2.852905 -0.075124 -0.142338
    14 3.993755 0.000000 0.000000 -0.236181 0.107728 1.006881
    15 3.815876 1.385489 1.500000 -1.922028 -1.181410 0.145814
    16 4.327093 0.000004 0.000000 3.056464 -0.234342 0.922098
    17 11.105114 0.000000 0.000000 0.000000 0.000000 -0.542093
    18 9.862099 -0.000011 -0.000031 1.286767 -0.290877 0.364277
    19 2.641094 0.214619 -1.073586 0.343640 0.190540 -0.806457
    20 1.361605 -0.000002 0.000000 -0.033852 -0.056532 -1.168171
    21 0.779602 0.000002 0.000000 -0.038792 -0.123973 0.252811
    22 2.908712 0.221762 -0.431868 0.315656 0.064476 -0.893331
    23 1.597527 0.000001 0.000000 -0.020331 -0.043837 -1.158634
    24 0.912680 0.000001 0.000000 0.002529 0.008221 0.233624
    25 3.265450 0.050007 0.415744 0.322996 0.091423 -1.049966
    26 1.860470 0.000000 0.000000 -0.051601 -0.064213 -1.194101
    27 1.061481 -0.000001 0.000000 0.004104 0.029474 0.404443
    28 3.340382 -0.242393 1.285012 0.318526 0.062572 -1.131184
    29 1.550753 0.000001 0.000000 0.061672 0.075949 -1.038656
    30 0.904888 0.000001 0.000000 0.001693 0.026264 0.279791
    31 1.219385 -1.063860 0.837143 1.700710 -0.490026 -0.201183
    32 1.496971 -0.000002 -0.000001 -0.211499 -0.093020 -0.524662
    33 1.100086 0.000000 0.000000 0.034391 -0.021604 -0.723527
    34 3.815876 1.385489 -1.500000 1.135469 1.086937 -0.623106
    35 4.327089 -0.000004 0.000000 3.106671 0.175443 0.882418
    36 11.105106 0.000000 0.000004 0.000000 0.000000 -0.456119
    37 9.862080 -0.000007 0.000017 -1.182944 0.049923 0.099069
    38 2.641111 0.211586 1.074188 -0.340778 -0.190504 -0.713994
    39 1.361601 0.000000 0.000000 0.033791 0.056509 -0.943913
    40 0.779604 0.000001 0.000000 0.038833 0.124038 0.218150
    41 2.908730 0.220541 0.432493 -0.312825 -0.064540 -0.854119
    42 1.597527 0.000000 0.000000 0.020338 0.043857 -0.899809
    43 0.912678 0.000000 0.000000 -0.002548 -0.008289 0.256412
    44 3.265471 0.051184 -0.415600 -0.320176 -0.091421 -0.907618
    45 1.860470 0.000000 0.000000 0.051611 0.064235 -1.000517
    46 1.061485 0.000000 0.000000 -0.004037 -0.029426 0.237782
    47 3.340403 -0.238762 -1.285691 -0.315698 -0.062609 -0.887483
    48 1.550755 0.000000 0.000000 -0.061667 -0.075946 -1.019680
    49 0.904886 0.000001 0.000000 -0.001669 -0.026281 0.159649
    50 1.219410 -1.061498 -0.840143 -1.725617 0.534025 -0.029356
    51 1.496971 0.000002 0.000000 0.141600 0.113297 -0.458891
    52 1.100088 0.000000 0.000000 -0.031342 0.025865 -0.596322
    53 -14.171875 -14.390625 3.953125 2.885393 -0.055522 1.895778
    54 0.000000 0.000000 0.000000 -0.077030 -0.068757 -1.299215
    55 7.054213 0.000000 0.000000 0.000000 0.000000 0.000000
    56 0.000000 -0.000007 -0.000031 1.373047 0.113574 0.124314
    57 0.000000 -0.000007 -0.000031 1.373047 0.113574 0.124314
    58 2.856947 -1.536175 -0.973780 -1.501147 -0.272558 -1.578261
    59 0.000000 0.000000 10.000000 0.000000 0.000000 0.000000
    60 2.856899 -1.536201 -0.973800 -1.501147 -0.272558 -1.578261
    61 2.000000 -3.000000 0.000000 -1.570796 0.000000 -1.326450
    62 0.018896 0.665159 9.395880 0.000000 0.000000 0.000000
    63 3.028210 -0.923409 -2.009452 1.574082 -0.012974 1.587244
    64 0.116954 4.311606 0.061861 0.000010 0.000000 0.000000
    65 0.000000 -0.000002 0.000000 0.000000 0.000000 0.000000
    66 0.000000 1.000000 0.000010 0.000000 0.000000 0.000000
    67 -0.000001 0.000000 0.000000 0.000000 0.000000 0.000000
    68 -0.000001 0.000000 0.000000 0.000000 0.000000 0.000000
    69 -0.000001 0.000000 0.000000 0.000000 0.000000 0.000000
time 157
    0 0.791992 -7.011719 27.156250 1.629082 -0.018699 0.201237
    1 3.455587 0.000000 0.000000 -2.123126 -0.468306 -1.360861
    2 16.572346 0.000000 0.000000 0.000000 0.000000 0.511336
    3 16.265829 0.000000 0.000000 -0.205774 0.661097 -1.215928
    4 5.046457 0.000000 0.000000 0.009876 -0.018703 -0.963510
    5 -3.455587 0.000000 0.000000 -1.526218 -0.167582 -1.670125
    6 16.572346 0.000000 0.000000 0.000000 0.000000 0.691528
    7 16.265831 0.000000 0.000000 0.261379 -0.051647 -0.870187
    8 5.046457 0.000000 0.000000 -0.100154 0.015019 -0.395121
    9 0.000000 3.703728 0.293189 1.577648 -0.185231 1.573147
    10 3.307846 0.000000 0.000000 0.006678 0.006003 -0.139078
    11 3.297962 0.000000 0.000000 0.003461 0.019187 -0.171716
    12 6.040985 0.000000 0.000000 0.010605 0.029622 0.256153
    13 5.065758 0.000000 0.000000 2.857460 -0.049451 -0.128673
    14 3.993755 0.000000 0.000000 -0.242000 0.090250 0.985840
    15 3.815876 1.385489 1.500000 -1.920430 -1.176826 0.145116
    16 4.327093 0.000004 0.000000 3.070319 -0.279392 0.921968
    17 11.105114 0.000000 0.000000 0.000000 0.000000 -0.545051
    18 9.862099 -0.000011 -0.000031 1.270134 -0.312091 0.367219
    19 2.641094 0.214619 -1.073586 0.343640 0.190540 -0.806457
    20 1.361605 -0.000002 0.000000 -0.033852 -0.056532 -1.168171
    21 0.779602 0.000002 0.000000 -0.038792 -0.123973 0.252811
    22 2.908712 0.221762 -0.431868 0.315656 0.064476 -0.893331
    23 1.597527 0.000001 0.000000 -0.020331 -0.043837 -1.158634
    24 0.912680 0.000001 0.000000 0.002529 0.008221 0.233624
    25 3.265450 0.050007 0.415744 0.322996 0.091423 -1.049966
    26 1.860470 0.000000 0.000000 -0.051601 -0.064213 -1.194101
    27 1.061481 -0.000001 0.000000 0.004104 0.029474 0.404443
    28 3.340382 -0.242393 1.285012 0.318526 0.062572 -1.131184
    29 1.550753 0.000001 0.000000 0.061672 0.075949 -1.038656
    30 0.904888 0.000001 0.000000 0.001693 0.026264 0.279791
    31 1.219385 -1.063860 0.837143 1.700710 -0.490026 -0.201183
    32 1.496971 -0.000002 -0.000001 -0.211499 -0.093020 -0.524662
    33 1.100086 0.000000 0.000000 0.034391 -0.021604 -0.723527
    34 3.815876 1.385489 -1.500000 1.111536 1.087082 -0.651537
    35 4.327089 -0.000004 0.000000 3.107919 0.222492 0.872515
    36 11.105106 0.000000 0.000004 0.000000 0.000000 -0.477059
    37 9.862080 -0.000007 0.000017 -1.203636 0.046224 0.095490
    38 2.641111 0.211586 1.074188 -0.340778 -0.190504 -0.713994
    39 1.361601 0.000000 0.000000 0.033791 0.056509 -0.943913
    40 0.779604 0.000001 0.000000 0.038833 0.124038 0.218150
    41 2.908730 0.220541 0.432493 -0.312825 -0.064540 -0.854119
    42 1.597527 0.000000 0.000000 0.020338 0.043857 -0.899809
    43 0.912678 0.000000 0.000000 -0.002548 -0.008289 0.256412
    44 3.265471 0.051184 -0.415600 -0.320176 -0.091421 -0.907618
    45 1.860470 0.000000 0.000000 0.051611 0.064235 -1.000517
    46 1.061485 0.000000 0.000000 -0.004037 -0.029426 0.237782
    47 3.340403 -0.238762 -1.285691 -0.315698 -0.062609 -0.887483
    48 1.550755 0.000000 0.000000 -0.061667 -0.075946 -1.019680
    49 0.904886 0.000001 0.000000 -0.001669 -0.026281 0.159649
    50 1.219410 -1.061498 -0.840143 -1.725617 0.534025 -0.029356
    51 1.496971 0.000002 0.000000 0.141600 0.113297 -0.458891
    52 1.100088 0.000000 0.000000 -0.031342 0.025865 -0.596322
    53 -11.828125 -17.765625 0.121338 2.864700 -0.035384 1.898110
    54 0.000000 0.000000 0.000000 -0.077030 -0.068757 -1.299215
    55 7.054213 0.000000 0.000000 0.000000 0.000000 0.000000
    56 0.000000 -0.000007 -0.000031 1.373047 0.113574 0.124314
    57 0.000000 -0.000007 -0.000031 1.373047 0.113574 0.124314
    58 2.856947 -1.536175 -0.973780 -1.501147 -0.272558 -1.578261
    59 0.000000 0.000000 10.000000 0.000000 0.000000 0.000000
    60 2.856899 -1.536201 -0.973800 -1.501147 -0.272558 -1.578261
    61 2.000000 -3.000000 0.000000 -1.570796 0.000000 -1.326450
    62 0.018896 0.665159 9.395880 0.000000 0.000000 0.000000
    63 3.028210 -0.923409 -2.009452 1.574082 -0.012974 1.587244
    64 0.116954 4.311606 0.061861 0.000010 0.000000 0.000000
    65 0.000000 -0.000002 0.000000 0.000000 0.000000 0.000000
    66 0.000000 1.000000 0.000010 0.000000 0.000000 0.000000
    67 -0.000001 0.000000 0.000000 0.000000 0.000000 0.000000
    68 -0.000001 0.000000 0.000000 0.000000 0.000000 0.000000
    69 -0.000001 0.000000 0.000000 0.000000 0.000000 0.000000
time 158
    0 0.693848 -7.320313 27.093750 1.610476 0.018843 0.195662
    1 3.455587 0.000000 0.000000 -2.032941 -0.379469 -1.372304
    2 16.572346 0.000000 0.000000 0.000000 0.000000 0.352653
    3 16.265829 0.000000 0.000000 -0.039620 0.466303 -0.953424
    4 5.046457 0.000000 0.000000 0.009884 -0.018684 -0.727474
    5 -3.455587 0.000000 0.000000 -1.528500 -0.156467 -1.666255
    6 16.572346 0.000000 0.000000 0.000000 0.000000 0.732514
    7 16.265831 0.000000 0.000000 0.251726 -0.060126 -0.892640
    8 5.046457 0.000000 0.000000 -0.100150 0.014997 -0.410116
    9 0.000000 3.703728 0.293189 1.580057 -0.180363 1.591822
    10 3.307846 0.000000 0.000000 0.009317 0.016324 -0.141277
    11 3.297962 0.000000 0.000000 0.005349 0.021597 -0.170221
    12 6.040985 0.000000 0.000000 0.012945 0.030009 0.257847
    13 5.065758 0.000000 0.000000 2.850605 -0.034599 -0.118482
    14 3.993755 0.000000 0.000000 -0.253452 0.080971 0.969944
    15 3.815876 1.385489 1.500000 -1.892274 -1.161515 0.123204
    16 4.327093 0.000004 0.000000 3.079557 -0.306784 0.910537
    17 11.105114 0.000000 0.000000 0.000000 0.000000 -0.542989
    18 9.862099 -0.000011 -0.000031 1.255303 -0.327270 0.361353
    19 2.641094 0.214619 -1.073586 0.343640 0.190540 -0.806457
    20 1.361605 -0.000002 0.000000 -0.033852 -0.056532 -1.168171
    21 0.779602 0.000002 0.000000 -0.038792 -0.123973 0.252811
    22 2.908712 0.221762 -0.431868 0.315656 0.064476 -0.893331
    23 1.597527 0.000001 0.000000 -0.020331 -0.043837 -1.158634
    24 0.912680 0.000001 0.000000 0.002529 0.008221 0.233624
    25 3.265450 0.050007 0.415744 0.322996 0.091423 -1.049966
    26 1.860470 0.000000 0.000000 -0.051601 -0.064213 -1.194101
    27 1.061481 -0.000001 0.000000 0.004104 0.029474 0.404443
    28 3.340382 -0.242393 1.285012 0.318526 0.062572 -1.131184
    29 1.550753 0.000001 0.000000 0.061672 0.075949 -1.038656
    30 0.904888 0.000001 0.000000 0.001693 0.026264 0.279791
    31 1.219385 -1.063860 0.837143 1.700710 -0.490026 -0.201183
    32 1.496971 -0.000002 -0.000001 -0.211499 -0.093020 -0.524662
    33 1.100086 0.000000 0.000000 0.034391 -0.021604 -0.723527
    34 3.815876 1.385489 -1.500000 1.113783 1.070896 -0.653438
    35 4.327089 -0.000004 0.000000 3.111671 0.267061 0.845065
    36 11.105106 0.000000 0.000004 0.000000 0.000000 -0.486126
    37 9.862080 -0.000007 0.000017 -1.218726 0.046322 0.088821
    38 2.641111 0.211586 1.074188 -0.340778 -0.190504 -0.713994
    39 1.361601 0.000000 0.000000 0.033791 0.056509 -0.943913
    40 0.779604 0.000001 0.000000 0.038833 0.124038 0.218150
    41 2.908730 0.220541 0.432493 -0.312825 -0.064540 -0.854119
    42 1.597527 0.000000 0.000000 0.020338 0.043857 -0.899809
    43 0.912678 0.000000 0.000000 -0.002548 -0.008289 0.256412
    44 3.265471 0.051184 -0.415600 -0.320176 -0.091421 -0.907618
    45 1.860470 0.000000 0.000000 0.051611 0.064235 -1.000517
    46 1.061485 0.000000 0.000000 -0.004037 -0.029426 0.237782
    47 3.340403 -0.238762 -1.285691 -0.315698 -0.062609 -0.887483
    48 1.550755 0.000000 0.000000 -0.061667 -0.075946 -1.019680
    49 0.904886 0.000001 0.000000 -0.001669 -0.026281 0.159649
    50 1.219410 -1.061498 -0.840143 -1.725617 0.534025 -0.029356
    51 1.496971 0.000002 0.000000 0.141600 0.113297 -0.458891
    52 1.100088 0.000000 0.000000 -0.031342 0.025865 -0.596322
    53 -10.882813 -18.046875 -4.726563 2.852812 -0.022894 1.897568
    54 0.000000 0.000000 0.000000 -0.077030 -0.068757 -1.299215
    55 7.054213 0.000000 0.000000 0.000000 0.000000 0.000000
    56 0.000000 -0.000007 -0.000031 1.373047 0.113574 0.124314
    57 0.000000 -0.000007 -0.000031 1.373047 0.113574 0.124314
    58 2.856947 -1.536175 -0.973780 -1.501147 -0.272558 -1.578261
    59 0.000000 0.000000 10.000000 0.000000 0.000000 0.000000
    60 2.856899 -1.536201 -0.973800 -1.501147 -0.272558 -1.578261
    61 2.000000 -3.000000 0.000000 -1.570796 0.000000 -1.326450
    62 0.018896 0.665159 9.395880 0.000000 0.000000 0.000000
    63 3.028210 -0.923409 -2.009452 1.574082 -0.012974 1.587244
    64 0.116954 4.311606 0.061861 0.000010 0.000000 0.000000
    65 0.000000 -0.000002 0.000000 0.000000 0.000000 0.000000
    66 0.000000 1.000000 0.000010 0.000000 0.000000 0.000000
    67 -0.000001 0.000000 0.000000 0.000000 0.000000 0.000000
    68 -0.000001 0.000000 0.000000 0.000000 0.000000 0.000000
    69 -0.000001 0.000000 0.000000 0.000000 0.000000 0.000000
time 159
    0 0.504883 -7.562500 27.000000 1.599247 0.054756 0.184113
    1 3.455587 0.000000 0.000000 -1.960551 -0.331011 -1.364361
    2 16.572346 0.000000 0.000000 0.000000 0.000000 0.278698
    3 16.265829 0.000000 0.000000 0.111795 0.190587 -0.760046
    4 5.046457 0.000000 0.000000 0.009892 -0.018741 -0.511012
    5 -3.455587 0.000000 0.000000 -1.527974 -0.164880 -1.661949
    6 16.572346 0.000000 0.000000 0.000000 0.000000 0.776715
    7 16.265831 0.000000 0.000000 0.271335 -0.055503 -0.945220
    8 5.046457 0.000000 0.000000 -0.100230 0.015010 -0.409500
    9 0.000000 3.703728 0.293189 1.580496 -0.178868 1.601585
    10 3.307846 0.000000 0.000000 0.009814 0.022680 -0.141766
    11 3.297962 0.000000 0.000000 0.004714 0.028210 -0.169092
    12 6.040985 0.000000 0.000000 0.014813 0.040818 0.259287
    13 5.065758 0.000000 0.000000 2.826810 -0.035721 -0.111890
    14 3.993755 0.000000 0.000000 -0.274472 0.085922 0.963072
    15 3.815876 1.385489 1.500000 -1.880924 -1.147880 0.119957
    16 4.327093 0.000004 0.000000 3.084015 -0.306505 0.899866
    17 11.105114 0.000000 0.000000 0.000000 0.000000 -0.539943
    18 9.862099 -0.000011 -0.000031 1.248703 -0.335683 0.350485
    19 2.641094 0.214619 -1.073586 0.343640 0.190540 -0.806457
    20 1.361605 -0.000002 0.000000 -0.033852 -0.056532 -1.168171
    21 0.779602 0.000002 0.000000 -0.038792 -0.123973 0.252811
    22 2.908712 0.221762 -0.431868 0.315656 0.064476 -0.893331
    23 1.597527 0.000001 0.000000 -0.020331 -0.043837 -1.158634
    24 0.912680 0.000001 0.000000 0.002529 0.008221 0.233624
    25 3.265450 0.050007 0.415744 0.322996 0.091423 -1.049966
    26 1.860470 0.000000 0.000000 -0.051601 -0.064213 -1.194101
    27 1.061481 -0.000001 0.000000 0.004104 0.029474 0.404443
    28 3.340382 -0.242393 1.285012 0.318526 0.062572 -1.131184
    29 1.550753 0.000001 0.000000 0.061672 0.075949 -1.038656
    30 0.904888 0.000001 0.000000 0.001693 0.026264 0.279791
    31 1.219385 -1.063860 0.837143 1.700710 -0.490026 -0.201183
    32 1.496971 -0.000002 -0.000001 -0.211499 -0.093020 -0.524662
    33 1.100086 0.000000 0.000000 0.034391 -0.021604 -0.723527
    34 3.815876 1.385489 -1.500000 1.128053 1.049411 -0.645226
    35 4.327089 -0.000004 0.000000 3.116914 0.296922 0.821193
    36 11.105106 0.000000 0.000004 0.000000 0.000000 -0.478125
    37 9.862080 -0.000007 0.000017 -1.224245 0.046689 0.077302
    38 2.641111 0.211586 1.074188 -0.340778 -0.190504 -0.713994
    39 1.361601 0.000000 0.000000 0.033791 0.056509 -0.943913
    40 0.779604 0.000001 0.000000 0.038833 0.124038 0.218150
    41 2.908730 0.220541 0.432493 -0.312825 -0.064540 -0.854119
    42 1.597527 0.000000 0.000000 0.020338 0.043857 -0.899809
    43 0.912678 0.000000 0.000000 -0.002548 -0.008289 0.256412
    44 3.265471 0.051184 -0.415600 -0.320176 -0.091421 -0.907618
    45 1.860470 0.000000 0.000000 0.051611 0.064235 -1.000517
    46 1.061485 0.000000 0.000000 -0.004037 -0.029426 0.237782
    47 3.340403 -0.238762 -1.285691 -0.315698 -0.062609 -0.887483
    48 1.550755 0.000000 0.000000 -0.061667 -0.075946 -1.019680
    49 0.904886 0.000001 0.000000 -0.001669 -0.026281 0.159649
    50 1.219410 -1.061498 -0.840143 -1.725617 0.534025 -0.029356
    51 1.496971 0.000002 0.000000 0.141600 0.113297 -0.458891
    52 1.100088 0.000000 0.000000 -0.031342 0.025865 -0.596322
    53 -12.046875 -15.000000 -7.832031 2.853491 -0.027106 1.899065
    54 0.000000 0.000000 0.000000 -0.077030 -0.068757 -1.299215
    55 7.054213 0.000000 0.000000 0.000000 0.000000 0.000000
    56 0.000000 -0.000007 -0.000031 1.373047 0.113574 0.124314
    57 0.000000 -0.000007 -0.000031 1.373047 0.113574 0.124314
    58 2.856947 -1.536175 -0.973780 -1.501147 -0.272558 -1.578261
    59 0.000000 0.000000 10.000000 0.000000 0.000000 0.000000
    60 2.856899 -1.536201 -0.973800 -1.501147 -0.272558 -1.578261
    61 2.000000 -3.000000 0.000000 -1.570796 0.000000 -1.326450
    62 0.018896 0.665159 9.395880 0.000000 0.000000 0.000000
    63 3.028210 -0.923409 -2.009452 1.574082 -0.012974 1.587244
    64 0.116954 4.311606 0.061861 0.000010 0.000000 0.000000
    65 0.000000 -0.000002 0.000000 0.000000 0.000000 0.000000
    66 0.000000 1.000000 0.000010 0.000000 0.000000 0.000000
    67 -0.000001 0.000000 0.000000 0.000000 0.000000 0.000000
    68 -0.000001 0.000000 0.000000 0.000000 0.000000 0.000000
    69 -0.000001 0.000000 0.000000 0.000000 0.000000 0.000000
time 160
    0 0.183105 -7.750000 27.015625 1.605967 0.073234 0.173527
    1 3.455587 0.000000 0.000000 -1.937814 -0.303693 -1.358899
    2 16.572346 0.000000 0.000000 0.000000 0.000000 0.274079
    3 16.265829 0.000000 0.000000 0.037575 -0.013989 -0.760564
    4 5.046457 0.000000 0.000000 0.009850 -0.018739 -0.448265
    5 -3.455587 0.000000 0.000000 -1.521836 -0.198969 -1.669300
    6 16.572346 0.000000 0.000000 0.000000 0.000000 0.818496
    7 16.265831 0.000000 0.000000 0.309413 -0.045496 -1.027878
    8 5.046457 0.000000 0.000000 -0.100207 0.015025 -0.412944
    9 0.000000 3.703728 0.293189 1.577873 -0.174802 1.587384
    10 3.307846 0.000000 0.000000 0.006928 0.017898 -0.144407
    11 3.297962 0.000000 0.000000 -0.000061 0.039504 -0.169349
    12 6.040985 0.000000 0.000000 0.014997 0.063692 0.261457
    13 5.065758 0.000000 0.000000 2.807421 -0.047744 -0.121727
    14 3.993755 0.000000 0.000000 -0.287515 0.096394 0.973295
    15 3.815876 1.385489 1.500000 -1.915956 -1.152393 0.167986
    16 4.327093 0.000004 0.000000 3.105165 -0.266602 0.914546
    17 11.105114 0.000000 0.000000 0.000000 0.000000 -0.539048
    18 9.862099 -0.000011 -0.000031 1.246343 -0.336229 0.349978
    19 2.641094 0.214619 -1.073586 0.343640 0.190540 -0.806457
    20 1.361605 -0.000002 0.000000 -0.033852 -0.056532 -1.168171
    21 0.779602 0.000002 0.000000 -0.038792 -0.123973 0.252811
    22 2.908712 0.221762 -0.431868 0.315656 0.064476 -0.893331
    23 1.597527 0.000001 0.000000 -0.020331 -0.043837 -1.158634
    24 0.912680 0.000001 0.000000 0.002529 0.008221 0.233624
    25 3.265450 0.050007 0.415744 0.322996 0.091423 -1.049966
    26 1.860470 0.000000 0.000000 -0.051601 -0.064213 -1.194101
    27 1.061481 -0.000001 0.000000 0.004104 0.029474 0.404443
    28 3.340382 -0.242393 1.285012 0.318526 0.062572 -1.131184
    29 1.550753 0.000001 0.000000 0.061672 0.075949 -1.038656
    30 0.904888 0.000001 0.000000 0.001693 0.026264 0.279791
    31 1.219385 -1.063860 0.837143 1.700710 -0.490026 -0.201183
    32 1.496971 -0.000002 -0.000001 -0.211499 -0.093020 -0.524662
    33 1.100086 0.000000 0.000000 0.034391 -0.021604 -0.723527
    34 3.815876 1.385489 -1.500000 1.123561 1.048558 -0.651497
    35 4.327089 -0.000004 0.000000 3.115337 0.300228 0.818185
    36 11.105106 0.000000 0.000004 0.000000 0.000000 -0.475283
    37 9.862080 -0.000007 0.000017 -1.215538 0.049819 0.081730
    38 2.641111 0.211586 1.074188 -0.340778 -0.190504 -0.713994
    39 1.361601 0.000000 0.000000 0.033791 0.056509 -0.943913
    40 0.779604 0.000001 0.000000 0.038833 0.124038 0.218150
    41 2.908730 0.220541 0.432493 -0.312825 -0.064540 -0.854119
    42 1.597527 0.000000 0.000000 0.020338 0.043857 -0.899809
    43 0.912678 0.000000 0.000000 -0.002548 -0.008289 0.256412
    44 3.265471 0.051184 -0.415600 -0.320176 -0.091421 -0.907618
    45 1.860470 0.000000 0.000000 0.051611 0.064235 -1.000517
    46 1.061485 0.000000 0.000000 -0.004037 -0.029426 0.237782
    47 3.340403 -0.238762 -1.285691 -0.315698 -0.062609 -0.887483
    48 1.550755 0.000000 0.000000 -0.061667 -0.075946 -1.019680
    49 0.904886 0.000001 0.000000 -0.001669 -0.026281 0.159649
    50 1.219410 -1.061498 -0.840143 -1.725617 0.534025 -0.029356
    51 1.496971 0.000002 0.000000 0.141600 0.113297 -0.458891
    52 1.100088 0.000000 0.000000 -0.031342 0.025865 -0.596322
    53 -14.289063 -11.195313 -8.609375 2.870202 -0.031129 1.906709
    54 0.000000 0.000000 0.000000 -0.077030 -0.068757 -1.299215
    55 7.054213 0.000000 0.000000 0.000000 0.000000 0.000000
    56 0.000000 -0.000007 -0.000031 1.373047 0.113574 0.124314
    57 0.000000 -0.000007 -0.000031 1.373047 0.113574 0.124314
    58 2.856947 -1.536175 -0.973780 -1.501147 -0.272558 -1.578261
    59 0.000000 0.000000 10.000000 0.000000 0.000000 0.000000
    60 2.856899 -1.536201 -0.973800 -1.501147 -0.272558 -1.578261
    61 2.000000 -3.000000 0.000000 -1.570796 0.000000 -1.326450
    62 0.018896 0.665159 9.395880 0.000000 0.000000 0.000000
    63 3.028210 -0.923409 -2.009452 1.574082 -0.012974 1.587244
    64 0.116954 4.311606 0.061861 0.000010 0.000000 0.000000
    65 0.000000 -0.000002 0.000000 0.000000 0.000000 0.000000
    66 0.000000 1.000000 0.000010 0.000000 0.000000 0.000000
    67 -0.000001 0.000000 0.000000 0.000000 0.000000 0.000000
    68 -0.000001 0.000000 0.000000 0.000000 0.000000 0.000000
    69 -0.000001 0.000000 0.000000 0.000000 0.000000 0.000000
time 161
    0 -0.214600 -7.914063 26.953125 1.619843 0.095730 0.169945
    1 3.455587 0.000000 0.000000 -1.958281 -0.268639 -1.349184
    2 16.572346 0.000000 0.000000 0.000000 0.000000 0.280965
    3 16.265829 0.000000 0.000000 -0.166339 -0.123862 -0.860909
    4 5.046457 0.000000 0.000000 0.009907 -0.018755 -0.503699
    5 -3.455587 0.000000 0.000000 -1.507331 -0.246028 -1.666931
    6 16.572346 0.000000 0.000000 0.000000 0.000000 0.857146
    7 16.265831 0.000000 0.000000 0.312117 -0.049764 -1.144455
    8 5.046457 0.000000 0.000000 -0.100200 0.014963 -0.456223
    9 0.000000 3.703728 0.293189 1.569539 -0.177419 1.581445
    10 3.307846 0.000000 0.000000 -0.001039 0.014466 -0.143435
    11 3.297962 0.000000 0.000000 -0.007835 0.040483 -0.172543
    12 6.040985 0.000000 0.000000 0.008183 0.069724 0.255711
    13 5.065758 0.000000 0.000000 2.803568 -0.046846 -0.141058
    14 3.993755 0.000000 0.000000 -0.291795 0.096657 0.985013
    15 3.815876 1.385489 1.500000 -1.903898 -1.139018 0.179074
    16 4.327093 0.000004 0.000000 3.135695 -0.200737 0.945013
    17 11.105114 0.000000 0.000000 0.000000 0.000000 -0.513567
    18 9.862099 -0.000011 -0.000031 1.236411 -0.322512 0.342271
    19 2.641094 0.214619 -1.073586 0.343640 0.190540 -0.806457
    20 1.361605 -0.000002 0.000000 -0.033852 -0.056532 -1.168171
    21 0.779602 0.000002 0.000000 -0.038792 -0.123973 0.252811
    22 2.908712 0.221762 -0.431868 0.315656 0.064476 -0.893331
    23 1.597527 0.000001 0.000000 -0.020331 -0.043837 -1.158634
    24 0.912680 0.000001 0.000000 0.002529 0.008221 0.233624
    25 3.265450 0.050007 0.415744 0.322996 0.091423 -1.049966
    26 1.860470 0.000000 0.000000 -0.051601 -0.064213 -1.194101
    27 1.061481 -0.000001 0.000000 0.004104 0.029474 0.404443
    28 3.340382 -0.242393 1.285012 0.318526 0.062572 -1.131184
    29 1.550753 0.000001 0.000000 0.061672 0.075949 -1.038656
    30 0.904888 0.000001 0.000000 0.001693 0.026264 0.279791
    31 1.219385 -1.063860 0.837143 1.700710 -0.490026 -0.201183
    32 1.496971 -0.000002 -0.000001 -0.211499 -0.093020 -0.524662
    33 1.100086 0.000000 0.000000 0.034391 -0.021604 -0.723527
    34 3.815876 1.385489 -1.500000 1.096019 1.054788 -0.675212
    35 4.327089 -0.000004 0.000000 3.099802 0.294397 0.804090
    36 11.105106 0.000000 0.000004 0.000000 0.000000 -0.469245
    37 9.862080 -0.000007 0.000017 -1.188129 0.056139 0.084165
    38 2.641111 0.211586 1.074188 -0.340778 -0.190504 -0.713994
    39 1.361601 0.000000 0.000000 0.033791 0.056509 -0.943913
    40 0.779604 0.000001 0.000000 0.038833 0.124038 0.218150
    41 2.908730 0.220541 0.432493 -0.312825 -0.064540 -0.854119
    42 1.597527 0.000000 0.000000 0.020338 0.043857 -0.899809
    43 0.912678 0.000000 0.000000 -0.002548 -0.008289 0.256412
    44 3.265471 0.051184 -0.415600 -0.320176 -0.091421 -0.907618
    45 1.860470 0.000000 0.000000 0.051611 0.064235 -1.000517
    46 1.061485 0.000000 0.000000 -0.004037 -0.029426 0.237782
    47 3.340403 -0.238762 -1.285691 -0.315698 -0.062609 -0.887483
    48 1.550755 0.000000 0.000000 -0.061667 -0.075946 -1.019680
    49 0.904886 0.000001 0.000000 -0.001669 -0.026281 0.159649
    50 1.219410 -1.061498 -0.840143 -1.725617 0.534025 -0.029356
    51 1.496971 0.000002 0.000000 0.141600 0.113297 -0.458891
    52 1.100088 0.000000 0.000000 -0.031342 0.025865 -0.596322
    53 -16.609375 -7.640625 -5.156250 2.900152 -0.019622 1.901923
    54 0.000000 0.000000 0.000000 -0.077030 -0.068757 -1.299215
    55 7.054213 0.000000 0.000000 0.000000 0.000000 0.000000
    56 0.000000 -0.000007 -0.000031 1.373047 0.113574 0.124314
    57 0.000000 -0.000007 -0.000031 1.373047 0.113574 0.124314
    58 2.856947 -1.536175 -0.973780 -1.501147 -0.272558 -1.578261
    59 0.000000 0.000000 10.000000 0.000000 0.000000 0.000000
    60 2.856899 -1.536201 -0.973800 -1.501147 -0.272558 -1.578261
    61 2.000000 -3.000000 0.000000 -1.570796 0.000000 -1.326450
    62 0.018896 0.665159 9.395880 0.000000 0.000000 0.000000
    63 3.028210 -0.923409 -2.009452 1.574082 -0.012974 1.587244
    64 0.116954 4.311606 0.061861 0.000010 0.000000 0.000000
    65 0.000000 -0.000002 0.000000 0.000000 0.000000 0.000000
    66 0.000000 1.000000 0.000010 0.000000 0.000000 0.000000
    67 -0.000001 0.000000 0.000000 0.000000 0.000000 0.000000
    68 -0.000001 0.000000 0.000000 0.000000 0.000000 0.000000
    69 -0.000001 0.000000 0.000000 0.000000 0.000000 0.000000
time 162
    0 -0.699219 -8.023438 26.875000 1.639954 0.115489 0.179569
    1 3.455587 0.000000 0.000000 -1.941750 -0.253080 -1.344797
    2 16.572346 0.000000 0.000000 0.000000 0.000000 0.299809
    3 16.265829 0.000000 0.000000 -0.225977 -0.099614 -0.893833
    4 5.046457 0.000000 0.000000 0.009900 -0.018767 -0.536127
    5 -3.455587 0.000000 0.000000 -1.507377 -0.302883 -1.653308
    6 16.572346 0.000000 0.000000 0.000000 0.000000 0.884853
    7 16.265831 0.000000 0.000000 0.270457 -0.069127 -1.286425
    8 5.046457 0.000000 0.000000 -0.100176 0.015030 -0.477014
    9 0.000000 3.703728 0.293189 1.560830 -0.182136 1.580763
    10 3.307846 0.000000 0.000000 -0.009737 0.011598 -0.141667
    11 3.297962 0.000000 0.000000 -0.015617 0.032416 -0.176962
    12 6.040985 0.000000 0.000000 -0.002480 0.060856 0.246084
    13 5.065758 0.000000 0.000000 2.800534 -0.038262 -0.155056
    14 3.993755 0.000000 0.000000 -0.297409 0.087627 0.993497
    15 3.815876 1.385489 1.500000 -1.861135 -1.097161 0.160510
    16 4.327093 0.000004 0.000000 3.128892 -0.142412 0.956111
    17 11.105114 0.000000 0.000000 0.000000 0.000000 -0.494936
    18 9.862099 -0.000011 -0.000031 1.235655 -0.313452 0.316921
    19 2.641094 0.214619 -1.073586 0.343640 0.190540 -0.806457
    20 1.361605 -0.000002 0.000000 -0.033852 -0.056532 -1.168171
    21 0.779602 0.000002 0.000000 -0.038792 -0.123973 0.252811
    22 2.908712 0.221762 -0.431868 0.315656 0.064476 -0.893331
    23 1.597527 0.000001 0.000000 -0.020331 -0.043837 -1.158634
    24 0.912680 0.000001 0.000000 0.002529 0.008221 0.233624
    25 3.265450 0.050007 0.415744 0.322996 0.091423 -1.049966
    26 1.860470 0.000000 0.000000 -0.051601 -0.064213 -1.194101
    27 1.061481 -0.000001 0.000000 0.004104 0.029474 0.404443
    28 3.340382 -0.242393 1.285012 0.318526 0.062572 -1.131184
    29 1.550753 0.000001 0.000000 0.061672 0.075949 -1.038656
    30 0.904888 0.000001 0.000000 0.001693 0.026264 0.279791
    31 1.219385 -1.063860 0.837143 1.700710 -0.490026 -0.201183
    32 1.496971 -0.000002 -0.000001 -0.211499 -0.093020 -0.524662
    33 1.100086 0.000000 0.000000 0.034391 -0.021604 -0.723527
    34 3.815876 1.385489 -1.500000 1.032289 1.056847 -0.729232
    35 4.327089 -0.000004 0.000000 3.073241 0.285861 0.771537
    36 11.105106 0.000000 0.000004 0.000000 0.000000 -0.482303
    37 9.862080 -0.000007 0.000017 -1.152572 0.066196 0.103550
    38 2.641111 0.211586 1.074188 -0.340778 -0.190504 -0.713994
    39 1.361601 0.000000 0.000000 0.033791 0.056509 -0.943913
    40 0.779604 0.000001 0.000000 0.038833 0.124038 0.218150
    41 2.908730 0.220541 0.432493 -0.312825 -0.064540 -0.854119
    42 1.597527 0.000000 0.000000 0.020338 0.043857 -0.899809
    43 0.912678 0.000000 0.000000 -0.002548 -0.008289 0.256412
    44 3.265471 0.051184 -0.415600 -0.320176 -0.091421 -0.907618
    45 1.860470 0.000000 0.000000 0.051611 0.064235 -1.000517
    46 1.061485 0.000000 0.000000 -0.004037 -0.029426 0.237782
    47 3.340403 -0.238762 -1.285691 -0.315698 -0.062609 -0.887483
    48 1.550755 0.000000 0.000000 -0.061667 -0.075946 -1.019680
    49 0.904886 0.000001 0.000000 -0.001669 -0.026281 0.159649
    50 1.219410 -1.061498 -0.840143 -1.725617 0.534025 -0.029356
    51 1.496971 0.000002 0.000000 0.141600 0.113297 -0.458891
    52 1.100088 0.000000 0.000000 -0.031342 0.025865 -0.596322
    53 -17.015625 -6.843750 0.157593 2.928840 -0.036737 1.895051
    54 0.000000 0.000000 0.000000 -0.077030 -0.068757 -1.299215
    55 7.054213 0.000000 0.000000 0.000000 0.000000 0.000000
    56 0.000000 -0.000007 -0.000031 1.373047 0.113574 0.124314
    57 0.000000 -0.000007 -0.000031 1.373047 0.113574 0.124314
    58 2.856947 -1.536175 -0.973780 -1.501147 -0.272558 -1.578261
    59 0.000000 0.000000 10.000000 0.000000 0.000000 0.000000
    60 2.856899 -1.536201 -0.973800 -1.501147 -0.272558 -1.578261
    61 2.000000 -3.000000 0.000000 -1.570796 0.000000 -1.326450
    62 0.018896 0.665159 9.395880 0.000000 0.000000 0.000000
    63 3.028210 -0.923409 -2.009452 1.574082 -0.012974 1.587244
    64 0.116954 4.311606 0.061861 0.000010 0.000000 0.000000
    65 0.000000 -0.000002 0.000000 0.000000 0.000000 0.000000
    66 0.000000 1.000000 0.000010 0.000000 0.000000 0.000000
    67 -0.000001 0.000000 0.000000 0.000000 0.000000 0.000000
    68 -0.000001 0.000000 0.000000 0.000000 0.000000 0.000000
    69 -0.000001 0.000000 0.000000 0.000000 0.000000 0.000000
time 163
    0 -1.237305 -8.101563 26.812500 1.661104 0.127032 0.197468
    1 3.455587 0.000000 0.000000 -1.902542 -0.251729 -1.350335
    2 16.572346 0.000000 0.000000 0.000000 0.000000 0.333992
    3 16.265829 0.000000 0.000000 -0.124793 -0.007792 -0.914565
    4 5.046457 0.000000 0.000000 0.009902 -0.018724 -0.595646
    5 -3.455587 0.000000 0.000000 -1.532999 -0.358427 -1.634665
    6 16.572346 0.000000 0.000000 0.000000 0.000000 0.884471
    7 16.265831 0.000000 0.000000 0.243544 -0.109099 -1.401096
    8 5.046457 0.000000 0.000000 -0.100182 0.014976 -0.500260
    9 0.000000 3.703728 0.293189 1.551383 -0.186782 1.575384
    10 3.307846 0.000000 0.000000 -0.018972 0.006460 -0.139858
    11 3.297962 0.000000 0.000000 -0.023655 0.024821 -0.180294
    12 6.040985 0.000000 0.000000 -0.012938 0.053200 0.238312
    13 5.065758 0.000000 0.000000 2.792443 -0.037103 -0.154245
    14 3.993755 0.000000 0.000000 -0.303588 0.078741 0.995894
    15 3.815876 1.385489 1.500000 -1.813192 -1.058767 0.137662
    16 4.327093 0.000004 0.000000 3.083358 -0.093433 0.972941
    17 11.105114 0.000000 0.000000 0.000000 0.000000 -0.467026
    18 9.862099 -0.000011 -0.000031 1.246045 -0.305165 0.278721
    19 2.641094 0.214619 -1.073586 0.343640 0.190540 -0.806457
    20 1.361605 -0.000002 0.000000 -0.033852 -0.056532 -1.168171
    21 0.779602 0.000002 0.000000 -0.038792 -0.123973 0.252811
    22 2.908712 0.221762 -0.431868 0.315656 0.064476 -0.893331
    23 1.597527 0.000001 0.000000 -0.020331 -0.043837 -1.158634
    24 0.912680 0.000001 0.000000 0.002529 0.008221 0.233624
    25 3.265450 0.050007 0.415744 0.322996 0.091423 -1.049966
    26 1.860470 0.000000 0.000000 -0.051601 -0.064213 -1.194101
    27 1.061481 -0.000001 0.000000 0.004104 0.029474 0.404443
    28 3.340382 -0.242393 1.285012 0.318526 0.062572 -1.131184
    29 1.550753 0.000001 0.000000 0.061672 0.075949 -1.038656
    30 0.904888 0.000001 0.000000 0.001693 0.026264 0.279791
    31 1.219385 -1.063860 0.837143 1.700710 -0.490026 -0.201183
    32 1.496971 -0.000002 -0.000001 -0.211499 -0.093020 -0.524662
    33 1.100086 0.000000 0.000000 0.034391 -0.021604 -0.723527
    34 3.815876 1.385489 -1.500000 0.977231 1.060135 -0.782851
    35 4.327089 -0.000004 0.000000 3.057723 0.283052 0.741353
    36 11.105106 0.000000 0.000004 0.000000 0.000000 -0.492621
    37 9.862080 -0.000007 0.000017 -1.128461 0.073745 0.122254
    38 2.641111 0.211586 1.074188 -0.340778 -0.190504 -0.713994
    39 1.361601 0.000000 0.000000 0.033791 0.056509 -0.943913
    40 0.779604 0.000001 0.000000 0.038833 0.124038 0.218150
    41 2.908730 0.220541 0.432493 -0.312825 -0.064540 -0.854119
    42 1.597527 0.000000 0.000000 0.020338 0.043857 -0.899809
    43 0.912678 0.000000 0.000000 -0.002548 -0.008289 0.256412
    44 3.265471 0.051184 -0.415600 -0.320176 -0.091421 -0.907618
    45 1.860470 0.000000 0.000000 0.051611 0.064235 -1.000517
    46 1.061485 0.000000 0.000000 -0.004037 -0.029426 0.237782
    47 3.340403 -0.238762 -1.285691 -0.315698 -0.062609 -0.887483
    48 1.550755 0.000000 0.000000 -0.061667 -0.075946 -1.019680
    49 0.904886 0.000001 0.000000 -0.001669 -0.026281 0.159649
    50 1.219410 -1.061498 -0.840143 -1.725617 0.534025 -0.029356
    51 1.496971 0.000002 0.000000 0.141600 0.113297 -0.458891
    52 1.100088 0.000000 0.000000 -0.031342 0.025865 -0.596322
    53 -16.234375 -8.210938 4.566406 2.952841 -0.082686 1.880609
    54 0.000000 0.000000 0.000000 -0.077030 -0.068757 -1.299215
    55 7.054213 0.000000 0.000000 0.000000 0.000000 0.000000
    56 0.000000 -0.000007 -0.000031 1.373047 0.113574 0.124314
    57 0.000000 -0.000007 -0.000031 1.373047 0.113574 0.124314
    58 2.856947 -1.536175 -0.973780 -1.501147 -0.272558 -1.578261
    59 0.000000 0.000000 10.000000 0.000000 0.000000 0.000000
    60 2.856899 -1.536201 -0.973800 -1.501147 -0.272558 -1.578261
    61 2.000000 -3.000000 0.000000 -1.570796 0.000000 -1.326450
    62 0.018896 0.665159 9.395880 0.000000 0.000000 0.000000
    63 3.028210 -0.923409 -2.009452 1.574082 -0.012974 1.587244
    64 0.116954 4.311606 0.061861 0.000010 0.000000 0.000000
    65 0.000000 -0.000002 0.000000 0.000000 0.000000 0.000000
    66 0.000000 1.000000 0.000010 0.000000 0.000000 0.000000
    67 -0.000001 0.000000 0.000000 0.000000 0.000000 0.000000
    68 -0.000001 0.000000 0.000000 0.000000 0.000000 0.000000
    69 -0.000001 0.000000 0.000000 0.000000 0.000000 0.000000
time 164
    0 -1.767578 -8.148438 26.796875 1.678480 0.128618 0.220874
    1 3.455587 0.000000 0.000000 -1.856605 -0.260946 -1.362128
    2 16.572346 0.000000 0.000000 0.000000 0.000000 0.404778
    3 16.265829 0.000000 0.000000 -0.101007 0.083034 -0.985847
    4 5.046457 0.000000 0.000000 0.009898 -0.018752 -0.627603
    5 -3.455587 0.000000 0.000000 -1.572646 -0.398090 -1.621863
    6 16.572346 0.000000 0.000000 0.000000 0.000000 0.844825
    7 16.265831 0.000000 0.000000 0.235125 -0.141600 -1.467592
    8 5.046457 0.000000 0.000000 -0.100194 0.014965 -0.522682
    9 0.000000 3.703728 0.293189 1.543702 -0.192206 1.563322
    10 3.307846 0.000000 0.000000 -0.026871 -0.001851 -0.137527
    11 3.297962 0.000000 0.000000 -0.030224 0.018556 -0.182883
    12 6.040985 0.000000 0.000000 -0.021292 0.048632 0.231611
    13 5.065758 0.000000 0.000000 2.799798 -0.030057 -0.139849
    14 3.993755 0.000000 0.000000 -0.297440 0.060476 0.990955
    15 3.815876 1.385489 1.500000 -1.776384 -1.021482 0.123341
    16 4.327093 0.000004 0.000000 3.061392 -0.047645 0.992445
    17 11.105114 0.000000 0.000000 0.000000 0.000000 -0.426746
    18 9.862099 -0.000011 -0.000031 1.245032 -0.290415 0.242613
    19 2.641094 0.214619 -1.073586 0.343640 0.190540 -0.806457
    20 1.361605 -0.000002 0.000000 -0.033852 -0.056532 -1.168171
    21 0.779602 0.000002 0.000000 -0.038792 -0.123973 0.252811
    22 2.908712 0.221762 -0.431868 0.315656 0.064476 -0.893331
    23 1.597527 0.000001 0.000000 -0.020331 -0.043837 -1.158634
    24 0.912680 0.000001 0.000000 0.002529 0.008221 0.233624
    25 3.265450 0.050007 0.415744 0.322996 0.091423 -1.049966
    26 1.860470 0.000000 0.000000 -0.051601 -0.064213 -1.194101
    27 1.061481 -0.000001 0.000000 0.004104 0.029474 0.404443
    28 3.340382 -0.242393 1.285012 0.318526 0.062572 -1.131184
    29 1.550753 0.000001 0.000000 0.061672 0.075949 -1.038656
    30 0.904888 0.000001 0.000000 0.001693 0.026264 0.279791
    31 1.219385 -1.063860 0.837143 1.700710 -0.490026 -0.201183
    32 1.496971 -0.000002 -0.000001 -0.211499 -0.093020 -0.524662
    33 1.100086 0.000000 0.000000 0.034391 -0.021604 -0.723527
    34 3.815876 1.385489 -1.500000 0.926922 1.064316 -0.825037
    35 4.327089 -0.000004 0.000000 3.044447 0.270882 0.712217
    36 11.105106 0.000000 0.000004 0.000000 0.000000 -0.504380
    37 9.862080 -0.000007 0.000017 -1.112014 0.076599 0.136895
    38 2.641111 0.211586 1.074188 -0.340778 -0.190504 -0.713994
    39 1.361601 0.000000 0.000000 0.033791 0.056509 -0.943913
    40 0.779604 0.000001 0.000000 0.038833 0.124038 0.218150
    41 2.908730 0.220541 0.432493 -0.312825 -0.064540 -0.854119
    42 1.597527 0.000000 0.000000 0.020338 0.043857 -0.899809
    43 0.912678 0.000000 0.000000 -0.002548 -0.008289 0.256412
    44 3.265471 0.051184 -0.415600 -0.320176 -0.091421 -0.907618
    45 1.860470 0.000000 0.000000 0.051611 0.064235 -1.000517
    46 1.061485 0.000000 0.000000 -0.004037 -0.029426 0.237782
    47 3.340403 -0.238762 -1.285691 -0.315698 -0.062609 -0.887483
    48 1.550755 0.000000 0.000000 -0.061667 -0.075946 -1.019680
    49 0.904886 0.000001 0.000000 -0.001669 -0.026281 0.159649
    50 1.219410 -1.061498 -0.840143 -1.725617 0.534025 -0.029356
    51 1.496971 0.000002 0.000000 0.141600 0.113297 -0.458891
    52 1.100088 0.000000 0.000000 -0.031342 0.025865 -0.596322
    53 -15.296875 -12.312500 5.437500 2.972271 -0.097522 1.858062
    54 0.000000 0.000000 0.000000 -0.077030 -0.068757 -1.299215
    55 7.054213 0.000000 0.000000 0.000000 0.000000 0.000000
    56 0.000000 -0.000007 -0.000031 1.373047 0.113574 0.124314
    57 0.000000 -0.000007 -0.000031 1.373047 0.113574 0.124314
    58 2.856947 -1.536175 -0.973780 -1.501147 -0.272558 -1.578261
    59 0.000000 0.000000 10.000000 0.000000 0.000000 0.000000
    60 2.856899 -1.536201 -0.973800 -1.501147 -0.272558 -1.578261
    61 2.000000 -3.000000 0.000000 -1.570796 0.000000 -1.326450
    62 0.018896 0.665159 9.395880 0.000000 0.000000 0.000000
    63 3.028210 -0.923409 -2.009452 1.574082 -0.012974 1.587244
    64 0.116954 4.311606 0.061861 0.000010 0.000000 0.000000
    65 0.000000 -0.000002 0.000000 0.000000 0.000000 0.000000
    66 0.000000 1.000000 0.000010 0.000000 0.000000 0.000000
    67 -0.000001 0.000000 0.000000 0.000000 0.000000 0.000000
    68 -0.000001 0.000000 0.000000 0.000000 0.000000 0.000000
    69 -0.000001 0.000000 0.000000 0.000000 0.000000 0.000000
time 165
    0 -2.234375 -8.171875 26.796875 1.695564 0.119754 0.250254
    1 3.455587 0.000000 0.000000 -1.811897 -0.291500 -1.381285
    2 16.572346 0.000000 0.000000 0.000000 0.000000 0.525090
    3 16.265829 0.000000 0.000000 -0.166737 0.134817 -1.102704
    4 5.046457 0.000000 0.000000 0.009902 -0.018688 -0.613369
    5 -3.455587 0.000000 0.000000 -1.607508 -0.423245 -1.626422
    6 16.572346 0.000000 0.000000 0.000000 0.000000 0.770843
    7 16.265831 0.000000 0.000000 0.202741 -0.164029 -1.503097
    8 5.046457 0.000000 0.000000 -0.100152 0.015039 -0.532533
    9 0.000000 3.703728 0.293189 1.539313 -0.192095 1.551885
    10 3.307846 0.000000 0.000000 -0.031166 -0.009851 -0.137664
    11 3.297962 0.000000 0.000000 -0.032933 0.010234 -0.183550
    12 6.040985 0.000000 0.000000 -0.026496 0.037581 0.231089
    13 5.065758 0.000000 0.000000 2.837470 -0.008740 -0.120830
    14 3.993755 0.000000 0.000000 -0.268898 0.025237 0.978738
    15 3.815876 1.385489 1.500000 -1.734832 -0.990560 0.099322
    16 4.327093 0.000004 0.000000 3.091349 -0.006123 1.015855
    17 11.105114 0.000000 0.000000 0.000000 0.000000 -0.378463
    18 9.862099 -0.000011 -0.000031 1.212714 -0.276655 0.230632
    19 2.641094 0.214619 -1.073586 0.343640 0.190540 -0.806457
    20 1.361605 -0.000002 0.000000 -0.033852 -0.056532 -1.168171
    21 0.779602 0.000002 0.000000 -0.038792 -0.123973 0.252811
    22 2.908712 0.221762 -0.431868 0.315656 0.064476 -0.893331
    23 1.597527 0.000001 0.000000 -0.020331 -0.043837 -1.158634
    24 0.912680 0.000001 0.000000 0.002529 0.008221 0.233624
    25 3.265450 0.050007 0.415744 0.322996 0.091423 -1.049966
    26 1.860470 0.000000 0.000000 -0.051601 -0.064213 -1.194101
    27 1.061481 -0.000001 0.000000 0.004104 0.029474 0.404443
    28 3.340382 -0.242393 1.285012 0.318526 0.062572 -1.131184
    29 1.550753 0.000001 0.000000 0.061672 0.075949 -1.038656
    30 0.904888 0.000001 0.000000 0.001693 0.026264 0.279791
    31 1.219385 -1.063860 0.837143 1.700710 -0.490026 -0.201183
    32 1.496971 -0.000002 -0.000001 -0.211499 -0.093020 -0.524662
    33 1.100086 0.000000 0.000000 0.034391 -0.021604 -0.723527
    34 3.815876 1.385489 -1.500000 0.880368 1.074693 -0.857743
    35 4.327089 -0.000004 0.000000 3.003638 0.233987 0.687152
    36 11.105106 0.000000 0.000004 0.000000 0.000000 -0.524911
    37 9.862080 -0.000007 0.000017 -1.089137 0.075928 0.162376
    38 2.641111 0.211586 1.074188 -0.340778 -0.190504 -0.713994
    39 1.361601 0.000000 0.000000 0.033791 0.056509 -0.943913
    40 0.779604 0.000001 0.000000 0.038833 0.124038 0.218150
    41 2.908730 0.220541 0.432493 -0.312825 -0.064540 -0.854119
    42 1.597527 0.000000 0.000000 0.020338 0.043857 -0.899809
    43 0.912678 0.000000 0.000000 -0.002548 -0.008289 0.256412
    44 3.265471 0.051184 -0.415600 -0.320176 -0.091421 -0.907618
    45 1.860470 0.000000 0.000000 0.051611 0.064235 -1.000517
    46 1.061485 0.000000 0.000000 -0.004037 -0.029426 0.237782
    47 3.340403 -0.238762 -1.285691 -0.315698 -0.062609 -0.887483
    48 1.550755 0.000000 0.000000 -0.061667 -0.075946 -1.019680
    49 0.904886 0.000001 0.000000 -0.001669 -0.026281 0.159649
    50 1.219410 -1.061498 -0.840143 -1.725617 0.534025 -0.029356
    51 1.496971 0.000002 0.000000 0.141600 0.113297 -0.458891
    52 1.100088 0.000000 0.000000 -0.031342 0.025865 -0.596322
    53 -15.343750 -16.375000 2.755859 2.984110 -0.036006 1.828312
    54 0.000000 0.000000 0.000000 -0.077030 -0.068757 -1.299215
    55 7.054213 0.000000 0.000000 0.000000 0.000000 0.000000
    56 0.000000 -0.000007 -0.000031 1.373047 0.113574 0.124314
    57 0.000000 -0.000007 -0.000031 1.373047 0.113574 0.124314
    58 2.856947 -1.536175 -0.973780 -1.501147 -0.272558 -1.578261
    59 0.000000 0.000000 10.000000 0.000000 0.000000 0.000000
    60 2.856899 -1.536201 -0.973800 -1.501147 -0.272558 -1.578261
    61 2.000000 -3.000000 0.000000 -1.570796 0.000000 -1.326450
    62 0.018896 0.665159 9.395880 0.000000 0.000000 0.000000
    63 3.028210 -0.923409 -2.009452 1.574082 -0.012974 1.587244
    64 0.116954 4.311606 0.061861 0.000010 0.000000 0.000000
    65 0.000000 -0.000002 0.000000 0.000000 0.000000 0.000000
    66 0.000000 1.000000 0.000010 0.000000 0.000000 0.000000
    67 -0.000001 0.000000 0.000000 0.000000 0.000000 0.000000
    68 -0.000001 0.000000 0.000000 0.000000 0.000000 0.000000
    69 -0.000001 0.000000 0.000000 0.000000 0.000000 0.000000
time 166
    0 -2.705078 -8.156250 26.812500 1.709940 0.105877 0.286641
    1 3.455587 0.000000 0.000000 -1.796431 -0.347282 -1.399228
    2 16.572346 0.000000 0.000000 0.000000 0.000000 0.689785
    3 16.265829 0.000000 0.000000 -0.252498 0.127253 -1.227002
    4 5.046457 0.000000 0.000000 0.009897 -0.018753 -0.627512
    5 -3.455587 0.000000 0.000000 -1.647581 -0.438722 -1.635373
    6 16.572346 0.000000 0.000000 0.000000 0.000000 0.680528
    7 16.265831 0.000000 0.000000 0.145372 -0.135762 -1.499914
    8 5.046457 0.000000 0.000000 -0.100163 0.015031 -0.545714
    9 0.000000 3.703728 0.293189 1.540440 -0.190545 1.539957
    10 3.307846 0.000000 0.000000 -0.029978 -0.016965 -0.138517
    11 3.297962 0.000000 0.000000 -0.030762 0.006451 -0.183216
    12 6.040985 0.000000 0.000000 -0.025619 0.032200 0.232640
    13 5.065758 0.000000 0.000000 2.871891 0.003012 -0.111453
    14 3.993755 0.000000 0.000000 -0.239675 -0.001735 0.970047
    15 3.815876 1.385489 1.500000 -1.706456 -0.966506 0.089220
    16 4.327093 0.000004 0.000000 3.129441 0.030938 1.013632
    17 11.105114 0.000000 0.000000 0.000000 0.000000 -0.353793
    18 9.862099 -0.000011 -0.000031 1.164225 -0.266291 0.224304
    19 2.641094 0.214619 -1.073586 0.343640 0.190540 -0.806457
    20 1.361605 -0.000002 0.000000 -0.033852 -0.056532 -1.168171
    21 0.779602 0.000002 0.000000 -0.038792 -0.123973 0.252811
    22 2.908712 0.221762 -0.431868 0.315656 0.064476 -0.893331
    23 1.597527 0.000001 0.000000 -0.020331 -0.043837 -1.158634
    24 0.912680 0.000001 0.000000 0.002529 0.008221 0.233624
    25 3.265450 0.050007 0.415744 0.322996 0.091423 -1.049966
    26 1.860470 0.000000 0.000000 -0.051601 -0.064213 -1.194101
    27 1.061481 -0.000001 0.000000 0.004104 0.029474 0.404443
    28 3.340382 -0.242393 1.285012 0.318526 0.062572 -1.131184
    29 1.550753 0.000001 0.000000 0.061672 0.075949 -1.038656
    30 0.904888 0.000001 0.000000 0.001693 0.026264 0.279791
    31 1.219385 -1.063860 0.837143 1.700710 -0.490026 -0.201183
    32 1.496971 -0.000002 -0.000001 -0.211499 -0.093020 -0.524662
    33 1.100086 0.000000 0.000000 0.034391 -0.021604 -0.723527
    34 3.815876 1.385489 -1.500000 0.856900 1.072890 -0.877463
    35 4.327089 -0.000004 0.000000 2.945036 0.187870 0.670914
    36 11.105106 0.000000 0.000004 0.000000 0.000000 -0.543527
    37 9.862080 -0.000007 0.000017 -1.068608 0.071536 0.199384
    38 2.641111 0.211586 1.074188 -0.340778 -0.190504 -0.713994
    39 1.361601 0.000000 0.000000 0.033791 0.056509 -0.943913
    40 0.779604 0.000001 0.000000 0.038833 0.124038 0.218150
    41 2.908730 0.220541 0.432493 -0.312825 -0.064540 -0.854119
    42 1.597527 0.000000 0.000000 0.020338 0.043857 -0.899809
    43 0.912678 0.000000 0.000000 -0.002548 -0.008289 0.256412
    44 3.265471 0.051184 -0.415600 -0.320176 -0.091421 -0.907618
    45 1.860470 0.000000 0.000000 0.051611 0.064235 -1.000517
    46 1.061485 0.000000 0.000000 -0.004037 -0.029426 0.237782
    47 3.340403 -0.238762 -1.285691 -0.315698 -0.062609 -0.887483
    48 1.550755 0.000000 0.000000 -0.061667 -0.075946 -1.019680
    49 0.904886 0.000001 0.000000 -0.001669 -0.026281 0.159649
    50 1.219410 -1.061498 -0.840143 -1.725617 0.534025 -0.029356
    51 1.496971 0.000002 0.000000 0.141600 0.113297 -0.458891
    52 1.100088 0.000000 0.000000 -0.031342 0.025865 -0.596322
    53 -15.789063 -18.796875 -0.822754 2.986355 0.056766 1.803462
    54 0.000000 0.000000 0.000000 -0.077030 -0.068757 -1.299215
    55 7.054213 0.000000 0.000000 0.000000 0.000000 0.000000
    56 0.000000 -0.000007 -0.000031 1.373047 0.113574 0.124314
    57 0.000000 -0.000007 -0.000031 1.373047 0.113574 0.124314
    58 2.856947 -1.536175 -0.973780 -1.501147 -0.272558 -1.578261
    59 0.000000 0.000000 10.000000 0.000000 0.000000 0.000000
    60 2.856899 -1.536201 -0.973800 -1.501147 -0.272558 -1.578261
    61 2.000000 -3.000000 0.000000 -1.570796 0.000000 -1.326450
    62 0.018896 0.665159 9.395880 0.000000 0.000000 0.000000
    63 3.028210 -0.923409 -2.009452 1.574082 -0.012974 1.587244
    64 0.116954 4.311606 0.061861 0.000010 0.000000 0.000000
    65 0.000000 -0.000002 0.000000 0.000000 0.000000 0.000000
    66 0.000000 1.000000 0.000010 0.000000 0.000000 0.000000
    67 -0.000001 0.000000 0.000000 0.000000 0.000000 0.000000
    68 -0.000001 0.000000 0.000000 0.000000 0.000000 0.000000
    69 -0.000001 0.000000 0.000000 0.000000 0.000000 0.000000
time 167
    0 -3.236328 -8.085938 26.796875 1.721115 0.087911 0.335489
    1 3.455587 0.000000 0.000000 -1.786564 -0.423228 -1.421763
    2 16.572346 0.000000 0.000000 0.000000 0.000000 0.886095
    3 16.265829 0.000000 0.000000 -0.327132 0.069830 -1.345888
    4 5.046457 0.000000 0.000000 0.009874 -0.018720 -0.601518
    5 -3.455587 0.000000 0.000000 -1.668327 -0.449104 -1.652781
    6 16.572346 0.000000 0.000000 0.000000 0.000000 0.586675
    7 16.265831 0.000000 0.000000 0.069104 -0.043374 -1.454301
    8 5.046457 0.000000 0.000000 -0.100157 0.015028 -0.570167
    9 0.000000 3.703728 0.293189 1.543910 -0.192866 1.527999
    10 3.307846 0.000000 0.000000 -0.026682 -0.023472 -0.137508
    11 3.297962 0.000000 0.000000 -0.027066 0.005829 -0.183797
    12 6.040985 0.000000 0.000000 -0.022197 0.031871 0.231476
    13 5.065758 0.000000 0.000000 2.885327 0.006603 -0.108310
    14 3.993755 0.000000 0.000000 -0.227946 -0.014404 0.970886
    15 3.815876 1.385489 1.500000 -1.699304 -0.944067 0.097730
    16 4.327093 0.000004 0.000000 -3.123059 0.060648 0.990464
    17 11.105114 0.000000 0.000000 0.000000 0.000000 -0.342224
    18 9.862099 -0.000011 -0.000031 1.108227 -0.258602 0.210537
    19 2.641094 0.214619 -1.073586 0.343640 0.190540 -0.806457
    20 1.361605 -0.000002 0.000000 -0.033852 -0.056532 -1.168171
    21 0.779602 0.000002 0.000000 -0.038792 -0.123973 0.252811
    22 2.908712 0.221762 -0.431868 0.315656 0.064476 -0.893331
    23 1.597527 0.000001 0.000000 -0.020331 -0.043837 -1.158634
    24 0.912680 0.000001 0.000000 0.002529 0.008221 0.233624
    25 3.265450 0.050007 0.415744 0.322996 0.091423 -1.049966
    26 1.860470 0.000000 0.000000 -0.051601 -0.064213 -1.194101
    27 1.061481 -0.000001 0.000000 0.004104 0.029474 0.404443
    28 3.340382 -0.242393 1.285012 0.318526 0.062572 -1.131184
    29 1.550753 0.000001 0.000000 0.061672 0.075949 -1.038656
    30 0.904888 0.000001 0.000000 0.001693 0.026264 0.279791
    31 1.219385 -1.063860 0.837143 1.700710 -0.490026 -0.201183
    32 1.496971 -0.000002 -0.000001 -0.211499 -0.093020 -0.524662
    33 1.100086 0.000000 0.000000 0.034391 -0.021604 -0.723527
    34 3.815876 1.385489 -1.500000 0.850369 1.063846 -0.888101
    35 4.327089 -0.000004 0.000000 2.894592 0.141016 0.666110
    36 11.105106 0.000000 0.000004 0.000000 0.000000 -0.557431
    37 9.862080 -0.000007 0.000017 -1.058082 0.064505 0.234907
    38 2.641111 0.211586 1.074188 -0.340778 -0.190504 -0.713994
    39 1.361601 0.000000 0.000000 0.033791 0.056509 -0.943913
    40 0.779604 0.000001 0.000000 0.038833 0.124038 0.218150
    41 2.908730 0.220541 0.432493 -0.312825 -0.064540 -0.854119
    42 1.597527 0.000000 0.000000 0.020338 0.043857 -0.899809
    43 0.912678 0.000000 0.000000 -0.002548 -0.008289 0.256412
    44 3.265471 0.051184 -0.415600 -0.320176 -0.091421 -0.907618
    45 1.860470 0.000000 0.000000 0.051611 0.064235 -1.000517
    46 1.061485 0.000000 0.000000 -0.004037 -0.029426 0.237782
    47 3.340403 -0.238762 -1.285691 -0.315698 -0.062609 -0.887483
    48 1.550755 0.000000 0.000000 -0.061667 -0.075946 -1.019680
    49 0.904886 0.000001 0.000000 -0.001669 -0.026281 0.159649
    50 1.219410 -1.061498 -0.840143 -1.725617 0.534025 -0.029356
    51 1.496971 0.000002 0.000000 0.141600 0.113297 -0.458891
    52 1.100088 0.000000 0.000000 -0.031342 0.025865 -0.596322
    53 -16.093750 -18.203125 -3.960938 2.979569 0.152627 1.777999
    54 0.000000 0.000000 0.000000 -0.077030 -0.068757 -1.299215
    55 7.054213 0.000000 0.000000 0.000000 0.000000 0.000000
    56 0.000000 -0.000007 -0.000031 1.373047 0.113574 0.124314
    57 0.000000 -0.000007 -0.000031 1.373047 0.113574 0.124314
    58 2.856947 -1.536175 -0.973780 -1.501147 -0.272558 -1.578261
    59 0.000000 0.000000 10.000000 0.000000 0.000000 0.000000
    60 2.856899 -1.536201 -0.973800 -1.501147 -0.272558 -1.578261
    61 2.000000 -3.000000 0.000000 -1.570796 0.000000 -1.326450
    62 0.018896 0.665159 9.395880 0.000000 0.000000 0.000000
    63 3.028210 -0.923409 -2.009452 1.574082 -0.012974 1.587244
    64 0.116954 4.311606 0.061861 0.000010 0.000000 0.000000
    65 0.000000 -0.000002 0.000000 0.000000 0.000000 0.000000
    66 0.000000 1.000000 0.000010 0.000000 0.000000 0.000000
    67 -0.000001 0.000000 0.000000 0.000000 0.000000 0.000000
    68 -0.000001 0.000000 0.000000 0.000000 0.000000 0.000000
    69 -0.000001 0.000000 0.000000 0.000000 0.000000 0.000000
time 168
    0 -3.802734 -7.964844 26.765625 1.728948 0.063087 0.393211
    1 3.455587 0.000000 0.000000 -1.785165 -0.511513 -1.443174
    2 16.572346 0.000000 0.000000 0.000000 0.000000 1.084885
    3 16.265829 0.000000 0.000000 -0.388085 0.049674 -1.443162
    4 5.046457 0.000000 0.000000 0.009830 -0.018703 -0.573017
    5 -3.455587 0.000000 0.000000 -1.648242 -0.454098 -1.686608
    6 16.572346 0.000000 0.000000 0.000000 0.000000 0.477415
    7 16.265831 0.000000 0.000000 -0.049855 0.065736 -1.337370
    8 5.046457 0.000000 0.000000 -0.100189 0.015014 -0.682649
    9 0.000000 3.703728 0.293189 1.547649 -0.199424 1.515846
    10 3.307846 0.000000 0.000000 -0.023163 -0.030025 -0.134187
    11 3.297962 0.000000 0.000000 -0.022847 0.005163 -0.185073
    12 6.040985 0.000000 0.000000 -0.018302 0.031463 0.227625
    13 5.065758 0.000000 0.000000 2.878312 0.008638 -0.117112
    14 3.993755 0.000000 0.000000 -0.235839 -0.011677 0.978078
    15 3.815876 1.385489 1.500000 -1.701916 -0.921453 0.105632
    16 4.327093 0.000004 0.000000 -3.119989 0.071002 0.957931
    17 11.105114 0.000000 0.000000 0.000000 0.000000 -0.334867
    18 9.862099 -0.000011 -0.000031 1.052848 -0.261996 0.193922
    19 2.641094 0.214619 -1.073586 0.343640 0.190540 -0.806457
    20 1.361605 -0.000002 0.000000 -0.033852 -0.056532 -1.168171
    21 0.779602 0.000002 0.000000 -0.038792 -0.123973 0.252811
    22 2.908712 0.221762 -0.431868 0.315656 0.064476 -0.893331
    23 1.597527 0.000001 0.000000 -0.020331 -0.043837 -1.158634
    24 0.912680 0.000001 0.000000 0.002529 0.008221 0.233624
    25 3.265450 0.050007 0.415744 0.322996 0.091423 -1.049966
    26 1.860470 0.000000 0.000000 -0.051601 -0.064213 -1.194101
    27 1.061481 -0.000001 0.000000 0.004104 0.029474 0.404443
    28 3.340382 -0.242393 1.285012 0.318526 0.062572 -1.131184
    29 1.550753 0.000001 0.000000 0.061672 0.075949 -1.038656
    30 0.904888 0.000001 0.000000 0.001693 0.026264 0.279791
    31 1.219385 -1.063860 0.837143 1.700710 -0.490026 -0.201183
    32 1.496971 -0.000002 -0.000001 -0.211499 -0.093020 -0.524662
    33 1.100086 0.000000 0.000000 0.034391 -0.021604 -0.723527
    34 3.815876 1.385489 -1.500000 0.843100 1.054956 -0.901262
    35 4.327089 -0.000004 0.000000 2.894255 0.102036 0.670596
    36 11.105106 0.000000 0.000004 0.000000 0.000000 -0.571722
    37 9.862080 -0.000007 0.000017 -1.072435 0.053099 0.251426
    38 2.641111 0.211586 1.074188 -0.340778 -0.190504 -0.713994
    39 1.361601 0.000000 0.000000 0.033791 0.056509 -0.943913
    40 0.779604 0.000001 0.000000 0.038833 0.124038 0.218150
    41 2.908730 0.220541 0.432493 -0.312825 -0.064540 -0.854119
    42 1.597527 0.000000 0.000000 0.020338 0.043857 -0.899809
    43 0.912678 0.000000 0.000000 -0.002548 -0.008289 0.256412
    44 3.265471 0.051184 -0.415600 -0.320176 -0.091421 -0.907618
    45 1.860470 0.000000 0.000000 0.051611 0.064235 -1.000517
    46 1.061485 0.000000 0.000000 -0.004037 -0.029426 0.237782
    47 3.340403 -0.238762 -1.285691 -0.315698 -0.062609 -0.887483
    48 1.550755 0.000000 0.000000 -0.061667 -0.075946 -1.019680
    49 0.904886 0.000001 0.000000 -0.001669 -0.026281 0.159649
    50 1.219410 -1.061498 -0.840143 -1.725617 0.534025 -0.029356
    51 1.496971 0.000002 0.000000 0.141600 0.113297 -0.458891
    52 1.100088 0.000000 0.000000 -0.031342 0.025865 -0.596322
    53 -16.453125 -15.734375 -6.351563 2.963280 0.226916 1.749693
    54 0.000000 0.000000 0.000000 -0.077030 -0.068757 -1.299215
    55 7.054213 0.000000 0.000000 0.000000 0.000000 0.000000
    56 0.000000 -0.000007 -0.000031 1.373047 0.113574 0.124314
    57 0.000000 -0.000007 -0.000031 1.373047 0.113574 0.124314
    58 2.856947 -1.536175 -0.973780 -1.501147 -0.272558 -1.578261
    59 0.000000 0.000000 10.000000 0.000000 0.000000 0.000000
    60 2.856899 -1.536201 -0.973800 -1.501147 -0.272558 -1.578261
    61 2.000000 -3.000000 0.000000 -1.570796 0.000000 -1.326450
    62 0.018896 0.665159 9.395880 0.000000 0.000000 0.000000
    63 3.028210 -0.923409 -2.009452 1.574082 -0.012974 1.587244
    64 0.116954 4.311606 0.061861 0.000010 0.000000 0.000000
    65 0.000000 -0.000002 0.000000 0.000000 0.000000 0.000000
    66 0.000000 1.000000 0.000010 0.000000 0.000000 0.000000
    67 -0.000001 0.000000 0.000000 0.000000 0.000000 0.000000
    68 -0.000001 0.000000 0.000000 0.000000 0.000000 0.000000
    69 -0.000001 0.000000 0.000000 0.000000 0.000000 0.000000
time 169
    0 -4.292969 -7.750000 26.703125 1.737042 0.032628 0.449656
    1 3.455587 0.000000 0.000000 -1.805621 -0.611525 -1.462176
    2 16.572346 0.000000 0.000000 0.000000 0.000000 1.266171
    3 16.265829 0.000000 0.000000 -0.446006 0.083191 -1.532538
    4 5.046457 0.000000 0.000000 0.009904 -0.018723 -0.554324
    5 -3.455587 0.000000 0.000000 -1.610398 -0.456867 -1.735197
    6 16.572346 0.000000 0.000000 0.000000 0.000000 0.371697
    7 16.265831 0.000000 0.000000 -0.123997 0.139263 -1.190125
    8 5.046457 0.000000 0.000000 -0.100176 0.014970 -0.847867
    9 0.000000 3.703728 0.293189 1.551606 -0.204634 1.505518
    10 3.307846 0.000000 0.000000 -0.019298 -0.035447 -0.131514
    11 3.297962 0.000000 0.000000 -0.018480 0.004779 -0.186008
    12 6.040985 0.000000 0.000000 -0.014167 0.030788 0.224475
    13 5.065758 0.000000 0.000000 2.862360 0.002054 -0.128173
    14 3.993755 0.000000 0.000000 -0.249303 0.003893 0.986930
    15 3.815876 1.385489 1.500000 -1.716275 -0.907634 0.116111
    16 4.327093 0.000004 0.000000 -3.123828 0.068001 0.931702
    17 11.105114 0.000000 0.000000 0.000000 0.000000 -0.317632
    18 9.862099 -0.000011 -0.000031 0.998176 -0.274834 0.177500
    19 2.641094 0.214619 -1.073586 0.343640 0.190540 -0.806457
    20 1.361605 -0.000002 0.000000 -0.033852 -0.056532 -1.168171
    21 0.779602 0.000002 0.000000 -0.038792 -0.123973 0.252811
    22 2.908712 0.221762 -0.431868 0.315656 0.064476 -0.893331
    23 1.597527 0.000001 0.000000 -0.020331 -0.043837 -1.158634
    24 0.912680 0.000001 0.000000 0.002529 0.008221 0.233624
    25 3.265450 0.050007 0.415744 0.322996 0.091423 -1.049966
    26 1.860470 0.000000 0.000000 -0.051601 -0.064213 -1.194101
    27 1.061481 -0.000001 0.000000 0.004104 0.029474 0.404443
    28 3.340382 -0.242393 1.285012 0.318526 0.062572 -1.131184
    29 1.550753 0.000001 0.000000 0.061672 0.075949 -1.038656
    30 0.904888 0.000001 0.000000 0.001693 0.026264 0.279791
    31 1.219385 -1.063860 0.837143 1.700710 -0.490026 -0.201183
    32 1.496971 -0.000002 -0.000001 -0.211499 -0.093020 -0.524662
    33 1.100086 0.000000 0.000000 0.034391 -0.021604 -0.723527
    34 3.815876 1.385489 -1.500000 0.853144 1.046299 -0.900474
    35 4.327089 -0.000004 0.000000 2.925936 0.071870 0.681676
    36 11.105106 0.000000 0.000004 0.000000 0.000000 -0.579104
    37 9.862080 -0.000007 0.000017 -1.103984 0.037970 0.244079
    38 2.641111 0.211586 1.074188 -0.340778 -0.190504 -0.713994
    39 1.361601 0.000000 0.000000 0.033791 0.056509 -0.943913
    40 0.779604 0.000001 0.000000 0.038833 0.124038 0.218150
    41 2.908730 0.220541 0.432493 -0.312825 -0.064540 -0.854119
    42 1.597527 0.000000 0.000000 0.020338 0.043857 -0.899809
    43 0.912678 0.000000 0.000000 -0.002548 -0.008289 0.256412
    44 3.265471 0.051184 -0.415600 -0.320176 -0.091421 -0.907618
    45 1.860470 0.000000 0.000000 0.051611 0.064235 -1.000517
    46 1.061485 0.000000 0.000000 -0.004037 -0.029426 0.237782
    47 3.340403 -0.238762 -1.285691 -0.315698 -0.062609 -0.887483
    48 1.550755 0.000000 0.000000 -0.061667 -0.075946 -1.019680
    49 0.904886 0.000001 0.000000 -0.001669 -0.026281 0.159649
    50 1.219410 -1.061498 -0.840143 -1.725617 0.534025 -0.029356
    51 1.496971 0.000002 0.000000 0.141600 0.113297 -0.458891
    52 1.100088 0.000000 0.000000 -0.031342 0.025865 -0.596322
    53 -17.437500 -11.789063 -7.070313 2.941051 0.288465 1.713704
    54 0.000000 0.000000 0.000000 -0.077030 -0.068757 -1.299215
    55 7.054213 0.000000 0.000000 0.000000 0.000000 0.000000
    56 0.000000 -0.000007 -0.000031 1.373047 0.113574 0.124314
    57 0.000000 -0.000007 -0.000031 1.373047 0.113574 0.124314
    58 2.856947 -1.536175 -0.973780 -1.501147 -0.272558 -1.578261
    59 0.000000 0.000000 10.000000 0.000000 0.000000 0.000000
    60 2.856899 -1.536201 -0.973800 -1.501147 -0.272558 -1.578261
    61 2.000000 -3.000000 0.000000 -1.570796 0.000000 -1.326450
    62 0.018896 0.665159 9.395880 0.000000 0.000000 0.000000
    63 3.028210 -0.923409 -2.009452 1.574082 -0.012974 1.587244
    64 0.116954 4.311606 0.061861 0.000010 0.000000 0.000000
    65 0.000000 -0.000002 0.000000 0.000000 0.000000 0.000000
    66 0.000000 1.000000 0.000010 0.000000 0.000000 0.000000
    67 -0.000001 0.000000 0.000000 0.000000 0.000000 0.000000
    68 -0.000001 0.000000 0.000000 0.000000 0.000000 0.000000
    69 -0.000001 0.000000 0.000000 0.000000 0.000000 0.000000
time 170
    0 -4.828125 -7.484375 26.625000 1.744386 0.006624 0.508041
    1 3.455587 0.000000 0.000000 -1.843614 -0.721113 -1.463047
    2 16.572346 0.000000 0.000000 0.000000 0.000000 1.433164
    3 16.265829 0.000000 0.000000 -0.512464 0.130258 -1.613688
    4 5.046457 0.000000 0.000000 0.009840 -0.018737 -0.556388
    5 -3.455587 0.000000 0.000000 -1.579724 -0.457356 -1.775527
    6 16.572346 0.000000 0.000000 0.000000 0.000000 0.303564
    7 16.265831 0.000000 0.000000 -0.103996 0.180065 -1.070089
    8 5.046457 0.000000 0.000000 -0.100188 0.014988 -0.894386
    9 0.000000 3.703728 0.293189 1.552393 -0.209321 1.500724
    10 3.307846 0.000000 0.000000 -0.018686 -0.037543 -0.128998
    11 3.297962 0.000000 0.000000 -0.017653 0.005199 -0.186442
    12 6.040985 0.000000 0.000000 -0.013206 0.031961 0.221877
    13 5.065758 0.000000 0.000000 2.841459 -0.015831 -0.132865
    14 3.993755 0.000000 0.000000 -0.263371 0.032613 0.989064
    15 3.815876 1.385489 1.500000 -1.720895 -0.896031 0.112494
    16 4.327093 0.000004 0.000000 -3.122737 0.054741 0.896484
    17 11.105114 0.000000 0.000000 0.000000 0.000000 -0.304001
    18 9.862099 -0.000011 -0.000031 0.940251 -0.293943 0.163279
    19 2.641094 0.214619 -1.073586 0.343640 0.190540 -0.806457
    20 1.361605 -0.000002 0.000000 -0.033852 -0.056532 -1.168171
    21 0.779602 0.000002 0.000000 -0.038792 -0.123973 0.252811
    22 2.908712 0.221762 -0.431868 0.315656 0.064476 -0.893331
    23 1.597527 0.000001 0.000000 -0.020331 -0.043837 -1.158634
    24 0.912680 0.000001 0.000000 0.002529 0.008221 0.233624
    25 3.265450 0.050007 0.415744 0.322996 0.091423 -1.049966
    26 1.860470 0.000000 0.000000 -0.051601 -0.064213 -1.194101
    27 1.061481 -0.000001 0.000000 0.004104 0.029474 0.404443
    28 3.340382 -0.242393 1.285012 0.318526 0.062572 -1.131184
    29 1.550753 0.000001 0.000000 0.061672 0.075949 -1.038656
    30 0.904888 0.000001 0.000000 0.001693 0.026264 0.279791
    31 1.219385 -1.063860 0.837143 1.700710 -0.490026 -0.201183
    32 1.496971 -0.000002 -0.000001 -0.211499 -0.093020 -0.524662
    33 1.100086 0.000000 0.000000 0.034391 -0.021604 -0.723527
    34 3.815876 1.385489 -1.500000 0.901315 1.030192 -0.864965
    35 4.327089 -0.000004 0.000000 2.971788 0.054697 0.680169
    36 11.105106 0.000000 0.000004 0.000000 0.000000 -0.589110
    37 9.862080 -0.000007 0.000017 -1.154601 0.014711 0.232704
    38 2.641111 0.211586 1.074188 -0.340778 -0.190504 -0.713994
    39 1.361601 0.000000 0.000000 0.033791 0.056509 -0.943913
    40 0.779604 0.000001 0.000000 0.038833 0.124038 0.218150
    41 2.908730 0.220541 0.432493 -0.312825 -0.064540 -0.854119
    42 1.597527 0.000000 0.000000 0.020338 0.043857 -0.899809
    43 0.912678 0.000000 0.000000 -0.002548 -0.008289 0.256412
    44 3.265471 0.051184 -0.415600 -0.320176 -0.091421 -0.907618
    45 1.860470 0.000000 0.000000 0.051611 0.064235 -1.000517
    46 1.061485 0.000000 0.000000 -0.004037 -0.029426 0.237782
    47 3.340403 -0.238762 -1.285691 -0.315698 -0.062609 -0.887483
    48 1.550755 0.000000 0.000000 -0.061667 -0.075946 -1.019680
    49 0.904886 0.000001 0.000000 -0.001669 -0.026281 0.159649
    50 1.219410 -1.061498 -0.840143 -1.725617 0.534025 -0.029356
    51 1.496971 0.000002 0.000000 0.141600 0.113297 -0.458891
    52 1.100088 0.000000 0.000000 -0.031342 0.025865 -0.596322
    53 -19.406250 -8.210938 -4.726563 2.913328 0.349130 1.674226
    54 0.000000 0.000000 0.000000 -0.077030 -0.068757 -1.299215
    55 7.054213 0.000000 0.000000 0.000000 0.000000 0.000000
    56 0.000000 -0.000007 -0.000031 1.373047 0.113574 0.124314
    57 0.000000 -0.000007 -0.000031 1.373047 0.113574 0.124314
    58 2.856947 -1.536175 -0.973780 -1.501147 -0.272558 -1.578261
    59 0.000000 0.000000 10.000000 0.000000 0.000000 0.000000
    60 2.856899 -1.536201 -0.973800 -1.501147 -0.272558 -1.578261
    61 2.000000 -3.000000 0.000000 -1.570796 0.000000 -1.326450
    62 0.018896 0.665159 9.395880 0.000000 0.000000 0.000000
    63 3.028210 -0.923409 -2.009452 1.574082 -0.012974 1.587244
    64 0.116954 4.311606 0.061861 0.000010 0.000000 0.000000
    65 0.000000 -0.000002 0.000000 0.000000 0.000000 0.000000
    66 0.000000 1.000000 0.000010 0.000000 0.000000 0.000000
    67 -0.000001 0.000000 0.000000 0.000000 0.000000 0.000000
    68 -0.000001 0.000000 0.000000 0.000000 0.000000 0.000000
    69 -0.000001 0.000000 0.000000 0.000000 0.000000 0.000000
time 171
    0 -5.332031 -7.242188 26.609375 1.745991 -0.015381 0.561158
    1 3.455587 0.000000 0.000000 -1.902013 -0.822951 -1.442943
    2 16.572346 0.000000 0.000000 0.000000 0.000000 1.566985
    3 16.265829 0.000000 0.000000 -0.561519 0.191515 -1.675555
    4 5.046457 0.000000 0.000000 0.009899 -0.018686 -0.571488
    5 -3.455587 0.000000 0.000000 -1.557175 -0.447280 -1.808694
    6 16.572346 0.000000 0.000000 0.000000 0.000000 0.256051
    7 16.265831 0.000000 0.000000 -0.023178 0.178861 -0.939372
    8 5.046457 0.000000 0.000000 -0.100150 0.015013 -0.794892
    9 0.000000 3.703728 0.293189 1.552926 -0.211870 1.499261
    10 3.307846 0.000000 0.000000 -0.018150 -0.038354 -0.127098
    11 3.297962 0.000000 0.000000 -0.016919 0.004856 -0.183836
    12 6.040985 0.000000 0.000000 -0.012523 0.031309 0.225887
    13 5.065758 0.000000 0.000000 2.823778 -0.035091 -0.131853
    14 3.993755 0.000000 0.000000 -0.274004 0.061706 0.988499
    15 3.815876 1.385489 1.500000 -1.733068 -0.888174 0.114953
    16 4.327093 0.000004 0.000000 -3.114510 0.041233 0.863588
    17 11.105114 0.000000 0.000000 0.000000 0.000000 -0.298849
    18 9.862099 -0.000011 -0.000031 0.881070 -0.317249 0.151592
    19 2.641094 0.214619 -1.073586 0.343640 0.190540 -0.806457
    20 1.361605 -0.000002 0.000000 -0.033852 -0.056532 -1.168171
    21 0.779602 0.000002 0.000000 -0.038792 -0.123973 0.252811
    22 2.908712 0.221762 -0.431868 0.315656 0.064476 -0.893331
    23 1.597527 0.000001 0.000000 -0.020331 -0.043837 -1.158634
    24 0.912680 0.000001 0.000000 0.002529 0.008221 0.233624
    25 3.265450 0.050007 0.415744 0.322996 0.091423 -1.049966
    26 1.860470 0.000000 0.000000 -0.051601 -0.064213 -1.194101
    27 1.061481 -0.000001 0.000000 0.004104 0.029474 0.404443
    28 3.340382 -0.242393 1.285012 0.318526 0.062572 -1.131184
    29 1.550753 0.000001 0.000000 0.061672 0.075949 -1.038656
    30 0.904888 0.000001 0.000000 0.001693 0.026264 0.279791
    31 1.219385 -1.063860 0.837143 1.700710 -0.490026 -0.201183
    32 1.496971 -0.000002 -0.000001 -0.211499 -0.093020 -0.524662
    33 1.100086 0.000000 0.000000 0.034391 -0.021604 -0.723527
    34 3.815876 1.385489 -1.500000 0.951043 1.019752 -0.832278
    35 4.327089 -0.000004 0.000000 3.024786 0.047034 0.682580
    36 11.105106 0.000000 0.000004 0.000000 0.000000 -0.604464
    37 9.862080 -0.000007 0.000017 -1.231008 -0.017599 0.243240
    38 2.641111 0.211586 1.074188 -0.340778 -0.190504 -0.713994
    39 1.361601 0.000000 0.000000 0.033791 0.056509 -0.943913
    40 0.779604 0.000001 0.000000 0.038833 0.124038 0.218150
    41 2.908730 0.220541 0.432493 -0.312825 -0.064540 -0.854119
    42 1.597527 0.000000 0.000000 0.020338 0.043857 -0.899809
    43 0.912678 0.000000 0.000000 -0.002548 -0.008289 0.256412
    44 3.265471 0.051184 -0.415600 -0.320176 -0.091421 -0.907618
    45 1.860470 0.000000 0.000000 0.051611 0.064235 -1.000517
    46 1.061485 0.000000 0.000000 -0.004037 -0.029426 0.237782
    47 3.340403 -0.238762 -1.285691 -0.315698 -0.062609 -0.887483
    48 1.550755 0.000000 0.000000 -0.061667 -0.075946 -1.019680
    49 0.904886 0.000001 0.000000 -0.001669 -0.026281 0.159649
    50 1.219410 -1.061498 -0.840143 -1.725617 0.534025 -0.029356
    51 1.496971 0.000002 0.000000 0.141600 0.113297 -0.458891
    52 1.100088 0.000000 0.000000 -0.031342 0.025865 -0.596322
    53 -21.078125 -6.332031 -1.477539 2.882222 0.404145 1.636845
    54 0.000000 0.000000 0.000000 -0.077030 -0.068757 -1.299215
    55 7.054213 0.000000 0.000000 0.000000 0.000000 0.000000
    56 0.000000 -0.000007 -0.000031 1.373047 0.113574 0.124314
    57 0.000000 -0.000007 -0.000031 1.373047 0.113574 0.124314
    58 2.856947 -1.536175 -0.973780 -1.501147 -0.272558 -1.578261
    59 0.000000 0.000000 10.000000 0.000000 0.000000 0.000000
    60 2.856899 -1.536201 -0.973800 -1.501147 -0.272558 -1.578261
    61 2.000000 -3.000000 0.000000 -1.570796 0.000000 -1.326450
    62 0.018896 0.665159 9.395880 0.000000 0.000000 0.000000
    63 3.028210 -0.923409 -2.009452 1.574082 -0.012974 1.587244
    64 0.116954 4.311606 0.061861 0.000010 0.000000 0.000000
    65 0.000000 -0.000002 0.000000 0.000000 0.000000 0.000000
    66 0.000000 1.000000 0.000010 0.000000 0.000000 0.000000
    67 -0.000001 0.000000 0.000000 0.000000 0.000000 0.000000
    68 -0.000001 0.000000 0.000000 0.000000 0.000000 0.000000
    69 -0.000001 0.000000 0.000000 0.000000 0.000000 0.000000
time 172
    0 -5.757813 -7.062500 26.609375 1.744594 -0.031164 0.603868
    1 3.455587 0.000000 0.000000 -1.989675 -0.911794 -1.391508
    2 16.572346 0.000000 0.000000 0.000000 0.000000 1.663100
    3 16.265829 0.000000 0.000000 -0.596309 0.272770 -1.735032
    4 5.046457 0.000000 0.000000 0.009866 -0.018704 -0.567979
    5 -3.455587 0.000000 0.000000 -1.542934 -0.432671 -1.831859
    6 16.572346 0.000000 0.000000 0.000000 0.000000 0.215194
    7 16.265831 0.000000 0.000000 0.093250 0.147390 -0.773410
    8 5.046457 0.000000 0.000000 -0.100159 0.015005 -0.550021
    9 0.000000 3.703728 0.293189 1.553931 -0.206607 1.500347
    10 3.307846 0.000000 0.000000 -0.017286 -0.037966 -0.128414
    11 3.297962 0.000000 0.000000 -0.016036 0.003954 -0.176544
    12 6.040985 0.000000 0.000000 -0.011643 0.028884 0.240340
    13 5.065758 0.000000 0.000000 2.814236 -0.049562 -0.124769
    14 3.993755 0.000000 0.000000 -0.278673 0.084077 0.984113
    15 3.815876 1.385489 1.500000 -1.742025 -0.881451 0.108600
    16 4.327093 0.000004 0.000000 -3.109784 0.020889 0.838698
    17 11.105114 0.000000 0.000000 0.000000 0.000000 -0.289948
    18 9.862099 -0.000011 -0.000031 0.826500 -0.338852 0.140314
    19 2.641094 0.214619 -1.073586 0.343640 0.190540 -0.806457
    20 1.361605 -0.000002 0.000000 -0.033852 -0.056532 -1.168171
    21 0.779602 0.000002 0.000000 -0.038792 -0.123973 0.252811
    22 2.908712 0.221762 -0.431868 0.315656 0.064476 -0.893331
    23 1.597527 0.000001 0.000000 -0.020331 -0.043837 -1.158634
    24 0.912680 0.000001 0.000000 0.002529 0.008221 0.233624
    25 3.265450 0.050007 0.415744 0.322996 0.091423 -1.049966
    26 1.860470 0.000000 0.000000 -0.051601 -0.064213 -1.194101
    27 1.061481 -0.000001 0.000000 0.004104 0.029474 0.404443
    28 3.340382 -0.242393 1.285012 0.318526 0.062572 -1.131184
    29 1.550753 0.000001 0.000000 0.061672 0.075949 -1.038656
    30 0.904888 0.000001 0.000000 0.001693 0.026264 0.279791
    31 1.219385 -1.063860 0.837143 1.700710 -0.490026 -0.201183
    32 1.496971 -0.000002 -0.000001 -0.211499 -0.093020 -0.524662
    33 1.100086 0.000000 0.000000 0.034391 -0.021604 -0.723527
    34 3.815876 1.385489 -1.500000 0.993790 1.015287 -0.802267
    35 4.327089 -0.000004 0.000000 3.050879 0.035153 0.691061
    36 11.105106 0.000000 0.000004 0.000000 0.000000 -0.613785
    37 9.862080 -0.000007 0.000017 -1.300077 -0.046264 0.265607
    38 2.641111 0.211586 1.074188 -0.340778 -0.190504 -0.713994
    39 1.361601 0.000000 0.000000 0.033791 0.056509 -0.943913
    40 0.779604 0.000001 0.000000 0.038833 0.124038 0.218150
    41 2.908730 0.220541 0.432493 -0.312825 -0.064540 -0.854119
    42 1.597527 0.000000 0.000000 0.020338 0.043857 -0.899809
    43 0.912678 0.000000 0.000000 -0.002548 -0.008289 0.256412
    44 3.265471 0.051184 -0.415600 -0.320176 -0.091421 -0.907618
    45 1.860470 0.000000 0.000000 0.051611 0.064235 -1.000517
    46 1.061485 0.000000 0.000000 -0.004037 -0.029426 0.237782
    47 3.340403 -0.238762 -1.285691 -0.315698 -0.062609 -0.887483
    48 1.550755 0.000000 0.000000 -0.061667 -0.075946 -1.019680
    49 0.904886 0.000001 0.000000 -0.001669 -0.026281 0.159649
    50 1.219410 -1.061498 -0.840143 -1.725617 0.534025 -0.029356
    51 1.496971 0.000002 0.000000 0.141600 0.113297 -0.458891
    52 1.100088 0.000000 0.000000 -0.031342 0.025865 -0.596322
    53 -22.062500 -5.949219 1.472656 2.850101 0.445088 1.598864
    54 0.000000 0.000000 0.000000 -0.077030 -0.068757 -1.299215
    55 7.054213 0.000000 0.000000 0.000000 0.000000 0.000000
    56 0.000000 -0.000007 -0.000031 1.373047 0.113574 0.124314
    57 0.000000 -0.000007 -0.000031 1.373047 0.113574 0.124314
    58 2.856947 -1.536175 -0.973780 -1.501147 -0.272558 -1.578261
    59 0.000000 0.000000 10.000000 0.000000 0.000000 0.000000
    60 2.856899 -1.536201 -0.973800 -1.501147 -0.272558 -1.578261
    61 2.000000 -3.000000 0.000000 -1.570796 0.000000 -1.326450
    62 0.018896 0.665159 9.395880 0.000000 0.000000 0.000000
    63 3.028210 -0.923409 -2.009452 1.574082 -0.012974 1.587244
    64 0.116954 4.311606 0.061861 0.000010 0.000000 0.000000
    65 0.000000 -0.000002 0.000000 0.000000 0.000000 0.000000
    66 0.000000 1.000000 0.000010 0.000000 0.000000 0.000000
    67 -0.000001 0.000000 0.000000 0.000000 0.000000 0.000000
    68 -0.000001 0.000000 0.000000 0.000000 0.000000 0.000000
    69 -0.000001 0.000000 0.000000 0.000000 0.000000 0.000000
time 173
    0 -6.144531 -6.914063 26.578125 1.736067 -0.043879 0.641458
    1 3.455587 0.000000 0.000000 -2.103409 -0.980345 -1.315075
    2 16.572346 0.000000 0.000000 0.000000 0.000000 1.723605
    3 16.265829 0.000000 0.000000 -0.619962 0.340838 -1.787720
    4 5.046457 0.000000 0.000000 0.009886 -0.018754 -0.543472
    5 -3.455587 0.000000 0.000000 -1.523897 -0.407936 -1.847414
    6 16.572346 0.000000 0.000000 0.000000 0.000000 0.177460
    7 16.265831 0.000000 0.000000 0.214942 0.100389 -0.612989
    8 5.046457 0.000000 0.000000 -0.100168 0.015009 -0.420716
    9 0.000000 3.703728 0.293189 1.554926 -0.205596 1.498372
    10 3.307846 0.000000 0.000000 -0.016397 -0.038508 -0.127821
    11 3.297962 0.000000 0.000000 -0.015411 0.004918 -0.170918
    12 6.040985 0.000000 0.000000 -0.010427 0.030548 0.250355
    13 5.065758 0.000000 0.000000 2.809641 -0.056567 -0.115117
    14 3.993755 0.000000 0.000000 -0.281507 0.100191 0.975167
    15 3.815876 1.385489 1.500000 -1.746033 -0.870848 0.097283
    16 4.327093 0.000004 0.000000 -3.113898 -0.009461 0.811875
    17 11.105114 0.000000 0.000000 0.000000 0.000000 -0.282185
    18 9.862099 -0.000011 -0.000031 0.781016 -0.358429 0.127801
    19 2.641094 0.214619 -1.073586 0.343640 0.190540 -0.806457
    20 1.361605 -0.000002 0.000000 -0.033852 -0.056532 -1.168171
    21 0.779602 0.000002 0.000000 -0.038792 -0.123973 0.252811
    22 2.908712 0.221762 -0.431868 0.315656 0.064476 -0.893331
    23 1.597527 0.000001 0.000000 -0.020331 -0.043837 -1.158634
    24 0.912680 0.000001 0.000000 0.002529 0.008221 0.233624
    25 3.265450 0.050007 0.415744 0.322996 0.091423 -1.049966
    26 1.860470 0.000000 0.000000 -0.051601 -0.064213 -1.194101
    27 1.061481 -0.000001 0.000000 0.004104 0.029474 0.404443
    28 3.340382 -0.242393 1.285012 0.318526 0.062572 -1.131184
    29 1.550753 0.000001 0.000000 0.061672 0.075949 -1.038656
    30 0.904888 0.000001 0.000000 0.001693 0.026264 0.279791
    31 1.219385 -1.063860 0.837143 1.700710 -0.490026 -0.201183
    32 1.496971 -0.000002 -0.000001 -0.211499 -0.093020 -0.524662
    33 1.100086 0.000000 0.000000 0.034391 -0.021604 -0.723527
    34 3.815876 1.385489 -1.500000 1.026913 1.005418 -0.778554
    35 4.327089 -0.000004 0.000000 3.033492 0.027591 0.701002
    36 11.105106 0.000000 0.000004 0.000000 0.000000 -0.613694
    37 9.862080 -0.000007 0.000017 -1.333624 -0.062820 0.280046
    38 2.641111 0.211586 1.074188 -0.340778 -0.190504 -0.713994
    39 1.361601 0.000000 0.000000 0.033791 0.056509 -0.943913
    40 0.779604 0.000001 0.000000 0.038833 0.124038 0.218150
    41 2.908730 0.220541 0.432493 -0.312825 -0.064540 -0.854119
    42 1.597527 0.000000 0.000000 0.020338 0.043857 -0.899809
    43 0.912678 0.000000 0.000000 -0.002548 -0.008289 0.256412
    44 3.265471 0.051184 -0.415600 -0.320176 -0.091421 -0.907618
    45 1.860470 0.000000 0.000000 0.051611 0.064235 -1.000517
    46 1.061485 0.000000 0.000000 -0.004037 -0.029426 0.237782
    47 3.340403 -0.238762 -1.285691 -0.315698 -0.062609 -0.887483
    48 1.550755 0.000000 0.000000 -0.061667 -0.075946 -1.019680
    49 0.904886 0.000001 0.000000 -0.001669 -0.026281 0.159649
    50 1.219410 -1.061498 -0.840143 -1.725617 0.534025 -0.029356
    51 1.496971 0.000002 0.000000 0.141600 0.113297 -0.458891
    52 1.100088 0.000000 0.000000 -0.031342 0.025865 -0.596322
    53 -21.921875 -7.457031 3.384766 2.817498 0.471768 1.563711
    54 0.000000 0.000000 0.000000 -0.077030 -0.068757 -1.299215
    55 7.054213 0.000000 0.000000 0.000000 0.000000 0.000000
    56 0.000000 -0.000007 -0.000031 1.373047 0.113574 0.124314
    57 0.000000 -0.000007 -0.000031 1.373047 0.113574 0.124314
    58 2.856947 -1.536175 -0.973780 -1.501147 -0.272558 -1.578261
    59 0.000000 0.000000 10.000000 0.000000 0.000000 0.000000
    60 2.856899 -1.536201 -0.973800 -1.501147 -0.272558 -1.578261
    61 2.000000 -3.000000 0.000000 -1.570796 0.000000 -1.326450
    62 0.018896 0.665159 9.395880 0.000000 0.000000 0.000000
    63 3.028210 -0.923409 -2.009452 1.574082 -0.012974 1.587244
    64 0.116954 4.311606 0.061861 0.000010 0.000000 0.000000
    65 0.000000 -0.000002 0.000000 0.000000 0.000000 0.000000
    66 0.000000 1.000000 0.000010 0.000000 0.000000 0.000000
    67 -0.000001 0.000000 0.000000 0.000000 0.000000 0.000000
    68 -0.000001 0.000000 0.000000 0.000000 0.000000 0.000000
    69 -0.000001 0.000000 0.000000 0.000000 0.000000 0.000000
time 174
    0 -6.441406 -6.765625 26.609375 1.726989 -0.047432 0.674900
    1 3.455587 0.000000 0.000000 -2.231233 -1.030562 -1.222811
    2 16.572346 0.000000 0.000000 0.000000 0.000000 1.750631
    3 16.265829 0.000000 0.000000 -0.625878 0.360864 -1.801260
    4 5.046457 0.000000 0.000000 0.009838 -0.018704 -0.531919
    5 -3.455587 0.000000 0.000000 -1.507386 -0.383293 -1.845227
    6 16.572346 0.000000 0.000000 0.000000 0.000000 0.164117
    7 16.265831 0.000000 0.000000 0.258147 0.056918 -0.574136
    8 5.046457 0.000000 0.000000 -0.100154 0.015015 -0.395209
    9 0.000000 3.703728 0.293189 1.556766 -0.207565 1.500300
    10 3.307846 0.000000 0.000000 -0.014726 -0.036574 -0.126567
    11 3.297962 0.000000 0.000000 -0.014293 0.008144 -0.169292
    12 6.040985 0.000000 0.000000 -0.008254 0.035074 0.252553
    13 5.065758 0.000000 0.000000 2.804381 -0.061951 -0.110337
    14 3.993755 0.000000 0.000000 -0.285832 0.115202 0.969472
    15 3.815876 1.385489 1.500000 -1.754907 -0.869439 0.099118
    16 4.327093 0.000004 0.000000 -3.120251 -0.039213 0.790516
    17 11.105114 0.000000 0.000000 0.000000 0.000000 -0.287941
    18 9.862099 -0.000011 -0.000031 0.743101 -0.377156 0.121663
    19 2.641094 0.214619 -1.073586 0.343640 0.190540 -0.806457
    20 1.361605 -0.000002 0.000000 -0.033852 -0.056532 -1.168171
    21 0.779602 0.000002 0.000000 -0.038792 -0.123973 0.252811
    22 2.908712 0.221762 -0.431868 0.315656 0.064476 -0.893331
    23 1.597527 0.000001 0.000000 -0.020331 -0.043837 -1.158634
    24 0.912680 0.000001 0.000000 0.002529 0.008221 0.233624
    25 3.265450 0.050007 0.415744 0.322996 0.091423 -1.049966
    26 1.860470 0.000000 0.000000 -0.051601 -0.064213 -1.194101
    27 1.061481 -0.000001 0.000000 0.004104 0.029474 0.404443
    28 3.340382 -0.242393 1.285012 0.318526 0.062572 -1.131184
    29 1.550753 0.000001 0.000000 0.061672 0.075949 -1.038656
    30 0.904888 0.000001 0.000000 0.001693 0.026264 0.279791
    31 1.219385 -1.063860 0.837143 1.700710 -0.490026 -0.201183
    32 1.496971 -0.000002 -0.000001 -0.211499 -0.093020 -0.524662
    33 1.100086 0.000000 0.000000 0.034391 -0.021604 -0.723527
    34 3.815876 1.385489 -1.500000 1.047205 0.996955 -0.763261
    35 4.327089 -0.000004 0.000000 3.007020 0.023672 0.714019
    36 11.105106 0.000000 0.000004 0.000000 0.000000 -0.618496
    37 9.862080 -0.000007 0.000017 -1.351254 -0.077816 0.289607
    38 2.641111 0.211586 1.074188 -0.340778 -0.190504 -0.713994
    39 1.361601 0.000000 0.000000 0.033791 0.056509 -0.943913
    40 0.779604 0.000001 0.000000 0.038833 0.124038 0.218150
    41 2.908730 0.220541 0.432493 -0.312825 -0.064540 -0.854119
    42 1.597527 0.000000 0.000000 0.020338 0.043857 -0.899809
    43 0.912678 0.000000 0.000000 -0.002548 -0.008289 0.256412
    44 3.265471 0.051184 -0.415600 -0.320176 -0.091421 -0.907618
    45 1.860470 0.000000 0.000000 0.051611 0.064235 -1.000517
    46 1.061485 0.000000 0.000000 -0.004037 -0.029426 0.237782
    47 3.340403 -0.238762 -1.285691 -0.315698 -0.062609 -0.887483
    48 1.550755 0.000000 0.000000 -0.061667 -0.075946 -1.019680
    49 0.904886 0.000001 0.000000 -0.001669 -0.026281 0.159649
    50 1.219410 -1.061498 -0.840143 -1.725617 0.534025 -0.029356
    51 1.496971 0.000002 0.000000 0.141600 0.113297 -0.458891
    52 1.100088 0.000000 0.000000 -0.031342 0.025865 -0.596322
    53 -20.828125 -10.187500 3.968750 2.786206 0.490944 1.540885
    54 0.000000 0.000000 0.000000 -0.077030 -0.068757 -1.299215
    55 7.054213 0.000000 0.000000 0.000000 0.000000 0.000000
    56 0.000000 -0.000007 -0.000031 1.373047 0.113574 0.124314
    57 0.000000 -0.000007 -0.000031 1.373047 0.113574 0.124314
    58 2.856947 -1.536175 -0.973780 -1.501147 -0.272558 -1.578261
    59 0.000000 0.000000 10.000000 0.000000 0.000000 0.000000
    60 2.856899 -1.536201 -0.973800 -1.501147 -0.272558 -1.578261
    61 2.000000 -3.000000 0.000000 -1.570796 0.000000 -1.326450
    62 0.018896 0.665159 9.395880 0.000000 0.000000 0.000000
    63 3.028210 -0.923409 -2.009452 1.574082 -0.012974 1.587244
    64 0.116954 4.311606 0.061861 0.000010 0.000000 0.000000
    65 0.000000 -0.000002 0.000000 0.000000 0.000000 0.000000
    66 0.000000 1.000000 0.000010 0.000000 0.000000 0.000000
    67 -0.000001 0.000000 0.000000 0.000000 0.000000 0.000000
    68 -0.000001 0.000000 0.000000 0.000000 0.000000 0.000000
    69 -0.000001 0.000000 0.000000 0.000000 0.000000 0.000000
time 175
    0 -6.648438 -6.632813 26.640625 1.719019 -0.048827 0.704410
    1 3.455587 0.000000 0.000000 -2.345348 -1.063524 -1.145153
    2 16.572346 0.000000 0.000000 0.000000 0.000000 1.742973
    3 16.265829 0.000000 0.000000 -0.596806 0.352865 -1.770145
    4 5.046457 0.000000 0.000000 0.009891 -0.018751 -0.544009
    5 -3.455587 0.000000 0.000000 -1.490975 -0.363075 -1.839329
    6 16.572346 0.000000 0.000000 0.000000 0.000000 0.175640
    7 16.265831 0.000000 0.000000 0.236519 -0.001626 -0.618712
    8 5.046457 0.000000 0.000000 -0.100233 0.015013 -0.438587
    9 0.000000 3.703728 0.293189 1.557059 -0.204114 1.504695
    10 3.307846 0.000000 0.000000 -0.014284 -0.033699 -0.127630
    11 3.297962 0.000000 0.000000 -0.014521 0.011095 -0.165677
    12 6.040985 0.000000 0.000000 -0.007034 0.039404 0.260230
    13 5.065758 0.000000 0.000000 2.799249 -0.072016 -0.109910
    14 3.993755 0.000000 0.000000 -0.287997 0.131818 0.968528
    15 3.815876 1.385489 1.500000 -1.758538 -0.880167 0.098830
    16 4.327093 0.000004 0.000000 -3.128202 -0.065631 0.785049
    17 11.105114 0.000000 0.000000 0.000000 0.000000 -0.286895
    18 9.862099 -0.000011 -0.000031 0.711137 -0.391079 0.112845
    19 2.641094 0.214619 -1.073586 0.343640 0.190540 -0.806457
    20 1.361605 -0.000002 0.000000 -0.033852 -0.056532 -1.168171
    21 0.779602 0.000002 0.000000 -0.038792 -0.123973 0.252811
    22 2.908712 0.221762 -0.431868 0.315656 0.064476 -0.893331
    23 1.597527 0.000001 0.000000 -0.020331 -0.043837 -1.158634
    24 0.912680 0.000001 0.000000 0.002529 0.008221 0.233624
    25 3.265450 0.050007 0.415744 0.322996 0.091423 -1.049966
    26 1.860470 0.000000 0.000000 -0.051601 -0.064213 -1.194101
    27 1.061481 -0.000001 0.000000 0.004104 0.029474 0.404443
    28 3.340382 -0.242393 1.285012 0.318526 0.062572 -1.131184
    29 1.550753 0.000001 0.000000 0.061672 0.075949 -1.038656
    30 0.904888 0.000001 0.000000 0.001693 0.026264 0.279791
    31 1.219385 -1.063860 0.837143 1.700710 -0.490026 -0.201183
    32 1.496971 -0.000002 -0.000001 -0.211499 -0.093020 -0.524662
    33 1.100086 0.000000 0.000000 0.034391 -0.021604 -0.723527
    34 3.815876 1.385489 -1.500000 1.092609 0.995659 -0.728380
    35 4.327089 -0.000004 0.000000 3.003219 0.026364 0.721201
    36 11.105106 0.000000 0.000004 0.000000 0.000000 -0.629834
    37 9.862080 -0.000007 0.000017 -1.388437 -0.090879 0.300069
    38 2.641111 0.211586 1.074188 -0.340778 -0.190504 -0.713994
    39 1.361601 0.000000 0.000000 0.033791 0.056509 -0.943913
    40 0.779604 0.000001 0.000000 0.038833 0.124038 0.218150
    41 2.908730 0.220541 0.432493 -0.312825 -0.064540 -0.854119
    42 1.597527 0.000000 0.000000 0.020338 0.043857 -0.899809
    43 0.912678 0.000000 0.000000 -0.002548 -0.008289 0.256412
    44 3.265471 0.051184 -0.415600 -0.320176 -0.091421 -0.907618
    45 1.860470 0.000000 0.000000 0.051611 0.064235 -1.000517
    46 1.061485 0.000000 0.000000 -0.004037 -0.029426 0.237782
    47 3.340403 -0.238762 -1.285691 -0.315698 -0.062609 -0.887483
    48 1.550755 0.000000 0.000000 -0.061667 -0.075946 -1.019680
    49 0.904886 0.000001 0.000000 -0.001669 -0.026281 0.159649
    50 1.219410 -1.061498 -0.840143 -1.725617 0.534025 -0.029356
    51 1.496971 0.000002 0.000000 0.141600 0.113297 -0.458891
    52 1.100088 0.000000 0.000000 -0.031342 0.025865 -0.596322
    53 -19.265625 -12.906250 3.619141 2.757661 0.504713 1.517504
    54 0.000000 0.000000 0.000000 -0.077030 -0.068757 -1.299215
    55 7.054213 0.000000 0.000000 0.000000 0.000000 0.000000
    56 0.000000 -0.000007 -0.000031 1.373047 0.113574 0.124314
    57 0.000000 -0.000007 -0.000031 1.373047 0.113574 0.124314
    58 2.856947 -1.536175 -0.973780 -1.501147 -0.272558 -1.578261
    59 0.000000 0.000000 10.000000 0.000000 0.000000 0.000000
    60 2.856899 -1.536201 -0.973800 -1.501147 -0.272558 -1.578261
    61 2.000000 -3.000000 0.000000 -1.570796 0.000000 -1.326450
    62 0.018896 0.665159 9.395880 0.000000 0.000000 0.000000
    63 3.028210 -0.923409 -2.009452 1.574082 -0.012974 1.587244
    64 0.116954 4.311606 0.061861 0.000010 0.000000 0.000000
    65 0.000000 -0.000002 0.000000 0.000000 0.000000 0.000000
    66 0.000000 1.000000 0.000010 0.000000 0.000000 0.000000
    67 -0.000001 0.000000 0.000000 0.000000 0.000000 0.000000
    68 -0.000001 0.000000 0.000000 0.000000 0.000000 0.000000
    69 -0.000001 0.000000 0.000000 0.000000 0.000000 0.000000
time 176
    0 -6.785156 -6.539063 26.718750 1.714978 -0.046591 0.729829
    1 3.455587 0.000000 0.000000 -2.428129 -1.078015 -1.099106
    2 16.572346 0.000000 0.000000 0.000000 0.000000 1.694304
    3 16.265829 0.000000 0.000000 -0.547807 0.372039 -1.722963
    4 5.046457 0.000000 0.000000 0.009884 -0.018775 -0.534426
    5 -3.455587 0.000000 0.000000 -1.485060 -0.351236 -1.829648
    6 16.572346 0.000000 0.000000 0.000000 0.000000 0.202782
    7 16.265831 0.000000 0.000000 0.220948 -0.055248 -0.643685
    8 5.046457 0.000000 0.000000 -0.100224 0.014977 -0.419302
    9 0.000000 3.703728 0.293189 1.557839 -0.200391 1.512393
    10 3.307846 0.000000 0.000000 -0.013407 -0.029418 -0.129399
    11 3.297962 0.000000 0.000000 -0.014020 0.012442 -0.164731
    12 6.040985 0.000000 0.000000 -0.006191 0.040094 0.263120
    13 5.065758 0.000000 0.000000 2.794577 -0.083905 -0.113440
    14 3.993755 0.000000 0.000000 -0.288729 0.148624 0.973365
    15 3.815876 1.385489 1.500000 -1.756189 -0.902147 0.097619
    16 4.327093 0.000004 0.000000 -3.140828 -0.092604 0.796459
    17 11.105114 0.000000 0.000000 0.000000 0.000000 -0.289686
    18 9.862099 -0.000011 -0.000031 0.683793 -0.403322 0.108961
    19 2.641094 0.214619 -1.073586 0.343640 0.190540 -0.806457
    20 1.361605 -0.000002 0.000000 -0.033852 -0.056532 -1.168171
    21 0.779602 0.000002 0.000000 -0.038792 -0.123973 0.252811
    22 2.908712 0.221762 -0.431868 0.315656 0.064476 -0.893331
    23 1.597527 0.000001 0.000000 -0.020331 -0.043837 -1.158634
    24 0.912680 0.000001 0.000000 0.002529 0.008221 0.233624
    25 3.265450 0.050007 0.415744 0.322996 0.091423 -1.049966
    26 1.860470 0.000000 0.000000 -0.051601 -0.064213 -1.194101
    27 1.061481 -0.000001 0.000000 0.004104 0.029474 0.404443
    28 3.340382 -0.242393 1.285012 0.318526 0.062572 -1.131184
    29 1.550753 0.000001 0.000000 0.061672 0.075949 -1.038656
    30 0.904888 0.000001 0.000000 0.001693 0.026264 0.279791
    31 1.219385 -1.063860 0.837143 1.700710 -0.490026 -0.201183
    32 1.496971 -0.000002 -0.000001 -0.211499 -0.093020 -0.524662
    33 1.100086 0.000000 0.000000 0.034391 -0.021604 -0.723527
    34 3.815876 1.385489 -1.500000 1.128982 1.005792 -0.698666
    35 4.327089 -0.000004 0.000000 3.006793 0.029469 0.737920
    36 11.105106 0.000000 0.000004 0.000000 0.000000 -0.639011
    37 9.862080 -0.000007 0.000017 -1.429027 -0.100552 0.316248
    38 2.641111 0.211586 1.074188 -0.340778 -0.190504 -0.713994
    39 1.361601 0.000000 0.000000 0.033791 0.056509 -0.943913
    40 0.779604 0.000001 0.000000 0.038833 0.124038 0.218150
    41 2.908730 0.220541 0.432493 -0.312825 -0.064540 -0.854119
    42 1.597527 0.000000 0.000000 0.020338 0.043857 -0.899809
    43 0.912678 0.000000 0.000000 -0.002548 -0.008289 0.256412
    44 3.265471 0.051184 -0.415600 -0.320176 -0.091421 -0.907618
    45 1.860470 0.000000 0.000000 0.051611 0.064235 -1.000517
    46 1.061485 0.000000 0.000000 -0.004037 -0.029426 0.237782
    47 3.340403 -0.238762 -1.285691 -0.315698 -0.062609 -0.887483
    48 1.550755 0.000000 0.000000 -0.061667 -0.075946 -1.019680
    49 0.904886 0.000001 0.000000 -0.001669 -0.026281 0.159649
    50 1.219410 -1.061498 -0.840143 -1.725617 0.534025 -0.029356
    51 1.496971 0.000002 0.000000 0.141600 0.113297 -0.458891
    52 1.100088 0.000000 0.000000 -0.031342 0.025865 -0.596322
    53 -17.203125 -15.312500 2.302734 2.731912 0.516586 1.501297
    54 0.000000 0.000000 0.000000 -0.077030 -0.068757 -1.299215
    55 7.054213 0.000000 0.000000 0.000000 0.000000 0.000000
    56 0.000000 -0.000007 -0.000031 1.373047 0.113574 0.124314
    57 0.000000 -0.000007 -0.000031 1.373047 0.113574 0.124314
    58 2.856947 -1.536175 -0.973780 -1.501147 -0.272558 -1.578261
    59 0.000000 0.000000 10.000000 0.000000 0.000000 0.000000
    60 2.856899 -1.536201 -0.973800 -1.501147 -0.272558 -1.578261
    61 2.000000 -3.000000 0.000000 -1.570796 0.000000 -1.326450
    62 0.018896 0.665159 9.395880 0.000000 0.000000 0.000000
    63 3.028210 -0.923409 -2.009452 1.574082 -0.012974 1.587244
    64 0.116954 4.311606 0.061861 0.000010 0.000000 0.000000
    65 0.000000 -0.000002 0.000000 0.000000 0.000000 0.000000
    66 0.000000 1.000000 0.000010 0.000000 0.000000 0.000000
    67 -0.000001 0.000000 0.000000 0.000000 0.000000 0.000000
    68 -0.000001 0.000000 0.000000 0.000000 0.000000 0.000000
    69 -0.000001 0.000000 0.000000 0.000000 0.000000 0.000000
time 177
    0 -6.851563 -6.449219 26.812500 1.708299 -0.044349 0.751557
    1 3.455587 0.000000 0.000000 -2.446154 -1.065120 -1.116282
    2 16.572346 0.000000 0.000000 0.000000 0.000000 1.591716
    3 16.265829 0.000000 0.000000 -0.532072 0.452242 -1.670283
    4 5.046457 0.000000 0.000000 0.009902 -0.018766 -0.536306
    5 -3.455587 0.000000 0.000000 -1.486542 -0.338860 -1.819466
    6 16.572346 0.000000 0.000000 0.000000 0.000000 0.242044
    7 16.265831 0.000000 0.000000 0.219916 -0.095050 -0.651346
    8 5.046457 0.000000 0.000000 -0.100186 0.014962 -0.412499
    9 0.000000 3.703728 0.293189 1.560420 -0.199686 1.519732
    10 3.307846 0.000000 0.000000 -0.010718 -0.025523 -0.129369
    11 3.297962 0.000000 0.000000 -0.011575 0.013343 -0.163594
    12 6.040985 0.000000 0.000000 -0.003674 0.038989 0.265695
    13 5.065758 0.000000 0.000000 2.790638 -0.096259 -0.123557
    14 3.993755 0.000000 0.000000 -0.288722 0.164956 0.985932
    15 3.815876 1.385489 1.500000 -1.758023 -0.923286 0.095128
    16 4.327093 0.000004 0.000000 3.122036 -0.122124 0.818336
    17 11.105114 0.000000 0.000000 0.000000 0.000000 -0.284976
    18 9.862099 -0.000011 -0.000031 0.664428 -0.416155 0.109762
    19 2.641094 0.214619 -1.073586 0.343640 0.190540 -0.806457
    20 1.361605 -0.000002 0.000000 -0.033852 -0.056532 -1.168171
    21 0.779602 0.000002 0.000000 -0.038792 -0.123973 0.252811
    22 2.908712 0.221762 -0.431868 0.315656 0.064476 -0.893331
    23 1.597527 0.000001 0.000000 -0.020331 -0.043837 -1.158634
    24 0.912680 0.000001 0.000000 0.002529 0.008221 0.233624
    25 3.265450 0.050007 0.415744 0.322996 0.091423 -1.049966
    26 1.860470 0.000000 0.000000 -0.051601 -0.064213 -1.194101
    27 1.061481 -0.000001 0.000000 0.004104 0.029474 0.404443
    28 3.340382 -0.242393 1.285012 0.318526 0.062572 -1.131184
    29 1.550753 0.000001 0.000000 0.061672 0.075949 -1.038656
    30 0.904888 0.000001 0.000000 0.001693 0.026264 0.279791
    31 1.219385 -1.063860 0.837143 1.700710 -0.490026 -0.201183
    32 1.496971 -0.000002 -0.000001 -0.211499 -0.093020 -0.524662
    33 1.100086 0.000000 0.000000 0.034391 -0.021604 -0.723527
    34 3.815876 1.385489 -1.500000 1.153634 1.017934 -0.680214
    35 4.327089 -0.000004 0.000000 3.011787 0.031379 0.758115
    36 11.105106 0.000000 0.000004 0.000000 0.000000 -0.642285
    37 9.862080 -0.000007 0.000017 -1.471690 -0.107719 0.334816
    38 2.641111 0.211586 1.074188 -0.340778 -0.190504 -0.713994
    39 1.361601 0.000000 0.000000 0.033791 0.056509 -0.943913
    40 0.779604 0.000001 0.000000 0.038833 0.124038 0.218150
    41 2.908730 0.220541 0.432493 -0.312825 -0.064540 -0.854119
    42 1.597527 0.000000 0.000000 0.020338 0.043857 -0.899809
    43 0.912678 0.000000 0.000000 -0.002548 -0.008289 0.256412
    44 3.265471 0.051184 -0.415600 -0.320176 -0.091421 -0.907618
    45 1.860470 0.000000 0.000000 0.051611 0.064235 -1.000517
    46 1.061485 0.000000 0.000000 -0.004037 -0.029426 0.237782
    47 3.340403 -0.238762 -1.285691 -0.315698 -0.062609 -0.887483
    48 1.550755 0.000000 0.000000 -0.061667 -0.075946 -1.019680
    49 0.904886 0.000001 0.000000 -0.001669 -0.026281 0.159649
    50 1.219410 -1.061498 -0.840143 -1.725617 0.534025 -0.029356
    51 1.496971 0.000002 0.000000 0.141600 0.113297 -0.458891
    52 1.100088 0.000000 0.000000 -0.031342 0.025865 -0.596322
    53 -15.335938 -16.171875 0.058533 2.708635 0.522016 1.486450
    54 0.000000 0.000000 0.000000 -0.077030 -0.068757 -1.299215
    55 7.054213 0.000000 0.000000 0.000000 0.000000 0.000000
    56 0.000000 -0.000007 -0.000031 1.373047 0.113574 0.124314
    57 0.000000 -0.000007 -0.000031 1.373047 0.113574 0.124314
    58 2.856947 -1.536175 -0.973780 -1.501147 -0.272558 -1.578261
    59 0.000000 0.000000 10.000000 0.000000 0.000000 0.000000
    60 2.856899 -1.536201 -0.973800 -1.501147 -0.272558 -1.578261
    61 2.000000 -3.000000 0.000000 -1.570796 0.000000 -1.326450
    62 0.018896 0.665159 9.395880 0.000000 0.000000 0.000000
    63 3.028210 -0.923409 -2.009452 1.574082 -0.012974 1.587244
    64 0.116954 4.311606 0.061861 0.000010 0.000000 0.000000
    65 0.000000 -0.000002 0.000000 0.000000 0.000000 0.000000
    66 0.000000 1.000000 0.000010 0.000000 0.000000 0.000000
    67 -0.000001 0.000000 0.000000 0.000000 0.000000 0.000000
    68 -0.000001 0.000000 0.000000 0.000000 0.000000 0.000000
    69 -0.000001 0.000000 0.000000 0.000000 0.000000 0.000000
time 178
    0 -6.855469 -6.343750 26.890625 1.701241 -0.038529 0.770246
    1 3.455587 0.000000 0.000000 -2.379964 -1.034045 -1.198630
    2 16.572346 0.000000 0.000000 0.000000 0.000000 1.444756
    3 16.265829 0.000000 0.000000 -0.547296 0.588340 -1.638007
    4 5.046457 0.000000 0.000000 0.009863 -0.018744 -0.591493
    5 -3.455587 0.000000 0.000000 -1.494878 -0.328712 -1.805251
    6 16.572346 0.000000 0.000000 0.000000 0.000000 0.293699
    7 16.265831 0.000000 0.000000 0.220425 -0.113183 -0.670508
    8 5.046457 0.000000 0.000000 -0.100194 0.015036 -0.421867
    9 0.000000 3.703728 0.293189 1.564291 -0.201968 1.528372
    10 3.307846 0.000000 0.000000 -0.006913 -0.020340 -0.128133
    11 3.297962 0.000000 0.000000 -0.008146 0.014837 -0.163577
    12 6.040985 0.000000 0.000000 -0.000215 0.038177 0.265499
    13 5.065758 0.000000 0.000000 2.786954 -0.108917 -0.137043
    14 3.993755 0.000000 0.000000 -0.288121 0.178538 0.997717
    15 3.815876 1.385489 1.500000 -1.760754 -0.941539 0.090295
    16 4.327093 0.000004 0.000000 3.095768 -0.152726 0.841894
    17 11.105114 0.000000 0.000000 0.000000 0.000000 -0.280180
    18 9.862099 -0.000011 -0.000031 0.650167 -0.429661 0.114762
    19 2.641094 0.214619 -1.073586 0.343640 0.190540 -0.806457
    20 1.361605 -0.000002 0.000000 -0.033852 -0.056532 -1.168171
    21 0.779602 0.000002 0.000000 -0.038792 -0.123973 0.252811
    22 2.908712 0.221762 -0.431868 0.315656 0.064476 -0.893331
    23 1.597527 0.000001 0.000000 -0.020331 -0.043837 -1.158634
    24 0.912680 0.000001 0.000000 0.002529 0.008221 0.233624
    25 3.265450 0.050007 0.415744 0.322996 0.091423 -1.049966
    26 1.860470 0.000000 0.000000 -0.051601 -0.064213 -1.194101
    27 1.061481 -0.000001 0.000000 0.004104 0.029474 0.404443
    28 3.340382 -0.242393 1.285012 0.318526 0.062572 -1.131184
    29 1.550753 0.000001 0.000000 0.061672 0.075949 -1.038656
    30 0.904888 0.000001 0.000000 0.001693 0.026264 0.279791
    31 1.219385 -1.063860 0.837143 1.700710 -0.490026 -0.201183
    32 1.496971 -0.000002 -0.000001 -0.211499 -0.093020 -0.524662
    33 1.100086 0.000000 0.000000 0.034391 -0.021604 -0.723527
    34 3.815876 1.385489 -1.500000 1.162282 1.026431 -0.676374
    35 4.327089 -0.000004 0.000000 3.015674 0.033822 0.776698
    36 11.105106 0.000000 0.000004 0.000000 0.000000 -0.643377
    37 9.862080 -0.000007 0.000017 -1.510527 -0.112906 0.350016
    38 2.641111 0.211586 1.074188 -0.340778 -0.190504 -0.713994
    39 1.361601 0.000000 0.000000 0.033791 0.056509 -0.943913
    40 0.779604 0.000001 0.000000 0.038833 0.124038 0.218150
    41 2.908730 0.220541 0.432493 -0.312825 -0.064540 -0.854119
    42 1.597527 0.000000 0.000000 0.020338 0.043857 -0.899809
    43 0.912678 0.000000 0.000000 -0.002548 -0.008289 0.256412
    44 3.265471 0.051184 -0.415600 -0.320176 -0.091421 -0.907618
    45 1.860470 0.000000 0.000000 0.051611 0.064235 -1.000517
    46 1.061485 0.000000 0.000000 -0.004037 -0.029426 0.237782
    47 3.340403 -0.238762 -1.285691 -0.315698 -0.062609 -0.887483
    48 1.550755 0.000000 0.000000 -0.061667 -0.075946 -1.019680
    49 0.904886 0.000001 0.000000 -0.001669 -0.026281 0.159649
    50 1.219410 -1.061498 -0.840143 -1.725617 0.534025 -0.029356
    51 1.496971 0.000002 0.000000 0.141600 0.113297 -0.458891
    52 1.100088 0.000000 0.000000 -0.031342 0.025865 -0.596322
    53 -14.234375 -15.546875 -2.058594 2.688419 0.522869 1.476804
    54 0.000000 0.000000 0.000000 -0.077030 -0.068757 -1.299215
    55 7.054213 0.000000 0.000000 0.000000 0.000000 0.000000
    56 0.000000 -0.000007 -0.000031 1.373047 0.113574 0.124314
    57 0.000000 -0.000007 -0.000031 1.373047 0.113574 0.124314
    58 2.856947 -1.536175 -0.973780 -1.501147 -0.272558 -1.578261
    59 0.000000 0.000000 10.000000 0.000000 0.000000 0.000000
    60 2.856899 -1.536201 -0.973800 -1.501147 -0.272558 -1.578261
    61 2.000000 -3.000000 0.000000 -1.570796 0.000000 -1.326450
    62 0.018896 0.665159 9.395880 0.000000 0.000000 0.000000
    63 3.028210 -0.923409 -2.009452 1.574082 -0.012974 1.587244
    64 0.116954 4.311606 0.061861 0.000010 0.000000 0.000000
    65 0.000000 -0.000002 0.000000 0.000000 0.000000 0.000000
    66 0.000000 1.000000 0.000010 0.000000 0.000000 0.000000
    67 -0.000001 0.000000 0.000000 0.000000 0.000000 0.000000
    68 -0.000001 0.000000 0.000000 0.000000 0.000000 0.000000
    69 -0.000001 0.000000 0.000000 0.000000 0.000000 0.000000
time 179
    0 -6.769531 -6.238281 26.984375 1.694307 -0.028555 0.785503
    1 3.455587 0.000000 0.000000 -2.243954 -0.987318 -1.321518
    2 16.572346 0.000000 0.000000 0.000000 0.000000 1.279266
    3 16.265829 0.000000 0.000000 -0.607751 0.694836 -1.662589
    4 5.046457 0.000000 0.000000 0.009894 -0.018691 -0.719905
    5 -3.455587 0.000000 0.000000 -1.500283 -0.318878 -1.787717
    6 16.572346 0.000000 0.000000 0.000000 0.000000 0.355986
    7 16.265831 0.000000 0.000000 0.226433 -0.109142 -0.705313
    8 5.046457 0.000000 0.000000 -0.100153 0.014975 -0.425134
    9 0.000000 3.703728 0.293189 1.567370 -0.202151 1.539401
    10 3.307846 0.000000 0.000000 -0.003788 -0.013823 -0.127654
    11 3.297962 0.000000 0.000000 -0.005696 0.016772 -0.162439
    12 6.040985 0.000000 0.000000 0.002541 0.037638 0.267640
    13 5.065758 0.000000 0.000000 2.789672 -0.117524 -0.144912
    14 3.993755 0.000000 0.000000 -0.282775 0.186588 1.006079
    15 3.815876 1.385489 1.500000 -1.768036 -0.961094 0.093049
    16 4.327093 0.000004 0.000000 3.079076 -0.174490 0.867983
    17 11.105114 0.000000 0.000000 0.000000 0.000000 -0.277826
    18 9.862099 -0.000011 -0.000031 0.639021 -0.441656 0.125253
    19 2.641094 0.214619 -1.073586 0.343640 0.190540 -0.806457
    20 1.361605 -0.000002 0.000000 -0.033852 -0.056532 -1.168171
    21 0.779602 0.000002 0.000000 -0.038792 -0.123973 0.252811
    22 2.908712 0.221762 -0.431868 0.315656 0.064476 -0.893331
    23 1.597527 0.000001 0.000000 -0.020331 -0.043837 -1.158634
    24 0.912680 0.000001 0.000000 0.002529 0.008221 0.233624
    25 3.265450 0.050007 0.415744 0.322996 0.091423 -1.049966
    26 1.860470 0.000000 0.000000 -0.051601 -0.064213 -1.194101
    27 1.061481 -0.000001 0.000000 0.004104 0.029474 0.404443
    28 3.340382 -0.242393 1.285012 0.318526 0.062572 -1.131184
    29 1.550753 0.000001 0.000000 0.061672 0.075949 -1.038656
    30 0.904888 0.000001 0.000000 0.001693 0.026264 0.279791
    31 1.219385 -1.063860 0.837143 1.700710 -0.490026 -0.201183
    32 1.496971 -0.000002 -0.000001 -0.211499 -0.093020 -0.524662
    33 1.100086 0.000000 0.000000 0.034391 -0.021604 -0.723527
    34 3.815876 1.385489 -1.500000 1.162033 1.039206 -0.677434
    35 4.327089 -0.000004 0.000000 3.019893 0.034075 0.799047
    36 11.105106 0.000000 0.000004 0.000000 0.000000 -0.640193
    37 9.862080 -0.000007 0.000017 -1.541907 -0.114661 0.358182
    38 2.641111 0.211586 1.074188 -0.340778 -0.190504 -0.713994
    39 1.361601 0.000000 0.000000 0.033791 0.056509 -0.943913
    40 0.779604 0.000001 0.000000 0.038833 0.124038 0.218150
    41 2.908730 0.220541 0.432493 -0.312825 -0.064540 -0.854119
    42 1.597527 0.000000 0.000000 0.020338 0.043857 -0.899809
    43 0.912678 0.000000 0.000000 -0.002548 -0.008289 0.256412
    44 3.265471 0.051184 -0.415600 -0.320176 -0.091421 -0.907618
    45 1.860470 0.000000 0.000000 0.051611 0.064235 -1.000517
    46 1.061485 0.000000 0.000000 -0.004037 -0.029426 0.237782
    47 3.340403 -0.238762 -1.285691 -0.315698 -0.062609 -0.887483
    48 1.550755 0.000000 0.000000 -0.061667 -0.075946 -1.019680
    49 0.904886 0.000001 0.000000 -0.001669 -0.026281 0.159649
    50 1.219410 -1.061498 -0.840143 -1.725617 0.534025 -0.029356
    51 1.496971 0.000002 0.000000 0.141600 0.113297 -0.458891
    52 1.100088 0.000000 0.000000 -0.031342 0.025865 -0.596322
    53 -13.523438 -14.398438 -3.671875 2.671026 0.526150 1.473369
    54 0.000000 0.000000 0.000000 -0.077030 -0.068757 -1.299215
    55 7.054213 0.000000 0.000000 0.000000 0.000000 0.000000
    56 0.000000 -0.000007 -0.000031 1.373047 0.113574 0.124314
    57 0.000000 -0.000007 -0.000031 1.373047 0.113574 0.124314
    58 2.856947 -1.536175 -0.973780 -1.501147 -0.272558 -1.578261
    59 0.000000 0.000000 10.000000 0.000000 0.000000 0.000000
    60 2.856899 -1.536201 -0.973800 -1.501147 -0.272558 -1.578261
    61 2.000000 -3.000000 0.000000 -1.570796 0.000000 -1.326450
    62 0.018896 0.665159 9.395880 0.000000 0.000000 0.000000
    63 3.028210 -0.923409 -2.009452 1.574082 -0.012974 1.587244
    64 0.116954 4.311606 0.061861 0.000010 0.000000 0.000000
    65 0.000000 -0.000002 0.000000 0.000000 0.000000 0.000000
    66 0.000000 1.000000 0.000010 0.000000 0.000000 0.000000
    67 -0.000001 0.000000 0.000000 0.000000 0.000000 0.000000
    68 -0.000001 0.000000 0.000000 0.000000 0.000000 0.000000
    69 -0.000001 0.000000 0.000000 0.000000 0.000000 0.000000
time 180
    0 -6.671875 -6.132813 27.062500 1.686159 -0.015114 0.796504
    1 3.455587 0.000000 0.000000 -2.105784 -0.923459 -1.430337
    2 16.572346 0.000000 0.000000 0.000000 0.000000 1.118826
    3 16.265829 0.000000 0.000000 -0.637456 0.750055 -1.714603
    4 5.046457 0.000000 0.000000 0.009834 -0.018673 -0.846671
    5 -3.455587 0.000000 0.000000 -1.494747 -0.307978 -1.768066
    6 16.572346 0.000000 0.000000 0.000000 0.000000 0.418535
    7 16.265831 0.000000 0.000000 0.235186 -0.099265 -0.734408
    8 5.046457 0.000000 0.000000 -0.100156 0.015025 -0.429559
    9 0.000000 3.703728 0.293189 1.568866 -0.206335 1.550549
    10 3.307846 0.000000 0.000000 -0.002228 -0.007232 -0.125161
    11 3.297962 0.000000 0.000000 -0.004718 0.018584 -0.162436
    12 6.040985 0.000000 0.000000 0.003753 0.037822 0.265922
    13 5.065758 0.000000 0.000000 2.802033 -0.118086 -0.142924
    14 3.993755 0.000000 0.000000 -0.271042 0.185349 1.007491
    15 3.815876 1.385489 1.500000 -1.781577 -0.975682 0.102429
    16 4.327093 0.000004 0.000000 3.082238 -0.187618 0.887361
    17 11.105114 0.000000 0.000000 0.000000 0.000000 -0.281226
    18 9.862099 -0.000011 -0.000031 0.630622 -0.447400 0.136237
    19 2.641094 0.214619 -1.073586 0.343640 0.190540 -0.806457
    20 1.361605 -0.000002 0.000000 -0.033852 -0.056532 -1.168171
    21 0.779602 0.000002 0.000000 -0.038792 -0.123973 0.252811
    22 2.908712 0.221762 -0.431868 0.315656 0.064476 -0.893331
    23 1.597527 0.000001 0.000000 -0.020331 -0.043837 -1.158634
    24 0.912680 0.000001 0.000000 0.002529 0.008221 0.233624
    25 3.265450 0.050007 0.415744 0.322996 0.091423 -1.049966
    26 1.860470 0.000000 0.000000 -0.051601 -0.064213 -1.194101
    27 1.061481 -0.000001 0.000000 0.004104 0.029474 0.404443
    28 3.340382 -0.242393 1.285012 0.318526 0.062572 -1.131184
    29 1.550753 0.000001 0.000000 0.061672 0.075949 -1.038656
    30 0.904888 0.000001 0.000000 0.001693 0.026264 0.279791
    31 1.219385 -1.063860 0.837143 1.700710 -0.490026 -0.201183
    32 1.496971 -0.000002 -0.000001 -0.211499 -0.093020 -0.524662
    33 1.100086 0.000000 0.000000 0.034391 -0.021604 -0.723527
    34 3.815876 1.385489 -1.500000 1.153110 1.052468 -0.684603
    35 4.327089 -0.000004 0.000000 3.023258 0.034369 0.816411
    36 11.105106 0.000000 0.000004 0.000000 0.000000 -0.638283
    37 9.862080 -0.000007 0.000017 -1.562597 -0.115679 0.361703
    38 2.641111 0.211586 1.074188 -0.340778 -0.190504 -0.713994
    39 1.361601 0.000000 0.000000 0.033791 0.056509 -0.943913
    40 0.779604 0.000001 0.000000 0.038833 0.124038 0.218150
    41 2.908730 0.220541 0.432493 -0.312825 -0.064540 -0.854119
    42 1.597527 0.000000 0.000000 0.020338 0.043857 -0.899809
    43 0.912678 0.000000 0.000000 -0.002548 -0.008289 0.256412
    44 3.265471 0.051184 -0.415600 -0.320176 -0.091421 -0.907618
    45 1.860470 0.000000 0.000000 0.051611 0.064235 -1.000517
    46 1.061485 0.000000 0.000000 -0.004037 -0.029426 0.237782
    47 3.340403 -0.238762 -1.285691 -0.315698 -0.062609 -0.887483
    48 1.550755 0.000000 0.000000 -0.061667 -0.075946 -1.019680
    49 0.904886 0.000001 0.000000 -0.001669 -0.026281 0.159649
    50 1.219410 -1.061498 -0.840143 -1.725617 0.534025 -0.029356
    51 1.496971 0.000002 0.000000 0.141600 0.113297 -0.458891
    52 1.100088 0.000000 0.000000 -0.031342 0.025865 -0.596322
    53 -13.031250 -13.257813 -4.746094 2.657886 0.535969 1.476343
    54 0.000000 0.000000 0.000000 -0.077030 -0.068757 -1.299215
    55 7.054213 0.000000 0.000000 0.000000 0.000000 0.000000
    56 0.000000 -0.000007 -0.000031 1.373047 0.113574 0.124314
    57 0.000000 -0.000007 -0.000031 1.373047 0.113574 0.124314
    58 2.856947 -1.536175 -0.973780 -1.501147 -0.272558 -1.578261
    59 0.000000 0.000000 10.000000 0.000000 0.000000 0.000000
    60 2.856899 -1.536201 -0.973800 -1.501147 -0.272558 -1.578261
    61 2.000000 -3.000000 0.000000 -1.570796 0.000000 -1.326450
    62 0.018896 0.665159 9.395880 0.000000 0.000000 0.000000
    63 3.028210 -0.923409 -2.009452 1.574082 -0.012974 1.587244
    64 0.116954 4.311606 0.061861 0.000010 0.000000 0.000000
    65 0.000000 -0.000002 0.000000 0.000000 0.000000 0.000000
    66 0.000000 1.000000 0.000010 0.000000 0.000000 0.000000
    67 -0.000001 0.000000 0.000000 0.000000 0.000000 0.000000
    68 -0.000001 0.000000 0.000000 0.000000 0.000000 0.000000
    69 -0.000001 0.000000 0.000000 0.000000 0.000000 0.000000
time 181
    0 -6.546875 -6.003906 27.140625 1.679862 -0.001281 0.802158
    1 3.455587 0.000000 0.000000 -2.014127 -0.856867 -1.498792
    2 16.572346 0.000000 0.000000 0.000000 0.000000 0.984066
    3 16.265829 0.000000 0.000000 -0.637122 0.772115 -1.742170
    4 5.046457 0.000000 0.000000 0.009915 -0.018689 -0.926571
    5 -3.455587 0.000000 0.000000 -1.481832 -0.298716 -1.751455
    6 16.572346 0.000000 0.000000 0.000000 0.000000 0.476970
    7 16.265831 0.000000 0.000000 0.263275 -0.087447 -0.754146
    8 5.046457 0.000000 0.000000 -0.100177 0.014964 -0.436193
    9 0.000000 3.703728 0.293189 1.569173 -0.211812 1.561512
    10 3.307846 0.000000 0.000000 -0.001778 -0.000628 -0.122573
    11 3.297962 0.000000 0.000000 -0.004877 0.020388 -0.163656
    12 6.040985 0.000000 0.000000 0.003759 0.038168 0.263833
    13 5.065758 0.000000 0.000000 2.817891 -0.117563 -0.142260
    14 3.993755 0.000000 0.000000 -0.256579 0.181738 1.009269
    15 3.815876 1.385489 1.500000 -1.798578 -0.986809 0.117858
    16 4.327093 0.000004 0.000000 3.095641 -0.189862 0.897419
    17 11.105114 0.000000 0.000000 0.000000 0.000000 -0.292042
    18 9.862099 -0.000011 -0.000031 0.626501 -0.445867 0.144407
    19 2.641094 0.214619 -1.073586 0.343640 0.190540 -0.806457
    20 1.361605 -0.000002 0.000000 -0.033852 -0.056532 -1.168171
    21 0.779602 0.000002 0.000000 -0.038792 -0.123973 0.252811
    22 2.908712 0.221762 -0.431868 0.315656 0.064476 -0.893331
    23 1.597527 0.000001 0.000000 -0.020331 -0.043837 -1.158634
    24 0.912680 0.000001 0.000000 0.002529 0.008221 0.233624
    25 3.265450 0.050007 0.415744 0.322996 0.091423 -1.049966
    26 1.860470 0.000000 0.000000 -0.051601 -0.064213 -1.194101
    27 1.061481 -0.000001 0.000000 0.004104 0.029474 0.404443
    28 3.340382 -0.242393 1.285012 0.318526 0.062572 -1.131184
    29 1.550753 0.000001 0.000000 0.061672 0.075949 -1.038656
    30 0.904888 0.000001 0.000000 0.001693 0.026264 0.279791
    31 1.219385 -1.063860 0.837143 1.700710 -0.490026 -0.201183
    32 1.496971 -0.000002 -0.000001 -0.211499 -0.093020 -0.524662
    33 1.100086 0.000000 0.000000 0.034391 -0.021604 -0.723527
    34 3.815876 1.385489 -1.500000 1.138502 1.064527 -0.697676
    35 4.327089 -0.000004 0.000000 3.031638 0.036497 0.830123
    36 11.105106 0.000000 0.000004 0.000000 0.000000 -0.637556
    37 9.862080 -0.000007 0.000017 -1.577877 -0.115734 0.360226
    38 2.641111 0.211586 1.074188 -0.340778 -0.190504 -0.713994
    39 1.361601 0.000000 0.000000 0.033791 0.056509 -0.943913
    40 0.779604 0.000001 0.000000 0.038833 0.124038 0.218150
    41 2.908730 0.220541 0.432493 -0.312825 -0.064540 -0.854119
    42 1.597527 0.000000 0.000000 0.020338 0.043857 -0.899809
    43 0.912678 0.000000 0.000000 -0.002548 -0.008289 0.256412
    44 3.265471 0.051184 -0.415600 -0.320176 -0.091421 -0.907618
    45 1.860470 0.000000 0.000000 0.051611 0.064235 -1.000517
    46 1.061485 0.000000 0.000000 -0.004037 -0.029426 0.237782
    47 3.340403 -0.238762 -1.285691 -0.315698 -0.062609 -0.887483
    48 1.550755 0.000000 0.000000 -0.061667 -0.075946 -1.019680
    49 0.904886 0.000001 0.000000 -0.001669 -0.026281 0.159649
    50 1.219410 -1.061498 -0.840143 -1.725617 0.534025 -0.029356
    51 1.496971 0.000002 0.000000 0.141600 0.113297 -0.458891
    52 1.100088 0.000000 0.000000 -0.031342 0.025865 -0.596322
    53 -12.796875 -13.234375 -4.515625 2.651140 0.545795 1.486430
    54 0.000000 0.000000 0.000000 -0.077030 -0.068757 -1.299215
    55 7.054213 0.000000 0.000000 0.000000 0.000000 0.000000
    56 0.000000 -0.000007 -0.000031 1.373047 0.113574 0.124314
    57 0.000000 -0.000007 -0.000031 1.373047 0.113574 0.124314
    58 2.856947 -1.536175 -0.973780 -1.501147 -0.272558 -1.578261
    59 0.000000 0.000000 10.000000 0.000000 0.000000 0.000000
    60 2.856899 -1.536201 -0.973800 -1.501147 -0.272558 -1.578261
    61 2.000000 -3.000000 0.000000 -1.570796 0.000000 -1.326450
    62 0.018896 0.665159 9.395880 0.000000 0.000000 0.000000
    63 3.028210 -0.923409 -2.009452 1.574082 -0.012974 1.587244
    64 0.116954 4.311606 0.061861 0.000010 0.000000 0.000000
    65 0.000000 -0.000002 0.000000 0.000000 0.000000 0.000000
    66 0.000000 1.000000 0.000010 0.000000 0.000000 0.000000
    67 -0.000001 0.000000 0.000000 0.000000 0.000000 0.000000
    68 -0.000001 0.000000 0.000000 0.000000 0.000000 0.000000
    69 -0.000001 0.000000 0.000000 0.000000 0.000000 0.000000
time 182
    0 -6.375000 -5.816406 27.250000 1.680703 0.006196 0.796014
    1 3.455587 0.000000 0.000000 -1.972843 -0.809576 -1.535699
    2 16.572346 0.000000 0.000000 0.000000 0.000000 0.890684
    3 16.265829 0.000000 0.000000 -0.615467 0.774185 -1.730261
    4 5.046457 0.000000 0.000000 0.009904 -0.018688 -0.974632
    5 -3.455587 0.000000 0.000000 -1.468727 -0.296788 -1.746006
    6 16.572346 0.000000 0.000000 0.000000 0.000000 0.528845
    7 16.265831 0.000000 0.000000 0.301368 -0.078049 -0.771124
    8 5.046457 0.000000 0.000000 -0.100215 0.014971 -0.428584
    9 0.000000 3.703728 0.293189 1.569772 -0.214960 1.568450
    10 3.307846 0.000000 0.000000 -0.001011 0.003831 -0.121105
    11 3.297962 0.000000 0.000000 -0.004957 0.023238 -0.165312
    12 6.040985 0.000000 0.000000 0.004537 0.041286 0.260467
    13 5.065758 0.000000 0.000000 2.831688 -0.119651 -0.146901
    14 3.993755 0.000000 0.000000 -0.243127 0.180705 1.015968
    15 3.815876 1.385489 1.500000 -1.811948 -1.009876 0.133602
    16 4.327093 0.000004 0.000000 3.099843 -0.186087 0.908857
    17 11.105114 0.000000 0.000000 0.000000 0.000000 -0.311077
    18 9.862099 -0.000011 -0.000031 0.631464 -0.443721 0.152323
    19 2.641094 0.214619 -1.073586 0.343640 0.190540 -0.806457
    20 1.361605 -0.000002 0.000000 -0.033852 -0.056532 -1.168171
    21 0.779602 0.000002 0.000000 -0.038792 -0.123973 0.252811
    22 2.908712 0.221762 -0.431868 0.315656 0.064476 -0.893331
    23 1.597527 0.000001 0.000000 -0.020331 -0.043837 -1.158634
    24 0.912680 0.000001 0.000000 0.002529 0.008221 0.233624
    25 3.265450 0.050007 0.415744 0.322996 0.091423 -1.049966
    26 1.860470 0.000000 0.000000 -0.051601 -0.064213 -1.194101
    27 1.061481 -0.000001 0.000000 0.004104 0.029474 0.404443
    28 3.340382 -0.242393 1.285012 0.318526 0.062572 -1.131184
    29 1.550753 0.000001 0.000000 0.061672 0.075949 -1.038656
    30 0.904888 0.000001 0.000000 0.001693 0.026264 0.279791
    31 1.219385 -1.063860 0.837143 1.700710 -0.490026 -0.201183
    32 1.496971 -0.000002 -0.000001 -0.211499 -0.093020 -0.524662
    33 1.100086 0.000000 0.000000 0.034391 -0.021604 -0.723527
    34 3.815876 1.385489 -1.500000 1.129549 1.073000 -0.706381
    35 4.327089 -0.000004 0.000000 3.031812 0.034386 0.847460
    36 11.105106 0.000000 0.000004 0.000000 0.000000 -0.632649
    37 9.862080 -0.000007 0.000017 -1.577081 -0.115533 0.355517
    38 2.641111 0.211586 1.074188 -0.340778 -0.190504 -0.713994
    39 1.361601 0.000000 0.000000 0.033791 0.056509 -0.943913
    40 0.779604 0.000001 0.000000 0.038833 0.124038 0.218150
    41 2.908730 0.220541 0.432493 -0.312825 -0.064540 -0.854119
    42 1.597527 0.000000 0.000000 0.020338 0.043857 -0.899809
    43 0.912678 0.000000 0.000000 -0.002548 -0.008289 0.256412
    44 3.265471 0.051184 -0.415600 -0.320176 -0.091421 -0.907618
    45 1.860470 0.000000 0.000000 0.051611 0.064235 -1.000517
    46 1.061485 0.000000 0.000000 -0.004037 -0.029426 0.237782
    47 3.340403 -0.238762 -1.285691 -0.315698 -0.062609 -0.887483
    48 1.550755 0.000000 0.000000 -0.061667 -0.075946 -1.019680
    49 0.904886 0.000001 0.000000 -0.001669 -0.026281 0.159649
    50 1.219410 -1.061498 -0.840143 -1.725617 0.534025 -0.029356
    51 1.496971 0.000002 0.000000 0.141600 0.113297 -0.458891
    52 1.100088 0.000000 0.000000 -0.031342 0.025865 -0.596322
    53 -12.585938 -13.531250 -4.160156 2.652143 0.543328 1.505764
    54 0.000000 0.000000 0.000000 -0.077030 -0.068757 -1.299215
    55 7.054213 0.000000 0.000000 0.000000 0.000000 0.000000
    56 0.000000 -0.000007 -0.000031 1.373047 0.113574 0.124314
    57 0.000000 -0.000007 -0.000031 1.373047 0.113574 0.124314
    58 2.856947 -1.536175 -0.973780 -1.501147 -0.272558 -1.578261
    59 0.000000 0.000000 10.000000 0.000000 0.000000 0.000000
    60 2.856899 -1.536201 -0.973800 -1.501147 -0.272558 -1.578261
    61 2.000000 -3.000000 0.000000 -1.570796 0.000000 -1.326450
    62 0.018896 0.665159 9.395880 0.000000 0.000000 0.000000
    63 3.028210 -0.923409 -2.009452 1.574082 -0.012974 1.587244
    64 0.116954 4.311606 0.061861 0.000010 0.000000 0.000000
    65 0.000000 -0.000002 0.000000 0.000000 0.000000 0.000000
    66 0.000000 1.000000 0.000010 0.000000 0.000000 0.000000
    67 -0.000001 0.000000 0.000000 0.000000 0.000000 0.000000
    68 -0.000001 0.000000 0.000000 0.000000 0.000000 0.000000
    69 -0.000001 0.000000 0.000000 0.000000 0.000000 0.000000
time 183
    0 -6.191406 -5.593750 27.375000 1.689845 0.007796 0.783356
    1 3.455587 0.000000 0.000000 -1.975110 -0.783686 -1.551073
    2 16.572346 0.000000 0.000000 0.000000 0.000000 0.830462
    3 16.265829 0.000000 0.000000 -0.604723 0.778589 -1.719770
    4 5.046457 0.000000 0.000000 0.009886 -0.018698 -0.972678
    5 -3.455587 0.000000 0.000000 -1.448891 -0.301202 -1.752070
    6 16.572346 0.000000 0.000000 0.000000 0.000000 0.568304
    7 16.265831 0.000000 0.000000 0.325461 -0.075707 -0.781112
    8 5.046457 0.000000 0.000000 -0.100207 0.015024 -0.427525
    9 0.000000 3.703728 0.293189 1.569552 -0.215037 1.572511
    10 3.307846 0.000000 0.000000 -0.001103 0.006765 -0.121367
    11 3.297962 0.000000 0.000000 -0.005602 0.025433 -0.167581
    12 6.040985 0.000000 0.000000 0.004415 0.043564 0.257167
    13 5.065758 0.000000 0.000000 2.841857 -0.119788 -0.155450
    14 3.993755 0.000000 0.000000 -0.233855 0.178045 1.027844
    15 3.815876 1.385489 1.500000 -1.817498 -1.040476 0.142449
    16 4.327093 0.000004 0.000000 3.091378 -0.180573 0.926551
    17 11.105114 0.000000 0.000000 0.000000 0.000000 -0.331891
    18 9.862099 -0.000011 -0.000031 0.647075 -0.446295 0.163046
    19 2.641094 0.214619 -1.073586 0.343640 0.190540 -0.806457
    20 1.361605 -0.000002 0.000000 -0.033852 -0.056532 -1.168171
    21 0.779602 0.000002 0.000000 -0.038792 -0.123973 0.252811
    22 2.908712 0.221762 -0.431868 0.315656 0.064476 -0.893331
    23 1.597527 0.000001 0.000000 -0.020331 -0.043837 -1.158634
    24 0.912680 0.000001 0.000000 0.002529 0.008221 0.233624
    25 3.265450 0.050007 0.415744 0.322996 0.091423 -1.049966
    26 1.860470 0.000000 0.000000 -0.051601 -0.064213 -1.194101
    27 1.061481 -0.000001 0.000000 0.004104 0.029474 0.404443
    28 3.340382 -0.242393 1.285012 0.318526 0.062572 -1.131184
    29 1.550753 0.000001 0.000000 0.061672 0.075949 -1.038656
    30 0.904888 0.000001 0.000000 0.001693 0.026264 0.279791
    31 1.219385 -1.063860 0.837143 1.700710 -0.490026 -0.201183
    32 1.496971 -0.000002 -0.000001 -0.211499 -0.093020 -0.524662
    33 1.100086 0.000000 0.000000 0.034391 -0.021604 -0.723527
    34 3.815876 1.385489 -1.500000 1.127168 1.084914 -0.710549
    35 4.327089 -0.000004 0.000000 3.038529 0.029793 0.863014
    36 11.105106 0.000000 0.000004 0.000000 0.000000 -0.634012
    37 9.862080 -0.000007 0.000017 -1.579139 -0.115295 0.356628
    38 2.641111 0.211586 1.074188 -0.340778 -0.190504 -0.713994
    39 1.361601 0.000000 0.000000 0.033791 0.056509 -0.943913
    40 0.779604 0.000001 0.000000 0.038833 0.124038 0.218150
    41 2.908730 0.220541 0.432493 -0.312825 -0.064540 -0.854119
    42 1.597527 0.000000 0.000000 0.020338 0.043857 -0.899809
    43 0.912678 0.000000 0.000000 -0.002548 -0.008289 0.256412
    44 3.265471 0.051184 -0.415600 -0.320176 -0.091421 -0.907618
    45 1.860470 0.000000 0.000000 0.051611 0.064235 -1.000517
    46 1.061485 0.000000 0.000000 -0.004037 -0.029426 0.237782
    47 3.340403 -0.238762 -1.285691 -0.315698 -0.062609 -0.887483
    48 1.550755 0.000000 0.000000 -0.061667 -0.075946 -1.019680
    49 0.904886 0.000001 0.000000 -0.001669 -0.026281 0.159649
    50 1.219410 -1.061498 -0.840143 -1.725617 0.534025 -0.029356
    51 1.496971 0.000002 0.000000 0.141600 0.113297 -0.458891
    52 1.100088 0.000000 0.000000 -0.031342 0.025865 -0.596322
    53 -12.718750 -15.054688 -2.378906 2.659549 0.526989 1.530900
    54 0.000000 0.000000 0.000000 -0.077030 -0.068757 -1.299215
    55 7.054213 0.000000 0.000000 0.000000 0.000000 0.000000
    56 0.000000 -0.000007 -0.000031 1.373047 0.113574 0.124314
    57 0.000000 -0.000007 -0.000031 1.373047 0.113574 0.124314
    58 2.856947 -1.536175 -0.973780 -1.501147 -0.272558 -1.578261
    59 0.000000 0.000000 10.000000 0.000000 0.000000 0.000000
    60 2.856899 -1.536201 -0.973800 -1.501147 -0.272558 -1.578261
    61 2.000000 -3.000000 0.000000 -1.570796 0.000000 -1.326450
    62 0.018896 0.665159 9.395880 0.000000 0.000000 0.000000
    63 3.028210 -0.923409 -2.009452 1.574082 -0.012974 1.587244
    64 0.116954 4.311606 0.061861 0.000010 0.000000 0.000000
    65 0.000000 -0.000002 0.000000 0.000000 0.000000 0.000000
    66 0.000000 1.000000 0.000010 0.000000 0.000000 0.000000
    67 -0.000001 0.000000 0.000000 0.000000 0.000000 0.000000
    68 -0.000001 0.000000 0.000000 0.000000 0.000000 0.000000
    69 -0.000001 0.000000 0.000000 0.000000 0.000000 0.000000
time 184
    0 -6.035156 -5.371094 27.531250 1.703676 0.006282 0.772269
    1 3.455587 0.000000 0.000000 -2.004398 -0.774999 -1.553235
    2 16.572346 0.000000 0.000000 0.000000 0.000000 0.791475
    3 16.265829 0.000000 0.000000 -0.609327 0.806803 -1.704299
    4 5.046457 0.000000 0.000000 0.009853 -0.018715 -0.969164
    5 -3.455587 0.000000 0.000000 -1.428644 -0.307901 -1.762185
    6 16.572346 0.000000 0.000000 0.000000 0.000000 0.596873
    7 16.265831 0.000000 0.000000 0.341939 -0.070227 -0.789610
    8 5.046457 0.000000 0.000000 -0.100233 0.015008 -0.438676
    9 0.000000 3.703728 0.293189 1.567442 -0.214712 1.575719
    10 3.307846 0.000000 0.000000 -0.003133 0.008803 -0.122069
    11 3.297962 0.000000 0.000000 -0.007913 0.025751 -0.170039
    12 6.040985 0.000000 0.000000 0.002062 0.043428 0.253893
    13 5.065758 0.000000 0.000000 2.848506 -0.118986 -0.167208
    14 3.993755 0.000000 0.000000 -0.228291 0.175712 1.041555
    15 3.815876 1.385489 1.500000 -1.811371 -1.068773 0.137409
    16 4.327093 0.000004 0.000000 3.071933 -0.175438 0.944491
    17 11.105114 0.000000 0.000000 0.000000 0.000000 -0.351601
    18 9.862099 -0.000011 -0.000031 0.671826 -0.452692 0.175664
    19 2.641094 0.214619 -1.073586 0.343640 0.190540 -0.806457
    20 1.361605 -0.000002 0.000000 -0.033852 -0.056532 -1.168171
    21 0.779602 0.000002 0.000000 -0.038792 -0.123973 0.252811
    22 2.908712 0.221762 -0.431868 0.315656 0.064476 -0.893331
    23 1.597527 0.000001 0.000000 -0.020331 -0.043837 -1.158634
    24 0.912680 0.000001 0.000000 0.002529 0.008221 0.233624
    25 3.265450 0.050007 0.415744 0.322996 0.091423 -1.049966
    26 1.860470 0.000000 0.000000 -0.051601 -0.064213 -1.194101
    27 1.061481 -0.000001 0.000000 0.004104 0.029474 0.404443
    28 3.340382 -0.242393 1.285012 0.318526 0.062572 -1.131184
    29 1.550753 0.000001 0.000000 0.061672 0.075949 -1.038656
    30 0.904888 0.000001 0.000000 0.001693 0.026264 0.279791
    31 1.219385 -1.063860 0.837143 1.700710 -0.490026 -0.201183
    32 1.496971 -0.000002 -0.000001 -0.211499 -0.093020 -0.524662
    33 1.100086 0.000000 0.000000 0.034391 -0.021604 -0.723527
    34 3.815876 1.385489 -1.500000 1.125782 1.099146 -0.714534
    35 4.327089 -0.000004 0.000000 3.043671 0.021512 0.878681
    36 11.105106 0.000000 0.000004 0.000000 0.000000 -0.630379
    37 9.862080 -0.000007 0.000017 -1.572817 -0.114655 0.352402
    38 2.641111 0.211586 1.074188 -0.340778 -0.190504 -0.713994
    39 1.361601 0.000000 0.000000 0.033791 0.056509 -0.943913
    40 0.779604 0.000001 0.000000 0.038833 0.124038 0.218150
    41 2.908730 0.220541 0.432493 -0.312825 -0.064540 -0.854119
    42 1.597527 0.000000 0.000000 0.020338 0.043857 -0.899809
    43 0.912678 0.000000 0.000000 -0.002548 -0.008289 0.256412
    44 3.265471 0.051184 -0.415600 -0.320176 -0.091421 -0.907618
    45 1.860470 0.000000 0.000000 0.051611 0.064235 -1.000517
    46 1.061485 0.000000 0.000000 -0.004037 -0.029426 0.237782
    47 3.340403 -0.238762 -1.285691 -0.315698 -0.062609 -0.887483
    48 1.550755 0.000000 0.000000 -0.061667 -0.075946 -1.019680
    49 0.904886 0.000001 0.000000 -0.001669 -0.026281 0.159649
    50 1.219410 -1.061498 -0.840143 -1.725617 0.534025 -0.029356
    51 1.496971 0.000002 0.000000 0.141600 0.113297 -0.458891
    52 1.100088 0.000000 0.000000 -0.031342 0.025865 -0.596322
    53 -14.257813 -16.140625 0.573242 2.671053 0.499760 1.557795
    54 0.000000 0.000000 0.000000 -0.077030 -0.068757 -1.299215
    55 7.054213 0.000000 0.000000 0.000000 0.000000 0.000000
    56 0.000000 -0.000007 -0.000031 1.373047 0.113574 0.124314
    57 0.000000 -0.000007 -0.000031 1.373047 0.113574 0.124314
    58 2.856947 -1.536175 -0.973780 -1.501147 -0.272558 -1.578261
    59 0.000000 0.000000 10.000000 0.000000 0.000000 0.000000
    60 2.856899 -1.536201 -0.973800 -1.501147 -0.272558 -1.578261
    61 2.000000 -3.000000 0.000000 -1.570796 0.000000 -1.326450
    62 0.018896 0.665159 9.395880 0.000000 0.000000 0.000000
    63 3.028210 -0.923409 -2.009452 1.574082 -0.012974 1.587244
    64 0.116954 4.311606 0.061861 0.000010 0.000000 0.000000
    65 0.000000 -0.000002 0.000000 0.000000 0.000000 0.000000
    66 0.000000 1.000000 0.000010 0.000000 0.000000 0.000000
    67 -0.000001 0.000000 0.000000 0.000000 0.000000 0.000000
    68 -0.000001 0.000000 0.000000 0.000000 0.000000 0.000000
    69 -0.000001 0.000000 0.000000 0.000000 0.000000 0.000000
time 185
    0 -5.867188 -5.160156 27.640625 1.718161 0.003593 0.759382
    1 3.455587 0.000000 0.000000 -2.037707 -0.774254 -1.550025
    2 16.572346 0.000000 0.000000 0.000000 0.000000 0.760885
    3 16.265829 0.000000 0.000000 -0.614072 0.855705 -1.680192
    4 5.046457 0.000000 0.000000 0.009909 -0.018686 -0.967019
    5 -3.455587 0.000000 0.000000 -1.420070 -0.314110 -1.771251
    6 16.572346 0.000000 0.000000 0.000000 0.000000 0.618586
    7 16.265831 0.000000 0.000000 0.360095 -0.053596 -0.804698
    8 5.046457 0.000000 0.000000 -0.100219 0.014983 -0.442926
    9 0.000000 3.703728 0.293189 1.565557 -0.213906 1.578858
    10 3.307846 0.000000 0.000000 -0.004971 0.010505 -0.122947
    11 3.297962 0.000000 0.000000 -0.009875 0.025056 -0.172227
    12 6.040985 0.000000 0.000000 -0.000288 0.041891 0.250792
    13 5.065758 0.000000 0.000000 2.848179 -0.121682 -0.172603
    14 3.993755 0.000000 0.000000 -0.227505 0.177605 1.050973
    15 3.815876 1.385489 1.500000 -1.814004 -1.083618 0.138614
    16 4.327093 0.000004 0.000000 3.058994 -0.166620 0.946977
    17 11.105114 0.000000 0.000000 0.000000 0.000000 -0.374245
    18 9.862099 -0.000011 -0.000031 0.700925 -0.456633 0.188018
    19 2.641094 0.214619 -1.073586 0.343640 0.190540 -0.806457
    20 1.361605 -0.000002 0.000000 -0.033852 -0.056532 -1.168171
    21 0.779602 0.000002 0.000000 -0.038792 -0.123973 0.252811
    22 2.908712 0.221762 -0.431868 0.315656 0.064476 -0.893331
    23 1.597527 0.000001 0.000000 -0.020331 -0.043837 -1.158634
    24 0.912680 0.000001 0.000000 0.002529 0.008221 0.233624
    25 3.265450 0.050007 0.415744 0.322996 0.091423 -1.049966
    26 1.860470 0.000000 0.000000 -0.051601 -0.064213 -1.194101
    27 1.061481 -0.000001 0.000000 0.004104 0.029474 0.404443
    28 3.340382 -0.242393 1.285012 0.318526 0.062572 -1.131184
    29 1.550753 0.000001 0.000000 0.061672 0.075949 -1.038656
    30 0.904888 0.000001 0.000000 0.001693 0.026264 0.279791
    31 1.219385 -1.063860 0.837143 1.700710 -0.490026 -0.201183
    32 1.496971 -0.000002 -0.000001 -0.211499 -0.093020 -0.524662
    33 1.100086 0.000000 0.000000 0.034391 -0.021604 -0.723527
    34 3.815876 1.385489 -1.500000 1.125236 1.108366 -0.715093
    35 4.327089 -0.000004 0.000000 3.045029 0.010634 0.885745
    36 11.105106 0.000000 0.000004 0.000000 0.000000 -0.630470
    37 9.862080 -0.000007 0.000017 -1.558455 -0.112523 0.346485
    38 2.641111 0.211586 1.074188 -0.340778 -0.190504 -0.713994
    39 1.361601 0.000000 0.000000 0.033791 0.056509 -0.943913
    40 0.779604 0.000001 0.000000 0.038833 0.124038 0.218150
    41 2.908730 0.220541 0.432493 -0.312825 -0.064540 -0.854119
    42 1.597527 0.000000 0.000000 0.020338 0.043857 -0.899809
    43 0.912678 0.000000 0.000000 -0.002548 -0.008289 0.256412
    44 3.265471 0.051184 -0.415600 -0.320176 -0.091421 -0.907618
    45 1.860470 0.000000 0.000000 0.051611 0.064235 -1.000517
    46 1.061485 0.000000 0.000000 -0.004037 -0.029426 0.237782
    47 3.340403 -0.238762 -1.285691 -0.315698 -0.062609 -0.887483
    48 1.550755 0.000000 0.000000 -0.061667 -0.075946 -1.019680
    49 0.904886 0.000001 0.000000 -0.001669 -0.026281 0.159649
    50 1.219410 -1.061498 -0.840143 -1.725617 0.534025 -0.029356
    51 1.496971 0.000002 0.000000 0.141600 0.113297 -0.458891
    52 1.100088 0.000000 0.000000 -0.031342 0.025865 -0.596322
    53 -18.640625 -13.046875 2.716797 2.684741 0.471393 1.585551
    54 0.000000 0.000000 0.000000 -0.077030 -0.068757 -1.299215
    55 7.054213 0.000000 0.000000 0.000000 0.000000 0.000000
    56 0.000000 -0.000007 -0.000031 1.373047 0.113574 0.124314
    57 0.000000 -0.000007 -0.000031 1.373047 0.113574 0.124314
    58 2.856947 -1.536175 -0.973780 -1.501147 -0.272558 -1.578261
    59 0.000000 0.000000 10.000000 0.000000 0.000000 0.000000
    60 2.856899 -1.536201 -0.973800 -1.501147 -0.272558 -1.578261
    61 2.000000 -3.000000 0.000000 -1.570796 0.000000 -1.326450
    62 0.018896 0.665159 9.395880 0.000000 0.000000 0.000000
    63 3.028210 -0.923409 -2.009452 1.574082 -0.012974 1.587244
    64 0.116954 4.311606 0.061861 0.000010 0.000000 0.000000
    65 0.000000 -0.000002 0.000000 0.000000 0.000000 0.000000
    66 0.000000 1.000000 0.000010 0.000000 0.000000 0.000000
    67 -0.000001 0.000000 0.000000 0.000000 0.000000 0.000000
    68 -0.000001 0.000000 0.000000 0.000000 0.000000 0.000000
    69 -0.000001 0.000000 0.000000 0.000000 0.000000 0.000000
time 186
    0 -5.687500 -4.945313 27.734375 1.729864 0.003071 0.743017
    1 3.455587 0.000000 0.000000 -2.058171 -0.775608 -1.544924
    2 16.572346 0.000000 0.000000 0.000000 0.000000 0.730943
    3 16.265829 0.000000 0.000000 -0.606542 0.908374 -1.648983
    4 5.046457 0.000000 0.000000 0.009852 -0.018716 -0.960880
    5 -3.455587 0.000000 0.000000 -1.429732 -0.318874 -1.774766
    6 16.572346 0.000000 0.000000 0.000000 0.000000 0.635284
    7 16.265831 0.000000 0.000000 0.373376 -0.031821 -0.824727
    8 5.046457 0.000000 0.000000 -0.100221 0.015012 -0.433187
    9 0.000000 3.703728 0.293189 1.564351 -0.214487 1.584453
    10 3.307846 0.000000 0.000000 -0.006012 0.013382 -0.122790
    11 3.297962 0.000000 0.000000 -0.010870 0.023407 -0.173095
    12 6.040985 0.000000 0.000000 -0.002111 0.038025 0.249182
    13 5.065758 0.000000 0.000000 2.845168 -0.123800 -0.175930
    14 3.993755 0.000000 0.000000 -0.229398 0.179884 1.057387
    15 3.815876 1.385489 1.500000 -1.812116 -1.087277 0.132615
    16 4.327093 0.000004 0.000000 3.060827 -0.153127 0.939571
    17 11.105114 0.000000 0.000000 0.000000 0.000000 -0.393328
    18 9.862099 -0.000011 -0.000031 0.726922 -0.454288 0.201647
    19 2.641094 0.214619 -1.073586 0.343640 0.190540 -0.806457
    20 1.361605 -0.000002 0.000000 -0.033852 -0.056532 -1.168171
    21 0.779602 0.000002 0.000000 -0.038792 -0.123973 0.252811
    22 2.908712 0.221762 -0.431868 0.315656 0.064476 -0.893331
    23 1.597527 0.000001 0.000000 -0.020331 -0.043837 -1.158634
    24 0.912680 0.000001 0.000000 0.002529 0.008221 0.233624
    25 3.265450 0.050007 0.415744 0.322996 0.091423 -1.049966
    26 1.860470 0.000000 0.000000 -0.051601 -0.064213 -1.194101
    27 1.061481 -0.000001 0.000000 0.004104 0.029474 0.404443
    28 3.340382 -0.242393 1.285012 0.318526 0.062572 -1.131184
    29 1.550753 0.000001 0.000000 0.061672 0.075949 -1.038656
    30 0.904888 0.000001 0.000000 0.001693 0.026264 0.279791
    31 1.219385 -1.063860 0.837143 1.700710 -0.490026 -0.201183
    32 1.496971 -0.000002 -0.000001 -0.211499 -0.093020 -0.524662
    33 1.100086 0.000000 0.000000 0.034391 -0.021604 -0.723527
    34 3.815876 1.385489 -1.500000 1.124156 1.112180 -0.717404
    35 4.327089 -0.000004 0.000000 3.060160 0.004217 0.885661
    36 11.105106 0.000000 0.000004 0.000000 0.000000 -0.634012
    37 9.862080 -0.000007 0.000017 -1.554491 -0.110392 0.344587
    38 2.641111 0.211586 1.074188 -0.340778 -0.190504 -0.713994
    39 1.361601 0.000000 0.000000 0.033791 0.056509 -0.943913
    40 0.779604 0.000001 0.000000 0.038833 0.124038 0.218150
    41 2.908730 0.220541 0.432493 -0.312825 -0.064540 -0.854119
    42 1.597527 0.000000 0.000000 0.020338 0.043857 -0.899809
    43 0.912678 0.000000 0.000000 -0.002548 -0.008289 0.256412
    44 3.265471 0.051184 -0.415600 -0.320176 -0.091421 -0.907618
    45 1.860470 0.000000 0.000000 0.051611 0.064235 -1.000517
    46 1.061485 0.000000 0.000000 -0.004037 -0.029426 0.237782
    47 3.340403 -0.238762 -1.285691 -0.315698 -0.062609 -0.887483
    48 1.550755 0.000000 0.000000 -0.061667 -0.075946 -1.019680
    49 0.904886 0.000001 0.000000 -0.001669 -0.026281 0.159649
    50 1.219410 -1.061498 -0.840143 -1.725617 0.534025 -0.029356
    51 1.496971 0.000002 0.000000 0.141600 0.113297 -0.458891
    52 1.100088 0.000000 0.000000 -0.031342 0.025865 -0.596322
    53 -22.140625 -8.109375 1.709961 2.696648 0.457314 1.608964
    54 0.000000 0.000000 0.000000 -0.077030 -0.068757 -1.299215
    55 7.054213 0.000000 0.000000 0.000000 0.000000 0.000000
    56 0.000000 -0.000007 -0.000031 1.373047 0.113574 0.124314
    57 0.000000 -0.000007 -0.000031 1.373047 0.113574 0.124314
    58 2.856947 -1.536175 -0.973780 -1.501147 -0.272558 -1.578261
    59 0.000000 0.000000 10.000000 0.000000 0.000000 0.000000
    60 2.856899 -1.536201 -0.973800 -1.501147 -0.272558 -1.578261
    61 2.000000 -3.000000 0.000000 -1.570796 0.000000 -1.326450
    62 0.018896 0.665159 9.395880 0.000000 0.000000 0.000000
    63 3.028210 -0.923409 -2.009452 1.574082 -0.012974 1.587244
    64 0.116954 4.311606 0.061861 0.000010 0.000000 0.000000
    65 0.000000 -0.000002 0.000000 0.000000 0.000000 0.000000
    66 0.000000 1.000000 0.000010 0.000000 0.000000 0.000000
    67 -0.000001 0.000000 0.000000 0.000000 0.000000 0.000000
    68 -0.000001 0.000000 0.000000 0.000000 0.000000 0.000000
    69 -0.000001 0.000000 0.000000 0.000000 0.000000 0.000000
time 187
    0 -5.496094 -4.699219 27.781250 1.738540 0.003852 0.722732
    1 3.455587 0.000000 0.000000 -2.042798 -0.780861 -1.549801
    2 16.572346 0.000000 0.000000 0.000000 0.000000 0.698966
    3 16.265829 0.000000 0.000000 -0.571559 0.949760 -1.602304
    4 5.046457 0.000000 0.000000 0.009858 -0.018712 -0.969750
    5 -3.455587 0.000000 0.000000 -1.454530 -0.323343 -1.774625
    6 16.572346 0.000000 0.000000 0.000000 0.000000 0.644560
    7 16.265831 0.000000 0.000000 0.371819 -0.011362 -0.839342
    8 5.046457 0.000000 0.000000 -0.100142 0.014973 -0.419742
    9 0.000000 3.703728 0.293189 1.564563 -0.218737 1.590881
    10 3.307846 0.000000 0.000000 -0.005684 0.016780 -0.120723
    11 3.297962 0.000000 0.000000 -0.010573 0.021779 -0.174641
    12 6.040985 0.000000 0.000000 -0.002714 0.033736 0.245252
    13 5.065758 0.000000 0.000000 2.843159 -0.121597 -0.177997
    14 3.993755 0.000000 0.000000 -0.232463 0.179844 1.057727
    15 3.815876 1.385489 1.500000 -1.791533 -1.087336 0.108559
    16 4.327093 0.000004 0.000000 3.067610 -0.139939 0.927968
    17 11.105114 0.000000 0.000000 0.000000 0.000000 -0.408744
    18 9.862099 -0.000011 -0.000031 0.748722 -0.446831 0.215836
    19 2.641094 0.214619 -1.073586 0.343640 0.190540 -0.806457
    20 1.361605 -0.000002 0.000000 -0.033852 -0.056532 -1.168171
    21 0.779602 0.000002 0.000000 -0.038792 -0.123973 0.252811
    22 2.908712 0.221762 -0.431868 0.315656 0.064476 -0.893331
    23 1.597527 0.000001 0.000000 -0.020331 -0.043837 -1.158634
    24 0.912680 0.000001 0.000000 0.002529 0.008221 0.233624
    25 3.265450 0.050007 0.415744 0.322996 0.091423 -1.049966
    26 1.860470 0.000000 0.000000 -0.051601 -0.064213 -1.194101
    27 1.061481 -0.000001 0.000000 0.004104 0.029474 0.404443
    28 3.340382 -0.242393 1.285012 0.318526 0.062572 -1.131184
    29 1.550753 0.000001 0.000000 0.061672 0.075949 -1.038656
    30 0.904888 0.000001 0.000000 0.001693 0.026264 0.279791
    31 1.219385 -1.063860 0.837143 1.700710 -0.490026 -0.201183
    32 1.496971 -0.000002 -0.000001 -0.211499 -0.093020 -0.524662
    33 1.100086 0.000000 0.000000 0.034391 -0.021604 -0.723527
    34 3.815876 1.385489 -1.500000 1.122230 1.106481 -0.719415
    35 4.327089 -0.000004 0.000000 3.071188 -0.002021 0.884174
    36 11.105106 0.000000 0.000004 0.000000 0.000000 -0.621759
    37 9.862080 -0.000007 0.000017 -1.539239 -0.109200 0.329393
    38 2.641111 0.211586 1.074188 -0.340778 -0.190504 -0.713994
    39 1.361601 0.000000 0.000000 0.033791 0.056509 -0.943913
    40 0.779604 0.000001 0.000000 0.038833 0.124038 0.218150
    41 2.908730 0.220541 0.432493 -0.312825 -0.064540 -0.854119
    42 1.597527 0.000000 0.000000 0.020338 0.043857 -0.899809
    43 0.912678 0.000000 0.000000 -0.002548 -0.008289 0.256412
    44 3.265471 0.051184 -0.415600 -0.320176 -0.091421 -0.907618
    45 1.860470 0.000000 0.000000 0.051611 0.064235 -1.000517
    46 1.061485 0.000000 0.000000 -0.004037 -0.029426 0.237782
    47 3.340403 -0.238762 -1.285691 -0.315698 -0.062609 -0.887483
    48 1.550755 0.000000 0.000000 -0.061667 -0.075946 -1.019680
    49 0.904886 0.000001 0.000000 -0.001669 -0.026281 0.159649
    50 1.219410 -1.061498 -0.840143 -1.725617 0.534025 -0.029356
    51 1.496971 0.000002 0.000000 0.141600 0.113297 -0.458891
    52 1.100088 0.000000 0.000000 -0.031342 0.025865 -0.596322
    53 -20.812500 -6.277344 -3.462891 2.704625 0.457002 1.628149
    54 0.000000 0.000000 0.000000 -0.077030 -0.068757 -1.299215
    55 7.054213 0.000000 0.000000 0.000000 0.000000 0.000000
    56 0.000000 -0.000007 -0.000031 1.373047 0.113574 0.124314
    57 0.000000 -0.000007 -0.000031 1.373047 0.113574 0.124314
    58 2.856947 -1.536175 -0.973780 -1.501147 -0.272558 -1.578261
    59 0.000000 0.000000 10.000000 0.000000 0.000000 0.000000
    60 2.856899 -1.536201 -0.973800 -1.501147 -0.272558 -1.578261
    61 2.000000 -3.000000 0.000000 -1.570796 0.000000 -1.326450
    62 0.018896 0.665159 9.395880 0.000000 0.000000 0.000000
    63 3.028210 -0.923409 -2.009452 1.574082 -0.012974 1.587244
    64 0.116954 4.311606 0.061861 0.000010 0.000000 0.000000
    65 0.000000 -0.000002 0.000000 0.000000 0.000000 0.000000
    66 0.000000 1.000000 0.000010 0.000000 0.000000 0.000000
    67 -0.000001 0.000000 0.000000 0.000000 0.000000 0.000000
    68 -0.000001 0.000000 0.000000 0.000000 0.000000 0.000000
    69 -0.000001 0.000000 0.000000 0.000000 0.000000 0.000000
time 188
    0 -5.277344 -4.468750 27.828125 1.745111 0.005659 0.697089
    1 3.455587 0.000000 0.000000 -2.004971 -0.785922 -1.561699
    2 16.572346 0.000000 0.000000 0.000000 0.000000 0.666809
    3 16.265829 0.000000 0.000000 -0.507466 0.976801 -1.543549
    4 5.046457 0.000000 0.000000 0.009983 -0.018646 -0.991279
    5 -3.455587 0.000000 0.000000 -1.485334 -0.326200 -1.771789
    6 16.572346 0.000000 0.000000 0.000000 0.000000 0.645106
    7 16.265831 0.000000 0.000000 0.358021 0.003652 -0.846838
    8 5.046457 0.000000 0.000000 -0.100157 0.015012 -0.415238
    9 0.000000 3.703728 0.293189 1.565990 -0.221899 1.596235
    10 3.307846 0.000000 0.000000 -0.004365 0.019544 -0.119076
    11 3.297962 0.000000 0.000000 -0.009226 0.020161 -0.175397
    12 6.040985 0.000000 0.000000 -0.002188 0.029140 0.242560
    13 5.065758 0.000000 0.000000 2.843973 -0.114751 -0.171121
    14 3.993755 0.000000 0.000000 -0.234476 0.174832 1.050702
    15 3.815876 1.385489 1.500000 -1.774446 -1.088293 0.088060
    16 4.327093 0.000004 0.000000 3.079708 -0.127751 0.925745
    17 11.105114 0.000000 0.000000 0.000000 0.000000 -0.411742
    18 9.862099 -0.000011 -0.000031 0.770759 -0.432768 0.224616
    19 2.641094 0.214619 -1.073586 0.343640 0.190540 -0.806457
    20 1.361605 -0.000002 0.000000 -0.033852 -0.056532 -1.168171
    21 0.779602 0.000002 0.000000 -0.038792 -0.123973 0.252811
    22 2.908712 0.221762 -0.431868 0.315656 0.064476 -0.893331
    23 1.597527 0.000001 0.000000 -0.020331 -0.043837 -1.158634
    24 0.912680 0.000001 0.000000 0.002529 0.008221 0.233624
    25 3.265450 0.050007 0.415744 0.322996 0.091423 -1.049966
    26 1.860470 0.000000 0.000000 -0.051601 -0.064213 -1.194101
    27 1.061481 -0.000001 0.000000 0.004104 0.029474 0.404443
    28 3.340382 -0.242393 1.285012 0.318526 0.062572 -1.131184
    29 1.550753 0.000001 0.000000 0.061672 0.075949 -1.038656
    30 0.904888 0.000001 0.000000 0.001693 0.026264 0.279791
    31 1.219385 -1.063860 0.837143 1.700710 -0.490026 -0.201183
    32 1.496971 -0.000002 -0.000001 -0.211499 -0.093020 -0.524662
    33 1.100086 0.000000 0.000000 0.034391 -0.021604 -0.723527
    34 3.815876 1.385489 -1.500000 1.129838 1.104083 -0.707116
    35 4.327089 -0.000004 0.000000 3.083560 -0.009103 0.881227
    36 11.105106 0.000000 0.000004 0.000000 0.000000 -0.609802
    37 9.862080 -0.000007 0.000017 -1.530435 -0.105914 0.314851
    38 2.641111 0.211586 1.074188 -0.340778 -0.190504 -0.713994
    39 1.361601 0.000000 0.000000 0.033791 0.056509 -0.943913
    40 0.779604 0.000001 0.000000 0.038833 0.124038 0.218150
    41 2.908730 0.220541 0.432493 -0.312825 -0.064540 -0.854119
    42 1.597527 0.000000 0.000000 0.020338 0.043857 -0.899809
    43 0.912678 0.000000 0.000000 -0.002548 -0.008289 0.256412
    44 3.265471 0.051184 -0.415600 -0.320176 -0.091421 -0.907618
    45 1.860470 0.000000 0.000000 0.051611 0.064235 -1.000517
    46 1.061485 0.000000 0.000000 -0.004037 -0.029426 0.237782
    47 3.340403 -0.238762 -1.285691 -0.315698 -0.062609 -0.887483
    48 1.550755 0.000000 0.000000 -0.061667 -0.075946 -1.019680
    49 0.904886 0.000001 0.000000 -0.001669 -0.026281 0.159649
    50 1.219410 -1.061498 -0.840143 -1.725617 0.534025 -0.029356
    51 1.496971 0.000002 0.000000 0.141600 0.113297 -0.458891
    52 1.100088 0.000000 0.000000 -0.031342 0.025865 -0.596322
    53 -16.812500 -10.585938 -8.210938 2.710949 0.460167 1.640995
    54 0.000000 0.000000 0.000000 -0.077030 -0.068757 -1.299215
    55 7.054213 0.000000 0.000000 0.000000 0.000000 0.000000
    56 0.000000 -0.000007 -0.000031 1.373047 0.113574 0.124314
    57 0.000000 -0.000007 -0.000031 1.373047 0.113574 0.124314
    58 2.856947 -1.536175 -0.973780 -1.501147 -0.272558 -1.578261
    59 0.000000 0.000000 10.000000 0.000000 0.000000 0.000000
    60 2.856899 -1.536201 -0.973800 -1.501147 -0.272558 -1.578261
    61 2.000000 -3.000000 0.000000 -1.570796 0.000000 -1.326450
    62 0.018896 0.665159 9.395880 0.000000 0.000000 0.000000
    63 3.028210 -0.923409 -2.009452 1.574082 -0.012974 1.587244
    64 0.116954 4.311606 0.061861 0.000010 0.000000 0.000000
    65 0.000000 -0.000002 0.000000 0.000000 0.000000 0.000000
    66 0.000000 1.000000 0.000010 0.000000 0.000000 0.000000
    67 -0.000001 0.000000 0.000000 0.000000 0.000000 0.000000
    68 -0.000001 0.000000 0.000000 0.000000 0.000000 0.000000
    69 -0.000001 0.000000 0.000000 0.000000 0.000000 0.000000
time 189
    0 -5.015625 -4.308594 27.843750 1.747962 0.007333 0.664054
    1 3.455587 0.000000 0.000000 -1.964455 -0.781658 -1.575846
    2 16.572346 0.000000 0.000000 0.000000 0.000000 0.632013
    3 16.265829 0.000000 0.000000 -0.448425 0.987060 -1.496917
    4 5.046457 0.000000 0.000000 0.009986 -0.018645 -0.999728
    5 -3.455587 0.000000 0.000000 -1.514860 -0.324737 -1.768083
    6 16.572346 0.000000 0.000000 0.000000 0.000000 0.636102
    7 16.265831 0.000000 0.000000 0.328200 0.004892 -0.850219
    8 5.046457 0.000000 0.000000 -0.100151 0.014984 -0.424958
    9 0.000000 3.703728 0.293189 1.567843 -0.224164 1.598190
    10 3.307846 0.000000 0.000000 -0.002337 0.020530 -0.118020
    11 3.297962 0.000000 0.000000 -0.007013 0.019574 -0.175892
    12 6.040985 0.000000 0.000000 -0.000466 0.027014 0.241190
    13 5.065758 0.000000 0.000000 2.845585 -0.108512 -0.158315
    14 3.993755 0.000000 0.000000 -0.234848 0.167637 1.038028
    15 3.815876 1.385489 1.500000 -1.764334 -1.095979 0.075103
    16 4.327093 0.000004 0.000000 3.099350 -0.116808 0.936048
    17 11.105114 0.000000 0.000000 0.000000 0.000000 -0.400989
    18 9.862099 -0.000011 -0.000031 0.792372 -0.412723 0.227247
    19 2.641094 0.214619 -1.073586 0.343640 0.190540 -0.806457
    20 1.361605 -0.000002 0.000000 -0.033852 -0.056532 -1.168171
    21 0.779602 0.000002 0.000000 -0.038792 -0.123973 0.252811
    22 2.908712 0.221762 -0.431868 0.315656 0.064476 -0.893331
    23 1.597527 0.000001 0.000000 -0.020331 -0.043837 -1.158634
    24 0.912680 0.000001 0.000000 0.002529 0.008221 0.233624
    25 3.265450 0.050007 0.415744 0.322996 0.091423 -1.049966
    26 1.860470 0.000000 0.000000 -0.051601 -0.064213 -1.194101
    27 1.061481 -0.000001 0.000000 0.004104 0.029474 0.404443
    28 3.340382 -0.242393 1.285012 0.318526 0.062572 -1.131184
    29 1.550753 0.000001 0.000000 0.061672 0.075949 -1.038656
    30 0.904888 0.000001 0.000000 0.001693 0.026264 0.279791
    31 1.219385 -1.063860 0.837143 1.700710 -0.490026 -0.201183
    32 1.496971 -0.000002 -0.000001 -0.211499 -0.093020 -0.524662
    33 1.100086 0.000000 0.000000 0.034391 -0.021604 -0.723527
    34 3.815876 1.385489 -1.500000 1.146894 1.100367 -0.681469
    35 4.327089 -0.000004 0.000000 3.086225 -0.018885 0.875949
    36 11.105106 0.000000 0.000004 0.000000 0.000000 -0.594525
    37 9.862080 -0.000007 0.000017 -1.512546 -0.104424 0.294325
    38 2.641111 0.211586 1.074188 -0.340778 -0.190504 -0.713994
    39 1.361601 0.000000 0.000000 0.033791 0.056509 -0.943913
    40 0.779604 0.000001 0.000000 0.038833 0.124038 0.218150
    41 2.908730 0.220541 0.432493 -0.312825 -0.064540 -0.854119
    42 1.597527 0.000000 0.000000 0.020338 0.043857 -0.899809
    43 0.912678 0.000000 0.000000 -0.002548 -0.008289 0.256412
    44 3.265471 0.051184 -0.415600 -0.320176 -0.091421 -0.907618
    45 1.860470 0.000000 0.000000 0.051611 0.064235 -1.000517
    46 1.061485 0.000000 0.000000 -0.004037 -0.029426 0.237782
    47 3.340403 -0.238762 -1.285691 -0.315698 -0.062609 -0.887483
    48 1.550755 0.000000 0.000000 -0.061667 -0.075946 -1.019680
    49 0.904886 0.000001 0.000000 -0.001669 -0.026281 0.159649
    50 1.219410 -1.061498 -0.840143 -1.725617 0.534025 -0.029356
    51 1.496971 0.000002 0.000000 0.141600 0.113297 -0.458891
    52 1.100088 0.000000 0.000000 -0.031342 0.025865 -0.596322
    53 -17.406250 -16.312500 -4.687500 2.717441 0.465359 1.647221
    54 0.000000 0.000000 0.000000 -0.077030 -0.068757 -1.299215
    55 7.054213 0.000000 0.000000 0.000000 0.000000 0.000000
    56 0.000000 -0.000007 -0.000031 1.373047 0.113574 0.124314
    57 0.000000 -0.000007 -0.000031 1.373047 0.113574 0.124314
    58 2.856947 -1.536175 -0.973780 -1.501147 -0.272558 -1.578261
    59 0.000000 0.000000 10.000000 0.000000 0.000000 0.000000
    60 2.856899 -1.536201 -0.973800 -1.501147 -0.272558 -1.578261
    61 2.000000 -3.000000 0.000000 -1.570796 0.000000 -1.326450
    62 0.018896 0.665159 9.395880 0.000000 0.000000 0.000000
    63 3.028210 -0.923409 -2.009452 1.574082 -0.012974 1.587244
    64 0.116954 4.311606 0.061861 0.000010 0.000000 0.000000
    65 0.000000 -0.000002 0.000000 0.000000 0.000000 0.000000
    66 0.000000 1.000000 0.000010 0.000000 0.000000 0.000000
    67 -0.000001 0.000000 0.000000 0.000000 0.000000 0.000000
    68 -0.000001 0.000000 0.000000 0.000000 0.000000 0.000000
    69 -0.000001 0.000000 0.000000 0.000000 0.000000 0.000000
time 190
    0 -4.714844 -4.222656 27.812500 1.747770 0.009411 0.622022
    1 3.455587 0.000000 0.000000 -1.929690 -0.766291 -1.587718
    2 16.572346 0.000000 0.000000 0.000000 0.000000 0.593171
    3 16.265829 0.000000 0.000000 -0.382481 0.982283 -1.452207
    4 5.046457 0.000000 0.000000 0.009941 -0.018671 -1.002975
    5 -3.455587 0.000000 0.000000 -1.540930 -0.322533 -1.763400
    6 16.572346 0.000000 0.000000 0.000000 0.000000 0.623028
    7 16.265831 0.000000 0.000000 0.292441 -0.004634 -0.850521
    8 5.046457 0.000000 0.000000 -0.100167 0.015035 -0.434780
    9 0.000000 3.703728 0.293189 1.571118 -0.224989 1.597561
    10 3.307846 0.000000 0.000000 0.000710 0.020277 -0.117470
    11 3.297962 0.000000 0.000000 -0.003867 0.019332 -0.175426
    12 6.040985 0.000000 0.000000 0.002464 0.025355 0.241225
    13 5.065758 0.000000 0.000000 2.846041 -0.103932 -0.145228
    14 3.993755 0.000000 0.000000 -0.235304 0.159471 1.023692
    15 3.815876 1.385489 1.500000 -1.752974 -1.099760 0.062179
    16 4.327093 0.000004 0.000000 3.115764 -0.106400 0.944018
    17 11.105114 0.000000 0.000000 0.000000 0.000000 -0.386905
    18 9.862099 -0.000011 -0.000031 0.816617 -0.389329 0.223715
    19 2.641094 0.214619 -1.073586 0.343640 0.190540 -0.806457
    20 1.361605 -0.000002 0.000000 -0.033852 -0.056532 -1.168171
    21 0.779602 0.000002 0.000000 -0.038792 -0.123973 0.252811
    22 2.908712 0.221762 -0.431868 0.315656 0.064476 -0.893331
    23 1.597527 0.000001 0.000000 -0.020331 -0.043837 -1.158634
    24 0.912680 0.000001 0.000000 0.002529 0.008221 0.233624
    25 3.265450 0.050007 0.415744 0.322996 0.091423 -1.049966
    26 1.860470 0.000000 0.000000 -0.051601 -0.064213 -1.194101
    27 1.061481 -0.000001 0.000000 0.004104 0.029474 0.404443
    28 3.340382 -0.242393 1.285012 0.318526 0.062572 -1.131184
    29 1.550753 0.000001 0.000000 0.061672 0.075949 -1.038656
    30 0.904888 0.000001 0.000000 0.001693 0.026264 0.279791
    31 1.219385 -1.063860 0.837143 1.700710 -0.490026 -0.201183
    32 1.496971 -0.000002 -0.000001 -0.211499 -0.093020 -0.524662
    33 1.100086 0.000000 0.000000 0.034391 -0.021604 -0.723527
    34 3.815876 1.385489 -1.500000 1.158450 1.093105 -0.659979
    35 4.327089 -0.000004 0.000000 3.086630 -0.024073 0.865442
    36 11.105106 0.000000 0.000004 0.000000 0.000000 -0.583249
    37 9.862080 -0.000007 0.000017 -1.489300 -0.101496 0.272746
    38 2.641111 0.211586 1.074188 -0.340778 -0.190504 -0.713994
    39 1.361601 0.000000 0.000000 0.033791 0.056509 -0.943913
    40 0.779604 0.000001 0.000000 0.038833 0.124038 0.218150
    41 2.908730 0.220541 0.432493 -0.312825 -0.064540 -0.854119
    42 1.597527 0.000000 0.000000 0.020338 0.043857 -0.899809
    43 0.912678 0.000000 0.000000 -0.002548 -0.008289 0.256412
    44 3.265471 0.051184 -0.415600 -0.320176 -0.091421 -0.907618
    45 1.860470 0.000000 0.000000 0.051611 0.064235 -1.000517
    46 1.061485 0.000000 0.000000 -0.004037 -0.029426 0.237782
    47 3.340403 -0.238762 -1.285691 -0.315698 -0.062609 -0.887483
    48 1.550755 0.000000 0.000000 -0.061667 -0.075946 -1.019680
    49 0.904886 0.000001 0.000000 -0.001669 -0.026281 0.159649
    50 1.219410 -1.061498 -0.840143 -1.725617 0.534025 -0.029356
    51 1.496971 0.000002 0.000000 0.141600 0.113297 -0.458891
    52 1.100088 0.000000 0.000000 -0.031342 0.025865 -0.596322
    53 -18.906250 -14.234375 2.806641 2.727349 0.463267 1.652772
    54 0.000000 0.000000 0.000000 -0.077030 -0.068757 -1.299215
    55 7.054213 0.000000 0.000000 0.000000 0.000000 0.000000
    56 0.000000 -0.000007 -0.000031 1.373047 0.113574 0.124314
    57 0.000000 -0.000007 -0.000031 1.373047 0.113574 0.124314
    58 2.856947 -1.536175 -0.973780 -1.501147 -0.272558 -1.578261
    59 0.000000 0.000000 10.000000 0.000000 0.000000 0.000000
    60 2.856899 -1.536201 -0.973800 -1.501147 -0.272558 -1.578261
    61 2.000000 -3.000000 0.000000 -1.570796 0.000000 -1.326450
    62 0.018896 0.665159 9.395880 0.000000 0.000000 0.000000
    63 3.028210 -0.923409 -2.009452 1.574082 -0.012974 1.587244
    64 0.116954 4.311606 0.061861 0.000010 0.000000 0.000000
    65 0.000000 -0.000002 0.000000 0.000000 0.000000 0.000000
    66 0.000000 1.000000 0.000010 0.000000 0.000000 0.000000
    67 -0.000001 0.000000 0.000000 0.000000 0.000000 0.000000
    68 -0.000001 0.000000 0.000000 0.000000 0.000000 0.000000
    69 -0.000001 0.000000 0.000000 0.000000 0.000000 0.000000
time 191
    0 -4.375000 -4.183594 27.718750 1.745347 0.011277 0.569765
    1 3.455587 0.000000 0.000000 -1.906878 -0.740876 -1.594173
    2 16.572346 0.000000 0.000000 0.000000 0.000000 0.551687
    3 16.265829 0.000000 0.000000 -0.306275 0.962387 -1.398010
    4 5.046457 0.000000 0.000000 0.009968 -0.018655 -0.997761
    5 -3.455587 0.000000 0.000000 -1.554160 -0.322684 -1.761032
    6 16.572346 0.000000 0.000000 0.000000 0.000000 0.607359
    7 16.265831 0.000000 0.000000 0.259520 -0.024303 -0.844421
    8 5.046457 0.000000 0.000000 -0.100151 0.014988 -0.424870
    9 0.000000 3.703728 0.293189 1.574533 -0.226291 1.595224
    10 3.307846 0.000000 0.000000 0.004168 0.018923 -0.116918
    11 3.297962 0.000000 0.000000 -0.000201 0.019048 -0.175303
    12 6.040985 0.000000 0.000000 0.005864 0.024074 0.240394
    13 5.065758 0.000000 0.000000 2.845611 -0.101709 -0.133876
    14 3.993755 0.000000 0.000000 -0.235229 0.151523 1.010344
    15 3.815876 1.385489 1.500000 -1.739430 -1.094533 0.047739
    16 4.327093 0.000004 0.000000 3.134882 -0.095938 0.938254
    17 11.105114 0.000000 0.000000 0.000000 0.000000 -0.378903
    18 9.862099 -0.000011 -0.000031 0.843325 -0.364151 0.217677
    19 2.641094 0.214619 -1.073586 0.343640 0.190540 -0.806457
    20 1.361605 -0.000002 0.000000 -0.033852 -0.056532 -1.168171
    21 0.779602 0.000002 0.000000 -0.038792 -0.123973 0.252811
    22 2.908712 0.221762 -0.431868 0.315656 0.064476 -0.893331
    23 1.597527 0.000001 0.000000 -0.020331 -0.043837 -1.158634
    24 0.912680 0.000001 0.000000 0.002529 0.008221 0.233624
    25 3.265450 0.050007 0.415744 0.322996 0.091423 -1.049966
    26 1.860470 0.000000 0.000000 -0.051601 -0.064213 -1.194101
    27 1.061481 -0.000001 0.000000 0.004104 0.029474 0.404443
    28 3.340382 -0.242393 1.285012 0.318526 0.062572 -1.131184
    29 1.550753 0.000001 0.000000 0.061672 0.075949 -1.038656
    30 0.904888 0.000001 0.000000 0.001693 0.026264 0.279791
    31 1.219385 -1.063860 0.837143 1.700710 -0.490026 -0.201183
    32 1.496971 -0.000002 -0.000001 -0.211499 -0.093020 -0.524662
    33 1.100086 0.000000 0.000000 0.034391 -0.021604 -0.723527
    34 3.815876 1.385489 -1.500000 1.155300 1.079172 -0.651821
    35 4.327089 -0.000004 0.000000 3.095468 -0.017838 0.852618
    36 11.105106 0.000000 0.000004 0.000000 0.000000 -0.566506
    37 9.862080 -0.000007 0.000017 -1.463216 -0.094912 0.245415
    38 2.641111 0.211586 1.074188 -0.340778 -0.190504 -0.713994
    39 1.361601 0.000000 0.000000 0.033791 0.056509 -0.943913
    40 0.779604 0.000001 0.000000 0.038833 0.124038 0.218150
    41 2.908730 0.220541 0.432493 -0.312825 -0.064540 -0.854119
    42 1.597527 0.000000 0.000000 0.020338 0.043857 -0.899809
    43 0.912678 0.000000 0.000000 -0.002548 -0.008289 0.256412
    44 3.265471 0.051184 -0.415600 -0.320176 -0.091421 -0.907618
    45 1.860470 0.000000 0.000000 0.051611 0.064235 -1.000517
    46 1.061485 0.000000 0.000000 -0.004037 -0.029426 0.237782
    47 3.340403 -0.238762 -1.285691 -0.315698 -0.062609 -0.887483
    48 1.550755 0.000000 0.000000 -0.061667 -0.075946 -1.019680
    49 0.904886 0.000001 0.000000 -0.001669 -0.026281 0.159649
    50 1.219410 -1.061498 -0.840143 -1.725617 0.534025 -0.029356
    51 1.496971 0.000002 0.000000 0.141600 0.113297 -0.458891
    52 1.100088 0.000000 0.000000 -0.031342 0.025865 -0.596322
    53 -19.156250 -5.500000 5.917969 2.741365 0.455112 1.662089
    54 0.000000 0.000000 0.000000 -0.077030 -0.068757 -1.299215
    55 7.054213 0.000000 0.000000 0.000000 0.000000 0.000000
    56 0.000000 -0.000007 -0.000031 1.373047 0.113574 0.124314
    57 0.000000 -0.000007 -0.000031 1.373047 0.113574 0.124314
    58 2.856947 -1.536175 -0.973780 -1.501147 -0.272558 -1.578261
    59 0.000000 0.000000 10.000000 0.000000 0.000000 0.000000
    60 2.856899 -1.536201 -0.973800 -1.501147 -0.272558 -1.578261
    61 2.000000 -3.000000 0.000000 -1.570796 0.000000 -1.326450
    62 0.018896 0.665159 9.395880 0.000000 0.000000 0.000000
    63 3.028210 -0.923409 -2.009452 1.574082 -0.012974 1.587244
    64 0.116954 4.311606 0.061861 0.000010 0.000000 0.000000
    65 0.000000 -0.000002 0.000000 0.000000 0.000000 0.000000
    66 0.000000 1.000000 0.000010 0.000000 0.000000 0.000000
    67 -0.000001 0.000000 0.000000 0.000000 0.000000 0.000000
    68 -0.000001 0.000000 0.000000 0.000000 0.000000 0.000000
    69 -0.000001 0.000000 0.000000 0.000000 0.000000 0.000000
time 192
    0 -4.015625 -4.203125 27.562500 1.738108 0.014870 0.503169
    1 3.455587 0.000000 0.000000 -1.900408 -0.700431 -1.586547
    2 16.572346 0.000000 0.000000 0.000000 0.000000 0.501617
    3 16.265829 0.000000 0.000000 -0.244079 0.913543 -1.307730
    4 5.046457 0.000000 0.000000 0.009894 -0.018694 -0.973557
    5 -3.455587 0.000000 0.000000 -1.547277 -0.325471 -1.762235
    6 16.572346 0.000000 0.000000 0.000000 0.000000 0.593261
    7 16.265831 0.000000 0.000000 0.229529 -0.060921 -0.835941
    8 5.046457 0.000000 0.000000 -0.100187 0.015017 -0.416829
    9 0.000000 3.703728 0.293189 1.579897 -0.230885 1.587785
    10 3.307846 0.000000 0.000000 0.009240 0.015232 -0.114984
    11 3.297962 0.000000 0.000000 0.004721 0.021045 -0.176814
    12 6.040985 0.000000 0.000000 0.011449 0.027681 0.235621
    13 5.065758 0.000000 0.000000 2.844884 -0.100000 -0.120603
    14 3.993755 0.000000 0.000000 -0.234509 0.144441 0.996217
    15 3.815876 1.385489 1.500000 -1.740383 -1.073461 0.040392
    16 4.327093 0.000004 0.000000 -3.116921 -0.091693 0.905118
    17 11.105114 0.000000 0.000000 0.000000 0.000000 -0.386201
    18 9.862099 -0.000011 -0.000031 0.873455 -0.339455 0.213058
    19 2.641094 0.214619 -1.073586 0.343640 0.190540 -0.806457
    20 1.361605 -0.000002 0.000000 -0.033852 -0.056532 -1.168171
    21 0.779602 0.000002 0.000000 -0.038792 -0.123973 0.252811
    22 2.908712 0.221762 -0.431868 0.315656 0.064476 -0.893331
    23 1.597527 0.000001 0.000000 -0.020331 -0.043837 -1.158634
    24 0.912680 0.000001 0.000000 0.002529 0.008221 0.233624
    25 3.265450 0.050007 0.415744 0.322996 0.091423 -1.049966
    26 1.860470 0.000000 0.000000 -0.051601 -0.064213 -1.194101
    27 1.061481 -0.000001 0.000000 0.004104 0.029474 0.404443
    28 3.340382 -0.242393 1.285012 0.318526 0.062572 -1.131184
    29 1.550753 0.000001 0.000000 0.061672 0.075949 -1.038656
    30 0.904888 0.000001 0.000000 0.001693 0.026264 0.279791
    31 1.219385 -1.063860 0.837143 1.700710 -0.490026 -0.201183
    32 1.496971 -0.000002 -0.000001 -0.211499 -0.093020 -0.524662
    33 1.100086 0.000000 0.000000 0.034391 -0.021604 -0.723527
    34 3.815876 1.385489 -1.500000 1.129983 1.050441 -0.662562
    35 4.327089 -0.000004 0.000000 3.117576 0.005871 0.830459
    36 11.105106 0.000000 0.000004 0.000000 0.000000 -0.549623
    37 9.862080 -0.000007 0.000017 -1.431578 -0.082978 0.214640
    38 2.641111 0.211586 1.074188 -0.340778 -0.190504 -0.713994
    39 1.361601 0.000000 0.000000 0.033791 0.056509 -0.943913
    40 0.779604 0.000001 0.000000 0.038833 0.124038 0.218150
    41 2.908730 0.220541 0.432493 -0.312825 -0.064540 -0.854119
    42 1.597527 0.000000 0.000000 0.020338 0.043857 -0.899809
    43 0.912678 0.000000 0.000000 -0.002548 -0.008289 0.256412
    44 3.265471 0.051184 -0.415600 -0.320176 -0.091421 -0.907618
    45 1.860470 0.000000 0.000000 0.051611 0.064235 -1.000517
    46 1.061485 0.000000 0.000000 -0.004037 -0.029426 0.237782
    47 3.340403 -0.238762 -1.285691 -0.315698 -0.062609 -0.887483
    48 1.550755 0.000000 0.000000 -0.061667 -0.075946 -1.019680
    49 0.904886 0.000001 0.000000 -0.001669 -0.026281 0.159649
    50 1.219410 -1.061498 -0.840143 -1.725617 0.534025 -0.029356
    51 1.496971 0.000002 0.000000 0.141600 0.113297 -0.458891
    52 1.100088 0.000000 0.000000 -0.031342 0.025865 -0.596322
    53 -19.890625 -3.060547 0.009613 2.759158 0.440209 1.679394
    54 0.000000 0.000000 0.000000 -0.077030 -0.068757 -1.299215
    55 7.054213 0.000000 0.000000 0.000000 0.000000 0.000000
    56 0.000000 -0.000007 -0.000031 1.373047 0.113574 0.124314
    57 0.000000 -0.000007 -0.000031 1.373047 0.113574 0.124314
    58 2.856947 -1.536175 -0.973780 -1.501147 -0.272558 -1.578261
    59 0.000000 0.000000 10.000000 0.000000 0.000000 0.000000
    60 2.856899 -1.536201 -0.973800 -1.501147 -0.272558 -1.578261
    61 2.000000 -3.000000 0.000000 -1.570796 0.000000 -1.326450
    62 0.018896 0.665159 9.395880 0.000000 0.000000 0.000000
    63 3.028210 -0.923409 -2.009452 1.574082 -0.012974 1.587244
    64 0.116954 4.311606 0.061861 0.000010 0.000000 0.000000
    65 0.000000 -0.000002 0.000000 0.000000 0.000000 0.000000
    66 0.000000 1.000000 0.000010 0.000000 0.000000 0.000000
    67 -0.000001 0.000000 0.000000 0.000000 0.000000 0.000000
    68 -0.000001 0.000000 0.000000 0.000000 0.000000 0.000000
    69 -0.000001 0.000000 0.000000 0.000000 0.000000 0.000000
time 193
    0 -3.642578 -4.312500 27.328125 1.724811 0.022216 0.416638
    1 3.455587 0.000000 0.000000 -1.903709 -0.640088 -1.565503
    2 16.572346 0.000000 0.000000 0.000000 0.000000 0.435229
    3 16.265829 0.000000 0.000000 -0.146176 0.797035 -1.100628
    4 5.046457 0.000000 0.000000 0.009892 -0.018648 -0.844494
    5 -3.455587 0.000000 0.000000 -1.535588 -0.331511 -1.759192
    6 16.572346 0.000000 0.000000 0.000000 0.000000 0.582708
    7 16.265831 0.000000 0.000000 0.207056 -0.098271 -0.822024
    8 5.046457 0.000000 0.000000 -0.100189 0.015004 -0.417094
    9 0.000000 3.703728 0.293189 1.587259 -0.234831 1.573927
    10 3.307846 0.000000 0.000000 0.015660 0.009013 -0.112908
    11 3.297962 0.000000 0.000000 0.010052 0.028532 -0.175863
    12 6.040985 0.000000 0.000000 0.019693 0.042452 0.234441
    13 5.065758 0.000000 0.000000 2.843797 -0.105105 -0.107720
    14 3.993755 0.000000 0.000000 -0.232447 0.139581 0.981008
    15 3.815876 1.385489 1.500000 -1.754621 -1.053787 0.036662
    16 4.327093 0.000004 0.000000 -3.083376 -0.091444 0.864390
    17 11.105114 0.000000 0.000000 0.000000 0.000000 -0.389456
    18 9.862099 -0.000011 -0.000031 0.911662 -0.311842 0.201633
    19 2.641094 0.214619 -1.073586 0.343640 0.190540 -0.806457
    20 1.361605 -0.000002 0.000000 -0.033852 -0.056532 -1.168171
    21 0.779602 0.000002 0.000000 -0.038792 -0.123973 0.252811
    22 2.908712 0.221762 -0.431868 0.315656 0.064476 -0.893331
    23 1.597527 0.000001 0.000000 -0.020331 -0.043837 -1.158634
    24 0.912680 0.000001 0.000000 0.002529 0.008221 0.233624
    25 3.265450 0.050007 0.415744 0.322996 0.091423 -1.049966
    26 1.860470 0.000000 0.000000 -0.051601 -0.064213 -1.194101
    27 1.061481 -0.000001 0.000000 0.004104 0.029474 0.404443
    28 3.340382 -0.242393 1.285012 0.318526 0.062572 -1.131184
    29 1.550753 0.000001 0.000000 0.061672 0.075949 -1.038656
    30 0.904888 0.000001 0.000000 0.001693 0.026264 0.279791
    31 1.219385 -1.063860 0.837143 1.700710 -0.490026 -0.201183
    32 1.496971 -0.000002 -0.000001 -0.211499 -0.093020 -0.524662
    33 1.100086 0.000000 0.000000 0.034391 -0.021604 -0.723527
    34 3.815876 1.385489 -1.500000 1.121687 1.005485 -0.658611
    35 4.327089 -0.000004 0.000000 -3.132263 0.040222 0.804678
    36 11.105106 0.000000 0.000004 0.000000 0.000000 -0.518299
    37 9.862080 -0.000007 0.000017 -1.400793 -0.068804 0.174045
    38 2.641111 0.211586 1.074188 -0.340778 -0.190504 -0.713994
    39 1.361601 0.000000 0.000000 0.033791 0.056509 -0.943913
    40 0.779604 0.000001 0.000000 0.038833 0.124038 0.218150
    41 2.908730 0.220541 0.432493 -0.312825 -0.064540 -0.854119
    42 1.597527 0.000000 0.000000 0.020338 0.043857 -0.899809
    43 0.912678 0.000000 0.000000 -0.002548 -0.008289 0.256412
    44 3.265471 0.051184 -0.415600 -0.320176 -0.091421 -0.907618
    45 1.860470 0.000000 0.000000 0.051611 0.064235 -1.000517
    46 1.061485 0.000000 0.000000 -0.004037 -0.029426 0.237782
    47 3.340403 -0.238762 -1.285691 -0.315698 -0.062609 -0.887483
    48 1.550755 0.000000 0.000000 -0.061667 -0.075946 -1.019680
    49 0.904886 0.000001 0.000000 -0.001669 -0.026281 0.159649
    50 1.219410 -1.061498 -0.840143 -1.725617 0.534025 -0.029356
    51 1.496971 0.000002 0.000000 0.141600 0.113297 -0.458891
    52 1.100088 0.000000 0.000000 -0.031342 0.025865 -0.596322
    53 -19.921875 -6.648438 -5.945313 2.783422 0.405288 1.694809
    54 0.000000 0.000000 0.000000 -0.077030 -0.068757 -1.299215
    55 7.054213 0.000000 0.000000 0.000000 0.000000 0.000000
    56 0.000000 -0.000007 -0.000031 1.373047 0.113574 0.124314
    57 0.000000 -0.000007 -0.000031 1.373047 0.113574 0.124314
    58 2.856947 -1.536175 -0.973780 -1.501147 -0.272558 -1.578261
    59 0.000000 0.000000 10.000000 0.000000 0.000000 0.000000
    60 2.856899 -1.536201 -0.973800 -1.501147 -0.272558 -1.578261
    61 2.000000 -3.000000 0.000000 -1.570796 0.000000 -1.326450
    62 0.018896 0.665159 9.395880 0.000000 0.000000 0.000000
    63 3.028210 -0.923409 -2.009452 1.574082 -0.012974 1.587244
    64 0.116954 4.311606 0.061861 0.000010 0.000000 0.000000
    65 0.000000 -0.000002 0.000000 0.000000 0.000000 0.000000
    66 0.000000 1.000000 0.000010 0.000000 0.000000 0.000000
    67 -0.000001 0.000000 0.000000 0.000000 0.000000 0.000000
    68 -0.000001 0.000000 0.000000 0.000000 0.000000 0.000000
    69 -0.000001 0.000000 0.000000 0.000000 0.000000 0.000000
time 194
    0 -3.160156 -4.558594 27.000000 1.707291 0.033219 0.307492
    1 3.455587 0.000000 0.000000 -1.921143 -0.555971 -1.534983
    2 16.572346 0.000000 0.000000 0.000000 0.000000 0.346780
    3 16.265829 0.000000 0.000000 -0.040993 0.587391 -0.790992
    4 5.046457 0.000000 0.000000 0.009910 -0.018713 -0.646420
    5 -3.455587 0.000000 0.000000 -1.517074 -0.338255 -1.753118
    6 16.572346 0.000000 0.000000 0.000000 0.000000 0.571632
    7 16.265831 0.000000 0.000000 0.195878 -0.132183 -0.809667
    8 5.046457 0.000000 0.000000 -0.100183 0.014984 -0.412058
    9 0.000000 3.703728 0.293189 1.584696 -0.236182 1.579511
    10 3.307846 0.000000 0.000000 0.013474 0.009490 -0.112309
    11 3.297962 0.000000 0.000000 0.009527 0.019979 -0.173562
    12 6.040985 0.000000 0.000000 0.016149 0.028335 0.236653
    13 5.065758 0.000000 0.000000 2.864254 -0.101047 -0.093544
    14 3.993755 0.000000 0.000000 -0.212127 0.116826 0.964504
    15 3.815876 1.385489 1.500000 -1.667401 -1.024169 -0.061226
    16 4.327093 0.000004 0.000000 -3.058071 -0.099890 0.827114
    17 11.105114 0.000000 0.000000 0.000000 0.000000 -0.384266
    18 9.862099 -0.000011 -0.000031 0.955691 -0.277008 0.180264
    19 2.641094 0.214619 -1.073586 0.343640 0.190540 -0.806457
    20 1.361605 -0.000002 0.000000 -0.033852 -0.056532 -1.168171
    21 0.779602 0.000002 0.000000 -0.038792 -0.123973 0.252811
    22 2.908712 0.221762 -0.431868 0.315656 0.064476 -0.893331
    23 1.597527 0.000001 0.000000 -0.020331 -0.043837 -1.158634
    24 0.912680 0.000001 0.000000 0.002529 0.008221 0.233624
    25 3.265450 0.050007 0.415744 0.322996 0.091423 -1.049966
    26 1.860470 0.000000 0.000000 -0.051601 -0.064213 -1.194101
    27 1.061481 -0.000001 0.000000 0.004104 0.029474 0.404443
    28 3.340382 -0.242393 1.285012 0.318526 0.062572 -1.131184
    29 1.550753 0.000001 0.000000 0.061672 0.075949 -1.038656
    30 0.904888 0.000001 0.000000 0.001693 0.026264 0.279791
    31 1.219385 -1.063860 0.837143 1.700710 -0.490026 -0.201183
    32 1.496971 -0.000002 -0.000001 -0.211499 -0.093020 -0.524662
    33 1.100086 0.000000 0.000000 0.034391 -0.021604 -0.723527
    34 3.815876 1.385489 -1.500000 1.188439 0.996989 -0.580308
    35 4.327089 -0.000004 0.000000 -3.131073 0.066486 0.774450
    36 11.105106 0.000000 0.000004 0.000000 0.000000 -0.485593
    37 9.862080 -0.000007 0.000017 -1.350073 -0.047961 0.134866
    38 2.641111 0.211586 1.074188 -0.340778 -0.190504 -0.713994
    39 1.361601 0.000000 0.000000 0.033791 0.056509 -0.943913
    40 0.779604 0.000001 0.000000 0.038833 0.124038 0.218150
    41 2.908730 0.220541 0.432493 -0.312825 -0.064540 -0.854119
    42 1.597527 0.000000 0.000000 0.020338 0.043857 -0.899809
    43 0.912678 0.000000 0.000000 -0.002548 -0.008289 0.256412
    44 3.265471 0.051184 -0.415600 -0.320176 -0.091421 -0.907618
    45 1.860470 0.000000 0.000000 0.051611 0.064235 -1.000517
    46 1.061485 0.000000 0.000000 -0.004037 -0.029426 0.237782
    47 3.340403 -0.238762 -1.285691 -0.315698 -0.062609 -0.887483
    48 1.550755 0.000000 0.000000 -0.061667 -0.075946 -1.019680
    49 0.904886 0.000001 0.000000 -0.001669 -0.026281 0.159649
    50 1.219410 -1.061498 -0.840143 -1.725617 0.534025 -0.029356
    51 1.496971 0.000002 0.000000 0.141600 0.113297 -0.458891
    52 1.100088 0.000000 0.000000 -0.031342 0.025865 -0.596322
    53 -18.750000 -12.070313 -4.742188 2.814978 0.354970 1.701201
    54 0.000000 0.000000 0.000000 -0.077030 -0.068757 -1.299215
    55 7.054213 0.000000 0.000000 0.000000 0.000000 0.000000
    56 0.000000 -0.000007 -0.000031 1.373047 0.113574 0.124314
    57 0.000000 -0.000007 -0.000031 1.373047 0.113574 0.124314
    58 2.856947 -1.536175 -0.973780 -1.501147 -0.272558 -1.578261
    59 0.000000 0.000000 10.000000 0.000000 0.000000 0.000000
    60 2.856899 -1.536201 -0.973800 -1.501147 -0.272558 -1.578261
    61 2.000000 -3.000000 0.000000 -1.570796 0.000000 -1.326450
    62 0.018896 0.665159 9.395880 0.000000 0.000000 0.000000
    63 3.028210 -0.923409 -2.009452 1.574082 -0.012974 1.587244
    64 0.116954 4.311606 0.061861 0.000010 0.000000 0.000000
    65 0.000000 -0.000002 0.000000 0.000000 0.000000 0.000000
    66 0.000000 1.000000 0.000010 0.000000 0.000000 0.000000
    67 -0.000001 0.000000 0.000000 0.000000 0.000000 0.000000
    68 -0.000001 0.000000 0.000000 0.000000 0.000000 0.000000
    69 -0.000001 0.000000 0.000000 0.000000 0.000000 0.000000
time 195
    0 -2.623047 -4.964844 26.593750 1.688617 0.049700 0.189540
    1 3.455587 0.000000 0.000000 -1.920040 -0.465185 -1.497854
    2 16.572346 0.000000 0.000000 0.000000 0.000000 0.273207
    3 16.265829 0.000000 0.000000 -0.002295 0.358329 -0.565610
    4 5.046457 0.000000 0.000000 0.009889 -0.018693 -0.495146
    5 -3.455587 0.000000 0.000000 -1.498245 -0.344205 -1.737809
    6 16.572346 0.000000 0.000000 0.000000 0.000000 0.561473
    7 16.265831 0.000000 0.000000 0.207535 -0.152861 -0.802116
    8 5.046457 0.000000 0.000000 -0.100238 0.015021 -0.414710
    9 0.000000 3.703728 0.293189 1.580427 -0.234773 1.589236
    10 3.307846 0.000000 0.000000 0.009764 0.012313 -0.113264
    11 3.297962 0.000000 0.000000 0.006849 0.013065 -0.171354
    12 6.040985 0.000000 0.000000 0.011098 0.017100 0.239195
    13 5.065758 0.000000 0.000000 2.882265 -0.098900 -0.083968
    14 3.993755 0.000000 0.000000 -0.193334 0.097289 0.949768
    15 3.815876 1.385489 1.500000 -1.586925 -0.991240 -0.149035
    16 4.327093 0.000004 0.000000 -3.034219 -0.103459 0.789172
    17 11.105114 0.000000 0.000000 0.000000 0.000000 -0.371258
    18 9.862099 -0.000011 -0.000031 1.008889 -0.236527 0.154644
    19 2.641094 0.214619 -1.073586 0.343640 0.190540 -0.806457
    20 1.361605 -0.000002 0.000000 -0.033852 -0.056532 -1.168171
    21 0.779602 0.000002 0.000000 -0.038792 -0.123973 0.252811
    22 2.908712 0.221762 -0.431868 0.315656 0.064476 -0.893331
    23 1.597527 0.000001 0.000000 -0.020331 -0.043837 -1.158634
    24 0.912680 0.000001 0.000000 0.002529 0.008221 0.233624
    25 3.265450 0.050007 0.415744 0.322996 0.091423 -1.049966
    26 1.860470 0.000000 0.000000 -0.051601 -0.064213 -1.194101
    27 1.061481 -0.000001 0.000000 0.004104 0.029474 0.404443
    28 3.340382 -0.242393 1.285012 0.318526 0.062572 -1.131184
    29 1.550753 0.000001 0.000000 0.061672 0.075949 -1.038656
    30 0.904888 0.000001 0.000000 0.001693 0.026264 0.279791
    31 1.219385 -1.063860 0.837143 1.700710 -0.490026 -0.201183
    32 1.496971 -0.000002 -0.000001 -0.211499 -0.093020 -0.524662
    33 1.100086 0.000000 0.000000 0.034391 -0.021604 -0.723527
    34 3.815876 1.385489 -1.500000 1.259524 0.970807 -0.497167
    35 4.327089 -0.000004 0.000000 3.125250 0.092333 0.737975
    36 11.105106 0.000000 0.000004 0.000000 0.000000 -0.441332
    37 9.862080 -0.000007 0.000017 -1.267793 -0.019004 0.083949
    38 2.641111 0.211586 1.074188 -0.340778 -0.190504 -0.713994
    39 1.361601 0.000000 0.000000 0.033791 0.056509 -0.943913
    40 0.779604 0.000001 0.000000 0.038833 0.124038 0.218150
    41 2.908730 0.220541 0.432493 -0.312825 -0.064540 -0.854119
    42 1.597527 0.000000 0.000000 0.020338 0.043857 -0.899809
    43 0.912678 0.000000 0.000000 -0.002548 -0.008289 0.256412
    44 3.265471 0.051184 -0.415600 -0.320176 -0.091421 -0.907618
    45 1.860470 0.000000 0.000000 0.051611 0.064235 -1.000517
    46 1.061485 0.000000 0.000000 -0.004037 -0.029426 0.237782
    47 3.340403 -0.238762 -1.285691 -0.315698 -0.062609 -0.887483
    48 1.550755 0.000000 0.000000 -0.061667 -0.075946 -1.019680
    49 0.904886 0.000001 0.000000 -0.001669 -0.026281 0.159649
    50 1.219410 -1.061498 -0.840143 -1.725617 0.534025 -0.029356
    51 1.496971 0.000002 0.000000 0.141600 0.113297 -0.458891
    52 1.100088 0.000000 0.000000 -0.031342 0.025865 -0.596322
    53 -18.625000 -14.046875 -0.751465 2.853901 0.288979 1.702489
    54 0.000000 0.000000 0.000000 -0.077030 -0.068757 -1.299215
    55 7.054213 0.000000 0.000000 0.000000 0.000000 0.000000
    56 0.000000 -0.000007 -0.000031 1.373047 0.113574 0.124314
    57 0.000000 -0.000007 -0.000031 1.373047 0.113574 0.124314
    58 2.856947 -1.536175 -0.973780 -1.501147 -0.272558 -1.578261
    59 0.000000 0.000000 10.000000 0.000000 0.000000 0.000000
    60 2.856899 -1.536201 -0.973800 -1.501147 -0.272558 -1.578261
    61 2.000000 -3.000000 0.000000 -1.570796 0.000000 -1.326450
    62 0.018896 0.665159 9.395880 0.000000 0.000000 0.000000
    63 3.028210 -0.923409 -2.009452 1.574082 -0.012974 1.587244
    64 0.116954 4.311606 0.061861 0.000010 0.000000 0.000000
    65 0.000000 -0.000002 0.000000 0.000000 0.000000 0.000000
    66 0.000000 1.000000 0.000010 0.000000 0.000000 0.000000
    67 -0.000001 0.000000 0.000000 0.000000 0.000000 0.000000
    68 -0.000001 0.000000 0.000000 0.000000 0.000000 0.000000
    69 -0.000001 0.000000 0.000000 0.000000 0.000000 0.000000
time 196
    0 -2.103516 -5.464844 26.218750 1.678891 0.061230 0.073986
    1 3.455587 0.000000 0.000000 -1.871694 -0.397436 -1.464078
    2 16.572346 0.000000 0.000000 0.000000 0.000000 0.258401
    3 16.265829 0.000000 0.000000 -0.028164 0.206778 -0.512452
    4 5.046457 0.000000 0.000000 0.009903 -0.018747 -0.410888
    5 -3.455587 0.000000 0.000000 -1.478162 -0.354296 -1.721755
    6 16.572346 0.000000 0.000000 0.000000 0.000000 0.544692
    7 16.265831 0.000000 0.000000 0.222503 -0.150135 -0.798460
    8 5.046457 0.000000 0.000000 -0.100231 0.015006 -0.409588
    9 0.000000 3.703728 0.293189 1.573595 -0.224328 1.595637
    10 3.307846 0.000000 0.000000 0.003160 0.013850 -0.118057
    11 3.297962 0.000000 0.000000 0.001209 0.007291 -0.166886
    12 6.040985 0.000000 0.000000 0.003587 0.008512 0.248760
    13 5.065758 0.000000 0.000000 2.899643 -0.093565 -0.084938
    14 3.993755 0.000000 0.000000 -0.176755 0.076676 0.945586
    15 3.815876 1.385489 1.500000 -1.537081 -0.960432 -0.206447
    16 4.327093 0.000004 0.000000 -3.018052 -0.090119 0.759233
    17 11.105114 0.000000 0.000000 0.000000 0.000000 -0.352303
    18 9.862099 -0.000011 -0.000031 1.080574 -0.195405 0.127925
    19 2.641094 0.214619 -1.073586 0.343640 0.190540 -0.806457
    20 1.361605 -0.000002 0.000000 -0.033852 -0.056532 -1.168171
    21 0.779602 0.000002 0.000000 -0.038792 -0.123973 0.252811
    22 2.908712 0.221762 -0.431868 0.315656 0.064476 -0.893331
    23 1.597527 0.000001 0.000000 -0.020331 -0.043837 -1.158634
    24 0.912680 0.000001 0.000000 0.002529 0.008221 0.233624
    25 3.265450 0.050007 0.415744 0.322996 0.091423 -1.049966
    26 1.860470 0.000000 0.000000 -0.051601 -0.064213 -1.194101
    27 1.061481 -0.000001 0.000000 0.004104 0.029474 0.404443
    28 3.340382 -0.242393 1.285012 0.318526 0.062572 -1.131184
    29 1.550753 0.000001 0.000000 0.061672 0.075949 -1.038656
    30 0.904888 0.000001 0.000000 0.001693 0.026264 0.279791
    31 1.219385 -1.063860 0.837143 1.700710 -0.490026 -0.201183
    32 1.496971 -0.000002 -0.000001 -0.211499 -0.093020 -0.524662
    33 1.100086 0.000000 0.000000 0.034391 -0.021604 -0.723527
    34 3.815876 1.385489 -1.500000 1.309434 0.949605 -0.436981
    35 4.327089 -0.000004 0.000000 3.113012 0.116474 0.721215
    36 11.105106 0.000000 0.000004 0.000000 0.000000 -0.384969
    37 9.862080 -0.000007 0.000017 -1.177926 0.014231 0.032646
    38 2.641111 0.211586 1.074188 -0.340778 -0.190504 -0.713994
    39 1.361601 0.000000 0.000000 0.033791 0.056509 -0.943913
    40 0.779604 0.000001 0.000000 0.038833 0.124038 0.218150
    41 2.908730 0.220541 0.432493 -0.312825 -0.064540 -0.854119
    42 1.597527 0.000000 0.000000 0.020338 0.043857 -0.899809
    43 0.912678 0.000000 0.000000 -0.002548 -0.008289 0.256412
    44 3.265471 0.051184 -0.415600 -0.320176 -0.091421 -0.907618
    45 1.860470 0.000000 0.000000 0.051611 0.064235 -1.000517
    46 1.061485 0.000000 0.000000 -0.004037 -0.029426 0.237782
    47 3.340403 -0.238762 -1.285691 -0.315698 -0.062609 -0.887483
    48 1.550755 0.000000 0.000000 -0.061667 -0.075946 -1.019680
    49 0.904886 0.000001 0.000000 -0.001669 -0.026281 0.159649
    50 1.219410 -1.061498 -0.840143 -1.725617 0.534025 -0.029356
    51 1.496971 0.000002 0.000000 0.141600 0.113297 -0.458891
    52 1.100088 0.000000 0.000000 -0.031342 0.025865 -0.596322
    53 -19.546875 -12.500000 2.937500 2.901651 0.196900 1.698885
    54 0.000000 0.000000 0.000000 -0.077030 -0.068757 -1.299215
    55 7.054213 0.000000 0.000000 0.000000 0.000000 0.000000
    56 0.000000 -0.000007 -0.000031 1.373047 0.113574 0.124314
    57 0.000000 -0.000007 -0.000031 1.373047 0.113574 0.124314
    58 2.856947 -1.536175 -0.973780 -1.501147 -0.272558 -1.578261
    59 0.000000 0.000000 10.000000 0.000000 0.000000 0.000000
    60 2.856899 -1.536201 -0.973800 -1.501147 -0.272558 -1.578261
    61 2.000000 -3.000000 0.000000 -1.570796 0.000000 -1.326450
    62 0.018896 0.665159 9.395880 0.000000 0.000000 0.000000
    63 3.028210 -0.923409 -2.009452 1.574082 -0.012974 1.587244
    64 0.116954 4.311606 0.061861 0.000010 0.000000 0.000000
    65 0.000000 -0.000002 0.000000 0.000000 0.000000 0.000000
    66 0.000000 1.000000 0.000010 0.000000 0.000000 0.000000
    67 -0.000001 0.000000 0.000000 0.000000 0.000000 0.000000
    68 -0.000001 0.000000 0.000000 0.000000 0.000000 0.000000
    69 -0.000001 0.000000 0.000000 0.000000 0.000000 0.000000
time 197
    0 -1.574219 -6.058594 25.953125 1.678379 0.055925 -0.047403
    1 3.455587 0.000000 0.000000 -1.837360 -0.345449 -1.447163
    2 16.572346 0.000000 0.000000 0.000000 0.000000 0.295183
    3 16.265829 0.000000 0.000000 -0.092469 0.134508 -0.594469
    4 5.046457 0.000000 0.000000 0.009882 -0.018723 -0.451630
    5 -3.455587 0.000000 0.000000 -1.452600 -0.372803 -1.718558
    6 16.572346 0.000000 0.000000 0.000000 0.000000 0.520711
    7 16.265831 0.000000 0.000000 0.221847 -0.129410 -0.801216
    8 5.046457 0.000000 0.000000 -0.100220 0.014972 -0.399440
    9 0.000000 3.703728 0.293189 1.573061 -0.211014 1.584153
    10 3.307846 0.000000 0.000000 0.002478 0.007420 -0.124554
    11 3.297962 0.000000 0.000000 0.001608 0.003598 -0.165241
    12 6.040985 0.000000 0.000000 0.002718 0.003569 0.253968
    13 5.065758 0.000000 0.000000 2.910056 -0.075209 -0.091480
    14 3.993755 0.000000 0.000000 -0.172772 0.050411 0.950434
    15 3.815876 1.385489 1.500000 -1.559098 -0.924751 -0.194148
    16 4.327093 0.000004 0.000000 -3.006845 -0.056452 0.720377
    17 11.105114 0.000000 0.000000 0.000000 0.000000 -0.360285
    18 9.862099 -0.000011 -0.000031 1.172699 -0.157362 0.112959
    19 2.641094 0.214619 -1.073586 0.343640 0.190540 -0.806457
    20 1.361605 -0.000002 0.000000 -0.033852 -0.056532 -1.168171
    21 0.779602 0.000002 0.000000 -0.038792 -0.123973 0.252811
    22 2.908712 0.221762 -0.431868 0.315656 0.064476 -0.893331
    23 1.597527 0.000001 0.000000 -0.020331 -0.043837 -1.158634
    24 0.912680 0.000001 0.000000 0.002529 0.008221 0.233624
    25 3.265450 0.050007 0.415744 0.322996 0.091423 -1.049966
    26 1.860470 0.000000 0.000000 -0.051601 -0.064213 -1.194101
    27 1.061481 -0.000001 0.000000 0.004104 0.029474 0.404443
    28 3.340382 -0.242393 1.285012 0.318526 0.062572 -1.131184
    29 1.550753 0.000001 0.000000 0.061672 0.075949 -1.038656
    30 0.904888 0.000001 0.000000 0.001693 0.026264 0.279791
    31 1.219385 -1.063860 0.837143 1.700710 -0.490026 -0.201183
    32 1.496971 -0.000002 -0.000001 -0.211499 -0.093020 -0.524662
    33 1.100086 0.000000 0.000000 0.034391 -0.021604 -0.723527
    34 3.815876 1.385489 -1.500000 1.295358 0.947874 -0.430681
    35 4.327089 -0.000004 0.000000 3.110274 0.134692 0.736691
    36 11.105106 0.000000 0.000004 0.000000 0.000000 -0.322616
    37 9.862080 -0.000007 0.000017 -1.079354 0.043293 -0.017782
    38 2.641111 0.211586 1.074188 -0.340778 -0.190504 -0.713994
    39 1.361601 0.000000 0.000000 0.033791 0.056509 -0.943913
    40 0.779604 0.000001 0.000000 0.038833 0.124038 0.218150
    41 2.908730 0.220541 0.432493 -0.312825 -0.064540 -0.854119
    42 1.597527 0.000000 0.000000 0.020338 0.043857 -0.899809
    43 0.912678 0.000000 0.000000 -0.002548 -0.008289 0.256412
    44 3.265471 0.051184 -0.415600 -0.320176 -0.091421 -0.907618
    45 1.860470 0.000000 0.000000 0.051611 0.064235 -1.000517
    46 1.061485 0.000000 0.000000 -0.004037 -0.029426 0.237782
    47 3.340403 -0.238762 -1.285691 -0.315698 -0.062609 -0.887483
    48 1.550755 0.000000 0.000000 -0.061667 -0.075946 -1.019680
    49 0.904886 0.000001 0.000000 -0.001669 -0.026281 0.159649
    50 1.219410 -1.061498 -0.840143 -1.725617 0.534025 -0.029356
    51 1.496971 0.000002 0.000000 0.141600 0.113297 -0.458891
    52 1.100088 0.000000 0.000000 -0.031342 0.025865 -0.596322
    53 -20.437500 -10.523438 4.886719 2.956902 0.081416 1.708434
    54 0.000000 0.000000 0.000000 -0.077030 -0.068757 -1.299215
    55 7.054213 0.000000 0.000000 0.000000 0.000000 0.000000
    56 0.000000 -0.000007 -0.000031 1.373047 0.113574 0.124314
    57 0.000000 -0.000007 -0.000031 1.373047 0.113574 0.124314
    58 2.856947 -1.536175 -0.973780 -1.501147 -0.272558 -1.578261
    59 0.000000 0.000000 10.000000 0.000000 0.000000 0.000000
    60 2.856899 -1.536201 -0.973800 -1.501147 -0.272558 -1.578261
    61 2.000000 -3.000000 0.000000 -1.570796 0.000000 -1.326450
    62 0.018896 0.665159 9.395880 0.000000 0.000000 0.000000
    63 3.028210 -0.923409 -2.009452 1.574082 -0.012974 1.587244
    64 0.116954 4.311606 0.061861 0.000010 0.000000 0.000000
    65 0.000000 -0.000002 0.000000 0.000000 0.000000 0.000000
    66 0.000000 1.000000 0.000010 0.000000 0.000000 0.000000
    67 -0.000001 0.000000 0.000000 0.000000 0.000000 0.000000
    68 -0.000001 0.000000 0.000000 0.000000 0.000000 0.000000
    69 -0.000001 0.000000 0.000000 0.000000 0.000000 0.000000
time 198
    0 -1.161133 -6.601563 25.765625 1.677609 0.044997 -0.143562
    1 3.455587 0.000000 0.000000 -1.836482 -0.300343 -1.450385
    2 16.572346 0.000000 0.000000 0.000000 0.000000 0.324803
    3 16.265829 0.000000 0.000000 -0.109876 0.112660 -0.678916
    4 5.046457 0.000000 0.000000 0.009851 -0.018719 -0.524407
    5 -3.455587 0.000000 0.000000 -1.430451 -0.383817 -1.719315
    6 16.572346 0.000000 0.000000 0.000000 0.000000 0.500458
    7 16.265831 0.000000 0.000000 0.216619 -0.116271 -0.808767
    8 5.046457 0.000000 0.000000 -0.100155 0.014969 -0.390712
    9 0.000000 3.703728 0.293189 1.571579 -0.197499 1.574197
    10 3.307846 0.000000 0.000000 0.000841 0.001699 -0.130617
    11 3.297962 0.000000 0.000000 0.000737 -0.000547 -0.160826
    12 6.040985 0.000000 0.000000 0.000354 -0.002573 0.265018
    13 5.065758 0.000000 0.000000 2.916735 -0.062233 -0.098101
    14 3.993755 0.000000 0.000000 -0.170359 0.028604 0.958668
    15 3.815876 1.385489 1.500000 -1.556681 -0.909272 -0.205693
    16 4.327093 0.000004 0.000000 -3.012630 -0.031167 0.719139
    17 11.105114 0.000000 0.000000 0.000000 0.000000 -0.342924
    18 9.862099 -0.000011 -0.000031 1.252658 -0.124456 0.097558
    19 2.641094 0.214619 -1.073586 0.343640 0.190540 -0.806457
    20 1.361605 -0.000002 0.000000 -0.033852 -0.056532 -1.168171
    21 0.779602 0.000002 0.000000 -0.038792 -0.123973 0.252811
    22 2.908712 0.221762 -0.431868 0.315656 0.064476 -0.893331
    23 1.597527 0.000001 0.000000 -0.020331 -0.043837 -1.158634
    24 0.912680 0.000001 0.000000 0.002529 0.008221 0.233624
    25 3.265450 0.050007 0.415744 0.322996 0.091423 -1.049966
    26 1.860470 0.000000 0.000000 -0.051601 -0.064213 -1.194101
    27 1.061481 -0.000001 0.000000 0.004104 0.029474 0.404443
    28 3.340382 -0.242393 1.285012 0.318526 0.062572 -1.131184
    29 1.550753 0.000001 0.000000 0.061672 0.075949 -1.038656
    30 0.904888 0.000001 0.000000 0.001693 0.026264 0.279791
    31 1.219385 -1.063860 0.837143 1.700710 -0.490026 -0.201183
    32 1.496971 -0.000002 -0.000001 -0.211499 -0.093020 -0.524662
    33 1.100086 0.000000 0.000000 0.034391 -0.021604 -0.723527
    34 3.815876 1.385489 -1.500000 1.306753 0.947027 -0.408982
    35 4.327089 -0.000004 0.000000 3.099297 0.140359 0.743025
    36 11.105106 0.000000 0.000004 0.000000 0.000000 -0.281313
    37 9.862080 -0.000007 0.000017 -0.995078 0.065458 -0.050497
    38 2.641111 0.211586 1.074188 -0.340778 -0.190504 -0.713994
    39 1.361601 0.000000 0.000000 0.033791 0.056509 -0.943913
    40 0.779604 0.000001 0.000000 0.038833 0.124038 0.218150
    41 2.908730 0.220541 0.432493 -0.312825 -0.064540 -0.854119
    42 1.597527 0.000000 0.000000 0.020338 0.043857 -0.899809
    43 0.912678 0.000000 0.000000 -0.002548 -0.008289 0.256412
    44 3.265471 0.051184 -0.415600 -0.320176 -0.091421 -0.907618
    45 1.860470 0.000000 0.000000 0.051611 0.064235 -1.000517
    46 1.061485 0.000000 0.000000 -0.004037 -0.029426 0.237782
    47 3.340403 -0.238762 -1.285691 -0.315698 -0.062609 -0.887483
    48 1.550755 0.000000 0.000000 -0.061667 -0.075946 -1.019680
    49 0.904886 0.000001 0.000000 -0.001669 -0.026281 0.159649
    50 1.219410 -1.061498 -0.840143 -1.725617 0.534025 -0.029356
    51 1.496971 0.000002 0.000000 0.141600 0.113297 -0.458891
    52 1.100088 0.000000 0.000000 -0.031342 0.025865 -0.596322
    53 -21.171875 -9.304688 5.417969 3.002607 -0.015395 1.700050
    54 0.000000 0.000000 0.000000 -0.077030 -0.068757 -1.299215
    55 7.054213 0.000000 0.000000 0.000000 0.000000 0.000000
    56 0.000000 -0.000007 -0.000031 1.373047 0.113574 0.124314
    57 0.000000 -0.000007 -0.000031 1.373047 0.113574 0.124314
    58 2.856947 -1.536175 -0.973780 -1.501147 -0.272558 -1.578261
    59 0.000000 0.000000 10.000000 0.000000 0.000000 0.000000
    60 2.856899 -1.536201 -0.973800 -1.501147 -0.272558 -1.578261
    61 2.000000 -3.000000 0.000000 -1.570796 0.000000 -1.326450
    62 0.018896 0.665159 9.395880 0.000000 0.000000 0.000000
    63 3.028210 -0.923409 -2.009452 1.574082 -0.012974 1.587244
    64 0.116954 4.311606 0.061861 0.000010 0.000000 0.000000
    65 0.000000 -0.000002 0.000000 0.000000 0.000000 0.000000
    66 0.000000 1.000000 0.000010 0.000000 0.000000 0.000000
    67 -0.000001 0.000000 0.000000 0.000000 0.000000 0.000000
    68 -0.000001 0.000000 0.000000 0.000000 0.000000 0.000000
    69 -0.000001 0.000000 0.000000 0.000000 0.000000 0.000000
end
