version 1
nodes
  0 "ValveBiped.Bip01_Pelvis" -1
  1 "ValveBiped.Bip01_L_Thigh" 0
  2 "ValveBiped.Bip01_L_Calf" 1
  3 "ValveBiped.Bip01_L_Foot" 2
  4 "ValveBiped.Bip01_L_Toe0" 3
  5 "ValveBiped.Bip01_R_Thigh" 0
  6 "ValveBiped.Bip01_R_Calf" 5
  7 "ValveBiped.Bip01_R_Foot" 6
  8 "ValveBiped.Bip01_R_Toe0" 7
  9 "ValveBiped.Bip01_Spine" 0
  10 "ValveBiped.Bip01_Spine1" 9
  11 "ValveBiped.Bip01_Spine2" 10
  12 "ValveBiped.Bip01_Spine4" 11
  13 "ValveBiped.Bip01_Neck1" 12
  14 "ValveBiped.Bip01_Head1" 13
  15 "ValveBiped.Bip01_L_Clavicle" 12
  16 "ValveBiped.Bip01_L_UpperArm" 15
  17 "ValveBiped.Bip01_L_Forearm" 16
  18 "ValveBiped.Bip01_L_Hand" 17
  19 "ValveBiped.Bip01_L_Finger4" 18
  20 "ValveBiped.Bip01_L_Finger41" 19
  21 "ValveBiped.Bip01_L_Finger42" 20
  22 "ValveBiped.Bip01_L_Finger3" 18
  23 "ValveBiped.Bip01_L_Finger31" 22
  24 "ValveBiped.Bip01_L_Finger32" 23
  25 "ValveBiped.Bip01_L_Finger2" 18
  26 "ValveBiped.Bip01_L_Finger21" 25
  27 "ValveBiped.Bip01_L_Finger22" 26
  28 "ValveBiped.Bip01_L_Finger1" 18
  29 "ValveBiped.Bip01_L_Finger11" 28
  30 "ValveBiped.Bip01_L_Finger12" 29
  31 "ValveBiped.Bip01_L_Finger0" 18
  32 "ValveBiped.Bip01_L_Finger01" 31
  33 "ValveBiped.Bip01_L_Finger02" 32
  34 "ValveBiped.Bip01_R_Clavicle" 12
  35 "ValveBiped.Bip01_R_UpperArm" 34
  36 "ValveBiped.Bip01_R_Forearm" 35
  37 "ValveBiped.Bip01_R_Hand" 36
  38 "ValveBiped.Bip01_R_Finger4" 37
  39 "ValveBiped.Bip01_R_Finger41" 38
  40 "ValveBiped.Bip01_R_Finger42" 39
  41 "ValveBiped.Bip01_R_Finger3" 37
  42 "ValveBiped.Bip01_R_Finger31" 41
  43 "ValveBiped.Bip01_R_Finger32" 42
  44 "ValveBiped.Bip01_R_Finger2" 37
  45 "ValveBiped.Bip01_R_Finger21" 44
  46 "ValveBiped.Bip01_R_Finger22" 45
  47 "ValveBiped.Bip01_R_Finger1" 37
  48 "ValveBiped.Bip01_R_Finger11" 47
  49 "ValveBiped.Bip01_R_Finger12" 48
  50 "ValveBiped.Bip01_R_Finger0" 37
  51 "ValveBiped.Bip01_R_Finger01" 50
  52 "ValveBiped.Bip01_R_Finger02" 51
  53 "ValveBiped.attachment_bandage_armL" 17
  54 "ValveBiped.attachment_bandage_legL" 1
  55 "ValveBiped.attachment_bandage_legR" 5
  56 "ValveBiped.attachment_armL_T" 17
  57 "ValveBiped.attachment_armR_T" 36
  58 "ValveBiped.weapon_bone" 37
  59 "ValveBiped.weapon_bone_Clip" 58
  60 "ValveBiped.L_weapon_bone" 18
  61 "ValveBiped.forward" 14
  62 "ValveBiped.weapon_bone_extra" 58
  63 "ValveBiped.weapon_bone_Clip2" 18
  64 "ValveBiped.weapon_bone_Clip2_Bullets" 63
  65 "ValveBiped.weapon_bolt_l" 18
  66 "ValveBiped.weapon_bone_Clip_Bullets" 59
  67 "ValveBiped.weapon_bolt" 58
  68 "ValveBiped.weapon_bolt_opposite" 58
  69 "ValveBiped.weapon_charger" 58
end
skeleton
time 0
    0 0.799805 2.166016 3.751953 -0.040077 0.312624 -0.060879
    1 3.455587 0.000000 0.000000 -2.533244 -0.474257 -0.842197
    2 16.572346 0.000000 0.000000 0.000000 0.000000 1.550722
    3 16.265829 0.000000 0.000000 -0.197546 0.116022 -1.652159
    4 5.046457 0.000000 0.000000 0.009905 -0.018792 -0.290668
    5 -3.455587 0.000000 0.000000 -1.473314 0.043551 -1.576119
    6 16.572346 0.000000 0.000000 0.000000 0.000000 0.110640
    7 16.265831 0.000000 0.000000 0.057000 0.111432 -1.331654
    8 5.046457 0.000000 0.000000 -0.099465 0.014936 -0.407011
    9 0.000000 3.703728 0.293189 1.612636 -0.363015 1.391806
    10 3.307846 0.000000 0.000000 0.027962 -0.097127 -0.034639
    11 3.297962 0.000000 0.000000 0.038787 0.019685 -0.170100
    12 6.040985 0.000000 0.000000 0.047074 0.051512 0.208634
    13 5.065758 0.000000 0.000000 -3.128361 -0.024978 0.860775
    14 3.993755 0.000000 0.000000 0.046892 -0.036428 0.057709
    15 3.815876 1.385489 1.500000 -1.048617 -1.194058 -0.619941
    16 4.327093 0.000004 0.000000 -0.854701 -0.693460 -1.316420
    17 11.105114 0.000000 0.000000 0.000000 0.000000 -1.890052
    18 9.862099 -0.000011 -0.000031 1.752330 -0.556758 -0.572921
    19 2.641094 0.214619 -1.073586 0.343628 0.190590 -0.206088
    20 1.361605 -0.000002 0.000000 -0.033841 -0.056553 -0.539645
    21 0.779602 0.000002 0.000000 -0.038850 -0.124039 -0.304402
    22 2.908712 0.221762 -0.431868 0.315698 0.064495 -0.241172
    23 1.597527 0.000001 0.000000 -0.020360 -0.043876 -0.434642
    24 0.912680 0.000001 0.000000 0.002612 0.008298 -0.304949
    25 3.265450 0.050007 0.415744 0.323090 0.091423 -0.184625
    26 1.860470 0.000000 0.000000 -0.051595 -0.064269 -0.677213
    27 1.061481 -0.000001 0.000000 0.004073 0.029503 -0.137208
    28 3.340382 -0.242393 1.285012 0.318555 0.062569 -0.163990
    29 1.550753 0.000001 0.000000 0.061718 0.075999 -0.683161
    30 0.904888 0.000001 0.000000 0.001658 0.026316 -0.062909
    31 1.219385 -1.063860 0.837143 1.892454 -0.324449 -0.255898
    32 1.496971 -0.000002 -0.000001 0.000000 -0.094778 -0.333994
    33 1.100086 0.000000 0.000000 0.000000 -0.040666 0.285682
    34 3.815876 1.385489 -1.500000 2.676514 1.457778 1.030255
    35 4.327089 -0.000004 0.000000 1.073099 0.892773 -0.933485
    36 11.105106 0.000000 0.000004 0.000000 0.000000 -0.484525
    37 9.862080 -0.000007 0.000017 -1.085105 0.746421 0.498963
    38 2.641111 0.211586 1.074188 -0.340804 -0.190592 -0.206085
    39 1.361601 0.000000 0.000000 0.033841 0.056553 -0.539645
    40 0.779604 0.000001 0.000000 0.038850 0.124039 -0.304402
    41 2.908730 0.220541 0.432493 -0.312875 -0.064497 -0.241168
    42 1.597527 0.000000 0.000000 0.020360 0.043876 -0.434642
    43 0.912678 0.000000 0.000000 -0.002612 -0.008298 -0.304949
    44 3.265471 0.051184 -0.415600 -0.320266 -0.091425 -0.184622
    45 1.860470 0.000000 0.000000 0.051595 0.064269 -0.677213
    46 1.061485 0.000000 0.000000 -0.004073 -0.029503 -0.137208
    47 3.340403 -0.238762 -1.285691 -0.315731 -0.062571 -0.163986
    48 1.550755 0.000000 0.000000 -0.061718 -0.075999 -0.683161
    49 0.904886 0.000001 0.000000 -0.001658 -0.026316 -0.062909
    50 1.219410 -1.061498 -0.840143 -1.889571 0.325162 -0.254974
    51 1.496971 0.000002 0.000000 0.000000 0.094778 -0.333994
    52 1.100088 0.000000 0.000000 0.000000 0.040666 0.285682
    53 0.000000 -0.000007 -0.000031 1.373047 0.113574 0.124314
    54 0.000000 0.000000 0.000000 -0.077030 -0.068757 -1.299215
    55 7.054213 0.000000 0.000000 0.000000 0.000000 0.000000
    56 0.000000 -0.000007 -0.000031 1.373047 0.113574 0.124314
    57 0.000000 -0.000007 -0.000031 1.373047 0.113574 0.124314
    58 2.856947 -1.536175 -0.973780 -1.501147 -0.272558 -1.578261
    59 0.000000 0.000000 10.000000 0.000000 0.000000 0.000000
    60 2.856899 -1.536201 -0.973800 -1.501147 -0.272558 -1.578261
    61 2.000000 -3.000000 0.000000 -1.570796 0.000000 -1.326450
    62 0.018896 0.665159 9.395880 0.000000 0.000000 0.000000
    63 3.028210 -0.923409 -2.009452 1.574082 -0.012974 1.587244
    64 0.116954 4.311606 0.061861 0.000010 0.000000 0.000000
    65 0.000000 -0.000002 0.000000 0.000000 0.000000 0.000000
    66 0.000000 1.000000 0.000010 0.000000 0.000000 0.000000
    67 -0.000001 0.000000 0.000000 0.000000 0.000000 0.000000
    68 -0.000001 0.000000 0.000000 0.000000 0.000000 0.000000
    69 -0.000001 0.000000 0.000000 0.000000 0.000000 0.000000
time 1
    0 1.146484 1.763672 3.664063 0.026483 0.361197 -0.020135
    1 3.455587 0.000000 0.000000 -2.532268 -0.588552 -0.909356
    2 16.572346 0.000000 0.000000 0.000000 0.000000 1.577530
    3 16.265829 0.000000 0.000000 -0.213557 0.279995 -1.638885
    4 5.046457 0.000000 0.000000 0.009865 -0.018763 -0.252416
    5 -3.455587 0.000000 0.000000 -1.374224 -0.116972 -1.661448
    6 16.572346 0.000000 0.000000 0.000000 0.000000 0.287505
    7 16.265831 0.000000 0.000000 0.125355 0.102161 -1.293338
    8 5.046457 0.000000 0.000000 -0.100804 0.015118 -0.365300
    9 0.000000 3.703728 0.293189 1.635866 -0.375691 1.402827
    10 3.307846 0.000000 0.000000 0.052486 -0.081498 -0.028329
    11 3.297962 0.000000 0.000000 0.060761 0.037224 -0.182686
    12 6.040985 0.000000 0.000000 0.071405 0.059061 0.187484
    13 5.065758 0.000000 0.000000 3.135923 -0.005486 0.793836
    14 3.993755 0.000000 0.000000 0.033553 -0.066407 0.093600
    15 3.815876 1.385489 1.500000 -0.994385 -1.285309 -0.705897
    16 4.327093 0.000004 0.000000 -0.799728 -0.765505 -1.242177
    17 11.105114 0.000000 0.000000 0.000000 0.000000 -1.971008
    18 9.862099 -0.000011 -0.000031 1.826543 -0.484522 -0.515077
    19 2.641094 0.214619 -1.073586 0.343628 0.190590 -0.206088
    20 1.361605 -0.000002 0.000000 -0.033841 -0.056553 -0.539645
    21 0.779602 0.000002 0.000000 -0.038850 -0.124039 -0.304402
    22 2.908712 0.221762 -0.431868 0.315698 0.064495 -0.241172
    23 1.597527 0.000001 0.000000 -0.020360 -0.043876 -0.434642
    24 0.912680 0.000001 0.000000 0.002612 0.008298 -0.304949
    25 3.265450 0.050007 0.415744 0.323090 0.091423 -0.184625
    26 1.860470 0.000000 0.000000 -0.051595 -0.064269 -0.677213
    27 1.061481 -0.000001 0.000000 0.004073 0.029503 -0.137208
    28 3.340382 -0.242393 1.285012 0.318555 0.062569 -0.163990
    29 1.550753 0.000001 0.000000 0.061718 0.075999 -0.683161
    30 0.904888 0.000001 0.000000 0.001658 0.026316 -0.062909
    31 1.219385 -1.063860 0.837143 1.892454 -0.324449 -0.255898
    32 1.496971 -0.000002 -0.000001 0.000000 -0.094778 -0.333994
    33 1.100086 0.000000 0.000000 0.000000 -0.040666 0.285682
    34 3.815876 1.385489 -1.500000 2.856494 1.472193 1.233069
    35 4.327089 -0.000004 0.000000 1.307912 0.816620 -0.815117
    36 11.105106 0.000000 0.000004 0.000000 0.000000 -0.362303
    37 9.862080 -0.000007 0.000017 -1.081288 0.746899 0.409520
    38 2.641111 0.211586 1.074188 -0.340804 -0.190592 -0.206085
    39 1.361601 0.000000 0.000000 0.033841 0.056553 -0.539645
    40 0.779604 0.000001 0.000000 0.038850 0.124039 -0.304402
    41 2.908730 0.220541 0.432493 -0.312875 -0.064497 -0.241168
    42 1.597527 0.000000 0.000000 0.020360 0.043876 -0.434642
    43 0.912678 0.000000 0.000000 -0.002612 -0.008298 -0.304949
    44 3.265471 0.051184 -0.415600 -0.320266 -0.091425 -0.184622
    45 1.860470 0.000000 0.000000 0.051595 0.064269 -0.677213
    46 1.061485 0.000000 0.000000 -0.004073 -0.029503 -0.137208
    47 3.340403 -0.238762 -1.285691 -0.315731 -0.062571 -0.163986
    48 1.550755 0.000000 0.000000 -0.061718 -0.075999 -0.683161
    49 0.904886 0.000001 0.000000 -0.001658 -0.026316 -0.062909
    50 1.219410 -1.061498 -0.840143 -1.889571 0.325162 -0.254974
    51 1.496971 0.000002 0.000000 0.000000 0.094778 -0.333994
    52 1.100088 0.000000 0.000000 0.000000 0.040666 0.285682
    53 0.000000 -0.000007 -0.000031 1.373047 0.113574 0.124314
    54 0.000000 0.000000 0.000000 -0.077030 -0.068757 -1.299215
    55 7.054213 0.000000 0.000000 0.000000 0.000000 0.000000
    56 0.000000 -0.000007 -0.000031 1.373047 0.113574 0.124314
    57 0.000000 -0.000007 -0.000031 1.373047 0.113574 0.124314
    58 2.856947 -1.536175 -0.973780 -1.501147 -0.272558 -1.578261
    59 0.000000 0.000000 10.000000 0.000000 0.000000 0.000000
    60 2.856899 -1.536201 -0.973800 -1.501147 -0.272558 -1.578261
    61 2.000000 -3.000000 0.000000 -1.570796 0.000000 -1.326450
    62 0.018896 0.665159 9.395880 0.000000 0.000000 0.000000
    63 3.028210 -0.923409 -2.009452 1.574082 -0.012974 1.587244
    64 0.116954 4.311606 0.061861 0.000010 0.000000 0.000000
    65 0.000000 -0.000002 0.000000 0.000000 0.000000 0.000000
    66 0.000000 1.000000 0.000010 0.000000 0.000000 0.000000
    67 -0.000001 0.000000 0.000000 0.000000 0.000000 0.000000
    68 -0.000001 0.000000 0.000000 0.000000 0.000000 0.000000
    69 -0.000001 0.000000 0.000000 0.000000 0.000000 0.000000
time 2
    0 1.402344 1.447266 3.822266 0.059127 0.416188 0.012879
    1 3.455587 0.000000 0.000000 -2.459426 -0.674605 -0.984505
    2 16.572346 0.000000 0.000000 0.000000 0.000000 1.582270
    3 16.265829 0.000000 0.000000 -0.266398 0.388035 -1.622310
    4 5.046457 0.000000 0.000000 0.009870 -0.018794 -0.243890
    5 -3.455587 0.000000 0.000000 -1.217141 -0.165320 -1.736509
    6 16.572346 0.000000 0.000000 0.000000 0.000000 0.353442
    7 16.265831 0.000000 0.000000 0.059607 0.052966 -1.285881
    8 5.046457 0.000000 0.000000 -0.100664 0.015100 -0.351857
    9 0.000000 3.703728 0.293189 1.653945 -0.396665 1.418203
    10 3.307846 0.000000 0.000000 0.070124 -0.065829 -0.014928
    11 3.297962 0.000000 0.000000 0.074920 0.046450 -0.187693
    12 6.040985 0.000000 0.000000 0.085823 0.060641 0.173195
    13 5.065758 0.000000 0.000000 3.135240 -0.014194 0.763930
    14 3.993755 0.000000 0.000000 0.042961 -0.069405 0.102924
    15 3.815876 1.385489 1.500000 -0.835807 -1.324225 -0.890912
    16 4.327093 0.000004 0.000000 -0.785889 -0.817828 -1.142078
    17 11.105114 0.000000 0.000000 0.000000 0.000000 -2.047826
    18 9.862099 -0.000011 -0.000031 1.896256 -0.395571 -0.469226
    19 2.641094 0.214619 -1.073586 0.343628 0.190590 -0.206088
    20 1.361605 -0.000002 0.000000 -0.033841 -0.056553 -0.539645
    21 0.779602 0.000002 0.000000 -0.038850 -0.124039 -0.304402
    22 2.908712 0.221762 -0.431868 0.315698 0.064495 -0.241172
    23 1.597527 0.000001 0.000000 -0.020360 -0.043876 -0.434642
    24 0.912680 0.000001 0.000000 0.002612 0.008298 -0.304949
    25 3.265450 0.050007 0.415744 0.323090 0.091423 -0.184625
    26 1.860470 0.000000 0.000000 -0.051595 -0.064269 -0.677213
    27 1.061481 -0.000001 0.000000 0.004073 0.029503 -0.137208
    28 3.340382 -0.242393 1.285012 0.318555 0.062569 -0.163990
    29 1.550753 0.000001 0.000000 0.061718 0.075999 -0.683161
    30 0.904888 0.000001 0.000000 0.001658 0.026316 -0.062909
    31 1.219385 -1.063860 0.837143 1.892454 -0.324449 -0.255898
    32 1.496971 -0.000002 -0.000001 0.000000 -0.094778 -0.333994
    33 1.100086 0.000000 0.000000 0.000000 -0.040666 0.285682
    34 3.815876 1.385489 -1.500000 2.957181 1.483948 1.379126
    35 4.327089 -0.000004 0.000000 1.489121 0.681322 -0.722104
    36 11.105106 0.000000 0.000004 0.000000 0.000000 -0.405659
    37 9.862080 -0.000007 0.000017 -1.095569 0.876529 0.309321
    38 2.641111 0.211586 1.074188 -0.340804 -0.190592 -0.206085
    39 1.361601 0.000000 0.000000 0.033841 0.056553 -0.539645
    40 0.779604 0.000001 0.000000 0.038850 0.124039 -0.304402
    41 2.908730 0.220541 0.432493 -0.312875 -0.064497 -0.241168
    42 1.597527 0.000000 0.000000 0.020360 0.043876 -0.434642
    43 0.912678 0.000000 0.000000 -0.002612 -0.008298 -0.304949
    44 3.265471 0.051184 -0.415600 -0.320266 -0.091425 -0.184622
    45 1.860470 0.000000 0.000000 0.051595 0.064269 -0.677213
    46 1.061485 0.000000 0.000000 -0.004073 -0.029503 -0.137208
    47 3.340403 -0.238762 -1.285691 -0.315731 -0.062571 -0.163986
    48 1.550755 0.000000 0.000000 -0.061718 -0.075999 -0.683161
    49 0.904886 0.000001 0.000000 -0.001658 -0.026316 -0.062909
    50 1.219410 -1.061498 -0.840143 -1.889571 0.325162 -0.254974
    51 1.496971 0.000002 0.000000 0.000000 0.094778 -0.333994
    52 1.100088 0.000000 0.000000 0.000000 0.040666 0.285682
    53 0.000000 -0.000007 -0.000031 1.373047 0.113574 0.124314
    54 0.000000 0.000000 0.000000 -0.077030 -0.068757 -1.299215
    55 7.054213 0.000000 0.000000 0.000000 0.000000 0.000000
    56 0.000000 -0.000007 -0.000031 1.373047 0.113574 0.124314
    57 0.000000 -0.000007 -0.000031 1.373047 0.113574 0.124314
    58 2.856947 -1.536175 -0.973780 -1.501147 -0.272558 -1.578261
    59 0.000000 0.000000 10.000000 0.000000 0.000000 0.000000
    60 2.856899 -1.536201 -0.973800 -1.501147 -0.272558 -1.578261
    61 2.000000 -3.000000 0.000000 -1.570796 0.000000 -1.326450
    62 0.018896 0.665159 9.395880 0.000000 0.000000 0.000000
    63 3.028210 -0.923409 -2.009452 1.574082 -0.012974 1.587244
    64 0.116954 4.311606 0.061861 0.000010 0.000000 0.000000
    65 0.000000 -0.000002 0.000000 0.000000 0.000000 0.000000
    66 0.000000 1.000000 0.000010 0.000000 0.000000 0.000000
    67 -0.000001 0.000000 0.000000 0.000000 0.000000 0.000000
    68 -0.000001 0.000000 0.000000 0.000000 0.000000 0.000000
    69 -0.000001 0.000000 0.000000 0.000000 0.000000 0.000000
time 3
    0 1.638672 1.094727 4.199219 0.075022 0.458631 0.028877
    1 3.455587 0.000000 0.000000 -2.416041 -0.703887 -1.009000
    2 16.572346 0.000000 0.000000 0.000000 0.000000 1.592199
    3 16.265829 0.000000 0.000000 -0.277101 0.407738 -1.604195
    4 5.046457 0.000000 0.000000 0.009891 -0.018799 -0.289185
    5 -3.455587 0.000000 0.000000 -1.147553 -0.172579 -1.774688
    6 16.572346 0.000000 0.000000 0.000000 0.000000 0.399492
    7 16.265831 0.000000 0.000000 0.000803 0.056814 -1.320747
    8 5.046457 0.000000 0.000000 -0.100589 0.015054 -0.394426
    9 0.000000 3.703728 0.293189 1.670503 -0.397741 1.431583
    10 3.307846 0.000000 0.000000 0.086542 -0.054003 -0.012193
    11 3.297962 0.000000 0.000000 0.086129 0.056931 -0.182881
    12 6.040985 0.000000 0.000000 0.098137 0.068780 0.179075
    13 5.065758 0.000000 0.000000 -3.099028 -0.015924 0.791913
    14 3.993755 0.000000 0.000000 0.075638 -0.064917 0.085993
    15 3.815876 1.385489 1.500000 -0.707087 -1.361064 -1.037114
    16 4.327093 0.000004 0.000000 -0.817007 -0.849092 -1.006429
    17 11.105114 0.000000 0.000000 0.000000 0.000000 -2.096189
    18 9.862099 -0.000011 -0.000031 1.907740 -0.372945 -0.403662
    19 2.641094 0.214619 -1.073586 0.343628 0.190590 -0.206088
    20 1.361605 -0.000002 0.000000 -0.033841 -0.056553 -0.539645
    21 0.779602 0.000002 0.000000 -0.038850 -0.124039 -0.304402
    22 2.908712 0.221762 -0.431868 0.315698 0.064495 -0.241172
    23 1.597527 0.000001 0.000000 -0.020360 -0.043876 -0.434642
    24 0.912680 0.000001 0.000000 0.002612 0.008298 -0.304949
    25 3.265450 0.050007 0.415744 0.323090 0.091423 -0.184625
    26 1.860470 0.000000 0.000000 -0.051595 -0.064269 -0.677213
    27 1.061481 -0.000001 0.000000 0.004073 0.029503 -0.137208
    28 3.340382 -0.242393 1.285012 0.318555 0.062569 -0.163990
    29 1.550753 0.000001 0.000000 0.061718 0.075999 -0.683161
    30 0.904888 0.000001 0.000000 0.001658 0.026316 -0.062909
    31 1.219385 -1.063860 0.837143 1.892454 -0.324449 -0.255898
    32 1.496971 -0.000002 -0.000001 0.000000 -0.094778 -0.333994
    33 1.100086 0.000000 0.000000 0.000000 -0.040666 0.285682
    34 3.815876 1.385489 -1.500000 -3.007204 1.535697 1.724469
    35 4.327089 -0.000004 0.000000 1.628240 0.519720 -0.709161
    36 11.105106 0.000000 0.000004 0.000000 0.000000 -0.571992
    37 9.862080 -0.000007 0.000017 -1.177877 1.003214 0.173958
    38 2.641111 0.211586 1.074188 -0.340804 -0.190592 -0.206085
    39 1.361601 0.000000 0.000000 0.033841 0.056553 -0.539645
    40 0.779604 0.000001 0.000000 0.038850 0.124039 -0.304402
    41 2.908730 0.220541 0.432493 -0.312875 -0.064497 -0.241168
    42 1.597527 0.000000 0.000000 0.020360 0.043876 -0.434642
    43 0.912678 0.000000 0.000000 -0.002612 -0.008298 -0.304949
    44 3.265471 0.051184 -0.415600 -0.320266 -0.091425 -0.184622
    45 1.860470 0.000000 0.000000 0.051595 0.064269 -0.677213
    46 1.061485 0.000000 0.000000 -0.004073 -0.029503 -0.137208
    47 3.340403 -0.238762 -1.285691 -0.315731 -0.062571 -0.163986
    48 1.550755 0.000000 0.000000 -0.061718 -0.075999 -0.683161
    49 0.904886 0.000001 0.000000 -0.001658 -0.026316 -0.062909
    50 1.219410 -1.061498 -0.840143 -1.889571 0.325162 -0.254974
    51 1.496971 0.000002 0.000000 0.000000 0.094778 -0.333994
    52 1.100088 0.000000 0.000000 0.000000 0.040666 0.285682
    53 0.000000 -0.000007 -0.000031 1.373047 0.113574 0.124314
    54 0.000000 0.000000 0.000000 -0.077030 -0.068757 -1.299215
    55 7.054213 0.000000 0.000000 0.000000 0.000000 0.000000
    56 0.000000 -0.000007 -0.000031 1.373047 0.113574 0.124314
    57 0.000000 -0.000007 -0.000031 1.373047 0.113574 0.124314
    58 2.856947 -1.536175 -0.973780 -1.501147 -0.272558 -1.578261
    59 0.000000 0.000000 10.000000 0.000000 0.000000 0.000000
    60 2.856899 -1.536201 -0.973800 -1.501147 -0.272558 -1.578261
    61 2.000000 -3.000000 0.000000 -1.570796 0.000000 -1.326450
    62 0.018896 0.665159 9.395880 0.000000 0.000000 0.000000
    63 3.028210 -0.923409 -2.009452 1.574082 -0.012974 1.587244
    64 0.116954 4.311606 0.061861 0.000010 0.000000 0.000000
    65 0.000000 -0.000002 0.000000 0.000000 0.000000 0.000000
    66 0.000000 1.000000 0.000010 0.000000 0.000000 0.000000
    67 -0.000001 0.000000 0.000000 0.000000 0.000000 0.000000
    68 -0.000001 0.000000 0.000000 0.000000 0.000000 0.000000
    69 -0.000001 0.000000 0.000000 0.000000 0.000000 0.000000
time 4
    0 1.802734 0.686035 4.644531 0.081466 0.492261 0.035060
    1 3.455587 0.000000 0.000000 -2.417003 -0.687162 -0.980808
    2 16.572346 0.000000 0.000000 0.000000 0.000000 1.612155
    3 16.265829 0.000000 0.000000 -0.267607 0.353455 -1.605208
    4 5.046457 0.000000 0.000000 0.009889 -0.018800 -0.289010
    5 -3.455587 0.000000 0.000000 -1.127895 -0.166593 -1.784778
    6 16.572346 0.000000 0.000000 0.000000 0.000000 0.436025
    7 16.265831 0.000000 0.000000 -0.015701 0.093524 -1.327337
    8 5.046457 0.000000 0.000000 -0.100499 0.015025 -0.384556
    9 0.000000 3.703728 0.293189 1.679263 -0.397346 1.439093
    10 3.307846 0.000000 0.000000 0.094687 -0.046642 -0.015264
    11 3.297962 0.000000 0.000000 0.091090 0.061417 -0.183523
    12 6.040985 0.000000 0.000000 0.104615 0.072968 0.179473
    13 5.065758 0.000000 0.000000 -3.057345 -0.014469 0.856896
    14 3.993755 0.000000 0.000000 0.106528 -0.078464 0.050499
    15 3.815876 1.385489 1.500000 -0.726813 -1.380500 -1.034580
    16 4.327093 0.000004 0.000000 -0.853764 -0.825759 -0.909956
    17 11.105114 0.000000 0.000000 0.000000 0.000000 -2.115067
    18 9.862099 -0.000011 -0.000031 1.879345 -0.375930 -0.337801
    19 2.641094 0.214619 -1.073586 0.343628 0.190590 -0.206088
    20 1.361605 -0.000002 0.000000 -0.033841 -0.056553 -0.539645
    21 0.779602 0.000002 0.000000 -0.038850 -0.124039 -0.304402
    22 2.908712 0.221762 -0.431868 0.315698 0.064495 -0.241172
    23 1.597527 0.000001 0.000000 -0.020360 -0.043876 -0.434642
    24 0.912680 0.000001 0.000000 0.002612 0.008298 -0.304949
    25 3.265450 0.050007 0.415744 0.323090 0.091423 -0.184625
    26 1.860470 0.000000 0.000000 -0.051595 -0.064269 -0.677213
    27 1.061481 -0.000001 0.000000 0.004073 0.029503 -0.137208
    28 3.340382 -0.242393 1.285012 0.318555 0.062569 -0.163990
    29 1.550753 0.000001 0.000000 0.061718 0.075999 -0.683161
    30 0.904888 0.000001 0.000000 0.001658 0.026316 -0.062909
    31 1.219385 -1.063860 0.837143 1.892454 -0.324449 -0.255898
    32 1.496971 -0.000002 -0.000001 0.000000 -0.094778 -0.333994
    33 1.100086 0.000000 0.000000 0.000000 -0.040666 0.285682
    34 3.815876 1.385489 -1.500000 -0.391193 1.509699 -1.945441
    35 4.327089 -0.000004 0.000000 1.730418 0.334726 -0.819126
    36 11.105106 0.000000 0.000004 0.000000 0.000000 -0.897769
    37 9.862080 -0.000007 0.000017 -1.295819 1.104225 0.032349
    38 2.641111 0.211586 1.074188 -0.340804 -0.190592 -0.206085
    39 1.361601 0.000000 0.000000 0.033841 0.056553 -0.539645
    40 0.779604 0.000001 0.000000 0.038850 0.124039 -0.304402
    41 2.908730 0.220541 0.432493 -0.312875 -0.064497 -0.241168
    42 1.597527 0.000000 0.000000 0.020360 0.043876 -0.434642
    43 0.912678 0.000000 0.000000 -0.002612 -0.008298 -0.304949
    44 3.265471 0.051184 -0.415600 -0.320266 -0.091425 -0.184622
    45 1.860470 0.000000 0.000000 0.051595 0.064269 -0.677213
    46 1.061485 0.000000 0.000000 -0.004073 -0.029503 -0.137208
    47 3.340403 -0.238762 -1.285691 -0.315731 -0.062571 -0.163986
    48 1.550755 0.000000 0.000000 -0.061718 -0.075999 -0.683161
    49 0.904886 0.000001 0.000000 -0.001658 -0.026316 -0.062909
    50 1.219410 -1.061498 -0.840143 -1.889571 0.325162 -0.254974
    51 1.496971 0.000002 0.000000 0.000000 0.094778 -0.333994
    52 1.100088 0.000000 0.000000 0.000000 0.040666 0.285682
    53 0.000000 -0.000007 -0.000031 1.373047 0.113574 0.124314
    54 0.000000 0.000000 0.000000 -0.077030 -0.068757 -1.299215
    55 7.054213 0.000000 0.000000 0.000000 0.000000 0.000000
    56 0.000000 -0.000007 -0.000031 1.373047 0.113574 0.124314
    57 0.000000 -0.000007 -0.000031 1.373047 0.113574 0.124314
    58 2.856947 -1.536175 -0.973780 -1.501147 -0.272558 -1.578261
    59 0.000000 0.000000 10.000000 0.000000 0.000000 0.000000
    60 2.856899 -1.536201 -0.973800 -1.501147 -0.272558 -1.578261
    61 2.000000 -3.000000 0.000000 -1.570796 0.000000 -1.326450
    62 0.018896 0.665159 9.395880 0.000000 0.000000 0.000000
    63 3.028210 -0.923409 -2.009452 1.574082 -0.012974 1.587244
    64 0.116954 4.311606 0.061861 0.000010 0.000000 0.000000
    65 0.000000 -0.000002 0.000000 0.000000 0.000000 0.000000
    66 0.000000 1.000000 0.000010 0.000000 0.000000 0.000000
    67 -0.000001 0.000000 0.000000 0.000000 0.000000 0.000000
    68 -0.000001 0.000000 0.000000 0.000000 0.000000 0.000000
    69 -0.000001 0.000000 0.000000 0.000000 0.000000 0.000000
time 5
    0 1.913086 0.322754 5.039063 0.088039 0.520032 0.037337
    1 3.455587 0.000000 0.000000 -2.489810 -0.617037 -0.908074
    2 16.572346 0.000000 0.000000 0.000000 0.000000 1.629074
    3 16.265829 0.000000 0.000000 -0.243455 0.227719 -1.592184
    4 5.046457 0.000000 0.000000 0.009892 -0.018799 -0.289272
    5 -3.455587 0.000000 0.000000 -1.154691 -0.166575 -1.771173
    6 16.572346 0.000000 0.000000 0.000000 0.000000 0.458423
    7 16.265831 0.000000 0.000000 -0.013667 0.160866 -1.320505
    8 5.046457 0.000000 0.000000 -0.100414 0.015014 -0.379712
    9 0.000000 3.703728 0.293189 1.674852 -0.389646 1.447706
    10 3.307846 0.000000 0.000000 0.091017 -0.045079 -0.021675
    11 3.297962 0.000000 0.000000 0.087534 0.054956 -0.186141
    12 6.040985 0.000000 0.000000 0.099415 0.066677 0.178927
    13 5.065758 0.000000 0.000000 -3.036252 0.008854 0.911887
    14 3.993755 0.000000 0.000000 0.103025 -0.097021 0.033248
    15 3.815876 1.385489 1.500000 -0.733403 -1.406401 -1.052324
    16 4.327093 0.000004 0.000000 -0.930098 -0.755498 -0.791877
    17 11.105114 0.000000 0.000000 0.000000 0.000000 -2.118138
    18 9.862099 -0.000011 -0.000031 1.854470 -0.351462 -0.291056
    19 2.641094 0.214619 -1.073586 0.343628 0.190590 -0.206088
    20 1.361605 -0.000002 0.000000 -0.033841 -0.056553 -0.539645
    21 0.779602 0.000002 0.000000 -0.038850 -0.124039 -0.304402
    22 2.908712 0.221762 -0.431868 0.315698 0.064495 -0.241172
    23 1.597527 0.000001 0.000000 -0.020360 -0.043876 -0.434642
    24 0.912680 0.000001 0.000000 0.002612 0.008298 -0.304949
    25 3.265450 0.050007 0.415744 0.323090 0.091423 -0.184625
    26 1.860470 0.000000 0.000000 -0.051595 -0.064269 -0.677213
    27 1.061481 -0.000001 0.000000 0.004073 0.029503 -0.137208
    28 3.340382 -0.242393 1.285012 0.318555 0.062569 -0.163990
    29 1.550753 0.000001 0.000000 0.061718 0.075999 -0.683161
    30 0.904888 0.000001 0.000000 0.001658 0.026316 -0.062909
    31 1.219385 -1.063860 0.837143 1.892454 -0.324449 -0.255898
    32 1.496971 -0.000002 -0.000001 0.000000 -0.094778 -0.333994
    33 1.100086 0.000000 0.000000 0.000000 -0.040666 0.285682
    34 3.815876 1.385489 -1.500000 -0.208892 1.377129 -1.755294
    35 4.327089 -0.000004 0.000000 1.735287 0.207129 -0.978747
    36 11.105106 0.000000 0.000004 0.000000 0.000000 -1.253032
    37 9.862080 -0.000007 0.000017 -1.511225 1.072764 -0.194240
    38 2.641111 0.211586 1.074188 -0.340804 -0.190592 -0.206085
    39 1.361601 0.000000 0.000000 0.033841 0.056553 -0.539645
    40 0.779604 0.000001 0.000000 0.038850 0.124039 -0.304402
    41 2.908730 0.220541 0.432493 -0.312875 -0.064497 -0.241168
    42 1.597527 0.000000 0.000000 0.020360 0.043876 -0.434642
    43 0.912678 0.000000 0.000000 -0.002612 -0.008298 -0.304949
    44 3.265471 0.051184 -0.415600 -0.320266 -0.091425 -0.184622
    45 1.860470 0.000000 0.000000 0.051595 0.064269 -0.677213
    46 1.061485 0.000000 0.000000 -0.004073 -0.029503 -0.137208
    47 3.340403 -0.238762 -1.285691 -0.315731 -0.062571 -0.163986
    48 1.550755 0.000000 0.000000 -0.061718 -0.075999 -0.683161
    49 0.904886 0.000001 0.000000 -0.001658 -0.026316 -0.062909
    50 1.219410 -1.061498 -0.840143 -1.889571 0.325162 -0.254974
    51 1.496971 0.000002 0.000000 0.000000 0.094778 -0.333994
    52 1.100088 0.000000 0.000000 0.000000 0.040666 0.285682
    53 0.000000 -0.000007 -0.000031 1.373047 0.113574 0.124314
    54 0.000000 0.000000 0.000000 -0.077030 -0.068757 -1.299215
    55 7.054213 0.000000 0.000000 0.000000 0.000000 0.000000
    56 0.000000 -0.000007 -0.000031 1.373047 0.113574 0.124314
    57 0.000000 -0.000007 -0.000031 1.373047 0.113574 0.124314
    58 2.856947 -1.536175 -0.973780 -1.501147 -0.272558 -1.578261
    59 0.000000 0.000000 10.000000 0.000000 0.000000 0.000000
    60 2.856899 -1.536201 -0.973800 -1.501147 -0.272558 -1.578261
    61 2.000000 -3.000000 0.000000 -1.570796 0.000000 -1.326450
    62 0.018896 0.665159 9.395880 0.000000 0.000000 0.000000
    63 3.028210 -0.923409 -2.009452 1.574082 -0.012974 1.587244
    64 0.116954 4.311606 0.061861 0.000010 0.000000 0.000000
    65 0.000000 -0.000002 0.000000 0.000000 0.000000 0.000000
    66 0.000000 1.000000 0.000010 0.000000 0.000000 0.000000
    67 -0.000001 0.000000 0.000000 0.000000 0.000000 0.000000
    68 -0.000001 0.000000 0.000000 0.000000 0.000000 0.000000
    69 -0.000001 0.000000 0.000000 0.000000 0.000000 0.000000
time 6
    0 2.031250 0.064636 5.367188 0.099021 0.539779 0.039091
    1 3.455587 0.000000 0.000000 -2.653867 -0.491215 -0.808390
    2 16.572346 0.000000 0.000000 0.000000 0.000000 1.638784
    3 16.265829 0.000000 0.000000 -0.151861 0.136339 -1.578569
    4 5.046457 0.000000 0.000000 0.009830 -0.018805 -0.265736
    5 -3.455587 0.000000 0.000000 -1.182967 -0.170666 -1.749452
    6 16.572346 0.000000 0.000000 0.000000 0.000000 0.454613
    7 16.265831 0.000000 0.000000 -0.031876 0.159114 -1.310512
    8 5.046457 0.000000 0.000000 -0.100307 0.015018 -0.383671
    9 0.000000 3.703728 0.293189 1.646441 -0.366063 1.454775
    10 3.307846 0.000000 0.000000 0.064584 -0.049182 -0.033989
    11 3.297962 0.000000 0.000000 0.062359 0.042927 -0.185444
    12 6.040985 0.000000 0.000000 0.072740 0.062147 0.184959
    13 5.065758 0.000000 0.000000 -3.055987 0.030445 0.950946
    14 3.993755 0.000000 0.000000 0.071527 -0.104381 0.021174
    15 3.815876 1.385489 1.500000 -0.455977 -1.434202 -1.344355
    16 4.327093 0.000004 0.000000 -1.048320 -0.616025 -0.648423
    17 11.105114 0.000000 0.000000 0.000000 0.000000 -2.124568
    18 9.862099 -0.000011 -0.000031 1.843882 -0.305276 -0.267992
    19 2.641094 0.214619 -1.073586 0.343628 0.190590 -0.206088
    20 1.361605 -0.000002 0.000000 -0.033841 -0.056553 -0.539645
    21 0.779602 0.000002 0.000000 -0.038850 -0.124039 -0.304402
    22 2.908712 0.221762 -0.431868 0.315698 0.064495 -0.241172
    23 1.597527 0.000001 0.000000 -0.020360 -0.043876 -0.434642
    24 0.912680 0.000001 0.000000 0.002612 0.008298 -0.304949
    25 3.265450 0.050007 0.415744 0.323090 0.091423 -0.184625
    26 1.860470 0.000000 0.000000 -0.051595 -0.064269 -0.677213
    27 1.061481 -0.000001 0.000000 0.004073 0.029503 -0.137208
    28 3.340382 -0.242393 1.285012 0.318555 0.062569 -0.163990
    29 1.550753 0.000001 0.000000 0.061718 0.075999 -0.683161
    30 0.904888 0.000001 0.000000 0.001658 0.026316 -0.062909
    31 1.219385 -1.063860 0.837143 1.892454 -0.324449 -0.255898
    32 1.496971 -0.000002 -0.000001 0.000000 -0.094778 -0.333994
    33 1.100086 0.000000 0.000000 0.000000 -0.040666 0.285682
    34 3.815876 1.385489 -1.500000 -0.211677 1.300961 -1.734007
    35 4.327089 -0.000004 0.000000 1.698258 0.127399 -1.088819
    36 11.105106 0.000000 0.000004 0.000000 0.000000 -1.554231
    37 9.862080 -0.000007 0.000017 -1.738345 0.957413 -0.385724
    38 2.641111 0.211586 1.074188 -0.340804 -0.190592 -0.206085
    39 1.361601 0.000000 0.000000 0.033841 0.056553 -0.539645
    40 0.779604 0.000001 0.000000 0.038850 0.124039 -0.304402
    41 2.908730 0.220541 0.432493 -0.312875 -0.064497 -0.241168
    42 1.597527 0.000000 0.000000 0.020360 0.043876 -0.434642
    43 0.912678 0.000000 0.000000 -0.002612 -0.008298 -0.304949
    44 3.265471 0.051184 -0.415600 -0.320266 -0.091425 -0.184622
    45 1.860470 0.000000 0.000000 0.051595 0.064269 -0.677213
    46 1.061485 0.000000 0.000000 -0.004073 -0.029503 -0.137208
    47 3.340403 -0.238762 -1.285691 -0.315731 -0.062571 -0.163986
    48 1.550755 0.000000 0.000000 -0.061718 -0.075999 -0.683161
    49 0.904886 0.000001 0.000000 -0.001658 -0.026316 -0.062909
    50 1.219410 -1.061498 -0.840143 -1.889571 0.325162 -0.254974
    51 1.496971 0.000002 0.000000 0.000000 0.094778 -0.333994
    52 1.100088 0.000000 0.000000 0.000000 0.040666 0.285682
    53 0.000000 -0.000007 -0.000031 1.373047 0.113574 0.124314
    54 0.000000 0.000000 0.000000 -0.077030 -0.068757 -1.299215
    55 7.054213 0.000000 0.000000 0.000000 0.000000 0.000000
    56 0.000000 -0.000007 -0.000031 1.373047 0.113574 0.124314
    57 0.000000 -0.000007 -0.000031 1.373047 0.113574 0.124314
    58 2.856947 -1.536175 -0.973780 -1.501147 -0.272558 -1.578261
    59 0.000000 0.000000 10.000000 0.000000 0.000000 0.000000
    60 2.856899 -1.536201 -0.973800 -1.501147 -0.272558 -1.578261
    61 2.000000 -3.000000 0.000000 -1.570796 0.000000 -1.326450
    62 0.018896 0.665159 9.395880 0.000000 0.000000 0.000000
    63 3.028210 -0.923409 -2.009452 1.574082 -0.012974 1.587244
    64 0.116954 4.311606 0.061861 0.000010 0.000000 0.000000
    65 0.000000 -0.000002 0.000000 0.000000 0.000000 0.000000
    66 0.000000 1.000000 0.000010 0.000000 0.000000 0.000000
    67 -0.000001 0.000000 0.000000 0.000000 0.000000 0.000000
    68 -0.000001 0.000000 0.000000 0.000000 0.000000 0.000000
    69 -0.000001 0.000000 0.000000 0.000000 0.000000 0.000000
time 7
    0 2.216797 -0.093201 5.511719 0.101768 0.546560 0.040382
    1 3.455587 0.000000 0.000000 -2.782307 -0.387192 -0.754911
    2 16.572346 0.000000 0.000000 0.000000 0.000000 1.638902
    3 16.265829 0.000000 0.000000 -0.104334 0.262585 -1.551498
    4 5.046457 0.000000 0.000000 0.009858 -0.018732 -0.260859
    5 -3.455587 0.000000 0.000000 -1.221150 -0.167691 -1.725704
    6 16.572346 0.000000 0.000000 0.000000 0.000000 0.430368
    7 16.265831 0.000000 0.000000 -0.038588 0.080498 -1.283165
    8 5.046457 0.000000 0.000000 -0.100247 0.015062 -0.384817
    9 0.000000 3.703728 0.293189 1.593918 -0.356026 1.470791
    10 3.307846 0.000000 0.000000 0.016024 -0.050236 -0.046434
    11 3.297962 0.000000 0.000000 0.018125 0.017661 -0.196478
    12 6.040985 0.000000 0.000000 0.023388 0.043135 0.171777
    13 5.065758 0.000000 0.000000 -3.124737 0.044440 0.950702
    14 3.993755 0.000000 0.000000 0.023312 -0.110697 0.011505
    15 3.815876 1.385489 1.500000 -0.060035 -1.398675 -1.742651
    16 4.327093 0.000004 0.000000 -1.156518 -0.384773 -0.530421
    17 11.105114 0.000000 0.000000 0.000000 0.000000 -2.155469
    18 9.862099 -0.000011 -0.000031 1.835446 -0.261829 -0.264583
    19 2.641094 0.214619 -1.073586 0.343628 0.190590 -0.206088
    20 1.361605 -0.000002 0.000000 -0.033841 -0.056553 -0.539645
    21 0.779602 0.000002 0.000000 -0.038850 -0.124039 -0.304402
    22 2.908712 0.221762 -0.431868 0.315698 0.064495 -0.241172
    23 1.597527 0.000001 0.000000 -0.020360 -0.043876 -0.434642
    24 0.912680 0.000001 0.000000 0.002612 0.008298 -0.304949
    25 3.265450 0.050007 0.415744 0.323090 0.091423 -0.184625
    26 1.860470 0.000000 0.000000 -0.051595 -0.064269 -0.677213
    27 1.061481 -0.000001 0.000000 0.004073 0.029503 -0.137208
    28 3.340382 -0.242393 1.285012 0.318555 0.062569 -0.163990
    29 1.550753 0.000001 0.000000 0.061718 0.075999 -0.683161
    30 0.904888 0.000001 0.000000 0.001658 0.026316 -0.062909
    31 1.219385 -1.063860 0.837143 1.892454 -0.324449 -0.255898
    32 1.496971 -0.000002 -0.000001 0.000000 -0.094778 -0.333994
    33 1.100086 0.000000 0.000000 0.000000 -0.040666 0.285682
    34 3.815876 1.385489 -1.500000 -0.076929 1.292451 -1.573931
    35 4.327089 -0.000004 0.000000 1.601005 0.090479 -1.180091
    36 11.105106 0.000000 0.000004 0.000000 0.000000 -1.773016
    37 9.862080 -0.000007 0.000017 -1.908105 0.898523 -0.486540
    38 2.641111 0.211586 1.074188 -0.340804 -0.190592 -0.206085
    39 1.361601 0.000000 0.000000 0.033841 0.056553 -0.539645
    40 0.779604 0.000001 0.000000 0.038850 0.124039 -0.304402
    41 2.908730 0.220541 0.432493 -0.312875 -0.064497 -0.241168
    42 1.597527 0.000000 0.000000 0.020360 0.043876 -0.434642
    43 0.912678 0.000000 0.000000 -0.002612 -0.008298 -0.304949
    44 3.265471 0.051184 -0.415600 -0.320266 -0.091425 -0.184622
    45 1.860470 0.000000 0.000000 0.051595 0.064269 -0.677213
    46 1.061485 0.000000 0.000000 -0.004073 -0.029503 -0.137208
    47 3.340403 -0.238762 -1.285691 -0.315731 -0.062571 -0.163986
    48 1.550755 0.000000 0.000000 -0.061718 -0.075999 -0.683161
    49 0.904886 0.000001 0.000000 -0.001658 -0.026316 -0.062909
    50 1.219410 -1.061498 -0.840143 -1.889571 0.325162 -0.254974
    51 1.496971 0.000002 0.000000 0.000000 0.094778 -0.333994
    52 1.100088 0.000000 0.000000 0.000000 0.040666 0.285682
    53 0.000000 -0.000007 -0.000031 1.373047 0.113574 0.124314
    54 0.000000 0.000000 0.000000 -0.077030 -0.068757 -1.299215
    55 7.054213 0.000000 0.000000 0.000000 0.000000 0.000000
    56 0.000000 -0.000007 -0.000031 1.373047 0.113574 0.124314
    57 0.000000 -0.000007 -0.000031 1.373047 0.113574 0.124314
    58 2.856947 -1.536175 -0.973780 -1.501147 -0.272558 -1.578261
    59 0.000000 0.000000 10.000000 0.000000 0.000000 0.000000
    60 2.856899 -1.536201 -0.973800 -1.501147 -0.272558 -1.578261
    61 2.000000 -3.000000 0.000000 -1.570796 0.000000 -1.326450
    62 0.018896 0.665159 9.395880 0.000000 0.000000 0.000000
    63 3.028210 -0.923409 -2.009452 1.574082 -0.012974 1.587244
    64 0.116954 4.311606 0.061861 0.000010 0.000000 0.000000
    65 0.000000 -0.000002 0.000000 0.000000 0.000000 0.000000
    66 0.000000 1.000000 0.000010 0.000000 0.000000 0.000000
    67 -0.000001 0.000000 0.000000 0.000000 0.000000 0.000000
    68 -0.000001 0.000000 0.000000 0.000000 0.000000 0.000000
    69 -0.000001 0.000000 0.000000 0.000000 0.000000 0.000000
time 8
    0 2.455078 -0.146240 5.570313 0.090287 0.540671 0.042009
    1 3.455587 0.000000 0.000000 -2.819277 -0.337514 -0.744828
    2 16.572346 0.000000 0.000000 0.000000 0.000000 1.644211
    3 16.265829 0.000000 0.000000 -0.157585 0.321496 -1.512871
    4 5.046457 0.000000 0.000000 0.009844 -0.018732 -0.285520
    5 -3.455587 0.000000 0.000000 -1.277204 -0.149284 -1.700863
    6 16.572346 0.000000 0.000000 0.000000 0.000000 0.391568
    7 16.265831 0.000000 0.000000 -0.046181 -0.041702 -1.243613
    8 5.046457 0.000000 0.000000 -0.100239 0.015048 -0.399621
    9 0.000000 3.703728 0.293189 1.532518 -0.337964 1.472140
    10 3.307846 0.000000 0.000000 -0.040993 -0.056584 -0.062857
    11 3.297962 0.000000 0.000000 -0.034286 -0.004176 -0.202393
    12 6.040985 0.000000 0.000000 -0.033281 0.031022 0.166503
    13 5.065758 0.000000 0.000000 3.075857 0.074680 0.917768
    14 3.993755 0.000000 0.000000 -0.046916 -0.126008 0.025110
    15 3.815876 1.385489 1.500000 -0.007814 -1.375516 -1.801777
    16 4.327093 0.000004 0.000000 -1.230319 -0.085917 -0.473187
    17 11.105114 0.000000 0.000000 0.000000 0.000000 -2.182906
    18 9.862099 -0.000011 -0.000031 1.811058 -0.261984 -0.292668
    19 2.641094 0.214619 -1.073586 0.343628 0.190590 -0.206088
    20 1.361605 -0.000002 0.000000 -0.033841 -0.056553 -0.539645
    21 0.779602 0.000002 0.000000 -0.038850 -0.124039 -0.304402
    22 2.908712 0.221762 -0.431868 0.315698 0.064495 -0.241172
    23 1.597527 0.000001 0.000000 -0.020360 -0.043876 -0.434642
    24 0.912680 0.000001 0.000000 0.002612 0.008298 -0.304949
    25 3.265450 0.050007 0.415744 0.323090 0.091423 -0.184625
    26 1.860470 0.000000 0.000000 -0.051595 -0.064269 -0.677213
    27 1.061481 -0.000001 0.000000 0.004073 0.029503 -0.137208
    28 3.340382 -0.242393 1.285012 0.318555 0.062569 -0.163990
    29 1.550753 0.000001 0.000000 0.061718 0.075999 -0.683161
    30 0.904888 0.000001 0.000000 0.001658 0.026316 -0.062909
    31 1.219385 -1.063860 0.837143 1.892454 -0.324449 -0.255898
    32 1.496971 -0.000002 -0.000001 0.000000 -0.094778 -0.333994
    33 1.100086 0.000000 0.000000 0.000000 -0.040666 0.285682
    34 3.815876 1.385489 -1.500000 0.035630 1.293471 -1.490286
    35 4.327089 -0.000004 0.000000 1.475242 0.098367 -1.192587
    36 11.105106 0.000000 0.000004 0.000000 0.000000 -1.919084
    37 9.862080 -0.000007 0.000017 -1.955367 0.807331 -0.434751
    38 2.641111 0.211586 1.074188 -0.340804 -0.190592 -0.206085
    39 1.361601 0.000000 0.000000 0.033841 0.056553 -0.539645
    40 0.779604 0.000001 0.000000 0.038850 0.124039 -0.304402
    41 2.908730 0.220541 0.432493 -0.312875 -0.064497 -0.241168
    42 1.597527 0.000000 0.000000 0.020360 0.043876 -0.434642
    43 0.912678 0.000000 0.000000 -0.002612 -0.008298 -0.304949
    44 3.265471 0.051184 -0.415600 -0.320266 -0.091425 -0.184622
    45 1.860470 0.000000 0.000000 0.051595 0.064269 -0.677213
    46 1.061485 0.000000 0.000000 -0.004073 -0.029503 -0.137208
    47 3.340403 -0.238762 -1.285691 -0.315731 -0.062571 -0.163986
    48 1.550755 0.000000 0.000000 -0.061718 -0.075999 -0.683161
    49 0.904886 0.000001 0.000000 -0.001658 -0.026316 -0.062909
    50 1.219410 -1.061498 -0.840143 -1.889571 0.325162 -0.254974
    51 1.496971 0.000002 0.000000 0.000000 0.094778 -0.333994
    52 1.100088 0.000000 0.000000 0.000000 0.040666 0.285682
    53 0.000000 -0.000007 -0.000031 1.373047 0.113574 0.124314
    54 0.000000 0.000000 0.000000 -0.077030 -0.068757 -1.299215
    55 7.054213 0.000000 0.000000 0.000000 0.000000 0.000000
    56 0.000000 -0.000007 -0.000031 1.373047 0.113574 0.124314
    57 0.000000 -0.000007 -0.000031 1.373047 0.113574 0.124314
    58 2.856947 -1.536175 -0.973780 -1.501147 -0.272558 -1.578261
    59 0.000000 0.000000 10.000000 0.000000 0.000000 0.000000
    60 2.856899 -1.536201 -0.973800 -1.501147 -0.272558 -1.578261
    61 2.000000 -3.000000 0.000000 -1.570796 0.000000 -1.326450
    62 0.018896 0.665159 9.395880 0.000000 0.000000 0.000000
    63 3.028210 -0.923409 -2.009452 1.574082 -0.012974 1.587244
    64 0.116954 4.311606 0.061861 0.000010 0.000000 0.000000
    65 0.000000 -0.000002 0.000000 0.000000 0.000000 0.000000
    66 0.000000 1.000000 0.000010 0.000000 0.000000 0.000000
    67 -0.000001 0.000000 0.000000 0.000000 0.000000 0.000000
    68 -0.000001 0.000000 0.000000 0.000000 0.000000 0.000000
    69 -0.000001 0.000000 0.000000 0.000000 0.000000 0.000000
time 9
    0 2.726563 -0.105225 5.531250 0.054782 0.521056 0.039092
    1 3.455587 0.000000 0.000000 -2.792443 -0.315225 -0.759300
    2 16.572346 0.000000 0.000000 0.000000 0.000000 1.654791
    3 16.265829 0.000000 0.000000 -0.177198 0.276780 -1.528925
    4 5.046457 0.000000 0.000000 0.009885 -0.018770 -0.297649
    5 -3.455587 0.000000 0.000000 -1.325137 -0.111561 -1.679186
    6 16.572346 0.000000 0.000000 0.000000 0.000000 0.354232
    7 16.265831 0.000000 0.000000 -0.055967 -0.196789 -1.221271
    8 5.046457 0.000000 0.000000 -0.100166 0.014986 -0.401204
    9 0.000000 3.703728 0.293189 1.475414 -0.311618 1.467532
    10 3.307846 0.000000 0.000000 -0.095377 -0.063623 -0.078784
    11 3.297962 0.000000 0.000000 -0.085320 -0.022622 -0.197759
    12 6.040985 0.000000 0.000000 -0.086881 0.020555 0.175096
    13 5.065758 0.000000 0.000000 3.000391 0.129366 0.905382
    14 3.993755 0.000000 0.000000 -0.133844 -0.150419 0.050014
    15 3.815876 1.385489 1.500000 0.050346 -1.348125 -1.853374
    16 4.327093 0.000004 0.000000 -1.287648 0.112162 -0.448156
    17 11.105114 0.000000 0.000000 0.000000 0.000000 -2.162127
    18 9.862099 -0.000011 -0.000031 1.771091 -0.313605 -0.321375
    19 2.641094 0.214619 -1.073586 0.343628 0.190590 -0.206088
    20 1.361605 -0.000002 0.000000 -0.033841 -0.056553 -0.539645
    21 0.779602 0.000002 0.000000 -0.038850 -0.124039 -0.304402
    22 2.908712 0.221762 -0.431868 0.315698 0.064495 -0.241172
    23 1.597527 0.000001 0.000000 -0.020360 -0.043876 -0.434642
    24 0.912680 0.000001 0.000000 0.002612 0.008298 -0.304949
    25 3.265450 0.050007 0.415744 0.323090 0.091423 -0.184625
    26 1.860470 0.000000 0.000000 -0.051595 -0.064269 -0.677213
    27 1.061481 -0.000001 0.000000 0.004073 0.029503 -0.137208
    28 3.340382 -0.242393 1.285012 0.318555 0.062569 -0.163990
    29 1.550753 0.000001 0.000000 0.061718 0.075999 -0.683161
    30 0.904888 0.000001 0.000000 0.001658 0.026316 -0.062909
    31 1.219385 -1.063860 0.837143 1.892454 -0.324449 -0.255898
    32 1.496971 -0.000002 -0.000001 0.000000 -0.094778 -0.333994
    33 1.100086 0.000000 0.000000 0.000000 -0.040666 0.285682
    34 3.815876 1.385489 -1.500000 0.220307 1.305844 -1.332197
    35 4.327089 -0.000004 0.000000 1.436854 0.132699 -1.220501
    36 11.105106 0.000000 0.000004 0.000000 0.000000 -2.049948
    37 9.862080 -0.000007 0.000017 -1.790832 0.457804 -0.208459
    38 2.641111 0.211586 1.074188 -0.340804 -0.190592 -0.206085
    39 1.361601 0.000000 0.000000 0.033841 0.056553 -0.539645
    40 0.779604 0.000001 0.000000 0.038850 0.124039 -0.304402
    41 2.908730 0.220541 0.432493 -0.312875 -0.064497 -0.241168
    42 1.597527 0.000000 0.000000 0.020360 0.043876 -0.434642
    43 0.912678 0.000000 0.000000 -0.002612 -0.008298 -0.304949
    44 3.265471 0.051184 -0.415600 -0.320266 -0.091425 -0.184622
    45 1.860470 0.000000 0.000000 0.051595 0.064269 -0.677213
    46 1.061485 0.000000 0.000000 -0.004073 -0.029503 -0.137208
    47 3.340403 -0.238762 -1.285691 -0.315731 -0.062571 -0.163986
    48 1.550755 0.000000 0.000000 -0.061718 -0.075999 -0.683161
    49 0.904886 0.000001 0.000000 -0.001658 -0.026316 -0.062909
    50 1.219410 -1.061498 -0.840143 -1.889571 0.325162 -0.254974
    51 1.496971 0.000002 0.000000 0.000000 0.094778 -0.333994
    52 1.100088 0.000000 0.000000 0.000000 0.040666 0.285682
    53 0.000000 -0.000007 -0.000031 1.373047 0.113574 0.124314
    54 0.000000 0.000000 0.000000 -0.077030 -0.068757 -1.299215
    55 7.054213 0.000000 0.000000 0.000000 0.000000 0.000000
    56 0.000000 -0.000007 -0.000031 1.373047 0.113574 0.124314
    57 0.000000 -0.000007 -0.000031 1.373047 0.113574 0.124314
    58 2.856947 -1.536175 -0.973780 -1.501147 -0.272558 -1.578261
    59 0.000000 0.000000 10.000000 0.000000 0.000000 0.000000
    60 2.856899 -1.536201 -0.973800 -1.501147 -0.272558 -1.578261
    61 2.000000 -3.000000 0.000000 -1.570796 0.000000 -1.326450
    62 0.018896 0.665159 9.395880 0.000000 0.000000 0.000000
    63 3.028210 -0.923409 -2.009452 1.574082 -0.012974 1.587244
    64 0.116954 4.311606 0.061861 0.000010 0.000000 0.000000
    65 0.000000 -0.000002 0.000000 0.000000 0.000000 0.000000
    66 0.000000 1.000000 0.000010 0.000000 0.000000 0.000000
    67 -0.000001 0.000000 0.000000 0.000000 0.000000 0.000000
    68 -0.000001 0.000000 0.000000 0.000000 0.000000 0.000000
    69 -0.000001 0.000000 0.000000 0.000000 0.000000 0.000000
time 10
    0 3.070313 0.081360 5.421875 -0.007560 0.464082 0.029592
    1 3.455587 0.000000 0.000000 -2.732788 -0.271090 -0.796098
    2 16.572346 0.000000 0.000000 0.000000 0.000000 1.650800
    3 16.265829 0.000000 0.000000 -0.168572 0.214875 -1.563594
    4 5.046457 0.000000 0.000000 0.009828 -0.018782 -0.248500
    5 -3.455587 0.000000 0.000000 -1.355340 -0.052765 -1.667889
    6 16.572346 0.000000 0.000000 0.000000 0.000000 0.325853
    7 16.265831 0.000000 0.000000 -0.099698 -0.342659 -1.214304
    8 5.046457 0.000000 0.000000 -0.100174 0.015041 -0.425492
    9 0.000000 3.703728 0.293189 1.441456 -0.300103 1.452720
    10 3.307846 0.000000 0.000000 -0.128455 -0.070848 -0.086272
    11 3.297962 0.000000 0.000000 -0.117318 -0.030794 -0.192396
    12 6.040985 0.000000 0.000000 -0.120053 0.018018 0.182263
    13 5.065758 0.000000 0.000000 2.963450 0.192936 0.870161
    14 3.993755 0.000000 0.000000 -0.193177 -0.197538 0.067836
    15 3.815876 1.385489 1.500000 -0.011771 -1.324692 -1.786794
    16 4.327093 0.000004 0.000000 -1.316933 0.227373 -0.486036
    17 11.105114 0.000000 0.000000 0.000000 0.000000 -2.132761
    18 9.862099 -0.000011 -0.000031 1.743690 -0.337477 -0.331648
    19 2.641094 0.214619 -1.073586 0.343628 0.190590 -0.206088
    20 1.361605 -0.000002 0.000000 -0.033841 -0.056553 -0.539645
    21 0.779602 0.000002 0.000000 -0.038850 -0.124039 -0.304402
    22 2.908712 0.221762 -0.431868 0.315698 0.064495 -0.241172
    23 1.597527 0.000001 0.000000 -0.020360 -0.043876 -0.434642
    24 0.912680 0.000001 0.000000 0.002612 0.008298 -0.304949
    25 3.265450 0.050007 0.415744 0.323090 0.091423 -0.184625
    26 1.860470 0.000000 0.000000 -0.051595 -0.064269 -0.677213
    27 1.061481 -0.000001 0.000000 0.004073 0.029503 -0.137208
    28 3.340382 -0.242393 1.285012 0.318555 0.062569 -0.163990
    29 1.550753 0.000001 0.000000 0.061718 0.075999 -0.683161
    30 0.904888 0.000001 0.000000 0.001658 0.026316 -0.062909
    31 1.219385 -1.063860 0.837143 1.892454 -0.324449 -0.255898
    32 1.496971 -0.000002 -0.000001 0.000000 -0.094778 -0.333994
    33 1.100086 0.000000 0.000000 0.000000 -0.040666 0.285682
    34 3.815876 1.385489 -1.500000 0.325114 1.277724 -1.273743
    35 4.327089 -0.000004 0.000000 1.358201 0.277123 -1.188038
    36 11.105106 0.000000 0.000004 0.000000 0.000000 -2.086811
    37 9.862080 -0.000007 0.000017 -1.601868 0.382388 -0.115509
    38 2.641111 0.211586 1.074188 -0.340804 -0.190592 -0.206085
    39 1.361601 0.000000 0.000000 0.033841 0.056553 -0.539645
    40 0.779604 0.000001 0.000000 0.038850 0.124039 -0.304402
    41 2.908730 0.220541 0.432493 -0.312875 -0.064497 -0.241168
    42 1.597527 0.000000 0.000000 0.020360 0.043876 -0.434642
    43 0.912678 0.000000 0.000000 -0.002612 -0.008298 -0.304949
    44 3.265471 0.051184 -0.415600 -0.320266 -0.091425 -0.184622
    45 1.860470 0.000000 0.000000 0.051595 0.064269 -0.677213
    46 1.061485 0.000000 0.000000 -0.004073 -0.029503 -0.137208
    47 3.340403 -0.238762 -1.285691 -0.315731 -0.062571 -0.163986
    48 1.550755 0.000000 0.000000 -0.061718 -0.075999 -0.683161
    49 0.904886 0.000001 0.000000 -0.001658 -0.026316 -0.062909
    50 1.219410 -1.061498 -0.840143 -1.889571 0.325162 -0.254974
    51 1.496971 0.000002 0.000000 0.000000 0.094778 -0.333994
    52 1.100088 0.000000 0.000000 0.000000 0.040666 0.285682
    53 0.000000 -0.000007 -0.000031 1.373047 0.113574 0.124314
    54 0.000000 0.000000 0.000000 -0.077030 -0.068757 -1.299215
    55 7.054213 0.000000 0.000000 0.000000 0.000000 0.000000
    56 0.000000 -0.000007 -0.000031 1.373047 0.113574 0.124314
    57 0.000000 -0.000007 -0.000031 1.373047 0.113574 0.124314
    58 2.856947 -1.536175 -0.973780 -1.501147 -0.272558 -1.578261
    59 0.000000 0.000000 10.000000 0.000000 0.000000 0.000000
    60 2.856899 -1.536201 -0.973800 -1.501147 -0.272558 -1.578261
    61 2.000000 -3.000000 0.000000 -1.570796 0.000000 -1.326450
    62 0.018896 0.665159 9.395880 0.000000 0.000000 0.000000
    63 3.028210 -0.923409 -2.009452 1.574082 -0.012974 1.587244
    64 0.116954 4.311606 0.061861 0.000010 0.000000 0.000000
    65 0.000000 -0.000002 0.000000 0.000000 0.000000 0.000000
    66 0.000000 1.000000 0.000010 0.000000 0.000000 0.000000
    67 -0.000001 0.000000 0.000000 0.000000 0.000000 0.000000
    68 -0.000001 0.000000 0.000000 0.000000 0.000000 0.000000
    69 -0.000001 0.000000 0.000000 0.000000 0.000000 0.000000
time 11
    0 3.361328 0.413086 5.132813 -0.073674 0.409445 0.015495
    1 3.455587 0.000000 0.000000 -2.667247 -0.237910 -0.844084
    2 16.572346 0.000000 0.000000 0.000000 0.000000 1.620393
    3 16.265829 0.000000 0.000000 -0.122765 0.166303 -1.550815
    4 5.046457 0.000000 0.000000 0.009899 -0.018745 -0.256071
    5 -3.455587 0.000000 0.000000 -1.314139 0.010013 -1.673908
    6 16.572346 0.000000 0.000000 0.000000 0.000000 0.307844
    7 16.265831 0.000000 0.000000 -0.125346 -0.444143 -1.238769
    8 5.046457 0.000000 0.000000 -0.100189 0.015039 -0.454719
    9 0.000000 3.703728 0.293189 1.435195 -0.297283 1.449156
    10 3.307846 0.000000 0.000000 -0.134598 -0.072329 -0.087361
    11 3.297962 0.000000 0.000000 -0.123334 -0.031132 -0.187104
    12 6.040985 0.000000 0.000000 -0.125694 0.019548 0.192662
    13 5.065758 0.000000 0.000000 2.960529 0.245090 0.813401
    14 3.993755 0.000000 0.000000 -0.220852 -0.243500 0.107736
    15 3.815876 1.385489 1.500000 -0.117503 -1.347799 -1.681185
    16 4.327093 0.000004 0.000000 -1.316788 0.240439 -0.547429
    17 11.105114 0.000000 0.000000 0.000000 0.000000 -2.067476
    18 9.862099 -0.000011 -0.000031 1.725991 -0.356685 -0.341023
    19 2.641094 0.214619 -1.073586 0.343628 0.190590 -0.206088
    20 1.361605 -0.000002 0.000000 -0.033841 -0.056553 -0.539645
    21 0.779602 0.000002 0.000000 -0.038850 -0.124039 -0.304402
    22 2.908712 0.221762 -0.431868 0.315698 0.064495 -0.241172
    23 1.597527 0.000001 0.000000 -0.020360 -0.043876 -0.434642
    24 0.912680 0.000001 0.000000 0.002612 0.008298 -0.304949
    25 3.265450 0.050007 0.415744 0.323090 0.091423 -0.184625
    26 1.860470 0.000000 0.000000 -0.051595 -0.064269 -0.677213
    27 1.061481 -0.000001 0.000000 0.004073 0.029503 -0.137208
    28 3.340382 -0.242393 1.285012 0.318555 0.062569 -0.163990
    29 1.550753 0.000001 0.000000 0.061718 0.075999 -0.683161
    30 0.904888 0.000001 0.000000 0.001658 0.026316 -0.062909
    31 1.219385 -1.063860 0.837143 1.892454 -0.324449 -0.255898
    32 1.496971 -0.000002 -0.000001 0.000000 -0.094778 -0.333994
    33 1.100086 0.000000 0.000000 0.000000 -0.040666 0.285682
    34 3.815876 1.385489 -1.500000 0.389779 1.270440 -1.243717
    35 4.327089 -0.000004 0.000000 1.390030 0.326606 -1.186117
    36 11.105106 0.000000 0.000004 0.000000 0.000000 -2.154685
    37 9.862080 -0.000007 0.000017 -1.601320 0.378070 -0.090397
    38 2.641111 0.211586 1.074188 -0.340804 -0.190592 -0.206085
    39 1.361601 0.000000 0.000000 0.033841 0.056553 -0.539645
    40 0.779604 0.000001 0.000000 0.038850 0.124039 -0.304402
    41 2.908730 0.220541 0.432493 -0.312875 -0.064497 -0.241168
    42 1.597527 0.000000 0.000000 0.020360 0.043876 -0.434642
    43 0.912678 0.000000 0.000000 -0.002612 -0.008298 -0.304949
    44 3.265471 0.051184 -0.415600 -0.320266 -0.091425 -0.184622
    45 1.860470 0.000000 0.000000 0.051595 0.064269 -0.677213
    46 1.061485 0.000000 0.000000 -0.004073 -0.029503 -0.137208
    47 3.340403 -0.238762 -1.285691 -0.315731 -0.062571 -0.163986
    48 1.550755 0.000000 0.000000 -0.061718 -0.075999 -0.683161
    49 0.904886 0.000001 0.000000 -0.001658 -0.026316 -0.062909
    50 1.219410 -1.061498 -0.840143 -1.889571 0.325162 -0.254974
    51 1.496971 0.000002 0.000000 0.000000 0.094778 -0.333994
    52 1.100088 0.000000 0.000000 0.000000 0.040666 0.285682
    53 0.000000 -0.000007 -0.000031 1.373047 0.113574 0.124314
    54 0.000000 0.000000 0.000000 -0.077030 -0.068757 -1.299215
    55 7.054213 0.000000 0.000000 0.000000 0.000000 0.000000
    56 0.000000 -0.000007 -0.000031 1.373047 0.113574 0.124314
    57 0.000000 -0.000007 -0.000031 1.373047 0.113574 0.124314
    58 2.856947 -1.536175 -0.973780 -1.501147 -0.272558 -1.578261
    59 0.000000 0.000000 10.000000 0.000000 0.000000 0.000000
    60 2.856899 -1.536201 -0.973800 -1.501147 -0.272558 -1.578261
    61 2.000000 -3.000000 0.000000 -1.570796 0.000000 -1.326450
    62 0.018896 0.665159 9.395880 0.000000 0.000000 0.000000
    63 3.028210 -0.923409 -2.009452 1.574082 -0.012974 1.587244
    64 0.116954 4.311606 0.061861 0.000010 0.000000 0.000000
    65 0.000000 -0.000002 0.000000 0.000000 0.000000 0.000000
    66 0.000000 1.000000 0.000010 0.000000 0.000000 0.000000
    67 -0.000001 0.000000 0.000000 0.000000 0.000000 0.000000
    68 -0.000001 0.000000 0.000000 0.000000 0.000000 0.000000
    69 -0.000001 0.000000 0.000000 0.000000 0.000000 0.000000
time 12
    0 3.511719 0.662598 4.941406 -0.136456 0.389667 -0.008673
    1 3.455587 0.000000 0.000000 -2.584728 -0.231728 -0.878281
    2 16.572346 0.000000 0.000000 0.000000 0.000000 1.589056
    3 16.265829 0.000000 0.000000 -0.101678 0.138718 -1.507427
    4 5.046457 0.000000 0.000000 0.009837 -0.018769 -0.275581
    5 -3.455587 0.000000 0.000000 -1.241146 0.073863 -1.676538
    6 16.572346 0.000000 0.000000 0.000000 0.000000 0.306621
    7 16.265831 0.000000 0.000000 -0.128196 -0.422053 -1.319590
    8 5.046457 0.000000 0.000000 -0.100169 0.015022 -0.435045
    9 0.000000 3.703728 0.293189 1.440966 -0.307263 1.468034
    10 3.307846 0.000000 0.000000 -0.127779 -0.062514 -0.082484
    11 3.297962 0.000000 0.000000 -0.115893 -0.033804 -0.185463
    12 6.040985 0.000000 0.000000 -0.119556 0.005693 0.193246
    13 5.065758 0.000000 0.000000 2.987415 0.248932 0.766193
    14 3.993755 0.000000 0.000000 -0.206658 -0.248269 0.158467
    15 3.815876 1.385489 1.500000 -0.288956 -1.353000 -1.537799
    16 4.327093 0.000004 0.000000 -1.210341 0.104916 -0.602098
    17 11.105114 0.000000 0.000000 0.000000 0.000000 -1.944900
    18 9.862099 -0.000011 -0.000031 1.661837 -0.471607 -0.404528
    19 2.641094 0.214619 -1.073586 0.343628 0.190590 -0.206088
    20 1.361605 -0.000002 0.000000 -0.033841 -0.056553 -0.539645
    21 0.779602 0.000002 0.000000 -0.038850 -0.124039 -0.304402
    22 2.908712 0.221762 -0.431868 0.315698 0.064495 -0.241172
    23 1.597527 0.000001 0.000000 -0.020360 -0.043876 -0.434642
    24 0.912680 0.000001 0.000000 0.002612 0.008298 -0.304949
    25 3.265450 0.050007 0.415744 0.323090 0.091423 -0.184625
    26 1.860470 0.000000 0.000000 -0.051595 -0.064269 -0.677213
    27 1.061481 -0.000001 0.000000 0.004073 0.029503 -0.137208
    28 3.340382 -0.242393 1.285012 0.318555 0.062569 -0.163990
    29 1.550753 0.000001 0.000000 0.061718 0.075999 -0.683161
    30 0.904888 0.000001 0.000000 0.001658 0.026316 -0.062909
    31 1.219385 -1.063860 0.837143 1.892454 -0.324449 -0.255898
    32 1.496971 -0.000002 -0.000001 0.000000 -0.094778 -0.333994
    33 1.100086 0.000000 0.000000 0.000000 -0.040666 0.285682
    34 3.815876 1.385489 -1.500000 0.477774 1.246422 -1.167652
    35 4.327089 -0.000004 0.000000 1.443837 0.317129 -1.193710
    36 11.105106 0.000000 0.000004 0.000000 0.000000 -2.209183
    37 9.862080 -0.000007 0.000017 -1.595911 0.424884 -0.092938
    38 2.641111 0.211586 1.074188 -0.340804 -0.190592 -0.206085
    39 1.361601 0.000000 0.000000 0.033841 0.056553 -0.539645
    40 0.779604 0.000001 0.000000 0.038850 0.124039 -0.304402
    41 2.908730 0.220541 0.432493 -0.312875 -0.064497 -0.241168
    42 1.597527 0.000000 0.000000 0.020360 0.043876 -0.434642
    43 0.912678 0.000000 0.000000 -0.002612 -0.008298 -0.304949
    44 3.265471 0.051184 -0.415600 -0.320266 -0.091425 -0.184622
    45 1.860470 0.000000 0.000000 0.051595 0.064269 -0.677213
    46 1.061485 0.000000 0.000000 -0.004073 -0.029503 -0.137208
    47 3.340403 -0.238762 -1.285691 -0.315731 -0.062571 -0.163986
    48 1.550755 0.000000 0.000000 -0.061718 -0.075999 -0.683161
    49 0.904886 0.000001 0.000000 -0.001658 -0.026316 -0.062909
    50 1.219410 -1.061498 -0.840143 -1.889571 0.325162 -0.254974
    51 1.496971 0.000002 0.000000 0.000000 0.094778 -0.333994
    52 1.100088 0.000000 0.000000 0.000000 0.040666 0.285682
    53 0.000000 -0.000007 -0.000031 1.373047 0.113574 0.124314
    54 0.000000 0.000000 0.000000 -0.077030 -0.068757 -1.299215
    55 7.054213 0.000000 0.000000 0.000000 0.000000 0.000000
    56 0.000000 -0.000007 -0.000031 1.373047 0.113574 0.124314
    57 0.000000 -0.000007 -0.000031 1.373047 0.113574 0.124314
    58 2.856947 -1.536175 -0.973780 -1.501147 -0.272558 -1.578261
    59 0.000000 0.000000 10.000000 0.000000 0.000000 0.000000
    60 2.856899 -1.536201 -0.973800 -1.501147 -0.272558 -1.578261
    61 2.000000 -3.000000 0.000000 -1.570796 0.000000 -1.326450
    62 0.018896 0.665159 9.395880 0.000000 0.000000 0.000000
    63 3.028210 -0.923409 -2.009452 1.574082 -0.012974 1.587244
    64 0.116954 4.311606 0.061861 0.000010 0.000000 0.000000
    65 0.000000 -0.000002 0.000000 0.000000 0.000000 0.000000
    66 0.000000 1.000000 0.000010 0.000000 0.000000 0.000000
    67 -0.000001 0.000000 0.000000 0.000000 0.000000 0.000000
    68 -0.000001 0.000000 0.000000 0.000000 0.000000 0.000000
    69 -0.000001 0.000000 0.000000 0.000000 0.000000 0.000000
time 13
    0 3.447266 0.932617 4.757813 -0.175277 0.402839 -0.031376
    1 3.455587 0.000000 0.000000 -2.502273 -0.255284 -0.912142
    2 16.572346 0.000000 0.000000 0.000000 0.000000 1.551690
    3 16.265829 0.000000 0.000000 -0.124451 0.118432 -1.462137
    4 5.046457 0.000000 0.000000 0.009870 -0.018794 -0.243890
    5 -3.455587 0.000000 0.000000 -1.185815 0.112822 -1.667864
    6 16.572346 0.000000 0.000000 0.000000 0.000000 0.318419
    7 16.265831 0.000000 0.000000 -0.177351 -0.262900 -1.411455
    8 5.046457 0.000000 0.000000 -0.100226 0.014987 -0.404557
    9 0.000000 3.703728 0.293189 1.443657 -0.335232 1.494504
    10 3.307846 0.000000 0.000000 -0.123085 -0.050129 -0.070466
    11 3.297962 0.000000 0.000000 -0.109247 -0.039816 -0.192258
    12 6.040985 0.000000 0.000000 -0.115023 -0.014647 0.173308
    13 5.065758 0.000000 0.000000 3.037150 0.211625 0.763155
    14 3.993755 0.000000 0.000000 -0.148919 -0.227491 0.153676
    15 3.815876 1.385489 1.500000 -0.399908 -1.360763 -1.444026
    16 4.327093 0.000004 0.000000 -1.073658 -0.108991 -0.679462
    17 11.105114 0.000000 0.000000 0.000000 0.000000 -1.790555
    18 9.862099 -0.000011 -0.000031 1.659678 -0.719347 -0.582239
    19 2.641094 0.214619 -1.073586 0.343628 0.190590 -0.206088
    20 1.361605 -0.000002 0.000000 -0.033841 -0.056553 -0.539645
    21 0.779602 0.000002 0.000000 -0.038850 -0.124039 -0.304402
    22 2.908712 0.221762 -0.431868 0.315698 0.064495 -0.241172
    23 1.597527 0.000001 0.000000 -0.020360 -0.043876 -0.434642
    24 0.912680 0.000001 0.000000 0.002612 0.008298 -0.304949
    25 3.265450 0.050007 0.415744 0.323090 0.091423 -0.184625
    26 1.860470 0.000000 0.000000 -0.051595 -0.064269 -0.677213
    27 1.061481 -0.000001 0.000000 0.004073 0.029503 -0.137208
    28 3.340382 -0.242393 1.285012 0.318555 0.062569 -0.163990
    29 1.550753 0.000001 0.000000 0.061718 0.075999 -0.683161
    30 0.904888 0.000001 0.000000 0.001658 0.026316 -0.062909
    31 1.219385 -1.063860 0.837143 1.892454 -0.324449 -0.255898
    32 1.496971 -0.000002 -0.000001 0.000000 -0.094778 -0.333994
    33 1.100086 0.000000 0.000000 0.000000 -0.040666 0.285682
    34 3.815876 1.385489 -1.500000 0.504134 1.269923 -1.160181
    35 4.327089 -0.000004 0.000000 1.396956 0.307915 -1.184378
    36 11.105106 0.000000 0.000004 0.000000 0.000000 -2.186602
    37 9.862080 -0.000007 0.000017 -1.477811 0.784937 -0.129175
    38 2.641111 0.211586 1.074188 -0.340804 -0.190592 -0.206085
    39 1.361601 0.000000 0.000000 0.033841 0.056553 -0.539645
    40 0.779604 0.000001 0.000000 0.038850 0.124039 -0.304402
    41 2.908730 0.220541 0.432493 -0.312875 -0.064497 -0.241168
    42 1.597527 0.000000 0.000000 0.020360 0.043876 -0.434642
    43 0.912678 0.000000 0.000000 -0.002612 -0.008298 -0.304949
    44 3.265471 0.051184 -0.415600 -0.320266 -0.091425 -0.184622
    45 1.860470 0.000000 0.000000 0.051595 0.064269 -0.677213
    46 1.061485 0.000000 0.000000 -0.004073 -0.029503 -0.137208
    47 3.340403 -0.238762 -1.285691 -0.315731 -0.062571 -0.163986
    48 1.550755 0.000000 0.000000 -0.061718 -0.075999 -0.683161
    49 0.904886 0.000001 0.000000 -0.001658 -0.026316 -0.062909
    50 1.219410 -1.061498 -0.840143 -1.889571 0.325162 -0.254974
    51 1.496971 0.000002 0.000000 0.000000 0.094778 -0.333994
    52 1.100088 0.000000 0.000000 0.000000 0.040666 0.285682
    53 0.000000 -0.000007 -0.000031 1.373047 0.113574 0.124314
    54 0.000000 0.000000 0.000000 -0.077030 -0.068757 -1.299215
    55 7.054213 0.000000 0.000000 0.000000 0.000000 0.000000
    56 0.000000 -0.000007 -0.000031 1.373047 0.113574 0.124314
    57 0.000000 -0.000007 -0.000031 1.373047 0.113574 0.124314
    58 2.856947 -1.536175 -0.973780 -1.501147 -0.272558 -1.578261
    59 0.000000 0.000000 10.000000 0.000000 0.000000 0.000000
    60 2.856899 -1.536201 -0.973800 -1.501147 -0.272558 -1.578261
    61 2.000000 -3.000000 0.000000 -1.570796 0.000000 -1.326450
    62 0.018896 0.665159 9.395880 0.000000 0.000000 0.000000
    63 3.028210 -0.923409 -2.009452 1.574082 -0.012974 1.587244
    64 0.116954 4.311606 0.061861 0.000010 0.000000 0.000000
    65 0.000000 -0.000002 0.000000 0.000000 0.000000 0.000000
    66 0.000000 1.000000 0.000010 0.000000 0.000000 0.000000
    67 -0.000001 0.000000 0.000000 0.000000 0.000000 0.000000
    68 -0.000001 0.000000 0.000000 0.000000 0.000000 0.000000
    69 -0.000001 0.000000 0.000000 0.000000 0.000000 0.000000
time 14
    0 3.224609 1.186523 4.609375 -0.200506 0.420109 -0.050944
    1 3.455587 0.000000 0.000000 -2.453620 -0.269308 -0.927840
    2 16.572346 0.000000 0.000000 0.000000 0.000000 1.519413
    3 16.265829 0.000000 0.000000 -0.127635 0.111966 -1.429743
    4 5.046457 0.000000 0.000000 0.009839 -0.018776 -0.249718
    5 -3.455587 0.000000 0.000000 -1.244971 0.104088 -1.644218
    6 16.572346 0.000000 0.000000 0.000000 0.000000 0.373279
    7 16.265831 0.000000 0.000000 -0.209451 -0.009252 -1.489378
    8 5.046457 0.000000 0.000000 -0.100205 0.014987 -0.388336
    9 0.000000 3.703728 0.293189 1.444087 -0.374540 1.514952
    10 3.307846 0.000000 0.000000 -0.120835 -0.043101 -0.051723
    11 3.297962 0.000000 0.000000 -0.104564 -0.046871 -0.202575
    12 6.040985 0.000000 0.000000 -0.111843 -0.030952 0.146873
    13 5.065758 0.000000 0.000000 3.105620 0.175205 0.817021
    14 3.993755 0.000000 0.000000 -0.085899 -0.193545 0.108827
    15 3.815876 1.385489 1.500000 -0.440652 -1.385410 -1.417638
    16 4.327093 0.000004 0.000000 -0.980127 -0.330291 -0.825594
    17 11.105114 0.000000 0.000000 0.000000 0.000000 -1.541195
    18 9.862099 -0.000011 -0.000031 1.830266 -0.819634 -0.798817
    19 2.641094 0.214619 -1.073586 0.343628 0.190590 -0.206088
    20 1.361605 -0.000002 0.000000 -0.033841 -0.056553 -0.539645
    21 0.779602 0.000002 0.000000 -0.038850 -0.124039 -0.304402
    22 2.908712 0.221762 -0.431868 0.315698 0.064495 -0.241172
    23 1.597527 0.000001 0.000000 -0.020360 -0.043876 -0.434642
    24 0.912680 0.000001 0.000000 0.002612 0.008298 -0.304949
    25 3.265450 0.050007 0.415744 0.323090 0.091423 -0.184625
    26 1.860470 0.000000 0.000000 -0.051595 -0.064269 -0.677213
    27 1.061481 -0.000001 0.000000 0.004073 0.029503 -0.137208
    28 3.340382 -0.242393 1.285012 0.318555 0.062569 -0.163990
    29 1.550753 0.000001 0.000000 0.061718 0.075999 -0.683161
    30 0.904888 0.000001 0.000000 0.001658 0.026316 -0.062909
    31 1.219385 -1.063860 0.837143 1.892454 -0.324449 -0.255898
    32 1.496971 -0.000002 -0.000001 0.000000 -0.094778 -0.333994
    33 1.100086 0.000000 0.000000 0.000000 -0.040666 0.285682
    34 3.815876 1.385489 -1.500000 0.446765 1.289792 -1.239071
    35 4.327089 -0.000004 0.000000 1.248327 0.351874 -1.150715
    36 11.105106 0.000000 0.000004 0.000000 0.000000 -2.121107
    37 9.862080 -0.000007 0.000017 -1.379698 1.187912 -0.276759
    38 2.641111 0.211586 1.074188 -0.340804 -0.190592 -0.206085
    39 1.361601 0.000000 0.000000 0.033841 0.056553 -0.539645
    40 0.779604 0.000001 0.000000 0.038850 0.124039 -0.304402
    41 2.908730 0.220541 0.432493 -0.312875 -0.064497 -0.241168
    42 1.597527 0.000000 0.000000 0.020360 0.043876 -0.434642
    43 0.912678 0.000000 0.000000 -0.002612 -0.008298 -0.304949
    44 3.265471 0.051184 -0.415600 -0.320266 -0.091425 -0.184622
    45 1.860470 0.000000 0.000000 0.051595 0.064269 -0.677213
    46 1.061485 0.000000 0.000000 -0.004073 -0.029503 -0.137208
    47 3.340403 -0.238762 -1.285691 -0.315731 -0.062571 -0.163986
    48 1.550755 0.000000 0.000000 -0.061718 -0.075999 -0.683161
    49 0.904886 0.000001 0.000000 -0.001658 -0.026316 -0.062909
    50 1.219410 -1.061498 -0.840143 -1.889571 0.325162 -0.254974
    51 1.496971 0.000002 0.000000 0.000000 0.094778 -0.333994
    52 1.100088 0.000000 0.000000 0.000000 0.040666 0.285682
    53 0.000000 -0.000007 -0.000031 1.373047 0.113574 0.124314
    54 0.000000 0.000000 0.000000 -0.077030 -0.068757 -1.299215
    55 7.054213 0.000000 0.000000 0.000000 0.000000 0.000000
    56 0.000000 -0.000007 -0.000031 1.373047 0.113574 0.124314
    57 0.000000 -0.000007 -0.000031 1.373047 0.113574 0.124314
    58 2.856947 -1.536175 -0.973780 -1.501147 -0.272558 -1.578261
    59 0.000000 0.000000 10.000000 0.000000 0.000000 0.000000
    60 2.856899 -1.536201 -0.973800 -1.501147 -0.272558 -1.578261
    61 2.000000 -3.000000 0.000000 -1.570796 0.000000 -1.326450
    62 0.018896 0.665159 9.395880 0.000000 0.000000 0.000000
    63 3.028210 -0.923409 -2.009452 1.574082 -0.012974 1.587244
    64 0.116954 4.311606 0.061861 0.000010 0.000000 0.000000
    65 0.000000 -0.000002 0.000000 0.000000 0.000000 0.000000
    66 0.000000 1.000000 0.000010 0.000000 0.000000 0.000000
    67 -0.000001 0.000000 0.000000 0.000000 0.000000 0.000000
    68 -0.000001 0.000000 0.000000 0.000000 0.000000 0.000000
    69 -0.000001 0.000000 0.000000 0.000000 0.000000 0.000000
time 15
    0 2.904297 1.407227 4.550781 -0.209504 0.414290 -0.061794
    1 3.455587 0.000000 0.000000 -2.448838 -0.260568 -0.921724
    2 16.572346 0.000000 0.000000 0.000000 0.000000 1.495144
    3 16.265829 0.000000 0.000000 -0.137123 0.117996 -1.430844
    4 5.046457 0.000000 0.000000 0.009842 -0.018799 -0.267042
    5 -3.455587 0.000000 0.000000 -1.407874 0.032117 -1.605698
    6 16.572346 0.000000 0.000000 0.000000 0.000000 0.483458
    7 16.265831 0.000000 0.000000 -0.170072 0.122258 -1.497310
    8 5.046457 0.000000 0.000000 -0.100226 0.015040 -0.388955
    9 0.000000 3.703728 0.293189 1.443771 -0.408984 1.518538
    10 3.307846 0.000000 0.000000 -0.120305 -0.045437 -0.033424
    11 3.297962 0.000000 0.000000 -0.100740 -0.054222 -0.212553
    12 6.040985 0.000000 0.000000 -0.109207 -0.041666 0.123501
    13 5.065758 0.000000 0.000000 -3.108547 0.124394 0.883230
    14 3.993755 0.000000 0.000000 -0.020220 -0.150065 0.073045
    15 3.815876 1.385489 1.500000 -0.608023 -1.450883 -1.240244
    16 4.327093 0.000004 0.000000 -0.928138 -0.529968 -0.987809
    17 11.105114 0.000000 0.000000 0.000000 0.000000 -1.122189
    18 9.862099 -0.000011 -0.000031 1.898333 -0.837313 -0.741668
    19 2.641094 0.214619 -1.073586 0.343628 0.190590 -0.206088
    20 1.361605 -0.000002 0.000000 -0.033841 -0.056553 -0.539645
    21 0.779602 0.000002 0.000000 -0.038850 -0.124039 -0.304402
    22 2.908712 0.221762 -0.431868 0.315698 0.064495 -0.241172
    23 1.597527 0.000001 0.000000 -0.020360 -0.043876 -0.434642
    24 0.912680 0.000001 0.000000 0.002612 0.008298 -0.304949
    25 3.265450 0.050007 0.415744 0.323090 0.091423 -0.184625
    26 1.860470 0.000000 0.000000 -0.051595 -0.064269 -0.677213
    27 1.061481 -0.000001 0.000000 0.004073 0.029503 -0.137208
    28 3.340382 -0.242393 1.285012 0.318555 0.062569 -0.163990
    29 1.550753 0.000001 0.000000 0.061718 0.075999 -0.683161
    30 0.904888 0.000001 0.000000 0.001658 0.026316 -0.062909
    31 1.219385 -1.063860 0.837143 1.892454 -0.324449 -0.255898
    32 1.496971 -0.000002 -0.000001 0.000000 -0.094778 -0.333994
    33 1.100086 0.000000 0.000000 0.000000 -0.040666 0.285682
    34 3.815876 1.385489 -1.500000 0.387404 1.320096 -1.311232
    35 4.327089 -0.000004 0.000000 1.124048 0.370956 -1.127292
    36 11.105106 0.000000 0.000004 0.000000 0.000000 -2.105243
    37 9.862080 -0.000007 0.000017 -1.520499 1.105178 -0.423042
    38 2.641111 0.211586 1.074188 -0.340804 -0.190592 -0.206085
    39 1.361601 0.000000 0.000000 0.033841 0.056553 -0.539645
    40 0.779604 0.000001 0.000000 0.038850 0.124039 -0.304402
    41 2.908730 0.220541 0.432493 -0.312875 -0.064497 -0.241168
    42 1.597527 0.000000 0.000000 0.020360 0.043876 -0.434642
    43 0.912678 0.000000 0.000000 -0.002612 -0.008298 -0.304949
    44 3.265471 0.051184 -0.415600 -0.320266 -0.091425 -0.184622
    45 1.860470 0.000000 0.000000 0.051595 0.064269 -0.677213
    46 1.061485 0.000000 0.000000 -0.004073 -0.029503 -0.137208
    47 3.340403 -0.238762 -1.285691 -0.315731 -0.062571 -0.163986
    48 1.550755 0.000000 0.000000 -0.061718 -0.075999 -0.683161
    49 0.904886 0.000001 0.000000 -0.001658 -0.026316 -0.062909
    50 1.219410 -1.061498 -0.840143 -1.889571 0.325162 -0.254974
    51 1.496971 0.000002 0.000000 0.000000 0.094778 -0.333994
    52 1.100088 0.000000 0.000000 0.000000 0.040666 0.285682
    53 0.000000 -0.000007 -0.000031 1.373047 0.113574 0.124314
    54 0.000000 0.000000 0.000000 -0.077030 -0.068757 -1.299215
    55 7.054213 0.000000 0.000000 0.000000 0.000000 0.000000
    56 0.000000 -0.000007 -0.000031 1.373047 0.113574 0.124314
    57 0.000000 -0.000007 -0.000031 1.373047 0.113574 0.124314
    58 2.856947 -1.536175 -0.973780 -1.501147 -0.272558 -1.578261
    59 0.000000 0.000000 10.000000 0.000000 0.000000 0.000000
    60 2.856899 -1.536201 -0.973800 -1.501147 -0.272558 -1.578261
    61 2.000000 -3.000000 0.000000 -1.570796 0.000000 -1.326450
    62 0.018896 0.665159 9.395880 0.000000 0.000000 0.000000
    63 3.028210 -0.923409 -2.009452 1.574082 -0.012974 1.587244
    64 0.116954 4.311606 0.061861 0.000010 0.000000 0.000000
    65 0.000000 -0.000002 0.000000 0.000000 0.000000 0.000000
    66 0.000000 1.000000 0.000010 0.000000 0.000000 0.000000
    67 -0.000001 0.000000 0.000000 0.000000 0.000000 0.000000
    68 -0.000001 0.000000 0.000000 0.000000 0.000000 0.000000
    69 -0.000001 0.000000 0.000000 0.000000 0.000000 0.000000
time 16
    0 2.271484 1.549805 4.648438 -0.210841 0.377923 -0.068092
    1 3.455587 0.000000 0.000000 -2.484535 -0.224376 -0.879251
    2 16.572346 0.000000 0.000000 0.000000 0.000000 1.477558
    3 16.265829 0.000000 0.000000 -0.167156 0.125015 -1.447858
    4 5.046457 0.000000 0.000000 0.009902 -0.018794 -0.290319
    5 -3.455587 0.000000 0.000000 -1.603031 -0.083867 -1.533503
    6 16.572346 0.000000 0.000000 0.000000 0.000000 0.647928
    7 16.265831 0.000000 0.000000 -0.063668 0.055345 -1.429036
    8 5.046457 0.000000 0.000000 -0.100156 0.015021 -0.415062
    9 0.000000 3.703728 0.293189 1.448180 -0.434570 1.494372
    10 3.307846 0.000000 0.000000 -0.117779 -0.058326 -0.021044
    11 3.297962 0.000000 0.000000 -0.095293 -0.057425 -0.215312
    12 6.040985 0.000000 0.000000 -0.104807 -0.045689 0.114430
    13 5.065758 0.000000 0.000000 -3.053082 0.067603 0.907253
    14 3.993755 0.000000 0.000000 0.042563 -0.106614 0.063110
    15 3.815876 1.385489 1.500000 -1.314322 -1.466373 -0.529696
    16 4.327093 0.000004 0.000000 -0.893577 -0.682870 -1.154673
    17 11.105114 0.000000 0.000000 0.000000 0.000000 -0.656403
    18 9.862099 -0.000011 -0.000031 1.837328 -0.744166 -0.381594
    19 2.641094 0.214619 -1.073586 0.343628 0.190590 -0.206088
    20 1.361605 -0.000002 0.000000 -0.033841 -0.056553 -0.539645
    21 0.779602 0.000002 0.000000 -0.038850 -0.124039 -0.304402
    22 2.908712 0.221762 -0.431868 0.315698 0.064495 -0.241172
    23 1.597527 0.000001 0.000000 -0.020360 -0.043876 -0.434642
    24 0.912680 0.000001 0.000000 0.002612 0.008298 -0.304949
    25 3.265450 0.050007 0.415744 0.323090 0.091423 -0.184625
    26 1.860470 0.000000 0.000000 -0.051595 -0.064269 -0.677213
    27 1.061481 -0.000001 0.000000 0.004073 0.029503 -0.137208
    28 3.340382 -0.242393 1.285012 0.318555 0.062569 -0.163990
    29 1.550753 0.000001 0.000000 0.061718 0.075999 -0.683161
    30 0.904888 0.000001 0.000000 0.001658 0.026316 -0.062909
    31 1.219385 -1.063860 0.837143 1.892454 -0.324449 -0.255898
    32 1.496971 -0.000002 -0.000001 0.000000 -0.094778 -0.333994
    33 1.100086 0.000000 0.000000 0.000000 -0.040666 0.285682
    34 3.815876 1.385489 -1.500000 0.369991 1.353197 -1.339321
    35 4.327089 -0.000004 0.000000 1.028758 0.368862 -1.118931
    36 11.105106 0.000000 0.000004 0.000000 0.000000 -2.121799
    37 9.862080 -0.000007 0.000017 -1.608132 0.906985 -0.428211
    38 2.641111 0.211586 1.074188 -0.340804 -0.190592 -0.206085
    39 1.361601 0.000000 0.000000 0.033841 0.056553 -0.539645
    40 0.779604 0.000001 0.000000 0.038850 0.124039 -0.304402
    41 2.908730 0.220541 0.432493 -0.312875 -0.064497 -0.241168
    42 1.597527 0.000000 0.000000 0.020360 0.043876 -0.434642
    43 0.912678 0.000000 0.000000 -0.002612 -0.008298 -0.304949
    44 3.265471 0.051184 -0.415600 -0.320266 -0.091425 -0.184622
    45 1.860470 0.000000 0.000000 0.051595 0.064269 -0.677213
    46 1.061485 0.000000 0.000000 -0.004073 -0.029503 -0.137208
    47 3.340403 -0.238762 -1.285691 -0.315731 -0.062571 -0.163986
    48 1.550755 0.000000 0.000000 -0.061718 -0.075999 -0.683161
    49 0.904886 0.000001 0.000000 -0.001658 -0.026316 -0.062909
    50 1.219410 -1.061498 -0.840143 -1.889571 0.325162 -0.254974
    51 1.496971 0.000002 0.000000 0.000000 0.094778 -0.333994
    52 1.100088 0.000000 0.000000 0.000000 0.040666 0.285682
    53 0.000000 -0.000007 -0.000031 1.373047 0.113574 0.124314
    54 0.000000 0.000000 0.000000 -0.077030 -0.068757 -1.299215
    55 7.054213 0.000000 0.000000 0.000000 0.000000 0.000000
    56 0.000000 -0.000007 -0.000031 1.373047 0.113574 0.124314
    57 0.000000 -0.000007 -0.000031 1.373047 0.113574 0.124314
    58 2.856947 -1.536175 -0.973780 -1.501147 -0.272558 -1.578261
    59 0.000000 0.000000 10.000000 0.000000 0.000000 0.000000
    60 2.856899 -1.536201 -0.973800 -1.501147 -0.272558 -1.578261
    61 2.000000 -3.000000 0.000000 -1.570796 0.000000 -1.326450
    62 0.018896 0.665159 9.395880 0.000000 0.000000 0.000000
    63 3.028210 -0.923409 -2.009452 1.574082 -0.012974 1.587244
    64 0.116954 4.311606 0.061861 0.000010 0.000000 0.000000
    65 0.000000 -0.000002 0.000000 0.000000 0.000000 0.000000
    66 0.000000 1.000000 0.000010 0.000000 0.000000 0.000000
    67 -0.000001 0.000000 0.000000 0.000000 0.000000 0.000000
    68 -0.000001 0.000000 0.000000 0.000000 0.000000 0.000000
    69 -0.000001 0.000000 0.000000 0.000000 0.000000 0.000000
time 17
    0 1.690430 1.521484 4.781250 -0.207648 0.328360 -0.069830
    1 3.455587 0.000000 0.000000 -2.534291 -0.179033 -0.835263
    2 16.572346 0.000000 0.000000 0.000000 0.000000 1.459301
    3 16.265829 0.000000 0.000000 -0.165819 0.117168 -1.472925
    4 5.046457 0.000000 0.000000 0.009870 -0.018751 -0.279155
    5 -3.455587 0.000000 0.000000 -1.738047 -0.219066 -1.447051
    6 16.572346 0.000000 0.000000 0.000000 0.000000 0.862464
    7 16.265831 0.000000 0.000000 -0.031602 -0.089192 -1.396383
    8 5.046457 0.000000 0.000000 -0.100180 0.015007 -0.344735
    9 0.000000 3.703728 0.293189 1.455773 -0.451658 1.462215
    10 3.307846 0.000000 0.000000 -0.112127 -0.070791 -0.016270
    11 3.297962 0.000000 0.000000 -0.086935 -0.055898 -0.215224
    12 6.040985 0.000000 0.000000 -0.096073 -0.047658 0.110580
    13 5.065758 0.000000 0.000000 -2.994048 0.010297 0.913688
    14 3.993755 0.000000 0.000000 0.105863 -0.058693 0.069293
    15 3.815876 1.385489 1.500000 -1.874049 -1.409256 0.049746
    16 4.327093 0.000004 0.000000 -1.000635 -0.726562 -1.219611
    17 11.105114 0.000000 0.000000 0.000000 0.000000 -0.439120
    18 9.862099 -0.000011 -0.000031 1.781199 -0.721335 -0.239655
    19 2.641094 0.214619 -1.073586 0.343628 0.190590 -0.206088
    20 1.361605 -0.000002 0.000000 -0.033841 -0.056553 -0.539645
    21 0.779602 0.000002 0.000000 -0.038850 -0.124039 -0.304402
    22 2.908712 0.221762 -0.431868 0.315698 0.064495 -0.241172
    23 1.597527 0.000001 0.000000 -0.020360 -0.043876 -0.434642
    24 0.912680 0.000001 0.000000 0.002612 0.008298 -0.304949
    25 3.265450 0.050007 0.415744 0.323090 0.091423 -0.184625
    26 1.860470 0.000000 0.000000 -0.051595 -0.064269 -0.677213
    27 1.061481 -0.000001 0.000000 0.004073 0.029503 -0.137208
    28 3.340382 -0.242393 1.285012 0.318555 0.062569 -0.163990
    29 1.550753 0.000001 0.000000 0.061718 0.075999 -0.683161
    30 0.904888 0.000001 0.000000 0.001658 0.026316 -0.062909
    31 1.219385 -1.063860 0.837143 1.892454 -0.324449 -0.255898
    32 1.496971 -0.000002 -0.000001 0.000000 -0.094778 -0.333994
    33 1.100086 0.000000 0.000000 0.000000 -0.040666 0.285682
    34 3.815876 1.385489 -1.500000 0.520837 1.348467 -1.188672
    35 4.327089 -0.000004 0.000000 0.948798 0.375827 -1.110105
    36 11.105106 0.000000 0.000004 0.000000 0.000000 -2.153116
    37 9.862080 -0.000007 0.000017 -1.644705 0.865568 -0.446042
    38 2.641111 0.211586 1.074188 -0.340804 -0.190592 -0.206085
    39 1.361601 0.000000 0.000000 0.033841 0.056553 -0.539645
    40 0.779604 0.000001 0.000000 0.038850 0.124039 -0.304402
    41 2.908730 0.220541 0.432493 -0.312875 -0.064497 -0.241168
    42 1.597527 0.000000 0.000000 0.020360 0.043876 -0.434642
    43 0.912678 0.000000 0.000000 -0.002612 -0.008298 -0.304949
    44 3.265471 0.051184 -0.415600 -0.320266 -0.091425 -0.184622
    45 1.860470 0.000000 0.000000 0.051595 0.064269 -0.677213
    46 1.061485 0.000000 0.000000 -0.004073 -0.029503 -0.137208
    47 3.340403 -0.238762 -1.285691 -0.315731 -0.062571 -0.163986
    48 1.550755 0.000000 0.000000 -0.061718 -0.075999 -0.683161
    49 0.904886 0.000001 0.000000 -0.001658 -0.026316 -0.062909
    50 1.219410 -1.061498 -0.840143 -1.889571 0.325162 -0.254974
    51 1.496971 0.000002 0.000000 0.000000 0.094778 -0.333994
    52 1.100088 0.000000 0.000000 0.000000 0.040666 0.285682
    53 0.000000 -0.000007 -0.000031 1.373047 0.113574 0.124314
    54 0.000000 0.000000 0.000000 -0.077030 -0.068757 -1.299215
    55 7.054213 0.000000 0.000000 0.000000 0.000000 0.000000
    56 0.000000 -0.000007 -0.000031 1.373047 0.113574 0.124314
    57 0.000000 -0.000007 -0.000031 1.373047 0.113574 0.124314
    58 2.856947 -1.536175 -0.973780 -1.501147 -0.272558 -1.578261
    59 0.000000 0.000000 10.000000 0.000000 0.000000 0.000000
    60 2.856899 -1.536201 -0.973800 -1.501147 -0.272558 -1.578261
    61 2.000000 -3.000000 0.000000 -1.570796 0.000000 -1.326450
    62 0.018896 0.665159 9.395880 0.000000 0.000000 0.000000
    63 3.028210 -0.923409 -2.009452 1.574082 -0.012974 1.587244
    64 0.116954 4.311606 0.061861 0.000010 0.000000 0.000000
    65 0.000000 -0.000002 0.000000 0.000000 0.000000 0.000000
    66 0.000000 1.000000 0.000010 0.000000 0.000000 0.000000
    67 -0.000001 0.000000 0.000000 0.000000 0.000000 0.000000
    68 -0.000001 0.000000 0.000000 0.000000 0.000000 0.000000
    69 -0.000001 0.000000 0.000000 0.000000 0.000000 0.000000
time 18
    0 1.264648 1.542969 4.800781 -0.198738 0.284512 -0.069946
    1 3.455587 0.000000 0.000000 -2.555269 -0.151177 -0.830944
    2 16.572346 0.000000 0.000000 0.000000 0.000000 1.385682
    3 16.265829 0.000000 0.000000 -0.190446 0.112087 -1.480047
    4 5.046457 0.000000 0.000000 0.009890 -0.018763 -0.228763
    5 -3.455587 0.000000 0.000000 -1.807856 -0.358640 -1.361812
    6 16.572346 0.000000 0.000000 0.000000 0.000000 1.087002
    7 16.265831 0.000000 0.000000 0.005144 -0.118887 -1.390509
    8 5.046457 0.000000 0.000000 -0.100221 0.014954 -0.369061
    9 0.000000 3.703728 0.293189 1.460993 -0.460314 1.442342
    10 3.307846 0.000000 0.000000 -0.108406 -0.079644 -0.012721
    11 3.297962 0.000000 0.000000 -0.081013 -0.055881 -0.215712
    12 6.040985 0.000000 0.000000 -0.090267 -0.048588 0.108392
    13 5.065758 0.000000 0.000000 -2.972161 -0.040723 0.914956
    14 3.993755 0.000000 0.000000 0.143757 -0.012853 0.070235
    15 3.815876 1.385489 1.500000 -1.993491 -1.396613 0.188916
    16 4.327093 0.000004 0.000000 -1.116160 -0.636120 -1.131877
    17 11.105114 0.000000 0.000000 0.000000 0.000000 -0.616683
    18 9.862099 -0.000011 -0.000031 1.678897 -0.932622 -0.337113
    19 2.641094 0.214619 -1.073586 0.343628 0.190590 -0.206088
    20 1.361605 -0.000002 0.000000 -0.033841 -0.056553 -0.539645
    21 0.779602 0.000002 0.000000 -0.038850 -0.124039 -0.304402
    22 2.908712 0.221762 -0.431868 0.315698 0.064495 -0.241172
    23 1.597527 0.000001 0.000000 -0.020360 -0.043876 -0.434642
    24 0.912680 0.000001 0.000000 0.002612 0.008298 -0.304949
    25 3.265450 0.050007 0.415744 0.323090 0.091423 -0.184625
    26 1.860470 0.000000 0.000000 -0.051595 -0.064269 -0.677213
    27 1.061481 -0.000001 0.000000 0.004073 0.029503 -0.137208
    28 3.340382 -0.242393 1.285012 0.318555 0.062569 -0.163990
    29 1.550753 0.000001 0.000000 0.061718 0.075999 -0.683161
    30 0.904888 0.000001 0.000000 0.001658 0.026316 -0.062909
    31 1.219385 -1.063860 0.837143 1.892454 -0.324449 -0.255898
    32 1.496971 -0.000002 -0.000001 0.000000 -0.094778 -0.333994
    33 1.100086 0.000000 0.000000 0.000000 -0.040666 0.285682
    34 3.815876 1.385489 -1.500000 0.648432 1.328879 -1.049755
    35 4.327089 -0.000004 0.000000 0.920356 0.427769 -1.067081
    36 11.105106 0.000000 0.000004 0.000000 0.000000 -2.172872
    37 9.862080 -0.000007 0.000017 -1.667677 0.834581 -0.445628
    38 2.641111 0.211586 1.074188 -0.340804 -0.190592 -0.206085
    39 1.361601 0.000000 0.000000 0.033841 0.056553 -0.539645
    40 0.779604 0.000001 0.000000 0.038850 0.124039 -0.304402
    41 2.908730 0.220541 0.432493 -0.312875 -0.064497 -0.241168
    42 1.597527 0.000000 0.000000 0.020360 0.043876 -0.434642
    43 0.912678 0.000000 0.000000 -0.002612 -0.008298 -0.304949
    44 3.265471 0.051184 -0.415600 -0.320266 -0.091425 -0.184622
    45 1.860470 0.000000 0.000000 0.051595 0.064269 -0.677213
    46 1.061485 0.000000 0.000000 -0.004073 -0.029503 -0.137208
    47 3.340403 -0.238762 -1.285691 -0.315731 -0.062571 -0.163986
    48 1.550755 0.000000 0.000000 -0.061718 -0.075999 -0.683161
    49 0.904886 0.000001 0.000000 -0.001658 -0.026316 -0.062909
    50 1.219410 -1.061498 -0.840143 -1.889571 0.325162 -0.254974
    51 1.496971 0.000002 0.000000 0.000000 0.094778 -0.333994
    52 1.100088 0.000000 0.000000 0.000000 0.040666 0.285682
    53 0.000000 -0.000007 -0.000031 1.373047 0.113574 0.124314
    54 0.000000 0.000000 0.000000 -0.077030 -0.068757 -1.299215
    55 7.054213 0.000000 0.000000 0.000000 0.000000 0.000000
    56 0.000000 -0.000007 -0.000031 1.373047 0.113574 0.124314
    57 0.000000 -0.000007 -0.000031 1.373047 0.113574 0.124314
    58 2.856947 -1.536175 -0.973780 -1.501147 -0.272558 -1.578261
    59 0.000000 0.000000 10.000000 0.000000 0.000000 0.000000
    60 2.856899 -1.536201 -0.973800 -1.501147 -0.272558 -1.578261
    61 2.000000 -3.000000 0.000000 -1.570796 0.000000 -1.326450
    62 0.018896 0.665159 9.395880 0.000000 0.000000 0.000000
    63 3.028210 -0.923409 -2.009452 1.574082 -0.012974 1.587244
    64 0.116954 4.311606 0.061861 0.000010 0.000000 0.000000
    65 0.000000 -0.000002 0.000000 0.000000 0.000000 0.000000
    66 0.000000 1.000000 0.000010 0.000000 0.000000 0.000000
    67 -0.000001 0.000000 0.000000 0.000000 0.000000 0.000000
    68 -0.000001 0.000000 0.000000 0.000000 0.000000 0.000000
    69 -0.000001 0.000000 0.000000 0.000000 0.000000 0.000000
time 19
    0 1.066406 1.557617 4.679688 -0.188028 0.262657 -0.069522
    1 3.455587 0.000000 0.000000 -2.524197 -0.147773 -0.871473
    2 16.572346 0.000000 0.000000 0.000000 0.000000 1.227890
    3 16.265829 0.000000 0.000000 -0.247593 0.142352 -1.455549
    4 5.046457 0.000000 0.000000 0.009844 -0.018798 -0.267304
    5 -3.455587 0.000000 0.000000 -1.816655 -0.493426 -1.298269
    6 16.572346 0.000000 0.000000 0.000000 0.000000 1.294155
    7 16.265831 0.000000 0.000000 0.030731 -0.012092 -1.406153
    8 5.046457 0.000000 0.000000 -0.100206 0.015030 -0.356763
    9 0.000000 3.703728 0.293189 1.459909 -0.463428 1.446764
    10 3.307846 0.000000 0.000000 -0.108776 -0.079323 -0.009955
    11 3.297962 0.000000 0.000000 -0.079568 -0.059634 -0.215695
    12 6.040985 0.000000 0.000000 -0.089267 -0.055382 0.108679
    13 5.065758 0.000000 0.000000 -3.008482 -0.048881 0.920455
    14 3.993755 0.000000 0.000000 0.122327 0.004534 0.058752
    15 3.815876 1.385489 1.500000 -1.898084 -1.448851 0.111086
    16 4.327093 0.000004 0.000000 -1.236528 -0.483556 -1.016340
    17 11.105114 0.000000 0.000000 0.000000 0.000000 -1.002034
    18 9.862099 -0.000011 -0.000031 1.771256 -0.991618 -0.466050
    19 2.641094 0.214619 -1.073586 0.343628 0.190590 -0.206088
    20 1.361605 -0.000002 0.000000 -0.033841 -0.056553 -0.539645
    21 0.779602 0.000002 0.000000 -0.038850 -0.124039 -0.304402
    22 2.908712 0.221762 -0.431868 0.315698 0.064495 -0.241172
    23 1.597527 0.000001 0.000000 -0.020360 -0.043876 -0.434642
    24 0.912680 0.000001 0.000000 0.002612 0.008298 -0.304949
    25 3.265450 0.050007 0.415744 0.323090 0.091423 -0.184625
    26 1.860470 0.000000 0.000000 -0.051595 -0.064269 -0.677213
    27 1.061481 -0.000001 0.000000 0.004073 0.029503 -0.137208
    28 3.340382 -0.242393 1.285012 0.318555 0.062569 -0.163990
    29 1.550753 0.000001 0.000000 0.061718 0.075999 -0.683161
    30 0.904888 0.000001 0.000000 0.001658 0.026316 -0.062909
    31 1.219385 -1.063860 0.837143 1.892454 -0.324449 -0.255898
    32 1.496971 -0.000002 -0.000001 0.000000 -0.094778 -0.333994
    33 1.100086 0.000000 0.000000 0.000000 -0.040666 0.285682
    34 3.815876 1.385489 -1.500000 0.774733 1.304000 -0.905627
    35 4.327089 -0.000004 0.000000 0.922432 0.560712 -1.048170
    36 11.105106 0.000000 0.000004 0.000000 0.000000 -2.127531
    37 9.862080 -0.000007 0.000017 -1.647715 0.836912 -0.429166
    38 2.641111 0.211586 1.074188 -0.340804 -0.190592 -0.206085
    39 1.361601 0.000000 0.000000 0.033841 0.056553 -0.539645
    40 0.779604 0.000001 0.000000 0.038850 0.124039 -0.304402
    41 2.908730 0.220541 0.432493 -0.312875 -0.064497 -0.241168
    42 1.597527 0.000000 0.000000 0.020360 0.043876 -0.434642
    43 0.912678 0.000000 0.000000 -0.002612 -0.008298 -0.304949
    44 3.265471 0.051184 -0.415600 -0.320266 -0.091425 -0.184622
    45 1.860470 0.000000 0.000000 0.051595 0.064269 -0.677213
    46 1.061485 0.000000 0.000000 -0.004073 -0.029503 -0.137208
    47 3.340403 -0.238762 -1.285691 -0.315731 -0.062571 -0.163986
    48 1.550755 0.000000 0.000000 -0.061718 -0.075999 -0.683161
    49 0.904886 0.000001 0.000000 -0.001658 -0.026316 -0.062909
    50 1.219410 -1.061498 -0.840143 -1.889571 0.325162 -0.254974
    51 1.496971 0.000002 0.000000 0.000000 0.094778 -0.333994
    52 1.100088 0.000000 0.000000 0.000000 0.040666 0.285682
    53 0.000000 -0.000007 -0.000031 1.373047 0.113574 0.124314
    54 0.000000 0.000000 0.000000 -0.077030 -0.068757 -1.299215
    55 7.054213 0.000000 0.000000 0.000000 0.000000 0.000000
    56 0.000000 -0.000007 -0.000031 1.373047 0.113574 0.124314
    57 0.000000 -0.000007 -0.000031 1.373047 0.113574 0.124314
    58 2.856947 -1.536175 -0.973780 -1.501147 -0.272558 -1.578261
    59 0.000000 0.000000 10.000000 0.000000 0.000000 0.000000
    60 2.856899 -1.536201 -0.973800 -1.501147 -0.272558 -1.578261
    61 2.000000 -3.000000 0.000000 -1.570796 0.000000 -1.326450
    62 0.018896 0.665159 9.395880 0.000000 0.000000 0.000000
    63 3.028210 -0.923409 -2.009452 1.574082 -0.012974 1.587244
    64 0.116954 4.311606 0.061861 0.000010 0.000000 0.000000
    65 0.000000 -0.000002 0.000000 0.000000 0.000000 0.000000
    66 0.000000 1.000000 0.000010 0.000000 0.000000 0.000000
    67 -0.000001 0.000000 0.000000 0.000000 0.000000 0.000000
    68 -0.000001 0.000000 0.000000 0.000000 0.000000 0.000000
    69 -0.000001 0.000000 0.000000 0.000000 0.000000 0.000000
time 20
    0 1.030273 1.514648 4.632813 -0.191161 0.249087 -0.070957
    1 3.455587 0.000000 0.000000 -2.463048 -0.125053 -0.940256
    2 16.572346 0.000000 0.000000 0.000000 0.000000 0.988869
    3 16.265829 0.000000 0.000000 -0.225906 0.190506 -1.447516
    4 5.046457 0.000000 0.000000 0.009848 -0.018726 -0.311886
    5 -3.455587 0.000000 0.000000 -1.813572 -0.591737 -1.243684
    6 16.572346 0.000000 0.000000 0.000000 0.000000 1.467190
    7 16.265831 0.000000 0.000000 0.042386 0.106309 -1.439858
    8 5.046457 0.000000 0.000000 -0.100156 0.014985 -0.348858
    9 0.000000 3.703728 0.293189 1.461105 -0.461440 1.467101
    10 3.307846 0.000000 0.000000 -0.105790 -0.070626 -0.009494
    11 3.297962 0.000000 0.000000 -0.076339 -0.063690 -0.213028
    12 6.040985 0.000000 0.000000 -0.086683 -0.067215 0.114762
    13 5.065758 0.000000 0.000000 -3.091152 -0.019271 0.937999
    14 3.993755 0.000000 0.000000 0.049759 -0.005931 0.054348
    15 3.815876 1.385489 1.500000 -0.762417 -1.513414 -1.005204
    16 4.327093 0.000004 0.000000 -1.313702 -0.335397 -0.922402
    17 11.105114 0.000000 0.000000 0.000000 0.000000 -1.386243
    18 9.862099 -0.000011 -0.000031 1.944503 -0.944625 -0.606665
    19 2.641094 0.214619 -1.073586 0.343628 0.190590 -0.206088
    20 1.361605 -0.000002 0.000000 -0.033841 -0.056553 -0.539645
    21 0.779602 0.000002 0.000000 -0.038850 -0.124039 -0.304402
    22 2.908712 0.221762 -0.431868 0.315698 0.064495 -0.241172
    23 1.597527 0.000001 0.000000 -0.020360 -0.043876 -0.434642
    24 0.912680 0.000001 0.000000 0.002612 0.008298 -0.304949
    25 3.265450 0.050007 0.415744 0.323090 0.091423 -0.184625
    26 1.860470 0.000000 0.000000 -0.051595 -0.064269 -0.677213
    27 1.061481 -0.000001 0.000000 0.004073 0.029503 -0.137208
    28 3.340382 -0.242393 1.285012 0.318555 0.062569 -0.163990
    29 1.550753 0.000001 0.000000 0.061718 0.075999 -0.683161
    30 0.904888 0.000001 0.000000 0.001658 0.026316 -0.062909
    31 1.219385 -1.063860 0.837143 1.892454 -0.324449 -0.255898
    32 1.496971 -0.000002 -0.000001 0.000000 -0.094778 -0.333994
    33 1.100086 0.000000 0.000000 0.000000 -0.040666 0.285682
    34 3.815876 1.385489 -1.500000 0.966086 1.295575 -0.717591
    35 4.327089 -0.000004 0.000000 0.910232 0.726638 -1.093019
    36 11.105106 0.000000 0.000004 0.000000 0.000000 -2.003150
    37 9.862080 -0.000007 0.000017 -1.606380 0.934743 -0.375657
    38 2.641111 0.211586 1.074188 -0.340804 -0.190592 -0.206085
    39 1.361601 0.000000 0.000000 0.033841 0.056553 -0.539645
    40 0.779604 0.000001 0.000000 0.038850 0.124039 -0.304402
    41 2.908730 0.220541 0.432493 -0.312875 -0.064497 -0.241168
    42 1.597527 0.000000 0.000000 0.020360 0.043876 -0.434642
    43 0.912678 0.000000 0.000000 -0.002612 -0.008298 -0.304949
    44 3.265471 0.051184 -0.415600 -0.320266 -0.091425 -0.184622
    45 1.860470 0.000000 0.000000 0.051595 0.064269 -0.677213
    46 1.061485 0.000000 0.000000 -0.004073 -0.029503 -0.137208
    47 3.340403 -0.238762 -1.285691 -0.315731 -0.062571 -0.163986
    48 1.550755 0.000000 0.000000 -0.061718 -0.075999 -0.683161
    49 0.904886 0.000001 0.000000 -0.001658 -0.026316 -0.062909
    50 1.219410 -1.061498 -0.840143 -1.889571 0.325162 -0.254974
    51 1.496971 0.000002 0.000000 0.000000 0.094778 -0.333994
    52 1.100088 0.000000 0.000000 0.000000 0.040666 0.285682
    53 0.000000 -0.000007 -0.000031 1.373047 0.113574 0.124314
    54 0.000000 0.000000 0.000000 -0.077030 -0.068757 -1.299215
    55 7.054213 0.000000 0.000000 0.000000 0.000000 0.000000
    56 0.000000 -0.000007 -0.000031 1.373047 0.113574 0.124314
    57 0.000000 -0.000007 -0.000031 1.373047 0.113574 0.124314
    58 2.856947 -1.536175 -0.973780 -1.501147 -0.272558 -1.578261
    59 0.000000 0.000000 10.000000 0.000000 0.000000 0.000000
    60 2.856899 -1.536201 -0.973800 -1.501147 -0.272558 -1.578261
    61 2.000000 -3.000000 0.000000 -1.570796 0.000000 -1.326450
    62 0.018896 0.665159 9.395880 0.000000 0.000000 0.000000
    63 3.028210 -0.923409 -2.009452 1.574082 -0.012974 1.587244
    64 0.116954 4.311606 0.061861 0.000010 0.000000 0.000000
    65 0.000000 -0.000002 0.000000 0.000000 0.000000 0.000000
    66 0.000000 1.000000 0.000010 0.000000 0.000000 0.000000
    67 -0.000001 0.000000 0.000000 0.000000 0.000000 0.000000
    68 -0.000001 0.000000 0.000000 0.000000 0.000000 0.000000
    69 -0.000001 0.000000 0.000000 0.000000 0.000000 0.000000
time 21
    0 1.125000 1.493164 4.589844 -0.202952 0.243260 -0.078428
    1 3.455587 0.000000 0.000000 -2.339348 -0.086740 -1.031060
    2 16.572346 0.000000 0.000000 0.000000 0.000000 0.690794
    3 16.265829 0.000000 0.000000 -0.212955 0.184491 -1.473586
    4 5.046457 0.000000 0.000000 0.009824 -0.018738 -0.309351
    5 -3.455587 0.000000 0.000000 -1.801925 -0.657165 -1.214845
    6 16.572346 0.000000 0.000000 0.000000 0.000000 1.580448
    7 16.265831 0.000000 0.000000 0.074368 0.124343 -1.437026
    8 5.046457 0.000000 0.000000 -0.100215 0.014979 -0.363173
    9 0.000000 3.703728 0.293189 1.467195 -0.458371 1.495979
    10 3.307846 0.000000 0.000000 -0.097790 -0.056997 -0.009488
    11 3.297962 0.000000 0.000000 -0.069415 -0.065411 -0.211690
    12 6.040985 0.000000 0.000000 -0.079971 -0.077153 0.118402
    13 5.065758 0.000000 0.000000 3.105957 0.030602 0.947834
    14 3.993755 0.000000 0.000000 -0.025571 -0.050990 0.037444
    15 3.815876 1.385489 1.500000 0.066396 -1.452614 -1.833012
    16 4.327093 0.000004 0.000000 -1.358526 -0.155298 -0.898155
    17 11.105114 0.000000 0.000000 0.000000 0.000000 -1.686110
    18 9.862099 -0.000011 -0.000031 2.076523 -0.911320 -0.781530
    19 2.641094 0.214619 -1.073586 0.343628 0.190590 -0.206088
    20 1.361605 -0.000002 0.000000 -0.033841 -0.056553 -0.539645
    21 0.779602 0.000002 0.000000 -0.038850 -0.124039 -0.304402
    22 2.908712 0.221762 -0.431868 0.315698 0.064495 -0.241172
    23 1.597527 0.000001 0.000000 -0.020360 -0.043876 -0.434642
    24 0.912680 0.000001 0.000000 0.002612 0.008298 -0.304949
    25 3.265450 0.050007 0.415744 0.323090 0.091423 -0.184625
    26 1.860470 0.000000 0.000000 -0.051595 -0.064269 -0.677213
    27 1.061481 -0.000001 0.000000 0.004073 0.029503 -0.137208
    28 3.340382 -0.242393 1.285012 0.318555 0.062569 -0.163990
    29 1.550753 0.000001 0.000000 0.061718 0.075999 -0.683161
    30 0.904888 0.000001 0.000000 0.001658 0.026316 -0.062909
    31 1.219385 -1.063860 0.837143 1.892454 -0.324449 -0.255898
    32 1.496971 -0.000002 -0.000001 0.000000 -0.094778 -0.333994
    33 1.100086 0.000000 0.000000 0.000000 -0.040666 0.285682
    34 3.815876 1.385489 -1.500000 1.147325 1.345787 -0.565827
    35 4.327089 -0.000004 0.000000 0.879917 0.860107 -1.150560
    36 11.105106 0.000000 0.000004 0.000000 0.000000 -1.734611
    37 9.862080 -0.000007 0.000017 -1.650747 1.023550 -0.392153
    38 2.641111 0.211586 1.074188 -0.340804 -0.190592 -0.206085
    39 1.361601 0.000000 0.000000 0.033841 0.056553 -0.539645
    40 0.779604 0.000001 0.000000 0.038850 0.124039 -0.304402
    41 2.908730 0.220541 0.432493 -0.312875 -0.064497 -0.241168
    42 1.597527 0.000000 0.000000 0.020360 0.043876 -0.434642
    43 0.912678 0.000000 0.000000 -0.002612 -0.008298 -0.304949
    44 3.265471 0.051184 -0.415600 -0.320266 -0.091425 -0.184622
    45 1.860470 0.000000 0.000000 0.051595 0.064269 -0.677213
    46 1.061485 0.000000 0.000000 -0.004073 -0.029503 -0.137208
    47 3.340403 -0.238762 -1.285691 -0.315731 -0.062571 -0.163986
    48 1.550755 0.000000 0.000000 -0.061718 -0.075999 -0.683161
    49 0.904886 0.000001 0.000000 -0.001658 -0.026316 -0.062909
    50 1.219410 -1.061498 -0.840143 -1.889571 0.325162 -0.254974
    51 1.496971 0.000002 0.000000 0.000000 0.094778 -0.333994
    52 1.100088 0.000000 0.000000 0.000000 0.040666 0.285682
    53 0.000000 -0.000007 -0.000031 1.373047 0.113574 0.124314
    54 0.000000 0.000000 0.000000 -0.077030 -0.068757 -1.299215
    55 7.054213 0.000000 0.000000 0.000000 0.000000 0.000000
    56 0.000000 -0.000007 -0.000031 1.373047 0.113574 0.124314
    57 0.000000 -0.000007 -0.000031 1.373047 0.113574 0.124314
    58 2.856947 -1.536175 -0.973780 -1.501147 -0.272558 -1.578261
    59 0.000000 0.000000 10.000000 0.000000 0.000000 0.000000
    60 2.856899 -1.536201 -0.973800 -1.501147 -0.272558 -1.578261
    61 2.000000 -3.000000 0.000000 -1.570796 0.000000 -1.326450
    62 0.018896 0.665159 9.395880 0.000000 0.000000 0.000000
    63 3.028210 -0.923409 -2.009452 1.574082 -0.012974 1.587244
    64 0.116954 4.311606 0.061861 0.000010 0.000000 0.000000
    65 0.000000 -0.000002 0.000000 0.000000 0.000000 0.000000
    66 0.000000 1.000000 0.000010 0.000000 0.000000 0.000000
    67 -0.000001 0.000000 0.000000 0.000000 0.000000 0.000000
    68 -0.000001 0.000000 0.000000 0.000000 0.000000 0.000000
    69 -0.000001 0.000000 0.000000 0.000000 0.000000 0.000000
time 22
    0 1.434570 1.446289 4.554688 -0.218358 0.255037 -0.094742
    1 3.455587 0.000000 0.000000 -2.156231 -0.066750 -1.096167
    2 16.572346 0.000000 0.000000 0.000000 0.000000 0.489240
    3 16.265829 0.000000 0.000000 -0.246001 0.005875 -1.478511
    4 5.046457 0.000000 0.000000 0.009914 -0.018788 -0.368650
    5 -3.455587 0.000000 0.000000 -1.750468 -0.689634 -1.251314
    6 16.572346 0.000000 0.000000 0.000000 0.000000 1.615382
    7 16.265831 0.000000 0.000000 0.107522 0.040093 -1.407734
    8 5.046457 0.000000 0.000000 -0.100179 0.015016 -0.344560
    9 0.000000 3.703728 0.293189 1.485400 -0.448546 1.524159
    10 3.307846 0.000000 0.000000 -0.079997 -0.041162 -0.011660
    11 3.297962 0.000000 0.000000 -0.056923 -0.058426 -0.209018
    12 6.040985 0.000000 0.000000 -0.066902 -0.072203 0.126438
    13 5.065758 0.000000 0.000000 3.087015 0.115597 0.965465
    14 3.993755 0.000000 0.000000 -0.080967 -0.123804 0.034540
    15 3.815876 1.385489 1.500000 0.065664 -1.414727 -1.831172
    16 4.327093 0.000004 0.000000 -1.350512 -0.018134 -0.953521
    17 11.105114 0.000000 0.000000 0.000000 0.000000 -1.861681
    18 9.862099 -0.000011 -0.000031 2.108212 -0.984422 -0.961638
    19 2.641094 0.214619 -1.073586 0.343628 0.190590 -0.206088
    20 1.361605 -0.000002 0.000000 -0.033841 -0.056553 -0.539645
    21 0.779602 0.000002 0.000000 -0.038850 -0.124039 -0.304402
    22 2.908712 0.221762 -0.431868 0.315698 0.064495 -0.241172
    23 1.597527 0.000001 0.000000 -0.020360 -0.043876 -0.434642
    24 0.912680 0.000001 0.000000 0.002612 0.008298 -0.304949
    25 3.265450 0.050007 0.415744 0.323090 0.091423 -0.184625
    26 1.860470 0.000000 0.000000 -0.051595 -0.064269 -0.677213
    27 1.061481 -0.000001 0.000000 0.004073 0.029503 -0.137208
    28 3.340382 -0.242393 1.285012 0.318555 0.062569 -0.163990
    29 1.550753 0.000001 0.000000 0.061718 0.075999 -0.683161
    30 0.904888 0.000001 0.000000 0.001658 0.026316 -0.062909
    31 1.219385 -1.063860 0.837143 1.892454 -0.324449 -0.255898
    32 1.496971 -0.000002 -0.000001 0.000000 -0.094778 -0.333994
    33 1.100086 0.000000 0.000000 0.000000 -0.040666 0.285682
    34 3.815876 1.385489 -1.500000 1.358714 1.386758 -0.386577
    35 4.327089 -0.000004 0.000000 0.830976 0.946521 -1.255459
    36 11.105106 0.000000 0.000004 0.000000 0.000000 -1.244732
    37 9.862080 -0.000007 0.000017 -1.723691 1.058242 -0.379162
    38 2.641111 0.211586 1.074188 -0.340804 -0.190592 -0.206085
    39 1.361601 0.000000 0.000000 0.033841 0.056553 -0.539645
    40 0.779604 0.000001 0.000000 0.038850 0.124039 -0.304402
    41 2.908730 0.220541 0.432493 -0.312875 -0.064497 -0.241168
    42 1.597527 0.000000 0.000000 0.020360 0.043876 -0.434642
    43 0.912678 0.000000 0.000000 -0.002612 -0.008298 -0.304949
    44 3.265471 0.051184 -0.415600 -0.320266 -0.091425 -0.184622
    45 1.860470 0.000000 0.000000 0.051595 0.064269 -0.677213
    46 1.061485 0.000000 0.000000 -0.004073 -0.029503 -0.137208
    47 3.340403 -0.238762 -1.285691 -0.315731 -0.062571 -0.163986
    48 1.550755 0.000000 0.000000 -0.061718 -0.075999 -0.683161
    49 0.904886 0.000001 0.000000 -0.001658 -0.026316 -0.062909
    50 1.219410 -1.061498 -0.840143 -1.889571 0.325162 -0.254974
    51 1.496971 0.000002 0.000000 0.000000 0.094778 -0.333994
    52 1.100088 0.000000 0.000000 0.000000 0.040666 0.285682
    53 0.000000 -0.000007 -0.000031 1.373047 0.113574 0.124314
    54 0.000000 0.000000 0.000000 -0.077030 -0.068757 -1.299215
    55 7.054213 0.000000 0.000000 0.000000 0.000000 0.000000
    56 0.000000 -0.000007 -0.000031 1.373047 0.113574 0.124314
    57 0.000000 -0.000007 -0.000031 1.373047 0.113574 0.124314
    58 2.856947 -1.536175 -0.973780 -1.501147 -0.272558 -1.578261
    59 0.000000 0.000000 10.000000 0.000000 0.000000 0.000000
    60 2.856899 -1.536201 -0.973800 -1.501147 -0.272558 -1.578261
    61 2.000000 -3.000000 0.000000 -1.570796 0.000000 -1.326450
    62 0.018896 0.665159 9.395880 0.000000 0.000000 0.000000
    63 3.028210 -0.923409 -2.009452 1.574082 -0.012974 1.587244
    64 0.116954 4.311606 0.061861 0.000010 0.000000 0.000000
    65 0.000000 -0.000002 0.000000 0.000000 0.000000 0.000000
    66 0.000000 1.000000 0.000010 0.000000 0.000000 0.000000
    67 -0.000001 0.000000 0.000000 0.000000 0.000000 0.000000
    68 -0.000001 0.000000 0.000000 0.000000 0.000000 0.000000
    69 -0.000001 0.000000 0.000000 0.000000 0.000000 0.000000
time 23
    0 1.636719 1.489258 4.574219 -0.232624 0.302909 -0.103020
    1 3.455587 0.000000 0.000000 -2.085964 -0.086895 -1.133239
    2 16.572346 0.000000 0.000000 0.000000 0.000000 0.483192
    3 16.265829 0.000000 0.000000 -0.248629 -0.169365 -1.491585
    4 5.046457 0.000000 0.000000 0.009870 -0.018776 -0.321853
    5 -3.455587 0.000000 0.000000 -1.628923 -0.658793 -1.375973
    6 16.572346 0.000000 0.000000 0.000000 0.000000 1.521676
    7 16.265831 0.000000 0.000000 0.117125 -0.057068 -1.355682
    8 5.046457 0.000000 0.000000 -0.100166 0.014986 -0.401204
    9 0.000000 3.703728 0.293189 1.510211 -0.439901 1.512967
    10 3.307846 0.000000 0.000000 -0.059291 -0.042050 -0.014129
    11 3.297962 0.000000 0.000000 -0.042575 -0.041083 -0.204340
    12 6.040985 0.000000 0.000000 -0.050366 -0.043701 0.137851
    13 5.065758 0.000000 0.000000 -3.136006 0.195214 0.954632
    14 3.993755 0.000000 0.000000 -0.089414 -0.192304 0.056034
    15 3.815876 1.385489 1.500000 -0.360540 -1.413410 -1.411769
    16 4.327093 0.000004 0.000000 -1.267218 0.010814 -1.052491
    17 11.105114 0.000000 0.000000 0.000000 0.000000 -1.962296
    18 9.862099 -0.000011 -0.000031 2.028892 -1.125093 -0.959154
    19 2.641094 0.214619 -1.073586 0.343628 0.190590 -0.206088
    20 1.361605 -0.000002 0.000000 -0.033841 -0.056553 -0.539645
    21 0.779602 0.000002 0.000000 -0.038850 -0.124039 -0.304402
    22 2.908712 0.221762 -0.431868 0.315698 0.064495 -0.241172
    23 1.597527 0.000001 0.000000 -0.020360 -0.043876 -0.434642
    24 0.912680 0.000001 0.000000 0.002612 0.008298 -0.304949
    25 3.265450 0.050007 0.415744 0.323090 0.091423 -0.184625
    26 1.860470 0.000000 0.000000 -0.051595 -0.064269 -0.677213
    27 1.061481 -0.000001 0.000000 0.004073 0.029503 -0.137208
    28 3.340382 -0.242393 1.285012 0.318555 0.062569 -0.163990
    29 1.550753 0.000001 0.000000 0.061718 0.075999 -0.683161
    30 0.904888 0.000001 0.000000 0.001658 0.026316 -0.062909
    31 1.219385 -1.063860 0.837143 1.892454 -0.324449 -0.255898
    32 1.496971 -0.000002 -0.000001 0.000000 -0.094778 -0.333994
    33 1.100086 0.000000 0.000000 0.000000 -0.040666 0.285682
    34 3.815876 1.385489 -1.500000 1.455772 1.432349 -0.309299
    35 4.327089 -0.000004 0.000000 0.827734 0.992048 -1.334415
    36 11.105106 0.000000 0.000004 0.000000 0.000000 -0.663977
    37 9.862080 -0.000007 0.000017 -1.656456 0.963692 -0.089212
    38 2.641111 0.211586 1.074188 -0.340804 -0.190592 -0.206085
    39 1.361601 0.000000 0.000000 0.033841 0.056553 -0.539645
    40 0.779604 0.000001 0.000000 0.038850 0.124039 -0.304402
    41 2.908730 0.220541 0.432493 -0.312875 -0.064497 -0.241168
    42 1.597527 0.000000 0.000000 0.020360 0.043876 -0.434642
    43 0.912678 0.000000 0.000000 -0.002612 -0.008298 -0.304949
    44 3.265471 0.051184 -0.415600 -0.320266 -0.091425 -0.184622
    45 1.860470 0.000000 0.000000 0.051595 0.064269 -0.677213
    46 1.061485 0.000000 0.000000 -0.004073 -0.029503 -0.137208
    47 3.340403 -0.238762 -1.285691 -0.315731 -0.062571 -0.163986
    48 1.550755 0.000000 0.000000 -0.061718 -0.075999 -0.683161
    49 0.904886 0.000001 0.000000 -0.001658 -0.026316 -0.062909
    50 1.219410 -1.061498 -0.840143 -1.889571 0.325162 -0.254974
    51 1.496971 0.000002 0.000000 0.000000 0.094778 -0.333994
    52 1.100088 0.000000 0.000000 0.000000 0.040666 0.285682
    53 0.000000 -0.000007 -0.000031 1.373047 0.113574 0.124314
    54 0.000000 0.000000 0.000000 -0.077030 -0.068757 -1.299215
    55 7.054213 0.000000 0.000000 0.000000 0.000000 0.000000
    56 0.000000 -0.000007 -0.000031 1.373047 0.113574 0.124314
    57 0.000000 -0.000007 -0.000031 1.373047 0.113574 0.124314
    58 2.856947 -1.536175 -0.973780 -1.501147 -0.272558 -1.578261
    59 0.000000 0.000000 10.000000 0.000000 0.000000 0.000000
    60 2.856899 -1.536201 -0.973800 -1.501147 -0.272558 -1.578261
    61 2.000000 -3.000000 0.000000 -1.570796 0.000000 -1.326450
    62 0.018896 0.665159 9.395880 0.000000 0.000000 0.000000
    63 3.028210 -0.923409 -2.009452 1.574082 -0.012974 1.587244
    64 0.116954 4.311606 0.061861 0.000010 0.000000 0.000000
    65 0.000000 -0.000002 0.000000 0.000000 0.000000 0.000000
    66 0.000000 1.000000 0.000010 0.000000 0.000000 0.000000
    67 -0.000001 0.000000 0.000000 0.000000 0.000000 0.000000
    68 -0.000001 0.000000 0.000000 0.000000 0.000000 0.000000
    69 -0.000001 0.000000 0.000000 0.000000 0.000000 0.000000
time 24
    0 1.775391 1.594727 4.773438 -0.236679 0.372394 -0.100855
    1 3.455587 0.000000 0.000000 -2.148046 -0.126683 -1.141885
    2 16.572346 0.000000 0.000000 0.000000 0.000000 0.622031
    3 16.265829 0.000000 0.000000 -0.214120 -0.094716 -1.557735
    4 5.046457 0.000000 0.000000 0.009830 -0.018740 -0.283950
    5 -3.455587 0.000000 0.000000 -1.493191 -0.536969 -1.517497
    6 16.572346 0.000000 0.000000 0.000000 0.000000 1.296320
    7 16.265831 0.000000 0.000000 0.064738 -0.115503 -1.359520
    8 5.046457 0.000000 0.000000 -0.100234 0.015027 -0.358520
    9 0.000000 3.703728 0.293189 1.535705 -0.437605 1.480210
    10 3.307846 0.000000 0.000000 -0.038534 -0.053494 -0.015553
    11 3.297962 0.000000 0.000000 -0.024037 -0.025149 -0.206850
    12 6.040985 0.000000 0.000000 -0.029162 -0.018025 0.134447
    13 5.065758 0.000000 0.000000 -3.091514 0.211861 0.896108
    14 3.993755 0.000000 0.000000 -0.052498 -0.227248 0.068408
    15 3.815876 1.385489 1.500000 -1.005680 -1.385399 -0.788388
    16 4.327093 0.000004 0.000000 -1.117583 -0.076192 -1.083902
    17 11.105114 0.000000 0.000000 0.000000 0.000000 -2.036284
    18 9.862099 -0.000011 -0.000031 1.611709 -1.064210 -0.487295
    19 2.641094 0.214619 -1.073586 0.343628 0.190590 -0.206088
    20 1.361605 -0.000002 0.000000 -0.033841 -0.056553 -0.539645
    21 0.779602 0.000002 0.000000 -0.038850 -0.124039 -0.304402
    22 2.908712 0.221762 -0.431868 0.315698 0.064495 -0.241172
    23 1.597527 0.000001 0.000000 -0.020360 -0.043876 -0.434642
    24 0.912680 0.000001 0.000000 0.002612 0.008298 -0.304949
    25 3.265450 0.050007 0.415744 0.323090 0.091423 -0.184625
    26 1.860470 0.000000 0.000000 -0.051595 -0.064269 -0.677213
    27 1.061481 -0.000001 0.000000 0.004073 0.029503 -0.137208
    28 3.340382 -0.242393 1.285012 0.318555 0.062569 -0.163990
    29 1.550753 0.000001 0.000000 0.061718 0.075999 -0.683161
    30 0.904888 0.000001 0.000000 0.001658 0.026316 -0.062909
    31 1.219385 -1.063860 0.837143 1.892454 -0.324449 -0.255898
    32 1.496971 -0.000002 -0.000001 0.000000 -0.094778 -0.333994
    33 1.100086 0.000000 0.000000 0.000000 -0.040666 0.285682
    34 3.815876 1.385489 -1.500000 0.964303 1.469371 -0.796181
    35 4.327089 -0.000004 0.000000 0.907540 0.930951 -1.228267
    36 11.105106 0.000000 0.000004 0.000000 0.000000 -0.406364
    37 9.862080 -0.000007 0.000017 -1.495021 0.777561 0.305632
    38 2.641111 0.211586 1.074188 -0.340804 -0.190592 -0.206085
    39 1.361601 0.000000 0.000000 0.033841 0.056553 -0.539645
    40 0.779604 0.000001 0.000000 0.038850 0.124039 -0.304402
    41 2.908730 0.220541 0.432493 -0.312875 -0.064497 -0.241168
    42 1.597527 0.000000 0.000000 0.020360 0.043876 -0.434642
    43 0.912678 0.000000 0.000000 -0.002612 -0.008298 -0.304949
    44 3.265471 0.051184 -0.415600 -0.320266 -0.091425 -0.184622
    45 1.860470 0.000000 0.000000 0.051595 0.064269 -0.677213
    46 1.061485 0.000000 0.000000 -0.004073 -0.029503 -0.137208
    47 3.340403 -0.238762 -1.285691 -0.315731 -0.062571 -0.163986
    48 1.550755 0.000000 0.000000 -0.061718 -0.075999 -0.683161
    49 0.904886 0.000001 0.000000 -0.001658 -0.026316 -0.062909
    50 1.219410 -1.061498 -0.840143 -1.889571 0.325162 -0.254974
    51 1.496971 0.000002 0.000000 0.000000 0.094778 -0.333994
    52 1.100088 0.000000 0.000000 0.000000 0.040666 0.285682
    53 0.000000 -0.000007 -0.000031 1.373047 0.113574 0.124314
    54 0.000000 0.000000 0.000000 -0.077030 -0.068757 -1.299215
    55 7.054213 0.000000 0.000000 0.000000 0.000000 0.000000
    56 0.000000 -0.000007 -0.000031 1.373047 0.113574 0.124314
    57 0.000000 -0.000007 -0.000031 1.373047 0.113574 0.124314
    58 2.856947 -1.536175 -0.973780 -1.501147 -0.272558 -1.578261
    59 0.000000 0.000000 10.000000 0.000000 0.000000 0.000000
    60 2.856899 -1.536201 -0.973800 -1.501147 -0.272558 -1.578261
    61 2.000000 -3.000000 0.000000 -1.570796 0.000000 -1.326450
    62 0.018896 0.665159 9.395880 0.000000 0.000000 0.000000
    63 3.028210 -0.923409 -2.009452 1.574082 -0.012974 1.587244
    64 0.116954 4.311606 0.061861 0.000010 0.000000 0.000000
    65 0.000000 -0.000002 0.000000 0.000000 0.000000 0.000000
    66 0.000000 1.000000 0.000010 0.000000 0.000000 0.000000
    67 -0.000001 0.000000 0.000000 0.000000 0.000000 0.000000
    68 -0.000001 0.000000 0.000000 0.000000 0.000000 0.000000
    69 -0.000001 0.000000 0.000000 0.000000 0.000000 0.000000
time 25
    0 2.019531 1.606445 5.031250 -0.226475 0.453419 -0.090450
    1 3.455587 0.000000 0.000000 -2.205419 -0.195631 -1.132779
    2 16.572346 0.000000 0.000000 0.000000 0.000000 0.878839
    3 16.265829 0.000000 0.000000 -0.197210 0.012391 -1.623548
    4 5.046457 0.000000 0.000000 0.009836 -0.018778 -0.249370
    5 -3.455587 0.000000 0.000000 -1.383676 -0.354246 -1.619826
    6 16.572346 0.000000 0.000000 0.000000 0.000000 0.949358
    7 16.265831 0.000000 0.000000 0.014569 -0.121739 -1.329880
    8 5.046457 0.000000 0.000000 -0.100217 0.015037 -0.378213
    9 0.000000 3.703728 0.293189 1.545763 -0.434331 1.463272
    10 3.307846 0.000000 0.000000 -0.029816 -0.059961 -0.019577
    11 3.297962 0.000000 0.000000 -0.014065 -0.024743 -0.209572
    12 6.040985 0.000000 0.000000 -0.019124 -0.021518 0.128934
    13 5.065758 0.000000 0.000000 -3.114824 0.156791 0.838298
    14 3.993755 0.000000 0.000000 -0.028778 -0.184575 0.076552
    15 3.815876 1.385489 1.500000 -1.261613 -1.344453 -0.543280
    16 4.327093 0.000004 0.000000 -1.059284 -0.276940 -1.063234
    17 11.105114 0.000000 0.000000 0.000000 0.000000 -2.084812
    18 9.862099 -0.000011 -0.000031 1.355648 -0.687059 -0.251347
    19 2.641094 0.214619 -1.073586 0.343628 0.190590 -0.206088
    20 1.361605 -0.000002 0.000000 -0.033841 -0.056553 -0.539645
    21 0.779602 0.000002 0.000000 -0.038850 -0.124039 -0.304402
    22 2.908712 0.221762 -0.431868 0.315698 0.064495 -0.241172
    23 1.597527 0.000001 0.000000 -0.020360 -0.043876 -0.434642
    24 0.912680 0.000001 0.000000 0.002612 0.008298 -0.304949
    25 3.265450 0.050007 0.415744 0.323090 0.091423 -0.184625
    26 1.860470 0.000000 0.000000 -0.051595 -0.064269 -0.677213
    27 1.061481 -0.000001 0.000000 0.004073 0.029503 -0.137208
    28 3.340382 -0.242393 1.285012 0.318555 0.062569 -0.163990
    29 1.550753 0.000001 0.000000 0.061718 0.075999 -0.683161
    30 0.904888 0.000001 0.000000 0.001658 0.026316 -0.062909
    31 1.219385 -1.063860 0.837143 1.892454 -0.324449 -0.255898
    32 1.496971 -0.000002 -0.000001 0.000000 -0.094778 -0.333994
    33 1.100086 0.000000 0.000000 0.000000 -0.040666 0.285682
    34 3.815876 1.385489 -1.500000 0.616657 1.447607 -1.100941
    35 4.327089 -0.000004 0.000000 0.997261 0.724680 -1.043059
    36 11.105106 0.000000 0.000004 0.000000 0.000000 -0.586044
    37 9.862080 -0.000007 0.000017 -1.300074 0.817183 0.483248
    38 2.641111 0.211586 1.074188 -0.340804 -0.190592 -0.206085
    39 1.361601 0.000000 0.000000 0.033841 0.056553 -0.539645
    40 0.779604 0.000001 0.000000 0.038850 0.124039 -0.304402
    41 2.908730 0.220541 0.432493 -0.312875 -0.064497 -0.241168
    42 1.597527 0.000000 0.000000 0.020360 0.043876 -0.434642
    43 0.912678 0.000000 0.000000 -0.002612 -0.008298 -0.304949
    44 3.265471 0.051184 -0.415600 -0.320266 -0.091425 -0.184622
    45 1.860470 0.000000 0.000000 0.051595 0.064269 -0.677213
    46 1.061485 0.000000 0.000000 -0.004073 -0.029503 -0.137208
    47 3.340403 -0.238762 -1.285691 -0.315731 -0.062571 -0.163986
    48 1.550755 0.000000 0.000000 -0.061718 -0.075999 -0.683161
    49 0.904886 0.000001 0.000000 -0.001658 -0.026316 -0.062909
    50 1.219410 -1.061498 -0.840143 -1.889571 0.325162 -0.254974
    51 1.496971 0.000002 0.000000 0.000000 0.094778 -0.333994
    52 1.100088 0.000000 0.000000 0.000000 0.040666 0.285682
    53 0.000000 -0.000007 -0.000031 1.373047 0.113574 0.124314
    54 0.000000 0.000000 0.000000 -0.077030 -0.068757 -1.299215
    55 7.054213 0.000000 0.000000 0.000000 0.000000 0.000000
    56 0.000000 -0.000007 -0.000031 1.373047 0.113574 0.124314
    57 0.000000 -0.000007 -0.000031 1.373047 0.113574 0.124314
    58 2.856947 -1.536175 -0.973780 -1.501147 -0.272558 -1.578261
    59 0.000000 0.000000 10.000000 0.000000 0.000000 0.000000
    60 2.856899 -1.536201 -0.973800 -1.501147 -0.272558 -1.578261
    61 2.000000 -3.000000 0.000000 -1.570796 0.000000 -1.326450
    62 0.018896 0.665159 9.395880 0.000000 0.000000 0.000000
    63 3.028210 -0.923409 -2.009452 1.574082 -0.012974 1.587244
    64 0.116954 4.311606 0.061861 0.000010 0.000000 0.000000
    65 0.000000 -0.000002 0.000000 0.000000 0.000000 0.000000
    66 0.000000 1.000000 0.000010 0.000000 0.000000 0.000000
    67 -0.000001 0.000000 0.000000 0.000000 0.000000 0.000000
    68 -0.000001 0.000000 0.000000 0.000000 0.000000 0.000000
    69 -0.000001 0.000000 0.000000 0.000000 0.000000 0.000000
time 26
    0 2.363281 1.374023 5.406250 -0.189132 0.509843 -0.053197
    1 3.455587 0.000000 0.000000 -2.284189 -0.263592 -1.110814
    2 16.572346 0.000000 0.000000 0.000000 0.000000 1.193769
    3 16.265829 0.000000 0.000000 -0.200890 0.043084 -1.683446
    4 5.046457 0.000000 0.000000 0.009835 -0.018769 -0.275407
    5 -3.455587 0.000000 0.000000 -1.329463 -0.168733 -1.672067
    6 16.572346 0.000000 0.000000 0.000000 0.000000 0.557880
    7 16.265831 0.000000 0.000000 -0.051004 -0.084999 -1.317146
    8 5.046457 0.000000 0.000000 -0.100206 0.015029 -0.412856
    9 0.000000 3.703728 0.293189 1.555149 -0.420763 1.429894
    10 3.307846 0.000000 0.000000 -0.022460 -0.073206 -0.028378
    11 3.297962 0.000000 0.000000 -0.005543 -0.022707 -0.206725
    12 6.040985 0.000000 0.000000 -0.010533 -0.020051 0.135577
    13 5.065758 0.000000 0.000000 -3.125783 0.042259 0.811621
    14 3.993755 0.000000 0.000000 0.019826 -0.093374 0.088466
    15 3.815876 1.385489 1.500000 -1.345256 -1.289027 -0.469807
    16 4.327093 0.000004 0.000000 -0.972062 -0.509396 -1.136146
    17 11.105114 0.000000 0.000000 0.000000 0.000000 -2.062247
    18 9.862099 -0.000011 -0.000031 1.354257 -0.644217 -0.250119
    19 2.641094 0.214619 -1.073586 0.343628 0.190590 -0.206088
    20 1.361605 -0.000002 0.000000 -0.033841 -0.056553 -0.539645
    21 0.779602 0.000002 0.000000 -0.038850 -0.124039 -0.304402
    22 2.908712 0.221762 -0.431868 0.315698 0.064495 -0.241172
    23 1.597527 0.000001 0.000000 -0.020360 -0.043876 -0.434642
    24 0.912680 0.000001 0.000000 0.002612 0.008298 -0.304949
    25 3.265450 0.050007 0.415744 0.323090 0.091423 -0.184625
    26 1.860470 0.000000 0.000000 -0.051595 -0.064269 -0.677213
    27 1.061481 -0.000001 0.000000 0.004073 0.029503 -0.137208
    28 3.340382 -0.242393 1.285012 0.318555 0.062569 -0.163990
    29 1.550753 0.000001 0.000000 0.061718 0.075999 -0.683161
    30 0.904888 0.000001 0.000000 0.001658 0.026316 -0.062909
    31 1.219385 -1.063860 0.837143 1.892454 -0.324449 -0.255898
    32 1.496971 -0.000002 -0.000001 0.000000 -0.094778 -0.333994
    33 1.100086 0.000000 0.000000 0.000000 -0.040666 0.285682
    34 3.815876 1.385489 -1.500000 0.593728 1.370098 -1.066061
    35 4.327089 -0.000004 0.000000 1.032016 0.479331 -0.939782
    36 11.105106 0.000000 0.000004 0.000000 0.000000 -0.912359
    37 9.862080 -0.000007 0.000017 -1.239680 0.932193 0.400057
    38 2.641111 0.211586 1.074188 -0.340804 -0.190592 -0.206085
    39 1.361601 0.000000 0.000000 0.033841 0.056553 -0.539645
    40 0.779604 0.000001 0.000000 0.038850 0.124039 -0.304402
    41 2.908730 0.220541 0.432493 -0.312875 -0.064497 -0.241168
    42 1.597527 0.000000 0.000000 0.020360 0.043876 -0.434642
    43 0.912678 0.000000 0.000000 -0.002612 -0.008298 -0.304949
    44 3.265471 0.051184 -0.415600 -0.320266 -0.091425 -0.184622
    45 1.860470 0.000000 0.000000 0.051595 0.064269 -0.677213
    46 1.061485 0.000000 0.000000 -0.004073 -0.029503 -0.137208
    47 3.340403 -0.238762 -1.285691 -0.315731 -0.062571 -0.163986
    48 1.550755 0.000000 0.000000 -0.061718 -0.075999 -0.683161
    49 0.904886 0.000001 0.000000 -0.001658 -0.026316 -0.062909
    50 1.219410 -1.061498 -0.840143 -1.889571 0.325162 -0.254974
    51 1.496971 0.000002 0.000000 0.000000 0.094778 -0.333994
    52 1.100088 0.000000 0.000000 0.000000 0.040666 0.285682
    53 0.000000 -0.000007 -0.000031 1.373047 0.113574 0.124314
    54 0.000000 0.000000 0.000000 -0.077030 -0.068757 -1.299215
    55 7.054213 0.000000 0.000000 0.000000 0.000000 0.000000
    56 0.000000 -0.000007 -0.000031 1.373047 0.113574 0.124314
    57 0.000000 -0.000007 -0.000031 1.373047 0.113574 0.124314
    58 2.856947 -1.536175 -0.973780 -1.501147 -0.272558 -1.578261
    59 0.000000 0.000000 10.000000 0.000000 0.000000 0.000000
    60 2.856899 -1.536201 -0.973800 -1.501147 -0.272558 -1.578261
    61 2.000000 -3.000000 0.000000 -1.570796 0.000000 -1.326450
    62 0.018896 0.665159 9.395880 0.000000 0.000000 0.000000
    63 3.028210 -0.923409 -2.009452 1.574082 -0.012974 1.587244
    64 0.116954 4.311606 0.061861 0.000010 0.000000 0.000000
    65 0.000000 -0.000002 0.000000 0.000000 0.000000 0.000000
    66 0.000000 1.000000 0.000010 0.000000 0.000000 0.000000
    67 -0.000001 0.000000 0.000000 0.000000 0.000000 0.000000
    68 -0.000001 0.000000 0.000000 0.000000 0.000000 0.000000
    69 -0.000001 0.000000 0.000000 0.000000 0.000000 0.000000
time 27
    0 2.642578 1.014648 5.578125 -0.114458 0.536530 -0.013143
    1 3.455587 0.000000 0.000000 -2.393428 -0.343468 -1.061619
    2 16.572346 0.000000 0.000000 0.000000 0.000000 1.506829
    3 16.265829 0.000000 0.000000 -0.169425 0.030708 -1.716736
    4 5.046457 0.000000 0.000000 0.009858 -0.018767 -0.251719
    5 -3.455587 0.000000 0.000000 -1.354847 -0.109992 -1.696657
    6 16.572346 0.000000 0.000000 0.000000 0.000000 0.326815
    7 16.265831 0.000000 0.000000 -0.120156 -0.004974 -1.383444
    8 5.046457 0.000000 0.000000 -0.100225 0.014980 -0.379355
    9 0.000000 3.703728 0.293189 1.563209 -0.396606 1.398216
    10 3.307846 0.000000 0.000000 -0.015261 -0.086426 -0.040819
    11 3.297962 0.000000 0.000000 0.002788 -0.021236 -0.204645
    12 6.040985 0.000000 0.000000 -0.001866 -0.018821 0.142842
    13 5.065758 0.000000 0.000000 -3.125730 -0.072228 0.811835
    14 3.993755 0.000000 0.000000 0.069476 0.007072 0.092531
    15 3.815876 1.385489 1.500000 -1.342492 -1.283808 -0.439604
    16 4.327093 0.000004 0.000000 -0.895087 -0.778879 -1.124759
    17 11.105114 0.000000 0.000000 0.000000 0.000000 -1.990725
    18 9.862099 -0.000011 -0.000031 1.555865 -0.691307 -0.382968
    19 2.641094 0.214619 -1.073586 0.343628 0.190590 -0.206088
    20 1.361605 -0.000002 0.000000 -0.033841 -0.056553 -0.539645
    21 0.779602 0.000002 0.000000 -0.038850 -0.124039 -0.304402
    22 2.908712 0.221762 -0.431868 0.315698 0.064495 -0.241172
    23 1.597527 0.000001 0.000000 -0.020360 -0.043876 -0.434642
    24 0.912680 0.000001 0.000000 0.002612 0.008298 -0.304949
    25 3.265450 0.050007 0.415744 0.323090 0.091423 -0.184625
    26 1.860470 0.000000 0.000000 -0.051595 -0.064269 -0.677213
    27 1.061481 -0.000001 0.000000 0.004073 0.029503 -0.137208
    28 3.340382 -0.242393 1.285012 0.318555 0.062569 -0.163990
    29 1.550753 0.000001 0.000000 0.061718 0.075999 -0.683161
    30 0.904888 0.000001 0.000000 0.001658 0.026316 -0.062909
    31 1.219385 -1.063860 0.837143 1.892454 -0.324449 -0.255898
    32 1.496971 -0.000002 -0.000001 0.000000 -0.094778 -0.333994
    33 1.100086 0.000000 0.000000 0.000000 -0.040666 0.285682
    34 3.815876 1.385489 -1.500000 0.561058 1.269136 -1.011314
    35 4.327089 -0.000004 0.000000 1.096127 0.246051 -0.943720
    36 11.105106 0.000000 0.000004 0.000000 0.000000 -1.222930
    37 9.862080 -0.000007 0.000017 -1.220150 0.992365 0.320273
    38 2.641111 0.211586 1.074188 -0.340804 -0.190592 -0.206085
    39 1.361601 0.000000 0.000000 0.033841 0.056553 -0.539645
    40 0.779604 0.000001 0.000000 0.038850 0.124039 -0.304402
    41 2.908730 0.220541 0.432493 -0.312875 -0.064497 -0.241168
    42 1.597527 0.000000 0.000000 0.020360 0.043876 -0.434642
    43 0.912678 0.000000 0.000000 -0.002612 -0.008298 -0.304949
    44 3.265471 0.051184 -0.415600 -0.320266 -0.091425 -0.184622
    45 1.860470 0.000000 0.000000 0.051595 0.064269 -0.677213
    46 1.061485 0.000000 0.000000 -0.004073 -0.029503 -0.137208
    47 3.340403 -0.238762 -1.285691 -0.315731 -0.062571 -0.163986
    48 1.550755 0.000000 0.000000 -0.061718 -0.075999 -0.683161
    49 0.904886 0.000001 0.000000 -0.001658 -0.026316 -0.062909
    50 1.219410 -1.061498 -0.840143 -1.889571 0.325162 -0.254974
    51 1.496971 0.000002 0.000000 0.000000 0.094778 -0.333994
    52 1.100088 0.000000 0.000000 0.000000 0.040666 0.285682
    53 0.000000 -0.000007 -0.000031 1.373047 0.113574 0.124314
    54 0.000000 0.000000 0.000000 -0.077030 -0.068757 -1.299215
    55 7.054213 0.000000 0.000000 0.000000 0.000000 0.000000
    56 0.000000 -0.000007 -0.000031 1.373047 0.113574 0.124314
    57 0.000000 -0.000007 -0.000031 1.373047 0.113574 0.124314
    58 2.856947 -1.536175 -0.973780 -1.501147 -0.272558 -1.578261
    59 0.000000 0.000000 10.000000 0.000000 0.000000 0.000000
    60 2.856899 -1.536201 -0.973800 -1.501147 -0.272558 -1.578261
    61 2.000000 -3.000000 0.000000 -1.570796 0.000000 -1.326450
    62 0.018896 0.665159 9.395880 0.000000 0.000000 0.000000
    63 3.028210 -0.923409 -2.009452 1.574082 -0.012974 1.587244
    64 0.116954 4.311606 0.061861 0.000010 0.000000 0.000000
    65 0.000000 -0.000002 0.000000 0.000000 0.000000 0.000000
    66 0.000000 1.000000 0.000010 0.000000 0.000000 0.000000
    67 -0.000001 0.000000 0.000000 0.000000 0.000000 0.000000
    68 -0.000001 0.000000 0.000000 0.000000 0.000000 0.000000
    69 -0.000001 0.000000 0.000000 0.000000 0.000000 0.000000
time 28
    0 2.863281 0.815918 5.269531 -0.017446 0.543184 0.001747
    1 3.455587 0.000000 0.000000 -2.530221 -0.433486 -0.973751
    2 16.572346 0.000000 0.000000 0.000000 0.000000 1.764422
    3 16.265829 0.000000 0.000000 -0.152102 0.061099 -1.707908
    4 5.046457 0.000000 0.000000 0.009877 -0.018748 -0.279853
    5 -3.455587 0.000000 0.000000 -1.441479 -0.169329 -1.685340
    6 16.572346 0.000000 0.000000 0.000000 0.000000 0.306534
    7 16.265831 0.000000 0.000000 -0.145954 0.196863 -1.590883
    8 5.046457 0.000000 0.000000 -0.100213 0.014976 -0.341664
    9 0.000000 3.703728 0.293189 1.564398 -0.358269 1.399731
    10 3.307846 0.000000 0.000000 -0.013406 -0.091335 -0.054702
    11 3.297962 0.000000 0.000000 0.005173 -0.026902 -0.196883
    12 6.040985 0.000000 0.000000 -0.000923 -0.024353 0.167866
    13 5.065758 0.000000 0.000000 -3.128766 -0.167431 0.841038
    14 3.993755 0.000000 0.000000 0.107850 0.098181 0.078027
    15 3.815876 1.385489 1.500000 -1.226715 -1.350144 -0.512720
    16 4.327093 0.000004 0.000000 -0.909430 -1.063955 -0.968845
    17 11.105114 0.000000 0.000000 0.000000 0.000000 -1.879809
    18 9.862099 -0.000011 -0.000031 1.636263 -0.690916 -0.397385
    19 2.641094 0.214619 -1.073586 0.343628 0.190590 -0.206088
    20 1.361605 -0.000002 0.000000 -0.033841 -0.056553 -0.539645
    21 0.779602 0.000002 0.000000 -0.038850 -0.124039 -0.304402
    22 2.908712 0.221762 -0.431868 0.315698 0.064495 -0.241172
    23 1.597527 0.000001 0.000000 -0.020360 -0.043876 -0.434642
    24 0.912680 0.000001 0.000000 0.002612 0.008298 -0.304949
    25 3.265450 0.050007 0.415744 0.323090 0.091423 -0.184625
    26 1.860470 0.000000 0.000000 -0.051595 -0.064269 -0.677213
    27 1.061481 -0.000001 0.000000 0.004073 0.029503 -0.137208
    28 3.340382 -0.242393 1.285012 0.318555 0.062569 -0.163990
    29 1.550753 0.000001 0.000000 0.061718 0.075999 -0.683161
    30 0.904888 0.000001 0.000000 0.001658 0.026316 -0.062909
    31 1.219385 -1.063860 0.837143 1.892454 -0.324449 -0.255898
    32 1.496971 -0.000002 -0.000001 0.000000 -0.094778 -0.333994
    33 1.100086 0.000000 0.000000 0.000000 -0.040666 0.285682
    34 3.815876 1.385489 -1.500000 0.461494 1.208052 -1.029854
    35 4.327089 -0.000004 0.000000 1.228199 0.026158 -1.020944
    36 11.105106 0.000000 0.000004 0.000000 0.000000 -1.468934
    37 9.862080 -0.000007 0.000017 -1.228167 1.010676 0.253730
    38 2.641111 0.211586 1.074188 -0.340804 -0.190592 -0.206085
    39 1.361601 0.000000 0.000000 0.033841 0.056553 -0.539645
    40 0.779604 0.000001 0.000000 0.038850 0.124039 -0.304402
    41 2.908730 0.220541 0.432493 -0.312875 -0.064497 -0.241168
    42 1.597527 0.000000 0.000000 0.020360 0.043876 -0.434642
    43 0.912678 0.000000 0.000000 -0.002612 -0.008298 -0.304949
    44 3.265471 0.051184 -0.415600 -0.320266 -0.091425 -0.184622
    45 1.860470 0.000000 0.000000 0.051595 0.064269 -0.677213
    46 1.061485 0.000000 0.000000 -0.004073 -0.029503 -0.137208
    47 3.340403 -0.238762 -1.285691 -0.315731 -0.062571 -0.163986
    48 1.550755 0.000000 0.000000 -0.061718 -0.075999 -0.683161
    49 0.904886 0.000001 0.000000 -0.001658 -0.026316 -0.062909
    50 1.219410 -1.061498 -0.840143 -1.889571 0.325162 -0.254974
    51 1.496971 0.000002 0.000000 0.000000 0.094778 -0.333994
    52 1.100088 0.000000 0.000000 0.000000 0.040666 0.285682
    53 0.000000 -0.000007 -0.000031 1.373047 0.113574 0.124314
    54 0.000000 0.000000 0.000000 -0.077030 -0.068757 -1.299215
    55 7.054213 0.000000 0.000000 0.000000 0.000000 0.000000
    56 0.000000 -0.000007 -0.000031 1.373047 0.113574 0.124314
    57 0.000000 -0.000007 -0.000031 1.373047 0.113574 0.124314
    58 2.856947 -1.536175 -0.973780 -1.501147 -0.272558 -1.578261
    59 0.000000 0.000000 10.000000 0.000000 0.000000 0.000000
    60 2.856899 -1.536201 -0.973800 -1.501147 -0.272558 -1.578261
    61 2.000000 -3.000000 0.000000 -1.570796 0.000000 -1.326450
    62 0.018896 0.665159 9.395880 0.000000 0.000000 0.000000
    63 3.028210 -0.923409 -2.009452 1.574082 -0.012974 1.587244
    64 0.116954 4.311606 0.061861 0.000010 0.000000 0.000000
    65 0.000000 -0.000002 0.000000 0.000000 0.000000 0.000000
    66 0.000000 1.000000 0.000010 0.000000 0.000000 0.000000
    67 -0.000001 0.000000 0.000000 0.000000 0.000000 0.000000
    68 -0.000001 0.000000 0.000000 0.000000 0.000000 0.000000
    69 -0.000001 0.000000 0.000000 0.000000 0.000000 0.000000
time 29
    0 2.904297 0.554688 4.562500 0.073134 0.537678 0.035562
    1 3.455587 0.000000 0.000000 -2.678274 -0.479608 -0.900018
    2 16.572346 0.000000 0.000000 0.000000 0.000000 1.966655
    3 16.265829 0.000000 0.000000 -0.078831 0.164703 -1.745401
    4 5.046457 0.000000 0.000000 0.009825 -0.018808 -0.265213
    5 -3.455587 0.000000 0.000000 -1.392472 -0.198637 -1.700439
    6 16.572346 0.000000 0.000000 0.000000 0.000000 0.315446
    7 16.265831 0.000000 0.000000 0.089129 0.270213 -1.527693
    8 5.046457 0.000000 0.000000 -0.100195 0.014991 -0.402792
    9 0.000000 3.703728 0.293189 1.559664 -0.342243 1.391912
    10 3.307846 0.000000 0.000000 -0.018063 -0.099122 -0.059445
    11 3.297962 0.000000 0.000000 0.002214 -0.036295 -0.183598
    12 6.040985 0.000000 0.000000 -0.006560 -0.036394 0.197729
    13 5.065758 0.000000 0.000000 -3.131842 -0.204787 0.873978
    14 3.993755 0.000000 0.000000 0.122941 0.141131 0.081635
    15 3.815876 1.385489 1.500000 -1.107803 -1.366956 -0.622687
    16 4.327093 0.000004 0.000000 -1.102594 -1.273452 -0.691336
    17 11.105114 0.000000 0.000000 0.000000 0.000000 -1.767216
    18 9.862099 -0.000011 -0.000031 1.672695 -0.639259 -0.311771
    19 2.641094 0.214619 -1.073586 0.343628 0.190590 -0.206088
    20 1.361605 -0.000002 0.000000 -0.033841 -0.056553 -0.539645
    21 0.779602 0.000002 0.000000 -0.038850 -0.124039 -0.304402
    22 2.908712 0.221762 -0.431868 0.315698 0.064495 -0.241172
    23 1.597527 0.000001 0.000000 -0.020360 -0.043876 -0.434642
    24 0.912680 0.000001 0.000000 0.002612 0.008298 -0.304949
    25 3.265450 0.050007 0.415744 0.323090 0.091423 -0.184625
    26 1.860470 0.000000 0.000000 -0.051595 -0.064269 -0.677213
    27 1.061481 -0.000001 0.000000 0.004073 0.029503 -0.137208
    28 3.340382 -0.242393 1.285012 0.318555 0.062569 -0.163990
    29 1.550753 0.000001 0.000000 0.061718 0.075999 -0.683161
    30 0.904888 0.000001 0.000000 0.001658 0.026316 -0.062909
    31 1.219385 -1.063860 0.837143 1.892454 -0.324449 -0.255898
    32 1.496971 -0.000002 -0.000001 0.000000 -0.094778 -0.333994
    33 1.100086 0.000000 0.000000 0.000000 -0.040666 0.285682
    34 3.815876 1.385489 -1.500000 0.429303 1.158951 -1.001924
    35 4.327089 -0.000004 0.000000 1.384426 -0.136947 -1.198807
    36 11.105106 0.000000 0.000004 0.000000 0.000000 -1.634882
    37 9.862080 -0.000007 0.000017 -1.243402 1.010006 0.177190
    38 2.641111 0.211586 1.074188 -0.340804 -0.190592 -0.206085
    39 1.361601 0.000000 0.000000 0.033841 0.056553 -0.539645
    40 0.779604 0.000001 0.000000 0.038850 0.124039 -0.304402
    41 2.908730 0.220541 0.432493 -0.312875 -0.064497 -0.241168
    42 1.597527 0.000000 0.000000 0.020360 0.043876 -0.434642
    43 0.912678 0.000000 0.000000 -0.002612 -0.008298 -0.304949
    44 3.265471 0.051184 -0.415600 -0.320266 -0.091425 -0.184622
    45 1.860470 0.000000 0.000000 0.051595 0.064269 -0.677213
    46 1.061485 0.000000 0.000000 -0.004073 -0.029503 -0.137208
    47 3.340403 -0.238762 -1.285691 -0.315731 -0.062571 -0.163986
    48 1.550755 0.000000 0.000000 -0.061718 -0.075999 -0.683161
    49 0.904886 0.000001 0.000000 -0.001658 -0.026316 -0.062909
    50 1.219410 -1.061498 -0.840143 -1.889571 0.325162 -0.254974
    51 1.496971 0.000002 0.000000 0.000000 0.094778 -0.333994
    52 1.100088 0.000000 0.000000 0.000000 0.040666 0.285682
    53 0.000000 -0.000007 -0.000031 1.373047 0.113574 0.124314
    54 0.000000 0.000000 0.000000 -0.077030 -0.068757 -1.299215
    55 7.054213 0.000000 0.000000 0.000000 0.000000 0.000000
    56 0.000000 -0.000007 -0.000031 1.373047 0.113574 0.124314
    57 0.000000 -0.000007 -0.000031 1.373047 0.113574 0.124314
    58 2.856947 -1.536175 -0.973780 -1.501147 -0.272558 -1.578261
    59 0.000000 0.000000 10.000000 0.000000 0.000000 0.000000
    60 2.856899 -1.536201 -0.973800 -1.501147 -0.272558 -1.578261
    61 2.000000 -3.000000 0.000000 -1.570796 0.000000 -1.326450
    62 0.018896 0.665159 9.395880 0.000000 0.000000 0.000000
    63 3.028210 -0.923409 -2.009452 1.574082 -0.012974 1.587244
    64 0.116954 4.311606 0.061861 0.000010 0.000000 0.000000
    65 0.000000 -0.000002 0.000000 0.000000 0.000000 0.000000
    66 0.000000 1.000000 0.000010 0.000000 0.000000 0.000000
    67 -0.000001 0.000000 0.000000 0.000000 0.000000 0.000000
    68 -0.000001 0.000000 0.000000 0.000000 0.000000 0.000000
    69 -0.000001 0.000000 0.000000 0.000000 0.000000 0.000000
time 30
    0 2.748047 0.425293 4.031250 0.107117 0.520103 0.031097
    1 3.455587 0.000000 0.000000 -2.820950 -0.441222 -0.799994
    2 16.572346 0.000000 0.000000 0.000000 0.000000 2.085212
    3 16.265829 0.000000 0.000000 -0.053208 0.309274 -1.792818
    4 5.046457 0.000000 0.000000 0.009823 -0.018779 -0.204361
    5 -3.455587 0.000000 0.000000 -1.275018 -0.149053 -1.663315
    6 16.572346 0.000000 0.000000 0.000000 0.000000 0.283406
    7 16.265831 0.000000 0.000000 -0.062353 0.182077 -1.449269
    8 5.046457 0.000000 0.000000 -0.100216 0.014990 -0.368360
    9 0.000000 3.703728 0.293189 1.549735 -0.361429 1.392304
    10 3.307846 0.000000 0.000000 -0.028295 -0.099801 -0.049766
    11 3.297962 0.000000 0.000000 -0.005490 -0.046512 -0.177208
    12 6.040985 0.000000 0.000000 -0.017637 -0.054506 0.206732
    13 5.065758 0.000000 0.000000 -3.117075 -0.195712 0.896887
    14 3.993755 0.000000 0.000000 0.127717 0.134211 0.058711
    15 3.815876 1.385489 1.500000 -1.012409 -1.359374 -0.727067
    16 4.327093 0.000004 0.000000 -1.403365 -1.349847 -0.331698
    17 11.105114 0.000000 0.000000 0.000000 0.000000 -1.691307
    18 9.862099 -0.000011 -0.000031 1.694081 -0.603755 -0.238388
    19 2.641094 0.214619 -1.073586 0.343628 0.190590 -0.206088
    20 1.361605 -0.000002 0.000000 -0.033841 -0.056553 -0.539645
    21 0.779602 0.000002 0.000000 -0.038850 -0.124039 -0.304402
    22 2.908712 0.221762 -0.431868 0.315698 0.064495 -0.241172
    23 1.597527 0.000001 0.000000 -0.020360 -0.043876 -0.434642
    24 0.912680 0.000001 0.000000 0.002612 0.008298 -0.304949
    25 3.265450 0.050007 0.415744 0.323090 0.091423 -0.184625
    26 1.860470 0.000000 0.000000 -0.051595 -0.064269 -0.677213
    27 1.061481 -0.000001 0.000000 0.004073 0.029503 -0.137208
    28 3.340382 -0.242393 1.285012 0.318555 0.062569 -0.163990
    29 1.550753 0.000001 0.000000 0.061718 0.075999 -0.683161
    30 0.904888 0.000001 0.000000 0.001658 0.026316 -0.062909
    31 1.219385 -1.063860 0.837143 1.892454 -0.324449 -0.255898
    32 1.496971 -0.000002 -0.000001 0.000000 -0.094778 -0.333994
    33 1.100086 0.000000 0.000000 0.000000 -0.040666 0.285682
    34 3.815876 1.385489 -1.500000 0.326025 1.121675 -1.061522
    35 4.327089 -0.000004 0.000000 1.465752 -0.190535 -1.360269
    36 11.105106 0.000000 0.000004 0.000000 0.000000 -1.711403
    37 9.862080 -0.000007 0.000017 -1.245285 1.040442 0.112685
    38 2.641111 0.211586 1.074188 -0.340804 -0.190592 -0.206085
    39 1.361601 0.000000 0.000000 0.033841 0.056553 -0.539645
    40 0.779604 0.000001 0.000000 0.038850 0.124039 -0.304402
    41 2.908730 0.220541 0.432493 -0.312875 -0.064497 -0.241168
    42 1.597527 0.000000 0.000000 0.020360 0.043876 -0.434642
    43 0.912678 0.000000 0.000000 -0.002612 -0.008298 -0.304949
    44 3.265471 0.051184 -0.415600 -0.320266 -0.091425 -0.184622
    45 1.860470 0.000000 0.000000 0.051595 0.064269 -0.677213
    46 1.061485 0.000000 0.000000 -0.004073 -0.029503 -0.137208
    47 3.340403 -0.238762 -1.285691 -0.315731 -0.062571 -0.163986
    48 1.550755 0.000000 0.000000 -0.061718 -0.075999 -0.683161
    49 0.904886 0.000001 0.000000 -0.001658 -0.026316 -0.062909
    50 1.219410 -1.061498 -0.840143 -1.889571 0.325162 -0.254974
    51 1.496971 0.000002 0.000000 0.000000 0.094778 -0.333994
    52 1.100088 0.000000 0.000000 0.000000 0.040666 0.285682
    53 0.000000 -0.000007 -0.000031 1.373047 0.113574 0.124314
    54 0.000000 0.000000 0.000000 -0.077030 -0.068757 -1.299215
    55 7.054213 0.000000 0.000000 0.000000 0.000000 0.000000
    56 0.000000 -0.000007 -0.000031 1.373047 0.113574 0.124314
    57 0.000000 -0.000007 -0.000031 1.373047 0.113574 0.124314
    58 2.856947 -1.536175 -0.973780 -1.501147 -0.272558 -1.578261
    59 0.000000 0.000000 10.000000 0.000000 0.000000 0.000000
    60 2.856899 -1.536201 -0.973800 -1.501147 -0.272558 -1.578261
    61 2.000000 -3.000000 0.000000 -1.570796 0.000000 -1.326450
    62 0.018896 0.665159 9.395880 0.000000 0.000000 0.000000
    63 3.028210 -0.923409 -2.009452 1.574082 -0.012974 1.587244
    64 0.116954 4.311606 0.061861 0.000010 0.000000 0.000000
    65 0.000000 -0.000002 0.000000 0.000000 0.000000 0.000000
    66 0.000000 1.000000 0.000010 0.000000 0.000000 0.000000
    67 -0.000001 0.000000 0.000000 0.000000 0.000000 0.000000
    68 -0.000001 0.000000 0.000000 0.000000 0.000000 0.000000
    69 -0.000001 0.000000 0.000000 0.000000 0.000000 0.000000
time 31
    0 2.685547 0.526855 3.970703 0.095620 0.502865 0.015865
    1 3.455587 0.000000 0.000000 -2.891493 -0.396962 -0.735470
    2 16.572346 0.000000 0.000000 0.000000 0.000000 2.082613
    3 16.265829 0.000000 0.000000 -0.035760 0.384817 -1.783107
    4 5.046457 0.000000 0.000000 0.009873 -0.018773 -0.183110
    5 -3.455587 0.000000 0.000000 -1.210904 -0.090109 -1.632411
    6 16.572346 0.000000 0.000000 0.000000 0.000000 0.248655
    7 16.265831 0.000000 0.000000 -0.107355 0.103664 -1.521208
    8 5.046457 0.000000 0.000000 -0.100197 0.014986 -0.455781
    9 0.000000 3.703728 0.293189 1.536743 -0.362019 1.396538
    10 3.307846 0.000000 0.000000 -0.042012 -0.107937 -0.041920
    11 3.297962 0.000000 0.000000 -0.015341 -0.065231 -0.158856
    12 6.040985 0.000000 0.000000 -0.033419 -0.073982 0.241132
    13 5.065758 0.000000 0.000000 -3.108653 -0.152961 0.951741
    14 3.993755 0.000000 0.000000 0.115321 0.092354 0.012519
    15 3.815876 1.385489 1.500000 -0.985393 -1.401037 -0.765990
    16 4.327093 0.000004 0.000000 -1.494875 -1.308943 -0.165602
    17 11.105114 0.000000 0.000000 0.000000 0.000000 -1.596182
    18 9.862099 -0.000011 -0.000031 1.705814 -0.636086 -0.230495
    19 2.641094 0.214619 -1.073586 0.343628 0.190590 -0.206088
    20 1.361605 -0.000002 0.000000 -0.033841 -0.056553 -0.539645
    21 0.779602 0.000002 0.000000 -0.038850 -0.124039 -0.304402
    22 2.908712 0.221762 -0.431868 0.315698 0.064495 -0.241172
    23 1.597527 0.000001 0.000000 -0.020360 -0.043876 -0.434642
    24 0.912680 0.000001 0.000000 0.002612 0.008298 -0.304949
    25 3.265450 0.050007 0.415744 0.323090 0.091423 -0.184625
    26 1.860470 0.000000 0.000000 -0.051595 -0.064269 -0.677213
    27 1.061481 -0.000001 0.000000 0.004073 0.029503 -0.137208
    28 3.340382 -0.242393 1.285012 0.318555 0.062569 -0.163990
    29 1.550753 0.000001 0.000000 0.061718 0.075999 -0.683161
    30 0.904888 0.000001 0.000000 0.001658 0.026316 -0.062909
    31 1.219385 -1.063860 0.837143 1.892454 -0.324449 -0.255898
    32 1.496971 -0.000002 -0.000001 0.000000 -0.094778 -0.333994
    33 1.100086 0.000000 0.000000 0.000000 -0.040666 0.285682
    34 3.815876 1.385489 -1.500000 0.182758 1.154507 -1.191855
    35 4.327089 -0.000004 0.000000 1.460119 -0.161232 -1.406664
    36 11.105106 0.000000 0.000004 0.000000 0.000000 -1.744552
    37 9.862080 -0.000007 0.000017 -1.218014 1.119053 0.082775
    38 2.641111 0.211586 1.074188 -0.340804 -0.190592 -0.206085
    39 1.361601 0.000000 0.000000 0.033841 0.056553 -0.539645
    40 0.779604 0.000001 0.000000 0.038850 0.124039 -0.304402
    41 2.908730 0.220541 0.432493 -0.312875 -0.064497 -0.241168
    42 1.597527 0.000000 0.000000 0.020360 0.043876 -0.434642
    43 0.912678 0.000000 0.000000 -0.002612 -0.008298 -0.304949
    44 3.265471 0.051184 -0.415600 -0.320266 -0.091425 -0.184622
    45 1.860470 0.000000 0.000000 0.051595 0.064269 -0.677213
    46 1.061485 0.000000 0.000000 -0.004073 -0.029503 -0.137208
    47 3.340403 -0.238762 -1.285691 -0.315731 -0.062571 -0.163986
    48 1.550755 0.000000 0.000000 -0.061718 -0.075999 -0.683161
    49 0.904886 0.000001 0.000000 -0.001658 -0.026316 -0.062909
    50 1.219410 -1.061498 -0.840143 -1.889571 0.325162 -0.254974
    51 1.496971 0.000002 0.000000 0.000000 0.094778 -0.333994
    52 1.100088 0.000000 0.000000 0.000000 0.040666 0.285682
    53 0.000000 -0.000007 -0.000031 1.373047 0.113574 0.124314
    54 0.000000 0.000000 0.000000 -0.077030 -0.068757 -1.299215
    55 7.054213 0.000000 0.000000 0.000000 0.000000 0.000000
    56 0.000000 -0.000007 -0.000031 1.373047 0.113574 0.124314
    57 0.000000 -0.000007 -0.000031 1.373047 0.113574 0.124314
    58 2.856947 -1.536175 -0.973780 -1.501147 -0.272558 -1.578261
    59 0.000000 0.000000 10.000000 0.000000 0.000000 0.000000
    60 2.856899 -1.536201 -0.973800 -1.501147 -0.272558 -1.578261
    61 2.000000 -3.000000 0.000000 -1.570796 0.000000 -1.326450
    62 0.018896 0.665159 9.395880 0.000000 0.000000 0.000000
    63 3.028210 -0.923409 -2.009452 1.574082 -0.012974 1.587244
    64 0.116954 4.311606 0.061861 0.000010 0.000000 0.000000
    65 0.000000 -0.000002 0.000000 0.000000 0.000000 0.000000
    66 0.000000 1.000000 0.000010 0.000000 0.000000 0.000000
    67 -0.000001 0.000000 0.000000 0.000000 0.000000 0.000000
    68 -0.000001 0.000000 0.000000 0.000000 0.000000 0.000000
    69 -0.000001 0.000000 0.000000 0.000000 0.000000 0.000000
time 32
    0 2.662109 0.656738 4.101563 0.059857 0.487384 -0.006462
    1 3.455587 0.000000 0.000000 -2.875290 -0.397985 -0.696873
    2 16.572346 0.000000 0.000000 0.000000 0.000000 2.006735
    3 16.265829 0.000000 0.000000 -0.117963 0.417005 -1.754382
    4 5.046457 0.000000 0.000000 0.009843 -0.018809 -0.241020
    5 -3.455587 0.000000 0.000000 -1.224589 -0.091134 -1.631063
    6 16.572346 0.000000 0.000000 0.000000 0.000000 0.249438
    7 16.265831 0.000000 0.000000 -0.076474 0.075432 -1.557167
    8 5.046457 0.000000 0.000000 -0.100183 0.015043 -0.416301
    9 0.000000 3.703728 0.293189 1.518361 -0.365096 1.404260
    10 3.307846 0.000000 0.000000 -0.060470 -0.113147 -0.034898
    11 3.297962 0.000000 0.000000 -0.030440 -0.081861 -0.149246
    12 6.040985 0.000000 0.000000 -0.053115 -0.087757 0.255847
    13 5.065758 0.000000 0.000000 -3.138779 -0.115160 1.007343
    14 3.993755 0.000000 0.000000 0.081026 0.057372 -0.027494
    15 3.815876 1.385489 1.500000 -0.930518 -1.442161 -0.825969
    16 4.327093 0.000004 0.000000 -1.237600 -1.202700 -0.450998
    17 11.105114 0.000000 0.000000 0.000000 0.000000 -1.467074
    18 9.862099 -0.000011 -0.000031 1.783135 -0.714645 -0.348857
    19 2.641094 0.214619 -1.073586 0.343628 0.190590 -0.206088
    20 1.361605 -0.000002 0.000000 -0.033841 -0.056553 -0.539645
    21 0.779602 0.000002 0.000000 -0.038850 -0.124039 -0.304402
    22 2.908712 0.221762 -0.431868 0.315698 0.064495 -0.241172
    23 1.597527 0.000001 0.000000 -0.020360 -0.043876 -0.434642
    24 0.912680 0.000001 0.000000 0.002612 0.008298 -0.304949
    25 3.265450 0.050007 0.415744 0.323090 0.091423 -0.184625
    26 1.860470 0.000000 0.000000 -0.051595 -0.064269 -0.677213
    27 1.061481 -0.000001 0.000000 0.004073 0.029503 -0.137208
    28 3.340382 -0.242393 1.285012 0.318555 0.062569 -0.163990
    29 1.550753 0.000001 0.000000 0.061718 0.075999 -0.683161
    30 0.904888 0.000001 0.000000 0.001658 0.026316 -0.062909
    31 1.219385 -1.063860 0.837143 1.892454 -0.324449 -0.255898
    32 1.496971 -0.000002 -0.000001 0.000000 -0.094778 -0.333994
    33 1.100086 0.000000 0.000000 0.000000 -0.040666 0.285682
    34 3.815876 1.385489 -1.500000 0.072872 1.196738 -1.330348
    35 4.327089 -0.000004 0.000000 1.353213 -0.100267 -1.342102
    36 11.105106 0.000000 0.000004 0.000000 0.000000 -1.801042
    37 9.862080 -0.000007 0.000017 -1.235778 1.167268 -0.004579
    38 2.641111 0.211586 1.074188 -0.340804 -0.190592 -0.206085
    39 1.361601 0.000000 0.000000 0.033841 0.056553 -0.539645
    40 0.779604 0.000001 0.000000 0.038850 0.124039 -0.304402
    41 2.908730 0.220541 0.432493 -0.312875 -0.064497 -0.241168
    42 1.597527 0.000000 0.000000 0.020360 0.043876 -0.434642
    43 0.912678 0.000000 0.000000 -0.002612 -0.008298 -0.304949
    44 3.265471 0.051184 -0.415600 -0.320266 -0.091425 -0.184622
    45 1.860470 0.000000 0.000000 0.051595 0.064269 -0.677213
    46 1.061485 0.000000 0.000000 -0.004073 -0.029503 -0.137208
    47 3.340403 -0.238762 -1.285691 -0.315731 -0.062571 -0.163986
    48 1.550755 0.000000 0.000000 -0.061718 -0.075999 -0.683161
    49 0.904886 0.000001 0.000000 -0.001658 -0.026316 -0.062909
    50 1.219410 -1.061498 -0.840143 -1.889571 0.325162 -0.254974
    51 1.496971 0.000002 0.000000 0.000000 0.094778 -0.333994
    52 1.100088 0.000000 0.000000 0.000000 0.040666 0.285682
    53 0.000000 -0.000007 -0.000031 1.373047 0.113574 0.124314
    54 0.000000 0.000000 0.000000 -0.077030 -0.068757 -1.299215
    55 7.054213 0.000000 0.000000 0.000000 0.000000 0.000000
    56 0.000000 -0.000007 -0.000031 1.373047 0.113574 0.124314
    57 0.000000 -0.000007 -0.000031 1.373047 0.113574 0.124314
    58 2.856947 -1.536175 -0.973780 -1.501147 -0.272558 -1.578261
    59 0.000000 0.000000 10.000000 0.000000 0.000000 0.000000
    60 2.856899 -1.536201 -0.973800 -1.501147 -0.272558 -1.578261
    61 2.000000 -3.000000 0.000000 -1.570796 0.000000 -1.326450
    62 0.018896 0.665159 9.395880 0.000000 0.000000 0.000000
    63 3.028210 -0.923409 -2.009452 1.574082 -0.012974 1.587244
    64 0.116954 4.311606 0.061861 0.000010 0.000000 0.000000
    65 0.000000 -0.000002 0.000000 0.000000 0.000000 0.000000
    66 0.000000 1.000000 0.000010 0.000000 0.000000 0.000000
    67 -0.000001 0.000000 0.000000 0.000000 0.000000 0.000000
    68 -0.000001 0.000000 0.000000 0.000000 0.000000 0.000000
    69 -0.000001 0.000000 0.000000 0.000000 0.000000 0.000000
time 33
    0 2.603516 0.701172 4.214844 0.011551 0.473436 -0.042192
    1 3.455587 0.000000 0.000000 -2.810483 -0.412028 -0.678770
    2 16.572346 0.000000 0.000000 0.000000 0.000000 1.884615
    3 16.265829 0.000000 0.000000 -0.218343 0.405340 -1.755297
    4 5.046457 0.000000 0.000000 0.009877 -0.018781 -0.270789
    5 -3.455587 0.000000 0.000000 -1.259412 -0.092263 -1.614987
    6 16.572346 0.000000 0.000000 0.000000 0.000000 0.280965
    7 16.265831 0.000000 0.000000 -0.047648 0.065211 -1.540842
    8 5.046457 0.000000 0.000000 -0.100231 0.014996 -0.424341
    9 0.000000 3.703728 0.293189 1.495939 -0.372206 1.420449
    10 3.307846 0.000000 0.000000 -0.080582 -0.105932 -0.033017
    11 3.297962 0.000000 0.000000 -0.050121 -0.089111 -0.150738
    12 6.040985 0.000000 0.000000 -0.074950 -0.097651 0.252182
    13 5.065758 0.000000 0.000000 3.127008 -0.074330 1.039501
    14 3.993755 0.000000 0.000000 0.050503 0.024169 -0.037045
    15 3.815876 1.385489 1.500000 -0.706409 -1.466125 -1.041296
    16 4.327093 0.000004 0.000000 -1.126792 -1.021722 -0.735216
    17 11.105114 0.000000 0.000000 0.000000 0.000000 -1.324190
    18 9.862099 -0.000011 -0.000031 1.898911 -0.760890 -0.558866
    19 2.641094 0.214619 -1.073586 0.343628 0.190590 -0.206088
    20 1.361605 -0.000002 0.000000 -0.033841 -0.056553 -0.539645
    21 0.779602 0.000002 0.000000 -0.038850 -0.124039 -0.304402
    22 2.908712 0.221762 -0.431868 0.315698 0.064495 -0.241172
    23 1.597527 0.000001 0.000000 -0.020360 -0.043876 -0.434642
    24 0.912680 0.000001 0.000000 0.002612 0.008298 -0.304949
    25 3.265450 0.050007 0.415744 0.323090 0.091423 -0.184625
    26 1.860470 0.000000 0.000000 -0.051595 -0.064269 -0.677213
    27 1.061481 -0.000001 0.000000 0.004073 0.029503 -0.137208
    28 3.340382 -0.242393 1.285012 0.318555 0.062569 -0.163990
    29 1.550753 0.000001 0.000000 0.061718 0.075999 -0.683161
    30 0.904888 0.000001 0.000000 0.001658 0.026316 -0.062909
    31 1.219385 -1.063860 0.837143 1.892454 -0.324449 -0.255898
    32 1.496971 -0.000002 -0.000001 0.000000 -0.094778 -0.333994
    33 1.100086 0.000000 0.000000 0.000000 -0.040666 0.285682
    34 3.815876 1.385489 -1.500000 0.102911 1.232296 -1.369887
    35 4.327089 -0.000004 0.000000 1.232658 -0.013876 -1.279302
    36 11.105106 0.000000 0.000004 0.000000 0.000000 -1.876064
    37 9.862080 -0.000007 0.000017 -1.374483 1.065644 -0.185405
    38 2.641111 0.211586 1.074188 -0.340804 -0.190592 -0.206085
    39 1.361601 0.000000 0.000000 0.033841 0.056553 -0.539645
    40 0.779604 0.000001 0.000000 0.038850 0.124039 -0.304402
    41 2.908730 0.220541 0.432493 -0.312875 -0.064497 -0.241168
    42 1.597527 0.000000 0.000000 0.020360 0.043876 -0.434642
    43 0.912678 0.000000 0.000000 -0.002612 -0.008298 -0.304949
    44 3.265471 0.051184 -0.415600 -0.320266 -0.091425 -0.184622
    45 1.860470 0.000000 0.000000 0.051595 0.064269 -0.677213
    46 1.061485 0.000000 0.000000 -0.004073 -0.029503 -0.137208
    47 3.340403 -0.238762 -1.285691 -0.315731 -0.062571 -0.163986
    48 1.550755 0.000000 0.000000 -0.061718 -0.075999 -0.683161
    49 0.904886 0.000001 0.000000 -0.001658 -0.026316 -0.062909
    50 1.219410 -1.061498 -0.840143 -1.889571 0.325162 -0.254974
    51 1.496971 0.000002 0.000000 0.000000 0.094778 -0.333994
    52 1.100088 0.000000 0.000000 0.000000 0.040666 0.285682
    53 0.000000 -0.000007 -0.000031 1.373047 0.113574 0.124314
    54 0.000000 0.000000 0.000000 -0.077030 -0.068757 -1.299215
    55 7.054213 0.000000 0.000000 0.000000 0.000000 0.000000
    56 0.000000 -0.000007 -0.000031 1.373047 0.113574 0.124314
    57 0.000000 -0.000007 -0.000031 1.373047 0.113574 0.124314
    58 2.856947 -1.536175 -0.973780 -1.501147 -0.272558 -1.578261
    59 0.000000 0.000000 10.000000 0.000000 0.000000 0.000000
    60 2.856899 -1.536201 -0.973800 -1.501147 -0.272558 -1.578261
    61 2.000000 -3.000000 0.000000 -1.570796 0.000000 -1.326450
    62 0.018896 0.665159 9.395880 0.000000 0.000000 0.000000
    63 3.028210 -0.923409 -2.009452 1.574082 -0.012974 1.587244
    64 0.116954 4.311606 0.061861 0.000010 0.000000 0.000000
    65 0.000000 -0.000002 0.000000 0.000000 0.000000 0.000000
    66 0.000000 1.000000 0.000010 0.000000 0.000000 0.000000
    67 -0.000001 0.000000 0.000000 0.000000 0.000000 0.000000
    68 -0.000001 0.000000 0.000000 0.000000 0.000000 0.000000
    69 -0.000001 0.000000 0.000000 0.000000 0.000000 0.000000
time 34
    0 2.521484 0.791992 4.324219 -0.030403 0.455647 -0.072687
    1 3.455587 0.000000 0.000000 -2.728131 -0.399367 -0.696275
    2 16.572346 0.000000 0.000000 0.000000 0.000000 1.716543
    3 16.265829 0.000000 0.000000 -0.250792 0.350793 -1.761006
    4 5.046457 0.000000 0.000000 0.009835 -0.018802 -0.266346
    5 -3.455587 0.000000 0.000000 -1.268365 -0.098729 -1.598261
    6 16.572346 0.000000 0.000000 0.000000 0.000000 0.376530
    7 16.265831 0.000000 0.000000 -0.071679 0.035581 -1.556355
    8 5.046457 0.000000 0.000000 -0.100172 0.014980 -0.381378
    9 0.000000 3.703728 0.293189 1.475925 -0.378741 1.430867
    10 3.307846 0.000000 0.000000 -0.098090 -0.097871 -0.034827
    11 3.297962 0.000000 0.000000 -0.068239 -0.089166 -0.158989
    12 6.040985 0.000000 0.000000 -0.092403 -0.099665 0.236848
    13 5.065758 0.000000 0.000000 3.093784 -0.008077 1.006489
    14 3.993755 0.000000 0.000000 -0.010764 -0.018420 -0.021743
    15 3.815876 1.385489 1.500000 -0.288133 -1.475775 -1.433050
    16 4.327093 0.000004 0.000000 -1.226659 -0.793936 -0.906051
    17 11.105114 0.000000 0.000000 0.000000 0.000000 -1.264137
    18 9.862099 -0.000011 -0.000031 1.939145 -0.799457 -0.634538
    19 2.641094 0.214619 -1.073586 0.343628 0.190590 -0.206088
    20 1.361605 -0.000002 0.000000 -0.033841 -0.056553 -0.539645
    21 0.779602 0.000002 0.000000 -0.038850 -0.124039 -0.304402
    22 2.908712 0.221762 -0.431868 0.315698 0.064495 -0.241172
    23 1.597527 0.000001 0.000000 -0.020360 -0.043876 -0.434642
    24 0.912680 0.000001 0.000000 0.002612 0.008298 -0.304949
    25 3.265450 0.050007 0.415744 0.323090 0.091423 -0.184625
    26 1.860470 0.000000 0.000000 -0.051595 -0.064269 -0.677213
    27 1.061481 -0.000001 0.000000 0.004073 0.029503 -0.137208
    28 3.340382 -0.242393 1.285012 0.318555 0.062569 -0.163990
    29 1.550753 0.000001 0.000000 0.061718 0.075999 -0.683161
    30 0.904888 0.000001 0.000000 0.001658 0.026316 -0.062909
    31 1.219385 -1.063860 0.837143 1.892454 -0.324449 -0.255898
    32 1.496971 -0.000002 -0.000001 0.000000 -0.094778 -0.333994
    33 1.100086 0.000000 0.000000 0.000000 -0.040666 0.285682
    34 3.815876 1.385489 -1.500000 0.219851 1.263923 -1.309374
    35 4.327089 -0.000004 0.000000 1.111860 0.135739 -1.250761
    36 11.105106 0.000000 0.000004 0.000000 0.000000 -1.935482
    37 9.862080 -0.000007 0.000017 -1.497476 0.936132 -0.316296
    38 2.641111 0.211586 1.074188 -0.340804 -0.190592 -0.206085
    39 1.361601 0.000000 0.000000 0.033841 0.056553 -0.539645
    40 0.779604 0.000001 0.000000 0.038850 0.124039 -0.304402
    41 2.908730 0.220541 0.432493 -0.312875 -0.064497 -0.241168
    42 1.597527 0.000000 0.000000 0.020360 0.043876 -0.434642
    43 0.912678 0.000000 0.000000 -0.002612 -0.008298 -0.304949
    44 3.265471 0.051184 -0.415600 -0.320266 -0.091425 -0.184622
    45 1.860470 0.000000 0.000000 0.051595 0.064269 -0.677213
    46 1.061485 0.000000 0.000000 -0.004073 -0.029503 -0.137208
    47 3.340403 -0.238762 -1.285691 -0.315731 -0.062571 -0.163986
    48 1.550755 0.000000 0.000000 -0.061718 -0.075999 -0.683161
    49 0.904886 0.000001 0.000000 -0.001658 -0.026316 -0.062909
    50 1.219410 -1.061498 -0.840143 -1.889571 0.325162 -0.254974
    51 1.496971 0.000002 0.000000 0.000000 0.094778 -0.333994
    52 1.100088 0.000000 0.000000 0.000000 0.040666 0.285682
    53 0.000000 -0.000007 -0.000031 1.373047 0.113574 0.124314
    54 0.000000 0.000000 0.000000 -0.077030 -0.068757 -1.299215
    55 7.054213 0.000000 0.000000 0.000000 0.000000 0.000000
    56 0.000000 -0.000007 -0.000031 1.373047 0.113574 0.124314
    57 0.000000 -0.000007 -0.000031 1.373047 0.113574 0.124314
    58 2.856947 -1.536175 -0.973780 -1.501147 -0.272558 -1.578261
    59 0.000000 0.000000 10.000000 0.000000 0.000000 0.000000
    60 2.856899 -1.536201 -0.973800 -1.501147 -0.272558 -1.578261
    61 2.000000 -3.000000 0.000000 -1.570796 0.000000 -1.326450
    62 0.018896 0.665159 9.395880 0.000000 0.000000 0.000000
    63 3.028210 -0.923409 -2.009452 1.574082 -0.012974 1.587244
    64 0.116954 4.311606 0.061861 0.000010 0.000000 0.000000
    65 0.000000 -0.000002 0.000000 0.000000 0.000000 0.000000
    66 0.000000 1.000000 0.000010 0.000000 0.000000 0.000000
    67 -0.000001 0.000000 0.000000 0.000000 0.000000 0.000000
    68 -0.000001 0.000000 0.000000 0.000000 0.000000 0.000000
    69 -0.000001 0.000000 0.000000 0.000000 0.000000 0.000000
time 35
    0 2.341797 0.939453 4.464844 -0.063427 0.433652 -0.096953
    1 3.455587 0.000000 0.000000 -2.663383 -0.359614 -0.735958
    2 16.572346 0.000000 0.000000 0.000000 0.000000 1.509672
    3 16.265829 0.000000 0.000000 -0.184886 0.196983 -1.753310
    4 5.046457 0.000000 0.000000 0.009850 -0.018762 -0.276976
    5 -3.455587 0.000000 0.000000 -1.291022 -0.147619 -1.587372
    6 16.572346 0.000000 0.000000 0.000000 0.000000 0.540839
    7 16.265831 0.000000 0.000000 -0.100297 0.038014 -1.602644
    8 5.046457 0.000000 0.000000 -0.100154 0.014978 -0.390537
    9 0.000000 3.703728 0.293189 1.462115 -0.381743 1.433041
    10 3.307846 0.000000 0.000000 -0.110289 -0.092613 -0.038595
    11 3.297962 0.000000 0.000000 -0.081816 -0.084401 -0.167453
    12 6.040985 0.000000 0.000000 -0.103490 -0.094075 0.220511
    13 5.065758 0.000000 0.000000 3.061889 0.078811 0.953570
    14 3.993755 0.000000 0.000000 -0.081608 -0.080077 0.017884
    15 3.815876 1.385489 1.500000 0.079358 -1.455891 -1.769680
    16 4.327093 0.000004 0.000000 -1.384873 -0.563789 -1.000681
    17 11.105114 0.000000 0.000000 0.000000 0.000000 -1.273354
    18 9.862099 -0.000011 -0.000031 1.917125 -0.864629 -0.666495
    19 2.641094 0.214619 -1.073586 0.343628 0.190590 -0.206088
    20 1.361605 -0.000002 0.000000 -0.033841 -0.056553 -0.539645
    21 0.779602 0.000002 0.000000 -0.038850 -0.124039 -0.304402
    22 2.908712 0.221762 -0.431868 0.315698 0.064495 -0.241172
    23 1.597527 0.000001 0.000000 -0.020360 -0.043876 -0.434642
    24 0.912680 0.000001 0.000000 0.002612 0.008298 -0.304949
    25 3.265450 0.050007 0.415744 0.323090 0.091423 -0.184625
    26 1.860470 0.000000 0.000000 -0.051595 -0.064269 -0.677213
    27 1.061481 -0.000001 0.000000 0.004073 0.029503 -0.137208
    28 3.340382 -0.242393 1.285012 0.318555 0.062569 -0.163990
    29 1.550753 0.000001 0.000000 0.061718 0.075999 -0.683161
    30 0.904888 0.000001 0.000000 0.001658 0.026316 -0.062909
    31 1.219385 -1.063860 0.837143 1.892454 -0.324449 -0.255898
    32 1.496971 -0.000002 -0.000001 0.000000 -0.094778 -0.333994
    33 1.100086 0.000000 0.000000 0.000000 -0.040666 0.285682
    34 3.815876 1.385489 -1.500000 0.363163 1.295637 -1.217673
    35 4.327089 -0.000004 0.000000 0.983015 0.318166 -1.239899
    36 11.105106 0.000000 0.000004 0.000000 0.000000 -1.975148
    37 9.862080 -0.000007 0.000017 -1.591591 0.858406 -0.420096
    38 2.641111 0.211586 1.074188 -0.340804 -0.190592 -0.206085
    39 1.361601 0.000000 0.000000 0.033841 0.056553 -0.539645
    40 0.779604 0.000001 0.000000 0.038850 0.124039 -0.304402
    41 2.908730 0.220541 0.432493 -0.312875 -0.064497 -0.241168
    42 1.597527 0.000000 0.000000 0.020360 0.043876 -0.434642
    43 0.912678 0.000000 0.000000 -0.002612 -0.008298 -0.304949
    44 3.265471 0.051184 -0.415600 -0.320266 -0.091425 -0.184622
    45 1.860470 0.000000 0.000000 0.051595 0.064269 -0.677213
    46 1.061485 0.000000 0.000000 -0.004073 -0.029503 -0.137208
    47 3.340403 -0.238762 -1.285691 -0.315731 -0.062571 -0.163986
    48 1.550755 0.000000 0.000000 -0.061718 -0.075999 -0.683161
    49 0.904886 0.000001 0.000000 -0.001658 -0.026316 -0.062909
    50 1.219410 -1.061498 -0.840143 -1.889571 0.325162 -0.254974
    51 1.496971 0.000002 0.000000 0.000000 0.094778 -0.333994
    52 1.100088 0.000000 0.000000 0.000000 0.040666 0.285682
    53 0.000000 -0.000007 -0.000031 1.373047 0.113574 0.124314
    54 0.000000 0.000000 0.000000 -0.077030 -0.068757 -1.299215
    55 7.054213 0.000000 0.000000 0.000000 0.000000 0.000000
    56 0.000000 -0.000007 -0.000031 1.373047 0.113574 0.124314
    57 0.000000 -0.000007 -0.000031 1.373047 0.113574 0.124314
    58 2.856947 -1.536175 -0.973780 -1.501147 -0.272558 -1.578261
    59 0.000000 0.000000 10.000000 0.000000 0.000000 0.000000
    60 2.856899 -1.536201 -0.973800 -1.501147 -0.272558 -1.578261
    61 2.000000 -3.000000 0.000000 -1.570796 0.000000 -1.326450
    62 0.018896 0.665159 9.395880 0.000000 0.000000 0.000000
    63 3.028210 -0.923409 -2.009452 1.574082 -0.012974 1.587244
    64 0.116954 4.311606 0.061861 0.000010 0.000000 0.000000
    65 0.000000 -0.000002 0.000000 0.000000 0.000000 0.000000
    66 0.000000 1.000000 0.000010 0.000000 0.000000 0.000000
    67 -0.000001 0.000000 0.000000 0.000000 0.000000 0.000000
    68 -0.000001 0.000000 0.000000 0.000000 0.000000 0.000000
    69 -0.000001 0.000000 0.000000 0.000000 0.000000 0.000000
time 36
    0 2.082031 1.061523 4.597656 -0.096384 0.413576 -0.127366
    1 3.455587 0.000000 0.000000 -2.623680 -0.311786 -0.779874
    2 16.572346 0.000000 0.000000 0.000000 0.000000 1.271959
    3 16.265829 0.000000 0.000000 -0.037168 0.025293 -1.742680
    4 5.046457 0.000000 0.000000 0.009835 -0.018813 -0.240150
    5 -3.455587 0.000000 0.000000 -1.312321 -0.234807 -1.563427
    6 16.572346 0.000000 0.000000 0.000000 0.000000 0.731035
    7 16.265831 0.000000 0.000000 -0.094598 0.117234 -1.627000
    8 5.046457 0.000000 0.000000 -0.100191 0.015047 -0.381734
    9 0.000000 3.703728 0.293189 1.456857 -0.386088 1.436586
    10 3.307846 0.000000 0.000000 -0.114281 -0.085242 -0.041340
    11 3.297962 0.000000 0.000000 -0.088552 -0.075017 -0.173306
    12 6.040985 0.000000 0.000000 -0.107079 -0.083229 0.208234
    13 5.065758 0.000000 0.000000 3.053998 0.180467 0.897398
    14 3.993755 0.000000 0.000000 -0.138360 -0.168738 0.065654
    15 3.815876 1.385489 1.500000 -0.043465 -1.440970 -1.624677
    16 4.327093 0.000004 0.000000 -1.519433 -0.351423 -1.125200
    17 11.105114 0.000000 0.000000 0.000000 0.000000 -1.293290
    18 9.862099 -0.000011 -0.000031 1.922463 -0.969958 -0.699270
    19 2.641094 0.214619 -1.073586 0.343628 0.190590 -0.206088
    20 1.361605 -0.000002 0.000000 -0.033841 -0.056553 -0.539645
    21 0.779602 0.000002 0.000000 -0.038850 -0.124039 -0.304402
    22 2.908712 0.221762 -0.431868 0.315698 0.064495 -0.241172
    23 1.597527 0.000001 0.000000 -0.020360 -0.043876 -0.434642
    24 0.912680 0.000001 0.000000 0.002612 0.008298 -0.304949
    25 3.265450 0.050007 0.415744 0.323090 0.091423 -0.184625
    26 1.860470 0.000000 0.000000 -0.051595 -0.064269 -0.677213
    27 1.061481 -0.000001 0.000000 0.004073 0.029503 -0.137208
    28 3.340382 -0.242393 1.285012 0.318555 0.062569 -0.163990
    29 1.550753 0.000001 0.000000 0.061718 0.075999 -0.683161
    30 0.904888 0.000001 0.000000 0.001658 0.026316 -0.062909
    31 1.219385 -1.063860 0.837143 1.892454 -0.324449 -0.255898
    32 1.496971 -0.000002 -0.000001 0.000000 -0.094778 -0.333994
    33 1.100086 0.000000 0.000000 0.000000 -0.040666 0.285682
    34 3.815876 1.385489 -1.500000 0.508008 1.299212 -1.114723
    35 4.327089 -0.000004 0.000000 0.867418 0.520493 -1.248007
    36 11.105106 0.000000 0.000004 0.000000 0.000000 -1.976389
    37 9.862080 -0.000007 0.000017 -1.700929 0.774242 -0.526990
    38 2.641111 0.211586 1.074188 -0.340804 -0.190592 -0.206085
    39 1.361601 0.000000 0.000000 0.033841 0.056553 -0.539645
    40 0.779604 0.000001 0.000000 0.038850 0.124039 -0.304402
    41 2.908730 0.220541 0.432493 -0.312875 -0.064497 -0.241168
    42 1.597527 0.000000 0.000000 0.020360 0.043876 -0.434642
    43 0.912678 0.000000 0.000000 -0.002612 -0.008298 -0.304949
    44 3.265471 0.051184 -0.415600 -0.320266 -0.091425 -0.184622
    45 1.860470 0.000000 0.000000 0.051595 0.064269 -0.677213
    46 1.061485 0.000000 0.000000 -0.004073 -0.029503 -0.137208
    47 3.340403 -0.238762 -1.285691 -0.315731 -0.062571 -0.163986
    48 1.550755 0.000000 0.000000 -0.061718 -0.075999 -0.683161
    49 0.904886 0.000001 0.000000 -0.001658 -0.026316 -0.062909
    50 1.219410 -1.061498 -0.840143 -1.889571 0.325162 -0.254974
    51 1.496971 0.000002 0.000000 0.000000 0.094778 -0.333994
    52 1.100088 0.000000 0.000000 0.000000 0.040666 0.285682
    53 0.000000 -0.000007 -0.000031 1.373047 0.113574 0.124314
    54 0.000000 0.000000 0.000000 -0.077030 -0.068757 -1.299215
    55 7.054213 0.000000 0.000000 0.000000 0.000000 0.000000
    56 0.000000 -0.000007 -0.000031 1.373047 0.113574 0.124314
    57 0.000000 -0.000007 -0.000031 1.373047 0.113574 0.124314
    58 2.856947 -1.536175 -0.973780 -1.501147 -0.272558 -1.578261
    59 0.000000 0.000000 10.000000 0.000000 0.000000 0.000000
    60 2.856899 -1.536201 -0.973800 -1.501147 -0.272558 -1.578261
    61 2.000000 -3.000000 0.000000 -1.570796 0.000000 -1.326450
    62 0.018896 0.665159 9.395880 0.000000 0.000000 0.000000
    63 3.028210 -0.923409 -2.009452 1.574082 -0.012974 1.587244
    64 0.116954 4.311606 0.061861 0.000010 0.000000 0.000000
    65 0.000000 -0.000002 0.000000 0.000000 0.000000 0.000000
    66 0.000000 1.000000 0.000010 0.000000 0.000000 0.000000
    67 -0.000001 0.000000 0.000000 0.000000 0.000000 0.000000
    68 -0.000001 0.000000 0.000000 0.000000 0.000000 0.000000
    69 -0.000001 0.000000 0.000000 0.000000 0.000000 0.000000
time 37
    0 1.913086 1.119141 4.699219 -0.124135 0.404953 -0.154308
    1 3.455587 0.000000 0.000000 -2.544934 -0.261235 -0.846575
    2 16.572346 0.000000 0.000000 0.000000 0.000000 0.981814
    3 16.265829 0.000000 0.000000 -0.067893 0.044457 -1.696088
    4 5.046457 0.000000 0.000000 0.009859 -0.018732 -0.260946
    5 -3.455587 0.000000 0.000000 -1.318313 -0.340466 -1.544857
    6 16.572346 0.000000 0.000000 0.000000 0.000000 0.933956
    7 16.265831 0.000000 0.000000 -0.047399 0.215257 -1.615562
    8 5.046457 0.000000 0.000000 -0.100159 0.014970 -0.354563
    9 0.000000 3.703728 0.293189 1.456847 -0.384589 1.445444
    10 3.307846 0.000000 0.000000 -0.113358 -0.076176 -0.045088
    11 3.297962 0.000000 0.000000 -0.091093 -0.065151 -0.174595
    12 6.040985 0.000000 0.000000 -0.106756 -0.070605 0.205581
    13 5.065758 0.000000 0.000000 3.051787 0.268072 0.838974
    14 3.993755 0.000000 0.000000 -0.185143 -0.244939 0.128678
    15 3.815876 1.385489 1.500000 -0.416044 -1.421721 -1.241597
    16 4.327093 0.000004 0.000000 -1.576386 -0.211219 -1.245812
    17 11.105114 0.000000 0.000000 0.000000 0.000000 -1.302174
    18 9.862099 -0.000011 -0.000031 1.916971 -1.185803 -0.482112
    19 2.641094 0.214619 -1.073586 0.343628 0.190590 -0.206088
    20 1.361605 -0.000002 0.000000 -0.033841 -0.056553 -0.539645
    21 0.779602 0.000002 0.000000 -0.038850 -0.124039 -0.304402
    22 2.908712 0.221762 -0.431868 0.315698 0.064495 -0.241172
    23 1.597527 0.000001 0.000000 -0.020360 -0.043876 -0.434642
    24 0.912680 0.000001 0.000000 0.002612 0.008298 -0.304949
    25 3.265450 0.050007 0.415744 0.323090 0.091423 -0.184625
    26 1.860470 0.000000 0.000000 -0.051595 -0.064269 -0.677213
    27 1.061481 -0.000001 0.000000 0.004073 0.029503 -0.137208
    28 3.340382 -0.242393 1.285012 0.318555 0.062569 -0.163990
    29 1.550753 0.000001 0.000000 0.061718 0.075999 -0.683161
    30 0.904888 0.000001 0.000000 0.001658 0.026316 -0.062909
    31 1.219385 -1.063860 0.837143 1.892454 -0.324449 -0.255898
    32 1.496971 -0.000002 -0.000001 0.000000 -0.094778 -0.333994
    33 1.100086 0.000000 0.000000 0.000000 -0.040666 0.285682
    34 3.815876 1.385489 -1.500000 0.664718 1.280341 -0.973434
    35 4.327089 -0.000004 0.000000 0.796231 0.705417 -1.268101
    36 11.105106 0.000000 0.000004 0.000000 0.000000 -1.940509
    37 9.862080 -0.000007 0.000017 -1.793553 0.726951 -0.589076
    38 2.641111 0.211586 1.074188 -0.340804 -0.190592 -0.206085
    39 1.361601 0.000000 0.000000 0.033841 0.056553 -0.539645
    40 0.779604 0.000001 0.000000 0.038850 0.124039 -0.304402
    41 2.908730 0.220541 0.432493 -0.312875 -0.064497 -0.241168
    42 1.597527 0.000000 0.000000 0.020360 0.043876 -0.434642
    43 0.912678 0.000000 0.000000 -0.002612 -0.008298 -0.304949
    44 3.265471 0.051184 -0.415600 -0.320266 -0.091425 -0.184622
    45 1.860470 0.000000 0.000000 0.051595 0.064269 -0.677213
    46 1.061485 0.000000 0.000000 -0.004073 -0.029503 -0.137208
    47 3.340403 -0.238762 -1.285691 -0.315731 -0.062571 -0.163986
    48 1.550755 0.000000 0.000000 -0.061718 -0.075999 -0.683161
    49 0.904886 0.000001 0.000000 -0.001658 -0.026316 -0.062909
    50 1.219410 -1.061498 -0.840143 -1.889571 0.325162 -0.254974
    51 1.496971 0.000002 0.000000 0.000000 0.094778 -0.333994
    52 1.100088 0.000000 0.000000 0.000000 0.040666 0.285682
    53 0.000000 -0.000007 -0.000031 1.373047 0.113574 0.124314
    54 0.000000 0.000000 0.000000 -0.077030 -0.068757 -1.299215
    55 7.054213 0.000000 0.000000 0.000000 0.000000 0.000000
    56 0.000000 -0.000007 -0.000031 1.373047 0.113574 0.124314
    57 0.000000 -0.000007 -0.000031 1.373047 0.113574 0.124314
    58 2.856947 -1.536175 -0.973780 -1.501147 -0.272558 -1.578261
    59 0.000000 0.000000 10.000000 0.000000 0.000000 0.000000
    60 2.856899 -1.536201 -0.973800 -1.501147 -0.272558 -1.578261
    61 2.000000 -3.000000 0.000000 -1.570796 0.000000 -1.326450
    62 0.018896 0.665159 9.395880 0.000000 0.000000 0.000000
    63 3.028210 -0.923409 -2.009452 1.574082 -0.012974 1.587244
    64 0.116954 4.311606 0.061861 0.000010 0.000000 0.000000
    65 0.000000 -0.000002 0.000000 0.000000 0.000000 0.000000
    66 0.000000 1.000000 0.000010 0.000000 0.000000 0.000000
    67 -0.000001 0.000000 0.000000 0.000000 0.000000 0.000000
    68 -0.000001 0.000000 0.000000 0.000000 0.000000 0.000000
    69 -0.000001 0.000000 0.000000 0.000000 0.000000 0.000000
time 38
    0 1.934570 1.113281 4.796875 -0.153499 0.400161 -0.171786
    1 3.455587 0.000000 0.000000 -2.422100 -0.193616 -0.938677
    2 16.572346 0.000000 0.000000 0.000000 0.000000 0.663247
    3 16.265829 0.000000 0.000000 -0.121187 0.084164 -1.635234
    4 5.046457 0.000000 0.000000 0.009880 -0.018772 -0.348558
    5 -3.455587 0.000000 0.000000 -1.322689 -0.435873 -1.536672
    6 16.572346 0.000000 0.000000 0.000000 0.000000 1.140493
    7 16.265831 0.000000 0.000000 -0.013295 0.245704 -1.603738
    8 5.046457 0.000000 0.000000 -0.100175 0.015042 -0.344035
    9 0.000000 3.703728 0.293189 1.459436 -0.379896 1.459101
    10 3.307846 0.000000 0.000000 -0.109791 -0.065787 -0.049676
    11 3.297962 0.000000 0.000000 -0.090805 -0.056589 -0.173928
    12 6.040985 0.000000 0.000000 -0.104378 -0.060584 0.207361
    13 5.065758 0.000000 0.000000 3.064807 0.286908 0.802576
    14 3.993755 0.000000 0.000000 -0.185083 -0.264480 0.161485
    15 3.815876 1.385489 1.500000 -0.735397 -1.362901 -0.928659
    16 4.327093 0.000004 0.000000 -1.451625 -0.091740 -1.253942
    17 11.105114 0.000000 0.000000 0.000000 0.000000 -1.390961
    18 9.862099 -0.000011 -0.000031 1.179792 -1.192341 0.532499
    19 2.641094 0.214619 -1.073586 0.343628 0.190590 -0.206088
    20 1.361605 -0.000002 0.000000 -0.033841 -0.056553 -0.539645
    21 0.779602 0.000002 0.000000 -0.038850 -0.124039 -0.304402
    22 2.908712 0.221762 -0.431868 0.315698 0.064495 -0.241172
    23 1.597527 0.000001 0.000000 -0.020360 -0.043876 -0.434642
    24 0.912680 0.000001 0.000000 0.002612 0.008298 -0.304949
    25 3.265450 0.050007 0.415744 0.323090 0.091423 -0.184625
    26 1.860470 0.000000 0.000000 -0.051595 -0.064269 -0.677213
    27 1.061481 -0.000001 0.000000 0.004073 0.029503 -0.137208
    28 3.340382 -0.242393 1.285012 0.318555 0.062569 -0.163990
    29 1.550753 0.000001 0.000000 0.061718 0.075999 -0.683161
    30 0.904888 0.000001 0.000000 0.001658 0.026316 -0.062909
    31 1.219385 -1.063860 0.837143 1.892454 -0.324449 -0.255898
    32 1.496971 -0.000002 -0.000001 0.000000 -0.094778 -0.333994
    33 1.100086 0.000000 0.000000 0.000000 -0.040666 0.285682
    34 3.815876 1.385489 -1.500000 0.846191 1.255723 -0.789377
    35 4.327089 -0.000004 0.000000 0.773391 0.842757 -1.263325
    36 11.105106 0.000000 0.000004 0.000000 0.000000 -1.856942
    37 9.862080 -0.000007 0.000017 -1.854424 0.753693 -0.636738
    38 2.641111 0.211586 1.074188 -0.340804 -0.190592 -0.206085
    39 1.361601 0.000000 0.000000 0.033841 0.056553 -0.539645
    40 0.779604 0.000001 0.000000 0.038850 0.124039 -0.304402
    41 2.908730 0.220541 0.432493 -0.312875 -0.064497 -0.241168
    42 1.597527 0.000000 0.000000 0.020360 0.043876 -0.434642
    43 0.912678 0.000000 0.000000 -0.002612 -0.008298 -0.304949
    44 3.265471 0.051184 -0.415600 -0.320266 -0.091425 -0.184622
    45 1.860470 0.000000 0.000000 0.051595 0.064269 -0.677213
    46 1.061485 0.000000 0.000000 -0.004073 -0.029503 -0.137208
    47 3.340403 -0.238762 -1.285691 -0.315731 -0.062571 -0.163986
    48 1.550755 0.000000 0.000000 -0.061718 -0.075999 -0.683161
    49 0.904886 0.000001 0.000000 -0.001658 -0.026316 -0.062909
    50 1.219410 -1.061498 -0.840143 -1.889571 0.325162 -0.254974
    51 1.496971 0.000002 0.000000 0.000000 0.094778 -0.333994
    52 1.100088 0.000000 0.000000 0.000000 0.040666 0.285682
    53 0.000000 -0.000007 -0.000031 1.373047 0.113574 0.124314
    54 0.000000 0.000000 0.000000 -0.077030 -0.068757 -1.299215
    55 7.054213 0.000000 0.000000 0.000000 0.000000 0.000000
    56 0.000000 -0.000007 -0.000031 1.373047 0.113574 0.124314
    57 0.000000 -0.000007 -0.000031 1.373047 0.113574 0.124314
    58 2.856947 -1.536175 -0.973780 -1.501147 -0.272558 -1.578261
    59 0.000000 0.000000 10.000000 0.000000 0.000000 0.000000
    60 2.856899 -1.536201 -0.973800 -1.501147 -0.272558 -1.578261
    61 2.000000 -3.000000 0.000000 -1.570796 0.000000 -1.326450
    62 0.018896 0.665159 9.395880 0.000000 0.000000 0.000000
    63 3.028210 -0.923409 -2.009452 1.574082 -0.012974 1.587244
    64 0.116954 4.311606 0.061861 0.000010 0.000000 0.000000
    65 0.000000 -0.000002 0.000000 0.000000 0.000000 0.000000
    66 0.000000 1.000000 0.000010 0.000000 0.000000 0.000000
    67 -0.000001 0.000000 0.000000 0.000000 0.000000 0.000000
    68 -0.000001 0.000000 0.000000 0.000000 0.000000 0.000000
    69 -0.000001 0.000000 0.000000 0.000000 0.000000 0.000000
time 39
    0 2.150391 1.069336 4.894531 -0.181582 0.398054 -0.185195
    1 3.455587 0.000000 0.000000 -2.213616 -0.141009 -1.019591
    2 16.572346 0.000000 0.000000 0.000000 0.000000 0.422949
    3 16.265829 0.000000 0.000000 -0.071415 0.002158 -1.633524
    4 5.046457 0.000000 0.000000 0.009831 -0.018798 -0.343387
    5 -3.455587 0.000000 0.000000 -1.329073 -0.518215 -1.531903
    6 16.572346 0.000000 0.000000 0.000000 0.000000 1.332631
    7 16.265831 0.000000 0.000000 0.031059 0.212515 -1.588118
    8 5.046457 0.000000 0.000000 -0.100183 0.014987 -0.350526
    9 0.000000 3.703728 0.293189 1.463513 -0.373935 1.481759
    10 3.307846 0.000000 0.000000 -0.104627 -0.055188 -0.051424
    11 3.297962 0.000000 0.000000 -0.087387 -0.053723 -0.171006
    12 6.040985 0.000000 0.000000 -0.100550 -0.058201 0.214574
    13 5.065758 0.000000 0.000000 3.085578 0.269832 0.778542
    14 3.993755 0.000000 0.000000 -0.155598 -0.252107 0.153127
    15 3.815876 1.385489 1.500000 -0.911786 -1.303400 -0.788526
    16 4.327093 0.000004 0.000000 -1.339182 0.043610 -1.255668
    17 11.105114 0.000000 0.000000 0.000000 0.000000 -1.577895
    18 9.862099 -0.000011 -0.000031 1.275304 -1.052374 0.442972
    19 2.641094 0.214619 -1.073586 0.343628 0.190590 -0.206088
    20 1.361605 -0.000002 0.000000 -0.033841 -0.056553 -0.539645
    21 0.779602 0.000002 0.000000 -0.038850 -0.124039 -0.304402
    22 2.908712 0.221762 -0.431868 0.315698 0.064495 -0.241172
    23 1.597527 0.000001 0.000000 -0.020360 -0.043876 -0.434642
    24 0.912680 0.000001 0.000000 0.002612 0.008298 -0.304949
    25 3.265450 0.050007 0.415744 0.323090 0.091423 -0.184625
    26 1.860470 0.000000 0.000000 -0.051595 -0.064269 -0.677213
    27 1.061481 -0.000001 0.000000 0.004073 0.029503 -0.137208
    28 3.340382 -0.242393 1.285012 0.318555 0.062569 -0.163990
    29 1.550753 0.000001 0.000000 0.061718 0.075999 -0.683161
    30 0.904888 0.000001 0.000000 0.001658 0.026316 -0.062909
    31 1.219385 -1.063860 0.837143 1.892454 -0.324449 -0.255898
    32 1.496971 -0.000002 -0.000001 0.000000 -0.094778 -0.333994
    33 1.100086 0.000000 0.000000 0.000000 -0.040666 0.285682
    34 3.815876 1.385489 -1.500000 0.962403 1.240001 -0.671827
    35 4.327089 -0.000004 0.000000 0.793409 0.907492 -1.242904
    36 11.105106 0.000000 0.000004 0.000000 0.000000 -1.755349
    37 9.862080 -0.000007 0.000017 -1.859353 0.801519 -0.633371
    38 2.641111 0.211586 1.074188 -0.340804 -0.190592 -0.206085
    39 1.361601 0.000000 0.000000 0.033841 0.056553 -0.539645
    40 0.779604 0.000001 0.000000 0.038850 0.124039 -0.304402
    41 2.908730 0.220541 0.432493 -0.312875 -0.064497 -0.241168
    42 1.597527 0.000000 0.000000 0.020360 0.043876 -0.434642
    43 0.912678 0.000000 0.000000 -0.002612 -0.008298 -0.304949
    44 3.265471 0.051184 -0.415600 -0.320266 -0.091425 -0.184622
    45 1.860470 0.000000 0.000000 0.051595 0.064269 -0.677213
    46 1.061485 0.000000 0.000000 -0.004073 -0.029503 -0.137208
    47 3.340403 -0.238762 -1.285691 -0.315731 -0.062571 -0.163986
    48 1.550755 0.000000 0.000000 -0.061718 -0.075999 -0.683161
    49 0.904886 0.000001 0.000000 -0.001658 -0.026316 -0.062909
    50 1.219410 -1.061498 -0.840143 -1.889571 0.325162 -0.254974
    51 1.496971 0.000002 0.000000 0.000000 0.094778 -0.333994
    52 1.100088 0.000000 0.000000 0.000000 0.040666 0.285682
    53 0.000000 -0.000007 -0.000031 1.373047 0.113574 0.124314
    54 0.000000 0.000000 0.000000 -0.077030 -0.068757 -1.299215
    55 7.054213 0.000000 0.000000 0.000000 0.000000 0.000000
    56 0.000000 -0.000007 -0.000031 1.373047 0.113574 0.124314
    57 0.000000 -0.000007 -0.000031 1.373047 0.113574 0.124314
    58 2.856947 -1.536175 -0.973780 -1.501147 -0.272558 -1.578261
    59 0.000000 0.000000 10.000000 0.000000 0.000000 0.000000
    60 2.856899 -1.536201 -0.973800 -1.501147 -0.272558 -1.578261
    61 2.000000 -3.000000 0.000000 -1.570796 0.000000 -1.326450
    62 0.018896 0.665159 9.395880 0.000000 0.000000 0.000000
    63 3.028210 -0.923409 -2.009452 1.574082 -0.012974 1.587244
    64 0.116954 4.311606 0.061861 0.000010 0.000000 0.000000
    65 0.000000 -0.000002 0.000000 0.000000 0.000000 0.000000
    66 0.000000 1.000000 0.000010 0.000000 0.000000 0.000000
    67 -0.000001 0.000000 0.000000 0.000000 0.000000 0.000000
    68 -0.000001 0.000000 0.000000 0.000000 0.000000 0.000000
    69 -0.000001 0.000000 0.000000 0.000000 0.000000 0.000000
time 40
    0 2.269531 1.042969 4.960938 -0.202377 0.401265 -0.193395
    1 3.455587 0.000000 0.000000 -1.898243 -0.147272 -1.071916
    2 16.572346 0.000000 0.000000 0.000000 0.000000 0.365287
    3 16.265829 0.000000 0.000000 -0.018629 -0.231610 -1.639516
    4 5.046457 0.000000 0.000000 0.009835 -0.018757 -0.412563
    5 -3.455587 0.000000 0.000000 -1.350041 -0.601695 -1.513693
    6 16.572346 0.000000 0.000000 0.000000 0.000000 1.506474
    7 16.265831 0.000000 0.000000 0.077405 0.166362 -1.563179
    8 5.046457 0.000000 0.000000 -0.100212 0.014986 -0.357639
    9 0.000000 3.703728 0.293189 1.470441 -0.372499 1.493221
    10 3.307846 0.000000 0.000000 -0.097857 -0.049531 -0.050924
    11 3.297962 0.000000 0.000000 -0.082376 -0.049902 -0.168929
    12 6.040985 0.000000 0.000000 -0.094725 -0.052770 0.219579
    13 5.065758 0.000000 0.000000 3.105403 0.224373 0.765561
    14 3.993755 0.000000 0.000000 -0.114019 -0.213743 0.131191
    15 3.815876 1.385489 1.500000 -1.075647 -1.252921 -0.655249
    16 4.327093 0.000004 0.000000 -1.239645 0.079938 -1.238732
    17 11.105114 0.000000 0.000000 0.000000 0.000000 -1.753665
    18 9.862099 -0.000011 -0.000031 1.363709 -0.978052 0.302843
    19 2.641094 0.214619 -1.073586 0.343628 0.190590 -0.206088
    20 1.361605 -0.000002 0.000000 -0.033841 -0.056553 -0.539645
    21 0.779602 0.000002 0.000000 -0.038850 -0.124039 -0.304402
    22 2.908712 0.221762 -0.431868 0.315698 0.064495 -0.241172
    23 1.597527 0.000001 0.000000 -0.020360 -0.043876 -0.434642
    24 0.912680 0.000001 0.000000 0.002612 0.008298 -0.304949
    25 3.265450 0.050007 0.415744 0.323090 0.091423 -0.184625
    26 1.860470 0.000000 0.000000 -0.051595 -0.064269 -0.677213
    27 1.061481 -0.000001 0.000000 0.004073 0.029503 -0.137208
    28 3.340382 -0.242393 1.285012 0.318555 0.062569 -0.163990
    29 1.550753 0.000001 0.000000 0.061718 0.075999 -0.683161
    30 0.904888 0.000001 0.000000 0.001658 0.026316 -0.062909
    31 1.219385 -1.063860 0.837143 1.892454 -0.324449 -0.255898
    32 1.496971 -0.000002 -0.000001 0.000000 -0.094778 -0.333994
    33 1.100086 0.000000 0.000000 0.000000 -0.040666 0.285682
    34 3.815876 1.385489 -1.500000 1.013772 1.228164 -0.612932
    35 4.327089 -0.000004 0.000000 0.853372 0.881487 -1.242808
    36 11.105106 0.000000 0.000004 0.000000 0.000000 -1.656197
    37 9.862080 -0.000007 0.000017 -1.845417 0.841702 -0.596455
    38 2.641111 0.211586 1.074188 -0.340804 -0.190592 -0.206085
    39 1.361601 0.000000 0.000000 0.033841 0.056553 -0.539645
    40 0.779604 0.000001 0.000000 0.038850 0.124039 -0.304402
    41 2.908730 0.220541 0.432493 -0.312875 -0.064497 -0.241168
    42 1.597527 0.000000 0.000000 0.020360 0.043876 -0.434642
    43 0.912678 0.000000 0.000000 -0.002612 -0.008298 -0.304949
    44 3.265471 0.051184 -0.415600 -0.320266 -0.091425 -0.184622
    45 1.860470 0.000000 0.000000 0.051595 0.064269 -0.677213
    46 1.061485 0.000000 0.000000 -0.004073 -0.029503 -0.137208
    47 3.340403 -0.238762 -1.285691 -0.315731 -0.062571 -0.163986
    48 1.550755 0.000000 0.000000 -0.061718 -0.075999 -0.683161
    49 0.904886 0.000001 0.000000 -0.001658 -0.026316 -0.062909
    50 1.219410 -1.061498 -0.840143 -1.889571 0.325162 -0.254974
    51 1.496971 0.000002 0.000000 0.000000 0.094778 -0.333994
    52 1.100088 0.000000 0.000000 0.000000 0.040666 0.285682
    53 0.000000 -0.000007 -0.000031 1.373047 0.113574 0.124314
    54 0.000000 0.000000 0.000000 -0.077030 -0.068757 -1.299215
    55 7.054213 0.000000 0.000000 0.000000 0.000000 0.000000
    56 0.000000 -0.000007 -0.000031 1.373047 0.113574 0.124314
    57 0.000000 -0.000007 -0.000031 1.373047 0.113574 0.124314
    58 2.856947 -1.536175 -0.973780 -1.501147 -0.272558 -1.578261
    59 0.000000 0.000000 10.000000 0.000000 0.000000 0.000000
    60 2.856899 -1.536201 -0.973800 -1.501147 -0.272558 -1.578261
    61 2.000000 -3.000000 0.000000 -1.570796 0.000000 -1.326450
    62 0.018896 0.665159 9.395880 0.000000 0.000000 0.000000
    63 3.028210 -0.923409 -2.009452 1.574082 -0.012974 1.587244
    64 0.116954 4.311606 0.061861 0.000010 0.000000 0.000000
    65 0.000000 -0.000002 0.000000 0.000000 0.000000 0.000000
    66 0.000000 1.000000 0.000010 0.000000 0.000000 0.000000
    67 -0.000001 0.000000 0.000000 0.000000 0.000000 0.000000
    68 -0.000001 0.000000 0.000000 0.000000 0.000000 0.000000
    69 -0.000001 0.000000 0.000000 0.000000 0.000000 0.000000
time 41
    0 2.318359 1.042969 4.968750 -0.212226 0.406789 -0.192357
    1 3.455587 0.000000 0.000000 -1.670869 -0.147404 -1.132326
    2 16.572346 0.000000 0.000000 0.000000 0.000000 0.353793
    3 16.265829 0.000000 0.000000 -0.049177 -0.396597 -1.612148
    4 5.046457 0.000000 0.000000 0.009878 -0.018761 -0.408155
    5 -3.455587 0.000000 0.000000 -1.384759 -0.685354 -1.484081
    6 16.572346 0.000000 0.000000 0.000000 0.000000 1.651974
    7 16.265831 0.000000 0.000000 0.113627 0.141001 -1.545028
    8 5.046457 0.000000 0.000000 -0.100210 0.014999 -0.357376
    9 0.000000 3.703728 0.293189 1.479037 -0.376774 1.490886
    10 3.307846 0.000000 0.000000 -0.090040 -0.050229 -0.048050
    11 3.297962 0.000000 0.000000 -0.075399 -0.046187 -0.169039
    12 6.040985 0.000000 0.000000 -0.086822 -0.046685 0.219311
    13 5.065758 0.000000 0.000000 3.122962 0.151805 0.768440
    14 3.993755 0.000000 0.000000 -0.068239 -0.150441 0.113647
    15 3.815876 1.385489 1.500000 -1.160085 -1.222989 -0.576446
    16 4.327093 0.000004 0.000000 -1.193904 -0.004557 -1.230333
    17 11.105114 0.000000 0.000000 0.000000 0.000000 -1.865875
    18 9.862099 -0.000011 -0.000031 1.506846 -0.799582 0.058388
    19 2.641094 0.214619 -1.073586 0.343628 0.190590 -0.206088
    20 1.361605 -0.000002 0.000000 -0.033841 -0.056553 -0.539645
    21 0.779602 0.000002 0.000000 -0.038850 -0.124039 -0.304402
    22 2.908712 0.221762 -0.431868 0.315698 0.064495 -0.241172
    23 1.597527 0.000001 0.000000 -0.020360 -0.043876 -0.434642
    24 0.912680 0.000001 0.000000 0.002612 0.008298 -0.304949
    25 3.265450 0.050007 0.415744 0.323090 0.091423 -0.184625
    26 1.860470 0.000000 0.000000 -0.051595 -0.064269 -0.677213
    27 1.061481 -0.000001 0.000000 0.004073 0.029503 -0.137208
    28 3.340382 -0.242393 1.285012 0.318555 0.062569 -0.163990
    29 1.550753 0.000001 0.000000 0.061718 0.075999 -0.683161
    30 0.904888 0.000001 0.000000 0.001658 0.026316 -0.062909
    31 1.219385 -1.063860 0.837143 1.892454 -0.324449 -0.255898
    32 1.496971 -0.000002 -0.000001 0.000000 -0.094778 -0.333994
    33 1.100086 0.000000 0.000000 0.000000 -0.040666 0.285682
    34 3.815876 1.385489 -1.500000 0.955824 1.232377 -0.652358
    35 4.327089 -0.000004 0.000000 0.938398 0.804710 -1.219268
    36 11.105106 0.000000 0.000004 0.000000 0.000000 -1.579962
    37 9.862080 -0.000007 0.000017 -1.825704 0.909335 -0.572398
    38 2.641111 0.211586 1.074188 -0.340804 -0.190592 -0.206085
    39 1.361601 0.000000 0.000000 0.033841 0.056553 -0.539645
    40 0.779604 0.000001 0.000000 0.038850 0.124039 -0.304402
    41 2.908730 0.220541 0.432493 -0.312875 -0.064497 -0.241168
    42 1.597527 0.000000 0.000000 0.020360 0.043876 -0.434642
    43 0.912678 0.000000 0.000000 -0.002612 -0.008298 -0.304949
    44 3.265471 0.051184 -0.415600 -0.320266 -0.091425 -0.184622
    45 1.860470 0.000000 0.000000 0.051595 0.064269 -0.677213
    46 1.061485 0.000000 0.000000 -0.004073 -0.029503 -0.137208
    47 3.340403 -0.238762 -1.285691 -0.315731 -0.062571 -0.163986
    48 1.550755 0.000000 0.000000 -0.061718 -0.075999 -0.683161
    49 0.904886 0.000001 0.000000 -0.001658 -0.026316 -0.062909
    50 1.219410 -1.061498 -0.840143 -1.889571 0.325162 -0.254974
    51 1.496971 0.000002 0.000000 0.000000 0.094778 -0.333994
    52 1.100088 0.000000 0.000000 0.000000 0.040666 0.285682
    53 0.000000 -0.000007 -0.000031 1.373047 0.113574 0.124314
    54 0.000000 0.000000 0.000000 -0.077030 -0.068757 -1.299215
    55 7.054213 0.000000 0.000000 0.000000 0.000000 0.000000
    56 0.000000 -0.000007 -0.000031 1.373047 0.113574 0.124314
    57 0.000000 -0.000007 -0.000031 1.373047 0.113574 0.124314
    58 2.856947 -1.536175 -0.973780 -1.501147 -0.272558 -1.578261
    59 0.000000 0.000000 10.000000 0.000000 0.000000 0.000000
    60 2.856899 -1.536201 -0.973800 -1.501147 -0.272558 -1.578261
    61 2.000000 -3.000000 0.000000 -1.570796 0.000000 -1.326450
    62 0.018896 0.665159 9.395880 0.000000 0.000000 0.000000
    63 3.028210 -0.923409 -2.009452 1.574082 -0.012974 1.587244
    64 0.116954 4.311606 0.061861 0.000010 0.000000 0.000000
    65 0.000000 -0.000002 0.000000 0.000000 0.000000 0.000000
    66 0.000000 1.000000 0.000010 0.000000 0.000000 0.000000
    67 -0.000001 0.000000 0.000000 0.000000 0.000000 0.000000
    68 -0.000001 0.000000 0.000000 0.000000 0.000000 0.000000
    69 -0.000001 0.000000 0.000000 0.000000 0.000000 0.000000
time 42
    0 2.310547 1.037109 4.917969 -0.211833 0.410413 -0.186564
    1 3.455587 0.000000 0.000000 -1.643105 -0.140845 -1.169531
    2 16.572346 0.000000 0.000000 0.000000 0.000000 0.359495
    3 16.265829 0.000000 0.000000 -0.108906 -0.326273 -1.583769
    4 5.046457 0.000000 0.000000 0.009897 -0.018740 -0.384908
    5 -3.455587 0.000000 0.000000 -1.443235 -0.771972 -1.428337
    6 16.572346 0.000000 0.000000 0.000000 0.000000 1.776355
    7 16.265831 0.000000 0.000000 0.147914 0.149441 -1.531648
    8 5.046457 0.000000 0.000000 -0.100234 0.015027 -0.358520
    9 0.000000 3.703728 0.293189 1.488227 -0.385411 1.480499
    10 3.307846 0.000000 0.000000 -0.082272 -0.054692 -0.043647
    11 3.297962 0.000000 0.000000 -0.067116 -0.044167 -0.171177
    12 6.040985 0.000000 0.000000 -0.077941 -0.043943 0.213821
    13 5.065758 0.000000 0.000000 -3.122536 0.079888 0.759344
    14 3.993755 0.000000 0.000000 -0.011750 -0.082310 0.104557
    15 3.815876 1.385489 1.500000 -1.203057 -1.208052 -0.527413
    16 4.327093 0.000004 0.000000 -1.176911 -0.179144 -1.290195
    17 11.105114 0.000000 0.000000 0.000000 0.000000 -1.865338
    18 9.862099 -0.000011 -0.000031 1.630787 -0.706186 -0.179119
    19 2.641094 0.214619 -1.073586 0.343628 0.190590 -0.206088
    20 1.361605 -0.000002 0.000000 -0.033841 -0.056553 -0.539645
    21 0.779602 0.000002 0.000000 -0.038850 -0.124039 -0.304402
    22 2.908712 0.221762 -0.431868 0.315698 0.064495 -0.241172
    23 1.597527 0.000001 0.000000 -0.020360 -0.043876 -0.434642
    24 0.912680 0.000001 0.000000 0.002612 0.008298 -0.304949
    25 3.265450 0.050007 0.415744 0.323090 0.091423 -0.184625
    26 1.860470 0.000000 0.000000 -0.051595 -0.064269 -0.677213
    27 1.061481 -0.000001 0.000000 0.004073 0.029503 -0.137208
    28 3.340382 -0.242393 1.285012 0.318555 0.062569 -0.163990
    29 1.550753 0.000001 0.000000 0.061718 0.075999 -0.683161
    30 0.904888 0.000001 0.000000 0.001658 0.026316 -0.062909
    31 1.219385 -1.063860 0.837143 1.892454 -0.324449 -0.255898
    32 1.496971 -0.000002 -0.000001 0.000000 -0.094778 -0.333994
    33 1.100086 0.000000 0.000000 0.000000 -0.040666 0.285682
    34 3.815876 1.385489 -1.500000 0.788246 1.249714 -0.793592
    35 4.327089 -0.000004 0.000000 1.033480 0.678933 -1.150026
    36 11.105106 0.000000 0.000004 0.000000 0.000000 -1.599916
    37 9.862080 -0.000007 0.000017 -1.832520 1.002871 -0.596574
    38 2.641111 0.211586 1.074188 -0.340804 -0.190592 -0.206085
    39 1.361601 0.000000 0.000000 0.033841 0.056553 -0.539645
    40 0.779604 0.000001 0.000000 0.038850 0.124039 -0.304402
    41 2.908730 0.220541 0.432493 -0.312875 -0.064497 -0.241168
    42 1.597527 0.000000 0.000000 0.020360 0.043876 -0.434642
    43 0.912678 0.000000 0.000000 -0.002612 -0.008298 -0.304949
    44 3.265471 0.051184 -0.415600 -0.320266 -0.091425 -0.184622
    45 1.860470 0.000000 0.000000 0.051595 0.064269 -0.677213
    46 1.061485 0.000000 0.000000 -0.004073 -0.029503 -0.137208
    47 3.340403 -0.238762 -1.285691 -0.315731 -0.062571 -0.163986
    48 1.550755 0.000000 0.000000 -0.061718 -0.075999 -0.683161
    49 0.904886 0.000001 0.000000 -0.001658 -0.026316 -0.062909
    50 1.219410 -1.061498 -0.840143 -1.889571 0.325162 -0.254974
    51 1.496971 0.000002 0.000000 0.000000 0.094778 -0.333994
    52 1.100088 0.000000 0.000000 0.000000 0.040666 0.285682
    53 0.000000 -0.000007 -0.000031 1.373047 0.113574 0.124314
    54 0.000000 0.000000 0.000000 -0.077030 -0.068757 -1.299215
    55 7.054213 0.000000 0.000000 0.000000 0.000000 0.000000
    56 0.000000 -0.000007 -0.000031 1.373047 0.113574 0.124314
    57 0.000000 -0.000007 -0.000031 1.373047 0.113574 0.124314
    58 2.856947 -1.536175 -0.973780 -1.501147 -0.272558 -1.578261
    59 0.000000 0.000000 10.000000 0.000000 0.000000 0.000000
    60 2.856899 -1.536201 -0.973800 -1.501147 -0.272558 -1.578261
    61 2.000000 -3.000000 0.000000 -1.570796 0.000000 -1.326450
    62 0.018896 0.665159 9.395880 0.000000 0.000000 0.000000
    63 3.028210 -0.923409 -2.009452 1.574082 -0.012974 1.587244
    64 0.116954 4.311606 0.061861 0.000010 0.000000 0.000000
    65 0.000000 -0.000002 0.000000 0.000000 0.000000 0.000000
    66 0.000000 1.000000 0.000010 0.000000 0.000000 0.000000
    67 -0.000001 0.000000 0.000000 0.000000 0.000000 0.000000
    68 -0.000001 0.000000 0.000000 0.000000 0.000000 0.000000
    69 -0.000001 0.000000 0.000000 0.000000 0.000000 0.000000
time 43
    0 2.238281 1.109375 4.847656 -0.206489 0.412298 -0.177780
    1 3.455587 0.000000 0.000000 -1.732813 -0.125645 -1.185668
    2 16.572346 0.000000 0.000000 0.000000 0.000000 0.375651
    3 16.265829 0.000000 0.000000 -0.071699 -0.120383 -1.551341
    4 5.046457 0.000000 0.000000 0.009868 -0.018766 -0.407097
    5 -3.455587 0.000000 0.000000 -1.518088 -0.839550 -1.350029
    6 16.572346 0.000000 0.000000 0.000000 0.000000 1.864156
    7 16.265831 0.000000 0.000000 0.173844 0.175973 -1.533917
    8 5.046457 0.000000 0.000000 -0.100177 0.015037 -0.354918
    9 0.000000 3.703728 0.293189 1.495533 -0.392408 1.466303
    10 3.307846 0.000000 0.000000 -0.076300 -0.062654 -0.038493
    11 3.297962 0.000000 0.000000 -0.059467 -0.045411 -0.171117
    12 6.040985 0.000000 0.000000 -0.070581 -0.045189 0.212982
    13 5.065758 0.000000 0.000000 -3.042958 -0.015884 0.758307
    14 3.993755 0.000000 0.000000 0.085472 0.000462 0.110501
    15 3.815876 1.385489 1.500000 -1.239360 -1.215531 -0.482638
    16 4.327093 0.000004 0.000000 -1.090218 -0.450980 -1.290189
    17 11.105114 0.000000 0.000000 0.000000 0.000000 -1.677538
    18 9.862099 -0.000011 -0.000031 1.927966 -0.746852 -0.725231
    19 2.641094 0.214619 -1.073586 0.343628 0.190590 -0.206088
    20 1.361605 -0.000002 0.000000 -0.033841 -0.056553 -0.539645
    21 0.779602 0.000002 0.000000 -0.038850 -0.124039 -0.304402
    22 2.908712 0.221762 -0.431868 0.315698 0.064495 -0.241172
    23 1.597527 0.000001 0.000000 -0.020360 -0.043876 -0.434642
    24 0.912680 0.000001 0.000000 0.002612 0.008298 -0.304949
    25 3.265450 0.050007 0.415744 0.323090 0.091423 -0.184625
    26 1.860470 0.000000 0.000000 -0.051595 -0.064269 -0.677213
    27 1.061481 -0.000001 0.000000 0.004073 0.029503 -0.137208
    28 3.340382 -0.242393 1.285012 0.318555 0.062569 -0.163990
    29 1.550753 0.000001 0.000000 0.061718 0.075999 -0.683161
    30 0.904888 0.000001 0.000000 0.001658 0.026316 -0.062909
    31 1.219385 -1.063860 0.837143 1.892454 -0.324449 -0.255898
    32 1.496971 -0.000002 -0.000001 0.000000 -0.094778 -0.333994
    33 1.100086 0.000000 0.000000 0.000000 -0.040666 0.285682
    34 3.815876 1.385489 -1.500000 0.568594 1.266927 -1.001495
    35 4.327089 -0.000004 0.000000 1.102929 0.487808 -1.074149
    36 11.105106 0.000000 0.000004 0.000000 0.000000 -1.718367
    37 9.862080 -0.000007 0.000017 -1.910646 1.103413 -0.702528
    38 2.641111 0.211586 1.074188 -0.340804 -0.190592 -0.206085
    39 1.361601 0.000000 0.000000 0.033841 0.056553 -0.539645
    40 0.779604 0.000001 0.000000 0.038850 0.124039 -0.304402
    41 2.908730 0.220541 0.432493 -0.312875 -0.064497 -0.241168
    42 1.597527 0.000000 0.000000 0.020360 0.043876 -0.434642
    43 0.912678 0.000000 0.000000 -0.002612 -0.008298 -0.304949
    44 3.265471 0.051184 -0.415600 -0.320266 -0.091425 -0.184622
    45 1.860470 0.000000 0.000000 0.051595 0.064269 -0.677213
    46 1.061485 0.000000 0.000000 -0.004073 -0.029503 -0.137208
    47 3.340403 -0.238762 -1.285691 -0.315731 -0.062571 -0.163986
    48 1.550755 0.000000 0.000000 -0.061718 -0.075999 -0.683161
    49 0.904886 0.000001 0.000000 -0.001658 -0.026316 -0.062909
    50 1.219410 -1.061498 -0.840143 -1.889571 0.325162 -0.254974
    51 1.496971 0.000002 0.000000 0.000000 0.094778 -0.333994
    52 1.100088 0.000000 0.000000 0.000000 0.040666 0.285682
    53 0.000000 -0.000007 -0.000031 1.373047 0.113574 0.124314
    54 0.000000 0.000000 0.000000 -0.077030 -0.068757 -1.299215
    55 7.054213 0.000000 0.000000 0.000000 0.000000 0.000000
    56 0.000000 -0.000007 -0.000031 1.373047 0.113574 0.124314
    57 0.000000 -0.000007 -0.000031 1.373047 0.113574 0.124314
    58 2.856947 -1.536175 -0.973780 -1.501147 -0.272558 -1.578261
    59 0.000000 0.000000 10.000000 0.000000 0.000000 0.000000
    60 2.856899 -1.536201 -0.973800 -1.501147 -0.272558 -1.578261
    61 2.000000 -3.000000 0.000000 -1.570796 0.000000 -1.326450
    62 0.018896 0.665159 9.395880 0.000000 0.000000 0.000000
    63 3.028210 -0.923409 -2.009452 1.574082 -0.012974 1.587244
    64 0.116954 4.311606 0.061861 0.000010 0.000000 0.000000
    65 0.000000 -0.000002 0.000000 0.000000 0.000000 0.000000
    66 0.000000 1.000000 0.000010 0.000000 0.000000 0.000000
    67 -0.000001 0.000000 0.000000 0.000000 0.000000 0.000000
    68 -0.000001 0.000000 0.000000 0.000000 0.000000 0.000000
    69 -0.000001 0.000000 0.000000 0.000000 0.000000 0.000000
time 44
    0 2.138672 1.197266 4.812500 -0.205846 0.411374 -0.172111
    1 3.455587 0.000000 0.000000 -1.875810 -0.115809 -1.180264
    2 16.572346 0.000000 0.000000 0.000000 0.000000 0.428248
    3 16.265829 0.000000 0.000000 -0.082527 0.089388 -1.547761
    4 5.046457 0.000000 0.000000 0.009834 -0.018773 -0.437557
    5 -3.455587 0.000000 0.000000 -1.583926 -0.875396 -1.272516
    6 16.572346 0.000000 0.000000 0.000000 0.000000 1.910321
    7 16.265831 0.000000 0.000000 0.158740 0.215162 -1.530730
    8 5.046457 0.000000 0.000000 -0.100172 0.014975 -0.381466
    9 0.000000 3.703728 0.293189 1.500035 -0.399983 1.450118
    10 3.307846 0.000000 0.000000 -0.073388 -0.071302 -0.033255
    11 3.297962 0.000000 0.000000 -0.054891 -0.045498 -0.169821
    12 6.040985 0.000000 0.000000 -0.065864 -0.042944 0.214691
    13 5.065758 0.000000 0.000000 -2.995911 -0.115871 0.742637
    14 3.993755 0.000000 0.000000 0.169472 0.070485 0.118486
    15 3.815876 1.385489 1.500000 -1.300579 -1.212905 -0.417082
    16 4.327093 0.000004 0.000000 -0.980261 -0.680462 -1.370471
    17 11.105114 0.000000 0.000000 0.000000 0.000000 -1.444986
    18 9.862099 -0.000011 -0.000031 2.058296 -0.825785 -0.853181
    19 2.641094 0.214619 -1.073586 0.343628 0.190590 -0.206088
    20 1.361605 -0.000002 0.000000 -0.033841 -0.056553 -0.539645
    21 0.779602 0.000002 0.000000 -0.038850 -0.124039 -0.304402
    22 2.908712 0.221762 -0.431868 0.315698 0.064495 -0.241172
    23 1.597527 0.000001 0.000000 -0.020360 -0.043876 -0.434642
    24 0.912680 0.000001 0.000000 0.002612 0.008298 -0.304949
    25 3.265450 0.050007 0.415744 0.323090 0.091423 -0.184625
    26 1.860470 0.000000 0.000000 -0.051595 -0.064269 -0.677213
    27 1.061481 -0.000001 0.000000 0.004073 0.029503 -0.137208
    28 3.340382 -0.242393 1.285012 0.318555 0.062569 -0.163990
    29 1.550753 0.000001 0.000000 0.061718 0.075999 -0.683161
    30 0.904888 0.000001 0.000000 0.001658 0.026316 -0.062909
    31 1.219385 -1.063860 0.837143 1.892454 -0.324449 -0.255898
    32 1.496971 -0.000002 -0.000001 0.000000 -0.094778 -0.333994
    33 1.100086 0.000000 0.000000 0.000000 -0.040666 0.285682
    34 3.815876 1.385489 -1.500000 0.381841 1.263458 -1.189219
    35 4.327089 -0.000004 0.000000 1.137675 0.284323 -1.015371
    36 11.105106 0.000000 0.000004 0.000000 0.000000 -1.855432
    37 9.862080 -0.000007 0.000017 -2.111938 1.183970 -0.835500
    38 2.641111 0.211586 1.074188 -0.340804 -0.190592 -0.206085
    39 1.361601 0.000000 0.000000 0.033841 0.056553 -0.539645
    40 0.779604 0.000001 0.000000 0.038850 0.124039 -0.304402
    41 2.908730 0.220541 0.432493 -0.312875 -0.064497 -0.241168
    42 1.597527 0.000000 0.000000 0.020360 0.043876 -0.434642
    43 0.912678 0.000000 0.000000 -0.002612 -0.008298 -0.304949
    44 3.265471 0.051184 -0.415600 -0.320266 -0.091425 -0.184622
    45 1.860470 0.000000 0.000000 0.051595 0.064269 -0.677213
    46 1.061485 0.000000 0.000000 -0.004073 -0.029503 -0.137208
    47 3.340403 -0.238762 -1.285691 -0.315731 -0.062571 -0.163986
    48 1.550755 0.000000 0.000000 -0.061718 -0.075999 -0.683161
    49 0.904886 0.000001 0.000000 -0.001658 -0.026316 -0.062909
    50 1.219410 -1.061498 -0.840143 -1.889571 0.325162 -0.254974
    51 1.496971 0.000002 0.000000 0.000000 0.094778 -0.333994
    52 1.100088 0.000000 0.000000 0.000000 0.040666 0.285682
    53 0.000000 -0.000007 -0.000031 1.373047 0.113574 0.124314
    54 0.000000 0.000000 0.000000 -0.077030 -0.068757 -1.299215
    55 7.054213 0.000000 0.000000 0.000000 0.000000 0.000000
    56 0.000000 -0.000007 -0.000031 1.373047 0.113574 0.124314
    57 0.000000 -0.000007 -0.000031 1.373047 0.113574 0.124314
    58 2.856947 -1.536175 -0.973780 -1.501147 -0.272558 -1.578261
    59 0.000000 0.000000 10.000000 0.000000 0.000000 0.000000
    60 2.856899 -1.536201 -0.973800 -1.501147 -0.272558 -1.578261
    61 2.000000 -3.000000 0.000000 -1.570796 0.000000 -1.326450
    62 0.018896 0.665159 9.395880 0.000000 0.000000 0.000000
    63 3.028210 -0.923409 -2.009452 1.574082 -0.012974 1.587244
    64 0.116954 4.311606 0.061861 0.000010 0.000000 0.000000
    65 0.000000 -0.000002 0.000000 0.000000 0.000000 0.000000
    66 0.000000 1.000000 0.000010 0.000000 0.000000 0.000000
    67 -0.000001 0.000000 0.000000 0.000000 0.000000 0.000000
    68 -0.000001 0.000000 0.000000 0.000000 0.000000 0.000000
    69 -0.000001 0.000000 0.000000 0.000000 0.000000 0.000000
time 45
    0 2.041016 1.385742 4.824219 -0.212174 0.404995 -0.172618
    1 3.455587 0.000000 0.000000 -2.028588 -0.113713 -1.155876
    2 16.572346 0.000000 0.000000 0.000000 0.000000 0.510444
    3 16.265829 0.000000 0.000000 -0.172708 0.184081 -1.571375
    4 5.046457 0.000000 0.000000 0.009893 -0.018726 -0.418828
    5 -3.455587 0.000000 0.000000 -1.617932 -0.868780 -1.231266
    6 16.572346 0.000000 0.000000 0.000000 0.000000 1.898772
    7 16.265831 0.000000 0.000000 0.147745 0.230950 -1.514408
    8 5.046457 0.000000 0.000000 -0.100153 0.015031 -0.364142
    9 0.000000 3.703728 0.293189 1.500442 -0.404594 1.435086
    10 3.307846 0.000000 0.000000 -0.074398 -0.080640 -0.028209
    11 3.297962 0.000000 0.000000 -0.054347 -0.044413 -0.166912
    12 6.040985 0.000000 0.000000 -0.064487 -0.034956 0.219334
    13 5.065758 0.000000 0.000000 -2.985563 -0.158057 0.764035
    14 3.993755 0.000000 0.000000 0.194298 0.106371 0.101433
    15 3.815876 1.385489 1.500000 -1.387904 -1.207331 -0.331749
    16 4.327093 0.000004 0.000000 -0.895992 -0.827827 -1.507426
    17 11.105114 0.000000 0.000000 0.000000 0.000000 -1.188242
    18 9.862099 -0.000011 -0.000031 2.066595 -0.797064 -0.717645
    19 2.641094 0.214619 -1.073586 0.343628 0.190590 -0.206088
    20 1.361605 -0.000002 0.000000 -0.033841 -0.056553 -0.539645
    21 0.779602 0.000002 0.000000 -0.038850 -0.124039 -0.304402
    22 2.908712 0.221762 -0.431868 0.315698 0.064495 -0.241172
    23 1.597527 0.000001 0.000000 -0.020360 -0.043876 -0.434642
    24 0.912680 0.000001 0.000000 0.002612 0.008298 -0.304949
    25 3.265450 0.050007 0.415744 0.323090 0.091423 -0.184625
    26 1.860470 0.000000 0.000000 -0.051595 -0.064269 -0.677213
    27 1.061481 -0.000001 0.000000 0.004073 0.029503 -0.137208
    28 3.340382 -0.242393 1.285012 0.318555 0.062569 -0.163990
    29 1.550753 0.000001 0.000000 0.061718 0.075999 -0.683161
    30 0.904888 0.000001 0.000000 0.001658 0.026316 -0.062909
    31 1.219385 -1.063860 0.837143 1.892454 -0.324449 -0.255898
    32 1.496971 -0.000002 -0.000001 0.000000 -0.094778 -0.333994
    33 1.100086 0.000000 0.000000 0.000000 -0.040666 0.285682
    34 3.815876 1.385489 -1.500000 0.288604 1.251086 -1.290199
    35 4.327089 -0.000004 0.000000 1.184004 0.101683 -1.029300
    36 11.105106 0.000000 0.000004 0.000000 0.000000 -1.956786
    37 9.862080 -0.000007 0.000017 -2.212891 1.112003 -0.906689
    38 2.641111 0.211586 1.074188 -0.340804 -0.190592 -0.206085
    39 1.361601 0.000000 0.000000 0.033841 0.056553 -0.539645
    40 0.779604 0.000001 0.000000 0.038850 0.124039 -0.304402
    41 2.908730 0.220541 0.432493 -0.312875 -0.064497 -0.241168
    42 1.597527 0.000000 0.000000 0.020360 0.043876 -0.434642
    43 0.912678 0.000000 0.000000 -0.002612 -0.008298 -0.304949
    44 3.265471 0.051184 -0.415600 -0.320266 -0.091425 -0.184622
    45 1.860470 0.000000 0.000000 0.051595 0.064269 -0.677213
    46 1.061485 0.000000 0.000000 -0.004073 -0.029503 -0.137208
    47 3.340403 -0.238762 -1.285691 -0.315731 -0.062571 -0.163986
    48 1.550755 0.000000 0.000000 -0.061718 -0.075999 -0.683161
    49 0.904886 0.000001 0.000000 -0.001658 -0.026316 -0.062909
    50 1.219410 -1.061498 -0.840143 -1.889571 0.325162 -0.254974
    51 1.496971 0.000002 0.000000 0.000000 0.094778 -0.333994
    52 1.100088 0.000000 0.000000 0.000000 0.040666 0.285682
    53 0.000000 -0.000007 -0.000031 1.373047 0.113574 0.124314
    54 0.000000 0.000000 0.000000 -0.077030 -0.068757 -1.299215
    55 7.054213 0.000000 0.000000 0.000000 0.000000 0.000000
    56 0.000000 -0.000007 -0.000031 1.373047 0.113574 0.124314
    57 0.000000 -0.000007 -0.000031 1.373047 0.113574 0.124314
    58 2.856947 -1.536175 -0.973780 -1.501147 -0.272558 -1.578261
    59 0.000000 0.000000 10.000000 0.000000 0.000000 0.000000
    60 2.856899 -1.536201 -0.973800 -1.501147 -0.272558 -1.578261
    61 2.000000 -3.000000 0.000000 -1.570796 0.000000 -1.326450
    62 0.018896 0.665159 9.395880 0.000000 0.000000 0.000000
    63 3.028210 -0.923409 -2.009452 1.574082 -0.012974 1.587244
    64 0.116954 4.311606 0.061861 0.000010 0.000000 0.000000
    65 0.000000 -0.000002 0.000000 0.000000 0.000000 0.000000
    66 0.000000 1.000000 0.000010 0.000000 0.000000 0.000000
    67 -0.000001 0.000000 0.000000 0.000000 0.000000 0.000000
    68 -0.000001 0.000000 0.000000 0.000000 0.000000 0.000000
    69 -0.000001 0.000000 0.000000 0.000000 0.000000 0.000000
time 46
    0 1.961914 1.646484 4.894531 -0.227230 0.394757 -0.173988
    1 3.455587 0.000000 0.000000 -2.189546 -0.112729 -1.108941
    2 16.572346 0.000000 0.000000 0.000000 0.000000 0.648202
    3 16.265829 0.000000 0.000000 -0.196220 0.150862 -1.600816
    4 5.046457 0.000000 0.000000 0.009883 -0.018720 -0.392475
    5 -3.455587 0.000000 0.000000 -1.611135 -0.810888 -1.244481
    6 16.572346 0.000000 0.000000 0.000000 0.000000 1.820794
    7 16.265831 0.000000 0.000000 0.162081 0.197033 -1.476399
    8 5.046457 0.000000 0.000000 -0.100205 0.015024 -0.340702
    9 0.000000 3.703728 0.293189 1.492363 -0.408546 1.423820
    10 3.307846 0.000000 0.000000 -0.083603 -0.090068 -0.022783
    11 3.297962 0.000000 0.000000 -0.061611 -0.046326 -0.164285
    12 6.040985 0.000000 0.000000 -0.071223 -0.027762 0.222598
    13 5.065758 0.000000 0.000000 -3.039918 -0.154513 0.810931
    14 3.993755 0.000000 0.000000 0.154516 0.100765 0.073359
    15 3.815876 1.385489 1.500000 -1.470591 -1.229778 -0.243745
    16 4.327093 0.000004 0.000000 -0.920309 -0.878797 -1.571419
    17 11.105114 0.000000 0.000000 0.000000 0.000000 -1.016531
    18 9.862099 -0.000011 -0.000031 2.045706 -0.769476 -0.599210
    19 2.641094 0.214619 -1.073586 0.343628 0.190590 -0.206088
    20 1.361605 -0.000002 0.000000 -0.033841 -0.056553 -0.539645
    21 0.779602 0.000002 0.000000 -0.038850 -0.124039 -0.304402
    22 2.908712 0.221762 -0.431868 0.315698 0.064495 -0.241172
    23 1.597527 0.000001 0.000000 -0.020360 -0.043876 -0.434642
    24 0.912680 0.000001 0.000000 0.002612 0.008298 -0.304949
    25 3.265450 0.050007 0.415744 0.323090 0.091423 -0.184625
    26 1.860470 0.000000 0.000000 -0.051595 -0.064269 -0.677213
    27 1.061481 -0.000001 0.000000 0.004073 0.029503 -0.137208
    28 3.340382 -0.242393 1.285012 0.318555 0.062569 -0.163990
    29 1.550753 0.000001 0.000000 0.061718 0.075999 -0.683161
    30 0.904888 0.000001 0.000000 0.001658 0.026316 -0.062909
    31 1.219385 -1.063860 0.837143 1.892454 -0.324449 -0.255898
    32 1.496971 -0.000002 -0.000001 0.000000 -0.094778 -0.333994
    33 1.100086 0.000000 0.000000 0.000000 -0.040666 0.285682
    34 3.815876 1.385489 -1.500000 0.364129 1.274977 -1.254368
    35 4.327089 -0.000004 0.000000 1.160991 0.067104 -1.035606
    36 11.105106 0.000000 0.000004 0.000000 0.000000 -2.028973
    37 9.862080 -0.000007 0.000017 -2.158381 1.155431 -0.937040
    38 2.641111 0.211586 1.074188 -0.340804 -0.190592 -0.206085
    39 1.361601 0.000000 0.000000 0.033841 0.056553 -0.539645
    40 0.779604 0.000001 0.000000 0.038850 0.124039 -0.304402
    41 2.908730 0.220541 0.432493 -0.312875 -0.064497 -0.241168
    42 1.597527 0.000000 0.000000 0.020360 0.043876 -0.434642
    43 0.912678 0.000000 0.000000 -0.002612 -0.008298 -0.304949
    44 3.265471 0.051184 -0.415600 -0.320266 -0.091425 -0.184622
    45 1.860470 0.000000 0.000000 0.051595 0.064269 -0.677213
    46 1.061485 0.000000 0.000000 -0.004073 -0.029503 -0.137208
    47 3.340403 -0.238762 -1.285691 -0.315731 -0.062571 -0.163986
    48 1.550755 0.000000 0.000000 -0.061718 -0.075999 -0.683161
    49 0.904886 0.000001 0.000000 -0.001658 -0.026316 -0.062909
    50 1.219410 -1.061498 -0.840143 -1.889571 0.325162 -0.254974
    51 1.496971 0.000002 0.000000 0.000000 0.094778 -0.333994
    52 1.100088 0.000000 0.000000 0.000000 0.040666 0.285682
    53 0.000000 -0.000007 -0.000031 1.373047 0.113574 0.124314
    54 0.000000 0.000000 0.000000 -0.077030 -0.068757 -1.299215
    55 7.054213 0.000000 0.000000 0.000000 0.000000 0.000000
    56 0.000000 -0.000007 -0.000031 1.373047 0.113574 0.124314
    57 0.000000 -0.000007 -0.000031 1.373047 0.113574 0.124314
    58 2.856947 -1.536175 -0.973780 -1.501147 -0.272558 -1.578261
    59 0.000000 0.000000 10.000000 0.000000 0.000000 0.000000
    60 2.856899 -1.536201 -0.973800 -1.501147 -0.272558 -1.578261
    61 2.000000 -3.000000 0.000000 -1.570796 0.000000 -1.326450
    62 0.018896 0.665159 9.395880 0.000000 0.000000 0.000000
    63 3.028210 -0.923409 -2.009452 1.574082 -0.012974 1.587244
    64 0.116954 4.311606 0.061861 0.000010 0.000000 0.000000
    65 0.000000 -0.000002 0.000000 0.000000 0.000000 0.000000
    66 0.000000 1.000000 0.000010 0.000000 0.000000 0.000000
    67 -0.000001 0.000000 0.000000 0.000000 0.000000 0.000000
    68 -0.000001 0.000000 0.000000 0.000000 0.000000 0.000000
    69 -0.000001 0.000000 0.000000 0.000000 0.000000 0.000000
time 47
    0 1.882813 1.837891 5.023438 -0.258622 0.385321 -0.172963
    1 3.455587 0.000000 0.000000 -2.301656 -0.107217 -1.043767
    2 16.572346 0.000000 0.000000 0.000000 0.000000 0.873406
    3 16.265829 0.000000 0.000000 -0.166970 0.020045 -1.667573
    4 5.046457 0.000000 0.000000 0.009860 -0.018719 -0.339006
    5 -3.455587 0.000000 0.000000 -1.566538 -0.696809 -1.292973
    6 16.572346 0.000000 0.000000 0.000000 0.000000 1.683102
    7 16.265831 0.000000 0.000000 0.122200 0.163657 -1.467996
    8 5.046457 0.000000 0.000000 -0.100220 0.014966 -0.325712
    9 0.000000 3.703728 0.293189 1.476788 -0.423336 1.418529
    10 3.307846 0.000000 0.000000 -0.098809 -0.095587 -0.014826
    11 3.297962 0.000000 0.000000 -0.074463 -0.050114 -0.165104
    12 6.040985 0.000000 0.000000 -0.084228 -0.025909 0.217626
    13 5.065758 0.000000 0.000000 -3.122963 -0.113548 0.844023
    14 3.993755 0.000000 0.000000 0.082783 0.059543 0.063242
    15 3.815876 1.385489 1.500000 -1.460132 -1.263498 -0.250554
    16 4.327093 0.000004 0.000000 -1.037438 -0.809664 -1.502284
    17 11.105114 0.000000 0.000000 0.000000 0.000000 -1.037641
    18 9.862099 -0.000011 -0.000031 2.033974 -0.810795 -0.606041
    19 2.641094 0.214619 -1.073586 0.343628 0.190590 -0.206088
    20 1.361605 -0.000002 0.000000 -0.033841 -0.056553 -0.539645
    21 0.779602 0.000002 0.000000 -0.038850 -0.124039 -0.304402
    22 2.908712 0.221762 -0.431868 0.315698 0.064495 -0.241172
    23 1.597527 0.000001 0.000000 -0.020360 -0.043876 -0.434642
    24 0.912680 0.000001 0.000000 0.002612 0.008298 -0.304949
    25 3.265450 0.050007 0.415744 0.323090 0.091423 -0.184625
    26 1.860470 0.000000 0.000000 -0.051595 -0.064269 -0.677213
    27 1.061481 -0.000001 0.000000 0.004073 0.029503 -0.137208
    28 3.340382 -0.242393 1.285012 0.318555 0.062569 -0.163990
    29 1.550753 0.000001 0.000000 0.061718 0.075999 -0.683161
    30 0.904888 0.000001 0.000000 0.001658 0.026316 -0.062909
    31 1.219385 -1.063860 0.837143 1.892454 -0.324449 -0.255898
    32 1.496971 -0.000002 -0.000001 0.000000 -0.094778 -0.333994
    33 1.100086 0.000000 0.000000 0.000000 -0.040666 0.285682
    34 3.815876 1.385489 -1.500000 0.597959 1.316862 -1.082828
    35 4.327089 -0.000004 0.000000 1.151775 0.141821 -1.059420
    36 11.105106 0.000000 0.000004 0.000000 0.000000 -2.082713
    37 9.862080 -0.000007 0.000017 -1.967987 0.960503 -0.755287
    38 2.641111 0.211586 1.074188 -0.340804 -0.190592 -0.206085
    39 1.361601 0.000000 0.000000 0.033841 0.056553 -0.539645
    40 0.779604 0.000001 0.000000 0.038850 0.124039 -0.304402
    41 2.908730 0.220541 0.432493 -0.312875 -0.064497 -0.241168
    42 1.597527 0.000000 0.000000 0.020360 0.043876 -0.434642
    43 0.912678 0.000000 0.000000 -0.002612 -0.008298 -0.304949
    44 3.265471 0.051184 -0.415600 -0.320266 -0.091425 -0.184622
    45 1.860470 0.000000 0.000000 0.051595 0.064269 -0.677213
    46 1.061485 0.000000 0.000000 -0.004073 -0.029503 -0.137208
    47 3.340403 -0.238762 -1.285691 -0.315731 -0.062571 -0.163986
    48 1.550755 0.000000 0.000000 -0.061718 -0.075999 -0.683161
    49 0.904886 0.000001 0.000000 -0.001658 -0.026316 -0.062909
    50 1.219410 -1.061498 -0.840143 -1.889571 0.325162 -0.254974
    51 1.496971 0.000002 0.000000 0.000000 0.094778 -0.333994
    52 1.100088 0.000000 0.000000 0.000000 0.040666 0.285682
    53 0.000000 -0.000007 -0.000031 1.373047 0.113574 0.124314
    54 0.000000 0.000000 0.000000 -0.077030 -0.068757 -1.299215
    55 7.054213 0.000000 0.000000 0.000000 0.000000 0.000000
    56 0.000000 -0.000007 -0.000031 1.373047 0.113574 0.124314
    57 0.000000 -0.000007 -0.000031 1.373047 0.113574 0.124314
    58 2.856947 -1.536175 -0.973780 -1.501147 -0.272558 -1.578261
    59 0.000000 0.000000 10.000000 0.000000 0.000000 0.000000
    60 2.856899 -1.536201 -0.973800 -1.501147 -0.272558 -1.578261
    61 2.000000 -3.000000 0.000000 -1.570796 0.000000 -1.326450
    62 0.018896 0.665159 9.395880 0.000000 0.000000 0.000000
    63 3.028210 -0.923409 -2.009452 1.574082 -0.012974 1.587244
    64 0.116954 4.311606 0.061861 0.000010 0.000000 0.000000
    65 0.000000 -0.000002 0.000000 0.000000 0.000000 0.000000
    66 0.000000 1.000000 0.000010 0.000000 0.000000 0.000000
    67 -0.000001 0.000000 0.000000 0.000000 0.000000 0.000000
    68 -0.000001 0.000000 0.000000 0.000000 0.000000 0.000000
    69 -0.000001 0.000000 0.000000 0.000000 0.000000 0.000000
time 48
    0 1.806641 1.973633 5.132813 -0.286149 0.378300 -0.174397
    1 3.455587 0.000000 0.000000 -2.358517 -0.106261 -0.967778
    2 16.572346 0.000000 0.000000 0.000000 0.000000 1.108962
    3 16.265829 0.000000 0.000000 -0.185899 -0.027379 -1.706096
    4 5.046457 0.000000 0.000000 0.009840 -0.018761 -0.327713
    5 -3.455587 0.000000 0.000000 -1.511230 -0.547786 -1.350283
    6 16.572346 0.000000 0.000000 0.000000 0.000000 1.470097
    7 16.265831 0.000000 0.000000 0.067777 0.126883 -1.482318
    8 5.046457 0.000000 0.000000 -0.100232 0.015032 -0.347633
    9 0.000000 3.703728 0.293189 1.463362 -0.440465 1.419537
    10 3.307846 0.000000 0.000000 -0.110932 -0.095136 -0.009255
    11 3.297962 0.000000 0.000000 -0.085541 -0.052070 -0.170595
    12 6.040985 0.000000 0.000000 -0.095537 -0.026594 0.204477
    13 5.065758 0.000000 0.000000 3.053640 -0.039534 0.864513
    14 3.993755 0.000000 0.000000 -0.026782 0.008978 0.076823
    15 3.815876 1.385489 1.500000 -1.335201 -1.288882 -0.368698
    16 4.327093 0.000004 0.000000 -1.142159 -0.658051 -1.368225
    17 11.105114 0.000000 0.000000 0.000000 0.000000 -1.211671
    18 9.862099 -0.000011 -0.000031 2.070419 -0.834661 -0.667042
    19 2.641094 0.214619 -1.073586 0.343628 0.190590 -0.206088
    20 1.361605 -0.000002 0.000000 -0.033841 -0.056553 -0.539645
    21 0.779602 0.000002 0.000000 -0.038850 -0.124039 -0.304402
    22 2.908712 0.221762 -0.431868 0.315698 0.064495 -0.241172
    23 1.597527 0.000001 0.000000 -0.020360 -0.043876 -0.434642
    24 0.912680 0.000001 0.000000 0.002612 0.008298 -0.304949
    25 3.265450 0.050007 0.415744 0.323090 0.091423 -0.184625
    26 1.860470 0.000000 0.000000 -0.051595 -0.064269 -0.677213
    27 1.061481 -0.000001 0.000000 0.004073 0.029503 -0.137208
    28 3.340382 -0.242393 1.285012 0.318555 0.062569 -0.163990
    29 1.550753 0.000001 0.000000 0.061718 0.075999 -0.683161
    30 0.904888 0.000001 0.000000 0.001658 0.026316 -0.062909
    31 1.219385 -1.063860 0.837143 1.892454 -0.324449 -0.255898
    32 1.496971 -0.000002 -0.000001 0.000000 -0.094778 -0.333994
    33 1.100086 0.000000 0.000000 0.000000 -0.040666 0.285682
    34 3.815876 1.385489 -1.500000 0.935761 1.346139 -0.815325
    35 4.327089 -0.000004 0.000000 1.168075 0.256438 -1.086215
    36 11.105106 0.000000 0.000004 0.000000 0.000000 -2.128618
    37 9.862080 -0.000007 0.000017 -1.808587 0.586999 -0.498801
    38 2.641111 0.211586 1.074188 -0.340804 -0.190592 -0.206085
    39 1.361601 0.000000 0.000000 0.033841 0.056553 -0.539645
    40 0.779604 0.000001 0.000000 0.038850 0.124039 -0.304402
    41 2.908730 0.220541 0.432493 -0.312875 -0.064497 -0.241168
    42 1.597527 0.000000 0.000000 0.020360 0.043876 -0.434642
    43 0.912678 0.000000 0.000000 -0.002612 -0.008298 -0.304949
    44 3.265471 0.051184 -0.415600 -0.320266 -0.091425 -0.184622
    45 1.860470 0.000000 0.000000 0.051595 0.064269 -0.677213
    46 1.061485 0.000000 0.000000 -0.004073 -0.029503 -0.137208
    47 3.340403 -0.238762 -1.285691 -0.315731 -0.062571 -0.163986
    48 1.550755 0.000000 0.000000 -0.061718 -0.075999 -0.683161
    49 0.904886 0.000001 0.000000 -0.001658 -0.026316 -0.062909
    50 1.219410 -1.061498 -0.840143 -1.889571 0.325162 -0.254974
    51 1.496971 0.000002 0.000000 0.000000 0.094778 -0.333994
    52 1.100088 0.000000 0.000000 0.000000 0.040666 0.285682
    53 0.000000 -0.000007 -0.000031 1.373047 0.113574 0.124314
    54 0.000000 0.000000 0.000000 -0.077030 -0.068757 -1.299215
    55 7.054213 0.000000 0.000000 0.000000 0.000000 0.000000
    56 0.000000 -0.000007 -0.000031 1.373047 0.113574 0.124314
    57 0.000000 -0.000007 -0.000031 1.373047 0.113574 0.124314
    58 2.856947 -1.536175 -0.973780 -1.501147 -0.272558 -1.578261
    59 0.000000 0.000000 10.000000 0.000000 0.000000 0.000000
    60 2.856899 -1.536201 -0.973800 -1.501147 -0.272558 -1.578261
    61 2.000000 -3.000000 0.000000 -1.570796 0.000000 -1.326450
    62 0.018896 0.665159 9.395880 0.000000 0.000000 0.000000
    63 3.028210 -0.923409 -2.009452 1.574082 -0.012974 1.587244
    64 0.116954 4.311606 0.061861 0.000010 0.000000 0.000000
    65 0.000000 -0.000002 0.000000 0.000000 0.000000 0.000000
    66 0.000000 1.000000 0.000010 0.000000 0.000000 0.000000
    67 -0.000001 0.000000 0.000000 0.000000 0.000000 0.000000
    68 -0.000001 0.000000 0.000000 0.000000 0.000000 0.000000
    69 -0.000001 0.000000 0.000000 0.000000 0.000000 0.000000
time 49
    0 1.756836 2.021484 5.191406 -0.301912 0.380345 -0.172489
    1 3.455587 0.000000 0.000000 -2.404364 -0.116924 -0.895715
    2 16.572346 0.000000 0.000000 0.000000 0.000000 1.330655
    3 16.265829 0.000000 0.000000 -0.206724 0.052535 -1.725779
    4 5.046457 0.000000 0.000000 0.009899 -0.018791 -0.315907
    5 -3.455587 0.000000 0.000000 -1.439505 -0.372142 -1.403278
    6 16.572346 0.000000 0.000000 0.000000 0.000000 1.176805
    7 16.265831 0.000000 0.000000 -0.002629 0.129705 -1.508582
    8 5.046457 0.000000 0.000000 -0.100197 0.015007 -0.382524
    9 0.000000 3.703728 0.293189 1.451820 -0.460171 1.423481
    10 3.307846 0.000000 0.000000 -0.119906 -0.090606 -0.006245
    11 3.297962 0.000000 0.000000 -0.093919 -0.052582 -0.182104
    12 6.040985 0.000000 0.000000 -0.103771 -0.030620 0.178703
    13 5.065758 0.000000 0.000000 2.990458 0.050225 0.871326
    14 3.993755 0.000000 0.000000 -0.112522 -0.063042 0.082379
    15 3.815876 1.385489 1.500000 -1.138253 -1.285872 -0.557458
    16 4.327093 0.000004 0.000000 -1.223781 -0.449613 -1.269081
    17 11.105114 0.000000 0.000000 0.000000 0.000000 -1.418215
    18 9.862099 -0.000011 -0.000031 2.156208 -0.785414 -0.771229
    19 2.641094 0.214619 -1.073586 0.343628 0.190590 -0.206088
    20 1.361605 -0.000002 0.000000 -0.033841 -0.056553 -0.539645
    21 0.779602 0.000002 0.000000 -0.038850 -0.124039 -0.304402
    22 2.908712 0.221762 -0.431868 0.315698 0.064495 -0.241172
    23 1.597527 0.000001 0.000000 -0.020360 -0.043876 -0.434642
    24 0.912680 0.000001 0.000000 0.002612 0.008298 -0.304949
    25 3.265450 0.050007 0.415744 0.323090 0.091423 -0.184625
    26 1.860470 0.000000 0.000000 -0.051595 -0.064269 -0.677213
    27 1.061481 -0.000001 0.000000 0.004073 0.029503 -0.137208
    28 3.340382 -0.242393 1.285012 0.318555 0.062569 -0.163990
    29 1.550753 0.000001 0.000000 0.061718 0.075999 -0.683161
    30 0.904888 0.000001 0.000000 0.001658 0.026316 -0.062909
    31 1.219385 -1.063860 0.837143 1.892454 -0.324449 -0.255898
    32 1.496971 -0.000002 -0.000001 0.000000 -0.094778 -0.333994
    33 1.100086 0.000000 0.000000 0.000000 -0.040666 0.285682
    34 3.815876 1.385489 -1.500000 1.302358 1.352682 -0.495740
    35 4.327089 -0.000004 0.000000 1.047950 0.462326 -1.115233
    36 11.105106 0.000000 0.000004 0.000000 0.000000 -2.035168
    37 9.862080 -0.000007 0.000017 -1.686243 0.757230 -0.463247
    38 2.641111 0.211586 1.074188 -0.340804 -0.190592 -0.206085
    39 1.361601 0.000000 0.000000 0.033841 0.056553 -0.539645
    40 0.779604 0.000001 0.000000 0.038850 0.124039 -0.304402
    41 2.908730 0.220541 0.432493 -0.312875 -0.064497 -0.241168
    42 1.597527 0.000000 0.000000 0.020360 0.043876 -0.434642
    43 0.912678 0.000000 0.000000 -0.002612 -0.008298 -0.304949
    44 3.265471 0.051184 -0.415600 -0.320266 -0.091425 -0.184622
    45 1.860470 0.000000 0.000000 0.051595 0.064269 -0.677213
    46 1.061485 0.000000 0.000000 -0.004073 -0.029503 -0.137208
    47 3.340403 -0.238762 -1.285691 -0.315731 -0.062571 -0.163986
    48 1.550755 0.000000 0.000000 -0.061718 -0.075999 -0.683161
    49 0.904886 0.000001 0.000000 -0.001658 -0.026316 -0.062909
    50 1.219410 -1.061498 -0.840143 -1.889571 0.325162 -0.254974
    51 1.496971 0.000002 0.000000 0.000000 0.094778 -0.333994
    52 1.100088 0.000000 0.000000 0.000000 0.040666 0.285682
    53 0.000000 -0.000007 -0.000031 1.373047 0.113574 0.124314
    54 0.000000 0.000000 0.000000 -0.077030 -0.068757 -1.299215
    55 7.054213 0.000000 0.000000 0.000000 0.000000 0.000000
    56 0.000000 -0.000007 -0.000031 1.373047 0.113574 0.124314
    57 0.000000 -0.000007 -0.000031 1.373047 0.113574 0.124314
    58 2.856947 -1.536175 -0.973780 -1.501147 -0.272558 -1.578261
    59 0.000000 0.000000 10.000000 0.000000 0.000000 0.000000
    60 2.856899 -1.536201 -0.973800 -1.501147 -0.272558 -1.578261
    61 2.000000 -3.000000 0.000000 -1.570796 0.000000 -1.326450
    62 0.018896 0.665159 9.395880 0.000000 0.000000 0.000000
    63 3.028210 -0.923409 -2.009452 1.574082 -0.012974 1.587244
    64 0.116954 4.311606 0.061861 0.000010 0.000000 0.000000
    65 0.000000 -0.000002 0.000000 0.000000 0.000000 0.000000
    66 0.000000 1.000000 0.000010 0.000000 0.000000 0.000000
    67 -0.000001 0.000000 0.000000 0.000000 0.000000 0.000000
    68 -0.000001 0.000000 0.000000 0.000000 0.000000 0.000000
    69 -0.000001 0.000000 0.000000 0.000000 0.000000 0.000000
time 50
    0 1.780273 1.985352 5.152344 -0.292998 0.391947 -0.161763
    1 3.455587 0.000000 0.000000 -2.452929 -0.152360 -0.833417
    2 16.572346 0.000000 0.000000 0.000000 0.000000 1.534709
    3 16.265829 0.000000 0.000000 -0.217054 0.162287 -1.734832
    4 5.046457 0.000000 0.000000 0.009870 -0.018778 -0.296078
    5 -3.455587 0.000000 0.000000 -1.353188 -0.186408 -1.445380
    6 16.572346 0.000000 0.000000 0.000000 0.000000 0.808251
    7 16.265831 0.000000 0.000000 -0.031325 0.128163 -1.519240
    8 5.046457 0.000000 0.000000 -0.100202 0.015004 -0.387984
    9 0.000000 3.703728 0.293189 1.452195 -0.471265 1.421348
    10 3.307846 0.000000 0.000000 -0.118773 -0.088187 -0.006439
    11 3.297962 0.000000 0.000000 -0.092839 -0.050353 -0.193602
    12 6.040985 0.000000 0.000000 -0.101959 -0.031619 0.153131
    13 5.065758 0.000000 0.000000 2.974022 0.127505 0.867866
    14 3.993755 0.000000 0.000000 -0.161660 -0.128720 0.101513
    15 3.815876 1.385489 1.500000 -1.034700 -1.244717 -0.654471
    16 4.327093 0.000004 0.000000 -1.287403 -0.251069 -1.264401
    17 11.105114 0.000000 0.000000 0.000000 0.000000 -1.556290
    18 9.862099 -0.000011 -0.000031 2.270337 -0.830161 -0.917980
    19 2.641094 0.214619 -1.073586 0.343628 0.190590 -0.206088
    20 1.361605 -0.000002 0.000000 -0.033841 -0.056553 -0.539645
    21 0.779602 0.000002 0.000000 -0.038850 -0.124039 -0.304402
    22 2.908712 0.221762 -0.431868 0.315698 0.064495 -0.241172
    23 1.597527 0.000001 0.000000 -0.020360 -0.043876 -0.434642
    24 0.912680 0.000001 0.000000 0.002612 0.008298 -0.304949
    25 3.265450 0.050007 0.415744 0.323090 0.091423 -0.184625
    26 1.860470 0.000000 0.000000 -0.051595 -0.064269 -0.677213
    27 1.061481 -0.000001 0.000000 0.004073 0.029503 -0.137208
    28 3.340382 -0.242393 1.285012 0.318555 0.062569 -0.163990
    29 1.550753 0.000001 0.000000 0.061718 0.075999 -0.683161
    30 0.904888 0.000001 0.000000 0.001658 0.026316 -0.062909
    31 1.219385 -1.063860 0.837143 1.892454 -0.324449 -0.255898
    32 1.496971 -0.000002 -0.000001 0.000000 -0.094778 -0.333994
    33 1.100086 0.000000 0.000000 0.000000 -0.040666 0.285682
    34 3.815876 1.385489 -1.500000 1.503586 1.365045 -0.324776
    35 4.327089 -0.000004 0.000000 0.923482 0.646875 -1.113727
    36 11.105106 0.000000 0.000004 0.000000 0.000000 -1.809291
    37 9.862080 -0.000007 0.000017 -1.678857 0.985047 -0.462158
    38 2.641111 0.211586 1.074188 -0.340804 -0.190592 -0.206085
    39 1.361601 0.000000 0.000000 0.033841 0.056553 -0.539645
    40 0.779604 0.000001 0.000000 0.038850 0.124039 -0.304402
    41 2.908730 0.220541 0.432493 -0.312875 -0.064497 -0.241168
    42 1.597527 0.000000 0.000000 0.020360 0.043876 -0.434642
    43 0.912678 0.000000 0.000000 -0.002612 -0.008298 -0.304949
    44 3.265471 0.051184 -0.415600 -0.320266 -0.091425 -0.184622
    45 1.860470 0.000000 0.000000 0.051595 0.064269 -0.677213
    46 1.061485 0.000000 0.000000 -0.004073 -0.029503 -0.137208
    47 3.340403 -0.238762 -1.285691 -0.315731 -0.062571 -0.163986
    48 1.550755 0.000000 0.000000 -0.061718 -0.075999 -0.683161
    49 0.904886 0.000001 0.000000 -0.001658 -0.026316 -0.062909
    50 1.219410 -1.061498 -0.840143 -1.889571 0.325162 -0.254974
    51 1.496971 0.000002 0.000000 0.000000 0.094778 -0.333994
    52 1.100088 0.000000 0.000000 0.000000 0.040666 0.285682
    53 0.000000 -0.000007 -0.000031 1.373047 0.113574 0.124314
    54 0.000000 0.000000 0.000000 -0.077030 -0.068757 -1.299215
    55 7.054213 0.000000 0.000000 0.000000 0.000000 0.000000
    56 0.000000 -0.000007 -0.000031 1.373047 0.113574 0.124314
    57 0.000000 -0.000007 -0.000031 1.373047 0.113574 0.124314
    58 2.856947 -1.536175 -0.973780 -1.501147 -0.272558 -1.578261
    59 0.000000 0.000000 10.000000 0.000000 0.000000 0.000000
    60 2.856899 -1.536201 -0.973800 -1.501147 -0.272558 -1.578261
    61 2.000000 -3.000000 0.000000 -1.570796 0.000000 -1.326450
    62 0.018896 0.665159 9.395880 0.000000 0.000000 0.000000
    63 3.028210 -0.923409 -2.009452 1.574082 -0.012974 1.587244
    64 0.116954 4.311606 0.061861 0.000010 0.000000 0.000000
    65 0.000000 -0.000002 0.000000 0.000000 0.000000 0.000000
    66 0.000000 1.000000 0.000010 0.000000 0.000000 0.000000
    67 -0.000001 0.000000 0.000000 0.000000 0.000000 0.000000
    68 -0.000001 0.000000 0.000000 0.000000 0.000000 0.000000
    69 -0.000001 0.000000 0.000000 0.000000 0.000000 0.000000
time 51
    0 1.858398 1.885742 5.003906 -0.246834 0.410115 -0.126368
    1 3.455587 0.000000 0.000000 -2.511257 -0.207566 -0.798119
    2 16.572346 0.000000 0.000000 0.000000 0.000000 1.719621
    3 16.265829 0.000000 0.000000 -0.199039 0.217581 -1.730712
    4 5.046457 0.000000 0.000000 0.009853 -0.018755 -0.303324
    5 -3.455587 0.000000 0.000000 -1.268837 -0.026824 -1.476780
    6 16.572346 0.000000 0.000000 0.000000 0.000000 0.419241
    7 16.265831 0.000000 0.000000 -0.049806 0.091479 -1.491108
    8 5.046457 0.000000 0.000000 -0.100166 0.015019 -0.380588
    9 0.000000 3.703728 0.293189 1.474799 -0.462568 1.393166
    10 3.307846 0.000000 0.000000 -0.099465 -0.096144 -0.013729
    11 3.297962 0.000000 0.000000 -0.074129 -0.042208 -0.200967
    12 6.040985 0.000000 0.000000 -0.081677 -0.024275 0.139089
    13 5.065758 0.000000 0.000000 3.051070 0.182277 0.838547
    14 3.993755 0.000000 0.000000 -0.145280 -0.166852 0.130970
    15 3.815876 1.385489 1.500000 -1.062238 -1.160496 -0.613820
    16 4.327093 0.000004 0.000000 -1.270050 -0.132777 -1.311017
    17 11.105114 0.000000 0.000000 0.000000 0.000000 -1.652796
    18 9.862099 -0.000011 -0.000031 2.241765 -0.964319 -0.927016
    19 2.641094 0.214619 -1.073586 0.343628 0.190590 -0.206088
    20 1.361605 -0.000002 0.000000 -0.033841 -0.056553 -0.539645
    21 0.779602 0.000002 0.000000 -0.038850 -0.124039 -0.304402
    22 2.908712 0.221762 -0.431868 0.315698 0.064495 -0.241172
    23 1.597527 0.000001 0.000000 -0.020360 -0.043876 -0.434642
    24 0.912680 0.000001 0.000000 0.002612 0.008298 -0.304949
    25 3.265450 0.050007 0.415744 0.323090 0.091423 -0.184625
    26 1.860470 0.000000 0.000000 -0.051595 -0.064269 -0.677213
    27 1.061481 -0.000001 0.000000 0.004073 0.029503 -0.137208
    28 3.340382 -0.242393 1.285012 0.318555 0.062569 -0.163990
    29 1.550753 0.000001 0.000000 0.061718 0.075999 -0.683161
    30 0.904888 0.000001 0.000000 0.001658 0.026316 -0.062909
    31 1.219385 -1.063860 0.837143 1.892454 -0.324449 -0.255898
    32 1.496971 -0.000002 -0.000001 0.000000 -0.094778 -0.333994
    33 1.100086 0.000000 0.000000 0.000000 -0.040666 0.285682
    34 3.815876 1.385489 -1.500000 1.581643 1.399886 -0.238256
    35 4.327089 -0.000004 0.000000 0.891663 0.751286 -1.071175
    36 11.105106 0.000000 0.000004 0.000000 0.000000 -1.462778
    37 9.862080 -0.000007 0.000017 -1.666806 1.093261 -0.394604
    38 2.641111 0.211586 1.074188 -0.340804 -0.190592 -0.206085
    39 1.361601 0.000000 0.000000 0.033841 0.056553 -0.539645
    40 0.779604 0.000001 0.000000 0.038850 0.124039 -0.304402
    41 2.908730 0.220541 0.432493 -0.312875 -0.064497 -0.241168
    42 1.597527 0.000000 0.000000 0.020360 0.043876 -0.434642
    43 0.912678 0.000000 0.000000 -0.002612 -0.008298 -0.304949
    44 3.265471 0.051184 -0.415600 -0.320266 -0.091425 -0.184622
    45 1.860470 0.000000 0.000000 0.051595 0.064269 -0.677213
    46 1.061485 0.000000 0.000000 -0.004073 -0.029503 -0.137208
    47 3.340403 -0.238762 -1.285691 -0.315731 -0.062571 -0.163986
    48 1.550755 0.000000 0.000000 -0.061718 -0.075999 -0.683161
    49 0.904886 0.000001 0.000000 -0.001658 -0.026316 -0.062909
    50 1.219410 -1.061498 -0.840143 -1.889571 0.325162 -0.254974
    51 1.496971 0.000002 0.000000 0.000000 0.094778 -0.333994
    52 1.100088 0.000000 0.000000 0.000000 0.040666 0.285682
    53 0.000000 -0.000007 -0.000031 1.373047 0.113574 0.124314
    54 0.000000 0.000000 0.000000 -0.077030 -0.068757 -1.299215
    55 7.054213 0.000000 0.000000 0.000000 0.000000 0.000000
    56 0.000000 -0.000007 -0.000031 1.373047 0.113574 0.124314
    57 0.000000 -0.000007 -0.000031 1.373047 0.113574 0.124314
    58 2.856947 -1.536175 -0.973780 -1.501147 -0.272558 -1.578261
    59 0.000000 0.000000 10.000000 0.000000 0.000000 0.000000
    60 2.856899 -1.536201 -0.973800 -1.501147 -0.272558 -1.578261
    61 2.000000 -3.000000 0.000000 -1.570796 0.000000 -1.326450
    62 0.018896 0.665159 9.395880 0.000000 0.000000 0.000000
    63 3.028210 -0.923409 -2.009452 1.574082 -0.012974 1.587244
    64 0.116954 4.311606 0.061861 0.000010 0.000000 0.000000
    65 0.000000 -0.000002 0.000000 0.000000 0.000000 0.000000
    66 0.000000 1.000000 0.000010 0.000000 0.000000 0.000000
    67 -0.000001 0.000000 0.000000 0.000000 0.000000 0.000000
    68 -0.000001 0.000000 0.000000 0.000000 0.000000 0.000000
    69 -0.000001 0.000000 0.000000 0.000000 0.000000 0.000000
time 52
    0 1.995117 1.731445 4.710938 -0.174629 0.423454 -0.076509
    1 3.455587 0.000000 0.000000 -2.580342 -0.273031 -0.778337
    2 16.572346 0.000000 0.000000 0.000000 0.000000 1.878311
    3 16.265829 0.000000 0.000000 -0.170395 0.242537 -1.743353
    4 5.046457 0.000000 0.000000 0.009859 -0.018720 -0.313022
    5 -3.455587 0.000000 0.000000 -1.240337 0.066797 -1.497979
    6 16.572346 0.000000 0.000000 0.000000 0.000000 0.126119
    7 16.265831 0.000000 0.000000 -0.066173 0.045830 -1.475762
    8 5.046457 0.000000 0.000000 -0.100204 0.015037 -0.351231
    9 0.000000 3.703728 0.293189 1.508743 -0.440061 1.356544
    10 3.307846 0.000000 0.000000 -0.069386 -0.108208 -0.024961
    11 3.297962 0.000000 0.000000 -0.044047 -0.033280 -0.205685
    12 6.040985 0.000000 0.000000 -0.050189 -0.018305 0.132509
    13 5.065758 0.000000 0.000000 3.112641 0.147470 0.774272
    14 3.993755 0.000000 0.000000 -0.080286 -0.145293 0.147507
    15 3.815876 1.385489 1.500000 -1.132367 -1.077107 -0.526321
    16 4.327093 0.000004 0.000000 -1.241827 -0.065225 -1.420904
    17 11.105114 0.000000 0.000000 0.000000 0.000000 -1.817075
    18 9.862099 -0.000011 -0.000031 1.798722 -0.996896 -0.539964
    19 2.641094 0.214619 -1.073586 0.343628 0.190590 -0.206088
    20 1.361605 -0.000002 0.000000 -0.033841 -0.056553 -0.539645
    21 0.779602 0.000002 0.000000 -0.038850 -0.124039 -0.304402
    22 2.908712 0.221762 -0.431868 0.315698 0.064495 -0.241172
    23 1.597527 0.000001 0.000000 -0.020360 -0.043876 -0.434642
    24 0.912680 0.000001 0.000000 0.002612 0.008298 -0.304949
    25 3.265450 0.050007 0.415744 0.323090 0.091423 -0.184625
    26 1.860470 0.000000 0.000000 -0.051595 -0.064269 -0.677213
    27 1.061481 -0.000001 0.000000 0.004073 0.029503 -0.137208
    28 3.340382 -0.242393 1.285012 0.318555 0.062569 -0.163990
    29 1.550753 0.000001 0.000000 0.061718 0.075999 -0.683161
    30 0.904888 0.000001 0.000000 0.001658 0.026316 -0.062909
    31 1.219385 -1.063860 0.837143 1.892454 -0.324449 -0.255898
    32 1.496971 -0.000002 -0.000001 0.000000 -0.094778 -0.333994
    33 1.100086 0.000000 0.000000 0.000000 -0.040666 0.285682
    34 3.815876 1.385489 -1.500000 1.604533 1.420662 -0.173993
    35 4.327089 -0.000004 0.000000 0.916444 0.797867 -1.037657
    36 11.105106 0.000000 0.000004 0.000000 0.000000 -1.053483
    37 9.862080 -0.000007 0.000017 -1.518224 1.201499 -0.194211
    38 2.641111 0.211586 1.074188 -0.340804 -0.190592 -0.206085
    39 1.361601 0.000000 0.000000 0.033841 0.056553 -0.539645
    40 0.779604 0.000001 0.000000 0.038850 0.124039 -0.304402
    41 2.908730 0.220541 0.432493 -0.312875 -0.064497 -0.241168
    42 1.597527 0.000000 0.000000 0.020360 0.043876 -0.434642
    43 0.912678 0.000000 0.000000 -0.002612 -0.008298 -0.304949
    44 3.265471 0.051184 -0.415600 -0.320266 -0.091425 -0.184622
    45 1.860470 0.000000 0.000000 0.051595 0.064269 -0.677213
    46 1.061485 0.000000 0.000000 -0.004073 -0.029503 -0.137208
    47 3.340403 -0.238762 -1.285691 -0.315731 -0.062571 -0.163986
    48 1.550755 0.000000 0.000000 -0.061718 -0.075999 -0.683161
    49 0.904886 0.000001 0.000000 -0.001658 -0.026316 -0.062909
    50 1.219410 -1.061498 -0.840143 -1.889571 0.325162 -0.254974
    51 1.496971 0.000002 0.000000 0.000000 0.094778 -0.333994
    52 1.100088 0.000000 0.000000 0.000000 0.040666 0.285682
    53 0.000000 -0.000007 -0.000031 1.373047 0.113574 0.124314
    54 0.000000 0.000000 0.000000 -0.077030 -0.068757 -1.299215
    55 7.054213 0.000000 0.000000 0.000000 0.000000 0.000000
    56 0.000000 -0.000007 -0.000031 1.373047 0.113574 0.124314
    57 0.000000 -0.000007 -0.000031 1.373047 0.113574 0.124314
    58 2.856947 -1.536175 -0.973780 -1.501147 -0.272558 -1.578261
    59 0.000000 0.000000 10.000000 0.000000 0.000000 0.000000
    60 2.856899 -1.536201 -0.973800 -1.501147 -0.272558 -1.578261
    61 2.000000 -3.000000 0.000000 -1.570796 0.000000 -1.326450
    62 0.018896 0.665159 9.395880 0.000000 0.000000 0.000000
    63 3.028210 -0.923409 -2.009452 1.574082 -0.012974 1.587244
    64 0.116954 4.311606 0.061861 0.000010 0.000000 0.000000
    65 0.000000 -0.000002 0.000000 0.000000 0.000000 0.000000
    66 0.000000 1.000000 0.000010 0.000000 0.000000 0.000000
    67 -0.000001 0.000000 0.000000 0.000000 0.000000 0.000000
    68 -0.000001 0.000000 0.000000 0.000000 0.000000 0.000000
    69 -0.000001 0.000000 0.000000 0.000000 0.000000 0.000000
time 53
    0 2.130859 1.527344 4.347656 -0.104286 0.432873 -0.048489
    1 3.455587 0.000000 0.000000 -2.660058 -0.351831 -0.742163
    2 16.572346 0.000000 0.000000 0.000000 0.000000 2.003048
    3 16.265829 0.000000 0.000000 -0.115572 0.239745 -1.761869
    4 5.046457 0.000000 0.000000 0.009866 -0.018747 -0.330514
    5 -3.455587 0.000000 0.000000 -1.241844 0.052378 -1.519509
    6 16.572346 0.000000 0.000000 0.000000 0.000000 0.087649
    7 16.265831 0.000000 0.000000 -0.081576 0.067845 -1.499463
    8 5.046457 0.000000 0.000000 -0.100173 0.015045 -0.390893
    9 0.000000 3.703728 0.293189 1.538668 -0.411436 1.348629
    10 3.307846 0.000000 0.000000 -0.040892 -0.110384 -0.036225
    11 3.297962 0.000000 0.000000 -0.016619 -0.029214 -0.204303
    12 6.040985 0.000000 0.000000 -0.022536 -0.021439 0.140221
    13 5.065758 0.000000 0.000000 -3.119329 0.047707 0.722131
    14 3.993755 0.000000 0.000000 0.007547 -0.066153 0.156506
    15 3.815876 1.385489 1.500000 -1.119679 -1.022805 -0.527210
    16 4.327093 0.000004 0.000000 -1.126915 -0.191474 -1.491411
    17 11.105114 0.000000 0.000000 0.000000 0.000000 -1.888774
    18 9.862099 -0.000011 -0.000031 1.479939 -1.069788 -0.667942
    19 2.641094 0.214619 -1.073586 0.343628 0.190590 -0.206088
    20 1.361605 -0.000002 0.000000 -0.033841 -0.056553 -0.539645
    21 0.779602 0.000002 0.000000 -0.038850 -0.124039 -0.304402
    22 2.908712 0.221762 -0.431868 0.315698 0.064495 -0.241172
    23 1.597527 0.000001 0.000000 -0.020360 -0.043876 -0.434642
    24 0.912680 0.000001 0.000000 0.002612 0.008298 -0.304949
    25 3.265450 0.050007 0.415744 0.323090 0.091423 -0.184625
    26 1.860470 0.000000 0.000000 -0.051595 -0.064269 -0.677213
    27 1.061481 -0.000001 0.000000 0.004073 0.029503 -0.137208
    28 3.340382 -0.242393 1.285012 0.318555 0.062569 -0.163990
    29 1.550753 0.000001 0.000000 0.061718 0.075999 -0.683161
    30 0.904888 0.000001 0.000000 0.001658 0.026316 -0.062909
    31 1.219385 -1.063860 0.837143 1.892454 -0.324449 -0.255898
    32 1.496971 -0.000002 -0.000001 0.000000 -0.094778 -0.333994
    33 1.100086 0.000000 0.000000 0.000000 -0.040666 0.285682
    34 3.815876 1.385489 -1.500000 1.701134 1.417314 -0.038725
    35 4.327089 -0.000004 0.000000 0.949160 0.785942 -1.012697
    36 11.105106 0.000000 0.000004 0.000000 0.000000 -0.733716
    37 9.862080 -0.000007 0.000017 -1.387550 1.252098 -0.023418
    38 2.641111 0.211586 1.074188 -0.340804 -0.190592 -0.206085
    39 1.361601 0.000000 0.000000 0.033841 0.056553 -0.539645
    40 0.779604 0.000001 0.000000 0.038850 0.124039 -0.304402
    41 2.908730 0.220541 0.432493 -0.312875 -0.064497 -0.241168
    42 1.597527 0.000000 0.000000 0.020360 0.043876 -0.434642
    43 0.912678 0.000000 0.000000 -0.002612 -0.008298 -0.304949
    44 3.265471 0.051184 -0.415600 -0.320266 -0.091425 -0.184622
    45 1.860470 0.000000 0.000000 0.051595 0.064269 -0.677213
    46 1.061485 0.000000 0.000000 -0.004073 -0.029503 -0.137208
    47 3.340403 -0.238762 -1.285691 -0.315731 -0.062571 -0.163986
    48 1.550755 0.000000 0.000000 -0.061718 -0.075999 -0.683161
    49 0.904886 0.000001 0.000000 -0.001658 -0.026316 -0.062909
    50 1.219410 -1.061498 -0.840143 -1.889571 0.325162 -0.254974
    51 1.496971 0.000002 0.000000 0.000000 0.094778 -0.333994
    52 1.100088 0.000000 0.000000 0.000000 0.040666 0.285682
    53 0.000000 -0.000007 -0.000031 1.373047 0.113574 0.124314
    54 0.000000 0.000000 0.000000 -0.077030 -0.068757 -1.299215
    55 7.054213 0.000000 0.000000 0.000000 0.000000 0.000000
    56 0.000000 -0.000007 -0.000031 1.373047 0.113574 0.124314
    57 0.000000 -0.000007 -0.000031 1.373047 0.113574 0.124314
    58 2.856947 -1.536175 -0.973780 -1.501147 -0.272558 -1.578261
    59 0.000000 0.000000 10.000000 0.000000 0.000000 0.000000
    60 2.856899 -1.536201 -0.973800 -1.501147 -0.272558 -1.578261
    61 2.000000 -3.000000 0.000000 -1.570796 0.000000 -1.326450
    62 0.018896 0.665159 9.395880 0.000000 0.000000 0.000000
    63 3.028210 -0.923409 -2.009452 1.574082 -0.012974 1.587244
    64 0.116954 4.311606 0.061861 0.000010 0.000000 0.000000
    65 0.000000 -0.000002 0.000000 0.000000 0.000000 0.000000
    66 0.000000 1.000000 0.000010 0.000000 0.000000 0.000000
    67 -0.000001 0.000000 0.000000 0.000000 0.000000 0.000000
    68 -0.000001 0.000000 0.000000 0.000000 0.000000 0.000000
    69 -0.000001 0.000000 0.000000 0.000000 0.000000 0.000000
time 54
    0 2.240234 1.317383 4.105469 -0.046309 0.442978 -0.020293
    1 3.455587 0.000000 0.000000 -2.710778 -0.430380 -0.719113
    2 16.572346 0.000000 0.000000 0.000000 0.000000 2.068581
    3 16.265829 0.000000 0.000000 -0.106896 0.251078 -1.779236
    4 5.046457 0.000000 0.000000 0.009857 -0.018753 -0.303761
    5 -3.455587 0.000000 0.000000 -1.232587 0.079250 -1.524301
    6 16.572346 0.000000 0.000000 0.000000 0.000000 0.053701
    7 16.265831 0.000000 0.000000 -0.016920 0.154594 -1.437689
    8 5.046457 0.000000 0.000000 -0.100212 0.014986 -0.461195
    9 0.000000 3.703728 0.293189 1.558570 -0.401351 1.346095
    10 3.307846 0.000000 0.000000 -0.022233 -0.112993 -0.038089
    11 3.297962 0.000000 0.000000 0.002749 -0.029744 -0.201630
    12 6.040985 0.000000 0.000000 -0.003767 -0.028460 0.148859
    13 5.065758 0.000000 0.000000 -3.098893 -0.056433 0.706774
    14 3.993755 0.000000 0.000000 0.067164 0.022211 0.158727
    15 3.815876 1.385489 1.500000 -1.065897 -1.011120 -0.566785
    16 4.327093 0.000004 0.000000 -1.032517 -0.380042 -1.513594
    17 11.105114 0.000000 0.000000 0.000000 0.000000 -1.935482
    18 9.862099 -0.000011 -0.000031 1.804010 -0.921427 -0.956458
    19 2.641094 0.214619 -1.073586 0.343628 0.190590 -0.206088
    20 1.361605 -0.000002 0.000000 -0.033841 -0.056553 -0.539645
    21 0.779602 0.000002 0.000000 -0.038850 -0.124039 -0.304402
    22 2.908712 0.221762 -0.431868 0.315698 0.064495 -0.241172
    23 1.597527 0.000001 0.000000 -0.020360 -0.043876 -0.434642
    24 0.912680 0.000001 0.000000 0.002612 0.008298 -0.304949
    25 3.265450 0.050007 0.415744 0.323090 0.091423 -0.184625
    26 1.860470 0.000000 0.000000 -0.051595 -0.064269 -0.677213
    27 1.061481 -0.000001 0.000000 0.004073 0.029503 -0.137208
    28 3.340382 -0.242393 1.285012 0.318555 0.062569 -0.163990
    29 1.550753 0.000001 0.000000 0.061718 0.075999 -0.683161
    30 0.904888 0.000001 0.000000 0.001658 0.026316 -0.062909
    31 1.219385 -1.063860 0.837143 1.892454 -0.324449 -0.255898
    32 1.496971 -0.000002 -0.000001 0.000000 -0.094778 -0.333994
    33 1.100086 0.000000 0.000000 0.000000 -0.040666 0.285682
    34 3.815876 1.385489 -1.500000 1.792559 1.405266 0.096149
    35 4.327089 -0.000004 0.000000 1.018471 0.673617 -0.949631
    36 11.105106 0.000000 0.000004 0.000000 0.000000 -0.761535
    37 9.862080 -0.000007 0.000017 -1.348178 1.294091 -0.020796
    38 2.641111 0.211586 1.074188 -0.340804 -0.190592 -0.206085
    39 1.361601 0.000000 0.000000 0.033841 0.056553 -0.539645
    40 0.779604 0.000001 0.000000 0.038850 0.124039 -0.304402
    41 2.908730 0.220541 0.432493 -0.312875 -0.064497 -0.241168
    42 1.597527 0.000000 0.000000 0.020360 0.043876 -0.434642
    43 0.912678 0.000000 0.000000 -0.002612 -0.008298 -0.304949
    44 3.265471 0.051184 -0.415600 -0.320266 -0.091425 -0.184622
    45 1.860470 0.000000 0.000000 0.051595 0.064269 -0.677213
    46 1.061485 0.000000 0.000000 -0.004073 -0.029503 -0.137208
    47 3.340403 -0.238762 -1.285691 -0.315731 -0.062571 -0.163986
    48 1.550755 0.000000 0.000000 -0.061718 -0.075999 -0.683161
    49 0.904886 0.000001 0.000000 -0.001658 -0.026316 -0.062909
    50 1.219410 -1.061498 -0.840143 -1.889571 0.325162 -0.254974
    51 1.496971 0.000002 0.000000 0.000000 0.094778 -0.333994
    52 1.100088 0.000000 0.000000 0.000000 0.040666 0.285682
    53 0.000000 -0.000007 -0.000031 1.373047 0.113574 0.124314
    54 0.000000 0.000000 0.000000 -0.077030 -0.068757 -1.299215
    55 7.054213 0.000000 0.000000 0.000000 0.000000 0.000000
    56 0.000000 -0.000007 -0.000031 1.373047 0.113574 0.124314
    57 0.000000 -0.000007 -0.000031 1.373047 0.113574 0.124314
    58 2.856947 -1.536175 -0.973780 -1.501147 -0.272558 -1.578261
    59 0.000000 0.000000 10.000000 0.000000 0.000000 0.000000
    60 2.856899 -1.536201 -0.973800 -1.501147 -0.272558 -1.578261
    61 2.000000 -3.000000 0.000000 -1.570796 0.000000 -1.326450
    62 0.018896 0.665159 9.395880 0.000000 0.000000 0.000000
    63 3.028210 -0.923409 -2.009452 1.574082 -0.012974 1.587244
    64 0.116954 4.311606 0.061861 0.000010 0.000000 0.000000
    65 0.000000 -0.000002 0.000000 0.000000 0.000000 0.000000
    66 0.000000 1.000000 0.000010 0.000000 0.000000 0.000000
    67 -0.000001 0.000000 0.000000 0.000000 0.000000 0.000000
    68 -0.000001 0.000000 0.000000 0.000000 0.000000 0.000000
    69 -0.000001 0.000000 0.000000 0.000000 0.000000 0.000000
time 55
    0 2.308594 1.236328 4.089844 -0.013806 0.453349 -0.007167
    1 3.455587 0.000000 0.000000 -2.718782 -0.505019 -0.698939
    2 16.572346 0.000000 0.000000 0.000000 0.000000 2.079711
    3 16.265829 0.000000 0.000000 -0.119638 0.265161 -1.798426
    4 5.046457 0.000000 0.000000 0.009888 -0.018742 -0.281073
    5 -3.455587 0.000000 0.000000 -1.222393 0.041469 -1.547465
    6 16.572346 0.000000 0.000000 0.000000 0.000000 0.101736
    7 16.265831 0.000000 0.000000 0.011391 0.278014 -1.437476
    8 5.046457 0.000000 0.000000 -0.100223 0.014994 -0.433540
    9 0.000000 3.703728 0.293189 1.576269 -0.410423 1.338438
    10 3.307846 0.000000 0.000000 -0.007139 -0.119493 -0.029583
    11 3.297962 0.000000 0.000000 0.019770 -0.028751 -0.197717
    12 6.040985 0.000000 0.000000 0.013155 -0.027704 0.156592
    13 5.065758 0.000000 0.000000 -3.060140 -0.125933 0.735196
    14 3.993755 0.000000 0.000000 0.125548 0.079864 0.126461
    15 3.815876 1.385489 1.500000 -1.079911 -1.030260 -0.535001
    16 4.327093 0.000004 0.000000 -0.971876 -0.554822 -1.510414
    17 11.105114 0.000000 0.000000 0.000000 0.000000 -1.965929
    18 9.862099 -0.000011 -0.000031 2.015437 -0.726634 -1.098287
    19 2.641094 0.214619 -1.073586 0.343628 0.190590 -0.206088
    20 1.361605 -0.000002 0.000000 -0.033841 -0.056553 -0.539645
    21 0.779602 0.000002 0.000000 -0.038850 -0.124039 -0.304402
    22 2.908712 0.221762 -0.431868 0.315698 0.064495 -0.241172
    23 1.597527 0.000001 0.000000 -0.020360 -0.043876 -0.434642
    24 0.912680 0.000001 0.000000 0.002612 0.008298 -0.304949
    25 3.265450 0.050007 0.415744 0.323090 0.091423 -0.184625
    26 1.860470 0.000000 0.000000 -0.051595 -0.064269 -0.677213
    27 1.061481 -0.000001 0.000000 0.004073 0.029503 -0.137208
    28 3.340382 -0.242393 1.285012 0.318555 0.062569 -0.163990
    29 1.550753 0.000001 0.000000 0.061718 0.075999 -0.683161
    30 0.904888 0.000001 0.000000 0.001658 0.026316 -0.062909
    31 1.219385 -1.063860 0.837143 1.892454 -0.324449 -0.255898
    32 1.496971 -0.000002 -0.000001 0.000000 -0.094778 -0.333994
    33 1.100086 0.000000 0.000000 0.000000 -0.040666 0.285682
    34 3.815876 1.385489 -1.500000 1.551721 1.410055 -0.082449
    35 4.327089 -0.000004 0.000000 1.085777 0.541863 -0.944490
    36 11.105106 0.000000 0.000004 0.000000 0.000000 -0.976825
    37 9.862080 -0.000007 0.000017 -1.412291 1.347130 -0.133484
    38 2.641111 0.211586 1.074188 -0.340804 -0.190592 -0.206085
    39 1.361601 0.000000 0.000000 0.033841 0.056553 -0.539645
    40 0.779604 0.000001 0.000000 0.038850 0.124039 -0.304402
    41 2.908730 0.220541 0.432493 -0.312875 -0.064497 -0.241168
    42 1.597527 0.000000 0.000000 0.020360 0.043876 -0.434642
    43 0.912678 0.000000 0.000000 -0.002612 -0.008298 -0.304949
    44 3.265471 0.051184 -0.415600 -0.320266 -0.091425 -0.184622
    45 1.860470 0.000000 0.000000 0.051595 0.064269 -0.677213
    46 1.061485 0.000000 0.000000 -0.004073 -0.029503 -0.137208
    47 3.340403 -0.238762 -1.285691 -0.315731 -0.062571 -0.163986
    48 1.550755 0.000000 0.000000 -0.061718 -0.075999 -0.683161
    49 0.904886 0.000001 0.000000 -0.001658 -0.026316 -0.062909
    50 1.219410 -1.061498 -0.840143 -1.889571 0.325162 -0.254974
    51 1.496971 0.000002 0.000000 0.000000 0.094778 -0.333994
    52 1.100088 0.000000 0.000000 0.000000 0.040666 0.285682
    53 0.000000 -0.000007 -0.000031 1.373047 0.113574 0.124314
    54 0.000000 0.000000 0.000000 -0.077030 -0.068757 -1.299215
    55 7.054213 0.000000 0.000000 0.000000 0.000000 0.000000
    56 0.000000 -0.000007 -0.000031 1.373047 0.113574 0.124314
    57 0.000000 -0.000007 -0.000031 1.373047 0.113574 0.124314
    58 2.856947 -1.536175 -0.973780 -1.501147 -0.272558 -1.578261
    59 0.000000 0.000000 10.000000 0.000000 0.000000 0.000000
    60 2.856899 -1.536201 -0.973800 -1.501147 -0.272558 -1.578261
    61 2.000000 -3.000000 0.000000 -1.570796 0.000000 -1.326450
    62 0.018896 0.665159 9.395880 0.000000 0.000000 0.000000
    63 3.028210 -0.923409 -2.009452 1.574082 -0.012974 1.587244
    64 0.116954 4.311606 0.061861 0.000010 0.000000 0.000000
    65 0.000000 -0.000002 0.000000 0.000000 0.000000 0.000000
    66 0.000000 1.000000 0.000010 0.000000 0.000000 0.000000
    67 -0.000001 0.000000 0.000000 0.000000 0.000000 0.000000
    68 -0.000001 0.000000 0.000000 0.000000 0.000000 0.000000
    69 -0.000001 0.000000 0.000000 0.000000 0.000000 0.000000
time 56
    0 2.353516 1.170898 4.285156 -0.007666 0.463702 -0.008297
    1 3.455587 0.000000 0.000000 -2.703015 -0.557932 -0.667193
    2 16.572346 0.000000 0.000000 0.000000 0.000000 2.062650
    3 16.265829 0.000000 0.000000 -0.119710 0.281047 -1.800451
    4 5.046457 0.000000 0.000000 0.009880 -0.018805 -0.288050
    5 -3.455587 0.000000 0.000000 -1.203525 -0.012055 -1.578214
    6 16.572346 0.000000 0.000000 0.000000 0.000000 0.167842
    7 16.265831 0.000000 0.000000 -0.004712 0.319376 -1.467525
    8 5.046457 0.000000 0.000000 -0.100230 0.015014 -0.389483
    9 0.000000 3.703728 0.293189 1.593658 -0.419298 1.329762
    10 3.307846 0.000000 0.000000 0.006866 -0.125886 -0.019722
    11 3.297962 0.000000 0.000000 0.034899 -0.025243 -0.187913
    12 6.040985 0.000000 0.000000 0.029071 -0.021351 0.174578
    13 5.065758 0.000000 0.000000 -3.009934 -0.165209 0.812522
    14 3.993755 0.000000 0.000000 0.181916 0.106812 0.071568
    15 3.815876 1.385489 1.500000 -1.112134 -1.041568 -0.492890
    16 4.327093 0.000004 0.000000 -0.898898 -0.709568 -1.514535
    17 11.105114 0.000000 0.000000 0.000000 0.000000 -1.926664
    18 9.862099 -0.000011 -0.000031 2.125487 -0.683627 -1.266281
    19 2.641094 0.214619 -1.073586 0.343628 0.190590 -0.206088
    20 1.361605 -0.000002 0.000000 -0.033841 -0.056553 -0.539645
    21 0.779602 0.000002 0.000000 -0.038850 -0.124039 -0.304402
    22 2.908712 0.221762 -0.431868 0.315698 0.064495 -0.241172
    23 1.597527 0.000001 0.000000 -0.020360 -0.043876 -0.434642
    24 0.912680 0.000001 0.000000 0.002612 0.008298 -0.304949
    25 3.265450 0.050007 0.415744 0.323090 0.091423 -0.184625
    26 1.860470 0.000000 0.000000 -0.051595 -0.064269 -0.677213
    27 1.061481 -0.000001 0.000000 0.004073 0.029503 -0.137208
    28 3.340382 -0.242393 1.285012 0.318555 0.062569 -0.163990
    29 1.550753 0.000001 0.000000 0.061718 0.075999 -0.683161
    30 0.904888 0.000001 0.000000 0.001658 0.026316 -0.062909
    31 1.219385 -1.063860 0.837143 1.892454 -0.324449 -0.255898
    32 1.496971 -0.000002 -0.000001 0.000000 -0.094778 -0.333994
    33 1.100086 0.000000 0.000000 0.000000 -0.040666 0.285682
    34 3.815876 1.385489 -1.500000 1.145937 1.408728 -0.435021
    35 4.327089 -0.000004 0.000000 1.134884 0.432822 -1.032193
    36 11.105106 0.000000 0.000004 0.000000 0.000000 -1.119437
    37 9.862080 -0.000007 0.000017 -1.783628 1.327199 -0.546972
    38 2.641111 0.211586 1.074188 -0.340804 -0.190592 -0.206085
    39 1.361601 0.000000 0.000000 0.033841 0.056553 -0.539645
    40 0.779604 0.000001 0.000000 0.038850 0.124039 -0.304402
    41 2.908730 0.220541 0.432493 -0.312875 -0.064497 -0.241168
    42 1.597527 0.000000 0.000000 0.020360 0.043876 -0.434642
    43 0.912678 0.000000 0.000000 -0.002612 -0.008298 -0.304949
    44 3.265471 0.051184 -0.415600 -0.320266 -0.091425 -0.184622
    45 1.860470 0.000000 0.000000 0.051595 0.064269 -0.677213
    46 1.061485 0.000000 0.000000 -0.004073 -0.029503 -0.137208
    47 3.340403 -0.238762 -1.285691 -0.315731 -0.062571 -0.163986
    48 1.550755 0.000000 0.000000 -0.061718 -0.075999 -0.683161
    49 0.904886 0.000001 0.000000 -0.001658 -0.026316 -0.062909
    50 1.219410 -1.061498 -0.840143 -1.889571 0.325162 -0.254974
    51 1.496971 0.000002 0.000000 0.000000 0.094778 -0.333994
    52 1.100088 0.000000 0.000000 0.000000 0.040666 0.285682
    53 0.000000 -0.000007 -0.000031 1.373047 0.113574 0.124314
    54 0.000000 0.000000 0.000000 -0.077030 -0.068757 -1.299215
    55 7.054213 0.000000 0.000000 0.000000 0.000000 0.000000
    56 0.000000 -0.000007 -0.000031 1.373047 0.113574 0.124314
    57 0.000000 -0.000007 -0.000031 1.373047 0.113574 0.124314
    58 2.856947 -1.536175 -0.973780 -1.501147 -0.272558 -1.578261
    59 0.000000 0.000000 10.000000 0.000000 0.000000 0.000000
    60 2.856899 -1.536201 -0.973800 -1.501147 -0.272558 -1.578261
    61 2.000000 -3.000000 0.000000 -1.570796 0.000000 -1.326450
    62 0.018896 0.665159 9.395880 0.000000 0.000000 0.000000
    63 3.028210 -0.923409 -2.009452 1.574082 -0.012974 1.587244
    64 0.116954 4.311606 0.061861 0.000010 0.000000 0.000000
    65 0.000000 -0.000002 0.000000 0.000000 0.000000 0.000000
    66 0.000000 1.000000 0.000010 0.000000 0.000000 0.000000
    67 -0.000001 0.000000 0.000000 0.000000 0.000000 0.000000
    68 -0.000001 0.000000 0.000000 0.000000 0.000000 0.000000
    69 -0.000001 0.000000 0.000000 0.000000 0.000000 0.000000
time 57
    0 2.396484 1.088867 4.500000 -0.009148 0.475363 -0.011057
    1 3.455587 0.000000 0.000000 -2.655731 -0.600984 -0.656557
    2 16.572346 0.000000 0.000000 0.000000 0.000000 2.007247
    3 16.265829 0.000000 0.000000 -0.182411 0.283990 -1.810841
    4 5.046457 0.000000 0.000000 0.009831 -0.018772 -0.274971
    5 -3.455587 0.000000 0.000000 -1.189476 -0.041892 -1.607555
    6 16.572346 0.000000 0.000000 0.000000 0.000000 0.218233
    7 16.265831 0.000000 0.000000 -0.053932 0.203854 -1.467928
    8 5.046457 0.000000 0.000000 -0.100160 0.015025 -0.400412
    9 0.000000 3.703728 0.293189 1.605139 -0.428067 1.325908
    10 3.307846 0.000000 0.000000 0.015687 -0.128373 -0.011216
    11 3.297962 0.000000 0.000000 0.043857 -0.022362 -0.177571
    12 6.040985 0.000000 0.000000 0.038770 -0.017097 0.192257
    13 5.065758 0.000000 0.000000 -2.992612 -0.168404 0.893588
    14 3.993755 0.000000 0.000000 0.195548 0.105462 0.029985
    15 3.815876 1.385489 1.500000 -1.086817 -1.031722 -0.519448
    16 4.327093 0.000004 0.000000 -0.848009 -0.767919 -1.536215
    17 11.105114 0.000000 0.000000 0.000000 0.000000 -1.879702
    18 9.862099 -0.000011 -0.000031 2.190265 -0.697047 -1.261126
    19 2.641094 0.214619 -1.073586 0.343628 0.190590 -0.206088
    20 1.361605 -0.000002 0.000000 -0.033841 -0.056553 -0.539645
    21 0.779602 0.000002 0.000000 -0.038850 -0.124039 -0.304402
    22 2.908712 0.221762 -0.431868 0.315698 0.064495 -0.241172
    23 1.597527 0.000001 0.000000 -0.020360 -0.043876 -0.434642
    24 0.912680 0.000001 0.000000 0.002612 0.008298 -0.304949
    25 3.265450 0.050007 0.415744 0.323090 0.091423 -0.184625
    26 1.860470 0.000000 0.000000 -0.051595 -0.064269 -0.677213
    27 1.061481 -0.000001 0.000000 0.004073 0.029503 -0.137208
    28 3.340382 -0.242393 1.285012 0.318555 0.062569 -0.163990
    29 1.550753 0.000001 0.000000 0.061718 0.075999 -0.683161
    30 0.904888 0.000001 0.000000 0.001658 0.026316 -0.062909
    31 1.219385 -1.063860 0.837143 1.892454 -0.324449 -0.255898
    32 1.496971 -0.000002 -0.000001 0.000000 -0.094778 -0.333994
    33 1.100086 0.000000 0.000000 0.000000 -0.040666 0.285682
    34 3.815876 1.385489 -1.500000 0.759479 1.398520 -0.793538
    35 4.327089 -0.000004 0.000000 1.171065 0.346711 -1.161184
    36 11.105106 0.000000 0.000004 0.000000 0.000000 -1.142237
    37 9.862080 -0.000007 0.000017 -2.059910 1.283491 -0.835345
    38 2.641111 0.211586 1.074188 -0.340804 -0.190592 -0.206085
    39 1.361601 0.000000 0.000000 0.033841 0.056553 -0.539645
    40 0.779604 0.000001 0.000000 0.038850 0.124039 -0.304402
    41 2.908730 0.220541 0.432493 -0.312875 -0.064497 -0.241168
    42 1.597527 0.000000 0.000000 0.020360 0.043876 -0.434642
    43 0.912678 0.000000 0.000000 -0.002612 -0.008298 -0.304949
    44 3.265471 0.051184 -0.415600 -0.320266 -0.091425 -0.184622
    45 1.860470 0.000000 0.000000 0.051595 0.064269 -0.677213
    46 1.061485 0.000000 0.000000 -0.004073 -0.029503 -0.137208
    47 3.340403 -0.238762 -1.285691 -0.315731 -0.062571 -0.163986
    48 1.550755 0.000000 0.000000 -0.061718 -0.075999 -0.683161
    49 0.904886 0.000001 0.000000 -0.001658 -0.026316 -0.062909
    50 1.219410 -1.061498 -0.840143 -1.889571 0.325162 -0.254974
    51 1.496971 0.000002 0.000000 0.000000 0.094778 -0.333994
    52 1.100088 0.000000 0.000000 0.000000 0.040666 0.285682
    53 0.000000 -0.000007 -0.000031 1.373047 0.113574 0.124314
    54 0.000000 0.000000 0.000000 -0.077030 -0.068757 -1.299215
    55 7.054213 0.000000 0.000000 0.000000 0.000000 0.000000
    56 0.000000 -0.000007 -0.000031 1.373047 0.113574 0.124314
    57 0.000000 -0.000007 -0.000031 1.373047 0.113574 0.124314
    58 2.856947 -1.536175 -0.973780 -1.501147 -0.272558 -1.578261
    59 0.000000 0.000000 10.000000 0.000000 0.000000 0.000000
    60 2.856899 -1.536201 -0.973800 -1.501147 -0.272558 -1.578261
    61 2.000000 -3.000000 0.000000 -1.570796 0.000000 -1.326450
    62 0.018896 0.665159 9.395880 0.000000 0.000000 0.000000
    63 3.028210 -0.923409 -2.009452 1.574082 -0.012974 1.587244
    64 0.116954 4.311606 0.061861 0.000010 0.000000 0.000000
    65 0.000000 -0.000002 0.000000 0.000000 0.000000 0.000000
    66 0.000000 1.000000 0.000010 0.000000 0.000000 0.000000
    67 -0.000001 0.000000 0.000000 0.000000 0.000000 0.000000
    68 -0.000001 0.000000 0.000000 0.000000 0.000000 0.000000
    69 -0.000001 0.000000 0.000000 0.000000 0.000000 0.000000
time 58
    0 2.468750 0.996094 4.671875 -0.006378 0.490332 -0.014679
    1 3.455587 0.000000 0.000000 -2.629665 -0.614801 -0.649393
    2 16.572346 0.000000 0.000000 0.000000 0.000000 1.926769
    3 16.265829 0.000000 0.000000 -0.199514 0.246869 -1.814650
    4 5.046457 0.000000 0.000000 0.009901 -0.018779 -0.247109
    5 -3.455587 0.000000 0.000000 -1.200275 -0.059358 -1.634818
    6 16.572346 0.000000 0.000000 0.000000 0.000000 0.270419
    7 16.265831 0.000000 0.000000 -0.049299 0.015051 -1.449285
    8 5.046457 0.000000 0.000000 -0.100183 0.014980 -0.412146
    9 0.000000 3.703728 0.293189 1.606865 -0.425913 1.324911
    10 3.307846 0.000000 0.000000 0.016454 -0.129160 -0.009629
    11 3.297962 0.000000 0.000000 0.043617 -0.019984 -0.167980
    12 6.040985 0.000000 0.000000 0.039455 -0.011113 0.210418
    13 5.065758 0.000000 0.000000 -2.994052 -0.138470 0.950339
    14 3.993755 0.000000 0.000000 0.184017 0.068703 -0.004068
    15 3.815876 1.385489 1.500000 -1.058404 -1.021791 -0.542886
    16 4.327093 0.000004 0.000000 -0.885654 -0.742425 -1.497332
    17 11.105114 0.000000 0.000000 0.000000 0.000000 -1.856187
    18 9.862099 -0.000011 -0.000031 2.208254 -0.746847 -1.184788
    19 2.641094 0.214619 -1.073586 0.343628 0.190590 -0.206088
    20 1.361605 -0.000002 0.000000 -0.033841 -0.056553 -0.539645
    21 0.779602 0.000002 0.000000 -0.038850 -0.124039 -0.304402
    22 2.908712 0.221762 -0.431868 0.315698 0.064495 -0.241172
    23 1.597527 0.000001 0.000000 -0.020360 -0.043876 -0.434642
    24 0.912680 0.000001 0.000000 0.002612 0.008298 -0.304949
    25 3.265450 0.050007 0.415744 0.323090 0.091423 -0.184625
    26 1.860470 0.000000 0.000000 -0.051595 -0.064269 -0.677213
    27 1.061481 -0.000001 0.000000 0.004073 0.029503 -0.137208
    28 3.340382 -0.242393 1.285012 0.318555 0.062569 -0.163990
    29 1.550753 0.000001 0.000000 0.061718 0.075999 -0.683161
    30 0.904888 0.000001 0.000000 0.001658 0.026316 -0.062909
    31 1.219385 -1.063860 0.837143 1.892454 -0.324449 -0.255898
    32 1.496971 -0.000002 -0.000001 0.000000 -0.094778 -0.333994
    33 1.100086 0.000000 0.000000 0.000000 -0.040666 0.285682
    34 3.815876 1.385489 -1.500000 0.470413 1.384437 -1.071160
    35 4.327089 -0.000004 0.000000 1.157366 0.321156 -1.230221
    36 11.105106 0.000000 0.000004 0.000000 0.000000 -1.049192
    37 9.862080 -0.000007 0.000017 -2.005286 1.260818 -0.748393
    38 2.641111 0.211586 1.074188 -0.340804 -0.190592 -0.206085
    39 1.361601 0.000000 0.000000 0.033841 0.056553 -0.539645
    40 0.779604 0.000001 0.000000 0.038850 0.124039 -0.304402
    41 2.908730 0.220541 0.432493 -0.312875 -0.064497 -0.241168
    42 1.597527 0.000000 0.000000 0.020360 0.043876 -0.434642
    43 0.912678 0.000000 0.000000 -0.002612 -0.008298 -0.304949
    44 3.265471 0.051184 -0.415600 -0.320266 -0.091425 -0.184622
    45 1.860470 0.000000 0.000000 0.051595 0.064269 -0.677213
    46 1.061485 0.000000 0.000000 -0.004073 -0.029503 -0.137208
    47 3.340403 -0.238762 -1.285691 -0.315731 -0.062571 -0.163986
    48 1.550755 0.000000 0.000000 -0.061718 -0.075999 -0.683161
    49 0.904886 0.000001 0.000000 -0.001658 -0.026316 -0.062909
    50 1.219410 -1.061498 -0.840143 -1.889571 0.325162 -0.254974
    51 1.496971 0.000002 0.000000 0.000000 0.094778 -0.333994
    52 1.100088 0.000000 0.000000 0.000000 0.040666 0.285682
    53 0.000000 -0.000007 -0.000031 1.373047 0.113574 0.124314
    54 0.000000 0.000000 0.000000 -0.077030 -0.068757 -1.299215
    55 7.054213 0.000000 0.000000 0.000000 0.000000 0.000000
    56 0.000000 -0.000007 -0.000031 1.373047 0.113574 0.124314
    57 0.000000 -0.000007 -0.000031 1.373047 0.113574 0.124314
    58 2.856947 -1.536175 -0.973780 -1.501147 -0.272558 -1.578261
    59 0.000000 0.000000 10.000000 0.000000 0.000000 0.000000
    60 2.856899 -1.536201 -0.973800 -1.501147 -0.272558 -1.578261
    61 2.000000 -3.000000 0.000000 -1.570796 0.000000 -1.326450
    62 0.018896 0.665159 9.395880 0.000000 0.000000 0.000000
    63 3.028210 -0.923409 -2.009452 1.574082 -0.012974 1.587244
    64 0.116954 4.311606 0.061861 0.000010 0.000000 0.000000
    65 0.000000 -0.000002 0.000000 0.000000 0.000000 0.000000
    66 0.000000 1.000000 0.000010 0.000000 0.000000 0.000000
    67 -0.000001 0.000000 0.000000 0.000000 0.000000 0.000000
    68 -0.000001 0.000000 0.000000 0.000000 0.000000 0.000000
    69 -0.000001 0.000000 0.000000 0.000000 0.000000 0.000000
time 59
    0 2.556641 0.843750 4.789063 -0.002985 0.508384 -0.025326
    1 3.455587 0.000000 0.000000 -2.636191 -0.601664 -0.634421
    2 16.572346 0.000000 0.000000 0.000000 0.000000 1.827671
    3 16.265829 0.000000 0.000000 -0.169038 0.177239 -1.805393
    4 5.046457 0.000000 0.000000 0.009828 -0.018782 -0.248500
    5 -3.455587 0.000000 0.000000 -1.224364 -0.068779 -1.651405
    6 16.572346 0.000000 0.000000 0.000000 0.000000 0.319818
    7 16.265831 0.000000 0.000000 -0.035643 -0.136866 -1.450665
    8 5.046457 0.000000 0.000000 -0.100194 0.015000 -0.402616
    9 0.000000 3.703728 0.293189 1.593145 -0.416760 1.340935
    10 3.307846 0.000000 0.000000 0.005113 -0.122021 -0.014323
    11 3.297962 0.000000 0.000000 0.030252 -0.022662 -0.162150
    12 6.040985 0.000000 0.000000 0.025579 -0.012783 0.224173
    13 5.065758 0.000000 0.000000 -3.024772 -0.109959 0.973124
    14 3.993755 0.000000 0.000000 0.154950 0.036007 -0.025437
    15 3.815876 1.385489 1.500000 -0.992079 -1.016218 -0.597292
    16 4.327093 0.000004 0.000000 -0.980400 -0.638523 -1.399826
    17 11.105114 0.000000 0.000000 0.000000 0.000000 -1.871564
    18 9.862099 -0.000011 -0.000031 2.185476 -0.847279 -1.205461
    19 2.641094 0.214619 -1.073586 0.343628 0.190590 -0.206088
    20 1.361605 -0.000002 0.000000 -0.033841 -0.056553 -0.539645
    21 0.779602 0.000002 0.000000 -0.038850 -0.124039 -0.304402
    22 2.908712 0.221762 -0.431868 0.315698 0.064495 -0.241172
    23 1.597527 0.000001 0.000000 -0.020360 -0.043876 -0.434642
    24 0.912680 0.000001 0.000000 0.002612 0.008298 -0.304949
    25 3.265450 0.050007 0.415744 0.323090 0.091423 -0.184625
    26 1.860470 0.000000 0.000000 -0.051595 -0.064269 -0.677213
    27 1.061481 -0.000001 0.000000 0.004073 0.029503 -0.137208
    28 3.340382 -0.242393 1.285012 0.318555 0.062569 -0.163990
    29 1.550753 0.000001 0.000000 0.061718 0.075999 -0.683161
    30 0.904888 0.000001 0.000000 0.001658 0.026316 -0.062909
    31 1.219385 -1.063860 0.837143 1.892454 -0.324449 -0.255898
    32 1.496971 -0.000002 -0.000001 0.000000 -0.094778 -0.333994
    33 1.100086 0.000000 0.000000 0.000000 -0.040666 0.285682
    34 3.815876 1.385489 -1.500000 0.385324 1.376905 -1.144414
    35 4.327089 -0.000004 0.000000 1.163549 0.281814 -1.241295
    36 11.105106 0.000000 0.000004 0.000000 0.000000 -1.039730
    37 9.862080 -0.000007 0.000017 -1.679223 0.932948 -0.157516
    38 2.641111 0.211586 1.074188 -0.340804 -0.190592 -0.206085
    39 1.361601 0.000000 0.000000 0.033841 0.056553 -0.539645
    40 0.779604 0.000001 0.000000 0.038850 0.124039 -0.304402
    41 2.908730 0.220541 0.432493 -0.312875 -0.064497 -0.241168
    42 1.597527 0.000000 0.000000 0.020360 0.043876 -0.434642
    43 0.912678 0.000000 0.000000 -0.002612 -0.008298 -0.304949
    44 3.265471 0.051184 -0.415600 -0.320266 -0.091425 -0.184622
    45 1.860470 0.000000 0.000000 0.051595 0.064269 -0.677213
    46 1.061485 0.000000 0.000000 -0.004073 -0.029503 -0.137208
    47 3.340403 -0.238762 -1.285691 -0.315731 -0.062571 -0.163986
    48 1.550755 0.000000 0.000000 -0.061718 -0.075999 -0.683161
    49 0.904886 0.000001 0.000000 -0.001658 -0.026316 -0.062909
    50 1.219410 -1.061498 -0.840143 -1.889571 0.325162 -0.254974
    51 1.496971 0.000002 0.000000 0.000000 0.094778 -0.333994
    52 1.100088 0.000000 0.000000 0.000000 0.040666 0.285682
    53 0.000000 -0.000007 -0.000031 1.373047 0.113574 0.124314
    54 0.000000 0.000000 0.000000 -0.077030 -0.068757 -1.299215
    55 7.054213 0.000000 0.000000 0.000000 0.000000 0.000000
    56 0.000000 -0.000007 -0.000031 1.373047 0.113574 0.124314
    57 0.000000 -0.000007 -0.000031 1.373047 0.113574 0.124314
    58 2.856947 -1.536175 -0.973780 -1.501147 -0.272558 -1.578261
    59 0.000000 0.000000 10.000000 0.000000 0.000000 0.000000
    60 2.856899 -1.536201 -0.973800 -1.501147 -0.272558 -1.578261
    61 2.000000 -3.000000 0.000000 -1.570796 0.000000 -1.326450
    62 0.018896 0.665159 9.395880 0.000000 0.000000 0.000000
    63 3.028210 -0.923409 -2.009452 1.574082 -0.012974 1.587244
    64 0.116954 4.311606 0.061861 0.000010 0.000000 0.000000
    65 0.000000 -0.000002 0.000000 0.000000 0.000000 0.000000
    66 0.000000 1.000000 0.000010 0.000000 0.000000 0.000000
    67 -0.000001 0.000000 0.000000 0.000000 0.000000 0.000000
    68 -0.000001 0.000000 0.000000 0.000000 0.000000 0.000000
    69 -0.000001 0.000000 0.000000 0.000000 0.000000 0.000000
time 60
    0 2.712891 0.715820 4.839844 0.003868 0.513176 -0.041067
    1 3.455587 0.000000 0.000000 -2.671053 -0.558081 -0.624322
    2 16.572346 0.000000 0.000000 0.000000 0.000000 1.704418
    3 16.265829 0.000000 0.000000 -0.134004 0.112244 -1.804952
    4 5.046457 0.000000 0.000000 0.009840 -0.018754 -0.232673
    5 -3.455587 0.000000 0.000000 -1.242478 -0.071295 -1.651180
    6 16.572346 0.000000 0.000000 0.000000 0.000000 0.346342
    7 16.265831 0.000000 0.000000 0.032937 -0.130671 -1.476133
    8 5.046457 0.000000 0.000000 -0.100201 0.014992 -0.422749
    9 0.000000 3.703728 0.293189 1.568915 -0.401321 1.367788
    10 3.307846 0.000000 0.000000 -0.014549 -0.110830 -0.024527
    11 3.297962 0.000000 0.000000 0.008838 -0.030279 -0.165657
    12 6.040985 0.000000 0.000000 0.002049 -0.022203 0.221351
    13 5.065758 0.000000 0.000000 -3.073172 -0.071831 0.974303
    14 3.993755 0.000000 0.000000 0.102760 0.010621 -0.019941
    15 3.815876 1.385489 1.500000 -0.901435 -1.023212 -0.662465
    16 4.327093 0.000004 0.000000 -1.097027 -0.501442 -1.298439
    17 11.105114 0.000000 0.000000 0.000000 0.000000 -1.896967
    18 9.862099 -0.000011 -0.000031 2.170329 -0.937304 -1.339357
    19 2.641094 0.214619 -1.073586 0.343628 0.190590 -0.206088
    20 1.361605 -0.000002 0.000000 -0.033841 -0.056553 -0.539645
    21 0.779602 0.000002 0.000000 -0.038850 -0.124039 -0.304402
    22 2.908712 0.221762 -0.431868 0.315698 0.064495 -0.241172
    23 1.597527 0.000001 0.000000 -0.020360 -0.043876 -0.434642
    24 0.912680 0.000001 0.000000 0.002612 0.008298 -0.304949
    25 3.265450 0.050007 0.415744 0.323090 0.091423 -0.184625
    26 1.860470 0.000000 0.000000 -0.051595 -0.064269 -0.677213
    27 1.061481 -0.000001 0.000000 0.004073 0.029503 -0.137208
    28 3.340382 -0.242393 1.285012 0.318555 0.062569 -0.163990
    29 1.550753 0.000001 0.000000 0.061718 0.075999 -0.683161
    30 0.904888 0.000001 0.000000 0.001658 0.026316 -0.062909
    31 1.219385 -1.063860 0.837143 1.892454 -0.324449 -0.255898
    32 1.496971 -0.000002 -0.000001 0.000000 -0.094778 -0.333994
    33 1.100086 0.000000 0.000000 0.000000 -0.040666 0.285682
    34 3.815876 1.385489 -1.500000 0.244651 1.342465 -1.287998
    35 4.327089 -0.000004 0.000000 1.201538 0.248515 -1.237826
    36 11.105106 0.000000 0.000004 0.000000 0.000000 -1.163447
    37 9.862080 -0.000007 0.000017 -1.584809 0.355166 0.466221
    38 2.641111 0.211586 1.074188 -0.340804 -0.190592 -0.206085
    39 1.361601 0.000000 0.000000 0.033841 0.056553 -0.539645
    40 0.779604 0.000001 0.000000 0.038850 0.124039 -0.304402
    41 2.908730 0.220541 0.432493 -0.312875 -0.064497 -0.241168
    42 1.597527 0.000000 0.000000 0.020360 0.043876 -0.434642
    43 0.912678 0.000000 0.000000 -0.002612 -0.008298 -0.304949
    44 3.265471 0.051184 -0.415600 -0.320266 -0.091425 -0.184622
    45 1.860470 0.000000 0.000000 0.051595 0.064269 -0.677213
    46 1.061485 0.000000 0.000000 -0.004073 -0.029503 -0.137208
    47 3.340403 -0.238762 -1.285691 -0.315731 -0.062571 -0.163986
    48 1.550755 0.000000 0.000000 -0.061718 -0.075999 -0.683161
    49 0.904886 0.000001 0.000000 -0.001658 -0.026316 -0.062909
    50 1.219410 -1.061498 -0.840143 -1.889571 0.325162 -0.254974
    51 1.496971 0.000002 0.000000 0.000000 0.094778 -0.333994
    52 1.100088 0.000000 0.000000 0.000000 0.040666 0.285682
    53 0.000000 -0.000007 -0.000031 1.373047 0.113574 0.124314
    54 0.000000 0.000000 0.000000 -0.077030 -0.068757 -1.299215
    55 7.054213 0.000000 0.000000 0.000000 0.000000 0.000000
    56 0.000000 -0.000007 -0.000031 1.373047 0.113574 0.124314
    57 0.000000 -0.000007 -0.000031 1.373047 0.113574 0.124314
    58 2.856947 -1.536175 -0.973780 -1.501147 -0.272558 -1.578261
    59 0.000000 0.000000 10.000000 0.000000 0.000000 0.000000
    60 2.856899 -1.536201 -0.973800 -1.501147 -0.272558 -1.578261
    61 2.000000 -3.000000 0.000000 -1.570796 0.000000 -1.326450
    62 0.018896 0.665159 9.395880 0.000000 0.000000 0.000000
    63 3.028210 -0.923409 -2.009452 1.574082 -0.012974 1.587244
    64 0.116954 4.311606 0.061861 0.000010 0.000000 0.000000
    65 0.000000 -0.000002 0.000000 0.000000 0.000000 0.000000
    66 0.000000 1.000000 0.000010 0.000000 0.000000 0.000000
    67 -0.000001 0.000000 0.000000 0.000000 0.000000 0.000000
    68 -0.000001 0.000000 0.000000 0.000000 0.000000 0.000000
    69 -0.000001 0.000000 0.000000 0.000000 0.000000 0.000000
time 61
    0 2.835938 0.610840 4.832031 0.005848 0.511915 -0.056993
    1 3.455587 0.000000 0.000000 -2.720833 -0.499837 -0.629740
    2 16.572346 0.000000 0.000000 0.000000 0.000000 1.559323
    3 16.265829 0.000000 0.000000 -0.075664 0.079137 -1.790262
    4 5.046457 0.000000 0.000000 0.009903 -0.018792 -0.221031
    5 -3.455587 0.000000 0.000000 -1.225610 -0.070869 -1.650335
    6 16.572346 0.000000 0.000000 0.000000 0.000000 0.358968
    7 16.265831 0.000000 0.000000 0.070202 -0.006947 -1.503507
    8 5.046457 0.000000 0.000000 -0.100162 0.015049 -0.419923
    9 0.000000 3.703728 0.293189 1.537713 -0.388965 1.388458
    10 3.307846 0.000000 0.000000 -0.041128 -0.100538 -0.036578
    11 3.297962 0.000000 0.000000 -0.019169 -0.035859 -0.177760
    12 6.040985 0.000000 0.000000 -0.027004 -0.026869 0.200838
    13 5.065758 0.000000 0.000000 3.124918 -0.029375 0.960929
    14 3.993755 0.000000 0.000000 0.026707 -0.019557 -0.003110
    15 3.815876 1.385489 1.500000 -0.858813 -0.988508 -0.678025
    16 4.327093 0.000004 0.000000 -1.215530 -0.403576 -1.313256
    17 11.105114 0.000000 0.000000 0.000000 0.000000 -1.918452
    18 9.862099 -0.000011 -0.000031 2.220896 -0.995965 -1.444659
    19 2.641094 0.214619 -1.073586 0.343628 0.190590 -0.206088
    20 1.361605 -0.000002 0.000000 -0.033841 -0.056553 -0.539645
    21 0.779602 0.000002 0.000000 -0.038850 -0.124039 -0.304402
    22 2.908712 0.221762 -0.431868 0.315698 0.064495 -0.241172
    23 1.597527 0.000001 0.000000 -0.020360 -0.043876 -0.434642
    24 0.912680 0.000001 0.000000 0.002612 0.008298 -0.304949
    25 3.265450 0.050007 0.415744 0.323090 0.091423 -0.184625
    26 1.860470 0.000000 0.000000 -0.051595 -0.064269 -0.677213
    27 1.061481 -0.000001 0.000000 0.004073 0.029503 -0.137208
    28 3.340382 -0.242393 1.285012 0.318555 0.062569 -0.163990
    29 1.550753 0.000001 0.000000 0.061718 0.075999 -0.683161
    30 0.904888 0.000001 0.000000 0.001658 0.026316 -0.062909
    31 1.219385 -1.063860 0.837143 1.892454 -0.324449 -0.255898
    32 1.496971 -0.000002 -0.000001 0.000000 -0.094778 -0.333994
    33 1.100086 0.000000 0.000000 0.000000 -0.040666 0.285682
    34 3.815876 1.385489 -1.500000 0.218655 1.305820 -1.316321
    35 4.327089 -0.000004 0.000000 1.259936 0.233161 -1.260822
    36 11.105106 0.000000 0.000004 0.000000 0.000000 -1.275180
    37 9.862080 -0.000007 0.000017 -1.542138 0.040490 0.691201
    38 2.641111 0.211586 1.074188 -0.340804 -0.190592 -0.206085
    39 1.361601 0.000000 0.000000 0.033841 0.056553 -0.539645
    40 0.779604 0.000001 0.000000 0.038850 0.124039 -0.304402
    41 2.908730 0.220541 0.432493 -0.312875 -0.064497 -0.241168
    42 1.597527 0.000000 0.000000 0.020360 0.043876 -0.434642
    43 0.912678 0.000000 0.000000 -0.002612 -0.008298 -0.304949
    44 3.265471 0.051184 -0.415600 -0.320266 -0.091425 -0.184622
    45 1.860470 0.000000 0.000000 0.051595 0.064269 -0.677213
    46 1.061485 0.000000 0.000000 -0.004073 -0.029503 -0.137208
    47 3.340403 -0.238762 -1.285691 -0.315731 -0.062571 -0.163986
    48 1.550755 0.000000 0.000000 -0.061718 -0.075999 -0.683161
    49 0.904886 0.000001 0.000000 -0.001658 -0.026316 -0.062909
    50 1.219410 -1.061498 -0.840143 -1.889571 0.325162 -0.254974
    51 1.496971 0.000002 0.000000 0.000000 0.094778 -0.333994
    52 1.100088 0.000000 0.000000 0.000000 0.040666 0.285682
    53 0.000000 -0.000007 -0.000031 1.373047 0.113574 0.124314
    54 0.000000 0.000000 0.000000 -0.077030 -0.068757 -1.299215
    55 7.054213 0.000000 0.000000 0.000000 0.000000 0.000000
    56 0.000000 -0.000007 -0.000031 1.373047 0.113574 0.124314
    57 0.000000 -0.000007 -0.000031 1.373047 0.113574 0.124314
    58 2.856947 -1.536175 -0.973780 -1.501147 -0.272558 -1.578261
    59 0.000000 0.000000 10.000000 0.000000 0.000000 0.000000
    60 2.856899 -1.536201 -0.973800 -1.501147 -0.272558 -1.578261
    61 2.000000 -3.000000 0.000000 -1.570796 0.000000 -1.326450
    62 0.018896 0.665159 9.395880 0.000000 0.000000 0.000000
    63 3.028210 -0.923409 -2.009452 1.574082 -0.012974 1.587244
    64 0.116954 4.311606 0.061861 0.000010 0.000000 0.000000
    65 0.000000 -0.000002 0.000000 0.000000 0.000000 0.000000
    66 0.000000 1.000000 0.000010 0.000000 0.000000 0.000000
    67 -0.000001 0.000000 0.000000 0.000000 0.000000 0.000000
    68 -0.000001 0.000000 0.000000 0.000000 0.000000 0.000000
    69 -0.000001 0.000000 0.000000 0.000000 0.000000 0.000000
time 62
    0 2.880859 0.510254 4.796875 -0.016168 0.504750 -0.076607
    1 3.455587 0.000000 0.000000 -2.736458 -0.436376 -0.654170
    2 16.572346 0.000000 0.000000 0.000000 0.000000 1.398281
    3 16.265829 0.000000 0.000000 -0.098380 0.074678 -1.767761
    4 5.046457 0.000000 0.000000 0.009817 -0.018782 -0.203753
    5 -3.455587 0.000000 0.000000 -1.196309 -0.054167 -1.643980
    6 16.572346 0.000000 0.000000 0.000000 0.000000 0.375651
    7 16.265831 0.000000 0.000000 0.063940 0.114368 -1.535074
    8 5.046457 0.000000 0.000000 -0.100201 0.015006 -0.407911
    9 0.000000 3.703728 0.293189 1.501757 -0.384789 1.402403
    10 3.307846 0.000000 0.000000 -0.073132 -0.090710 -0.045974
    11 3.297962 0.000000 0.000000 -0.052978 -0.038602 -0.189283
    12 6.040985 0.000000 0.000000 -0.060626 -0.026796 0.176723
    13 5.065758 0.000000 0.000000 3.058518 0.018843 0.952035
    14 3.993755 0.000000 0.000000 -0.041691 -0.053636 0.012002
    15 3.815876 1.385489 1.500000 -0.867461 -0.916269 -0.646929
    16 4.327093 0.000004 0.000000 -1.327096 -0.325035 -1.388685
    17 11.105114 0.000000 0.000000 0.000000 0.000000 -1.964788
    18 9.862099 -0.000011 -0.000031 2.280959 -1.020397 -1.429228
    19 2.641094 0.214619 -1.073586 0.343628 0.190590 -0.206088
    20 1.361605 -0.000002 0.000000 -0.033841 -0.056553 -0.539645
    21 0.779602 0.000002 0.000000 -0.038850 -0.124039 -0.304402
    22 2.908712 0.221762 -0.431868 0.315698 0.064495 -0.241172
    23 1.597527 0.000001 0.000000 -0.020360 -0.043876 -0.434642
    24 0.912680 0.000001 0.000000 0.002612 0.008298 -0.304949
    25 3.265450 0.050007 0.415744 0.323090 0.091423 -0.184625
    26 1.860470 0.000000 0.000000 -0.051595 -0.064269 -0.677213
    27 1.061481 -0.000001 0.000000 0.004073 0.029503 -0.137208
    28 3.340382 -0.242393 1.285012 0.318555 0.062569 -0.163990
    29 1.550753 0.000001 0.000000 0.061718 0.075999 -0.683161
    30 0.904888 0.000001 0.000000 0.001658 0.026316 -0.062909
    31 1.219385 -1.063860 0.837143 1.892454 -0.324449 -0.255898
    32 1.496971 -0.000002 -0.000001 0.000000 -0.094778 -0.333994
    33 1.100086 0.000000 0.000000 0.000000 -0.040666 0.285682
    34 3.815876 1.385489 -1.500000 0.336633 1.278050 -1.194737
    35 4.327089 -0.000004 0.000000 1.226480 0.229733 -1.267347
    36 11.105106 0.000000 0.000004 0.000000 0.000000 -1.432592
    37 9.862080 -0.000007 0.000017 -1.501122 0.037225 0.581630
    38 2.641111 0.211586 1.074188 -0.340804 -0.190592 -0.206085
    39 1.361601 0.000000 0.000000 0.033841 0.056553 -0.539645
    40 0.779604 0.000001 0.000000 0.038850 0.124039 -0.304402
    41 2.908730 0.220541 0.432493 -0.312875 -0.064497 -0.241168
    42 1.597527 0.000000 0.000000 0.020360 0.043876 -0.434642
    43 0.912678 0.000000 0.000000 -0.002612 -0.008298 -0.304949
    44 3.265471 0.051184 -0.415600 -0.320266 -0.091425 -0.184622
    45 1.860470 0.000000 0.000000 0.051595 0.064269 -0.677213
    46 1.061485 0.000000 0.000000 -0.004073 -0.029503 -0.137208
    47 3.340403 -0.238762 -1.285691 -0.315731 -0.062571 -0.163986
    48 1.550755 0.000000 0.000000 -0.061718 -0.075999 -0.683161
    49 0.904886 0.000001 0.000000 -0.001658 -0.026316 -0.062909
    50 1.219410 -1.061498 -0.840143 -1.889571 0.325162 -0.254974
    51 1.496971 0.000002 0.000000 0.000000 0.094778 -0.333994
    52 1.100088 0.000000 0.000000 0.000000 0.040666 0.285682
    53 0.000000 -0.000007 -0.000031 1.373047 0.113574 0.124314
    54 0.000000 0.000000 0.000000 -0.077030 -0.068757 -1.299215
    55 7.054213 0.000000 0.000000 0.000000 0.000000 0.000000
    56 0.000000 -0.000007 -0.000031 1.373047 0.113574 0.124314
    57 0.000000 -0.000007 -0.000031 1.373047 0.113574 0.124314
    58 2.856947 -1.536175 -0.973780 -1.501147 -0.272558 -1.578261
    59 0.000000 0.000000 10.000000 0.000000 0.000000 0.000000
    60 2.856899 -1.536201 -0.973800 -1.501147 -0.272558 -1.578261
    61 2.000000 -3.000000 0.000000 -1.570796 0.000000 -1.326450
    62 0.018896 0.665159 9.395880 0.000000 0.000000 0.000000
    63 3.028210 -0.923409 -2.009452 1.574082 -0.012974 1.587244
    64 0.116954 4.311606 0.061861 0.000010 0.000000 0.000000
    65 0.000000 -0.000002 0.000000 0.000000 0.000000 0.000000
    66 0.000000 1.000000 0.000010 0.000000 0.000000 0.000000
    67 -0.000001 0.000000 0.000000 0.000000 0.000000 0.000000
    68 -0.000001 0.000000 0.000000 0.000000 0.000000 0.000000
    69 -0.000001 0.000000 0.000000 0.000000 0.000000 0.000000
time 63
    0 2.900391 0.518555 4.765625 -0.049684 0.490285 -0.095799
    1 3.455587 0.000000 0.000000 -2.673475 -0.399989 -0.708545
    2 16.572346 0.000000 0.000000 0.000000 0.000000 1.219558
    3 16.265829 0.000000 0.000000 -0.118317 0.046555 -1.740854
    4 5.046457 0.000000 0.000000 0.009836 -0.018756 -0.232239
    5 -3.455587 0.000000 0.000000 -1.168033 -0.039133 -1.637301
    6 16.572346 0.000000 0.000000 0.000000 0.000000 0.411742
    7 16.265831 0.000000 0.000000 0.007662 0.144343 -1.579948
    8 5.046457 0.000000 0.000000 -0.100228 0.015032 -0.389131
    9 0.000000 3.703728 0.293189 1.472271 -0.374949 1.413232
    10 3.307846 0.000000 0.000000 -0.100100 -0.084356 -0.054089
    11 3.297962 0.000000 0.000000 -0.081149 -0.042324 -0.191029
    12 6.040985 0.000000 0.000000 -0.089131 -0.027558 0.171249
    13 5.065758 0.000000 0.000000 3.000774 0.090945 0.908041
    14 3.993755 0.000000 0.000000 -0.118761 -0.108699 0.039207
    15 3.815876 1.385489 1.500000 -0.903498 -0.886812 -0.608474
    16 4.327093 0.000004 0.000000 -1.376870 -0.289214 -1.432565
    17 11.105114 0.000000 0.000000 0.000000 0.000000 -2.034458
    18 9.862099 -0.000011 -0.000031 2.316378 -1.103363 -1.482479
    19 2.641094 0.214619 -1.073586 0.343628 0.190590 -0.206088
    20 1.361605 -0.000002 0.000000 -0.033841 -0.056553 -0.539645
    21 0.779602 0.000002 0.000000 -0.038850 -0.124039 -0.304402
    22 2.908712 0.221762 -0.431868 0.315698 0.064495 -0.241172
    23 1.597527 0.000001 0.000000 -0.020360 -0.043876 -0.434642
    24 0.912680 0.000001 0.000000 0.002612 0.008298 -0.304949
    25 3.265450 0.050007 0.415744 0.323090 0.091423 -0.184625
    26 1.860470 0.000000 0.000000 -0.051595 -0.064269 -0.677213
    27 1.061481 -0.000001 0.000000 0.004073 0.029503 -0.137208
    28 3.340382 -0.242393 1.285012 0.318555 0.062569 -0.163990
    29 1.550753 0.000001 0.000000 0.061718 0.075999 -0.683161
    30 0.904888 0.000001 0.000000 0.001658 0.026316 -0.062909
    31 1.219385 -1.063860 0.837143 1.892454 -0.324449 -0.255898
    32 1.496971 -0.000002 -0.000001 0.000000 -0.094778 -0.333994
    33 1.100086 0.000000 0.000000 0.000000 -0.040666 0.285682
    34 3.815876 1.385489 -1.500000 0.452145 1.245904 -1.085423
    35 4.327089 -0.000004 0.000000 1.186512 0.210218 -1.297392
    36 11.105106 0.000000 0.000004 0.000000 0.000000 -1.618366
    37 9.862080 -0.000007 0.000017 -1.531138 0.162376 0.321256
    38 2.641111 0.211586 1.074188 -0.340804 -0.190592 -0.206085
    39 1.361601 0.000000 0.000000 0.033841 0.056553 -0.539645
    40 0.779604 0.000001 0.000000 0.038850 0.124039 -0.304402
    41 2.908730 0.220541 0.432493 -0.312875 -0.064497 -0.241168
    42 1.597527 0.000000 0.000000 0.020360 0.043876 -0.434642
    43 0.912678 0.000000 0.000000 -0.002612 -0.008298 -0.304949
    44 3.265471 0.051184 -0.415600 -0.320266 -0.091425 -0.184622
    45 1.860470 0.000000 0.000000 0.051595 0.064269 -0.677213
    46 1.061485 0.000000 0.000000 -0.004073 -0.029503 -0.137208
    47 3.340403 -0.238762 -1.285691 -0.315731 -0.062571 -0.163986
    48 1.550755 0.000000 0.000000 -0.061718 -0.075999 -0.683161
    49 0.904886 0.000001 0.000000 -0.001658 -0.026316 -0.062909
    50 1.219410 -1.061498 -0.840143 -1.889571 0.325162 -0.254974
    51 1.496971 0.000002 0.000000 0.000000 0.094778 -0.333994
    52 1.100088 0.000000 0.000000 0.000000 0.040666 0.285682
    53 0.000000 -0.000007 -0.000031 1.373047 0.113574 0.124314
    54 0.000000 0.000000 0.000000 -0.077030 -0.068757 -1.299215
    55 7.054213 0.000000 0.000000 0.000000 0.000000 0.000000
    56 0.000000 -0.000007 -0.000031 1.373047 0.113574 0.124314
    57 0.000000 -0.000007 -0.000031 1.373047 0.113574 0.124314
    58 2.856947 -1.536175 -0.973780 -1.501147 -0.272558 -1.578261
    59 0.000000 0.000000 10.000000 0.000000 0.000000 0.000000
    60 2.856899 -1.536201 -0.973800 -1.501147 -0.272558 -1.578261
    61 2.000000 -3.000000 0.000000 -1.570796 0.000000 -1.326450
    62 0.018896 0.665159 9.395880 0.000000 0.000000 0.000000
    63 3.028210 -0.923409 -2.009452 1.574082 -0.012974 1.587244
    64 0.116954 4.311606 0.061861 0.000010 0.000000 0.000000
    65 0.000000 -0.000002 0.000000 0.000000 0.000000 0.000000
    66 0.000000 1.000000 0.000010 0.000000 0.000000 0.000000
    67 -0.000001 0.000000 0.000000 0.000000 0.000000 0.000000
    68 -0.000001 0.000000 0.000000 0.000000 0.000000 0.000000
    69 -0.000001 0.000000 0.000000 0.000000 0.000000 0.000000
time 64
    0 2.890625 0.665527 4.765625 -0.093418 0.469565 -0.117567
    1 3.455587 0.000000 0.000000 -2.546925 -0.367577 -0.778103
    2 16.572346 0.000000 0.000000 0.000000 0.000000 1.026327
    3 16.265829 0.000000 0.000000 -0.062474 0.010059 -1.713021
    4 5.046457 0.000000 0.000000 0.009896 -0.018747 -0.255723
    5 -3.455587 0.000000 0.000000 -1.143406 -0.045214 -1.633161
    6 16.572346 0.000000 0.000000 0.000000 0.000000 0.481947
    7 16.265831 0.000000 0.000000 -0.019905 0.096270 -1.586912
    8 5.046457 0.000000 0.000000 -0.100230 0.015015 -0.409412
    9 0.000000 3.703728 0.293189 1.450001 -0.369421 1.421953
    10 3.307846 0.000000 0.000000 -0.120743 -0.080846 -0.057526
    11 3.297962 0.000000 0.000000 -0.102747 -0.044889 -0.188543
    12 6.040985 0.000000 0.000000 -0.110794 -0.025395 0.175510
    13 5.065758 0.000000 0.000000 2.958760 0.166832 0.859763
    14 3.993755 0.000000 0.000000 -0.189719 -0.164327 0.074495
    15 3.815876 1.385489 1.500000 -0.960151 -0.896690 -0.571383
    16 4.327093 0.000004 0.000000 -1.353526 -0.314634 -1.461783
    17 11.105114 0.000000 0.000000 0.000000 0.000000 -2.085412
    18 9.862099 -0.000011 -0.000031 2.323764 -1.129293 -1.469274
    19 2.641094 0.214619 -1.073586 0.343628 0.190590 -0.206088
    20 1.361605 -0.000002 0.000000 -0.033841 -0.056553 -0.539645
    21 0.779602 0.000002 0.000000 -0.038850 -0.124039 -0.304402
    22 2.908712 0.221762 -0.431868 0.315698 0.064495 -0.241172
    23 1.597527 0.000001 0.000000 -0.020360 -0.043876 -0.434642
    24 0.912680 0.000001 0.000000 0.002612 0.008298 -0.304949
    25 3.265450 0.050007 0.415744 0.323090 0.091423 -0.184625
    26 1.860470 0.000000 0.000000 -0.051595 -0.064269 -0.677213
    27 1.061481 -0.000001 0.000000 0.004073 0.029503 -0.137208
    28 3.340382 -0.242393 1.285012 0.318555 0.062569 -0.163990
    29 1.550753 0.000001 0.000000 0.061718 0.075999 -0.683161
    30 0.904888 0.000001 0.000000 0.001658 0.026316 -0.062909
    31 1.219385 -1.063860 0.837143 1.892454 -0.324449 -0.255898
    32 1.496971 -0.000002 -0.000001 0.000000 -0.094778 -0.333994
    33 1.100086 0.000000 0.000000 0.000000 -0.040666 0.285682
    34 3.815876 1.385489 -1.500000 0.537778 1.253815 -1.010535
    35 4.327089 -0.000004 0.000000 1.203904 0.196592 -1.337288
    36 11.105106 0.000000 0.000004 0.000000 0.000000 -1.786459
    37 9.862080 -0.000007 0.000017 -1.667024 0.223689 0.143507
    38 2.641111 0.211586 1.074188 -0.340804 -0.190592 -0.206085
    39 1.361601 0.000000 0.000000 0.033841 0.056553 -0.539645
    40 0.779604 0.000001 0.000000 0.038850 0.124039 -0.304402
    41 2.908730 0.220541 0.432493 -0.312875 -0.064497 -0.241168
    42 1.597527 0.000000 0.000000 0.020360 0.043876 -0.434642
    43 0.912678 0.000000 0.000000 -0.002612 -0.008298 -0.304949
    44 3.265471 0.051184 -0.415600 -0.320266 -0.091425 -0.184622
    45 1.860470 0.000000 0.000000 0.051595 0.064269 -0.677213
    46 1.061485 0.000000 0.000000 -0.004073 -0.029503 -0.137208
    47 3.340403 -0.238762 -1.285691 -0.315731 -0.062571 -0.163986
    48 1.550755 0.000000 0.000000 -0.061718 -0.075999 -0.683161
    49 0.904886 0.000001 0.000000 -0.001658 -0.026316 -0.062909
    50 1.219410 -1.061498 -0.840143 -1.889571 0.325162 -0.254974
    51 1.496971 0.000002 0.000000 0.000000 0.094778 -0.333994
    52 1.100088 0.000000 0.000000 0.000000 0.040666 0.285682
    53 0.000000 -0.000007 -0.000031 1.373047 0.113574 0.124314
    54 0.000000 0.000000 0.000000 -0.077030 -0.068757 -1.299215
    55 7.054213 0.000000 0.000000 0.000000 0.000000 0.000000
    56 0.000000 -0.000007 -0.000031 1.373047 0.113574 0.124314
    57 0.000000 -0.000007 -0.000031 1.373047 0.113574 0.124314
    58 2.856947 -1.536175 -0.973780 -1.501147 -0.272558 -1.578261
    59 0.000000 0.000000 10.000000 0.000000 0.000000 0.000000
    60 2.856899 -1.536201 -0.973800 -1.501147 -0.272558 -1.578261
    61 2.000000 -3.000000 0.000000 -1.570796 0.000000 -1.326450
    62 0.018896 0.665159 9.395880 0.000000 0.000000 0.000000
    63 3.028210 -0.923409 -2.009452 1.574082 -0.012974 1.587244
    64 0.116954 4.311606 0.061861 0.000010 0.000000 0.000000
    65 0.000000 -0.000002 0.000000 0.000000 0.000000 0.000000
    66 0.000000 1.000000 0.000010 0.000000 0.000000 0.000000
    67 -0.000001 0.000000 0.000000 0.000000 0.000000 0.000000
    68 -0.000001 0.000000 0.000000 0.000000 0.000000 0.000000
    69 -0.000001 0.000000 0.000000 0.000000 0.000000 0.000000
time 65
    0 2.843750 0.817871 4.757813 -0.139310 0.441486 -0.142751
    1 3.455587 0.000000 0.000000 -2.382009 -0.322528 -0.849356
    2 16.572346 0.000000 0.000000 0.000000 0.000000 0.826973
    3 16.265829 0.000000 0.000000 -0.049402 -0.020742 -1.663102
    4 5.046457 0.000000 0.000000 0.009877 -0.018803 -0.313547
    5 -3.455587 0.000000 0.000000 -1.162351 -0.093439 -1.626619
    6 16.572346 0.000000 0.000000 0.000000 0.000000 0.613966
    7 16.265831 0.000000 0.000000 -0.014687 0.074609 -1.579685
    8 5.046457 0.000000 0.000000 -0.100213 0.014975 -0.393974
    9 0.000000 3.703728 0.293189 1.435829 -0.371331 1.435406
    10 3.307846 0.000000 0.000000 -0.133648 -0.075390 -0.056694
    11 3.297962 0.000000 0.000000 -0.116149 -0.046226 -0.185108
    12 6.040985 0.000000 0.000000 -0.124228 -0.023934 0.181650
    13 5.065758 0.000000 0.000000 2.945394 0.202530 0.798484
    14 3.993755 0.000000 0.000000 -0.218797 -0.192726 0.111825
    15 3.815876 1.385489 1.500000 -1.053202 -0.912286 -0.524311
    16 4.327093 0.000004 0.000000 -1.289213 -0.389521 -1.489321
    17 11.105114 0.000000 0.000000 0.000000 0.000000 -2.048635
    18 9.862099 -0.000011 -0.000031 2.341929 -1.064900 -1.337421
    19 2.641094 0.214619 -1.073586 0.343628 0.190590 -0.206088
    20 1.361605 -0.000002 0.000000 -0.033841 -0.056553 -0.539645
    21 0.779602 0.000002 0.000000 -0.038850 -0.124039 -0.304402
    22 2.908712 0.221762 -0.431868 0.315698 0.064495 -0.241172
    23 1.597527 0.000001 0.000000 -0.020360 -0.043876 -0.434642
    24 0.912680 0.000001 0.000000 0.002612 0.008298 -0.304949
    25 3.265450 0.050007 0.415744 0.323090 0.091423 -0.184625
    26 1.860470 0.000000 0.000000 -0.051595 -0.064269 -0.677213
    27 1.061481 -0.000001 0.000000 0.004073 0.029503 -0.137208
    28 3.340382 -0.242393 1.285012 0.318555 0.062569 -0.163990
    29 1.550753 0.000001 0.000000 0.061718 0.075999 -0.683161
    30 0.904888 0.000001 0.000000 0.001658 0.026316 -0.062909
    31 1.219385 -1.063860 0.837143 1.892454 -0.324449 -0.255898
    32 1.496971 -0.000002 -0.000001 0.000000 -0.094778 -0.333994
    33 1.100086 0.000000 0.000000 0.000000 -0.040666 0.285682
    34 3.815876 1.385489 -1.500000 0.609844 1.263715 -0.971424
    35 4.327089 -0.000004 0.000000 1.192321 0.236001 -1.356415
    36 11.105106 0.000000 0.000004 0.000000 0.000000 -1.891862
    37 9.862080 -0.000007 0.000017 -1.674806 0.242831 0.023322
    38 2.641111 0.211586 1.074188 -0.340804 -0.190592 -0.206085
    39 1.361601 0.000000 0.000000 0.033841 0.056553 -0.539645
    40 0.779604 0.000001 0.000000 0.038850 0.124039 -0.304402
    41 2.908730 0.220541 0.432493 -0.312875 -0.064497 -0.241168
    42 1.597527 0.000000 0.000000 0.020360 0.043876 -0.434642
    43 0.912678 0.000000 0.000000 -0.002612 -0.008298 -0.304949
    44 3.265471 0.051184 -0.415600 -0.320266 -0.091425 -0.184622
    45 1.860470 0.000000 0.000000 0.051595 0.064269 -0.677213
    46 1.061485 0.000000 0.000000 -0.004073 -0.029503 -0.137208
    47 3.340403 -0.238762 -1.285691 -0.315731 -0.062571 -0.163986
    48 1.550755 0.000000 0.000000 -0.061718 -0.075999 -0.683161
    49 0.904886 0.000001 0.000000 -0.001658 -0.026316 -0.062909
    50 1.219410 -1.061498 -0.840143 -1.889571 0.325162 -0.254974
    51 1.496971 0.000002 0.000000 0.000000 0.094778 -0.333994
    52 1.100088 0.000000 0.000000 0.000000 0.040666 0.285682
    53 0.000000 -0.000007 -0.000031 1.373047 0.113574 0.124314
    54 0.000000 0.000000 0.000000 -0.077030 -0.068757 -1.299215
    55 7.054213 0.000000 0.000000 0.000000 0.000000 0.000000
    56 0.000000 -0.000007 -0.000031 1.373047 0.113574 0.124314
    57 0.000000 -0.000007 -0.000031 1.373047 0.113574 0.124314
    58 2.856947 -1.536175 -0.973780 -1.501147 -0.272558 -1.578261
    59 0.000000 0.000000 10.000000 0.000000 0.000000 0.000000
    60 2.856899 -1.536201 -0.973800 -1.501147 -0.272558 -1.578261
    61 2.000000 -3.000000 0.000000 -1.570796 0.000000 -1.326450
    62 0.018896 0.665159 9.395880 0.000000 0.000000 0.000000
    63 3.028210 -0.923409 -2.009452 1.574082 -0.012974 1.587244
    64 0.116954 4.311606 0.061861 0.000010 0.000000 0.000000
    65 0.000000 -0.000002 0.000000 0.000000 0.000000 0.000000
    66 0.000000 1.000000 0.000010 0.000000 0.000000 0.000000
    67 -0.000001 0.000000 0.000000 0.000000 0.000000 0.000000
    68 -0.000001 0.000000 0.000000 0.000000 0.000000 0.000000
    69 -0.000001 0.000000 0.000000 0.000000 0.000000 0.000000
time 66
    0 2.746094 0.948730 4.750000 -0.184728 0.405068 -0.165687
    1 3.455587 0.000000 0.000000 -2.234291 -0.248670 -0.902584
    2 16.572346 0.000000 0.000000 0.000000 0.000000 0.645015
    3 16.265829 0.000000 0.000000 -0.061793 -0.000599 -1.629698
    4 5.046457 0.000000 0.000000 0.009834 -0.018737 -0.361801
    5 -3.455587 0.000000 0.000000 -1.216847 -0.177503 -1.609236
    6 16.572346 0.000000 0.000000 0.000000 0.000000 0.807875
    7 16.265831 0.000000 0.000000 -0.012826 0.096425 -1.601006
    8 5.046457 0.000000 0.000000 -0.100155 0.014996 -0.354038
    9 0.000000 3.703728 0.293189 1.424975 -0.382582 1.458371
    10 3.307846 0.000000 0.000000 -0.142008 -0.066530 -0.051558
    11 3.297962 0.000000 0.000000 -0.124162 -0.049708 -0.185628
    12 6.040985 0.000000 0.000000 -0.132870 -0.029889 0.178298
    13 5.065758 0.000000 0.000000 2.953763 0.202515 0.770115
    14 3.993755 0.000000 0.000000 -0.211837 -0.197246 0.128297
    15 3.815876 1.385489 1.500000 -1.194420 -0.955479 -0.450299
    16 4.327093 0.000004 0.000000 -1.282627 -0.438998 -1.456719
    17 11.105114 0.000000 0.000000 0.000000 0.000000 -1.897392
    18 9.862099 -0.000011 -0.000031 2.352305 -0.927673 -1.251383
    19 2.641094 0.214619 -1.073586 0.343628 0.190590 -0.206088
    20 1.361605 -0.000002 0.000000 -0.033841 -0.056553 -0.539645
    21 0.779602 0.000002 0.000000 -0.038850 -0.124039 -0.304402
    22 2.908712 0.221762 -0.431868 0.315698 0.064495 -0.241172
    23 1.597527 0.000001 0.000000 -0.020360 -0.043876 -0.434642
    24 0.912680 0.000001 0.000000 0.002612 0.008298 -0.304949
    25 3.265450 0.050007 0.415744 0.323090 0.091423 -0.184625
    26 1.860470 0.000000 0.000000 -0.051595 -0.064269 -0.677213
    27 1.061481 -0.000001 0.000000 0.004073 0.029503 -0.137208
    28 3.340382 -0.242393 1.285012 0.318555 0.062569 -0.163990
    29 1.550753 0.000001 0.000000 0.061718 0.075999 -0.683161
    30 0.904888 0.000001 0.000000 0.001658 0.026316 -0.062909
    31 1.219385 -1.063860 0.837143 1.892454 -0.324449 -0.255898
    32 1.496971 -0.000002 -0.000001 0.000000 -0.094778 -0.333994
    33 1.100086 0.000000 0.000000 0.000000 -0.040666 0.285682
    34 3.815876 1.385489 -1.500000 0.718673 1.265167 -0.896554
    35 4.327089 -0.000004 0.000000 1.111540 0.379429 -1.338590
    36 11.105106 0.000000 0.000004 0.000000 0.000000 -1.918135
    37 9.862080 -0.000007 0.000017 -1.594302 0.328172 0.008855
    38 2.641111 0.211586 1.074188 -0.340804 -0.190592 -0.206085
    39 1.361601 0.000000 0.000000 0.033841 0.056553 -0.539645
    40 0.779604 0.000001 0.000000 0.038850 0.124039 -0.304402
    41 2.908730 0.220541 0.432493 -0.312875 -0.064497 -0.241168
    42 1.597527 0.000000 0.000000 0.020360 0.043876 -0.434642
    43 0.912678 0.000000 0.000000 -0.002612 -0.008298 -0.304949
    44 3.265471 0.051184 -0.415600 -0.320266 -0.091425 -0.184622
    45 1.860470 0.000000 0.000000 0.051595 0.064269 -0.677213
    46 1.061485 0.000000 0.000000 -0.004073 -0.029503 -0.137208
    47 3.340403 -0.238762 -1.285691 -0.315731 -0.062571 -0.163986
    48 1.550755 0.000000 0.000000 -0.061718 -0.075999 -0.683161
    49 0.904886 0.000001 0.000000 -0.001658 -0.026316 -0.062909
    50 1.219410 -1.061498 -0.840143 -1.889571 0.325162 -0.254974
    51 1.496971 0.000002 0.000000 0.000000 0.094778 -0.333994
    52 1.100088 0.000000 0.000000 0.000000 0.040666 0.285682
    53 0.000000 -0.000007 -0.000031 1.373047 0.113574 0.124314
    54 0.000000 0.000000 0.000000 -0.077030 -0.068757 -1.299215
    55 7.054213 0.000000 0.000000 0.000000 0.000000 0.000000
    56 0.000000 -0.000007 -0.000031 1.373047 0.113574 0.124314
    57 0.000000 -0.000007 -0.000031 1.373047 0.113574 0.124314
    58 2.856947 -1.536175 -0.973780 -1.501147 -0.272558 -1.578261
    59 0.000000 0.000000 10.000000 0.000000 0.000000 0.000000
    60 2.856899 -1.536201 -0.973800 -1.501147 -0.272558 -1.578261
    61 2.000000 -3.000000 0.000000 -1.570796 0.000000 -1.326450
    62 0.018896 0.665159 9.395880 0.000000 0.000000 0.000000
    63 3.028210 -0.923409 -2.009452 1.574082 -0.012974 1.587244
    64 0.116954 4.311606 0.061861 0.000010 0.000000 0.000000
    65 0.000000 -0.000002 0.000000 0.000000 0.000000 0.000000
    66 0.000000 1.000000 0.000010 0.000000 0.000000 0.000000
    67 -0.000001 0.000000 0.000000 0.000000 0.000000 0.000000
    68 -0.000001 0.000000 0.000000 0.000000 0.000000 0.000000
    69 -0.000001 0.000000 0.000000 0.000000 0.000000 0.000000
time 67
    0 2.544922 1.059570 4.843750 -0.221599 0.364020 -0.180919
    1 3.455587 0.000000 0.000000 -2.106783 -0.162297 -0.936411
    2 16.572346 0.000000 0.000000 0.000000 0.000000 0.489685
    3 16.265829 0.000000 0.000000 -0.078689 0.017388 -1.596248
    4 5.046457 0.000000 0.000000 0.009886 -0.018703 -0.427128
    5 -3.455587 0.000000 0.000000 -1.295988 -0.291018 -1.571177
    6 16.572346 0.000000 0.000000 0.000000 0.000000 1.041620
    7 16.265831 0.000000 0.000000 0.046483 0.131842 -1.603544
    8 5.046457 0.000000 0.000000 -0.100179 0.015035 -0.360364
    9 0.000000 3.703728 0.293189 1.417431 -0.392730 1.482262
    10 3.307846 0.000000 0.000000 -0.147283 -0.057253 -0.047132
    11 3.297962 0.000000 0.000000 -0.128560 -0.056187 -0.187925
    12 6.040985 0.000000 0.000000 -0.138596 -0.044565 0.170948
    13 5.065758 0.000000 0.000000 2.944254 0.183609 0.750220
    14 3.993755 0.000000 0.000000 -0.208969 -0.185601 0.136219
    15 3.815876 1.385489 1.500000 -1.341377 -1.015736 -0.354740
    16 4.327093 0.000004 0.000000 -1.353609 -0.475603 -1.367353
    17 11.105114 0.000000 0.000000 0.000000 0.000000 -1.600036
    18 9.862099 -0.000011 -0.000031 2.362214 -0.722083 -1.372190
    19 2.641094 0.214619 -1.073586 0.343628 0.190590 -0.206088
    20 1.361605 -0.000002 0.000000 -0.033841 -0.056553 -0.539645
    21 0.779602 0.000002 0.000000 -0.038850 -0.124039 -0.304402
    22 2.908712 0.221762 -0.431868 0.315698 0.064495 -0.241172
    23 1.597527 0.000001 0.000000 -0.020360 -0.043876 -0.434642
    24 0.912680 0.000001 0.000000 0.002612 0.008298 -0.304949
    25 3.265450 0.050007 0.415744 0.323090 0.091423 -0.184625
    26 1.860470 0.000000 0.000000 -0.051595 -0.064269 -0.677213
    27 1.061481 -0.000001 0.000000 0.004073 0.029503 -0.137208
    28 3.340382 -0.242393 1.285012 0.318555 0.062569 -0.163990
    29 1.550753 0.000001 0.000000 0.061718 0.075999 -0.683161
    30 0.904888 0.000001 0.000000 0.001658 0.026316 -0.062909
    31 1.219385 -1.063860 0.837143 1.892454 -0.324449 -0.255898
    32 1.496971 -0.000002 -0.000001 0.000000 -0.094778 -0.333994
    33 1.100086 0.000000 0.000000 0.000000 -0.040666 0.285682
    34 3.815876 1.385489 -1.500000 0.858888 1.257029 -0.776820
    35 4.327089 -0.000004 0.000000 0.999100 0.542680 -1.321444
    36 11.105106 0.000000 0.000004 0.000000 0.000000 -1.905453
    37 9.862080 -0.000007 0.000017 -1.509591 0.545664 -0.040901
    38 2.641111 0.211586 1.074188 -0.340804 -0.190592 -0.206085
    39 1.361601 0.000000 0.000000 0.033841 0.056553 -0.539645
    40 0.779604 0.000001 0.000000 0.038850 0.124039 -0.304402
    41 2.908730 0.220541 0.432493 -0.312875 -0.064497 -0.241168
    42 1.597527 0.000000 0.000000 0.020360 0.043876 -0.434642
    43 0.912678 0.000000 0.000000 -0.002612 -0.008298 -0.304949
    44 3.265471 0.051184 -0.415600 -0.320266 -0.091425 -0.184622
    45 1.860470 0.000000 0.000000 0.051595 0.064269 -0.677213
    46 1.061485 0.000000 0.000000 -0.004073 -0.029503 -0.137208
    47 3.340403 -0.238762 -1.285691 -0.315731 -0.062571 -0.163986
    48 1.550755 0.000000 0.000000 -0.061718 -0.075999 -0.683161
    49 0.904886 0.000001 0.000000 -0.001658 -0.026316 -0.062909
    50 1.219410 -1.061498 -0.840143 -1.889571 0.325162 -0.254974
    51 1.496971 0.000002 0.000000 0.000000 0.094778 -0.333994
    52 1.100088 0.000000 0.000000 0.000000 0.040666 0.285682
    53 0.000000 -0.000007 -0.000031 1.373047 0.113574 0.124314
    54 0.000000 0.000000 0.000000 -0.077030 -0.068757 -1.299215
    55 7.054213 0.000000 0.000000 0.000000 0.000000 0.000000
    56 0.000000 -0.000007 -0.000031 1.373047 0.113574 0.124314
    57 0.000000 -0.000007 -0.000031 1.373047 0.113574 0.124314
    58 2.856947 -1.536175 -0.973780 -1.501147 -0.272558 -1.578261
    59 0.000000 0.000000 10.000000 0.000000 0.000000 0.000000
    60 2.856899 -1.536201 -0.973800 -1.501147 -0.272558 -1.578261
    61 2.000000 -3.000000 0.000000 -1.570796 0.000000 -1.326450
    62 0.018896 0.665159 9.395880 0.000000 0.000000 0.000000
    63 3.028210 -0.923409 -2.009452 1.574082 -0.012974 1.587244
    64 0.116954 4.311606 0.061861 0.000010 0.000000 0.000000
    65 0.000000 -0.000002 0.000000 0.000000 0.000000 0.000000
    66 0.000000 1.000000 0.000010 0.000000 0.000000 0.000000
    67 -0.000001 0.000000 0.000000 0.000000 0.000000 0.000000
    68 -0.000001 0.000000 0.000000 0.000000 0.000000 0.000000
    69 -0.000001 0.000000 0.000000 0.000000 0.000000 0.000000
time 68
    0 2.285156 1.161133 5.031250 -0.247167 0.322266 -0.187031
    1 3.455587 0.000000 0.000000 -1.947951 -0.084417 -0.968503
    2 16.572346 0.000000 0.000000 0.000000 0.000000 0.384706
    3 16.265829 0.000000 0.000000 -0.079211 -0.054467 -1.591527
    4 5.046457 0.000000 0.000000 0.009906 -0.018735 -0.445255
    5 -3.455587 0.000000 0.000000 -1.389049 -0.410337 -1.506615
    6 16.572346 0.000000 0.000000 0.000000 0.000000 1.267885
    7 16.265831 0.000000 0.000000 0.086434 0.142417 -1.582016
    8 5.046457 0.000000 0.000000 -0.100159 0.015011 -0.369942
    9 0.000000 3.703728 0.293189 1.411097 -0.399734 1.500373
    10 3.307846 0.000000 0.000000 -0.151917 -0.050069 -0.044518
    11 3.297962 0.000000 0.000000 -0.132351 -0.062465 -0.190487
    12 6.040985 0.000000 0.000000 -0.143760 -0.059101 0.163138
    13 5.065758 0.000000 0.000000 2.935010 0.169649 0.760857
    14 3.993755 0.000000 0.000000 -0.212434 -0.167034 0.135436
    15 3.815876 1.385489 1.500000 -1.488812 -1.073869 -0.224392
    16 4.327093 0.000004 0.000000 -1.458291 -0.497065 -1.248343
    17 11.105114 0.000000 0.000000 0.000000 0.000000 -1.206006
    18 9.862099 -0.000011 -0.000031 2.373811 -0.658072 -1.386233
    19 2.641094 0.214619 -1.073586 0.343628 0.190590 -0.206088
    20 1.361605 -0.000002 0.000000 -0.033841 -0.056553 -0.539645
    21 0.779602 0.000002 0.000000 -0.038850 -0.124039 -0.304402
    22 2.908712 0.221762 -0.431868 0.315698 0.064495 -0.241172
    23 1.597527 0.000001 0.000000 -0.020360 -0.043876 -0.434642
    24 0.912680 0.000001 0.000000 0.002612 0.008298 -0.304949
    25 3.265450 0.050007 0.415744 0.323090 0.091423 -0.184625
    26 1.860470 0.000000 0.000000 -0.051595 -0.064269 -0.677213
    27 1.061481 -0.000001 0.000000 0.004073 0.029503 -0.137208
    28 3.340382 -0.242393 1.285012 0.318555 0.062569 -0.163990
    29 1.550753 0.000001 0.000000 0.061718 0.075999 -0.683161
    30 0.904888 0.000001 0.000000 0.001658 0.026316 -0.062909
    31 1.219385 -1.063860 0.837143 1.892454 -0.324449 -0.255898
    32 1.496971 -0.000002 -0.000001 0.000000 -0.094778 -0.333994
    33 1.100086 0.000000 0.000000 0.000000 -0.040666 0.285682
    34 3.815876 1.385489 -1.500000 1.003361 1.245654 -0.640837
    35 4.327089 -0.000004 0.000000 0.875481 0.715748 -1.316398
    36 11.105106 0.000000 0.000004 0.000000 0.000000 -1.856726
    37 9.862080 -0.000007 0.000017 -1.458018 0.970012 -0.273987
    38 2.641111 0.211586 1.074188 -0.340804 -0.190592 -0.206085
    39 1.361601 0.000000 0.000000 0.033841 0.056553 -0.539645
    40 0.779604 0.000001 0.000000 0.038850 0.124039 -0.304402
    41 2.908730 0.220541 0.432493 -0.312875 -0.064497 -0.241168
    42 1.597527 0.000000 0.000000 0.020360 0.043876 -0.434642
    43 0.912678 0.000000 0.000000 -0.002612 -0.008298 -0.304949
    44 3.265471 0.051184 -0.415600 -0.320266 -0.091425 -0.184622
    45 1.860470 0.000000 0.000000 0.051595 0.064269 -0.677213
    46 1.061485 0.000000 0.000000 -0.004073 -0.029503 -0.137208
    47 3.340403 -0.238762 -1.285691 -0.315731 -0.062571 -0.163986
    48 1.550755 0.000000 0.000000 -0.061718 -0.075999 -0.683161
    49 0.904886 0.000001 0.000000 -0.001658 -0.026316 -0.062909
    50 1.219410 -1.061498 -0.840143 -1.889571 0.325162 -0.254974
    51 1.496971 0.000002 0.000000 0.000000 0.094778 -0.333994
    52 1.100088 0.000000 0.000000 0.000000 0.040666 0.285682
    53 0.000000 -0.000007 -0.000031 1.373047 0.113574 0.124314
    54 0.000000 0.000000 0.000000 -0.077030 -0.068757 -1.299215
    55 7.054213 0.000000 0.000000 0.000000 0.000000 0.000000
    56 0.000000 -0.000007 -0.000031 1.373047 0.113574 0.124314
    57 0.000000 -0.000007 -0.000031 1.373047 0.113574 0.124314
    58 2.856947 -1.536175 -0.973780 -1.501147 -0.272558 -1.578261
    59 0.000000 0.000000 10.000000 0.000000 0.000000 0.000000
    60 2.856899 -1.536201 -0.973800 -1.501147 -0.272558 -1.578261
    61 2.000000 -3.000000 0.000000 -1.570796 0.000000 -1.326450
    62 0.018896 0.665159 9.395880 0.000000 0.000000 0.000000
    63 3.028210 -0.923409 -2.009452 1.574082 -0.012974 1.587244
    64 0.116954 4.311606 0.061861 0.000010 0.000000 0.000000
    65 0.000000 -0.000002 0.000000 0.000000 0.000000 0.000000
    66 0.000000 1.000000 0.000010 0.000000 0.000000 0.000000
    67 -0.000001 0.000000 0.000000 0.000000 0.000000 0.000000
    68 -0.000001 0.000000 0.000000 0.000000 0.000000 0.000000
    69 -0.000001 0.000000 0.000000 0.000000 0.000000 0.000000
time 69
    0 1.965820 1.261719 5.218750 -0.260810 0.278506 -0.189412
    1 3.455587 0.000000 0.000000 -1.758897 -0.032995 -0.999501
    2 16.572346 0.000000 0.000000 0.000000 0.000000 0.343187
    3 16.265829 0.000000 0.000000 -0.064488 -0.179683 -1.600817
    4 5.046457 0.000000 0.000000 0.009912 -0.018776 -0.461735
    5 -3.455587 0.000000 0.000000 -1.500699 -0.528766 -1.404429
    6 16.572346 0.000000 0.000000 0.000000 0.000000 1.477441
    7 16.265831 0.000000 0.000000 0.116298 0.126774 -1.547439
    8 5.046457 0.000000 0.000000 -0.100181 0.015017 -0.360714
    9 0.000000 3.703728 0.293189 1.399838 -0.413969 1.519829
    10 3.307846 0.000000 0.000000 -0.160226 -0.042907 -0.039177
    11 3.297962 0.000000 0.000000 -0.139441 -0.068427 -0.197136
    12 6.040985 0.000000 0.000000 -0.151046 -0.071172 0.144623
    13 5.065758 0.000000 0.000000 2.930506 0.159925 0.785529
    14 3.993755 0.000000 0.000000 -0.214264 -0.149583 0.132500
    15 3.815876 1.385489 1.500000 -1.559535 -1.134634 -0.124500
    16 4.327093 0.000004 0.000000 -1.570400 -0.483472 -1.092169
    17 11.105114 0.000000 0.000000 0.000000 0.000000 -0.841419
    18 9.862099 -0.000011 -0.000031 2.410910 -0.679213 -1.158366
    19 2.641094 0.214619 -1.073586 0.343628 0.190590 -0.206088
    20 1.361605 -0.000002 0.000000 -0.033841 -0.056553 -0.539645
    21 0.779602 0.000002 0.000000 -0.038850 -0.124039 -0.304402
    22 2.908712 0.221762 -0.431868 0.315698 0.064495 -0.241172
    23 1.597527 0.000001 0.000000 -0.020360 -0.043876 -0.434642
    24 0.912680 0.000001 0.000000 0.002612 0.008298 -0.304949
    25 3.265450 0.050007 0.415744 0.323090 0.091423 -0.184625
    26 1.860470 0.000000 0.000000 -0.051595 -0.064269 -0.677213
    27 1.061481 -0.000001 0.000000 0.004073 0.029503 -0.137208
    28 3.340382 -0.242393 1.285012 0.318555 0.062569 -0.163990
    29 1.550753 0.000001 0.000000 0.061718 0.075999 -0.683161
    30 0.904888 0.000001 0.000000 0.001658 0.026316 -0.062909
    31 1.219385 -1.063860 0.837143 1.892454 -0.324449 -0.255898
    32 1.496971 -0.000002 -0.000001 0.000000 -0.094778 -0.333994
    33 1.100086 0.000000 0.000000 0.000000 -0.040666 0.285682
    34 3.815876 1.385489 -1.500000 1.105514 1.229072 -0.544611
    35 4.327089 -0.000004 0.000000 0.818038 0.864283 -1.287657
    36 11.105106 0.000000 0.000004 0.000000 0.000000 -1.841805
    37 9.862080 -0.000007 0.000017 -1.753272 0.982837 -0.731129
    38 2.641111 0.211586 1.074188 -0.340804 -0.190592 -0.206085
    39 1.361601 0.000000 0.000000 0.033841 0.056553 -0.539645
    40 0.779604 0.000001 0.000000 0.038850 0.124039 -0.304402
    41 2.908730 0.220541 0.432493 -0.312875 -0.064497 -0.241168
    42 1.597527 0.000000 0.000000 0.020360 0.043876 -0.434642
    43 0.912678 0.000000 0.000000 -0.002612 -0.008298 -0.304949
    44 3.265471 0.051184 -0.415600 -0.320266 -0.091425 -0.184622
    45 1.860470 0.000000 0.000000 0.051595 0.064269 -0.677213
    46 1.061485 0.000000 0.000000 -0.004073 -0.029503 -0.137208
    47 3.340403 -0.238762 -1.285691 -0.315731 -0.062571 -0.163986
    48 1.550755 0.000000 0.000000 -0.061718 -0.075999 -0.683161
    49 0.904886 0.000001 0.000000 -0.001658 -0.026316 -0.062909
    50 1.219410 -1.061498 -0.840143 -1.889571 0.325162 -0.254974
    51 1.496971 0.000002 0.000000 0.000000 0.094778 -0.333994
    52 1.100088 0.000000 0.000000 0.000000 0.040666 0.285682
    53 0.000000 -0.000007 -0.000031 1.373047 0.113574 0.124314
    54 0.000000 0.000000 0.000000 -0.077030 -0.068757 -1.299215
    55 7.054213 0.000000 0.000000 0.000000 0.000000 0.000000
    56 0.000000 -0.000007 -0.000031 1.373047 0.113574 0.124314
    57 0.000000 -0.000007 -0.000031 1.373047 0.113574 0.124314
    58 2.856947 -1.536175 -0.973780 -1.501147 -0.272558 -1.578261
    59 0.000000 0.000000 10.000000 0.000000 0.000000 0.000000
    60 2.856899 -1.536201 -0.973800 -1.501147 -0.272558 -1.578261
    61 2.000000 -3.000000 0.000000 -1.570796 0.000000 -1.326450
    62 0.018896 0.665159 9.395880 0.000000 0.000000 0.000000
    63 3.028210 -0.923409 -2.009452 1.574082 -0.012974 1.587244
    64 0.116954 4.311606 0.061861 0.000010 0.000000 0.000000
    65 0.000000 -0.000002 0.000000 0.000000 0.000000 0.000000
    66 0.000000 1.000000 0.000010 0.000000 0.000000 0.000000
    67 -0.000001 0.000000 0.000000 0.000000 0.000000 0.000000
    68 -0.000001 0.000000 0.000000 0.000000 0.000000 0.000000
    69 -0.000001 0.000000 0.000000 0.000000 0.000000 0.000000
time 70
    0 1.644531 1.331055 5.324219 -0.259672 0.229958 -0.187805
    1 3.455587 0.000000 0.000000 -1.629456 0.004799 -1.025886
    2 16.572346 0.000000 0.000000 0.000000 0.000000 0.318244
    3 16.265829 0.000000 0.000000 -0.042536 -0.194579 -1.603859
    4 5.046457 0.000000 0.000000 0.009851 -0.018760 -0.473093
    5 -3.455587 0.000000 0.000000 -1.647204 -0.633831 -1.259398
    6 16.572346 0.000000 0.000000 0.000000 0.000000 1.666019
    7 16.265831 0.000000 0.000000 0.170245 0.096220 -1.533934
    8 5.046457 0.000000 0.000000 -0.100213 0.014992 -0.362910
    9 0.000000 3.703728 0.293189 1.386871 -0.431879 1.535613
    10 3.307846 0.000000 0.000000 -0.169631 -0.038371 -0.031400
    11 3.297962 0.000000 0.000000 -0.147352 -0.072273 -0.202746
    12 6.040985 0.000000 0.000000 -0.158080 -0.076004 0.126204
    13 5.065758 0.000000 0.000000 2.930715 0.172312 0.807992
    14 3.993755 0.000000 0.000000 -0.223701 -0.148233 0.128581
    15 3.815876 1.385489 1.500000 -1.552052 -1.180347 -0.092881
    16 4.327093 0.000004 0.000000 -1.611562 -0.381430 -0.963525
    17 11.105114 0.000000 0.000000 0.000000 0.000000 -0.628291
    18 9.862099 -0.000011 -0.000031 2.388404 -0.818097 -0.947651
    19 2.641094 0.214619 -1.073586 0.343628 0.190590 -0.206088
    20 1.361605 -0.000002 0.000000 -0.033841 -0.056553 -0.539645
    21 0.779602 0.000002 0.000000 -0.038850 -0.124039 -0.304402
    22 2.908712 0.221762 -0.431868 0.315698 0.064495 -0.241172
    23 1.597527 0.000001 0.000000 -0.020360 -0.043876 -0.434642
    24 0.912680 0.000001 0.000000 0.002612 0.008298 -0.304949
    25 3.265450 0.050007 0.415744 0.323090 0.091423 -0.184625
    26 1.860470 0.000000 0.000000 -0.051595 -0.064269 -0.677213
    27 1.061481 -0.000001 0.000000 0.004073 0.029503 -0.137208
    28 3.340382 -0.242393 1.285012 0.318555 0.062569 -0.163990
    29 1.550753 0.000001 0.000000 0.061718 0.075999 -0.683161
    30 0.904888 0.000001 0.000000 0.001658 0.026316 -0.062909
    31 1.219385 -1.063860 0.837143 1.892454 -0.324449 -0.255898
    32 1.496971 -0.000002 -0.000001 0.000000 -0.094778 -0.333994
    33 1.100086 0.000000 0.000000 0.000000 -0.040666 0.285682
    34 3.815876 1.385489 -1.500000 1.117242 1.211384 -0.546016
    35 4.327089 -0.000004 0.000000 0.823114 0.977416 -1.234489
    36 11.105106 0.000000 0.000004 0.000000 0.000000 -1.891862
    37 9.862080 -0.000007 0.000017 -1.882822 0.765497 -0.840301
    38 2.641111 0.211586 1.074188 -0.340804 -0.190592 -0.206085
    39 1.361601 0.000000 0.000000 0.033841 0.056553 -0.539645
    40 0.779604 0.000001 0.000000 0.038850 0.124039 -0.304402
    41 2.908730 0.220541 0.432493 -0.312875 -0.064497 -0.241168
    42 1.597527 0.000000 0.000000 0.020360 0.043876 -0.434642
    43 0.912678 0.000000 0.000000 -0.002612 -0.008298 -0.304949
    44 3.265471 0.051184 -0.415600 -0.320266 -0.091425 -0.184622
    45 1.860470 0.000000 0.000000 0.051595 0.064269 -0.677213
    46 1.061485 0.000000 0.000000 -0.004073 -0.029503 -0.137208
    47 3.340403 -0.238762 -1.285691 -0.315731 -0.062571 -0.163986
    48 1.550755 0.000000 0.000000 -0.061718 -0.075999 -0.683161
    49 0.904886 0.000001 0.000000 -0.001658 -0.026316 -0.062909
    50 1.219410 -1.061498 -0.840143 -1.889571 0.325162 -0.254974
    51 1.496971 0.000002 0.000000 0.000000 0.094778 -0.333994
    52 1.100088 0.000000 0.000000 0.000000 0.040666 0.285682
    53 0.000000 -0.000007 -0.000031 1.373047 0.113574 0.124314
    54 0.000000 0.000000 0.000000 -0.077030 -0.068757 -1.299215
    55 7.054213 0.000000 0.000000 0.000000 0.000000 0.000000
    56 0.000000 -0.000007 -0.000031 1.373047 0.113574 0.124314
    57 0.000000 -0.000007 -0.000031 1.373047 0.113574 0.124314
    58 2.856947 -1.536175 -0.973780 -1.501147 -0.272558 -1.578261
    59 0.000000 0.000000 10.000000 0.000000 0.000000 0.000000
    60 2.856899 -1.536201 -0.973800 -1.501147 -0.272558 -1.578261
    61 2.000000 -3.000000 0.000000 -1.570796 0.000000 -1.326450
    62 0.018896 0.665159 9.395880 0.000000 0.000000 0.000000
    63 3.028210 -0.923409 -2.009452 1.574082 -0.012974 1.587244
    64 0.116954 4.311606 0.061861 0.000010 0.000000 0.000000
    65 0.000000 -0.000002 0.000000 0.000000 0.000000 0.000000
    66 0.000000 1.000000 0.000010 0.000000 0.000000 0.000000
    67 -0.000001 0.000000 0.000000 0.000000 0.000000 0.000000
    68 -0.000001 0.000000 0.000000 0.000000 0.000000 0.000000
    69 -0.000001 0.000000 0.000000 0.000000 0.000000 0.000000
time 71
    0 1.321289 1.390625 5.285156 -0.263740 0.192376 -0.185438
    1 3.455587 0.000000 0.000000 -1.585857 0.021979 -1.037382
    2 16.572346 0.000000 0.000000 0.000000 0.000000 0.320342
    3 16.265829 0.000000 0.000000 -0.062325 -0.060100 -1.586310
    4 5.046457 0.000000 0.000000 0.009914 -0.018751 -0.470874
    5 -3.455587 0.000000 0.000000 -1.790649 -0.701309 -1.103854
    6 16.572346 0.000000 0.000000 0.000000 0.000000 1.814227
    7 16.265831 0.000000 0.000000 0.223496 0.073255 -1.540774
    8 5.046457 0.000000 0.000000 -0.100209 0.015023 -0.362297
    9 0.000000 3.703728 0.293189 1.376727 -0.461796 1.539511
    10 3.307846 0.000000 0.000000 -0.178124 -0.038202 -0.017220
    11 3.297962 0.000000 0.000000 -0.155748 -0.071391 -0.204664
    12 6.040985 0.000000 0.000000 -0.166258 -0.067712 0.120638
    13 5.065758 0.000000 0.000000 2.922099 0.191298 0.829498
    14 3.993755 0.000000 0.000000 -0.240635 -0.156919 0.123197
    15 3.815876 1.385489 1.500000 -1.477911 -1.185345 -0.125693
    16 4.327093 0.000004 0.000000 -1.566713 -0.214685 -0.913185
    17 11.105114 0.000000 0.000000 0.000000 0.000000 -0.574602
    18 9.862099 -0.000011 -0.000031 2.236696 -1.040133 -0.839474
    19 2.641094 0.214619 -1.073586 0.343628 0.190590 -0.206088
    20 1.361605 -0.000002 0.000000 -0.033841 -0.056553 -0.539645
    21 0.779602 0.000002 0.000000 -0.038850 -0.124039 -0.304402
    22 2.908712 0.221762 -0.431868 0.315698 0.064495 -0.241172
    23 1.597527 0.000001 0.000000 -0.020360 -0.043876 -0.434642
    24 0.912680 0.000001 0.000000 0.002612 0.008298 -0.304949
    25 3.265450 0.050007 0.415744 0.323090 0.091423 -0.184625
    26 1.860470 0.000000 0.000000 -0.051595 -0.064269 -0.677213
    27 1.061481 -0.000001 0.000000 0.004073 0.029503 -0.137208
    28 3.340382 -0.242393 1.285012 0.318555 0.062569 -0.163990
    29 1.550753 0.000001 0.000000 0.061718 0.075999 -0.683161
    30 0.904888 0.000001 0.000000 0.001658 0.026316 -0.062909
    31 1.219385 -1.063860 0.837143 1.892454 -0.324449 -0.255898
    32 1.496971 -0.000002 -0.000001 0.000000 -0.094778 -0.333994
    33 1.100086 0.000000 0.000000 0.000000 -0.040666 0.285682
    34 3.815876 1.385489 -1.500000 1.057280 1.208564 -0.623856
    35 4.327089 -0.000004 0.000000 0.878096 1.058457 -1.141270
    36 11.105106 0.000000 0.000004 0.000000 0.000000 -1.960322
    37 9.862080 -0.000007 0.000017 -1.911172 0.693973 -0.861363
    38 2.641111 0.211586 1.074188 -0.340804 -0.190592 -0.206085
    39 1.361601 0.000000 0.000000 0.033841 0.056553 -0.539645
    40 0.779604 0.000001 0.000000 0.038850 0.124039 -0.304402
    41 2.908730 0.220541 0.432493 -0.312875 -0.064497 -0.241168
    42 1.597527 0.000000 0.000000 0.020360 0.043876 -0.434642
    43 0.912678 0.000000 0.000000 -0.002612 -0.008298 -0.304949
    44 3.265471 0.051184 -0.415600 -0.320266 -0.091425 -0.184622
    45 1.860470 0.000000 0.000000 0.051595 0.064269 -0.677213
    46 1.061485 0.000000 0.000000 -0.004073 -0.029503 -0.137208
    47 3.340403 -0.238762 -1.285691 -0.315731 -0.062571 -0.163986
    48 1.550755 0.000000 0.000000 -0.061718 -0.075999 -0.683161
    49 0.904886 0.000001 0.000000 -0.001658 -0.026316 -0.062909
    50 1.219410 -1.061498 -0.840143 -1.889571 0.325162 -0.254974
    51 1.496971 0.000002 0.000000 0.000000 0.094778 -0.333994
    52 1.100088 0.000000 0.000000 0.000000 0.040666 0.285682
    53 0.000000 -0.000007 -0.000031 1.373047 0.113574 0.124314
    54 0.000000 0.000000 0.000000 -0.077030 -0.068757 -1.299215
    55 7.054213 0.000000 0.000000 0.000000 0.000000 0.000000
    56 0.000000 -0.000007 -0.000031 1.373047 0.113574 0.124314
    57 0.000000 -0.000007 -0.000031 1.373047 0.113574 0.124314
    58 2.856947 -1.536175 -0.973780 -1.501147 -0.272558 -1.578261
    59 0.000000 0.000000 10.000000 0.000000 0.000000 0.000000
    60 2.856899 -1.536201 -0.973800 -1.501147 -0.272558 -1.578261
    61 2.000000 -3.000000 0.000000 -1.570796 0.000000 -1.326450
    62 0.018896 0.665159 9.395880 0.000000 0.000000 0.000000
    63 3.028210 -0.923409 -2.009452 1.574082 -0.012974 1.587244
    64 0.116954 4.311606 0.061861 0.000010 0.000000 0.000000
    65 0.000000 -0.000002 0.000000 0.000000 0.000000 0.000000
    66 0.000000 1.000000 0.000010 0.000000 0.000000 0.000000
    67 -0.000001 0.000000 0.000000 0.000000 0.000000 0.000000
    68 -0.000001 0.000000 0.000000 0.000000 0.000000 0.000000
    69 -0.000001 0.000000 0.000000 0.000000 0.000000 0.000000
time 72
    0 1.185547 1.550781 5.109375 -0.274974 0.169775 -0.184393
    1 3.455587 0.000000 0.000000 -1.575382 0.035747 -1.053235
    2 16.572346 0.000000 0.000000 0.000000 0.000000 0.319031
    3 16.265829 0.000000 0.000000 -0.073788 0.085923 -1.567132
    4 5.046457 0.000000 0.000000 0.009860 -0.018709 -0.458276
    5 -3.455587 0.000000 0.000000 -1.873537 -0.730370 -1.016542
    6 16.572346 0.000000 0.000000 0.000000 0.000000 1.891011
    7 16.265831 0.000000 0.000000 0.246886 0.066104 -1.545207
    8 5.046457 0.000000 0.000000 -0.100188 0.015032 -0.376629
    9 0.000000 3.703728 0.293189 1.371806 -0.496637 1.541452
    10 3.307846 0.000000 0.000000 -0.180761 -0.040574 0.002811
    11 3.297962 0.000000 0.000000 -0.157971 -0.068044 -0.202416
    12 6.040985 0.000000 0.000000 -0.168084 -0.052623 0.123317
    13 5.065758 0.000000 0.000000 2.920817 0.198383 0.863685
    14 3.993755 0.000000 0.000000 -0.245756 -0.156311 0.106964
    15 3.815876 1.385489 1.500000 -1.379117 -1.158060 -0.183018
    16 4.327093 0.000004 0.000000 -1.544421 -0.055088 -0.944038
    17 11.105114 0.000000 0.000000 0.000000 0.000000 -0.635920
    18 9.862099 -0.000011 -0.000031 2.196316 -1.117510 -0.836292
    19 2.641094 0.214619 -1.073586 0.343628 0.190590 -0.206088
    20 1.361605 -0.000002 0.000000 -0.033841 -0.056553 -0.539645
    21 0.779602 0.000002 0.000000 -0.038850 -0.124039 -0.304402
    22 2.908712 0.221762 -0.431868 0.315698 0.064495 -0.241172
    23 1.597527 0.000001 0.000000 -0.020360 -0.043876 -0.434642
    24 0.912680 0.000001 0.000000 0.002612 0.008298 -0.304949
    25 3.265450 0.050007 0.415744 0.323090 0.091423 -0.184625
    26 1.860470 0.000000 0.000000 -0.051595 -0.064269 -0.677213
    27 1.061481 -0.000001 0.000000 0.004073 0.029503 -0.137208
    28 3.340382 -0.242393 1.285012 0.318555 0.062569 -0.163990
    29 1.550753 0.000001 0.000000 0.061718 0.075999 -0.683161
    30 0.904888 0.000001 0.000000 0.001658 0.026316 -0.062909
    31 1.219385 -1.063860 0.837143 1.892454 -0.324449 -0.255898
    32 1.496971 -0.000002 -0.000001 0.000000 -0.094778 -0.333994
    33 1.100086 0.000000 0.000000 0.000000 -0.040666 0.285682
    34 3.815876 1.385489 -1.500000 0.925264 1.231163 -0.758925
    35 4.327089 -0.000004 0.000000 1.009812 1.099680 -0.981362
    36 11.105106 0.000000 0.000004 0.000000 0.000000 -2.006428
    37 9.862080 -0.000007 0.000017 -1.919702 0.696002 -0.883936
    38 2.641111 0.211586 1.074188 -0.340804 -0.190592 -0.206085
    39 1.361601 0.000000 0.000000 0.033841 0.056553 -0.539645
    40 0.779604 0.000001 0.000000 0.038850 0.124039 -0.304402
    41 2.908730 0.220541 0.432493 -0.312875 -0.064497 -0.241168
    42 1.597527 0.000000 0.000000 0.020360 0.043876 -0.434642
    43 0.912678 0.000000 0.000000 -0.002612 -0.008298 -0.304949
    44 3.265471 0.051184 -0.415600 -0.320266 -0.091425 -0.184622
    45 1.860470 0.000000 0.000000 0.051595 0.064269 -0.677213
    46 1.061485 0.000000 0.000000 -0.004073 -0.029503 -0.137208
    47 3.340403 -0.238762 -1.285691 -0.315731 -0.062571 -0.163986
    48 1.550755 0.000000 0.000000 -0.061718 -0.075999 -0.683161
    49 0.904886 0.000001 0.000000 -0.001658 -0.026316 -0.062909
    50 1.219410 -1.061498 -0.840143 -1.889571 0.325162 -0.254974
    51 1.496971 0.000002 0.000000 0.000000 0.094778 -0.333994
    52 1.100088 0.000000 0.000000 0.000000 0.040666 0.285682
    53 0.000000 -0.000007 -0.000031 1.373047 0.113574 0.124314
    54 0.000000 0.000000 0.000000 -0.077030 -0.068757 -1.299215
    55 7.054213 0.000000 0.000000 0.000000 0.000000 0.000000
    56 0.000000 -0.000007 -0.000031 1.373047 0.113574 0.124314
    57 0.000000 -0.000007 -0.000031 1.373047 0.113574 0.124314
    58 2.856947 -1.536175 -0.973780 -1.501147 -0.272558 -1.578261
    59 0.000000 0.000000 10.000000 0.000000 0.000000 0.000000
    60 2.856899 -1.536201 -0.973800 -1.501147 -0.272558 -1.578261
    61 2.000000 -3.000000 0.000000 -1.570796 0.000000 -1.326450
    62 0.018896 0.665159 9.395880 0.000000 0.000000 0.000000
    63 3.028210 -0.923409 -2.009452 1.574082 -0.012974 1.587244
    64 0.116954 4.311606 0.061861 0.000010 0.000000 0.000000
    65 0.000000 -0.000002 0.000000 0.000000 0.000000 0.000000
    66 0.000000 1.000000 0.000010 0.000000 0.000000 0.000000
    67 -0.000001 0.000000 0.000000 0.000000 0.000000 0.000000
    68 -0.000001 0.000000 0.000000 0.000000 0.000000 0.000000
    69 -0.000001 0.000000 0.000000 0.000000 0.000000 0.000000
time 73
    0 1.139648 1.769531 4.914063 -0.290214 0.157343 -0.181295
    1 3.455587 0.000000 0.000000 -1.608791 0.048831 -1.066551
    2 16.572346 0.000000 0.000000 0.000000 0.000000 0.330315
    3 16.265829 0.000000 0.000000 -0.077627 0.201377 -1.556766
    4 5.046457 0.000000 0.000000 0.009877 -0.018700 -0.460138
    5 -3.455587 0.000000 0.000000 -1.874239 -0.730142 -1.029165
    6 16.572346 0.000000 0.000000 0.000000 0.000000 1.895904
    7 16.265831 0.000000 0.000000 0.276091 0.066807 -1.523090
    8 5.046457 0.000000 0.000000 -0.100166 0.015015 -0.380676
    9 0.000000 3.703728 0.293189 1.378978 -0.528930 1.536505
    10 3.307846 0.000000 0.000000 -0.173427 -0.044567 0.022683
    11 3.297962 0.000000 0.000000 -0.150687 -0.059674 -0.203037
    12 6.040985 0.000000 0.000000 -0.159279 -0.031416 0.119326
    13 5.065758 0.000000 0.000000 2.959047 0.198600 0.932158
    14 3.993755 0.000000 0.000000 -0.227391 -0.135195 0.065626
    15 3.815876 1.385489 1.500000 -1.296297 -1.120047 -0.207837
    16 4.327093 0.000004 0.000000 -1.576829 0.038773 -1.059667
    17 11.105114 0.000000 0.000000 0.000000 0.000000 -0.772427
    18 9.862099 -0.000011 -0.000031 2.122045 -1.252819 -0.698542
    19 2.641094 0.214619 -1.073586 0.343628 0.190590 -0.206088
    20 1.361605 -0.000002 0.000000 -0.033841 -0.056553 -0.539645
    21 0.779602 0.000002 0.000000 -0.038850 -0.124039 -0.304402
    22 2.908712 0.221762 -0.431868 0.315698 0.064495 -0.241172
    23 1.597527 0.000001 0.000000 -0.020360 -0.043876 -0.434642
    24 0.912680 0.000001 0.000000 0.002612 0.008298 -0.304949
    25 3.265450 0.050007 0.415744 0.323090 0.091423 -0.184625
    26 1.860470 0.000000 0.000000 -0.051595 -0.064269 -0.677213
    27 1.061481 -0.000001 0.000000 0.004073 0.029503 -0.137208
    28 3.340382 -0.242393 1.285012 0.318555 0.062569 -0.163990
    29 1.550753 0.000001 0.000000 0.061718 0.075999 -0.683161
    30 0.904888 0.000001 0.000000 0.001658 0.026316 -0.062909
    31 1.219385 -1.063860 0.837143 1.892454 -0.324449 -0.255898
    32 1.496971 -0.000002 -0.000001 0.000000 -0.094778 -0.333994
    33 1.100086 0.000000 0.000000 0.000000 -0.040666 0.285682
    34 3.815876 1.385489 -1.500000 0.826139 1.244012 -0.844902
    35 4.327089 -0.000004 0.000000 1.127076 1.085762 -0.885580
    36 11.105106 0.000000 0.000004 0.000000 0.000000 -2.012565
    37 9.862080 -0.000007 0.000017 -1.930115 0.714850 -0.840780
    38 2.641111 0.211586 1.074188 -0.340804 -0.190592 -0.206085
    39 1.361601 0.000000 0.000000 0.033841 0.056553 -0.539645
    40 0.779604 0.000001 0.000000 0.038850 0.124039 -0.304402
    41 2.908730 0.220541 0.432493 -0.312875 -0.064497 -0.241168
    42 1.597527 0.000000 0.000000 0.020360 0.043876 -0.434642
    43 0.912678 0.000000 0.000000 -0.002612 -0.008298 -0.304949
    44 3.265471 0.051184 -0.415600 -0.320266 -0.091425 -0.184622
    45 1.860470 0.000000 0.000000 0.051595 0.064269 -0.677213
    46 1.061485 0.000000 0.000000 -0.004073 -0.029503 -0.137208
    47 3.340403 -0.238762 -1.285691 -0.315731 -0.062571 -0.163986
    48 1.550755 0.000000 0.000000 -0.061718 -0.075999 -0.683161
    49 0.904886 0.000001 0.000000 -0.001658 -0.026316 -0.062909
    50 1.219410 -1.061498 -0.840143 -1.889571 0.325162 -0.254974
    51 1.496971 0.000002 0.000000 0.000000 0.094778 -0.333994
    52 1.100088 0.000000 0.000000 0.000000 0.040666 0.285682
    53 0.000000 -0.000007 -0.000031 1.373047 0.113574 0.124314
    54 0.000000 0.000000 0.000000 -0.077030 -0.068757 -1.299215
    55 7.054213 0.000000 0.000000 0.000000 0.000000 0.000000
    56 0.000000 -0.000007 -0.000031 1.373047 0.113574 0.124314
    57 0.000000 -0.000007 -0.000031 1.373047 0.113574 0.124314
    58 2.856947 -1.536175 -0.973780 -1.501147 -0.272558 -1.578261
    59 0.000000 0.000000 10.000000 0.000000 0.000000 0.000000
    60 2.856899 -1.536201 -0.973800 -1.501147 -0.272558 -1.578261
    61 2.000000 -3.000000 0.000000 -1.570796 0.000000 -1.326450
    62 0.018896 0.665159 9.395880 0.000000 0.000000 0.000000
    63 3.028210 -0.923409 -2.009452 1.574082 -0.012974 1.587244
    64 0.116954 4.311606 0.061861 0.000010 0.000000 0.000000
    65 0.000000 -0.000002 0.000000 0.000000 0.000000 0.000000
    66 0.000000 1.000000 0.000010 0.000000 0.000000 0.000000
    67 -0.000001 0.000000 0.000000 0.000000 0.000000 0.000000
    68 -0.000001 0.000000 0.000000 0.000000 0.000000 0.000000
    69 -0.000001 0.000000 0.000000 0.000000 0.000000 0.000000
time 74
    0 1.095703 2.017578 4.718750 -0.303352 0.153605 -0.176320
    1 3.455587 0.000000 0.000000 -1.689231 0.058994 -1.076759
    2 16.572346 0.000000 0.000000 0.000000 0.000000 0.356863
    3 16.265829 0.000000 0.000000 -0.102435 0.256960 -1.550030
    4 5.046457 0.000000 0.000000 0.009859 -0.018760 -0.440211
    5 -3.455587 0.000000 0.000000 -1.802224 -0.692627 -1.127756
    6 16.572346 0.000000 0.000000 0.000000 0.000000 1.819591
    7 16.265831 0.000000 0.000000 0.263275 0.072376 -1.491782
    8 5.046457 0.000000 0.000000 -0.100129 0.015023 -0.368008
    9 0.000000 3.703728 0.293189 1.408706 -0.539590 1.517420
    10 3.307846 0.000000 0.000000 -0.149350 -0.051241 0.032672
    11 3.297962 0.000000 0.000000 -0.128571 -0.044821 -0.198629
    12 6.040985 0.000000 0.000000 -0.134810 -0.006958 0.129218
    13 5.065758 0.000000 0.000000 2.999763 0.173208 1.000944
    14 3.993755 0.000000 0.000000 -0.189514 -0.108777 0.024938
    15 3.815876 1.385489 1.500000 -1.194355 -1.058887 -0.249124
    16 4.327093 0.000004 0.000000 -1.629633 -0.014818 -1.262804
    17 11.105114 0.000000 0.000000 0.000000 0.000000 -0.959951
    18 9.862099 -0.000011 -0.000031 1.424480 -1.317848 0.066778
    19 2.641094 0.214619 -1.073586 0.343628 0.190590 -0.206088
    20 1.361605 -0.000002 0.000000 -0.033841 -0.056553 -0.539645
    21 0.779602 0.000002 0.000000 -0.038850 -0.124039 -0.304402
    22 2.908712 0.221762 -0.431868 0.315698 0.064495 -0.241172
    23 1.597527 0.000001 0.000000 -0.020360 -0.043876 -0.434642
    24 0.912680 0.000001 0.000000 0.002612 0.008298 -0.304949
    25 3.265450 0.050007 0.415744 0.323090 0.091423 -0.184625
    26 1.860470 0.000000 0.000000 -0.051595 -0.064269 -0.677213
    27 1.061481 -0.000001 0.000000 0.004073 0.029503 -0.137208
    28 3.340382 -0.242393 1.285012 0.318555 0.062569 -0.163990
    29 1.550753 0.000001 0.000000 0.061718 0.075999 -0.683161
    30 0.904888 0.000001 0.000000 0.001658 0.026316 -0.062909
    31 1.219385 -1.063860 0.837143 1.892454 -0.324449 -0.255898
    32 1.496971 -0.000002 -0.000001 0.000000 -0.094778 -0.333994
    33 1.100086 0.000000 0.000000 0.000000 -0.040666 0.285682
    34 3.815876 1.385489 -1.500000 0.759066 1.270388 -0.901143
    35 4.327089 -0.000004 0.000000 1.195892 1.045953 -0.840602
    36 11.105106 0.000000 0.000004 0.000000 0.000000 -1.951266
    37 9.862080 -0.000007 0.000017 -1.934211 0.812372 -0.769395
    38 2.641111 0.211586 1.074188 -0.340804 -0.190592 -0.206085
    39 1.361601 0.000000 0.000000 0.033841 0.056553 -0.539645
    40 0.779604 0.000001 0.000000 0.038850 0.124039 -0.304402
    41 2.908730 0.220541 0.432493 -0.312875 -0.064497 -0.241168
    42 1.597527 0.000000 0.000000 0.020360 0.043876 -0.434642
    43 0.912678 0.000000 0.000000 -0.002612 -0.008298 -0.304949
    44 3.265471 0.051184 -0.415600 -0.320266 -0.091425 -0.184622
    45 1.860470 0.000000 0.000000 0.051595 0.064269 -0.677213
    46 1.061485 0.000000 0.000000 -0.004073 -0.029503 -0.137208
    47 3.340403 -0.238762 -1.285691 -0.315731 -0.062571 -0.163986
    48 1.550755 0.000000 0.000000 -0.061718 -0.075999 -0.683161
    49 0.904886 0.000001 0.000000 -0.001658 -0.026316 -0.062909
    50 1.219410 -1.061498 -0.840143 -1.889571 0.325162 -0.254974
    51 1.496971 0.000002 0.000000 0.000000 0.094778 -0.333994
    52 1.100088 0.000000 0.000000 0.000000 0.040666 0.285682
    53 0.000000 -0.000007 -0.000031 1.373047 0.113574 0.124314
    54 0.000000 0.000000 0.000000 -0.077030 -0.068757 -1.299215
    55 7.054213 0.000000 0.000000 0.000000 0.000000 0.000000
    56 0.000000 -0.000007 -0.000031 1.373047 0.113574 0.124314
    57 0.000000 -0.000007 -0.000031 1.373047 0.113574 0.124314
    58 2.856947 -1.536175 -0.973780 -1.501147 -0.272558 -1.578261
    59 0.000000 0.000000 10.000000 0.000000 0.000000 0.000000
    60 2.856899 -1.536201 -0.973800 -1.501147 -0.272558 -1.578261
    61 2.000000 -3.000000 0.000000 -1.570796 0.000000 -1.326450
    62 0.018896 0.665159 9.395880 0.000000 0.000000 0.000000
    63 3.028210 -0.923409 -2.009452 1.574082 -0.012974 1.587244
    64 0.116954 4.311606 0.061861 0.000010 0.000000 0.000000
    65 0.000000 -0.000002 0.000000 0.000000 0.000000 0.000000
    66 0.000000 1.000000 0.000010 0.000000 0.000000 0.000000
    67 -0.000001 0.000000 0.000000 0.000000 0.000000 0.000000
    68 -0.000001 0.000000 0.000000 0.000000 0.000000 0.000000
    69 -0.000001 0.000000 0.000000 0.000000 0.000000 0.000000
time 75
    0 1.032227 2.263672 4.574219 -0.312512 0.161257 -0.168431
    1 3.455587 0.000000 0.000000 -1.810472 0.056327 -1.083626
    2 16.572346 0.000000 0.000000 0.000000 0.000000 0.415270
    3 16.265829 0.000000 0.000000 -0.148030 0.257933 -1.551578
    4 5.046457 0.000000 0.000000 0.009834 -0.018773 -0.437557
    5 -3.455587 0.000000 0.000000 -1.700518 -0.613080 -1.261185
    6 16.572346 0.000000 0.000000 0.000000 0.000000 1.678351
    7 16.265831 0.000000 0.000000 0.196405 0.087937 -1.467483
    8 5.046457 0.000000 0.000000 -0.100141 0.015024 -0.384197
    9 0.000000 3.703728 0.293189 1.455246 -0.527200 1.494391
    10 3.307846 0.000000 0.000000 -0.111420 -0.057509 0.031061
    11 3.297962 0.000000 0.000000 -0.092851 -0.031500 -0.191574
    12 6.040985 0.000000 0.000000 -0.097021 0.005398 0.146625
    13 5.065758 0.000000 0.000000 3.068166 0.144588 1.057615
    14 3.993755 0.000000 0.000000 -0.128247 -0.100805 0.002927
    15 3.815876 1.385489 1.500000 -1.133619 -0.986623 -0.281307
    16 4.327093 0.000004 0.000000 -1.581203 -0.078465 -1.478235
    17 11.105114 0.000000 0.000000 0.000000 0.000000 -1.253032
    18 9.862099 -0.000011 -0.000031 1.128289 -0.968873 0.328578
    19 2.641094 0.214619 -1.073586 0.343628 0.190590 -0.206088
    20 1.361605 -0.000002 0.000000 -0.033841 -0.056553 -0.539645
    21 0.779602 0.000002 0.000000 -0.038850 -0.124039 -0.304402
    22 2.908712 0.221762 -0.431868 0.315698 0.064495 -0.241172
    23 1.597527 0.000001 0.000000 -0.020360 -0.043876 -0.434642
    24 0.912680 0.000001 0.000000 0.002612 0.008298 -0.304949
    25 3.265450 0.050007 0.415744 0.323090 0.091423 -0.184625
    26 1.860470 0.000000 0.000000 -0.051595 -0.064269 -0.677213
    27 1.061481 -0.000001 0.000000 0.004073 0.029503 -0.137208
    28 3.340382 -0.242393 1.285012 0.318555 0.062569 -0.163990
    29 1.550753 0.000001 0.000000 0.061718 0.075999 -0.683161
    30 0.904888 0.000001 0.000000 0.001658 0.026316 -0.062909
    31 1.219385 -1.063860 0.837143 1.892454 -0.324449 -0.255898
    32 1.496971 -0.000002 -0.000001 0.000000 -0.094778 -0.333994
    33 1.100086 0.000000 0.000000 0.000000 -0.040666 0.285682
    34 3.815876 1.385489 -1.500000 0.682262 1.307811 -0.979452
    35 4.327089 -0.000004 0.000000 1.189444 0.989564 -0.902545
    36 11.105106 0.000000 0.000004 0.000000 0.000000 -1.823198
    37 9.862080 -0.000007 0.000017 -1.922945 0.896413 -0.718822
    38 2.641111 0.211586 1.074188 -0.340804 -0.190592 -0.206085
    39 1.361601 0.000000 0.000000 0.033841 0.056553 -0.539645
    40 0.779604 0.000001 0.000000 0.038850 0.124039 -0.304402
    41 2.908730 0.220541 0.432493 -0.312875 -0.064497 -0.241168
    42 1.597527 0.000000 0.000000 0.020360 0.043876 -0.434642
    43 0.912678 0.000000 0.000000 -0.002612 -0.008298 -0.304949
    44 3.265471 0.051184 -0.415600 -0.320266 -0.091425 -0.184622
    45 1.860470 0.000000 0.000000 0.051595 0.064269 -0.677213
    46 1.061485 0.000000 0.000000 -0.004073 -0.029503 -0.137208
    47 3.340403 -0.238762 -1.285691 -0.315731 -0.062571 -0.163986
    48 1.550755 0.000000 0.000000 -0.061718 -0.075999 -0.683161
    49 0.904886 0.000001 0.000000 -0.001658 -0.026316 -0.062909
    50 1.219410 -1.061498 -0.840143 -1.889571 0.325162 -0.254974
    51 1.496971 0.000002 0.000000 0.000000 0.094778 -0.333994
    52 1.100088 0.000000 0.000000 0.000000 0.040666 0.285682
    53 0.000000 -0.000007 -0.000031 1.373047 0.113574 0.124314
    54 0.000000 0.000000 0.000000 -0.077030 -0.068757 -1.299215
    55 7.054213 0.000000 0.000000 0.000000 0.000000 0.000000
    56 0.000000 -0.000007 -0.000031 1.373047 0.113574 0.124314
    57 0.000000 -0.000007 -0.000031 1.373047 0.113574 0.124314
    58 2.856947 -1.536175 -0.973780 -1.501147 -0.272558 -1.578261
    59 0.000000 0.000000 10.000000 0.000000 0.000000 0.000000
    60 2.856899 -1.536201 -0.973800 -1.501147 -0.272558 -1.578261
    61 2.000000 -3.000000 0.000000 -1.570796 0.000000 -1.326450
    62 0.018896 0.665159 9.395880 0.000000 0.000000 0.000000
    63 3.028210 -0.923409 -2.009452 1.574082 -0.012974 1.587244
    64 0.116954 4.311606 0.061861 0.000010 0.000000 0.000000
    65 0.000000 -0.000002 0.000000 0.000000 0.000000 0.000000
    66 0.000000 1.000000 0.000010 0.000000 0.000000 0.000000
    67 -0.000001 0.000000 0.000000 0.000000 0.000000 0.000000
    68 -0.000001 0.000000 0.000000 0.000000 0.000000 0.000000
    69 -0.000001 0.000000 0.000000 0.000000 0.000000 0.000000
time 76
    0 0.928223 2.466797 4.464844 -0.315556 0.184782 -0.156556
    1 3.455587 0.000000 0.000000 -1.958387 0.032480 -1.086014
    2 16.572346 0.000000 0.000000 0.000000 0.000000 0.530634
    3 16.265829 0.000000 0.000000 -0.193360 0.177371 -1.581372
    4 5.046457 0.000000 0.000000 0.009850 -0.018776 -0.405158
    5 -3.455587 0.000000 0.000000 -1.600974 -0.497937 -1.388995
    6 16.572346 0.000000 0.000000 0.000000 0.000000 1.481532
    7 16.265831 0.000000 0.000000 0.128570 0.126406 -1.447150
    8 5.046457 0.000000 0.000000 -0.100009 0.014964 -0.382343
    9 0.000000 3.703728 0.293189 1.498998 -0.503737 1.474803
    10 3.307846 0.000000 0.000000 -0.074418 -0.061962 0.020630
    11 3.297962 0.000000 0.000000 -0.057201 -0.024784 -0.183688
    12 6.040985 0.000000 0.000000 -0.060515 0.000563 0.167122
    13 5.065758 0.000000 0.000000 -3.136920 0.131313 1.067742
    14 3.993755 0.000000 0.000000 -0.072837 -0.105341 -0.009220
    15 3.815876 1.385489 1.500000 -1.113351 -0.918471 -0.306136
    16 4.327093 0.000004 0.000000 -1.492611 -0.172522 -1.692131
    17 11.105114 0.000000 0.000000 0.000000 0.000000 -1.365460
    18 9.862099 -0.000011 -0.000031 1.123159 -0.837010 0.228869
    19 2.641094 0.214619 -1.073586 0.343628 0.190590 -0.206088
    20 1.361605 -0.000002 0.000000 -0.033841 -0.056553 -0.539645
    21 0.779602 0.000002 0.000000 -0.038850 -0.124039 -0.304402
    22 2.908712 0.221762 -0.431868 0.315698 0.064495 -0.241172
    23 1.597527 0.000001 0.000000 -0.020360 -0.043876 -0.434642
    24 0.912680 0.000001 0.000000 0.002612 0.008298 -0.304949
    25 3.265450 0.050007 0.415744 0.323090 0.091423 -0.184625
    26 1.860470 0.000000 0.000000 -0.051595 -0.064269 -0.677213
    27 1.061481 -0.000001 0.000000 0.004073 0.029503 -0.137208
    28 3.340382 -0.242393 1.285012 0.318555 0.062569 -0.163990
    29 1.550753 0.000001 0.000000 0.061718 0.075999 -0.683161
    30 0.904888 0.000001 0.000000 0.001658 0.026316 -0.062909
    31 1.219385 -1.063860 0.837143 1.892454 -0.324449 -0.255898
    32 1.496971 -0.000002 -0.000001 0.000000 -0.094778 -0.333994
    33 1.100086 0.000000 0.000000 0.000000 -0.040666 0.285682
    34 3.815876 1.385489 -1.500000 0.581347 1.361638 -1.084860
    35 4.327089 -0.000004 0.000000 1.167224 0.937229 -1.007492
    36 11.105106 0.000000 0.000004 0.000000 0.000000 -1.653618
    37 9.862080 -0.000007 0.000017 -1.902186 0.987442 -0.688860
    38 2.641111 0.211586 1.074188 -0.340804 -0.190592 -0.206085
    39 1.361601 0.000000 0.000000 0.033841 0.056553 -0.539645
    40 0.779604 0.000001 0.000000 0.038850 0.124039 -0.304402
    41 2.908730 0.220541 0.432493 -0.312875 -0.064497 -0.241168
    42 1.597527 0.000000 0.000000 0.020360 0.043876 -0.434642
    43 0.912678 0.000000 0.000000 -0.002612 -0.008298 -0.304949
    44 3.265471 0.051184 -0.415600 -0.320266 -0.091425 -0.184622
    45 1.860470 0.000000 0.000000 0.051595 0.064269 -0.677213
    46 1.061485 0.000000 0.000000 -0.004073 -0.029503 -0.137208
    47 3.340403 -0.238762 -1.285691 -0.315731 -0.062571 -0.163986
    48 1.550755 0.000000 0.000000 -0.061718 -0.075999 -0.683161
    49 0.904886 0.000001 0.000000 -0.001658 -0.026316 -0.062909
    50 1.219410 -1.061498 -0.840143 -1.889571 0.325162 -0.254974
    51 1.496971 0.000002 0.000000 0.000000 0.094778 -0.333994
    52 1.100088 0.000000 0.000000 0.000000 0.040666 0.285682
    53 0.000000 -0.000007 -0.000031 1.373047 0.113574 0.124314
    54 0.000000 0.000000 0.000000 -0.077030 -0.068757 -1.299215
    55 7.054213 0.000000 0.000000 0.000000 0.000000 0.000000
    56 0.000000 -0.000007 -0.000031 1.373047 0.113574 0.124314
    57 0.000000 -0.000007 -0.000031 1.373047 0.113574 0.124314
    58 2.856947 -1.536175 -0.973780 -1.501147 -0.272558 -1.578261
    59 0.000000 0.000000 10.000000 0.000000 0.000000 0.000000
    60 2.856899 -1.536201 -0.973800 -1.501147 -0.272558 -1.578261
    61 2.000000 -3.000000 0.000000 -1.570796 0.000000 -1.326450
    62 0.018896 0.665159 9.395880 0.000000 0.000000 0.000000
    63 3.028210 -0.923409 -2.009452 1.574082 -0.012974 1.587244
    64 0.116954 4.311606 0.061861 0.000010 0.000000 0.000000
    65 0.000000 -0.000002 0.000000 0.000000 0.000000 0.000000
    66 0.000000 1.000000 0.000010 0.000000 0.000000 0.000000
    67 -0.000001 0.000000 0.000000 0.000000 0.000000 0.000000
    68 -0.000001 0.000000 0.000000 0.000000 0.000000 0.000000
    69 -0.000001 0.000000 0.000000 0.000000 0.000000 0.000000
time 77
    0 0.770020 2.613281 4.378906 -0.311710 0.205029 -0.144964
    1 3.455587 0.000000 0.000000 -2.102821 -0.006535 -1.069319
    2 16.572346 0.000000 0.000000 0.000000 0.000000 0.707057
    3 16.265829 0.000000 0.000000 -0.194394 0.053314 -1.638968
    4 5.046457 0.000000 0.000000 0.009897 -0.018734 -0.359432
    5 -3.455587 0.000000 0.000000 -1.538673 -0.349161 -1.474516
    6 16.572346 0.000000 0.000000 0.000000 0.000000 1.219769
    7 16.265831 0.000000 0.000000 0.064998 0.163105 -1.431591
    8 5.046457 0.000000 0.000000 -0.099994 0.014977 -0.360446
    9 0.000000 3.703728 0.293189 1.535762 -0.487317 1.459510
    10 3.307846 0.000000 0.000000 -0.042050 -0.064643 0.010172
    11 3.297962 0.000000 0.000000 -0.025340 -0.020606 -0.182077
    12 6.040985 0.000000 0.000000 -0.028375 -0.009404 0.173540
    13 5.065758 0.000000 0.000000 -3.098735 0.113135 1.008836
    14 3.993755 0.000000 0.000000 -0.033715 -0.098143 0.008917
    15 3.815876 1.385489 1.500000 -1.087779 -0.871677 -0.340855
    16 4.327093 0.000004 0.000000 -1.277275 -0.212802 -1.801399
    17 11.105114 0.000000 0.000000 0.000000 0.000000 -1.500802
    18 9.862099 -0.000011 -0.000031 1.060217 -0.932217 0.231199
    19 2.641094 0.214619 -1.073586 0.343628 0.190590 -0.206088
    20 1.361605 -0.000002 0.000000 -0.033841 -0.056553 -0.539645
    21 0.779602 0.000002 0.000000 -0.038850 -0.124039 -0.304402
    22 2.908712 0.221762 -0.431868 0.315698 0.064495 -0.241172
    23 1.597527 0.000001 0.000000 -0.020360 -0.043876 -0.434642
    24 0.912680 0.000001 0.000000 0.002612 0.008298 -0.304949
    25 3.265450 0.050007 0.415744 0.323090 0.091423 -0.184625
    26 1.860470 0.000000 0.000000 -0.051595 -0.064269 -0.677213
    27 1.061481 -0.000001 0.000000 0.004073 0.029503 -0.137208
    28 3.340382 -0.242393 1.285012 0.318555 0.062569 -0.163990
    29 1.550753 0.000001 0.000000 0.061718 0.075999 -0.683161
    30 0.904888 0.000001 0.000000 0.001658 0.026316 -0.062909
    31 1.219385 -1.063860 0.837143 1.892454 -0.324449 -0.255898
    32 1.496971 -0.000002 -0.000001 0.000000 -0.094778 -0.333994
    33 1.100086 0.000000 0.000000 0.000000 -0.040666 0.285682
    34 3.815876 1.385489 -1.500000 0.385086 1.411830 -1.301732
    35 4.327089 -0.000004 0.000000 1.114625 0.912227 -1.141110
    36 11.105106 0.000000 0.000004 0.000000 0.000000 -1.417647
    37 9.862080 -0.000007 0.000017 -1.872436 1.131737 -0.674423
    38 2.641111 0.211586 1.074188 -0.340804 -0.190592 -0.206085
    39 1.361601 0.000000 0.000000 0.033841 0.056553 -0.539645
    40 0.779604 0.000001 0.000000 0.038850 0.124039 -0.304402
    41 2.908730 0.220541 0.432493 -0.312875 -0.064497 -0.241168
    42 1.597527 0.000000 0.000000 0.020360 0.043876 -0.434642
    43 0.912678 0.000000 0.000000 -0.002612 -0.008298 -0.304949
    44 3.265471 0.051184 -0.415600 -0.320266 -0.091425 -0.184622
    45 1.860470 0.000000 0.000000 0.051595 0.064269 -0.677213
    46 1.061485 0.000000 0.000000 -0.004073 -0.029503 -0.137208
    47 3.340403 -0.238762 -1.285691 -0.315731 -0.062571 -0.163986
    48 1.550755 0.000000 0.000000 -0.061718 -0.075999 -0.683161
    49 0.904886 0.000001 0.000000 -0.001658 -0.026316 -0.062909
    50 1.219410 -1.061498 -0.840143 -1.889571 0.325162 -0.254974
    51 1.496971 0.000002 0.000000 0.000000 0.094778 -0.333994
    52 1.100088 0.000000 0.000000 0.000000 0.040666 0.285682
    53 0.000000 -0.000007 -0.000031 1.373047 0.113574 0.124314
    54 0.000000 0.000000 0.000000 -0.077030 -0.068757 -1.299215
    55 7.054213 0.000000 0.000000 0.000000 0.000000 0.000000
    56 0.000000 -0.000007 -0.000031 1.373047 0.113574 0.124314
    57 0.000000 -0.000007 -0.000031 1.373047 0.113574 0.124314
    58 2.856947 -1.536175 -0.973780 -1.501147 -0.272558 -1.578261
    59 0.000000 0.000000 10.000000 0.000000 0.000000 0.000000
    60 2.856899 -1.536201 -0.973800 -1.501147 -0.272558 -1.578261
    61 2.000000 -3.000000 0.000000 -1.570796 0.000000 -1.326450
    62 0.018896 0.665159 9.395880 0.000000 0.000000 0.000000
    63 3.028210 -0.923409 -2.009452 1.574082 -0.012974 1.587244
    64 0.116954 4.311606 0.061861 0.000010 0.000000 0.000000
    65 0.000000 -0.000002 0.000000 0.000000 0.000000 0.000000
    66 0.000000 1.000000 0.000010 0.000000 0.000000 0.000000
    67 -0.000001 0.000000 0.000000 0.000000 0.000000 0.000000
    68 -0.000001 0.000000 0.000000 0.000000 0.000000 0.000000
    69 -0.000001 0.000000 0.000000 0.000000 0.000000 0.000000
time 78
    0 0.655273 2.671875 4.355469 -0.297887 0.214897 -0.131098
    1 3.455587 0.000000 0.000000 -2.231415 -0.048968 -1.038721
    2 16.572346 0.000000 0.000000 0.000000 0.000000 0.906113
    3 16.265829 0.000000 0.000000 -0.172381 -0.055367 -1.692090
    4 5.046457 0.000000 0.000000 0.009838 -0.018762 -0.327538
    5 -3.455587 0.000000 0.000000 -1.530073 -0.172641 -1.518500
    6 16.572346 0.000000 0.000000 0.000000 0.000000 0.888293
    7 16.265831 0.000000 0.000000 0.038573 0.194323 -1.415818
    8 5.046457 0.000000 0.000000 -0.099928 0.014992 -0.387538
    9 0.000000 3.703728 0.293189 1.561577 -0.466414 1.447924
    10 3.307846 0.000000 0.000000 -0.019160 -0.067614 -0.000475
    11 3.297962 0.000000 0.000000 -0.002912 -0.018808 -0.178307
    12 6.040985 0.000000 0.000000 -0.006090 -0.019031 0.183941
    13 5.065758 0.000000 0.000000 -3.072739 0.066721 0.926295
    14 3.993755 0.000000 0.000000 0.019589 -0.076249 0.050576
    15 3.815876 1.385489 1.500000 -1.036190 -0.863418 -0.409693
    16 4.327093 0.000004 0.000000 -1.032438 -0.282372 -1.783799
    17 11.105114 0.000000 0.000000 0.000000 0.000000 -1.603283
    18 9.862099 -0.000011 -0.000031 1.012005 -1.107919 0.195988
    19 2.641094 0.214619 -1.073586 0.343628 0.190590 -0.206088
    20 1.361605 -0.000002 0.000000 -0.033841 -0.056553 -0.539645
    21 0.779602 0.000002 0.000000 -0.038850 -0.124039 -0.304402
    22 2.908712 0.221762 -0.431868 0.315698 0.064495 -0.241172
    23 1.597527 0.000001 0.000000 -0.020360 -0.043876 -0.434642
    24 0.912680 0.000001 0.000000 0.002612 0.008298 -0.304949
    25 3.265450 0.050007 0.415744 0.323090 0.091423 -0.184625
    26 1.860470 0.000000 0.000000 -0.051595 -0.064269 -0.677213
    27 1.061481 -0.000001 0.000000 0.004073 0.029503 -0.137208
    28 3.340382 -0.242393 1.285012 0.318555 0.062569 -0.163990
    29 1.550753 0.000001 0.000000 0.061718 0.075999 -0.683161
    30 0.904888 0.000001 0.000000 0.001658 0.026316 -0.062909
    31 1.219385 -1.063860 0.837143 1.892454 -0.324449 -0.255898
    32 1.496971 -0.000002 -0.000001 0.000000 -0.094778 -0.333994
    33 1.100086 0.000000 0.000000 0.000000 -0.040666 0.285682
    34 3.815876 1.385489 -1.500000 0.431225 1.469569 -1.284611
    35 4.327089 -0.000004 0.000000 1.051175 0.930281 -1.258986
    36 11.105106 0.000000 0.000004 0.000000 0.000000 -1.086901
    37 9.862080 -0.000007 0.000017 -1.699962 1.255562 -0.481021
    38 2.641111 0.211586 1.074188 -0.340804 -0.190592 -0.206085
    39 1.361601 0.000000 0.000000 0.033841 0.056553 -0.539645
    40 0.779604 0.000001 0.000000 0.038850 0.124039 -0.304402
    41 2.908730 0.220541 0.432493 -0.312875 -0.064497 -0.241168
    42 1.597527 0.000000 0.000000 0.020360 0.043876 -0.434642
    43 0.912678 0.000000 0.000000 -0.002612 -0.008298 -0.304949
    44 3.265471 0.051184 -0.415600 -0.320266 -0.091425 -0.184622
    45 1.860470 0.000000 0.000000 0.051595 0.064269 -0.677213
    46 1.061485 0.000000 0.000000 -0.004073 -0.029503 -0.137208
    47 3.340403 -0.238762 -1.285691 -0.315731 -0.062571 -0.163986
    48 1.550755 0.000000 0.000000 -0.061718 -0.075999 -0.683161
    49 0.904886 0.000001 0.000000 -0.001658 -0.026316 -0.062909
    50 1.219410 -1.061498 -0.840143 -1.889571 0.325162 -0.254974
    51 1.496971 0.000002 0.000000 0.000000 0.094778 -0.333994
    52 1.100088 0.000000 0.000000 0.000000 0.040666 0.285682
    53 0.000000 -0.000007 -0.000031 1.373047 0.113574 0.124314
    54 0.000000 0.000000 0.000000 -0.077030 -0.068757 -1.299215
    55 7.054213 0.000000 0.000000 0.000000 0.000000 0.000000
    56 0.000000 -0.000007 -0.000031 1.373047 0.113574 0.124314
    57 0.000000 -0.000007 -0.000031 1.373047 0.113574 0.124314
    58 2.856947 -1.536175 -0.973780 -1.501147 -0.272558 -1.578261
    59 0.000000 0.000000 10.000000 0.000000 0.000000 0.000000
    60 2.856899 -1.536201 -0.973800 -1.501147 -0.272558 -1.578261
    61 2.000000 -3.000000 0.000000 -1.570796 0.000000 -1.326450
    62 0.018896 0.665159 9.395880 0.000000 0.000000 0.000000
    63 3.028210 -0.923409 -2.009452 1.574082 -0.012974 1.587244
    64 0.116954 4.311606 0.061861 0.000010 0.000000 0.000000
    65 0.000000 -0.000002 0.000000 0.000000 0.000000 0.000000
    66 0.000000 1.000000 0.000010 0.000000 0.000000 0.000000
    67 -0.000001 0.000000 0.000000 0.000000 0.000000 0.000000
    68 -0.000001 0.000000 0.000000 0.000000 0.000000 0.000000
    69 -0.000001 0.000000 0.000000 0.000000 0.000000 0.000000
time 79
    0 0.540527 2.601563 4.363281 -0.267619 0.224221 -0.113832
    1 3.455587 0.000000 0.000000 -2.350505 -0.107047 -0.992212
    2 16.572346 0.000000 0.000000 0.000000 0.000000 1.104294
    3 16.265829 0.000000 0.000000 -0.145063 -0.089517 -1.719419
    4 5.046457 0.000000 0.000000 0.009858 -0.018752 -0.303848
    5 -3.455587 0.000000 0.000000 -1.558461 -0.010235 -1.536767
    6 16.572346 0.000000 0.000000 0.000000 0.000000 0.543348
    7 16.265831 0.000000 0.000000 -0.008785 0.225780 -1.390332
    8 5.046457 0.000000 0.000000 -0.099814 0.014974 -0.381108
    9 0.000000 3.703728 0.293189 1.577783 -0.451556 1.426847
    10 3.307846 0.000000 0.000000 -0.004976 -0.074629 -0.010181
    11 3.297962 0.000000 0.000000 0.010449 -0.012920 -0.181174
    12 6.040985 0.000000 0.000000 0.008503 -0.015408 0.178355
    13 5.065758 0.000000 0.000000 -3.083806 0.014810 0.845558
    14 3.993755 0.000000 0.000000 0.049928 -0.050337 0.090857
    15 3.815876 1.385489 1.500000 -1.035321 -0.922309 -0.462498
    16 4.327093 0.000004 0.000000 -0.944769 -0.338506 -1.712900
    17 11.105114 0.000000 0.000000 0.000000 0.000000 -1.667885
    18 9.862099 -0.000011 -0.000031 1.540018 -0.987356 -0.347314
    19 2.641094 0.214619 -1.073586 0.343628 0.190590 -0.206088
    20 1.361605 -0.000002 0.000000 -0.033841 -0.056553 -0.539645
    21 0.779602 0.000002 0.000000 -0.038850 -0.124039 -0.304402
    22 2.908712 0.221762 -0.431868 0.315698 0.064495 -0.241172
    23 1.597527 0.000001 0.000000 -0.020360 -0.043876 -0.434642
    24 0.912680 0.000001 0.000000 0.002612 0.008298 -0.304949
    25 3.265450 0.050007 0.415744 0.323090 0.091423 -0.184625
    26 1.860470 0.000000 0.000000 -0.051595 -0.064269 -0.677213
    27 1.061481 -0.000001 0.000000 0.004073 0.029503 -0.137208
    28 3.340382 -0.242393 1.285012 0.318555 0.062569 -0.163990
    29 1.550753 0.000001 0.000000 0.061718 0.075999 -0.683161
    30 0.904888 0.000001 0.000000 0.001658 0.026316 -0.062909
    31 1.219385 -1.063860 0.837143 1.892454 -0.324449 -0.255898
    32 1.496971 -0.000002 -0.000001 0.000000 -0.094778 -0.333994
    33 1.100086 0.000000 0.000000 0.000000 -0.040666 0.285682
    34 3.815876 1.385489 -1.500000 1.231302 1.507519 -0.505808
    35 4.327089 -0.000004 0.000000 0.961622 0.961774 -1.295629
    36 11.105106 0.000000 0.000004 0.000000 0.000000 -0.787547
    37 9.862080 -0.000007 0.000017 -1.034754 1.044266 0.301114
    38 2.641111 0.211586 1.074188 -0.340804 -0.190592 -0.206085
    39 1.361601 0.000000 0.000000 0.033841 0.056553 -0.539645
    40 0.779604 0.000001 0.000000 0.038850 0.124039 -0.304402
    41 2.908730 0.220541 0.432493 -0.312875 -0.064497 -0.241168
    42 1.597527 0.000000 0.000000 0.020360 0.043876 -0.434642
    43 0.912678 0.000000 0.000000 -0.002612 -0.008298 -0.304949
    44 3.265471 0.051184 -0.415600 -0.320266 -0.091425 -0.184622
    45 1.860470 0.000000 0.000000 0.051595 0.064269 -0.677213
    46 1.061485 0.000000 0.000000 -0.004073 -0.029503 -0.137208
    47 3.340403 -0.238762 -1.285691 -0.315731 -0.062571 -0.163986
    48 1.550755 0.000000 0.000000 -0.061718 -0.075999 -0.683161
    49 0.904886 0.000001 0.000000 -0.001658 -0.026316 -0.062909
    50 1.219410 -1.061498 -0.840143 -1.889571 0.325162 -0.254974
    51 1.496971 0.000002 0.000000 0.000000 0.094778 -0.333994
    52 1.100088 0.000000 0.000000 0.000000 0.040666 0.285682
    53 0.000000 -0.000007 -0.000031 1.373047 0.113574 0.124314
    54 0.000000 0.000000 0.000000 -0.077030 -0.068757 -1.299215
    55 7.054213 0.000000 0.000000 0.000000 0.000000 0.000000
    56 0.000000 -0.000007 -0.000031 1.373047 0.113574 0.124314
    57 0.000000 -0.000007 -0.000031 1.373047 0.113574 0.124314
    58 2.856947 -1.536175 -0.973780 -1.501147 -0.272558 -1.578261
    59 0.000000 0.000000 10.000000 0.000000 0.000000 0.000000
    60 2.856899 -1.536201 -0.973800 -1.501147 -0.272558 -1.578261
    61 2.000000 -3.000000 0.000000 -1.570796 0.000000 -1.326450
    62 0.018896 0.665159 9.395880 0.000000 0.000000 0.000000
    63 3.028210 -0.923409 -2.009452 1.574082 -0.012974 1.587244
    64 0.116954 4.311606 0.061861 0.000010 0.000000 0.000000
    65 0.000000 -0.000002 0.000000 0.000000 0.000000 0.000000
    66 0.000000 1.000000 0.000010 0.000000 0.000000 0.000000
    67 -0.000001 0.000000 0.000000 0.000000 0.000000 0.000000
    68 -0.000001 0.000000 0.000000 0.000000 0.000000 0.000000
    69 -0.000001 0.000000 0.000000 0.000000 0.000000 0.000000
time 80
    0 0.477051 2.435547 4.273438 -0.212435 0.244032 -0.100143
    1 3.455587 0.000000 0.000000 -2.442451 -0.198866 -0.931983
    2 16.572346 0.000000 0.000000 0.000000 0.000000 1.291992
    3 16.265829 0.000000 0.000000 -0.158554 -0.050627 -1.703415
    4 5.046457 0.000000 0.000000 0.009860 -0.018751 -0.304023
    5 -3.455587 0.000000 0.000000 -1.573293 0.095208 -1.539552
    6 16.572346 0.000000 0.000000 0.000000 0.000000 0.265628
    7 16.265831 0.000000 0.000000 -0.062433 0.227736 -1.373795
    8 5.046457 0.000000 0.000000 -0.099661 0.014893 -0.383390
    9 0.000000 3.703728 0.293189 1.590353 -0.429252 1.408577
    10 3.307846 0.000000 0.000000 0.006970 -0.081448 -0.020502
    11 3.297962 0.000000 0.000000 0.021080 -0.003015 -0.182269
    12 6.040985 0.000000 0.000000 0.021767 0.000156 0.176346
    13 5.065758 0.000000 0.000000 -3.115969 -0.024112 0.798224
    14 3.993755 0.000000 0.000000 0.048473 -0.025550 0.118885
    15 3.815876 1.385489 1.500000 -1.068033 -0.999775 -0.490018
    16 4.327093 0.000004 0.000000 -0.922544 -0.434010 -1.612613
    17 11.105114 0.000000 0.000000 0.000000 0.000000 -1.730306
    18 9.862099 -0.000011 -0.000031 1.775399 -0.689701 -0.515081
    19 2.641094 0.214619 -1.073586 0.343628 0.190590 -0.206088
    20 1.361605 -0.000002 0.000000 -0.033841 -0.056553 -0.539645
    21 0.779602 0.000002 0.000000 -0.038850 -0.124039 -0.304402
    22 2.908712 0.221762 -0.431868 0.315698 0.064495 -0.241172
    23 1.597527 0.000001 0.000000 -0.020360 -0.043876 -0.434642
    24 0.912680 0.000001 0.000000 0.002612 0.008298 -0.304949
    25 3.265450 0.050007 0.415744 0.323090 0.091423 -0.184625
    26 1.860470 0.000000 0.000000 -0.051595 -0.064269 -0.677213
    27 1.061481 -0.000001 0.000000 0.004073 0.029503 -0.137208
    28 3.340382 -0.242393 1.285012 0.318555 0.062569 -0.163990
    29 1.550753 0.000001 0.000000 0.061718 0.075999 -0.683161
    30 0.904888 0.000001 0.000000 0.001658 0.026316 -0.062909
    31 1.219385 -1.063860 0.837143 1.892454 -0.324449 -0.255898
    32 1.496971 -0.000002 -0.000001 0.000000 -0.094778 -0.333994
    33 1.100086 0.000000 0.000000 0.000000 -0.040666 0.285682
    34 3.815876 1.385489 -1.500000 1.977961 1.474994 0.235789
    35 4.327089 -0.000004 0.000000 0.883646 0.977419 -1.224615
    36 11.105106 0.000000 0.000004 0.000000 0.000000 -0.620127
    37 9.862080 -0.000007 0.000017 -0.977414 0.717403 0.585083
    38 2.641111 0.211586 1.074188 -0.340804 -0.190592 -0.206085
    39 1.361601 0.000000 0.000000 0.033841 0.056553 -0.539645
    40 0.779604 0.000001 0.000000 0.038850 0.124039 -0.304402
    41 2.908730 0.220541 0.432493 -0.312875 -0.064497 -0.241168
    42 1.597527 0.000000 0.000000 0.020360 0.043876 -0.434642
    43 0.912678 0.000000 0.000000 -0.002612 -0.008298 -0.304949
    44 3.265471 0.051184 -0.415600 -0.320266 -0.091425 -0.184622
    45 1.860470 0.000000 0.000000 0.051595 0.064269 -0.677213
    46 1.061485 0.000000 0.000000 -0.004073 -0.029503 -0.137208
    47 3.340403 -0.238762 -1.285691 -0.315731 -0.062571 -0.163986
    48 1.550755 0.000000 0.000000 -0.061718 -0.075999 -0.683161
    49 0.904886 0.000001 0.000000 -0.001658 -0.026316 -0.062909
    50 1.219410 -1.061498 -0.840143 -1.889571 0.325162 -0.254974
    51 1.496971 0.000002 0.000000 0.000000 0.094778 -0.333994
    52 1.100088 0.000000 0.000000 0.000000 0.040666 0.285682
    53 0.000000 -0.000007 -0.000031 1.373047 0.113574 0.124314
    54 0.000000 0.000000 0.000000 -0.077030 -0.068757 -1.299215
    55 7.054213 0.000000 0.000000 0.000000 0.000000 0.000000
    56 0.000000 -0.000007 -0.000031 1.373047 0.113574 0.124314
    57 0.000000 -0.000007 -0.000031 1.373047 0.113574 0.124314
    58 2.856947 -1.536175 -0.973780 -1.501147 -0.272558 -1.578261
    59 0.000000 0.000000 10.000000 0.000000 0.000000 0.000000
    60 2.856899 -1.536201 -0.973800 -1.501147 -0.272558 -1.578261
    61 2.000000 -3.000000 0.000000 -1.570796 0.000000 -1.326450
    62 0.018896 0.665159 9.395880 0.000000 0.000000 0.000000
    63 3.028210 -0.923409 -2.009452 1.574082 -0.012974 1.587244
    64 0.116954 4.311606 0.061861 0.000010 0.000000 0.000000
    65 0.000000 -0.000002 0.000000 0.000000 0.000000 0.000000
    66 0.000000 1.000000 0.000010 0.000000 0.000000 0.000000
    67 -0.000001 0.000000 0.000000 0.000000 0.000000 0.000000
    68 -0.000001 0.000000 0.000000 0.000000 0.000000 0.000000
    69 -0.000001 0.000000 0.000000 0.000000 0.000000 0.000000
time 81
    0 0.582520 2.302734 4.058594 -0.129906 0.274017 -0.088118
    1 3.455587 0.000000 0.000000 -2.502786 -0.327845 -0.876091
    2 16.572346 0.000000 0.000000 0.000000 0.000000 1.443146
    3 16.265829 0.000000 0.000000 -0.178139 0.023626 -1.675864
    4 5.046457 0.000000 0.000000 0.009890 -0.018767 -0.298173
    5 -3.455587 0.000000 0.000000 -1.522720 0.112752 -1.542854
    6 16.572346 0.000000 0.000000 0.000000 0.000000 0.128715
    7 16.265831 0.000000 0.000000 -0.029903 0.154855 -1.361027
    8 5.046457 0.000000 0.000000 -0.099615 0.014881 -0.411160
    9 0.000000 3.703728 0.293189 1.602325 -0.390785 1.400167
    10 3.307846 0.000000 0.000000 0.018319 -0.087894 -0.031397
    11 3.297962 0.000000 0.000000 0.030149 0.007957 -0.176668
    12 6.040985 0.000000 0.000000 0.034232 0.024027 0.191958
    13 5.065758 0.000000 0.000000 -3.135084 -0.039319 0.801067
    14 3.993755 0.000000 0.000000 0.044729 -0.021002 0.103891
    15 3.815876 1.385489 1.500000 -1.085764 -1.095848 -0.525520
    16 4.327093 0.000004 0.000000 -0.885137 -0.574469 -1.482141
    17 11.105114 0.000000 0.000000 0.000000 0.000000 -1.795087
    18 9.862099 -0.000011 -0.000031 1.780293 -0.581592 -0.550888
    19 2.641094 0.214619 -1.073586 0.343628 0.190590 -0.206088
    20 1.361605 -0.000002 0.000000 -0.033841 -0.056553 -0.539645
    21 0.779602 0.000002 0.000000 -0.038850 -0.124039 -0.304402
    22 2.908712 0.221762 -0.431868 0.315698 0.064495 -0.241172
    23 1.597527 0.000001 0.000000 -0.020360 -0.043876 -0.434642
    24 0.912680 0.000001 0.000000 0.002612 0.008298 -0.304949
    25 3.265450 0.050007 0.415744 0.323090 0.091423 -0.184625
    26 1.860470 0.000000 0.000000 -0.051595 -0.064269 -0.677213
    27 1.061481 -0.000001 0.000000 0.004073 0.029503 -0.137208
    28 3.340382 -0.242393 1.285012 0.318555 0.062569 -0.163990
    29 1.550753 0.000001 0.000000 0.061718 0.075999 -0.683161
    30 0.904888 0.000001 0.000000 0.001658 0.026316 -0.062909
    31 1.219385 -1.063860 0.837143 1.892454 -0.324449 -0.255898
    32 1.496971 -0.000002 -0.000001 0.000000 -0.094778 -0.333994
    33 1.100086 0.000000 0.000000 0.000000 -0.040666 0.285682
    34 3.815876 1.385489 -1.500000 2.288137 1.447725 0.590655
    35 4.327089 -0.000004 0.000000 0.944230 0.954395 -1.077135
    36 11.105106 0.000000 0.000004 0.000000 0.000000 -0.558059
    37 9.862080 -0.000007 0.000017 -1.051786 0.682635 0.601431
    38 2.641111 0.211586 1.074188 -0.340804 -0.190592 -0.206085
    39 1.361601 0.000000 0.000000 0.033841 0.056553 -0.539645
    40 0.779604 0.000001 0.000000 0.038850 0.124039 -0.304402
    41 2.908730 0.220541 0.432493 -0.312875 -0.064497 -0.241168
    42 1.597527 0.000000 0.000000 0.020360 0.043876 -0.434642
    43 0.912678 0.000000 0.000000 -0.002612 -0.008298 -0.304949
    44 3.265471 0.051184 -0.415600 -0.320266 -0.091425 -0.184622
    45 1.860470 0.000000 0.000000 0.051595 0.064269 -0.677213
    46 1.061485 0.000000 0.000000 -0.004073 -0.029503 -0.137208
    47 3.340403 -0.238762 -1.285691 -0.315731 -0.062571 -0.163986
    48 1.550755 0.000000 0.000000 -0.061718 -0.075999 -0.683161
    49 0.904886 0.000001 0.000000 -0.001658 -0.026316 -0.062909
    50 1.219410 -1.061498 -0.840143 -1.889571 0.325162 -0.254974
    51 1.496971 0.000002 0.000000 0.000000 0.094778 -0.333994
    52 1.100088 0.000000 0.000000 0.000000 0.040666 0.285682
    53 0.000000 -0.000007 -0.000031 1.373047 0.113574 0.124314
    54 0.000000 0.000000 0.000000 -0.077030 -0.068757 -1.299215
    55 7.054213 0.000000 0.000000 0.000000 0.000000 0.000000
    56 0.000000 -0.000007 -0.000031 1.373047 0.113574 0.124314
    57 0.000000 -0.000007 -0.000031 1.373047 0.113574 0.124314
    58 2.856947 -1.536175 -0.973780 -1.501147 -0.272558 -1.578261
    59 0.000000 0.000000 10.000000 0.000000 0.000000 0.000000
    60 2.856899 -1.536201 -0.973800 -1.501147 -0.272558 -1.578261
    61 2.000000 -3.000000 0.000000 -1.570796 0.000000 -1.326450
    62 0.018896 0.665159 9.395880 0.000000 0.000000 0.000000
    63 3.028210 -0.923409 -2.009452 1.574082 -0.012974 1.587244
    64 0.116954 4.311606 0.061861 0.000010 0.000000 0.000000
    65 0.000000 -0.000002 0.000000 0.000000 0.000000 0.000000
    66 0.000000 1.000000 0.000010 0.000000 0.000000 0.000000
    67 -0.000001 0.000000 0.000000 0.000000 0.000000 0.000000
    68 -0.000001 0.000000 0.000000 0.000000 0.000000 0.000000
    69 -0.000001 0.000000 0.000000 0.000000 0.000000 0.000000
time 82
    0 0.799805 2.166016 3.751953 -0.040077 0.312624 -0.060879
    1 3.455587 0.000000 0.000000 -2.533244 -0.474257 -0.842197
    2 16.572346 0.000000 0.000000 0.000000 0.000000 1.550722
    3 16.265829 0.000000 0.000000 -0.197546 0.116022 -1.652159
    4 5.046457 0.000000 0.000000 0.009905 -0.018792 -0.290668
    5 -3.455587 0.000000 0.000000 -1.473314 0.043551 -1.576119
    6 16.572346 0.000000 0.000000 0.000000 0.000000 0.110640
    7 16.265831 0.000000 0.000000 0.057000 0.111432 -1.331654
    8 5.046457 0.000000 0.000000 -0.099465 0.014936 -0.407011
    9 0.000000 3.703728 0.293189 1.612636 -0.363015 1.391806
    10 3.307846 0.000000 0.000000 0.027962 -0.097127 -0.034639
    11 3.297962 0.000000 0.000000 0.038787 0.019685 -0.170100
    12 6.040985 0.000000 0.000000 0.047074 0.051512 0.208634
    13 5.065758 0.000000 0.000000 -3.128361 -0.024978 0.860775
    14 3.993755 0.000000 0.000000 0.046892 -0.036428 0.057709
    15 3.815876 1.385489 1.500000 -1.048617 -1.194058 -0.619941
    16 4.327093 0.000004 0.000000 -0.854701 -0.693460 -1.316420
    17 11.105114 0.000000 0.000000 0.000000 0.000000 -1.890052
    18 9.862099 -0.000011 -0.000031 1.752330 -0.556758 -0.572921
    19 2.641094 0.214619 -1.073586 0.343628 0.190590 -0.206088
    20 1.361605 -0.000002 0.000000 -0.033841 -0.056553 -0.539645
    21 0.779602 0.000002 0.000000 -0.038850 -0.124039 -0.304402
    22 2.908712 0.221762 -0.431868 0.315698 0.064495 -0.241172
    23 1.597527 0.000001 0.000000 -0.020360 -0.043876 -0.434642
    24 0.912680 0.000001 0.000000 0.002612 0.008298 -0.304949
    25 3.265450 0.050007 0.415744 0.323090 0.091423 -0.184625
    26 1.860470 0.000000 0.000000 -0.051595 -0.064269 -0.677213
    27 1.061481 -0.000001 0.000000 0.004073 0.029503 -0.137208
    28 3.340382 -0.242393 1.285012 0.318555 0.062569 -0.163990
    29 1.550753 0.000001 0.000000 0.061718 0.075999 -0.683161
    30 0.904888 0.000001 0.000000 0.001658 0.026316 -0.062909
    31 1.219385 -1.063860 0.837143 1.892454 -0.324449 -0.255898
    32 1.496971 -0.000002 -0.000001 0.000000 -0.094778 -0.333994
    33 1.100086 0.000000 0.000000 0.000000 -0.040666 0.285682
    34 3.815876 1.385489 -1.500000 2.676514 1.457778 1.030255
    35 4.327089 -0.000004 0.000000 1.073099 0.892773 -0.933485
    36 11.105106 0.000000 0.000004 0.000000 0.000000 -0.484525
    37 9.862080 -0.000007 0.000017 -1.085105 0.746421 0.498963
    38 2.641111 0.211586 1.074188 -0.340804 -0.190592 -0.206085
    39 1.361601 0.000000 0.000000 0.033841 0.056553 -0.539645
    40 0.779604 0.000001 0.000000 0.038850 0.124039 -0.304402
    41 2.908730 0.220541 0.432493 -0.312875 -0.064497 -0.241168
    42 1.597527 0.000000 0.000000 0.020360 0.043876 -0.434642
    43 0.912678 0.000000 0.000000 -0.002612 -0.008298 -0.304949
    44 3.265471 0.051184 -0.415600 -0.320266 -0.091425 -0.184622
    45 1.860470 0.000000 0.000000 0.051595 0.064269 -0.677213
    46 1.061485 0.000000 0.000000 -0.004073 -0.029503 -0.137208
    47 3.340403 -0.238762 -1.285691 -0.315731 -0.062571 -0.163986
    48 1.550755 0.000000 0.000000 -0.061718 -0.075999 -0.683161
    49 0.904886 0.000001 0.000000 -0.001658 -0.026316 -0.062909
    50 1.219410 -1.061498 -0.840143 -1.889571 0.325162 -0.254974
    51 1.496971 0.000002 0.000000 0.000000 0.094778 -0.333994
    52 1.100088 0.000000 0.000000 0.000000 0.040666 0.285682
    53 0.000000 -0.000007 -0.000031 1.373047 0.113574 0.124314
    54 0.000000 0.000000 0.000000 -0.077030 -0.068757 -1.299215
    55 7.054213 0.000000 0.000000 0.000000 0.000000 0.000000
    56 0.000000 -0.000007 -0.000031 1.373047 0.113574 0.124314
    57 0.000000 -0.000007 -0.000031 1.373047 0.113574 0.124314
    58 2.856947 -1.536175 -0.973780 -1.501147 -0.272558 -1.578261
    59 0.000000 0.000000 10.000000 0.000000 0.000000 0.000000
    60 2.856899 -1.536201 -0.973800 -1.501147 -0.272558 -1.578261
    61 2.000000 -3.000000 0.000000 -1.570796 0.000000 -1.326450
    62 0.018896 0.665159 9.395880 0.000000 0.000000 0.000000
    63 3.028210 -0.923409 -2.009452 1.574082 -0.012974 1.587244
    64 0.116954 4.311606 0.061861 0.000010 0.000000 0.000000
    65 0.000000 -0.000002 0.000000 0.000000 0.000000 0.000000
    66 0.000000 1.000000 0.000010 0.000000 0.000000 0.000000
    67 -0.000001 0.000000 0.000000 0.000000 0.000000 0.000000
    68 -0.000001 0.000000 0.000000 0.000000 0.000000 0.000000
    69 -0.000001 0.000000 0.000000 0.000000 0.000000 0.000000
end
