version 1
nodes
  0 "ValveBiped.Bip01_Pelvis" -1
  1 "ValveBiped.Bip01_Spine" 0
  2 "ValveBiped.Bip01_Spine1" 1
  3 "ValveBiped.Bip01_Spine2" 2
  4 "ValveBiped.Bip01_Spine4" 3
  5 "ValveBiped.Bip01_R_Clavicle" 4
  6 "ValveBiped.Bip01_R_UpperArm" 5
  7 "ValveBiped.Bip01_R_Forearm" 6
  8 "ValveBiped.Bip01_L_Clavicle" 4
  9 "ValveBiped.Bip01_L_UpperArm" 8
  10 "ValveBiped.Bip01_L_Forearm" 9
  11 "ValveBiped.Bip01_L_Hand" 10
  12 "ValveBiped.Bip01_R_Thigh" 0
  13 "ValveBiped.Bip01_R_Hand" 7
  14 "ValveBiped.Bip01_R_Knee" 12
  15 "ValveBiped.Bip01_Neck1" 4
  16 "ValveBiped.Bip01_Head1" 15
  17 "ValveBiped.Bip01_R_Calf" 12
  18 "ValveBiped.Bip01_R_Foot" 17
  19 "ValveBiped.Bip01_R_Toe0" 18
  20 "ValveBiped.Bip01_L_Thigh" 0
  21 "ValveBiped.Bip01_L_Knee" 20
  22 "ValveBiped.Bip01_L_Calf" 20
  23 "ValveBiped.Bip01_L_Foot" 22
  24 "ValveBiped.Bip01_L_Toe0" 23
  25 "ValveBiped.Bip01_L_Finger4" 11
  26 "ValveBiped.Bip01_L_Finger41" 25
  27 "ValveBiped.Bip01_L_Finger42" 26
  28 "ValveBiped.Bip01_L_Finger3" 11
  29 "ValveBiped.Bip01_L_Finger31" 28
  30 "ValveBiped.Bip01_L_Finger32" 29
  31 "ValveBiped.Bip01_L_Finger2" 11
  32 "ValveBiped.Bip01_L_Finger21" 31
  33 "ValveBiped.Bip01_L_Finger22" 32
  34 "ValveBiped.Bip01_L_Finger1" 11
  35 "ValveBiped.Bip01_L_Finger11" 34
  36 "ValveBiped.Bip01_L_Finger12" 35
  37 "ValveBiped.Bip01_L_Finger0" 11
  38 "ValveBiped.Bip01_L_Finger01" 37
  39 "ValveBiped.Bip01_L_Finger02" 38
  40 "ValveBiped.Bip01_L_Ulna" 10
  41 "ValveBiped.Bip01_L_Wrist" 10
  42 "ValveBiped.Bip01_L_Elbow" 9
  43 "ValveBiped.Bip01_R_Finger4" 13
  44 "ValveBiped.Bip01_R_Finger41" 43
  45 "ValveBiped.Bip01_R_Finger42" 44
  46 "ValveBiped.Bip01_R_Finger3" 13
  47 "ValveBiped.Bip01_R_Finger31" 46
  48 "ValveBiped.Bip01_R_Finger32" 47
  49 "ValveBiped.Bip01_R_Finger2" 13
  50 "ValveBiped.Bip01_R_Finger21" 49
  51 "ValveBiped.Bip01_R_Finger22" 50
  52 "ValveBiped.Bip01_R_Finger1" 13
  53 "ValveBiped.Bip01_R_Finger11" 52
  54 "ValveBiped.Bip01_R_Finger12" 53
  55 "ValveBiped.Bip01_R_Finger0" 13
  56 "ValveBiped.Bip01_R_Finger01" 55
  57 "ValveBiped.Bip01_R_Finger02" 56
  58 "ValveBiped.Bip01_R_Wrist" 7
  59 "ValveBiped.Bip01_R_Ulna" 7
  60 "ValveBiped.Bip01_R_Elbow" 6
  61 "ValveBiped.attachment_bandage_legL" 22
  62 "ValveBiped.attachment_bandage_armL" 10
  63 "ValveBiped.attachment_armL_T" 10
  64 "ValveBiped.attachment_armR_T" 7
  65 "ValveBiped.L_weapon_bone" 11
  66 "ValveBiped.weapon_bone" 13
  67 "ValveBiped.weapon_bone_Clip" 66
  68 "ValveBiped.weapon_bone_extra" 66
  69 "ValveBiped.forward" 16
  70 "ValveBiped.weapon_bone_Clip2" 11
  71 "ValveBiped.weapon_bone_Clip2_Bullets" 70
  72 "ValveBiped.weapon_bolt_l" 11
  73 "ValveBiped.weapon_bone_Clip_Bullets" 67
  74 "ValveBiped.weapon_bolt" 66
  75 "ValveBiped.weapon_bolt_opposite" 66
  76 "ValveBiped.weapon_charger" 66
end
skeleton
time 0
    0 -2.486328 9.484375 7.324219 0.193890 1.184807 0.511195
    1 0.000000 3.591042 -0.015921 1.584197 -0.306958 1.487103
    2 3.548302 0.000000 0.000000 -0.038313 -0.032089 0.103074
    3 3.284046 0.000001 0.000000 -0.117504 -0.063516 0.219674
    4 5.062389 -0.000001 0.000000 -0.128875 0.104762 0.545973
    5 3.610073 1.295546 -1.332000 1.811527 1.381858 0.107320
    6 4.890536 0.000004 0.000000 1.115721 0.288366 -1.234165
    7 9.685764 0.000000 -0.000004 0.000000 0.000000 -1.673938
    8 3.610065 1.295545 1.332000 0.582489 -1.505514 -2.184709
    9 4.890535 0.000000 -0.000001 -2.260071 -0.021771 -1.355219
    10 9.685764 0.000000 0.000000 0.000000 0.000000 -2.063052
    11 9.256790 -0.000007 -0.000023 2.732556 -0.079117 -0.075107
    12 -3.219585 0.000000 0.000000 -1.372375 -0.564925 -1.644988
    13 9.256779 -0.000004 0.000011 -1.160441 -0.024413 0.383581
    14 16.283249 0.000000 0.000000 0.000000 0.000000 0.025250
    15 4.753334 0.000000 0.000000 -3.126786 0.005953 0.691504
    16 3.962090 0.000000 0.000000 0.032501 -0.066760 0.259150
    17 16.291077 0.000000 0.000000 0.000000 0.000000 1.648449
    18 14.875347 0.000000 0.000000 0.630024 -0.183577 -1.031621
    19 5.277816 0.000000 0.000001 -0.112051 0.023861 -0.331149
    20 3.219585 0.000000 0.000000 -2.116647 -0.982091 -1.114019
    21 16.283253 0.000000 0.000000 0.000000 0.000000 0.025253
    22 16.291080 0.000000 0.000001 0.000000 0.000000 1.606284
    23 14.875350 0.000000 0.000000 -0.453824 0.179152 -1.041213
    24 5.277817 0.000000 0.000000 0.020412 -0.027730 -0.427005
    25 2.660156 0.004799 -1.311523 0.007878 -0.080695 -0.862968
    26 1.340820 0.000002 0.000000 -0.125842 -0.198682 -0.570130
    27 0.717773 -0.000001 0.000000 -0.054473 -0.175380 -0.302889
    28 2.933594 0.180298 -0.485352 0.121103 0.012041 -0.821261
    29 1.604492 0.000004 0.000000 -0.097757 -0.175234 -0.512469
    30 0.857929 0.000002 0.000000 0.002415 0.009757 -0.242679
    31 3.169922 0.097046 0.363525 0.171708 0.049096 -0.587763
    32 1.909180 0.000004 -0.000001 -0.118966 -0.076516 -1.001797
    33 1.023438 0.000001 0.000000 0.001897 0.012019 -0.156562
    34 3.269531 -0.140869 1.259766 0.169212 0.046758 -0.609994
    35 1.509766 -0.000002 0.000000 0.057264 0.071571 -0.675739
    36 0.883299 -0.000002 0.000000 0.001236 0.038489 -0.401834
    37 0.948242 -1.142578 0.871582 1.847521 -0.683203 -0.463005
    38 1.629883 0.000000 0.000000 0.000013 -0.037568 -0.055870
    39 1.085938 0.000000 -0.000004 0.000000 0.000000 -0.125082
    40 4.976479 0.000000 0.000004 -0.126310 0.000000 0.000000
    41 9.952959 0.000000 0.000006 -0.238428 0.000000 0.000000
    42 9.877266 0.000000 0.000002 0.000000 0.000000 -0.161658
    43 2.660156 0.000054 1.311523 -0.217008 -0.163702 -0.341356
    44 1.340820 0.000003 0.000000 -0.022933 0.007613 -1.890993
    45 0.717773 0.000002 0.000000 0.054474 0.175340 -0.910365
    46 2.935547 0.178589 0.486084 -0.301746 -0.245900 -0.601601
    47 1.604492 0.000000 0.000000 0.115619 -0.003419 -1.600477
    48 0.857933 -0.000001 0.000000 -0.002403 -0.009699 -0.901508
    49 3.169922 0.098328 -0.363281 -0.302761 -0.227478 -0.659650
    50 1.909180 0.000000 0.000000 0.004951 -0.001033 -1.772344
    51 1.023438 -0.000002 0.000000 -0.001870 -0.011971 -0.834431
    52 3.271484 -0.136353 -1.259766 -0.188140 -0.087648 -0.204768
    53 1.509766 0.000004 0.000000 -0.051327 -0.064037 -0.676425
    54 0.883297 0.000000 0.000000 -0.001277 -0.038560 -0.033101
    55 0.948242 -1.139648 -0.875977 -1.802022 0.200170 -0.546418
    56 1.629883 0.000000 -0.000002 -0.000004 -0.225005 -0.494029
    57 1.085938 -0.000001 0.000002 -0.000040 0.040618 -0.404246
    58 9.952957 -0.000001 -0.000004 0.242666 0.000000 0.000000
    59 4.976482 0.000000 -0.000002 0.128617 0.000000 0.000000
    60 9.877266 0.000000 0.000000 0.000000 0.000000 -0.161657
    61 7.023271 -6.880002 4.339546 2.620672 -1.456011 -1.105365
    62 3.813801 -3.870655 0.998562 1.570796 -1.069638 0.199892
    63 0.000000 -0.000007 -0.000031 1.373047 0.113574 0.124314
    64 0.000000 -0.000007 -0.000031 1.373047 0.113574 0.124314
    65 3.348999 -1.370998 0.725000 1.977842 -0.088017 1.557793
    66 2.856897 -1.536200 -0.973800 -1.501147 -0.272558 -1.578261
    67 0.000000 0.000000 10.000000 0.000000 0.000000 0.000000
    68 0.018898 0.665159 9.395884 0.000000 0.000000 0.000000
    69 2.000000 -3.000000 0.000000 -1.570796 0.000000 -1.326450
    70 3.028210 -0.923409 -2.009451 1.574082 -0.012974 1.587243
    71 0.116953 4.311606 0.061859 0.000010 -0.000001 0.000000
    72 0.000000 -0.000002 0.000000 0.000000 0.000000 0.000000
    73 -0.000002 1.000000 0.000009 0.000000 0.000000 0.000000
    74 0.000000 0.000000 0.000000 0.000000 0.000000 0.000000
    75 0.000000 0.000000 0.000000 0.000000 0.000000 0.000000
    76 0.000000 0.000000 0.000000 0.000000 0.000000 0.000000
time 1
    0 -2.486328 8.506370 7.386719 0.189753 1.189469 0.507713
    1 0.000000 3.591042 -0.015921 1.583655 -0.306961 1.488780
    2 3.548302 0.000000 0.000000 -0.029224 -0.026939 0.102841
    3 3.284046 0.000001 0.000000 -0.118540 -0.058216 0.219034
    4 5.062389 -0.000001 0.000000 -0.128875 0.104762 0.545973
    5 3.610073 1.295546 -1.332000 1.811527 1.381858 0.107320
    6 4.890536 0.000004 0.000000 1.129948 0.271726 -1.239710
    7 9.685764 0.000000 -0.000004 0.000000 0.000000 -1.687728
    8 3.610065 1.295545 1.332000 -0.820370 -1.487023 -0.772260
    9 4.890535 0.000000 -0.000001 -2.258153 0.046685 -1.421173
    10 9.685764 0.000000 0.000000 0.000000 0.000000 -2.118435
    11 9.256790 -0.000007 -0.000023 2.732556 -0.079117 -0.075107
    12 -3.219585 0.000000 0.000000 -1.341370 -0.598207 -1.654753
    13 9.256779 -0.000004 0.000011 -1.160441 -0.024413 0.383581
    14 16.283249 0.000000 0.000000 0.000000 0.000000 0.025250
    15 4.753334 0.000000 0.000000 -3.126786 0.005953 0.691504
    16 3.962090 0.000000 0.000000 0.032501 -0.066760 0.259150
    17 16.291077 0.000000 0.000000 0.000000 0.000000 1.727355
    18 14.875347 0.000000 0.000000 0.612858 -0.171218 -1.072034
    19 5.277816 0.000000 0.000001 -0.112051 0.023861 -0.331149
    20 3.219585 0.000000 0.000000 -2.139501 -1.034701 -1.066291
    21 16.283253 0.000000 0.000000 0.000000 0.000000 0.025253
    22 16.291080 0.000000 0.000001 0.000000 0.000000 1.675216
    23 14.875350 0.000000 0.000000 -0.467195 0.183811 -1.054158
    24 5.277817 0.000000 0.000000 0.020412 -0.027730 -0.427005
    25 2.660156 0.004799 -1.311523 0.007878 -0.080695 -0.862968
    26 1.340820 0.000002 0.000000 -0.125842 -0.198682 -0.570130
    27 0.717773 -0.000001 0.000000 -0.054473 -0.175380 -0.302889
    28 2.933594 0.180298 -0.485352 0.121103 0.012041 -0.821261
    29 1.604492 0.000004 0.000000 -0.097757 -0.175234 -0.512469
    30 0.857929 0.000002 0.000000 0.002415 0.009757 -0.242679
    31 3.169922 0.097046 0.363525 0.171708 0.049096 -0.587763
    32 1.909180 0.000004 -0.000001 -0.118966 -0.076516 -1.001797
    33 1.023438 0.000001 0.000000 0.001897 0.012019 -0.156562
    34 3.269531 -0.140869 1.259766 0.169212 0.046758 -0.609994
    35 1.509766 -0.000002 0.000000 0.057264 0.071571 -0.675739
    36 0.883299 -0.000002 0.000000 0.001236 0.038489 -0.401834
    37 0.948242 -1.142578 0.871582 1.847521 -0.683203 -0.463005
    38 1.629883 0.000000 0.000000 0.000013 -0.037568 -0.055870
    39 1.085938 0.000000 -0.000004 0.000000 0.000000 -0.125082
    40 4.976479 0.000000 0.000004 -0.126310 0.000000 0.000000
    41 9.952959 0.000000 0.000006 -0.238428 0.000000 0.000000
    42 9.877266 0.000000 0.000002 0.000000 0.000000 -0.161658
    43 2.660156 0.000054 1.311523 -0.217008 -0.163702 -0.341356
    44 1.340820 0.000003 0.000000 -0.022933 0.007613 -1.890993
    45 0.717773 0.000002 0.000000 0.054474 0.175340 -0.910365
    46 2.935547 0.178589 0.486084 -0.301746 -0.245900 -0.601601
    47 1.604492 0.000000 0.000000 0.115619 -0.003419 -1.600477
    48 0.857933 -0.000001 0.000000 -0.002403 -0.009699 -0.901508
    49 3.169922 0.098328 -0.363281 -0.302761 -0.227478 -0.659650
    50 1.909180 0.000000 0.000000 0.004951 -0.001033 -1.772344
    51 1.023438 -0.000002 0.000000 -0.001870 -0.011971 -0.834431
    52 3.271484 -0.136353 -1.259766 -0.188140 -0.087648 -0.204768
    53 1.509766 0.000004 0.000000 -0.051327 -0.064037 -0.676425
    54 0.883297 0.000000 0.000000 -0.001277 -0.038560 -0.033101
    55 0.948242 -1.139648 -0.875977 -1.802022 0.200170 -0.546418
    56 1.629883 0.000000 -0.000002 -0.000004 -0.225005 -0.494029
    57 1.085938 -0.000001 0.000002 -0.000040 0.040618 -0.404246
    58 9.952957 -0.000001 -0.000004 0.242666 0.000000 0.000000
    59 4.976482 0.000000 -0.000002 0.128617 0.000000 0.000000
    60 9.877266 0.000000 0.000000 0.000000 0.000000 -0.161657
    61 7.023271 -6.880002 4.339546 2.620672 -1.456011 -1.105365
    62 3.813801 -3.870655 0.998562 1.570796 -1.069638 0.199892
    63 0.000000 -0.000007 -0.000031 1.373047 0.113574 0.124314
    64 0.000000 -0.000007 -0.000031 1.373047 0.113574 0.124314
    65 3.348999 -1.370998 0.725000 1.977842 -0.088017 1.557793
    66 2.856897 -1.536200 -0.973800 -1.501147 -0.272558 -1.578261
    67 0.000000 0.000000 10.000000 0.000000 0.000000 0.000000
    68 0.018898 0.665159 9.395884 0.000000 0.000000 0.000000
    69 2.000000 -3.000000 0.000000 -1.570796 0.000000 -1.326450
    70 3.028210 -0.923409 -2.009451 1.574082 -0.012974 1.587243
    71 0.116953 4.311606 0.061859 0.000010 -0.000001 0.000000
    72 0.000000 -0.000002 0.000000 0.000000 0.000000 0.000000
    73 -0.000002 1.000000 0.000009 0.000000 0.000000 0.000000
    74 0.000000 0.000000 0.000000 0.000000 0.000000 0.000000
    75 0.000000 0.000000 0.000000 0.000000 0.000000 0.000000
    76 0.000000 0.000000 0.000000 0.000000 0.000000 0.000000
time 2
    0 -2.486328 7.382094 7.566406 0.179235 1.201556 0.499008
    1 0.000000 3.591042 -0.015921 1.582362 -0.306998 1.493101
    2 3.548302 0.000000 0.000000 -0.005634 -0.013801 0.102383
    3 3.284046 0.000001 0.000000 -0.121345 -0.043995 0.217360
    4 5.062389 -0.000001 0.000000 -0.128875 0.104762 0.545973
    5 3.610073 1.295546 -1.332000 1.811527 1.381858 0.107320
    6 4.890536 0.000004 0.000000 1.168431 0.228333 -1.257871
    7 9.685764 0.000000 -0.000004 0.000000 0.000000 -1.723832
    8 3.610065 1.295545 1.332000 -1.342972 -1.279232 -0.226058
    9 4.890535 0.000000 -0.000001 -2.238031 0.129433 -1.611705
    10 9.685764 0.000000 0.000000 0.000000 0.000000 -2.116058
    11 9.256790 -0.000007 -0.000023 2.732556 -0.079117 -0.075107
    12 -3.219585 0.000000 0.000000 -1.252161 -0.619687 -1.695851
    13 9.256779 -0.000004 0.000011 -1.160441 -0.024413 0.383581
    14 16.283249 0.000000 0.000000 0.000000 0.000000 0.025250
    15 4.753334 0.000000 0.000000 -3.126786 0.005953 0.691504
    16 3.962090 0.000000 0.000000 0.032501 -0.066760 0.259150
    17 16.291077 0.000000 0.000000 0.000000 0.000000 1.811705
    18 14.875347 0.000000 0.000000 0.555247 -0.156349 -1.114239
    19 5.277816 0.000000 0.000001 -0.112051 0.023861 -0.331149
    20 3.219585 0.000000 0.000000 -2.127297 -1.103048 -1.030171
    21 16.283253 0.000000 0.000000 0.000000 0.000000 0.025253
    22 16.291080 0.000000 0.000001 0.000000 0.000000 1.750294
    23 14.875350 0.000000 0.000000 -0.503134 0.193224 -1.068125
    24 5.277817 0.000000 0.000000 0.020412 -0.027730 -0.427005
    25 2.660156 0.004799 -1.311523 0.007878 -0.080695 -0.862968
    26 1.340820 0.000002 0.000000 -0.125842 -0.198682 -0.570130
    27 0.717773 -0.000001 0.000000 -0.054473 -0.175380 -0.302889
    28 2.933594 0.180298 -0.485352 0.121103 0.012041 -0.821261
    29 1.604492 0.000004 0.000000 -0.097757 -0.175234 -0.512469
    30 0.857929 0.000002 0.000000 0.002415 0.009757 -0.242679
    31 3.169922 0.097046 0.363525 0.171708 0.049096 -0.587763
    32 1.909180 0.000004 -0.000001 -0.118966 -0.076516 -1.001797
    33 1.023438 0.000001 0.000000 0.001897 0.012019 -0.156562
    34 3.269531 -0.140869 1.259766 0.169212 0.046758 -0.609994
    35 1.509766 -0.000002 0.000000 0.057264 0.071571 -0.675739
    36 0.883299 -0.000002 0.000000 0.001236 0.038489 -0.401834
    37 0.948242 -1.142578 0.871582 1.847521 -0.683203 -0.463005
    38 1.629883 0.000000 0.000000 0.000013 -0.037568 -0.055870
    39 1.085938 0.000000 -0.000004 0.000000 0.000000 -0.125082
    40 4.976479 0.000000 0.000004 -0.126310 0.000000 0.000000
    41 9.952959 0.000000 0.000006 -0.238428 0.000000 0.000000
    42 9.877266 0.000000 0.000002 0.000000 0.000000 -0.161658
    43 2.660156 0.000054 1.311523 -0.217008 -0.163702 -0.341356
    44 1.340820 0.000003 0.000000 -0.022933 0.007613 -1.890993
    45 0.717773 0.000002 0.000000 0.054474 0.175340 -0.910365
    46 2.935547 0.178589 0.486084 -0.301746 -0.245900 -0.601601
    47 1.604492 0.000000 0.000000 0.115619 -0.003419 -1.600477
    48 0.857933 -0.000001 0.000000 -0.002403 -0.009699 -0.901508
    49 3.169922 0.098328 -0.363281 -0.302761 -0.227478 -0.659650
    50 1.909180 0.000000 0.000000 0.004951 -0.001033 -1.772344
    51 1.023438 -0.000002 0.000000 -0.001870 -0.011971 -0.834431
    52 3.271484 -0.136353 -1.259766 -0.188140 -0.087648 -0.204768
    53 1.509766 0.000004 0.000000 -0.051327 -0.064037 -0.676425
    54 0.883297 0.000000 0.000000 -0.001277 -0.038560 -0.033101
    55 0.948242 -1.139648 -0.875977 -1.802022 0.200170 -0.546418
    56 1.629883 0.000000 -0.000002 -0.000004 -0.225005 -0.494029
    57 1.085938 -0.000001 0.000002 -0.000040 0.040618 -0.404246
    58 9.952957 -0.000001 -0.000004 0.242666 0.000000 0.000000
    59 4.976482 0.000000 -0.000002 0.128617 0.000000 0.000000
    60 9.877266 0.000000 0.000000 0.000000 0.000000 -0.161657
    61 7.023271 -6.880002 4.339546 2.620672 -1.456011 -1.105365
    62 3.813801 -3.870655 0.998562 1.570796 -1.069638 0.199892
    63 0.000000 -0.000007 -0.000031 1.373047 0.113574 0.124314
    64 0.000000 -0.000007 -0.000031 1.373047 0.113574 0.124314
    65 3.348999 -1.370998 0.725000 1.977842 -0.088017 1.557793
    66 2.856897 -1.536200 -0.973800 -1.501147 -0.272558 -1.578261
    67 0.000000 0.000000 10.000000 0.000000 0.000000 0.000000
    68 0.018898 0.665159 9.395884 0.000000 0.000000 0.000000
    69 2.000000 -3.000000 0.000000 -1.570796 0.000000 -1.326450
    70 3.028210 -0.923409 -2.009451 1.574082 -0.012974 1.587243
    71 0.116953 4.311606 0.061859 0.000010 -0.000001 0.000000
    72 0.000000 -0.000002 0.000000 0.000000 0.000000 0.000000
    73 -0.000002 1.000000 0.000009 0.000000 0.000000 0.000000
    74 0.000000 0.000000 0.000000 0.000000 0.000000 0.000000
    75 0.000000 0.000000 0.000000 0.000000 0.000000 0.000000
    76 0.000000 0.000000 0.000000 0.000000 0.000000 0.000000
time 3
    0 -2.486328 6.228735 7.871094 0.164244 1.217884 0.486702
    1 0.000000 3.591042 -0.015921 1.580611 -0.307085 1.498941
    2 3.548302 0.000000 0.000000 0.026414 0.004357 0.101975
    3 3.284046 0.000001 0.000000 -0.125424 -0.023004 0.214729
    4 5.062389 -0.000001 0.000000 -0.128875 0.104762 0.545973
    5 3.610073 1.295546 -1.332000 1.811527 1.381858 0.107320
    6 4.890536 0.000004 0.000000 1.226146 0.168257 -1.292670
    7 9.685764 0.000000 -0.000004 0.000000 0.000000 -1.774686
    8 3.610065 1.295545 1.332000 -1.412240 -1.033538 -0.128862
    9 4.890535 0.000000 -0.000001 -2.201702 0.202300 -1.785132
    10 9.685764 0.000000 0.000000 0.000000 0.000000 -2.062951
    11 9.256790 -0.000007 -0.000023 2.732556 -0.079117 -0.075107
    12 -3.219585 0.000000 0.000000 -1.134422 -0.623099 -1.749689
    13 9.256779 -0.000004 0.000011 -1.160441 -0.024413 0.383581
    14 16.283249 0.000000 0.000000 0.000000 0.000000 0.025250
    15 4.753334 0.000000 0.000000 -3.126786 0.005953 0.691504
    16 3.962090 0.000000 0.000000 0.032501 -0.066760 0.259150
    17 16.291077 0.000000 0.000000 0.000000 0.000000 1.891117
    18 14.875347 0.000000 0.000000 0.478595 -0.136505 -1.158752
    19 5.277816 0.000000 0.000001 -0.112051 0.023861 -0.331149
    20 3.219585 0.000000 0.000000 -2.096373 -1.174748 -1.000390
    21 16.283253 0.000000 0.000000 0.000000 0.000000 0.025253
    22 16.291080 0.000000 0.000001 0.000000 0.000000 1.821559
    23 14.875350 0.000000 0.000000 -0.547796 0.211809 -1.079476
    24 5.277817 0.000000 0.000000 0.020412 -0.027730 -0.427005
    25 2.660156 0.004799 -1.311523 0.007878 -0.080695 -0.862968
    26 1.340820 0.000002 0.000000 -0.125842 -0.198682 -0.570130
    27 0.717773 -0.000001 0.000000 -0.054473 -0.175380 -0.302889
    28 2.933594 0.180298 -0.485352 0.121103 0.012041 -0.821261
    29 1.604492 0.000004 0.000000 -0.097757 -0.175234 -0.512469
    30 0.857929 0.000002 0.000000 0.002415 0.009757 -0.242679
    31 3.169922 0.097046 0.363525 0.171708 0.049096 -0.587763
    32 1.909180 0.000004 -0.000001 -0.118966 -0.076516 -1.001797
    33 1.023438 0.000001 0.000000 0.001897 0.012019 -0.156562
    34 3.269531 -0.140869 1.259766 0.169212 0.046758 -0.609994
    35 1.509766 -0.000002 0.000000 0.057264 0.071571 -0.675739
    36 0.883299 -0.000002 0.000000 0.001236 0.038489 -0.401834
    37 0.948242 -1.142578 0.871582 1.847521 -0.683203 -0.463005
    38 1.629883 0.000000 0.000000 0.000013 -0.037568 -0.055870
    39 1.085938 0.000000 -0.000004 0.000000 0.000000 -0.125082
    40 4.976479 0.000000 0.000004 -0.126310 0.000000 0.000000
    41 9.952959 0.000000 0.000006 -0.238428 0.000000 0.000000
    42 9.877266 0.000000 0.000002 0.000000 0.000000 -0.161658
    43 2.660156 0.000054 1.311523 -0.217008 -0.163702 -0.341356
    44 1.340820 0.000003 0.000000 -0.022933 0.007613 -1.890993
    45 0.717773 0.000002 0.000000 0.054474 0.175340 -0.910365
    46 2.935547 0.178589 0.486084 -0.301746 -0.245900 -0.601601
    47 1.604492 0.000000 0.000000 0.115619 -0.003419 -1.600477
    48 0.857933 -0.000001 0.000000 -0.002403 -0.009699 -0.901508
    49 3.169922 0.098328 -0.363281 -0.302761 -0.227478 -0.659650
    50 1.909180 0.000000 0.000000 0.004951 -0.001033 -1.772344
    51 1.023438 -0.000002 0.000000 -0.001870 -0.011971 -0.834431
    52 3.271484 -0.136353 -1.259766 -0.188140 -0.087648 -0.204768
    53 1.509766 0.000004 0.000000 -0.051327 -0.064037 -0.676425
    54 0.883297 0.000000 0.000000 -0.001277 -0.038560 -0.033101
    55 0.948242 -1.139648 -0.875977 -1.802022 0.200170 -0.546418
    56 1.629883 0.000000 -0.000002 -0.000004 -0.225005 -0.494029
    57 1.085938 -0.000001 0.000002 -0.000040 0.040618 -0.404246
    58 9.952957 -0.000001 -0.000004 0.242666 0.000000 0.000000
    59 4.976482 0.000000 -0.000002 0.128617 0.000000 0.000000
    60 9.877266 0.000000 0.000000 0.000000 0.000000 -0.161657
    61 7.023271 -6.880002 4.339546 2.620672 -1.456011 -1.105365
    62 3.813801 -3.870655 0.998562 1.570796 -1.069638 0.199892
    63 0.000000 -0.000007 -0.000031 1.373047 0.113574 0.124314
    64 0.000000 -0.000007 -0.000031 1.373047 0.113574 0.124314
    65 3.348999 -1.370998 0.725000 1.977842 -0.088017 1.557793
    66 2.856897 -1.536200 -0.973800 -1.501147 -0.272558 -1.578261
    67 0.000000 0.000000 10.000000 0.000000 0.000000 0.000000
    68 0.018898 0.665159 9.395884 0.000000 0.000000 0.000000
    69 2.000000 -3.000000 0.000000 -1.570796 0.000000 -1.326450
    70 3.028210 -0.923409 -2.009451 1.574082 -0.012974 1.587243
    71 0.116953 4.311606 0.061859 0.000010 -0.000001 0.000000
    72 0.000000 -0.000002 0.000000 0.000000 0.000000 0.000000
    73 -0.000002 1.000000 0.000009 0.000000 0.000000 0.000000
    74 0.000000 0.000000 0.000000 0.000000 0.000000 0.000000
    75 0.000000 0.000000 0.000000 0.000000 0.000000 0.000000
    76 0.000000 0.000000 0.000000 0.000000 0.000000 0.000000
time 4
    0 -2.486328 5.077542 8.296875 0.147167 1.235698 0.472766
    1 0.000000 3.591042 -0.015921 1.578699 -0.307167 1.505244
    2 3.548302 0.000000 0.000000 0.061422 0.024550 0.101594
    3 3.284046 0.000001 0.000000 -0.130395 0.002458 0.211404
    4 5.062389 -0.000001 0.000000 -0.128875 0.104762 0.545973
    5 3.610073 1.295546 -1.332000 1.811527 1.381858 0.107320
    6 4.890536 0.000004 0.000000 1.298999 0.102506 -1.347840
    7 9.685764 0.000000 -0.000004 0.000000 0.000000 -1.832681
    8 3.610065 1.295545 1.332000 -1.396893 -0.860066 -0.126268
    9 4.890535 0.000000 -0.000001 -2.136063 0.250795 -1.840283
    10 9.685764 0.000000 0.000000 0.000000 0.000000 -2.000997
    11 9.256790 -0.000007 -0.000023 2.732556 -0.079117 -0.075107
    12 -3.219585 0.000000 0.000000 -1.017400 -0.611464 -1.794215
    13 9.256779 -0.000004 0.000011 -1.160441 -0.024413 0.383581
    14 16.283249 0.000000 0.000000 0.000000 0.000000 0.025250
    15 4.753334 0.000000 0.000000 -3.126786 0.005953 0.691504
    16 3.962090 0.000000 0.000000 0.032501 -0.066760 0.259150
    17 16.291077 0.000000 0.000000 0.000000 0.000000 1.963750
    18 14.875347 0.000000 0.000000 0.402355 -0.109366 -1.210223
    19 5.277816 0.000000 0.000001 -0.112051 0.023861 -0.331149
    20 3.219585 0.000000 0.000000 -2.074421 -1.242216 -0.957103
    21 16.283253 0.000000 0.000000 0.000000 0.000000 0.025253
    22 16.291080 0.000000 0.000001 0.000000 0.000000 1.886855
    23 14.875350 0.000000 0.000000 -0.588711 0.242242 -1.086838
    24 5.277817 0.000000 0.000000 0.020412 -0.027730 -0.427005
    25 2.660156 0.004799 -1.311523 0.007878 -0.080695 -0.862968
    26 1.340820 0.000002 0.000000 -0.125842 -0.198682 -0.570130
    27 0.717773 -0.000001 0.000000 -0.054473 -0.175380 -0.302889
    28 2.933594 0.180298 -0.485352 0.121103 0.012041 -0.821261
    29 1.604492 0.000004 0.000000 -0.097757 -0.175234 -0.512469
    30 0.857929 0.000002 0.000000 0.002415 0.009757 -0.242679
    31 3.169922 0.097046 0.363525 0.171708 0.049096 -0.587763
    32 1.909180 0.000004 -0.000001 -0.118966 -0.076516 -1.001797
    33 1.023438 0.000001 0.000000 0.001897 0.012019 -0.156562
    34 3.269531 -0.140869 1.259766 0.169212 0.046758 -0.609994
    35 1.509766 -0.000002 0.000000 0.057264 0.071571 -0.675739
    36 0.883299 -0.000002 0.000000 0.001236 0.038489 -0.401834
    37 0.948242 -1.142578 0.871582 1.847521 -0.683203 -0.463005
    38 1.629883 0.000000 0.000000 0.000013 -0.037568 -0.055870
    39 1.085938 0.000000 -0.000004 0.000000 0.000000 -0.125082
    40 4.976479 0.000000 0.000004 -0.126310 0.000000 0.000000
    41 9.952959 0.000000 0.000006 -0.238428 0.000000 0.000000
    42 9.877266 0.000000 0.000002 0.000000 0.000000 -0.161658
    43 2.660156 0.000054 1.311523 -0.217008 -0.163702 -0.341356
    44 1.340820 0.000003 0.000000 -0.022933 0.007613 -1.890993
    45 0.717773 0.000002 0.000000 0.054474 0.175340 -0.910365
    46 2.935547 0.178589 0.486084 -0.301746 -0.245900 -0.601601
    47 1.604492 0.000000 0.000000 0.115619 -0.003419 -1.600477
    48 0.857933 -0.000001 0.000000 -0.002403 -0.009699 -0.901508
    49 3.169922 0.098328 -0.363281 -0.302761 -0.227478 -0.659650
    50 1.909180 0.000000 0.000000 0.004951 -0.001033 -1.772344
    51 1.023438 -0.000002 0.000000 -0.001870 -0.011971 -0.834431
    52 3.271484 -0.136353 -1.259766 -0.188140 -0.087648 -0.204768
    53 1.509766 0.000004 0.000000 -0.051327 -0.064037 -0.676425
    54 0.883297 0.000000 0.000000 -0.001277 -0.038560 -0.033101
    55 0.948242 -1.139648 -0.875977 -1.802022 0.200170 -0.546418
    56 1.629883 0.000000 -0.000002 -0.000004 -0.225005 -0.494029
    57 1.085938 -0.000001 0.000002 -0.000040 0.040618 -0.404246
    58 9.952957 -0.000001 -0.000004 0.242666 0.000000 0.000000
    59 4.976482 0.000000 -0.000002 0.128617 0.000000 0.000000
    60 9.877266 0.000000 0.000000 0.000000 0.000000 -0.161657
    61 7.023271 -6.880002 4.339546 2.620672 -1.456011 -1.105365
    62 3.813801 -3.870655 0.998562 1.570796 -1.069638 0.199892
    63 0.000000 -0.000007 -0.000031 1.373047 0.113574 0.124314
    64 0.000000 -0.000007 -0.000031 1.373047 0.113574 0.124314
    65 3.348999 -1.370998 0.725000 1.977842 -0.088017 1.557793
    66 2.856897 -1.536200 -0.973800 -1.501147 -0.272558 -1.578261
    67 0.000000 0.000000 10.000000 0.000000 0.000000 0.000000
    68 0.018898 0.665159 9.395884 0.000000 0.000000 0.000000
    69 2.000000 -3.000000 0.000000 -1.570796 0.000000 -1.326450
    70 3.028210 -0.923409 -2.009451 1.574082 -0.012974 1.587243
    71 0.116953 4.311606 0.061859 0.000010 -0.000001 0.000000
    72 0.000000 -0.000002 0.000000 0.000000 0.000000 0.000000
    73 -0.000002 1.000000 0.000009 0.000000 0.000000 0.000000
    74 0.000000 0.000000 0.000000 0.000000 0.000000 0.000000
    75 0.000000 0.000000 0.000000 0.000000 0.000000 0.000000
    76 0.000000 0.000000 0.000000 0.000000 0.000000 0.000000
time 5
    0 -2.486328 3.905077 9.148438 0.131970 1.251916 0.460628
    1 0.000000 3.591042 -0.015921 1.576914 -0.307210 1.511117
    2 3.548302 0.000000 0.000000 0.093545 0.043625 0.101404
    3 3.284046 0.000001 0.000000 -0.135860 0.030099 0.207665
    4 5.062389 -0.000001 0.000000 -0.128875 0.104762 0.545973
    5 3.610073 1.295546 -1.332000 1.811527 1.381858 0.107320
    6 4.890536 0.000004 0.000000 1.381127 0.042012 -1.422671
    7 9.685764 0.000000 -0.000004 0.000000 0.000000 -1.891330
    8 3.610065 1.295545 1.332000 -1.308645 -0.799190 -0.206630
    9 4.890535 0.000000 -0.000001 -2.026023 0.263854 -1.736091
    10 9.685764 0.000000 0.000000 0.000000 0.000000 -1.925823
    11 9.256790 -0.000007 -0.000023 2.732556 -0.079117 -0.075107
    12 -3.219585 0.000000 0.000000 -0.934027 -0.592110 -1.785835
    13 9.256779 -0.000004 0.000011 -1.160441 -0.024413 0.383581
    14 16.283249 0.000000 0.000000 0.000000 0.000000 0.025250
    15 4.753334 0.000000 0.000000 -3.126786 0.005953 0.691504
    16 3.962090 0.000000 0.000000 0.032501 -0.066760 0.259150
    17 16.291077 0.000000 0.000000 0.000000 0.000000 2.021748
    18 14.875347 0.000000 0.000000 0.349588 -0.058882 -1.279459
    19 5.277816 0.000000 0.000001 -0.112051 0.023861 -0.331149
    20 3.219585 0.000000 0.000000 -1.829022 -1.233083 -1.166614
    21 16.283253 0.000000 0.000000 0.000000 0.000000 0.025253
    22 16.291080 0.000000 0.000001 0.000000 0.000000 1.853274
    23 14.875350 0.000000 0.000000 -0.532487 0.207796 -1.075815
    24 5.277817 0.000000 0.000000 0.020412 -0.027730 -0.427005
    25 2.660156 0.004799 -1.311523 0.007878 -0.080695 -0.862968
    26 1.340820 0.000002 0.000000 -0.125842 -0.198682 -0.570130
    27 0.717773 -0.000001 0.000000 -0.054473 -0.175380 -0.302889
    28 2.933594 0.180298 -0.485352 0.121103 0.012041 -0.821261
    29 1.604492 0.000004 0.000000 -0.097757 -0.175234 -0.512469
    30 0.857929 0.000002 0.000000 0.002415 0.009757 -0.242679
    31 3.169922 0.097046 0.363525 0.171708 0.049096 -0.587763
    32 1.909180 0.000004 -0.000001 -0.118966 -0.076516 -1.001797
    33 1.023438 0.000001 0.000000 0.001897 0.012019 -0.156562
    34 3.269531 -0.140869 1.259766 0.169212 0.046758 -0.609994
    35 1.509766 -0.000002 0.000000 0.057264 0.071571 -0.675739
    36 0.883299 -0.000002 0.000000 0.001236 0.038489 -0.401834
    37 0.948242 -1.142578 0.871582 1.847521 -0.683203 -0.463005
    38 1.629883 0.000000 0.000000 0.000013 -0.037568 -0.055870
    39 1.085938 0.000000 -0.000004 0.000000 0.000000 -0.125082
    40 4.976479 0.000000 0.000004 -0.126310 0.000000 0.000000
    41 9.952959 0.000000 0.000006 -0.238428 0.000000 0.000000
    42 9.877266 0.000000 0.000002 0.000000 0.000000 -0.161658
    43 2.660156 0.000054 1.311523 -0.217008 -0.163702 -0.341356
    44 1.340820 0.000003 0.000000 -0.022933 0.007613 -1.890993
    45 0.717773 0.000002 0.000000 0.054474 0.175340 -0.910365
    46 2.935547 0.178589 0.486084 -0.301746 -0.245900 -0.601601
    47 1.604492 0.000000 0.000000 0.115619 -0.003419 -1.600477
    48 0.857933 -0.000001 0.000000 -0.002403 -0.009699 -0.901508
    49 3.169922 0.098328 -0.363281 -0.302761 -0.227478 -0.659650
    50 1.909180 0.000000 0.000000 0.004951 -0.001033 -1.772344
    51 1.023438 -0.000002 0.000000 -0.001870 -0.011971 -0.834431
    52 3.271484 -0.136353 -1.259766 -0.188140 -0.087648 -0.204768
    53 1.509766 0.000004 0.000000 -0.051327 -0.064037 -0.676425
    54 0.883297 0.000000 0.000000 -0.001277 -0.038560 -0.033101
    55 0.948242 -1.139648 -0.875977 -1.802022 0.200170 -0.546418
    56 1.629883 0.000000 -0.000002 -0.000004 -0.225005 -0.494029
    57 1.085938 -0.000001 0.000002 -0.000040 0.040618 -0.404246
    58 9.952957 -0.000001 -0.000004 0.242666 0.000000 0.000000
    59 4.976482 0.000000 -0.000002 0.128617 0.000000 0.000000
    60 9.877266 0.000000 0.000000 0.000000 0.000000 -0.161657
    61 7.023271 -6.880002 4.339546 2.620672 -1.456011 -1.105365
    62 3.813801 -3.870655 0.998562 1.570796 -1.069638 0.199892
    63 0.000000 -0.000007 -0.000031 1.373047 0.113574 0.124314
    64 0.000000 -0.000007 -0.000031 1.373047 0.113574 0.124314
    65 3.348999 -1.370998 0.725000 1.977842 -0.088017 1.557793
    66 2.856897 -1.536200 -0.973800 -1.501147 -0.272558 -1.578261
    67 0.000000 0.000000 10.000000 0.000000 0.000000 0.000000
    68 0.018898 0.665159 9.395884 0.000000 0.000000 0.000000
    69 2.000000 -3.000000 0.000000 -1.570796 0.000000 -1.326450
    70 3.028210 -0.923409 -2.009451 1.574082 -0.012974 1.587243
    71 0.116953 4.311606 0.061859 0.000010 -0.000001 0.000000
    72 0.000000 -0.000002 0.000000 0.000000 0.000000 0.000000
    73 -0.000002 1.000000 0.000009 0.000000 0.000000 0.000000
    74 0.000000 0.000000 0.000000 0.000000 0.000000 0.000000
    75 0.000000 0.000000 0.000000 0.000000 0.000000 0.000000
    76 0.000000 0.000000 0.000000 0.000000 0.000000 0.000000
time 6
    0 -2.486328 2.695717 10.210938 0.122827 1.263698 0.454105
    1 0.000000 3.591042 -0.015921 1.575676 -0.307186 1.515381
    2 3.548302 0.000000 0.000000 0.116827 0.058500 0.101304
    3 3.284046 0.000001 0.000000 -0.141272 0.057882 0.203805
    4 5.062389 -0.000001 0.000000 -0.128875 0.104762 0.545973
    5 3.610073 1.295546 -1.332000 1.811527 1.381858 0.107320
    6 4.890536 0.000004 0.000000 1.462097 -0.004303 -1.507842
    7 9.685764 0.000000 -0.000004 0.000000 0.000000 -1.944586
    8 3.610065 1.295545 1.332000 -1.159254 -0.794062 -0.354279
    9 4.890535 0.000000 -0.000001 -1.892689 0.223650 -1.548531
    10 9.685764 0.000000 0.000000 0.000000 0.000000 -1.827453
    11 9.256790 -0.000007 -0.000023 2.732556 -0.079117 -0.075107
    12 -3.219585 0.000000 0.000000 -0.885673 -0.579470 -1.732862
    13 9.256779 -0.000004 0.000011 -1.160441 -0.024413 0.383581
    14 16.283249 0.000000 0.000000 0.000000 0.000000 0.025250
    15 4.753334 0.000000 0.000000 -3.126786 0.005953 0.691504
    16 3.962090 0.000000 0.000000 0.032501 -0.066760 0.259150
    17 16.291077 0.000000 0.000000 0.000000 0.000000 2.067877
    18 14.875347 0.000000 0.000000 0.321098 0.009736 -1.359845
    19 5.277816 0.000000 0.000001 -0.112051 0.023861 -0.331149
    20 3.219585 0.000000 0.000000 -1.586930 -1.105400 -1.392635
    21 16.283253 0.000000 0.000000 0.000000 0.000000 0.025253
    22 16.291080 0.000000 0.000001 0.000000 0.000000 1.707169
    23 14.875350 0.000000 0.000000 -0.417470 0.127472 -1.049657
    24 5.277817 0.000000 0.000000 0.020412 -0.027730 -0.427005
    25 2.660156 0.004799 -1.311523 0.007878 -0.080695 -0.862968
    26 1.340820 0.000002 0.000000 -0.125842 -0.198682 -0.570130
    27 0.717773 -0.000001 0.000000 -0.054473 -0.175380 -0.302889
    28 2.933594 0.180298 -0.485352 0.121103 0.012041 -0.821261
    29 1.604492 0.000004 0.000000 -0.097757 -0.175234 -0.512469
    30 0.857929 0.000002 0.000000 0.002415 0.009757 -0.242679
    31 3.169922 0.097046 0.363525 0.171708 0.049096 -0.587763
    32 1.909180 0.000004 -0.000001 -0.118966 -0.076516 -1.001797
    33 1.023438 0.000001 0.000000 0.001897 0.012019 -0.156562
    34 3.269531 -0.140869 1.259766 0.169212 0.046758 -0.609994
    35 1.509766 -0.000002 0.000000 0.057264 0.071571 -0.675739
    36 0.883299 -0.000002 0.000000 0.001236 0.038489 -0.401834
    37 0.948242 -1.142578 0.871582 1.847521 -0.683203 -0.463005
    38 1.629883 0.000000 0.000000 0.000013 -0.037568 -0.055870
    39 1.085938 0.000000 -0.000004 0.000000 0.000000 -0.125082
    40 4.976479 0.000000 0.000004 -0.126310 0.000000 0.000000
    41 9.952959 0.000000 0.000006 -0.238428 0.000000 0.000000
    42 9.877266 0.000000 0.000002 0.000000 0.000000 -0.161658
    43 2.660156 0.000054 1.311523 -0.217008 -0.163702 -0.341356
    44 1.340820 0.000003 0.000000 -0.022933 0.007613 -1.890993
    45 0.717773 0.000002 0.000000 0.054474 0.175340 -0.910365
    46 2.935547 0.178589 0.486084 -0.301746 -0.245900 -0.601601
    47 1.604492 0.000000 0.000000 0.115619 -0.003419 -1.600477
    48 0.857933 -0.000001 0.000000 -0.002403 -0.009699 -0.901508
    49 3.169922 0.098328 -0.363281 -0.302761 -0.227478 -0.659650
    50 1.909180 0.000000 0.000000 0.004951 -0.001033 -1.772344
    51 1.023438 -0.000002 0.000000 -0.001870 -0.011971 -0.834431
    52 3.271484 -0.136353 -1.259766 -0.188140 -0.087648 -0.204768
    53 1.509766 0.000004 0.000000 -0.051327 -0.064037 -0.676425
    54 0.883297 0.000000 0.000000 -0.001277 -0.038560 -0.033101
    55 0.948242 -1.139648 -0.875977 -1.802022 0.200170 -0.546418
    56 1.629883 0.000000 -0.000002 -0.000004 -0.225005 -0.494029
    57 1.085938 -0.000001 0.000002 -0.000040 0.040618 -0.404246
    58 9.952957 -0.000001 -0.000004 0.242666 0.000000 0.000000
    59 4.976482 0.000000 -0.000002 0.128617 0.000000 0.000000
    60 9.877266 0.000000 0.000000 0.000000 0.000000 -0.161657
    61 7.023271 -6.880002 4.339546 2.620672 -1.456011 -1.105365
    62 3.813801 -3.870655 0.998562 1.570796 -1.069638 0.199892
    63 0.000000 -0.000007 -0.000031 1.373047 0.113574 0.124314
    64 0.000000 -0.000007 -0.000031 1.373047 0.113574 0.124314
    65 3.348999 -1.370998 0.725000 1.977842 -0.088017 1.557793
    66 2.856897 -1.536200 -0.973800 -1.501147 -0.272558 -1.578261
    67 0.000000 0.000000 10.000000 0.000000 0.000000 0.000000
    68 0.018898 0.665159 9.395884 0.000000 0.000000 0.000000
    69 2.000000 -3.000000 0.000000 -1.570796 0.000000 -1.326450
    70 3.028210 -0.923409 -2.009451 1.574082 -0.012974 1.587243
    71 0.116953 4.311606 0.061859 0.000010 -0.000001 0.000000
    72 0.000000 -0.000002 0.000000 0.000000 0.000000 0.000000
    73 -0.000002 1.000000 0.000009 0.000000 0.000000 0.000000
    74 0.000000 0.000000 0.000000 0.000000 0.000000 0.000000
    75 0.000000 0.000000 0.000000 0.000000 0.000000 0.000000
    76 0.000000 0.000000 0.000000 0.000000 0.000000 0.000000
time 7
    0 -2.486328 1.465086 10.750000 0.124506 1.267957 0.457085
    1 0.000000 3.591042 -0.015921 1.575111 -0.307159 1.517080
    2 3.548302 0.000000 0.000000 0.125542 0.066139 0.101212
    3 3.284046 0.000001 0.000000 -0.146343 0.083371 0.200176
    4 5.062389 -0.000001 0.000000 -0.128875 0.104762 0.545973
    5 3.610073 1.295546 -1.332000 1.811527 1.381858 0.107320
    6 4.890536 0.000004 0.000000 1.525328 -0.033482 -1.584269
    7 9.685764 0.000000 -0.000004 0.000000 0.000000 -1.987842
    8 3.610065 1.295545 1.332000 -0.958196 -0.817609 -0.576949
    9 4.890535 0.000000 -0.000001 -1.763475 0.149286 -1.319538
    10 9.685764 0.000000 0.000000 0.000000 0.000000 -1.779246
    11 9.256790 -0.000007 -0.000023 2.732556 -0.079117 -0.075107
    12 -3.219585 0.000000 0.000000 -0.846250 -0.585521 -1.701083
    13 9.256779 -0.000004 0.000011 -1.160441 -0.024413 0.383581
    14 16.283249 0.000000 0.000000 0.000000 0.000000 0.025250
    15 4.753334 0.000000 0.000000 -3.126786 0.005953 0.691504
    16 3.962090 0.000000 0.000000 0.032501 -0.066760 0.259150
    17 16.291077 0.000000 0.000000 0.000000 0.000000 2.126247
    18 14.875347 0.000000 0.000000 0.297669 0.065256 -1.432086
    19 5.277816 0.000000 0.000001 -0.112051 0.023861 -0.331149
    20 3.219585 0.000000 0.000000 -1.498484 -0.993950 -1.476542
    21 16.283253 0.000000 0.000000 0.000000 0.000000 0.025253
    22 16.291080 0.000000 0.000001 0.000000 0.000000 1.573755
    23 14.875350 0.000000 0.000000 -0.362172 0.072288 -1.022277
    24 5.277817 0.000000 0.000000 0.020412 -0.027730 -0.427005
    25 2.660156 0.004799 -1.311523 0.007878 -0.080695 -0.862968
    26 1.340820 0.000002 0.000000 -0.125842 -0.198682 -0.570130
    27 0.717773 -0.000001 0.000000 -0.054473 -0.175380 -0.302889
    28 2.933594 0.180298 -0.485352 0.121103 0.012041 -0.821261
    29 1.604492 0.000004 0.000000 -0.097757 -0.175234 -0.512469
    30 0.857929 0.000002 0.000000 0.002415 0.009757 -0.242679
    31 3.169922 0.097046 0.363525 0.171708 0.049096 -0.587763
    32 1.909180 0.000004 -0.000001 -0.118966 -0.076516 -1.001797
    33 1.023438 0.000001 0.000000 0.001897 0.012019 -0.156562
    34 3.269531 -0.140869 1.259766 0.169212 0.046758 -0.609994
    35 1.509766 -0.000002 0.000000 0.057264 0.071571 -0.675739
    36 0.883299 -0.000002 0.000000 0.001236 0.038489 -0.401834
    37 0.948242 -1.142578 0.871582 1.847521 -0.683203 -0.463005
    38 1.629883 0.000000 0.000000 0.000013 -0.037568 -0.055870
    39 1.085938 0.000000 -0.000004 0.000000 0.000000 -0.125082
    40 4.976479 0.000000 0.000004 -0.126310 0.000000 0.000000
    41 9.952959 0.000000 0.000006 -0.238428 0.000000 0.000000
    42 9.877266 0.000000 0.000002 0.000000 0.000000 -0.161658
    43 2.660156 0.000054 1.311523 -0.217008 -0.163702 -0.341356
    44 1.340820 0.000003 0.000000 -0.022933 0.007613 -1.890993
    45 0.717773 0.000002 0.000000 0.054474 0.175340 -0.910365
    46 2.935547 0.178589 0.486084 -0.301746 -0.245900 -0.601601
    47 1.604492 0.000000 0.000000 0.115619 -0.003419 -1.600477
    48 0.857933 -0.000001 0.000000 -0.002403 -0.009699 -0.901508
    49 3.169922 0.098328 -0.363281 -0.302761 -0.227478 -0.659650
    50 1.909180 0.000000 0.000000 0.004951 -0.001033 -1.772344
    51 1.023438 -0.000002 0.000000 -0.001870 -0.011971 -0.834431
    52 3.271484 -0.136353 -1.259766 -0.188140 -0.087648 -0.204768
    53 1.509766 0.000004 0.000000 -0.051327 -0.064037 -0.676425
    54 0.883297 0.000000 0.000000 -0.001277 -0.038560 -0.033101
    55 0.948242 -1.139648 -0.875977 -1.802022 0.200170 -0.546418
    56 1.629883 0.000000 -0.000002 -0.000004 -0.225005 -0.494029
    57 1.085938 -0.000001 0.000002 -0.000040 0.040618 -0.404246
    58 9.952957 -0.000001 -0.000004 0.242666 0.000000 0.000000
    59 4.976482 0.000000 -0.000002 0.128617 0.000000 0.000000
    60 9.877266 0.000000 0.000000 0.000000 0.000000 -0.161657
    61 7.023271 -6.880002 4.339546 2.620672 -1.456011 -1.105365
    62 3.813801 -3.870655 0.998562 1.570796 -1.069638 0.199892
    63 0.000000 -0.000007 -0.000031 1.373047 0.113574 0.124314
    64 0.000000 -0.000007 -0.000031 1.373047 0.113574 0.124314
    65 3.348999 -1.370998 0.725000 1.977842 -0.088017 1.557793
    66 2.856897 -1.536200 -0.973800 -1.501147 -0.272558 -1.578261
    67 0.000000 0.000000 10.000000 0.000000 0.000000 0.000000
    68 0.018898 0.665159 9.395884 0.000000 0.000000 0.000000
    69 2.000000 -3.000000 0.000000 -1.570796 0.000000 -1.326450
    70 3.028210 -0.923409 -2.009451 1.574082 -0.012974 1.587243
    71 0.116953 4.311606 0.061859 0.000010 -0.000001 0.000000
    72 0.000000 -0.000002 0.000000 0.000000 0.000000 0.000000
    73 -0.000002 1.000000 0.000009 0.000000 0.000000 0.000000
    74 0.000000 0.000000 0.000000 0.000000 0.000000 0.000000
    75 0.000000 0.000000 0.000000 0.000000 0.000000 0.000000
    76 0.000000 0.000000 0.000000 0.000000 0.000000 0.000000
time 8
    0 -2.486328 0.127245 10.257813 0.170278 1.244923 0.500024
    1 0.000000 3.591042 -0.015921 1.575259 -0.307221 1.516556
    2 3.548302 0.000000 0.000000 0.107444 0.061493 0.100909
    3 3.284046 0.000001 0.000000 -0.150459 0.104357 0.197070
    4 5.062389 -0.000001 0.000000 -0.128875 0.104762 0.545973
    5 3.610073 1.295546 -1.332000 1.811527 1.381858 0.107320
    6 4.890536 0.000004 0.000000 1.548282 -0.041996 -1.605797
    7 9.685764 0.000000 -0.000004 0.000000 0.000000 -2.016854
    8 3.610065 1.295545 1.332000 -0.698306 -0.846996 -0.870064
    9 4.890535 0.000000 -0.000001 -1.672108 0.081484 -1.049658
    10 9.685764 0.000000 0.000000 0.000000 0.000000 -1.798397
    11 9.256790 -0.000007 -0.000023 2.732556 -0.079117 -0.075107
    12 -3.219585 0.000000 0.000000 -0.812941 -0.629947 -1.738165
    13 9.256779 -0.000004 0.000011 -1.160441 -0.024413 0.383581
    14 16.283249 0.000000 0.000000 0.000000 0.000000 0.025250
    15 4.753334 0.000000 0.000000 -3.126786 0.005953 0.691504
    16 3.962090 0.000000 0.000000 0.032501 -0.066760 0.259150
    17 16.291077 0.000000 0.000000 0.000000 0.000000 2.229234
    18 14.875347 0.000000 0.000000 0.271571 0.092934 -1.491199
    19 5.277816 0.000000 0.000001 -0.112051 0.023861 -0.331149
    20 3.219585 0.000000 0.000000 -1.619357 -0.946414 -1.425086
    21 16.283253 0.000000 0.000000 0.000000 0.000000 0.025253
    22 16.291080 0.000000 0.000001 0.000000 0.000000 1.507185
    23 14.875350 0.000000 0.000000 -0.317171 0.066620 -1.002293
    24 5.277817 0.000000 0.000000 0.020412 -0.027730 -0.427005
    25 2.660156 0.004799 -1.311523 0.007878 -0.080695 -0.862968
    26 1.340820 0.000002 0.000000 -0.125842 -0.198682 -0.570130
    27 0.717773 -0.000001 0.000000 -0.054473 -0.175380 -0.302889
    28 2.933594 0.180298 -0.485352 0.121103 0.012041 -0.821261
    29 1.604492 0.000004 0.000000 -0.097757 -0.175234 -0.512469
    30 0.857929 0.000002 0.000000 0.002415 0.009757 -0.242679
    31 3.169922 0.097046 0.363525 0.171708 0.049096 -0.587763
    32 1.909180 0.000004 -0.000001 -0.118966 -0.076516 -1.001797
    33 1.023438 0.000001 0.000000 0.001897 0.012019 -0.156562
    34 3.269531 -0.140869 1.259766 0.169212 0.046758 -0.609994
    35 1.509766 -0.000002 0.000000 0.057264 0.071571 -0.675739
    36 0.883299 -0.000002 0.000000 0.001236 0.038489 -0.401834
    37 0.948242 -1.142578 0.871582 1.847521 -0.683203 -0.463005
    38 1.629883 0.000000 0.000000 0.000013 -0.037568 -0.055870
    39 1.085938 0.000000 -0.000004 0.000000 0.000000 -0.125082
    40 4.976479 0.000000 0.000004 -0.126310 0.000000 0.000000
    41 9.952959 0.000000 0.000006 -0.238428 0.000000 0.000000
    42 9.877266 0.000000 0.000002 0.000000 0.000000 -0.161658
    43 2.660156 0.000054 1.311523 -0.217008 -0.163702 -0.341356
    44 1.340820 0.000003 0.000000 -0.022933 0.007613 -1.890993
    45 0.717773 0.000002 0.000000 0.054474 0.175340 -0.910365
    46 2.935547 0.178589 0.486084 -0.301746 -0.245900 -0.601601
    47 1.604492 0.000000 0.000000 0.115619 -0.003419 -1.600477
    48 0.857933 -0.000001 0.000000 -0.002403 -0.009699 -0.901508
    49 3.169922 0.098328 -0.363281 -0.302761 -0.227478 -0.659650
    50 1.909180 0.000000 0.000000 0.004951 -0.001033 -1.772344
    51 1.023438 -0.000002 0.000000 -0.001870 -0.011971 -0.834431
    52 3.271484 -0.136353 -1.259766 -0.188140 -0.087648 -0.204768
    53 1.509766 0.000004 0.000000 -0.051327 -0.064037 -0.676425
    54 0.883297 0.000000 0.000000 -0.001277 -0.038560 -0.033101
    55 0.948242 -1.139648 -0.875977 -1.802022 0.200170 -0.546418
    56 1.629883 0.000000 -0.000002 -0.000004 -0.225005 -0.494029
    57 1.085938 -0.000001 0.000002 -0.000040 0.040618 -0.404246
    58 9.952957 -0.000001 -0.000004 0.242666 0.000000 0.000000
    59 4.976482 0.000000 -0.000002 0.128617 0.000000 0.000000
    60 9.877266 0.000000 0.000000 0.000000 0.000000 -0.161657
    61 7.023271 -6.880002 4.339546 2.620672 -1.456011 -1.105365
    62 3.813801 -3.870655 0.998562 1.570796 -1.069638 0.199892
    63 0.000000 -0.000007 -0.000031 1.373047 0.113574 0.124314
    64 0.000000 -0.000007 -0.000031 1.373047 0.113574 0.124314
    65 3.348999 -1.370998 0.725000 1.977842 -0.088017 1.557793
    66 2.856897 -1.536200 -0.973800 -1.501147 -0.272558 -1.578261
    67 0.000000 0.000000 10.000000 0.000000 0.000000 0.000000
    68 0.018898 0.665159 9.395884 0.000000 0.000000 0.000000
    69 2.000000 -3.000000 0.000000 -1.570796 0.000000 -1.326450
    70 3.028210 -0.923409 -2.009451 1.574082 -0.012974 1.587243
    71 0.116953 4.311606 0.061859 0.000010 -0.000001 0.000000
    72 0.000000 -0.000002 0.000000 0.000000 0.000000 0.000000
    73 -0.000002 1.000000 0.000009 0.000000 0.000000 0.000000
    74 0.000000 0.000000 0.000000 0.000000 0.000000 0.000000
    75 0.000000 0.000000 0.000000 0.000000 0.000000 0.000000
    76 0.000000 0.000000 0.000000 0.000000 0.000000 0.000000
time 9
    0 -2.486328 -1.317803 9.242188 0.233198 1.201793 0.558053
    1 0.000000 3.591042 -0.015921 1.575845 -0.307168 1.514757
    2 3.548302 0.000000 0.000000 0.065279 0.046183 0.100644
    3 3.284046 0.000001 0.000000 -0.153236 0.118573 0.194886
    4 5.062389 -0.000001 0.000000 -0.128875 0.104762 0.545973
    5 3.610073 1.295546 -1.332000 1.811527 1.381858 0.107320
    6 4.890536 0.000004 0.000000 1.524336 -0.033741 -1.561442
    7 9.685764 0.000000 -0.000004 0.000000 0.000000 -2.027448
    8 3.610065 1.295545 1.332000 -0.430765 -0.843906 -1.152018
    9 4.890535 0.000000 -0.000001 -1.646179 0.046136 -0.766535
    10 9.685764 0.000000 0.000000 0.000000 0.000000 -1.826144
    11 9.256790 -0.000007 -0.000023 2.732556 -0.079117 -0.075107
    12 -3.219585 0.000000 0.000000 -0.792871 -0.711677 -1.802613
    13 9.256779 -0.000004 0.000011 -1.160441 -0.024413 0.383581
    14 16.283249 0.000000 0.000000 0.000000 0.000000 0.025250
    15 4.753334 0.000000 0.000000 -3.126786 0.005953 0.691504
    16 3.962090 0.000000 0.000000 0.032501 -0.066760 0.259150
    17 16.291077 0.000000 0.000000 0.000000 0.000000 2.357223
    18 14.875347 0.000000 0.000000 0.259881 0.117407 -1.537677
    19 5.277816 0.000000 0.000001 -0.112051 0.023861 -0.331149
    20 3.219585 0.000000 0.000000 -1.871729 -0.896701 -1.306863
    21 16.283253 0.000000 0.000000 0.000000 0.000000 0.025253
    22 16.291080 0.000000 0.000001 0.000000 0.000000 1.455482
    23 14.875350 0.000000 0.000000 -0.216593 0.080551 -0.980213
    24 5.277817 0.000000 0.000000 0.020412 -0.027730 -0.427005
    25 2.660156 0.004799 -1.311523 0.007878 -0.080695 -0.862968
    26 1.340820 0.000002 0.000000 -0.125842 -0.198682 -0.570130
    27 0.717773 -0.000001 0.000000 -0.054473 -0.175380 -0.302889
    28 2.933594 0.180298 -0.485352 0.121103 0.012041 -0.821261
    29 1.604492 0.000004 0.000000 -0.097757 -0.175234 -0.512469
    30 0.857929 0.000002 0.000000 0.002415 0.009757 -0.242679
    31 3.169922 0.097046 0.363525 0.171708 0.049096 -0.587763
    32 1.909180 0.000004 -0.000001 -0.118966 -0.076516 -1.001797
    33 1.023438 0.000001 0.000000 0.001897 0.012019 -0.156562
    34 3.269531 -0.140869 1.259766 0.169212 0.046758 -0.609994
    35 1.509766 -0.000002 0.000000 0.057264 0.071571 -0.675739
    36 0.883299 -0.000002 0.000000 0.001236 0.038489 -0.401834
    37 0.948242 -1.142578 0.871582 1.847521 -0.683203 -0.463005
    38 1.629883 0.000000 0.000000 0.000013 -0.037568 -0.055870
    39 1.085938 0.000000 -0.000004 0.000000 0.000000 -0.125082
    40 4.976479 0.000000 0.000004 -0.126310 0.000000 0.000000
    41 9.952959 0.000000 0.000006 -0.238428 0.000000 0.000000
    42 9.877266 0.000000 0.000002 0.000000 0.000000 -0.161658
    43 2.660156 0.000054 1.311523 -0.217008 -0.163702 -0.341356
    44 1.340820 0.000003 0.000000 -0.022933 0.007613 -1.890993
    45 0.717773 0.000002 0.000000 0.054474 0.175340 -0.910365
    46 2.935547 0.178589 0.486084 -0.301746 -0.245900 -0.601601
    47 1.604492 0.000000 0.000000 0.115619 -0.003419 -1.600477
    48 0.857933 -0.000001 0.000000 -0.002403 -0.009699 -0.901508
    49 3.169922 0.098328 -0.363281 -0.302761 -0.227478 -0.659650
    50 1.909180 0.000000 0.000000 0.004951 -0.001033 -1.772344
    51 1.023438 -0.000002 0.000000 -0.001870 -0.011971 -0.834431
    52 3.271484 -0.136353 -1.259766 -0.188140 -0.087648 -0.204768
    53 1.509766 0.000004 0.000000 -0.051327 -0.064037 -0.676425
    54 0.883297 0.000000 0.000000 -0.001277 -0.038560 -0.033101
    55 0.948242 -1.139648 -0.875977 -1.802022 0.200170 -0.546418
    56 1.629883 0.000000 -0.000002 -0.000004 -0.225005 -0.494029
    57 1.085938 -0.000001 0.000002 -0.000040 0.040618 -0.404246
    58 9.952957 -0.000001 -0.000004 0.242666 0.000000 0.000000
    59 4.976482 0.000000 -0.000002 0.128617 0.000000 0.000000
    60 9.877266 0.000000 0.000000 0.000000 0.000000 -0.161657
    61 7.023271 -6.880002 4.339546 2.620672 -1.456011 -1.105365
    62 3.813801 -3.870655 0.998562 1.570796 -1.069638 0.199892
    63 0.000000 -0.000007 -0.000031 1.373047 0.113574 0.124314
    64 0.000000 -0.000007 -0.000031 1.373047 0.113574 0.124314
    65 3.348999 -1.370998 0.725000 1.977842 -0.088017 1.557793
    66 2.856897 -1.536200 -0.973800 -1.501147 -0.272558 -1.578261
    67 0.000000 0.000000 10.000000 0.000000 0.000000 0.000000
    68 0.018898 0.665159 9.395884 0.000000 0.000000 0.000000
    69 2.000000 -3.000000 0.000000 -1.570796 0.000000 -1.326450
    70 3.028210 -0.923409 -2.009451 1.574082 -0.012974 1.587243
    71 0.116953 4.311606 0.061859 0.000010 -0.000001 0.000000
    72 0.000000 -0.000002 0.000000 0.000000 0.000000 0.000000
    73 -0.000002 1.000000 0.000009 0.000000 0.000000 0.000000
    74 0.000000 0.000000 0.000000 0.000000 0.000000 0.000000
    75 0.000000 0.000000 0.000000 0.000000 0.000000 0.000000
    76 0.000000 0.000000 0.000000 0.000000 0.000000 0.000000
time 10
    0 -2.486328 -2.776310 8.429688 0.261193 1.178459 0.583811
    1 0.000000 3.591042 -0.015921 1.576790 -0.307146 1.511466
    2 3.548302 0.000000 0.000000 0.015016 0.026903 0.100826
    3 3.284046 0.000001 0.000000 -0.154357 0.123849 0.194102
    4 5.062389 -0.000001 0.000000 -0.128875 0.104762 0.545973
    5 3.610073 1.295546 -1.332000 1.811527 1.381858 0.107320
    6 4.890536 0.000004 0.000000 1.467777 -0.018746 -1.500792
    7 9.685764 0.000000 -0.000004 0.000000 0.000000 -2.020933
    8 3.610065 1.295545 1.332000 -0.229942 -0.814542 -1.353214
    9 4.890535 0.000000 -0.000001 -1.674233 0.066276 -0.489508
    10 9.685764 0.000000 0.000000 0.000000 0.000000 -1.858343
    11 9.256790 -0.000007 -0.000023 2.732556 -0.079117 -0.075107
    12 -3.219585 0.000000 0.000000 -0.783468 -0.802845 -1.818052
    13 9.256779 -0.000004 0.000011 -1.160441 -0.024413 0.383581
    14 16.283249 0.000000 0.000000 0.000000 0.000000 0.025250
    15 4.753334 0.000000 0.000000 -3.126786 0.005953 0.691504
    16 3.962090 0.000000 0.000000 0.032501 -0.066760 0.259150
    17 16.291077 0.000000 0.000000 0.000000 0.000000 2.470580
    18 14.875347 0.000000 0.000000 0.281864 0.166570 -1.580212
    19 5.277816 0.000000 0.000001 -0.112051 0.023861 -0.331149
    20 3.219585 0.000000 0.000000 -2.016203 -0.864007 -1.237681
    21 16.283253 0.000000 0.000000 0.000000 0.000000 0.025253
    22 16.291080 0.000000 0.000001 0.000000 0.000000 1.437748
    23 14.875350 0.000000 0.000000 -0.178727 0.104952 -0.969387
    24 5.277817 0.000000 0.000000 0.020412 -0.027730 -0.427005
    25 2.660156 0.004799 -1.311523 0.007878 -0.080695 -0.862968
    26 1.340820 0.000002 0.000000 -0.125842 -0.198682 -0.570130
    27 0.717773 -0.000001 0.000000 -0.054473 -0.175380 -0.302889
    28 2.933594 0.180298 -0.485352 0.121103 0.012041 -0.821261
    29 1.604492 0.000004 0.000000 -0.097757 -0.175234 -0.512469
    30 0.857929 0.000002 0.000000 0.002415 0.009757 -0.242679
    31 3.169922 0.097046 0.363525 0.171708 0.049096 -0.587763
    32 1.909180 0.000004 -0.000001 -0.118966 -0.076516 -1.001797
    33 1.023438 0.000001 0.000000 0.001897 0.012019 -0.156562
    34 3.269531 -0.140869 1.259766 0.169212 0.046758 -0.609994
    35 1.509766 -0.000002 0.000000 0.057264 0.071571 -0.675739
    36 0.883299 -0.000002 0.000000 0.001236 0.038489 -0.401834
    37 0.948242 -1.142578 0.871582 1.847521 -0.683203 -0.463005
    38 1.629883 0.000000 0.000000 0.000013 -0.037568 -0.055870
    39 1.085938 0.000000 -0.000004 0.000000 0.000000 -0.125082
    40 4.976479 0.000000 0.000004 -0.126310 0.000000 0.000000
    41 9.952959 0.000000 0.000006 -0.238428 0.000000 0.000000
    42 9.877266 0.000000 0.000002 0.000000 0.000000 -0.161658
    43 2.660156 0.000054 1.311523 -0.217008 -0.163702 -0.341356
    44 1.340820 0.000003 0.000000 -0.022933 0.007613 -1.890993
    45 0.717773 0.000002 0.000000 0.054474 0.175340 -0.910365
    46 2.935547 0.178589 0.486084 -0.301746 -0.245900 -0.601601
    47 1.604492 0.000000 0.000000 0.115619 -0.003419 -1.600477
    48 0.857933 -0.000001 0.000000 -0.002403 -0.009699 -0.901508
    49 3.169922 0.098328 -0.363281 -0.302761 -0.227478 -0.659650
    50 1.909180 0.000000 0.000000 0.004951 -0.001033 -1.772344
    51 1.023438 -0.000002 0.000000 -0.001870 -0.011971 -0.834431
    52 3.271484 -0.136353 -1.259766 -0.188140 -0.087648 -0.204768
    53 1.509766 0.000004 0.000000 -0.051327 -0.064037 -0.676425
    54 0.883297 0.000000 0.000000 -0.001277 -0.038560 -0.033101
    55 0.948242 -1.139648 -0.875977 -1.802022 0.200170 -0.546418
    56 1.629883 0.000000 -0.000002 -0.000004 -0.225005 -0.494029
    57 1.085938 -0.000001 0.000002 -0.000040 0.040618 -0.404246
    58 9.952957 -0.000001 -0.000004 0.242666 0.000000 0.000000
    59 4.976482 0.000000 -0.000002 0.128617 0.000000 0.000000
    60 9.877266 0.000000 0.000000 0.000000 0.000000 -0.161657
    61 7.023271 -6.880002 4.339546 2.620672 -1.456011 -1.105365
    62 3.813801 -3.870655 0.998562 1.570796 -1.069638 0.199892
    63 0.000000 -0.000007 -0.000031 1.373047 0.113574 0.124314
    64 0.000000 -0.000007 -0.000031 1.373047 0.113574 0.124314
    65 3.348999 -1.370998 0.725000 1.977842 -0.088017 1.557793
    66 2.856897 -1.536200 -0.973800 -1.501147 -0.272558 -1.578261
    67 0.000000 0.000000 10.000000 0.000000 0.000000 0.000000
    68 0.018898 0.665159 9.395884 0.000000 0.000000 0.000000
    69 2.000000 -3.000000 0.000000 -1.570796 0.000000 -1.326450
    70 3.028210 -0.923409 -2.009451 1.574082 -0.012974 1.587243
    71 0.116953 4.311606 0.061859 0.000010 -0.000001 0.000000
    72 0.000000 -0.000002 0.000000 0.000000 0.000000 0.000000
    73 -0.000002 1.000000 0.000009 0.000000 0.000000 0.000000
    74 0.000000 0.000000 0.000000 0.000000 0.000000 0.000000
    75 0.000000 0.000000 0.000000 0.000000 0.000000 0.000000
    76 0.000000 0.000000 0.000000 0.000000 0.000000 0.000000
time 11
    0 -2.486328 -4.185776 8.164063 0.259806 1.178505 0.582431
    1 0.000000 3.591042 -0.015921 1.578243 -0.307145 1.506835
    2 3.548302 0.000000 0.000000 -0.026873 0.010439 0.101260
    3 3.284046 0.000001 0.000000 -0.145165 0.119865 0.195220
    4 5.062389 -0.000001 0.000000 -0.128875 0.104762 0.545973
    5 3.610073 1.295546 -1.332000 1.811527 1.381858 0.107320
    6 4.890536 0.000004 0.000000 1.407593 0.000167 -1.448950
    7 9.685764 0.000000 -0.000004 0.000000 0.000000 -2.001408
    8 3.610065 1.295545 1.332000 -0.150578 -0.796059 -1.430089
    9 4.890535 0.000000 -0.000001 -1.713121 0.151872 -0.295222
    10 9.685764 0.000000 0.000000 0.000000 0.000000 -1.867916
    11 9.256790 -0.000007 -0.000023 2.732556 -0.079117 -0.075107
    12 -3.219585 0.000000 0.000000 -0.738181 -0.796612 -1.922391
    13 9.256779 -0.000004 0.000011 -1.160441 -0.024413 0.383581
    14 16.283249 0.000000 0.000000 0.000000 0.000000 0.025250
    15 4.753334 0.000000 0.000000 -3.126786 0.005953 0.691504
    16 3.962090 0.000000 0.000000 0.032501 -0.066760 0.259150
    17 16.291077 0.000000 0.000000 0.000000 0.000000 2.475880
    18 14.875347 0.000000 0.000000 0.256520 0.109320 -1.540254
    19 5.277816 0.000000 0.000001 -0.112051 0.023861 -0.331149
    20 3.219585 0.000000 0.000000 -2.049924 -0.879234 -1.197735
    21 16.283253 0.000000 0.000000 0.000000 0.000000 0.025253
    22 16.291080 0.000000 0.000001 0.000000 0.000000 1.471960
    23 14.875350 0.000000 0.000000 -0.219026 0.133596 -0.978247
    24 5.277817 0.000000 0.000000 0.020412 -0.027730 -0.427005
    25 2.660156 0.004799 -1.311523 0.007878 -0.080695 -0.862968
    26 1.340820 0.000002 0.000000 -0.125842 -0.198682 -0.570130
    27 0.717773 -0.000001 0.000000 -0.054473 -0.175380 -0.302889
    28 2.933594 0.180298 -0.485352 0.121103 0.012041 -0.821261
    29 1.604492 0.000004 0.000000 -0.097757 -0.175234 -0.512469
    30 0.857929 0.000002 0.000000 0.002415 0.009757 -0.242679
    31 3.169922 0.097046 0.363525 0.171708 0.049096 -0.587763
    32 1.909180 0.000004 -0.000001 -0.118966 -0.076516 -1.001797
    33 1.023438 0.000001 0.000000 0.001897 0.012019 -0.156562
    34 3.269531 -0.140869 1.259766 0.169212 0.046758 -0.609994
    35 1.509766 -0.000002 0.000000 0.057264 0.071571 -0.675739
    36 0.883299 -0.000002 0.000000 0.001236 0.038489 -0.401834
    37 0.948242 -1.142578 0.871582 1.847521 -0.683203 -0.463005
    38 1.629883 0.000000 0.000000 0.000013 -0.037568 -0.055870
    39 1.085938 0.000000 -0.000004 0.000000 0.000000 -0.125082
    40 4.976479 0.000000 0.000004 -0.126310 0.000000 0.000000
    41 9.952959 0.000000 0.000006 -0.238428 0.000000 0.000000
    42 9.877266 0.000000 0.000002 0.000000 0.000000 -0.161658
    43 2.660156 0.000054 1.311523 -0.217008 -0.163702 -0.341356
    44 1.340820 0.000003 0.000000 -0.022933 0.007613 -1.890993
    45 0.717773 0.000002 0.000000 0.054474 0.175340 -0.910365
    46 2.935547 0.178589 0.486084 -0.301746 -0.245900 -0.601601
    47 1.604492 0.000000 0.000000 0.115619 -0.003419 -1.600477
    48 0.857933 -0.000001 0.000000 -0.002403 -0.009699 -0.901508
    49 3.169922 0.098328 -0.363281 -0.302761 -0.227478 -0.659650
    50 1.909180 0.000000 0.000000 0.004951 -0.001033 -1.772344
    51 1.023438 -0.000002 0.000000 -0.001870 -0.011971 -0.834431
    52 3.271484 -0.136353 -1.259766 -0.188140 -0.087648 -0.204768
    53 1.509766 0.000004 0.000000 -0.051327 -0.064037 -0.676425
    54 0.883297 0.000000 0.000000 -0.001277 -0.038560 -0.033101
    55 0.948242 -1.139648 -0.875977 -1.802022 0.200170 -0.546418
    56 1.629883 0.000000 -0.000002 -0.000004 -0.225005 -0.494029
    57 1.085938 -0.000001 0.000002 -0.000040 0.040618 -0.404246
    58 9.952957 -0.000001 -0.000004 0.242666 0.000000 0.000000
    59 4.976482 0.000000 -0.000002 0.128617 0.000000 0.000000
    60 9.877266 0.000000 0.000000 0.000000 0.000000 -0.161657
    61 7.023271 -6.880002 4.339546 2.620672 -1.456011 -1.105365
    62 3.813801 -3.870655 0.998562 1.570796 -1.069638 0.199892
    63 0.000000 -0.000007 -0.000031 1.373047 0.113574 0.124314
    64 0.000000 -0.000007 -0.000031 1.373047 0.113574 0.124314
    65 3.348999 -1.370998 0.725000 1.977842 -0.088017 1.557793
    66 2.856897 -1.536200 -0.973800 -1.501147 -0.272558 -1.578261
    67 0.000000 0.000000 10.000000 0.000000 0.000000 0.000000
    68 0.018898 0.665159 9.395884 0.000000 0.000000 0.000000
    69 2.000000 -3.000000 0.000000 -1.570796 0.000000 -1.326450
    70 3.028210 -0.923409 -2.009451 1.574082 -0.012974 1.587243
    71 0.116953 4.311606 0.061859 0.000010 -0.000001 0.000000
    72 0.000000 -0.000002 0.000000 0.000000 0.000000 0.000000
    73 -0.000002 1.000000 0.000009 0.000000 0.000000 0.000000
    74 0.000000 0.000000 0.000000 0.000000 0.000000 0.000000
    75 0.000000 0.000000 0.000000 0.000000 0.000000 0.000000
    76 0.000000 0.000000 0.000000 0.000000 0.000000 0.000000
time 12
    0 -2.486328 -5.417295 8.117188 0.255065 1.179088 0.577313
    1 0.000000 3.591042 -0.015921 1.579708 -0.307126 1.502040
    2 3.548302 0.000000 0.000000 -0.044520 0.003388 0.101599
    3 3.284046 0.000001 0.000000 -0.121966 0.109426 0.198083
    4 5.062389 -0.000001 0.000000 -0.128875 0.104762 0.545973
    5 3.610073 1.295546 -1.332000 1.811527 1.381858 0.107320
    6 4.890536 0.000004 0.000000 1.370921 0.027884 -1.392460
    7 9.685764 0.000000 -0.000004 0.000000 0.000000 -1.969558
    8 3.610065 1.295545 1.332000 -0.238703 -0.835960 -1.351360
    9 4.890535 0.000000 -0.000001 -1.719482 0.284363 -0.237721
    10 9.685764 0.000000 0.000000 0.000000 0.000000 -1.838224
    11 9.256790 -0.000007 -0.000023 2.732556 -0.079117 -0.075107
    12 -3.219585 0.000000 0.000000 -0.758767 -0.808478 -1.974781
    13 9.256779 -0.000004 0.000011 -1.160441 -0.024413 0.383581
    14 16.283249 0.000000 0.000000 0.000000 0.000000 0.025250
    15 4.753334 0.000000 0.000000 -3.126786 0.005953 0.691504
    16 3.962090 0.000000 0.000000 0.032501 -0.066760 0.259150
    17 16.291077 0.000000 0.000000 0.000000 0.000000 2.454834
    18 14.875347 0.000000 0.000000 0.277197 0.050757 -1.481766
    19 5.277816 0.000000 0.000001 -0.112051 0.023861 -0.331149
    20 3.219585 0.000000 0.000000 -2.100349 -0.912281 -1.138752
    21 16.283253 0.000000 0.000000 0.000000 0.000000 0.025253
    22 16.291080 0.000000 0.000001 0.000000 0.000000 1.532671
    23 14.875350 0.000000 0.000000 -0.260604 0.161173 -0.993892
    24 5.277817 0.000000 0.000000 0.020412 -0.027730 -0.427005
    25 2.660156 0.004799 -1.311523 0.007878 -0.080695 -0.862968
    26 1.340820 0.000002 0.000000 -0.125842 -0.198682 -0.570130
    27 0.717773 -0.000001 0.000000 -0.054473 -0.175380 -0.302889
    28 2.933594 0.180298 -0.485352 0.121103 0.012041 -0.821261
    29 1.604492 0.000004 0.000000 -0.097757 -0.175234 -0.512469
    30 0.857929 0.000002 0.000000 0.002415 0.009757 -0.242679
    31 3.169922 0.097046 0.363525 0.171708 0.049096 -0.587763
    32 1.909180 0.000004 -0.000001 -0.118966 -0.076516 -1.001797
    33 1.023438 0.000001 0.000000 0.001897 0.012019 -0.156562
    34 3.269531 -0.140869 1.259766 0.169212 0.046758 -0.609994
    35 1.509766 -0.000002 0.000000 0.057264 0.071571 -0.675739
    36 0.883299 -0.000002 0.000000 0.001236 0.038489 -0.401834
    37 0.948242 -1.142578 0.871582 1.847521 -0.683203 -0.463005
    38 1.629883 0.000000 0.000000 0.000013 -0.037568 -0.055870
    39 1.085938 0.000000 -0.000004 0.000000 0.000000 -0.125082
    40 4.976479 0.000000 0.000004 -0.126310 0.000000 0.000000
    41 9.952959 0.000000 0.000006 -0.238428 0.000000 0.000000
    42 9.877266 0.000000 0.000002 0.000000 0.000000 -0.161658
    43 2.660156 0.000054 1.311523 -0.217008 -0.163702 -0.341356
    44 1.340820 0.000003 0.000000 -0.022933 0.007613 -1.890993
    45 0.717773 0.000002 0.000000 0.054474 0.175340 -0.910365
    46 2.935547 0.178589 0.486084 -0.301746 -0.245900 -0.601601
    47 1.604492 0.000000 0.000000 0.115619 -0.003419 -1.600477
    48 0.857933 -0.000001 0.000000 -0.002403 -0.009699 -0.901508
    49 3.169922 0.098328 -0.363281 -0.302761 -0.227478 -0.659650
    50 1.909180 0.000000 0.000000 0.004951 -0.001033 -1.772344
    51 1.023438 -0.000002 0.000000 -0.001870 -0.011971 -0.834431
    52 3.271484 -0.136353 -1.259766 -0.188140 -0.087648 -0.204768
    53 1.509766 0.000004 0.000000 -0.051327 -0.064037 -0.676425
    54 0.883297 0.000000 0.000000 -0.001277 -0.038560 -0.033101
    55 0.948242 -1.139648 -0.875977 -1.802022 0.200170 -0.546418
    56 1.629883 0.000000 -0.000002 -0.000004 -0.225005 -0.494029
    57 1.085938 -0.000001 0.000002 -0.000040 0.040618 -0.404246
    58 9.952957 -0.000001 -0.000004 0.242666 0.000000 0.000000
    59 4.976482 0.000000 -0.000002 0.128617 0.000000 0.000000
    60 9.877266 0.000000 0.000000 0.000000 0.000000 -0.161657
    61 7.023271 -6.880002 4.339546 2.620672 -1.456011 -1.105365
    62 3.813801 -3.870655 0.998562 1.570796 -1.069638 0.199892
    63 0.000000 -0.000007 -0.000031 1.373047 0.113574 0.124314
    64 0.000000 -0.000007 -0.000031 1.373047 0.113574 0.124314
    65 3.348999 -1.370998 0.725000 1.977842 -0.088017 1.557793
    66 2.856897 -1.536200 -0.973800 -1.501147 -0.272558 -1.578261
    67 0.000000 0.000000 10.000000 0.000000 0.000000 0.000000
    68 0.018898 0.665159 9.395884 0.000000 0.000000 0.000000
    69 2.000000 -3.000000 0.000000 -1.570796 0.000000 -1.326450
    70 3.028210 -0.923409 -2.009451 1.574082 -0.012974 1.587243
    71 0.116953 4.311606 0.061859 0.000010 -0.000001 0.000000
    72 0.000000 -0.000002 0.000000 0.000000 0.000000 0.000000
    73 -0.000002 1.000000 0.000009 0.000000 0.000000 0.000000
    74 0.000000 0.000000 0.000000 0.000000 0.000000 0.000000
    75 0.000000 0.000000 0.000000 0.000000 0.000000 0.000000
    76 0.000000 0.000000 0.000000 0.000000 0.000000 0.000000
time 13
    0 -2.486328 -6.123209 8.046875 0.246286 1.179971 0.567816
    1 0.000000 3.591042 -0.015921 1.580897 -0.307049 1.498049
    2 3.548302 0.000000 0.000000 -0.035815 0.013509 0.097795
    3 3.284046 0.000001 0.000000 -0.091583 0.094271 0.202203
    4 5.062389 -0.000001 0.000000 -0.128875 0.104762 0.545973
    5 3.610073 1.295546 -1.332000 1.811527 1.381858 0.107320
    6 4.890536 0.000004 0.000000 1.364027 0.053775 -1.331723
    7 9.685764 0.000000 -0.000004 0.000000 0.000000 -1.927715
    8 3.610065 1.295545 1.332000 -0.477626 -0.914779 -1.124344
    9 4.890535 0.000000 -0.000001 -1.707038 0.387495 -0.341286
    10 9.685764 0.000000 0.000000 0.000000 0.000000 -1.874779
    11 9.256790 -0.000007 -0.000023 2.732556 -0.079117 -0.075107
    12 -3.219585 0.000000 0.000000 -0.875363 -0.837573 -1.956167
    13 9.256779 -0.000004 0.000011 -1.160441 -0.024413 0.383581
    14 16.283249 0.000000 0.000000 0.000000 0.000000 0.025250
    15 4.753334 0.000000 0.000000 -3.126786 0.005953 0.691504
    16 3.962090 0.000000 0.000000 0.032501 -0.066760 0.259150
    17 16.291077 0.000000 0.000000 0.000000 0.000000 2.389904
    18 14.875347 0.000000 0.000000 0.358732 -0.021954 -1.401351
    19 5.277816 0.000000 0.000001 -0.112051 0.023861 -0.331149
    20 3.219585 0.000000 0.000000 -2.128886 -0.931438 -1.108356
    21 16.283253 0.000000 0.000000 0.000000 0.000000 0.025253
    22 16.291080 0.000000 0.000001 0.000000 0.000000 1.564063
    23 14.875350 0.000000 0.000000 -0.305022 0.177353 -1.004294
    24 5.277817 0.000000 0.000000 0.020412 -0.027730 -0.427005
    25 2.660156 0.004799 -1.311523 0.007878 -0.080695 -0.862968
    26 1.340820 0.000002 0.000000 -0.125842 -0.198682 -0.570130
    27 0.717773 -0.000001 0.000000 -0.054473 -0.175380 -0.302889
    28 2.933594 0.180298 -0.485352 0.121103 0.012041 -0.821261
    29 1.604492 0.000004 0.000000 -0.097757 -0.175234 -0.512469
    30 0.857929 0.000002 0.000000 0.002415 0.009757 -0.242679
    31 3.169922 0.097046 0.363525 0.171708 0.049096 -0.587763
    32 1.909180 0.000004 -0.000001 -0.118966 -0.076516 -1.001797
    33 1.023438 0.000001 0.000000 0.001897 0.012019 -0.156562
    34 3.269531 -0.140869 1.259766 0.169212 0.046758 -0.609994
    35 1.509766 -0.000002 0.000000 0.057264 0.071571 -0.675739
    36 0.883299 -0.000002 0.000000 0.001236 0.038489 -0.401834
    37 0.948242 -1.142578 0.871582 1.847521 -0.683203 -0.463005
    38 1.629883 0.000000 0.000000 0.000013 -0.037568 -0.055870
    39 1.085938 0.000000 -0.000004 0.000000 0.000000 -0.125082
    40 4.976479 0.000000 0.000004 -0.126310 0.000000 0.000000
    41 9.952959 0.000000 0.000006 -0.238428 0.000000 0.000000
    42 9.877266 0.000000 0.000002 0.000000 0.000000 -0.161658
    43 2.660156 0.000054 1.311523 -0.217008 -0.163702 -0.341356
    44 1.340820 0.000003 0.000000 -0.022933 0.007613 -1.890993
    45 0.717773 0.000002 0.000000 0.054474 0.175340 -0.910365
    46 2.935547 0.178589 0.486084 -0.301746 -0.245900 -0.601601
    47 1.604492 0.000000 0.000000 0.115619 -0.003419 -1.600477
    48 0.857933 -0.000001 0.000000 -0.002403 -0.009699 -0.901508
    49 3.169922 0.098328 -0.363281 -0.302761 -0.227478 -0.659650
    50 1.909180 0.000000 0.000000 0.004951 -0.001033 -1.772344
    51 1.023438 -0.000002 0.000000 -0.001870 -0.011971 -0.834431
    52 3.271484 -0.136353 -1.259766 -0.188140 -0.087648 -0.204768
    53 1.509766 0.000004 0.000000 -0.051327 -0.064037 -0.676425
    54 0.883297 0.000000 0.000000 -0.001277 -0.038560 -0.033101
    55 0.948242 -1.139648 -0.875977 -1.802022 0.200170 -0.546418
    56 1.629883 0.000000 -0.000002 -0.000004 -0.225005 -0.494029
    57 1.085938 -0.000001 0.000002 -0.000040 0.040618 -0.404246
    58 9.952957 -0.000001 -0.000004 0.242666 0.000000 0.000000
    59 4.976482 0.000000 -0.000002 0.128617 0.000000 0.000000
    60 9.877266 0.000000 0.000000 0.000000 0.000000 -0.161657
    61 7.023271 -6.880002 4.339546 2.620672 -1.456011 -1.105365
    62 3.813801 -3.870655 0.998562 1.570796 -1.069638 0.199892
    63 0.000000 -0.000007 -0.000031 1.373047 0.113574 0.124314
    64 0.000000 -0.000007 -0.000031 1.373047 0.113574 0.124314
    65 3.348999 -1.370998 0.725000 1.977842 -0.088017 1.557793
    66 2.856897 -1.536200 -0.973800 -1.501147 -0.272558 -1.578261
    67 0.000000 0.000000 10.000000 0.000000 0.000000 0.000000
    68 0.018898 0.665159 9.395884 0.000000 0.000000 0.000000
    69 2.000000 -3.000000 0.000000 -1.570796 0.000000 -1.326450
    70 3.028210 -0.923409 -2.009451 1.574082 -0.012974 1.587243
    71 0.116953 4.311606 0.061859 0.000010 -0.000001 0.000000
    72 0.000000 -0.000002 0.000000 0.000000 0.000000 0.000000
    73 -0.000002 1.000000 0.000009 0.000000 0.000000 0.000000
    74 0.000000 0.000000 0.000000 0.000000 0.000000 0.000000
    75 0.000000 0.000000 0.000000 0.000000 0.000000 0.000000
    76 0.000000 0.000000 0.000000 0.000000 0.000000 0.000000
time 14
    0 -2.486327 -6.143363 7.859375 0.233056 1.181319 0.553473
    1 0.000000 3.591042 -0.015921 1.581895 -0.307068 1.494781
    2 3.548302 0.000000 0.000000 -0.016565 0.035396 0.089447
    3 3.284046 0.000001 0.000000 -0.060619 0.076291 0.206791
    4 5.062389 -0.000001 0.000000 -0.128875 0.104762 0.545973
    5 3.610073 1.295546 -1.332000 1.811527 1.381858 0.107320
    6 4.890536 0.000004 0.000000 1.370104 0.071182 -1.270371
    7 9.685764 0.000000 -0.000004 0.000000 0.000000 -1.879915
    8 3.610065 1.295545 1.332000 -0.811603 -0.967713 -0.784061
    9 4.890535 0.000000 -0.000001 -1.739080 0.490707 -0.525748
    10 9.685764 0.000000 0.000000 0.000000 0.000000 -1.964476
    11 9.256790 -0.000007 -0.000023 2.732556 -0.079117 -0.075107
    12 -3.219585 0.000000 0.000000 -1.000699 -0.821360 -1.918666
    13 9.256779 -0.000004 0.000011 -1.160441 -0.024413 0.383581
    14 16.283249 0.000000 0.000000 0.000000 0.000000 0.025250
    15 4.753334 0.000000 0.000000 -3.126786 0.005953 0.691504
    16 3.962090 0.000000 0.000000 0.032501 -0.066760 0.259150
    17 16.291077 0.000000 0.000000 0.000000 0.000000 2.268377
    18 14.875347 0.000000 0.000000 0.422502 -0.101726 -1.309498
    19 5.277816 0.000000 0.000001 -0.112051 0.023861 -0.331149
    20 3.219585 0.000000 0.000000 -2.112018 -0.932350 -1.128492
    21 16.283253 0.000000 0.000000 0.000000 0.000000 0.025253
    22 16.291080 0.000000 0.000001 0.000000 0.000000 1.554836
    23 14.875350 0.000000 0.000000 -0.355314 0.178304 -1.009344
    24 5.277817 0.000000 0.000000 0.020412 -0.027730 -0.427005
    25 2.660156 0.004799 -1.311523 0.007878 -0.080695 -0.862968
    26 1.340820 0.000002 0.000000 -0.125842 -0.198682 -0.570130
    27 0.717773 -0.000001 0.000000 -0.054473 -0.175380 -0.302889
    28 2.933594 0.180298 -0.485352 0.121103 0.012041 -0.821261
    29 1.604492 0.000004 0.000000 -0.097757 -0.175234 -0.512469
    30 0.857929 0.000002 0.000000 0.002415 0.009757 -0.242679
    31 3.169922 0.097046 0.363525 0.171708 0.049096 -0.587763
    32 1.909180 0.000004 -0.000001 -0.118966 -0.076516 -1.001797
    33 1.023438 0.000001 0.000000 0.001897 0.012019 -0.156562
    34 3.269531 -0.140869 1.259766 0.169212 0.046758 -0.609994
    35 1.509766 -0.000002 0.000000 0.057264 0.071571 -0.675739
    36 0.883299 -0.000002 0.000000 0.001236 0.038489 -0.401834
    37 0.948242 -1.142578 0.871582 1.847521 -0.683203 -0.463005
    38 1.629883 0.000000 0.000000 0.000013 -0.037568 -0.055870
    39 1.085938 0.000000 -0.000004 0.000000 0.000000 -0.125082
    40 4.976479 0.000000 0.000004 -0.126310 0.000000 0.000000
    41 9.952959 0.000000 0.000006 -0.238428 0.000000 0.000000
    42 9.877266 0.000000 0.000002 0.000000 0.000000 -0.161658
    43 2.660156 0.000054 1.311523 -0.217008 -0.163702 -0.341356
    44 1.340820 0.000003 0.000000 -0.022933 0.007613 -1.890993
    45 0.717773 0.000002 0.000000 0.054474 0.175340 -0.910365
    46 2.935547 0.178589 0.486084 -0.301746 -0.245900 -0.601601
    47 1.604492 0.000000 0.000000 0.115619 -0.003419 -1.600477
    48 0.857933 -0.000001 0.000000 -0.002403 -0.009699 -0.901508
    49 3.169922 0.098328 -0.363281 -0.302761 -0.227478 -0.659650
    50 1.909180 0.000000 0.000000 0.004951 -0.001033 -1.772344
    51 1.023438 -0.000002 0.000000 -0.001870 -0.011971 -0.834431
    52 3.271484 -0.136353 -1.259766 -0.188140 -0.087648 -0.204768
    53 1.509766 0.000004 0.000000 -0.051327 -0.064037 -0.676425
    54 0.883297 0.000000 0.000000 -0.001277 -0.038560 -0.033101
    55 0.948242 -1.139648 -0.875977 -1.802022 0.200170 -0.546418
    56 1.629883 0.000000 -0.000002 -0.000004 -0.225005 -0.494029
    57 1.085938 -0.000001 0.000002 -0.000040 0.040618 -0.404246
    58 9.952957 -0.000001 -0.000004 0.242666 0.000000 0.000000
    59 4.976482 0.000000 -0.000002 0.128617 0.000000 0.000000
    60 9.877266 0.000000 0.000000 0.000000 0.000000 -0.161657
    61 7.023271 -6.880002 4.339546 2.620672 -1.456011 -1.105365
    62 3.813801 -3.870655 0.998562 1.570796 -1.069638 0.199892
    63 0.000000 -0.000007 -0.000031 1.373047 0.113574 0.124314
    64 0.000000 -0.000007 -0.000031 1.373047 0.113574 0.124314
    65 3.348999 -1.370998 0.725000 1.977842 -0.088017 1.557793
    66 2.856897 -1.536200 -0.973800 -1.501147 -0.272558 -1.578261
    67 0.000000 0.000000 10.000000 0.000000 0.000000 0.000000
    68 0.018898 0.665159 9.395884 0.000000 0.000000 0.000000
    69 2.000000 -3.000000 0.000000 -1.570796 0.000000 -1.326450
    70 3.028210 -0.923409 -2.009451 1.574082 -0.012974 1.587243
    71 0.116953 4.311606 0.061859 0.000010 -0.000001 0.000000
    72 0.000000 -0.000002 0.000000 0.000000 0.000000 0.000000
    73 -0.000002 1.000000 0.000009 0.000000 0.000000 0.000000
    74 0.000000 0.000000 0.000000 0.000000 0.000000 0.000000
    75 0.000000 0.000000 0.000000 0.000000 0.000000 0.000000
    76 0.000000 0.000000 0.000000 0.000000 0.000000 0.000000
time 15
    0 -2.486327 -6.216038 7.652344 0.217346 1.182820 0.536443
    1 0.000000 3.591042 -0.015921 1.582625 -0.307040 1.492310
    2 3.548302 0.000000 0.000000 0.002714 0.056228 0.081104
    3 3.284046 0.000001 0.000000 -0.035704 0.057274 0.211167
    4 5.062389 -0.000001 0.000000 -0.128875 0.104762 0.545973
    5 3.610073 1.295546 -1.332000 1.811527 1.381858 0.107320
    6 4.890536 0.000004 0.000000 1.372873 0.084768 -1.219874
    7 9.685764 0.000000 -0.000004 0.000000 0.000000 -1.830831
    8 3.610065 1.295545 1.332000 -1.119417 -0.975759 -0.450914
    9 4.890535 0.000000 -0.000001 -1.839889 0.535019 -0.767123
    10 9.685764 0.000000 0.000000 0.000000 0.000000 -2.071693
    11 9.256790 -0.000007 -0.000023 2.732556 -0.079117 -0.075107
    12 -3.219585 0.000000 0.000000 -1.110852 -0.783086 -1.855476
    13 9.256779 -0.000004 0.000011 -1.160441 -0.024413 0.383581
    14 16.283249 0.000000 0.000000 0.000000 0.000000 0.025250
    15 4.753334 0.000000 0.000000 -3.126786 0.005953 0.691504
    16 3.962090 0.000000 0.000000 0.032501 -0.066760 0.259150
    17 16.291077 0.000000 0.000000 0.000000 0.000000 2.137196
    18 14.875347 0.000000 0.000000 0.476801 -0.148215 -1.237828
    19 5.277816 0.000000 0.000001 -0.112051 0.023861 -0.331149
    20 3.219585 0.000000 0.000000 -2.099280 -0.941598 -1.139795
    21 16.283253 0.000000 0.000000 0.000000 0.000000 0.025253
    22 16.291080 0.000000 0.000001 0.000000 0.000000 1.557745
    23 14.875350 0.000000 0.000000 -0.395680 0.176102 -1.016790
    24 5.277817 0.000000 0.000000 0.020412 -0.027730 -0.427005
    25 2.660156 0.004799 -1.311523 0.007878 -0.080695 -0.862968
    26 1.340820 0.000002 0.000000 -0.125842 -0.198682 -0.570130
    27 0.717773 -0.000001 0.000000 -0.054473 -0.175380 -0.302889
    28 2.933594 0.180298 -0.485352 0.121103 0.012041 -0.821261
    29 1.604492 0.000004 0.000000 -0.097757 -0.175234 -0.512469
    30 0.857929 0.000002 0.000000 0.002415 0.009757 -0.242679
    31 3.169922 0.097046 0.363525 0.171708 0.049096 -0.587763
    32 1.909180 0.000004 -0.000001 -0.118966 -0.076516 -1.001797
    33 1.023438 0.000001 0.000000 0.001897 0.012019 -0.156562
    34 3.269531 -0.140869 1.259766 0.169212 0.046758 -0.609994
    35 1.509766 -0.000002 0.000000 0.057264 0.071571 -0.675739
    36 0.883299 -0.000002 0.000000 0.001236 0.038489 -0.401834
    37 0.948242 -1.142578 0.871582 1.847521 -0.683203 -0.463005
    38 1.629883 0.000000 0.000000 0.000013 -0.037568 -0.055870
    39 1.085938 0.000000 -0.000004 0.000000 0.000000 -0.125082
    40 4.976479 0.000000 0.000004 -0.126310 0.000000 0.000000
    41 9.952959 0.000000 0.000006 -0.238428 0.000000 0.000000
    42 9.877266 0.000000 0.000002 0.000000 0.000000 -0.161658
    43 2.660156 0.000054 1.311523 -0.217008 -0.163702 -0.341356
    44 1.340820 0.000003 0.000000 -0.022933 0.007613 -1.890993
    45 0.717773 0.000002 0.000000 0.054474 0.175340 -0.910365
    46 2.935547 0.178589 0.486084 -0.301746 -0.245900 -0.601601
    47 1.604492 0.000000 0.000000 0.115619 -0.003419 -1.600477
    48 0.857933 -0.000001 0.000000 -0.002403 -0.009699 -0.901508
    49 3.169922 0.098328 -0.363281 -0.302761 -0.227478 -0.659650
    50 1.909180 0.000000 0.000000 0.004951 -0.001033 -1.772344
    51 1.023438 -0.000002 0.000000 -0.001870 -0.011971 -0.834431
    52 3.271484 -0.136353 -1.259766 -0.188140 -0.087648 -0.204768
    53 1.509766 0.000004 0.000000 -0.051327 -0.064037 -0.676425
    54 0.883297 0.000000 0.000000 -0.001277 -0.038560 -0.033101
    55 0.948242 -1.139648 -0.875977 -1.802022 0.200170 -0.546418
    56 1.629883 0.000000 -0.000002 -0.000004 -0.225005 -0.494029
    57 1.085938 -0.000001 0.000002 -0.000040 0.040618 -0.404246
    58 9.952957 -0.000001 -0.000004 0.242666 0.000000 0.000000
    59 4.976482 0.000000 -0.000002 0.128617 0.000000 0.000000
    60 9.877266 0.000000 0.000000 0.000000 0.000000 -0.161657
    61 7.023271 -6.880002 4.339546 2.620672 -1.456011 -1.105365
    62 3.813801 -3.870655 0.998562 1.570796 -1.069638 0.199892
    63 0.000000 -0.000007 -0.000031 1.373047 0.113574 0.124314
    64 0.000000 -0.000007 -0.000031 1.373047 0.113574 0.124314
    65 3.348999 -1.370998 0.725000 1.977842 -0.088017 1.557793
    66 2.856897 -1.536200 -0.973800 -1.501147 -0.272558 -1.578261
    67 0.000000 0.000000 10.000000 0.000000 0.000000 0.000000
    68 0.018898 0.665159 9.395884 0.000000 0.000000 0.000000
    69 2.000000 -3.000000 0.000000 -1.570796 0.000000 -1.326450
    70 3.028210 -0.923409 -2.009451 1.574082 -0.012974 1.587243
    71 0.116953 4.311606 0.061859 0.000010 -0.000001 0.000000
    72 0.000000 -0.000002 0.000000 0.000000 0.000000 0.000000
    73 -0.000002 1.000000 0.000009 0.000000 0.000000 0.000000
    74 0.000000 0.000000 0.000000 0.000000 0.000000 0.000000
    75 0.000000 0.000000 0.000000 0.000000 0.000000 0.000000
    76 0.000000 0.000000 0.000000 0.000000 0.000000 0.000000
time 16
    0 -2.486327 -6.388110 7.457031 0.203185 1.184045 0.521150
    1 0.000000 3.591042 -0.015921 1.583191 -0.307034 1.490457
    2 3.548302 0.000000 0.000000 0.011967 0.063391 0.077528
    3 3.284046 0.000001 0.000000 -0.023660 0.039190 0.214353
    4 5.062389 -0.000001 0.000000 -0.128875 0.104762 0.545973
    5 3.610073 1.295546 -1.332000 1.811527 1.381858 0.107320
    6 4.890536 0.000004 0.000000 1.357638 0.106462 -1.185482
    7 9.685764 0.000000 -0.000004 0.000000 0.000000 -1.784796
    8 3.610065 1.295545 1.332000 -1.298385 -0.989110 -0.248673
    9 4.890535 0.000000 -0.000001 -1.965312 0.473156 -1.011696
    10 9.685764 0.000000 0.000000 0.000000 0.000000 -2.160561
    11 9.256790 -0.000007 -0.000023 2.732556 -0.079117 -0.075107
    12 -3.219585 0.000000 0.000000 -1.198951 -0.732404 -1.792003
    13 9.256779 -0.000004 0.000011 -1.160441 -0.024413 0.383581
    14 16.283249 0.000000 0.000000 0.000000 0.000000 0.025250
    15 4.753334 0.000000 0.000000 -3.126786 0.005953 0.691504
    16 3.962090 0.000000 0.000000 0.032501 -0.066760 0.259150
    17 16.291077 0.000000 0.000000 0.000000 0.000000 2.005609
    18 14.875347 0.000000 0.000000 0.522386 -0.173578 -1.176834
    19 5.277816 0.000000 0.000001 -0.112051 0.023861 -0.331149
    20 3.219585 0.000000 0.000000 -2.097158 -0.956822 -1.137961
    21 16.283253 0.000000 0.000000 0.000000 0.000000 0.025253
    22 16.291080 0.000000 0.000001 0.000000 0.000000 1.572535
    23 14.875350 0.000000 0.000000 -0.420535 0.173441 -1.024636
    24 5.277817 0.000000 0.000000 0.020412 -0.027730 -0.427005
    25 2.660156 0.004799 -1.311523 0.007878 -0.080695 -0.862968
    26 1.340820 0.000002 0.000000 -0.125842 -0.198682 -0.570130
    27 0.717773 -0.000001 0.000000 -0.054473 -0.175380 -0.302889
    28 2.933594 0.180298 -0.485352 0.121103 0.012041 -0.821261
    29 1.604492 0.000004 0.000000 -0.097757 -0.175234 -0.512469
    30 0.857929 0.000002 0.000000 0.002415 0.009757 -0.242679
    31 3.169922 0.097046 0.363525 0.171708 0.049096 -0.587763
    32 1.909180 0.000004 -0.000001 -0.118966 -0.076516 -1.001797
    33 1.023438 0.000001 0.000000 0.001897 0.012019 -0.156562
    34 3.269531 -0.140869 1.259766 0.169212 0.046758 -0.609994
    35 1.509766 -0.000002 0.000000 0.057264 0.071571 -0.675739
    36 0.883299 -0.000002 0.000000 0.001236 0.038489 -0.401834
    37 0.948242 -1.142578 0.871582 1.847521 -0.683203 -0.463005
    38 1.629883 0.000000 0.000000 0.000013 -0.037568 -0.055870
    39 1.085938 0.000000 -0.000004 0.000000 0.000000 -0.125082
    40 4.976479 0.000000 0.000004 -0.126310 0.000000 0.000000
    41 9.952959 0.000000 0.000006 -0.238428 0.000000 0.000000
    42 9.877266 0.000000 0.000002 0.000000 0.000000 -0.161658
    43 2.660156 0.000054 1.311523 -0.217008 -0.163702 -0.341356
    44 1.340820 0.000003 0.000000 -0.022933 0.007613 -1.890993
    45 0.717773 0.000002 0.000000 0.054474 0.175340 -0.910365
    46 2.935547 0.178589 0.486084 -0.301746 -0.245900 -0.601601
    47 1.604492 0.000000 0.000000 0.115619 -0.003419 -1.600477
    48 0.857933 -0.000001 0.000000 -0.002403 -0.009699 -0.901508
    49 3.169922 0.098328 -0.363281 -0.302761 -0.227478 -0.659650
    50 1.909180 0.000000 0.000000 0.004951 -0.001033 -1.772344
    51 1.023438 -0.000002 0.000000 -0.001870 -0.011971 -0.834431
    52 3.271484 -0.136353 -1.259766 -0.188140 -0.087648 -0.204768
    53 1.509766 0.000004 0.000000 -0.051327 -0.064037 -0.676425
    54 0.883297 0.000000 0.000000 -0.001277 -0.038560 -0.033101
    55 0.948242 -1.139648 -0.875977 -1.802022 0.200170 -0.546418
    56 1.629883 0.000000 -0.000002 -0.000004 -0.225005 -0.494029
    57 1.085938 -0.000001 0.000002 -0.000040 0.040618 -0.404246
    58 9.952957 -0.000001 -0.000004 0.242666 0.000000 0.000000
    59 4.976482 0.000000 -0.000002 0.128617 0.000000 0.000000
    60 9.877266 0.000000 0.000000 0.000000 0.000000 -0.161657
    61 7.023271 -6.880002 4.339546 2.620672 -1.456011 -1.105365
    62 3.813801 -3.870655 0.998562 1.570796 -1.069638 0.199892
    63 0.000000 -0.000007 -0.000031 1.373047 0.113574 0.124314
    64 0.000000 -0.000007 -0.000031 1.373047 0.113574 0.124314
    65 3.348999 -1.370998 0.725000 1.977842 -0.088017 1.557793
    66 2.856897 -1.536200 -0.973800 -1.501147 -0.272558 -1.578261
    67 0.000000 0.000000 10.000000 0.000000 0.000000 0.000000
    68 0.018898 0.665159 9.395884 0.000000 0.000000 0.000000
    69 2.000000 -3.000000 0.000000 -1.570796 0.000000 -1.326450
    70 3.028210 -0.923409 -2.009451 1.574082 -0.012974 1.587243
    71 0.116953 4.311606 0.061859 0.000010 -0.000001 0.000000
    72 0.000000 -0.000002 0.000000 0.000000 0.000000 0.000000
    73 -0.000002 1.000000 0.000009 0.000000 0.000000 0.000000
    74 0.000000 0.000000 0.000000 0.000000 0.000000 0.000000
    75 0.000000 0.000000 0.000000 0.000000 0.000000 0.000000
    76 0.000000 0.000000 0.000000 0.000000 0.000000 0.000000
time 17
    0 -2.486327 -6.503327 7.324219 0.193890 1.184807 0.511195
    1 0.000000 3.591042 -0.015921 1.583614 -0.306974 1.489124
    2 3.548302 0.000000 0.000000 0.007147 0.050951 0.080341
    3 3.284046 0.000001 0.000000 -0.031258 0.017637 0.216343
    4 5.062389 -0.000001 0.000000 -0.128875 0.104762 0.545973
    5 3.610073 1.295546 -1.332000 1.811527 1.381858 0.107320
    6 4.890536 0.000004 0.000000 1.314707 0.146163 -1.172441
    7 9.685764 0.000000 -0.000004 0.000000 0.000000 -1.745116
    8 3.610065 1.295545 1.332000 -1.357945 -1.076213 -0.186650
    9 4.890535 0.000000 -0.000001 -2.072858 0.332434 -1.208208
    10 9.685764 0.000000 0.000000 0.000000 0.000000 -2.202800
    11 9.256790 -0.000007 -0.000023 2.732556 -0.079117 -0.075107
    12 -3.219585 0.000000 0.000000 -1.266581 -0.671189 -1.737233
    13 9.256779 -0.000004 0.000011 -1.160441 -0.024413 0.383581
    14 16.283249 0.000000 0.000000 0.000000 0.000000 0.025250
    15 4.753334 0.000000 0.000000 -3.126786 0.005953 0.691504
    16 3.962090 0.000000 0.000000 0.032501 -0.066760 0.259150
    17 16.291077 0.000000 0.000000 0.000000 0.000000 1.869634
    18 14.875347 0.000000 0.000000 0.559031 -0.186600 -1.118020
    19 5.277816 0.000000 0.000001 -0.112051 0.023861 -0.331149
    20 3.219585 0.000000 0.000000 -2.098173 -0.969996 -1.133937
    21 16.283253 0.000000 0.000000 0.000000 0.000000 0.025253
    22 16.291080 0.000000 0.000001 0.000000 0.000000 1.586514
    23 14.875350 0.000000 0.000000 -0.436554 0.171354 -1.030929
    24 5.277817 0.000000 0.000000 0.020412 -0.027730 -0.427005
    25 2.660156 0.004799 -1.311523 0.007878 -0.080695 -0.862968
    26 1.340820 0.000002 0.000000 -0.125842 -0.198682 -0.570130
    27 0.717773 -0.000001 0.000000 -0.054473 -0.175380 -0.302889
    28 2.933594 0.180298 -0.485352 0.121103 0.012041 -0.821261
    29 1.604492 0.000004 0.000000 -0.097757 -0.175234 -0.512469
    30 0.857929 0.000002 0.000000 0.002415 0.009757 -0.242679
    31 3.169922 0.097046 0.363525 0.171708 0.049096 -0.587763
    32 1.909180 0.000004 -0.000001 -0.118966 -0.076516 -1.001797
    33 1.023438 0.000001 0.000000 0.001897 0.012019 -0.156562
    34 3.269531 -0.140869 1.259766 0.169212 0.046758 -0.609994
    35 1.509766 -0.000002 0.000000 0.057264 0.071571 -0.675739
    36 0.883299 -0.000002 0.000000 0.001236 0.038489 -0.401834
    37 0.948242 -1.142578 0.871582 1.847521 -0.683203 -0.463005
    38 1.629883 0.000000 0.000000 0.000013 -0.037568 -0.055870
    39 1.085938 0.000000 -0.000004 0.000000 0.000000 -0.125082
    40 4.976479 0.000000 0.000004 -0.126310 0.000000 0.000000
    41 9.952959 0.000000 0.000006 -0.238428 0.000000 0.000000
    42 9.877266 0.000000 0.000002 0.000000 0.000000 -0.161658
    43 2.660156 0.000054 1.311523 -0.217008 -0.163702 -0.341356
    44 1.340820 0.000003 0.000000 -0.022933 0.007613 -1.890993
    45 0.717773 0.000002 0.000000 0.054474 0.175340 -0.910365
    46 2.935547 0.178589 0.486084 -0.301746 -0.245900 -0.601601
    47 1.604492 0.000000 0.000000 0.115619 -0.003419 -1.600477
    48 0.857933 -0.000001 0.000000 -0.002403 -0.009699 -0.901508
    49 3.169922 0.098328 -0.363281 -0.302761 -0.227478 -0.659650
    50 1.909180 0.000000 0.000000 0.004951 -0.001033 -1.772344
    51 1.023438 -0.000002 0.000000 -0.001870 -0.011971 -0.834431
    52 3.271484 -0.136353 -1.259766 -0.188140 -0.087648 -0.204768
    53 1.509766 0.000004 0.000000 -0.051327 -0.064037 -0.676425
    54 0.883297 0.000000 0.000000 -0.001277 -0.038560 -0.033101
    55 0.948242 -1.139648 -0.875977 -1.802022 0.200170 -0.546418
    56 1.629883 0.000000 -0.000002 -0.000004 -0.225005 -0.494029
    57 1.085938 -0.000001 0.000002 -0.000040 0.040618 -0.404246
    58 9.952957 -0.000001 -0.000004 0.242666 0.000000 0.000000
    59 4.976482 0.000000 -0.000002 0.128617 0.000000 0.000000
    60 9.877266 0.000000 0.000000 0.000000 0.000000 -0.161657
    61 7.023271 -6.880002 4.339546 2.620672 -1.456011 -1.105365
    62 3.813801 -3.870655 0.998562 1.570796 -1.069638 0.199892
    63 0.000000 -0.000007 -0.000031 1.373047 0.113574 0.124314
    64 0.000000 -0.000007 -0.000031 1.373047 0.113574 0.124314
    65 3.348999 -1.370998 0.725000 1.977842 -0.088017 1.557793
    66 2.856897 -1.536200 -0.973800 -1.501147 -0.272558 -1.578261
    67 0.000000 0.000000 10.000000 0.000000 0.000000 0.000000
    68 0.018898 0.665159 9.395884 0.000000 0.000000 0.000000
    69 2.000000 -3.000000 0.000000 -1.570796 0.000000 -1.326450
    70 3.028210 -0.923409 -2.009451 1.574082 -0.012974 1.587243
    71 0.116953 4.311606 0.061859 0.000010 -0.000001 0.000000
    72 0.000000 -0.000002 0.000000 0.000000 0.000000 0.000000
    73 -0.000002 1.000000 0.000009 0.000000 0.000000 0.000000
    74 0.000000 0.000000 0.000000 0.000000 0.000000 0.000000
    75 0.000000 0.000000 0.000000 0.000000 0.000000 0.000000
    76 0.000000 0.000000 0.000000 0.000000 0.000000 0.000000
time 18
    0 -2.486327 -6.522628 7.273438 0.190468 1.185029 0.507420
    1 0.000000 3.591042 -0.015921 1.583895 -0.307006 1.488162
    2 3.548302 0.000000 0.000000 -0.005226 0.026927 0.086723
    3 3.284046 0.000001 0.000000 -0.054244 -0.009184 0.217783
    4 5.062389 -0.000001 0.000000 -0.128875 0.104762 0.545973
    5 3.610073 1.295546 -1.332000 1.811527 1.381858 0.107320
    6 4.890536 0.000004 0.000000 1.253762 0.195569 -1.180460
    7 9.685764 0.000000 -0.000004 0.000000 0.000000 -1.713575
    8 3.610065 1.295545 1.332000 -1.352341 -1.228588 -0.206168
    9 4.890535 0.000000 -0.000001 -2.158741 0.177756 -1.344957
    10 9.685764 0.000000 0.000000 0.000000 0.000000 -2.190196
    11 9.256790 -0.000007 -0.000023 2.732556 -0.079117 -0.075107
    12 -3.219585 0.000000 0.000000 -1.317112 -0.606151 -1.692161
    13 9.256779 -0.000004 0.000011 -1.160441 -0.024413 0.383581
    14 16.283249 0.000000 0.000000 0.000000 0.000000 0.025250
    15 4.753334 0.000000 0.000000 -3.126786 0.005953 0.691504
    16 3.962090 0.000000 0.000000 0.032501 -0.066760 0.259150
    17 16.291077 0.000000 0.000000 0.000000 0.000000 1.735743
    18 14.875347 0.000000 0.000000 0.588439 -0.190631 -1.061824
    19 5.277816 0.000000 0.000001 -0.112051 0.023861 -0.331149
    20 3.219585 0.000000 0.000000 -2.101783 -0.977058 -1.129015
    21 16.283253 0.000000 0.000000 0.000000 0.000000 0.025253
    22 16.291080 0.000000 0.000001 0.000000 0.000000 1.594976
    23 14.875350 0.000000 0.000000 -0.445979 0.172009 -1.035015
    24 5.277817 0.000000 0.000000 0.020412 -0.027730 -0.427005
    25 2.660156 0.004799 -1.311523 0.007878 -0.080695 -0.862968
    26 1.340820 0.000002 0.000000 -0.125842 -0.198682 -0.570130
    27 0.717773 -0.000001 0.000000 -0.054473 -0.175380 -0.302889
    28 2.933594 0.180298 -0.485352 0.121103 0.012041 -0.821261
    29 1.604492 0.000004 0.000000 -0.097757 -0.175234 -0.512469
    30 0.857929 0.000002 0.000000 0.002415 0.009757 -0.242679
    31 3.169922 0.097046 0.363525 0.171708 0.049096 -0.587763
    32 1.909180 0.000004 -0.000001 -0.118966 -0.076516 -1.001797
    33 1.023438 0.000001 0.000000 0.001897 0.012019 -0.156562
    34 3.269531 -0.140869 1.259766 0.169212 0.046758 -0.609994
    35 1.509766 -0.000002 0.000000 0.057264 0.071571 -0.675739
    36 0.883299 -0.000002 0.000000 0.001236 0.038489 -0.401834
    37 0.948242 -1.142578 0.871582 1.847521 -0.683203 -0.463005
    38 1.629883 0.000000 0.000000 0.000013 -0.037568 -0.055870
    39 1.085938 0.000000 -0.000004 0.000000 0.000000 -0.125082
    40 4.976479 0.000000 0.000004 -0.126310 0.000000 0.000000
    41 9.952959 0.000000 0.000006 -0.238428 0.000000 0.000000
    42 9.877266 0.000000 0.000002 0.000000 0.000000 -0.161658
    43 2.660156 0.000054 1.311523 -0.217008 -0.163702 -0.341356
    44 1.340820 0.000003 0.000000 -0.022933 0.007613 -1.890993
    45 0.717773 0.000002 0.000000 0.054474 0.175340 -0.910365
    46 2.935547 0.178589 0.486084 -0.301746 -0.245900 -0.601601
    47 1.604492 0.000000 0.000000 0.115619 -0.003419 -1.600477
    48 0.857933 -0.000001 0.000000 -0.002403 -0.009699 -0.901508
    49 3.169922 0.098328 -0.363281 -0.302761 -0.227478 -0.659650
    50 1.909180 0.000000 0.000000 0.004951 -0.001033 -1.772344
    51 1.023438 -0.000002 0.000000 -0.001870 -0.011971 -0.834431
    52 3.271484 -0.136353 -1.259766 -0.188140 -0.087648 -0.204768
    53 1.509766 0.000004 0.000000 -0.051327 -0.064037 -0.676425
    54 0.883297 0.000000 0.000000 -0.001277 -0.038560 -0.033101
    55 0.948242 -1.139648 -0.875977 -1.802022 0.200170 -0.546418
    56 1.629883 0.000000 -0.000002 -0.000004 -0.225005 -0.494029
    57 1.085938 -0.000001 0.000002 -0.000040 0.040618 -0.404246
    58 9.952957 -0.000001 -0.000004 0.242666 0.000000 0.000000
    59 4.976482 0.000000 -0.000002 0.128617 0.000000 0.000000
    60 9.877266 0.000000 0.000000 0.000000 0.000000 -0.161657
    61 7.023271 -6.880002 4.339546 2.620672 -1.456011 -1.105365
    62 3.813801 -3.870655 0.998562 1.570796 -1.069638 0.199892
    63 0.000000 -0.000007 -0.000031 1.373047 0.113574 0.124314
    64 0.000000 -0.000007 -0.000031 1.373047 0.113574 0.124314
    65 3.348999 -1.370998 0.725000 1.977842 -0.088017 1.557793
    66 2.856897 -1.536200 -0.973800 -1.501147 -0.272558 -1.578261
    67 0.000000 0.000000 10.000000 0.000000 0.000000 0.000000
    68 0.018898 0.665159 9.395884 0.000000 0.000000 0.000000
    69 2.000000 -3.000000 0.000000 -1.570796 0.000000 -1.326450
    70 3.028210 -0.923409 -2.009451 1.574082 -0.012974 1.587243
    71 0.116953 4.311606 0.061859 0.000010 -0.000001 0.000000
    72 0.000000 -0.000002 0.000000 0.000000 0.000000 0.000000
    73 -0.000002 1.000000 0.000009 0.000000 0.000000 0.000000
    74 0.000000 0.000000 0.000000 0.000000 0.000000 0.000000
    75 0.000000 0.000000 0.000000 0.000000 0.000000 0.000000
    76 0.000000 0.000000 0.000000 0.000000 0.000000 0.000000
time 19
    0 -2.486327 -6.524138 7.281250 0.190764 1.185072 0.507723
    1 0.000000 3.591042 -0.015921 1.584056 -0.306979 1.487546
    2 3.548302 0.000000 0.000000 -0.020239 -0.000342 0.094225
    3 3.284046 0.000001 0.000000 -0.082787 -0.035495 0.218796
    4 5.062389 -0.000001 0.000000 -0.128875 0.104762 0.545973
    5 3.610073 1.295546 -1.332000 1.811527 1.381858 0.107320
    6 4.890536 0.000004 0.000000 1.189402 0.242243 -1.201383
    7 9.685764 0.000000 -0.000004 0.000000 0.000000 -1.691307
    8 3.610065 1.295545 1.332000 -1.221425 -1.396844 -0.357149
    9 4.890535 0.000000 -0.000001 -2.214194 0.062372 -1.393762
    10 9.685764 0.000000 0.000000 0.000000 0.000000 -2.140445
    11 9.256790 -0.000007 -0.000023 2.732556 -0.079117 -0.075107
    12 -3.219585 0.000000 0.000000 -1.351169 -0.564146 -1.660512
    13 9.256779 -0.000004 0.000011 -1.160441 -0.024413 0.383581
    14 16.283249 0.000000 0.000000 0.000000 0.000000 0.025250
    15 4.753334 0.000000 0.000000 -3.126786 0.005953 0.691504
    16 3.962090 0.000000 0.000000 0.032501 -0.066760 0.259150
    17 16.291077 0.000000 0.000000 0.000000 0.000000 1.650917
    18 14.875347 0.000000 0.000000 0.611537 -0.187954 -1.028338
    19 5.277816 0.000000 0.000001 -0.112051 0.023861 -0.331149
    20 3.219585 0.000000 0.000000 -2.108031 -0.980680 -1.122399
    21 16.283253 0.000000 0.000000 0.000000 0.000000 0.025253
    22 16.291080 0.000000 0.000001 0.000000 0.000000 1.601239
    23 14.875350 0.000000 0.000000 -0.450808 0.174681 -1.037998
    24 5.277817 0.000000 0.000000 0.020412 -0.027730 -0.427005
    25 2.660156 0.004799 -1.311523 0.007878 -0.080695 -0.862968
    26 1.340820 0.000002 0.000000 -0.125842 -0.198682 -0.570130
    27 0.717773 -0.000001 0.000000 -0.054473 -0.175380 -0.302889
    28 2.933594 0.180298 -0.485352 0.121103 0.012041 -0.821261
    29 1.604492 0.000004 0.000000 -0.097757 -0.175234 -0.512469
    30 0.857929 0.000002 0.000000 0.002415 0.009757 -0.242679
    31 3.169922 0.097046 0.363525 0.171708 0.049096 -0.587763
    32 1.909180 0.000004 -0.000001 -0.118966 -0.076516 -1.001797
    33 1.023438 0.000001 0.000000 0.001897 0.012019 -0.156562
    34 3.269531 -0.140869 1.259766 0.169212 0.046758 -0.609994
    35 1.509766 -0.000002 0.000000 0.057264 0.071571 -0.675739
    36 0.883299 -0.000002 0.000000 0.001236 0.038489 -0.401834
    37 0.948242 -1.142578 0.871582 1.847521 -0.683203 -0.463005
    38 1.629883 0.000000 0.000000 0.000013 -0.037568 -0.055870
    39 1.085938 0.000000 -0.000004 0.000000 0.000000 -0.125082
    40 4.976479 0.000000 0.000004 -0.126310 0.000000 0.000000
    41 9.952959 0.000000 0.000006 -0.238428 0.000000 0.000000
    42 9.877266 0.000000 0.000002 0.000000 0.000000 -0.161658
    43 2.660156 0.000054 1.311523 -0.217008 -0.163702 -0.341356
    44 1.340820 0.000003 0.000000 -0.022933 0.007613 -1.890993
    45 0.717773 0.000002 0.000000 0.054474 0.175340 -0.910365
    46 2.935547 0.178589 0.486084 -0.301746 -0.245900 -0.601601
    47 1.604492 0.000000 0.000000 0.115619 -0.003419 -1.600477
    48 0.857933 -0.000001 0.000000 -0.002403 -0.009699 -0.901508
    49 3.169922 0.098328 -0.363281 -0.302761 -0.227478 -0.659650
    50 1.909180 0.000000 0.000000 0.004951 -0.001033 -1.772344
    51 1.023438 -0.000002 0.000000 -0.001870 -0.011971 -0.834431
    52 3.271484 -0.136353 -1.259766 -0.188140 -0.087648 -0.204768
    53 1.509766 0.000004 0.000000 -0.051327 -0.064037 -0.676425
    54 0.883297 0.000000 0.000000 -0.001277 -0.038560 -0.033101
    55 0.948242 -1.139648 -0.875977 -1.802022 0.200170 -0.546418
    56 1.629883 0.000000 -0.000002 -0.000004 -0.225005 -0.494029
    57 1.085938 -0.000001 0.000002 -0.000040 0.040618 -0.404246
    58 9.952957 -0.000001 -0.000004 0.242666 0.000000 0.000000
    59 4.976482 0.000000 -0.000002 0.128617 0.000000 0.000000
    60 9.877266 0.000000 0.000000 0.000000 0.000000 -0.161657
    61 7.023271 -6.880002 4.339546 2.620672 -1.456011 -1.105365
    62 3.813801 -3.870655 0.998562 1.570796 -1.069638 0.199892
    63 0.000000 -0.000007 -0.000031 1.373047 0.113574 0.124314
    64 0.000000 -0.000007 -0.000031 1.373047 0.113574 0.124314
    65 3.348999 -1.370998 0.725000 1.977842 -0.088017 1.557793
    66 2.856897 -1.536200 -0.973800 -1.501147 -0.272558 -1.578261
    67 0.000000 0.000000 10.000000 0.000000 0.000000 0.000000
    68 0.018898 0.665159 9.395884 0.000000 0.000000 0.000000
    69 2.000000 -3.000000 0.000000 -1.570796 0.000000 -1.326450
    70 3.028210 -0.923409 -2.009451 1.574082 -0.012974 1.587243
    71 0.116953 4.311606 0.061859 0.000010 -0.000001 0.000000
    72 0.000000 -0.000002 0.000000 0.000000 0.000000 0.000000
    73 -0.000002 1.000000 0.000009 0.000000 0.000000 0.000000
    74 0.000000 0.000000 0.000000 0.000000 0.000000 0.000000
    75 0.000000 0.000000 0.000000 0.000000 0.000000 0.000000
    76 0.000000 0.000000 0.000000 0.000000 0.000000 0.000000
time 20
    0 -2.486327 -6.507857 7.308594 0.192759 1.184931 0.509928
    1 0.000000 3.591042 -0.015921 1.584176 -0.306965 1.487275
    2 3.548302 0.000000 0.000000 -0.032954 -0.022721 0.100488
    3 3.284046 0.000001 0.000000 -0.107202 -0.055508 0.219437
    4 5.062389 -0.000001 0.000000 -0.128875 0.104762 0.545973
    5 3.610073 1.295546 -1.332000 1.811527 1.381858 0.107320
    6 4.890536 0.000004 0.000000 1.137336 0.275786 -1.223785
    7 9.685764 0.000000 -0.000004 0.000000 0.000000 -1.678119
    8 3.610065 1.295545 1.332000 -0.392018 -1.511394 -1.203480
    9 4.890535 0.000000 -0.000001 -2.247466 -0.001218 -1.375508
    10 9.685764 0.000000 0.000000 0.000000 0.000000 -2.086811
    11 9.256790 -0.000007 -0.000023 2.732556 -0.079117 -0.075107
    12 -3.219585 0.000000 0.000000 -1.367140 -0.564997 -1.648899
    13 9.256779 -0.000004 0.000011 -1.160441 -0.024413 0.383581
    14 16.283249 0.000000 0.000000 0.000000 0.000000 0.025250
    15 4.753334 0.000000 0.000000 -3.126786 0.005953 0.691504
    16 3.962090 0.000000 0.000000 0.032501 -0.066760 0.259150
    17 16.291077 0.000000 0.000000 0.000000 0.000000 1.649390
    18 14.875347 0.000000 0.000000 0.625524 -0.184856 -1.030873
    19 5.277816 0.000000 0.000001 -0.112051 0.023861 -0.331149
    20 3.219585 0.000000 0.000000 -2.113973 -0.981938 -1.116567
    21 16.283253 0.000000 0.000000 0.000000 0.000000 0.025253
    22 16.291080 0.000000 0.000001 0.000000 0.000000 1.604964
    23 14.875350 0.000000 0.000000 -0.452988 0.177660 -1.040006
    24 5.277817 0.000000 0.000000 0.020412 -0.027730 -0.427005
    25 2.660156 0.004799 -1.311523 0.007878 -0.080695 -0.862968
    26 1.340820 0.000002 0.000000 -0.125842 -0.198682 -0.570130
    27 0.717773 -0.000001 0.000000 -0.054473 -0.175380 -0.302889
    28 2.933594 0.180298 -0.485352 0.121103 0.012041 -0.821261
    29 1.604492 0.000004 0.000000 -0.097757 -0.175234 -0.512469
    30 0.857929 0.000002 0.000000 0.002415 0.009757 -0.242679
    31 3.169922 0.097046 0.363525 0.171708 0.049096 -0.587763
    32 1.909180 0.000004 -0.000001 -0.118966 -0.076516 -1.001797
    33 1.023438 0.000001 0.000000 0.001897 0.012019 -0.156562
    34 3.269531 -0.140869 1.259766 0.169212 0.046758 -0.609994
    35 1.509766 -0.000002 0.000000 0.057264 0.071571 -0.675739
    36 0.883299 -0.000002 0.000000 0.001236 0.038489 -0.401834
    37 0.948242 -1.142578 0.871582 1.847521 -0.683203 -0.463005
    38 1.629883 0.000000 0.000000 0.000013 -0.037568 -0.055870
    39 1.085938 0.000000 -0.000004 0.000000 0.000000 -0.125082
    40 4.976479 0.000000 0.000004 -0.126310 0.000000 0.000000
    41 9.952959 0.000000 0.000006 -0.238428 0.000000 0.000000
    42 9.877266 0.000000 0.000002 0.000000 0.000000 -0.161658
    43 2.660156 0.000054 1.311523 -0.217008 -0.163702 -0.341356
    44 1.340820 0.000003 0.000000 -0.022933 0.007613 -1.890993
    45 0.717773 0.000002 0.000000 0.054474 0.175340 -0.910365
    46 2.935547 0.178589 0.486084 -0.301746 -0.245900 -0.601601
    47 1.604492 0.000000 0.000000 0.115619 -0.003419 -1.600477
    48 0.857933 -0.000001 0.000000 -0.002403 -0.009699 -0.901508
    49 3.169922 0.098328 -0.363281 -0.302761 -0.227478 -0.659650
    50 1.909180 0.000000 0.000000 0.004951 -0.001033 -1.772344
    51 1.023438 -0.000002 0.000000 -0.001870 -0.011971 -0.834431
    52 3.271484 -0.136353 -1.259766 -0.188140 -0.087648 -0.204768
    53 1.509766 0.000004 0.000000 -0.051327 -0.064037 -0.676425
    54 0.883297 0.000000 0.000000 -0.001277 -0.038560 -0.033101
    55 0.948242 -1.139648 -0.875977 -1.802022 0.200170 -0.546418
    56 1.629883 0.000000 -0.000002 -0.000004 -0.225005 -0.494029
    57 1.085938 -0.000001 0.000002 -0.000040 0.040618 -0.404246
    58 9.952957 -0.000001 -0.000004 0.242666 0.000000 0.000000
    59 4.976482 0.000000 -0.000002 0.128617 0.000000 0.000000
    60 9.877266 0.000000 0.000000 0.000000 0.000000 -0.161657
    61 7.023271 -6.880002 4.339546 2.620672 -1.456011 -1.105365
    62 3.813801 -3.870655 0.998562 1.570796 -1.069638 0.199892
    63 0.000000 -0.000007 -0.000031 1.373047 0.113574 0.124314
    64 0.000000 -0.000007 -0.000031 1.373047 0.113574 0.124314
    65 3.348999 -1.370998 0.725000 1.977842 -0.088017 1.557793
    66 2.856897 -1.536200 -0.973800 -1.501147 -0.272558 -1.578261
    67 0.000000 0.000000 10.000000 0.000000 0.000000 0.000000
    68 0.018898 0.665159 9.395884 0.000000 0.000000 0.000000
    69 2.000000 -3.000000 0.000000 -1.570796 0.000000 -1.326450
    70 3.028210 -0.923409 -2.009451 1.574082 -0.012974 1.587243
    71 0.116953 4.311606 0.061859 0.000010 -0.000001 0.000000
    72 0.000000 -0.000002 0.000000 0.000000 0.000000 0.000000
    73 -0.000002 1.000000 0.000009 0.000000 0.000000 0.000000
    74 0.000000 0.000000 0.000000 0.000000 0.000000 0.000000
    75 0.000000 0.000000 0.000000 0.000000 0.000000 0.000000
    76 0.000000 0.000000 0.000000 0.000000 0.000000 0.000000
time 21
    0 -2.486327 -6.497221 7.324219 0.193890 1.184807 0.511195
    1 0.000000 3.591042 -0.015921 1.584197 -0.306958 1.487103
    2 3.548302 0.000000 0.000000 -0.038313 -0.032089 0.103074
    3 3.284046 0.000001 0.000000 -0.117504 -0.063516 0.219674
    4 5.062389 -0.000001 0.000000 -0.128875 0.104762 0.545973
    5 3.610073 1.295546 -1.332000 1.811527 1.381858 0.107320
    6 4.890536 0.000004 0.000000 1.115721 0.288366 -1.234165
    7 9.685764 0.000000 -0.000004 0.000000 0.000000 -1.673938
    8 3.610065 1.295545 1.332000 0.582489 -1.505514 -2.184709
    9 4.890535 0.000000 -0.000001 -2.260071 -0.021771 -1.355219
    10 9.685764 0.000000 0.000000 0.000000 0.000000 -2.063052
    11 9.256790 -0.000007 -0.000023 2.732556 -0.079117 -0.075107
    12 -3.219585 0.000000 0.000000 -1.372375 -0.564925 -1.644988
    13 9.256779 -0.000004 0.000011 -1.160441 -0.024413 0.383581
    14 16.283249 0.000000 0.000000 0.000000 0.000000 0.025250
    15 4.753334 0.000000 0.000000 -3.126786 0.005953 0.691504
    16 3.962090 0.000000 0.000000 0.032501 -0.066760 0.259150
    17 16.291077 0.000000 0.000000 0.000000 0.000000 1.648449
    18 14.875347 0.000000 0.000000 0.630024 -0.183577 -1.031621
    19 5.277816 0.000000 0.000001 -0.112051 0.023861 -0.331149
    20 3.219585 0.000000 0.000000 -2.116647 -0.982091 -1.114019
    21 16.283253 0.000000 0.000000 0.000000 0.000000 0.025253
    22 16.291080 0.000000 0.000001 0.000000 0.000000 1.606284
    23 14.875350 0.000000 0.000000 -0.453824 0.179152 -1.041213
    24 5.277817 0.000000 0.000000 0.020412 -0.027730 -0.427005
    25 2.660156 0.004799 -1.311523 0.007878 -0.080695 -0.862968
    26 1.340820 0.000002 0.000000 -0.125842 -0.198682 -0.570130
    27 0.717773 -0.000001 0.000000 -0.054473 -0.175380 -0.302889
    28 2.933594 0.180298 -0.485352 0.121103 0.012041 -0.821261
    29 1.604492 0.000004 0.000000 -0.097757 -0.175234 -0.512469
    30 0.857929 0.000002 0.000000 0.002415 0.009757 -0.242679
    31 3.169922 0.097046 0.363525 0.171708 0.049096 -0.587763
    32 1.909180 0.000004 -0.000001 -0.118966 -0.076516 -1.001797
    33 1.023438 0.000001 0.000000 0.001897 0.012019 -0.156562
    34 3.269531 -0.140869 1.259766 0.169212 0.046758 -0.609994
    35 1.509766 -0.000002 0.000000 0.057264 0.071571 -0.675739
    36 0.883299 -0.000002 0.000000 0.001236 0.038489 -0.401834
    37 0.948242 -1.142578 0.871582 1.847521 -0.683203 -0.463005
    38 1.629883 0.000000 0.000000 0.000013 -0.037568 -0.055870
    39 1.085938 0.000000 -0.000004 0.000000 0.000000 -0.125082
    40 4.976479 0.000000 0.000004 -0.126310 0.000000 0.000000
    41 9.952959 0.000000 0.000006 -0.238428 0.000000 0.000000
    42 9.877266 0.000000 0.000002 0.000000 0.000000 -0.161658
    43 2.660156 0.000054 1.311523 -0.217008 -0.163702 -0.341356
    44 1.340820 0.000003 0.000000 -0.022933 0.007613 -1.890993
    45 0.717773 0.000002 0.000000 0.054474 0.175340 -0.910365
    46 2.935547 0.178589 0.486084 -0.301746 -0.245900 -0.601601
    47 1.604492 0.000000 0.000000 0.115619 -0.003419 -1.600477
    48 0.857933 -0.000001 0.000000 -0.002403 -0.009699 -0.901508
    49 3.169922 0.098328 -0.363281 -0.302761 -0.227478 -0.659650
    50 1.909180 0.000000 0.000000 0.004951 -0.001033 -1.772344
    51 1.023438 -0.000002 0.000000 -0.001870 -0.011971 -0.834431
    52 3.271484 -0.136353 -1.259766 -0.188140 -0.087648 -0.204768
    53 1.509766 0.000004 0.000000 -0.051327 -0.064037 -0.676425
    54 0.883297 0.000000 0.000000 -0.001277 -0.038560 -0.033101
    55 0.948242 -1.139648 -0.875977 -1.802022 0.200170 -0.546418
    56 1.629883 0.000000 -0.000002 -0.000004 -0.225005 -0.494029
    57 1.085938 -0.000001 0.000002 -0.000040 0.040618 -0.404246
    58 9.952957 -0.000001 -0.000004 0.242666 0.000000 0.000000
    59 4.976482 0.000000 -0.000002 0.128617 0.000000 0.000000
    60 9.877266 0.000000 0.000000 0.000000 0.000000 -0.161657
    61 7.023271 -6.880002 4.339546 2.620672 -1.456011 -1.105365
    62 3.813801 -3.870655 0.998562 1.570796 -1.069638 0.199892
    63 0.000000 -0.000007 -0.000031 1.373047 0.113574 0.124314
    64 0.000000 -0.000007 -0.000031 1.373047 0.113574 0.124314
    65 3.348999 -1.370998 0.725000 1.977842 -0.088017 1.557793
    66 2.856897 -1.536200 -0.973800 -1.501147 -0.272558 -1.578261
    67 0.000000 0.000000 10.000000 0.000000 0.000000 0.000000
    68 0.018898 0.665159 9.395884 0.000000 0.000000 0.000000
    69 2.000000 -3.000000 0.000000 -1.570796 0.000000 -1.326450
    70 3.028210 -0.923409 -2.009451 1.574082 -0.012974 1.587243
    71 0.116953 4.311606 0.061859 0.000010 -0.000001 0.000000
    72 0.000000 -0.000002 0.000000 0.000000 0.000000 0.000000
    73 -0.000002 1.000000 0.000009 0.000000 0.000000 0.000000
    74 0.000000 0.000000 0.000000 0.000000 0.000000 0.000000
    75 0.000000 0.000000 0.000000 0.000000 0.000000 0.000000
    76 0.000000 0.000000 0.000000 0.000000 0.000000 0.000000
end
