version 1
nodes
  0 "ValveBiped.Bip01_Pelvis" -1
  1 "ValveBiped.Bip01_Spine" 0
  2 "ValveBiped.Bip01_Spine1" 1
  3 "ValveBiped.Bip01_Spine2" 2
  4 "ValveBiped.Bip01_Spine4" 3
  5 "ValveBiped.Bip01_R_Clavicle" 4
  6 "ValveBiped.Bip01_R_UpperArm" 5
  7 "ValveBiped.Bip01_R_Forearm" 6
  8 "ValveBiped.Bip01_L_Clavicle" 4
  9 "ValveBiped.Bip01_L_UpperArm" 8
  10 "ValveBiped.Bip01_L_Forearm" 9
  11 "ValveBiped.Bip01_L_Hand" 10
  12 "ValveBiped.Bip01_R_Thigh" 0
  13 "ValveBiped.Bip01_R_Hand" 7
  14 "ValveBiped.Bip01_R_Knee" 12
  15 "ValveBiped.Bip01_Neck1" 4
  16 "ValveBiped.Bip01_Head1" 15
  17 "ValveBiped.Bip01_R_Calf" 12
  18 "ValveBiped.Bip01_R_Foot" 17
  19 "ValveBiped.Bip01_R_Toe0" 18
  20 "ValveBiped.Bip01_L_Thigh" 0
  21 "ValveBiped.Bip01_L_Knee" 20
  22 "ValveBiped.Bip01_L_Calf" 20
  23 "ValveBiped.Bip01_L_Foot" 22
  24 "ValveBiped.Bip01_L_Toe0" 23
  25 "ValveBiped.Bip01_L_Finger4" 11
  26 "ValveBiped.Bip01_L_Finger41" 25
  27 "ValveBiped.Bip01_L_Finger42" 26
  28 "ValveBiped.Bip01_L_Finger3" 11
  29 "ValveBiped.Bip01_L_Finger31" 28
  30 "ValveBiped.Bip01_L_Finger32" 29
  31 "ValveBiped.Bip01_L_Finger2" 11
  32 "ValveBiped.Bip01_L_Finger21" 31
  33 "ValveBiped.Bip01_L_Finger22" 32
  34 "ValveBiped.Bip01_L_Finger1" 11
  35 "ValveBiped.Bip01_L_Finger11" 34
  36 "ValveBiped.Bip01_L_Finger12" 35
  37 "ValveBiped.Bip01_L_Finger0" 11
  38 "ValveBiped.Bip01_L_Finger01" 37
  39 "ValveBiped.Bip01_L_Finger02" 38
  40 "ValveBiped.Bip01_L_Ulna" 10
  41 "ValveBiped.Bip01_L_Wrist" 10
  42 "ValveBiped.Bip01_L_Elbow" 9
  43 "ValveBiped.Bip01_R_Finger4" 13
  44 "ValveBiped.Bip01_R_Finger41" 43
  45 "ValveBiped.Bip01_R_Finger42" 44
  46 "ValveBiped.Bip01_R_Finger3" 13
  47 "ValveBiped.Bip01_R_Finger31" 46
  48 "ValveBiped.Bip01_R_Finger32" 47
  49 "ValveBiped.Bip01_R_Finger2" 13
  50 "ValveBiped.Bip01_R_Finger21" 49
  51 "ValveBiped.Bip01_R_Finger22" 50
  52 "ValveBiped.Bip01_R_Finger1" 13
  53 "ValveBiped.Bip01_R_Finger11" 52
  54 "ValveBiped.Bip01_R_Finger12" 53
  55 "ValveBiped.Bip01_R_Finger0" 13
  56 "ValveBiped.Bip01_R_Finger01" 55
  57 "ValveBiped.Bip01_R_Finger02" 56
  58 "ValveBiped.Bip01_R_Wrist" 7
  59 "ValveBiped.Bip01_R_Ulna" 7
  60 "ValveBiped.Bip01_R_Elbow" 6
  61 "ValveBiped.attachment_bandage_legL" 22
  62 "ValveBiped.attachment_bandage_armL" 10
  63 "ValveBiped.attachment_armL_T" 10
  64 "ValveBiped.attachment_armR_T" 7
  65 "ValveBiped.L_weapon_bone" 11
  66 "ValveBiped.weapon_bone" 13
  67 "ValveBiped.weapon_bone_Clip" 66
  68 "ValveBiped.weapon_bone_extra" 66
  69 "ValveBiped.forward" 16
  70 "ValveBiped.weapon_bone_Clip2" 11
  71 "ValveBiped.weapon_bone_Clip2_Bullets" 70
  72 "ValveBiped.weapon_bolt_l" 11
  73 "ValveBiped.weapon_bone_Clip_Bullets" 67
  74 "ValveBiped.weapon_bolt" 66
  75 "ValveBiped.weapon_bolt_opposite" 66
  76 "ValveBiped.weapon_charger" 66
end
skeleton
time 0
    0 0.363281 3.539063 33.875000 1.414587 0.044096 -0.222372
    1 0.000000 3.591042 -0.015921 1.568626 -0.096224 1.595313
    2 3.548302 0.000000 0.000000 0.017310 -0.014180 0.080965
    3 3.284046 0.000001 0.000000 -0.000053 -0.019995 0.152262
    4 5.062389 -0.000001 0.000000 0.037600 -0.022785 0.483327
    5 3.610073 1.295546 -1.332000 -1.481057 1.344635 -3.107137
    6 4.890536 0.000004 0.000000 0.990378 0.679214 -0.510094
    7 9.685764 0.000000 -0.000004 0.000000 0.000000 -0.778301
    8 3.610065 1.295545 1.332000 0.624670 -1.260440 -2.357590
    9 4.890535 0.000000 -0.000001 -0.941363 -0.460010 -0.431935
    10 9.685764 0.000000 0.000000 0.000000 0.000000 -1.064987
    11 9.256790 -0.000007 -0.000023 1.588975 0.283874 0.137993
    12 -3.219585 0.000000 0.000000 -1.533108 -0.274677 -1.608331
    13 9.256779 -0.000004 0.000011 -1.715254 -0.255910 0.100891
    14 16.283249 0.000000 0.000000 0.000000 0.000000 0.355635
    15 4.753334 0.000000 0.000000 2.979737 -0.042057 0.472105
    16 3.962090 0.000000 0.000000 -0.125553 -0.146185 0.159993
    17 16.291077 0.000000 0.000000 0.000000 0.000000 0.662334
    18 14.875347 0.000000 0.000000 0.208358 0.113988 -1.057454
    19 5.277816 0.000000 0.000001 -0.111794 0.023789 -0.594236
    20 3.219585 0.000000 0.000000 -1.763585 -0.212743 -1.389303
    21 16.283253 0.000000 0.000000 0.000000 0.000000 0.362391
    22 16.291080 0.000000 0.000001 0.000000 0.000000 0.675677
    23 14.875350 0.000000 0.000000 -0.135785 -0.040466 -1.191922
    24 5.277817 0.000000 0.000000 0.020252 -0.027646 -0.581094
    25 2.660156 0.004799 -1.311523 0.204923 0.143299 -0.226648
    26 1.340820 0.000000 0.000000 0.011404 0.016672 -0.599950
    27 0.717773 -0.000002 -0.000001 -0.054473 -0.175380 -0.302889
    28 2.933594 0.180298 -0.485352 0.197828 0.103894 -0.292786
    29 1.604492 0.000002 0.000000 -0.051969 -0.088374 -0.532552
    30 0.857929 0.000002 0.000000 0.002415 0.009757 -0.242679
    31 3.169922 0.097046 0.363525 0.187209 0.067909 -0.258128
    32 1.909180 0.000001 0.000000 -0.042077 -0.053977 -0.662652
    33 1.023438 -0.000002 0.000000 0.001897 0.012019 -0.156562
    34 3.269531 -0.140869 1.259766 0.180672 0.034142 -0.204037
    35 1.509766 -0.000001 -0.000001 0.051327 0.064037 -0.676424
    36 0.883299 -0.000002 0.000000 0.001277 0.038560 -0.033101
    37 0.948242 -1.142578 0.871582 1.693884 -0.344469 -0.124089
    38 1.629883 -0.000001 0.000001 0.000014 -0.188062 -0.185216
    39 1.085938 0.000000 -0.000002 0.000000 -0.040646 0.196333
    40 4.976479 0.000000 0.000004 -0.030820 0.000000 0.000000
    41 9.952959 0.000000 0.000006 -0.057501 0.000000 0.000000
    42 9.877266 0.000000 0.000002 0.000000 0.000000 -0.634103
    43 2.660156 0.000057 1.311523 -0.201327 -0.143306 -0.226689
    44 1.340820 0.000002 0.000001 -0.011404 -0.016672 -0.599950
    45 0.717773 0.000002 -0.000002 0.054473 0.175380 -0.302889
    46 2.935547 0.178589 0.486084 -0.194226 -0.103877 -0.292835
    47 1.604492 0.000001 0.000000 0.051969 0.088374 -0.532552
    48 0.857933 -0.000001 0.000000 -0.002415 -0.009757 -0.242679
    49 3.169922 0.098328 -0.363281 -0.183626 -0.067869 -0.258123
    50 1.909180 0.000000 0.000000 0.042077 0.053977 -0.662652
    51 1.023438 0.000001 0.000000 -0.001897 -0.012019 -0.156562
    52 3.271484 -0.136353 -1.259766 -0.177006 -0.034199 -0.204061
    53 1.509766 0.000003 0.000000 -0.051327 -0.064037 -0.676425
    54 0.883297 0.000000 0.000000 -0.001277 -0.038560 -0.033101
    55 0.948242 -1.139648 -0.875977 -1.690135 0.344972 -0.122837
    56 1.629883 0.000001 -0.000002 -0.000014 0.188062 -0.185216
    57 1.085938 0.000000 0.000002 0.000000 0.040646 0.196333
    58 9.952957 -0.000001 -0.000004 -0.032028 0.000000 0.000000
    59 4.976482 0.000000 -0.000002 -0.016920 0.000000 0.000000
    60 9.877266 0.000000 0.000000 0.000000 0.000000 -0.489151
    61 7.023271 -6.880002 4.339546 2.620672 -1.456011 -1.105365
    62 3.813801 -3.870655 0.998562 1.570796 -1.069638 0.199892
    63 0.000000 -0.000007 -0.000031 1.373047 0.113574 0.124314
    64 0.000000 -0.000007 -0.000031 1.373047 0.113574 0.124314
    65 2.685547 -1.180664 0.106812 1.364989 -0.517251 2.629313
    66 2.535156 -1.363281 -0.864258 -1.501147 -0.272558 -1.578261
    67 0.000000 0.000000 10.000000 0.000000 0.000000 0.000000
    68 0.018898 0.665159 9.395884 0.000000 0.000000 0.000000
    69 2.000000 -3.000000 0.000000 -1.570796 0.000000 -1.326450
    70 3.028210 -0.923409 -2.009451 1.574082 -0.012974 1.587243
    71 0.116953 4.311606 0.061859 0.000010 -0.000001 0.000000
    72 0.000000 -0.000002 0.000000 0.000000 0.000000 0.000000
    73 -0.000002 1.000000 0.000009 0.000000 0.000000 0.000000
    74 0.000000 0.000000 0.000000 0.000000 0.000000 0.000000
    75 0.000000 0.000000 0.000000 0.000000 0.000000 0.000000
    76 0.000000 0.000000 0.000000 0.000000 0.000000 0.000000
time 1
    0 0.425936 4.005399 33.718750 1.386598 0.040658 -0.253095
    1 0.000000 3.591042 -0.015921 1.567169 -0.098325 1.590240
    2 3.548302 0.000000 0.000000 0.017963 -0.017984 0.087667
    3 3.284046 0.000001 0.000000 -0.000038 -0.024246 0.159972
    4 5.062389 -0.000001 0.000000 0.037709 -0.023435 0.495598
    5 3.610073 1.295546 -1.332000 -1.542087 1.348933 3.111942
    6 4.890536 0.000004 0.000000 1.034074 0.757128 -0.357456
    7 9.685764 0.000000 -0.000004 0.000000 0.000000 -0.810129
    8 3.610065 1.295545 1.332000 0.642894 -1.269824 -2.376881
    9 4.890535 0.000000 -0.000001 -0.996769 -0.512967 -0.246188
    10 9.685764 0.000000 0.000000 0.000000 0.000000 -1.132811
    11 9.256790 -0.000007 -0.000023 1.583421 0.364005 0.129214
    12 -3.219585 0.000000 0.000000 -1.540974 -0.276808 -1.605056
    13 9.256779 -0.000004 0.000011 -1.763741 -0.272806 0.086736
    14 16.283249 0.000000 0.000000 0.000000 0.000000 0.364497
    15 4.753334 0.000000 0.000000 2.962714 -0.043034 0.533207
    16 3.962090 0.000000 0.000000 -0.130404 -0.163099 0.143135
    17 16.291077 0.000000 0.000000 0.000000 0.000000 0.679887
    18 14.875347 0.000000 0.000000 0.197124 0.097077 -1.051323
    19 5.277816 0.000000 0.000001 -0.111823 0.023818 -0.591798
    20 3.219585 0.000000 0.000000 -1.795161 -0.209574 -1.372980
    21 16.283253 0.000000 0.000000 0.000000 0.000000 0.378112
    22 16.291080 0.000000 0.000001 0.000000 0.000000 0.706781
    23 14.875350 0.000000 0.000000 -0.136877 -0.028159 -1.181370
    24 5.277817 0.000000 0.000000 0.020202 -0.027677 -0.593631
    25 2.660156 0.004799 -1.311523 0.204923 0.143299 -0.226648
    26 1.340820 0.000000 0.000000 0.011404 0.016672 -0.599950
    27 0.717773 -0.000002 -0.000001 -0.054473 -0.175380 -0.302889
    28 2.933594 0.180298 -0.485352 0.197828 0.103894 -0.292786
    29 1.604492 0.000002 0.000000 -0.051969 -0.088374 -0.532552
    30 0.857929 0.000002 0.000000 0.002415 0.009757 -0.242679
    31 3.169922 0.097046 0.363525 0.187209 0.067909 -0.258128
    32 1.909180 0.000001 0.000000 -0.042077 -0.053977 -0.662652
    33 1.023438 -0.000002 0.000000 0.001897 0.012019 -0.156562
    34 3.269531 -0.140869 1.259766 0.180672 0.034142 -0.204037
    35 1.509766 -0.000001 -0.000001 0.051327 0.064037 -0.676424
    36 0.883299 -0.000002 0.000000 0.001277 0.038560 -0.033101
    37 0.948242 -1.142578 0.871582 1.693884 -0.344469 -0.124089
    38 1.629883 -0.000001 0.000001 0.000014 -0.188062 -0.185216
    39 1.085938 0.000000 -0.000002 0.000000 -0.040646 0.196333
    40 4.976479 0.000000 0.000004 -0.030820 0.000000 0.000000
    41 9.952959 0.000000 0.000006 -0.057501 0.000000 0.000000
    42 9.877266 0.000000 0.000002 0.000000 0.000000 -0.668270
    43 2.660156 0.000057 1.311523 -0.201327 -0.143306 -0.226689
    44 1.340820 0.000002 0.000001 -0.011404 -0.016672 -0.599950
    45 0.717773 0.000002 -0.000002 0.054473 0.175380 -0.302889
    46 2.935547 0.178589 0.486084 -0.194226 -0.103877 -0.292835
    47 1.604492 0.000001 0.000000 0.051969 0.088374 -0.532552
    48 0.857933 -0.000001 0.000000 -0.002415 -0.009757 -0.242679
    49 3.169922 0.098328 -0.363281 -0.183626 -0.067869 -0.258123
    50 1.909180 0.000000 0.000000 0.042077 0.053977 -0.662652
    51 1.023438 0.000001 0.000000 -0.001897 -0.012019 -0.156562
    52 3.271484 -0.136353 -1.259766 -0.177006 -0.034199 -0.204061
    53 1.509766 0.000003 0.000000 -0.051327 -0.064037 -0.676425
    54 0.883297 0.000000 0.000000 -0.001277 -0.038560 -0.033101
    55 0.948242 -1.139648 -0.875977 -1.690135 0.344972 -0.122837
    56 1.629883 0.000001 -0.000002 -0.000014 0.188062 -0.185216
    57 1.085938 0.000000 0.000002 0.000000 0.040646 0.196333
    58 9.952957 -0.000001 -0.000004 -0.071925 0.000000 0.000000
    59 4.976482 0.000000 -0.000002 -0.037813 0.000000 0.000000
    60 9.877266 0.000000 0.000000 0.000000 0.000000 -0.505271
    61 7.023271 -6.880002 4.339546 2.620672 -1.456011 -1.105365
    62 3.813801 -3.870655 0.998562 1.570796 -1.069638 0.199892
    63 0.000000 -0.000007 -0.000031 1.373047 0.113574 0.124314
    64 0.000000 -0.000007 -0.000031 1.373047 0.113574 0.124314
    65 2.685547 -1.180664 0.106812 1.364989 -0.517251 2.629313
    66 2.535156 -1.363281 -0.864258 -1.501147 -0.272558 -1.578261
    67 0.000000 0.000000 10.000000 0.000000 0.000000 0.000000
    68 0.018898 0.665159 9.395884 0.000000 0.000000 0.000000
    69 2.000000 -3.000000 0.000000 -1.570796 0.000000 -1.326450
    70 3.028210 -0.923409 -2.009451 1.574082 -0.012974 1.587243
    71 0.116953 4.311606 0.061859 0.000010 -0.000001 0.000000
    72 0.000000 -0.000002 0.000000 0.000000 0.000000 0.000000
    73 -0.000002 1.000000 0.000009 0.000000 0.000000 0.000000
    74 0.000000 0.000000 0.000000 0.000000 0.000000 0.000000
    75 0.000000 0.000000 0.000000 0.000000 0.000000 0.000000
    76 0.000000 0.000000 0.000000 0.000000 0.000000 0.000000
time 2
    0 0.507068 4.425663 33.562500 1.356378 0.034008 -0.291522
    1 0.000000 3.591042 -0.015921 1.563920 -0.102375 1.585319
    2 3.548302 0.000000 0.000000 0.018929 -0.021073 0.089878
    3 3.284046 0.000001 0.000000 0.000927 -0.028919 0.163168
    4 5.062389 -0.000001 0.000000 0.039445 -0.027354 0.499710
    5 3.610073 1.295546 -1.332000 -1.580516 1.351832 3.070174
    6 4.890536 0.000004 0.000000 1.140777 0.825311 -0.200548
    7 9.685764 0.000000 -0.000004 0.000000 0.000000 -0.824522
    8 3.610065 1.295545 1.332000 0.650904 -1.275311 -2.386560
    9 4.890535 0.000000 -0.000001 -1.107871 -0.545120 -0.088288
    10 9.685764 0.000000 0.000000 0.000000 0.000000 -1.144084
    11 9.256790 -0.000007 -0.000023 1.572823 0.363154 0.113323
    12 -3.219585 0.000000 0.000000 -1.546694 -0.271390 -1.603102
    13 9.256779 -0.000004 0.000011 -1.740816 -0.257881 0.047424
    14 16.283249 0.000000 0.000000 0.000000 0.000000 0.369150
    15 4.753334 0.000000 0.000000 2.951242 -0.051066 0.550668
    16 3.962090 0.000000 0.000000 -0.134664 -0.165390 0.148022
    17 16.291077 0.000000 0.000000 0.000000 0.000000 0.689143
    18 14.875347 0.000000 0.000000 0.179811 0.078041 -1.048331
    19 5.277816 0.000000 0.000001 -0.111750 0.023798 -0.592608
    20 3.219585 0.000000 0.000000 -1.838061 -0.190885 -1.357672
    21 16.283253 0.000000 0.000000 0.000000 0.000000 0.386553
    22 16.291080 0.000000 0.000001 0.000000 0.000000 0.723461
    23 14.875350 0.000000 0.000000 -0.132895 -0.017428 -1.177920
    24 5.277817 0.000000 0.000000 0.020208 -0.027704 -0.604112
    25 2.660156 0.004799 -1.311523 0.204923 0.143299 -0.226648
    26 1.340820 0.000000 0.000000 0.011404 0.016672 -0.599950
    27 0.717773 -0.000002 -0.000001 -0.054473 -0.175380 -0.302889
    28 2.933594 0.180298 -0.485352 0.197828 0.103894 -0.292786
    29 1.604492 0.000002 0.000000 -0.051969 -0.088374 -0.532552
    30 0.857929 0.000002 0.000000 0.002415 0.009757 -0.242679
    31 3.169922 0.097046 0.363525 0.187209 0.067909 -0.258128
    32 1.909180 0.000001 0.000000 -0.042077 -0.053977 -0.662652
    33 1.023438 -0.000002 0.000000 0.001897 0.012019 -0.156562
    34 3.269531 -0.140869 1.259766 0.180672 0.034142 -0.204037
    35 1.509766 -0.000001 -0.000001 0.051327 0.064037 -0.676424
    36 0.883299 -0.000002 0.000000 0.001277 0.038560 -0.033101
    37 0.948242 -1.142578 0.871582 1.693884 -0.344469 -0.124089
    38 1.629883 -0.000001 0.000001 0.000014 -0.188062 -0.185216
    39 1.085938 0.000000 -0.000002 0.000000 -0.040646 0.196333
    40 4.976479 0.000000 0.000004 -0.030820 0.000000 0.000000
    41 9.952959 0.000000 0.000006 -0.057501 0.000000 0.000000
    42 9.877266 0.000000 0.000002 0.000000 0.000000 -0.673939
    43 2.660156 0.000057 1.311523 -0.201327 -0.143306 -0.226689
    44 1.340820 0.000002 0.000001 -0.011404 -0.016672 -0.599950
    45 0.717773 0.000002 -0.000002 0.054473 0.175380 -0.302889
    46 2.935547 0.178589 0.486084 -0.194226 -0.103877 -0.292835
    47 1.604492 0.000001 0.000000 0.051969 0.088374 -0.532552
    48 0.857933 -0.000001 0.000000 -0.002415 -0.009757 -0.242679
    49 3.169922 0.098328 -0.363281 -0.183626 -0.067869 -0.258123
    50 1.909180 0.000000 0.000000 0.042077 0.053977 -0.662652
    51 1.023438 0.000001 0.000000 -0.001897 -0.012019 -0.156562
    52 3.271484 -0.136353 -1.259766 -0.177006 -0.034199 -0.204061
    53 1.509766 0.000003 0.000000 -0.051327 -0.064037 -0.676425
    54 0.883297 0.000000 0.000000 -0.001277 -0.038560 -0.033101
    55 0.948242 -1.139648 -0.875977 -1.690135 0.344972 -0.122837
    56 1.629883 0.000001 -0.000002 -0.000014 0.188062 -0.185216
    57 1.085938 0.000000 0.000002 0.000000 0.040646 0.196333
    58 9.952957 -0.000001 -0.000004 -0.060351 0.000000 0.000000
    59 4.976482 0.000000 -0.000002 -0.031769 0.000000 0.000000
    60 9.877266 0.000000 0.000000 0.000000 0.000000 -0.512496
    61 7.023271 -6.880002 4.339546 2.620672 -1.456011 -1.105365
    62 3.813801 -3.870655 0.998562 1.570796 -1.069638 0.199892
    63 0.000000 -0.000007 -0.000031 1.373047 0.113574 0.124314
    64 0.000000 -0.000007 -0.000031 1.373047 0.113574 0.124314
    65 2.685547 -1.180664 0.106812 1.364989 -0.517251 2.629313
    66 2.535156 -1.363281 -0.864258 -1.501147 -0.272558 -1.578261
    67 0.000000 0.000000 10.000000 0.000000 0.000000 0.000000
    68 0.018898 0.665159 9.395884 0.000000 0.000000 0.000000
    69 2.000000 -3.000000 0.000000 -1.570796 0.000000 -1.326450
    70 3.028210 -0.923409 -2.009451 1.574082 -0.012974 1.587243
    71 0.116953 4.311606 0.061859 0.000010 -0.000001 0.000000
    72 0.000000 -0.000002 0.000000 0.000000 0.000000 0.000000
    73 -0.000002 1.000000 0.000009 0.000000 0.000000 0.000000
    74 0.000000 0.000000 0.000000 0.000000 0.000000 0.000000
    75 0.000000 0.000000 0.000000 0.000000 0.000000 0.000000
    76 0.000000 0.000000 0.000000 0.000000 0.000000 0.000000
time 3
    0 0.594713 4.833059 33.406250 1.323060 0.021506 -0.332748
    1 0.000000 3.591042 -0.015921 1.562494 -0.108746 1.578115
    2 3.548302 0.000000 0.000000 0.020648 -0.023721 0.087847
    3 3.284046 0.000001 0.000000 0.002527 -0.031905 0.161586
    4 5.062389 -0.000001 0.000000 0.039710 -0.030642 0.496446
    5 3.610073 1.295546 -1.332000 -1.619426 1.355507 3.024997
    6 4.890536 0.000004 0.000000 1.292708 0.880536 -0.060609
    7 9.685764 0.000000 -0.000004 0.000000 0.000000 -0.805904
    8 3.610065 1.295545 1.332000 0.647001 -1.280870 -2.389325
    9 4.890535 0.000000 -0.000001 -1.246843 -0.575544 0.015828
    10 9.685764 0.000000 0.000000 0.000000 0.000000 -1.072811
    11 9.256790 -0.000007 -0.000023 1.547170 0.306489 0.092378
    12 -3.219585 0.000000 0.000000 -1.558697 -0.263094 -1.603198
    13 9.256779 -0.000004 0.000011 -1.700051 -0.223977 0.013448
    14 16.283249 0.000000 0.000000 0.000000 0.000000 0.373806
    15 4.753334 0.000000 0.000000 2.941000 -0.065162 0.559601
    16 3.962090 0.000000 0.000000 -0.136859 -0.168699 0.154034
    17 16.291077 0.000000 0.000000 0.000000 0.000000 0.698323
    18 14.875347 0.000000 0.000000 0.162279 0.060062 -1.042140
    19 5.277816 0.000000 0.000001 -0.111752 0.023788 -0.592788
    20 3.219585 0.000000 0.000000 -1.881979 -0.168426 -1.345761
    21 16.283253 0.000000 0.000000 0.000000 0.000000 0.395529
    22 16.291080 0.000000 0.000001 0.000000 0.000000 0.741120
    23 14.875350 0.000000 0.000000 -0.132683 -0.007184 -1.165672
    24 5.277817 0.000000 0.000000 0.020247 -0.027708 -0.616967
    25 2.660156 0.004799 -1.311523 0.204923 0.143299 -0.226648
    26 1.340820 0.000000 0.000000 0.011404 0.016672 -0.599950
    27 0.717773 -0.000002 -0.000001 -0.054473 -0.175380 -0.302889
    28 2.933594 0.180298 -0.485352 0.197828 0.103894 -0.292786
    29 1.604492 0.000002 0.000000 -0.051969 -0.088374 -0.532552
    30 0.857929 0.000002 0.000000 0.002415 0.009757 -0.242679
    31 3.169922 0.097046 0.363525 0.187209 0.067909 -0.258128
    32 1.909180 0.000001 0.000000 -0.042077 -0.053977 -0.662652
    33 1.023438 -0.000002 0.000000 0.001897 0.012019 -0.156562
    34 3.269531 -0.140869 1.259766 0.180672 0.034142 -0.204037
    35 1.509766 -0.000001 -0.000001 0.051327 0.064037 -0.676424
    36 0.883299 -0.000002 0.000000 0.001277 0.038560 -0.033101
    37 0.948242 -1.142578 0.871582 1.693884 -0.344469 -0.124089
    38 1.629883 -0.000001 0.000001 0.000014 -0.188062 -0.185216
    39 1.085938 0.000000 -0.000002 0.000000 -0.040646 0.196333
    40 4.976479 0.000000 0.000004 -0.036432 0.000000 0.000000
    41 9.952959 0.000000 0.000006 -0.067865 0.000000 0.000000
    42 9.877266 0.000000 0.000002 0.000000 0.000000 -0.638102
    43 2.660156 0.000057 1.311523 -0.201327 -0.143306 -0.226689
    44 1.340820 0.000002 0.000001 -0.011404 -0.016672 -0.599950
    45 0.717773 0.000002 -0.000002 0.054473 0.175380 -0.302889
    46 2.935547 0.178589 0.486084 -0.194226 -0.103877 -0.292835
    47 1.604492 0.000001 0.000000 0.051969 0.088374 -0.532552
    48 0.857933 -0.000001 0.000000 -0.002415 -0.009757 -0.242679
    49 3.169922 0.098328 -0.363281 -0.183626 -0.067869 -0.258123
    50 1.909180 0.000000 0.000000 0.042077 0.053977 -0.662652
    51 1.023438 0.000001 0.000000 -0.001897 -0.012019 -0.156562
    52 3.271484 -0.136353 -1.259766 -0.177006 -0.034199 -0.204061
    53 1.509766 0.000003 0.000000 -0.051327 -0.064037 -0.676425
    54 0.883297 0.000000 0.000000 -0.001277 -0.038560 -0.033101
    55 0.948242 -1.139648 -0.875977 -1.690135 0.344972 -0.122837
    56 1.629883 0.000001 -0.000002 -0.000014 0.188062 -0.185216
    57 1.085938 0.000000 0.000002 0.000000 0.040646 0.196333
    58 9.952957 -0.000001 -0.000004 -0.034187 0.000000 0.000000
    59 4.976482 0.000000 -0.000002 -0.018042 0.000000 0.000000
    60 9.877266 0.000000 0.000000 0.000000 0.000000 -0.503132
    61 7.023271 -6.880002 4.339546 2.620672 -1.456011 -1.105365
    62 3.813801 -3.870655 0.998562 1.570796 -1.069638 0.199892
    63 0.000000 -0.000007 -0.000031 1.373047 0.113574 0.124314
    64 0.000000 -0.000007 -0.000031 1.373047 0.113574 0.124314
    65 2.685547 -1.180664 0.106812 1.364989 -0.517251 2.629313
    66 2.535156 -1.363281 -0.864258 -1.501147 -0.272558 -1.578261
    67 0.000000 0.000000 10.000000 0.000000 0.000000 0.000000
    68 0.018898 0.665159 9.395884 0.000000 0.000000 0.000000
    69 2.000000 -3.000000 0.000000 -1.570796 0.000000 -1.326450
    70 3.028210 -0.923409 -2.009451 1.574082 -0.012974 1.587243
    71 0.116953 4.311606 0.061859 0.000010 -0.000001 0.000000
    72 0.000000 -0.000002 0.000000 0.000000 0.000000 0.000000
    73 -0.000002 1.000000 0.000009 0.000000 0.000000 0.000000
    74 0.000000 0.000000 0.000000 0.000000 0.000000 0.000000
    75 0.000000 0.000000 0.000000 0.000000 0.000000 0.000000
    76 0.000000 0.000000 0.000000 0.000000 0.000000 0.000000
time 4
    0 0.693022 5.290087 33.312500 1.287546 0.004660 -0.378024
    1 0.000000 3.591042 -0.015921 1.560784 -0.112523 1.575079
    2 3.548302 0.000000 0.000000 0.022477 -0.028261 0.084926
    3 3.284046 0.000001 0.000000 0.004108 -0.037567 0.159045
    4 5.062389 -0.000001 0.000000 0.038822 -0.038078 0.489130
    5 3.610073 1.295546 -1.332000 -1.696679 1.359172 2.941004
    6 4.890536 0.000004 0.000000 1.467966 0.934181 0.073352
    7 9.685764 0.000000 -0.000004 0.000000 0.000000 -0.750482
    8 3.610065 1.295545 1.332000 0.475013 -1.312246 -2.222099
    9 4.890535 0.000000 -0.000001 -1.378425 -0.624018 0.028235
    10 9.685764 0.000000 0.000000 0.000000 0.000000 -0.925554
    11 9.256790 -0.000007 -0.000023 1.555279 0.197154 0.078967
    12 -3.219585 0.000000 0.000000 -1.577355 -0.253251 -1.603224
    13 9.256779 -0.000004 0.000011 -1.677814 -0.181862 -0.003368
    14 16.283249 0.000000 0.000000 0.000000 0.000000 0.376881
    15 4.753334 0.000000 0.000000 2.932835 -0.075792 0.565211
    16 3.962090 0.000000 0.000000 -0.137140 -0.177405 0.159505
    17 16.291077 0.000000 0.000000 0.000000 0.000000 0.704389
    18 14.875347 0.000000 0.000000 0.142617 0.040925 -1.030791
    19 5.277816 0.000000 0.000001 -0.111748 0.023808 -0.592428
    20 3.219585 0.000000 0.000000 -1.921801 -0.150212 -1.333616
    21 16.283253 0.000000 0.000000 0.000000 0.000000 0.408744
    22 16.291080 0.000000 0.000001 0.000000 0.000000 0.767211
    23 14.875350 0.000000 0.000000 -0.142998 0.003272 -1.135690
    24 5.277817 0.000000 0.000000 0.020234 -0.027686 -0.637842
    25 2.660156 0.004799 -1.311523 0.204923 0.143299 -0.226648
    26 1.340820 0.000000 0.000000 0.011404 0.016672 -0.599950
    27 0.717773 -0.000002 -0.000001 -0.054473 -0.175380 -0.302889
    28 2.933594 0.180298 -0.485352 0.197828 0.103894 -0.292786
    29 1.604492 0.000002 0.000000 -0.051969 -0.088374 -0.532552
    30 0.857929 0.000002 0.000000 0.002415 0.009757 -0.242679
    31 3.169922 0.097046 0.363525 0.187209 0.067909 -0.258128
    32 1.909180 0.000001 0.000000 -0.042077 -0.053977 -0.662652
    33 1.023438 -0.000002 0.000000 0.001897 0.012019 -0.156562
    34 3.269531 -0.140869 1.259766 0.180672 0.034142 -0.204037
    35 1.509766 -0.000001 -0.000001 0.051327 0.064037 -0.676424
    36 0.883299 -0.000002 0.000000 0.001277 0.038560 -0.033101
    37 0.948242 -1.142578 0.871582 1.693884 -0.344469 -0.124089
    38 1.629883 -0.000001 0.000001 0.000014 -0.188062 -0.185216
    39 1.085938 0.000000 -0.000002 0.000000 -0.040646 0.196333
    40 4.976479 0.000000 0.000004 -0.036604 0.000000 0.000000
    41 9.952959 0.000000 0.000006 -0.068211 0.000000 0.000000
    42 9.877266 0.000000 0.000002 0.000000 0.000000 -0.563719
    43 2.660156 0.000057 1.311523 -0.201327 -0.143306 -0.226689
    44 1.340820 0.000002 0.000001 -0.011404 -0.016672 -0.599950
    45 0.717773 0.000002 -0.000002 0.054473 0.175380 -0.302889
    46 2.935547 0.178589 0.486084 -0.194226 -0.103877 -0.292835
    47 1.604492 0.000001 0.000000 0.051969 0.088374 -0.532552
    48 0.857933 -0.000001 0.000000 -0.002415 -0.009757 -0.242679
    49 3.169922 0.098328 -0.363281 -0.183626 -0.067869 -0.258123
    50 1.909180 0.000000 0.000000 0.042077 0.053977 -0.662652
    51 1.023438 0.000001 0.000000 -0.001897 -0.012019 -0.156562
    52 3.271484 -0.136353 -1.259766 -0.177006 -0.034199 -0.204061
    53 1.509766 0.000003 0.000000 -0.051327 -0.064037 -0.676425
    54 0.883297 0.000000 0.000000 -0.001277 -0.038560 -0.033101
    55 0.948242 -1.139648 -0.875977 -1.690135 0.344972 -0.122837
    56 1.629883 0.000001 -0.000002 -0.000014 0.188062 -0.185216
    57 1.085938 0.000000 0.000002 0.000000 0.040646 0.196333
    58 9.952957 -0.000001 -0.000004 -0.020978 0.000000 0.000000
    59 4.976482 0.000000 -0.000002 -0.011136 0.000000 0.000000
    60 9.877266 0.000000 0.000000 0.000000 0.000000 -0.475016
    61 7.023271 -6.880002 4.339546 2.620672 -1.456011 -1.105365
    62 3.813801 -3.870655 0.998562 1.570796 -1.069638 0.199892
    63 0.000000 -0.000007 -0.000031 1.373047 0.113574 0.124314
    64 0.000000 -0.000007 -0.000031 1.373047 0.113574 0.124314
    65 2.685547 -1.180664 0.106812 1.364989 -0.517251 2.629313
    66 2.535156 -1.363281 -0.864258 -1.501147 -0.272558 -1.578261
    67 0.000000 0.000000 10.000000 0.000000 0.000000 0.000000
    68 0.018898 0.665159 9.395884 0.000000 0.000000 0.000000
    69 2.000000 -3.000000 0.000000 -1.570796 0.000000 -1.326450
    70 3.028210 -0.923409 -2.009451 1.574082 -0.012974 1.587243
    71 0.116953 4.311606 0.061859 0.000010 -0.000001 0.000000
    72 0.000000 -0.000002 0.000000 0.000000 0.000000 0.000000
    73 -0.000002 1.000000 0.000009 0.000000 0.000000 0.000000
    74 0.000000 0.000000 0.000000 0.000000 0.000000 0.000000
    75 0.000000 0.000000 0.000000 0.000000 0.000000 0.000000
    76 0.000000 0.000000 0.000000 0.000000 0.000000 0.000000
time 5
    0 0.781487 5.798699 33.187500 1.250594 -0.011799 -0.428110
    1 0.000000 3.591042 -0.015921 1.555056 -0.111725 1.576956
    2 3.548302 0.000000 0.000000 0.022884 -0.033699 0.082960
    3 3.284046 0.000001 0.000000 0.004314 -0.047537 0.157044
    4 5.062389 -0.000001 0.000000 0.036322 -0.053177 0.484349
    5 3.610073 1.295546 -1.332000 -1.795875 1.359910 2.838890
    6 4.890536 0.000004 0.000000 1.677003 1.005922 0.227296
    7 9.685764 0.000000 -0.000004 0.000000 0.000000 -0.648293
    8 3.610065 1.295545 1.332000 0.175181 -1.338318 -1.922234
    9 4.890535 0.000000 -0.000001 -1.531750 -0.679895 0.026212
    10 9.685764 0.000000 0.000000 0.000000 0.000000 -0.736399
    11 9.256790 -0.000007 -0.000023 1.653624 0.075587 0.059938
    12 -3.219585 0.000000 0.000000 -1.598210 -0.239061 -1.598036
    13 9.256779 -0.000004 0.000011 -1.722011 -0.149833 -0.031603
    14 16.283249 0.000000 0.000000 0.000000 0.000000 0.375739
    15 4.753334 0.000000 0.000000 2.929888 -0.082827 0.574831
    16 3.962090 0.000000 0.000000 -0.137753 -0.183477 0.155060
    17 16.291077 0.000000 0.000000 0.000000 0.000000 0.701999
    18 14.875347 0.000000 0.000000 0.125282 0.022033 -1.011862
    19 5.277816 0.000000 0.000001 -0.111761 0.023786 -0.596224
    20 3.219585 0.000000 0.000000 -1.954580 -0.129351 -1.316771
    21 16.283253 0.000000 0.000000 0.000000 0.000000 0.421889
    22 16.291080 0.000000 0.000001 0.000000 0.000000 0.793252
    23 14.875350 0.000000 0.000000 -0.163768 0.019574 -1.103897
    24 5.277817 0.000000 0.000000 0.020222 -0.027731 -0.646851
    25 2.660156 0.004799 -1.311523 0.204923 0.143299 -0.226648
    26 1.340820 0.000000 0.000000 0.011404 0.016672 -0.599950
    27 0.717773 -0.000002 -0.000001 -0.054473 -0.175380 -0.302889
    28 2.933594 0.180298 -0.485352 0.197828 0.103894 -0.292786
    29 1.604492 0.000002 0.000000 -0.051969 -0.088374 -0.532552
    30 0.857929 0.000002 0.000000 0.002415 0.009757 -0.242679
    31 3.169922 0.097046 0.363525 0.187209 0.067909 -0.258128
    32 1.909180 0.000001 0.000000 -0.042077 -0.053977 -0.662652
    33 1.023438 -0.000002 0.000000 0.001897 0.012019 -0.156562
    34 3.269531 -0.140869 1.259766 0.180672 0.034142 -0.204037
    35 1.509766 -0.000001 -0.000001 0.051327 0.064037 -0.676424
    36 0.883299 -0.000002 0.000000 0.001277 0.038560 -0.033101
    37 0.948242 -1.142578 0.871582 1.693884 -0.344469 -0.124089
    38 1.629883 -0.000001 0.000001 0.000014 -0.188062 -0.185216
    39 1.085938 0.000000 -0.000002 0.000000 -0.040646 0.196333
    40 4.976479 0.000000 0.000004 0.006561 0.000000 0.000000
    41 9.952959 0.000000 0.000006 0.012431 0.000000 0.000000
    42 9.877266 0.000000 0.000002 0.000000 0.000000 -0.467914
    43 2.660156 0.000057 1.311523 -0.201327 -0.143306 -0.226689
    44 1.340820 0.000002 0.000001 -0.011404 -0.016672 -0.599950
    45 0.717773 0.000002 -0.000002 0.054473 0.175380 -0.302889
    46 2.935547 0.178589 0.486084 -0.194226 -0.103877 -0.292835
    47 1.604492 0.000001 0.000000 0.051969 0.088374 -0.532552
    48 0.857933 -0.000001 0.000000 -0.002415 -0.009757 -0.242679
    49 3.169922 0.098328 -0.363281 -0.183626 -0.067869 -0.258123
    50 1.909180 0.000000 0.000000 0.042077 0.053977 -0.662652
    51 1.023438 0.000001 0.000000 -0.001897 -0.012019 -0.156562
    52 3.271484 -0.136353 -1.259766 -0.177006 -0.034199 -0.204061
    53 1.509766 0.000003 0.000000 -0.051327 -0.064037 -0.676425
    54 0.883297 0.000000 0.000000 -0.001277 -0.038560 -0.033101
    55 0.948242 -1.139648 -0.875977 -1.690135 0.344972 -0.122837
    56 1.629883 0.000001 -0.000002 -0.000014 0.188062 -0.185216
    57 1.085938 0.000000 0.000002 0.000000 0.040646 0.196333
    58 9.952957 -0.000001 -0.000004 -0.064410 0.000000 0.000000
    59 4.976482 0.000000 -0.000002 -0.033841 0.000000 0.000000
    60 9.877266 0.000000 0.000000 0.000000 0.000000 -0.423302
    61 7.023271 -6.880002 4.339546 2.620672 -1.456011 -1.105365
    62 3.813801 -3.870655 0.998562 1.570796 -1.069638 0.199892
    63 0.000000 -0.000007 -0.000031 1.373047 0.113574 0.124314
    64 0.000000 -0.000007 -0.000031 1.373047 0.113574 0.124314
    65 2.685547 -1.180664 0.106812 1.364989 -0.517251 2.629313
    66 2.535156 -1.363281 -0.864258 -1.501147 -0.272558 -1.578261
    67 0.000000 0.000000 10.000000 0.000000 0.000000 0.000000
    68 0.018898 0.665159 9.395884 0.000000 0.000000 0.000000
    69 2.000000 -3.000000 0.000000 -1.570796 0.000000 -1.326450
    70 3.028210 -0.923409 -2.009451 1.574082 -0.012974 1.587243
    71 0.116953 4.311606 0.061859 0.000010 -0.000001 0.000000
    72 0.000000 -0.000002 0.000000 0.000000 0.000000 0.000000
    73 -0.000002 1.000000 0.000009 0.000000 0.000000 0.000000
    74 0.000000 0.000000 0.000000 0.000000 0.000000 0.000000
    75 0.000000 0.000000 0.000000 0.000000 0.000000 0.000000
    76 0.000000 0.000000 0.000000 0.000000 0.000000 0.000000
time 6
    0 0.876710 6.378427 33.093750 1.219425 -0.028306 -0.482914
    1 0.000000 3.591042 -0.015921 1.547418 -0.105855 1.579971
    2 3.548302 0.000000 0.000000 0.022017 -0.039669 0.079284
    3 3.284046 0.000001 0.000000 0.003174 -0.058343 0.152139
    4 5.062389 -0.000001 0.000000 0.032853 -0.067361 0.477450
    5 3.610073 1.295546 -1.332000 -1.991775 1.410756 2.648722
    6 4.890536 0.000004 0.000000 1.906690 1.080379 0.351530
    7 9.685764 0.000000 -0.000004 0.000000 0.000000 -0.540212
    8 3.610065 1.295545 1.332000 -0.178659 -1.335659 -1.566047
    9 4.890535 0.000000 -0.000001 -1.727954 -0.727624 0.031194
    10 9.685764 0.000000 0.000000 0.000000 0.000000 -0.548637
    11 9.256790 -0.000007 -0.000023 1.854231 0.048634 0.028281
    12 -3.219585 0.000000 0.000000 -1.614524 -0.225557 -1.590291
    13 9.256779 -0.000004 0.000011 -1.783399 -0.118375 -0.096254
    14 16.283249 0.000000 0.000000 0.000000 0.000000 0.369765
    15 4.753334 0.000000 0.000000 2.929530 -0.094227 0.588811
    16 3.962090 0.000000 0.000000 -0.133456 -0.186410 0.150504
    17 16.291077 0.000000 0.000000 0.000000 0.000000 0.690244
    18 14.875347 0.000000 0.000000 0.106901 0.003329 -0.998891
    19 5.277816 0.000000 0.000001 -0.111779 0.023860 -0.592974
    20 3.219585 0.000000 0.000000 -1.973143 -0.112896 -1.298748
    21 16.283253 0.000000 0.000000 0.000000 0.000000 0.434699
    22 16.291080 0.000000 0.000001 0.000000 0.000000 0.818402
    23 14.875350 0.000000 0.000000 -0.198411 0.040514 -1.084587
    24 5.277817 0.000000 0.000000 0.020227 -0.027656 -0.627395
    25 2.660156 0.004799 -1.311523 0.204923 0.143299 -0.226648
    26 1.340820 0.000000 0.000000 0.011404 0.016672 -0.599950
    27 0.717773 -0.000002 -0.000001 -0.054473 -0.175380 -0.302889
    28 2.933594 0.180298 -0.485352 0.197828 0.103894 -0.292786
    29 1.604492 0.000002 0.000000 -0.051969 -0.088374 -0.532552
    30 0.857929 0.000002 0.000000 0.002415 0.009757 -0.242679
    31 3.169922 0.097046 0.363525 0.187209 0.067909 -0.258128
    32 1.909180 0.000001 0.000000 -0.042077 -0.053977 -0.662652
    33 1.023438 -0.000002 0.000000 0.001897 0.012019 -0.156562
    34 3.269531 -0.140869 1.259766 0.180672 0.034142 -0.204037
    35 1.509766 -0.000001 -0.000001 0.051327 0.064037 -0.676424
    36 0.883299 -0.000002 0.000000 0.001277 0.038560 -0.033101
    37 0.948242 -1.142578 0.871582 1.693884 -0.344469 -0.124089
    38 1.629883 -0.000001 0.000001 0.000014 -0.188062 -0.185216
    39 1.085938 0.000000 -0.000002 0.000000 -0.040646 0.196333
    40 4.976479 0.000000 0.000004 0.105799 0.000000 0.000000
    41 9.952959 0.000000 0.000006 0.204170 0.000000 0.000000
    42 9.877266 0.000000 0.000002 0.000000 0.000000 -0.372927
    43 2.660156 0.000057 1.311523 -0.201327 -0.143306 -0.226689
    44 1.340820 0.000002 0.000001 -0.011404 -0.016672 -0.599950
    45 0.717773 0.000002 -0.000002 0.054473 0.175380 -0.302889
    46 2.935547 0.178589 0.486084 -0.194226 -0.103877 -0.292835
    47 1.604492 0.000001 0.000000 0.051969 0.088374 -0.532552
    48 0.857933 -0.000001 0.000000 -0.002415 -0.009757 -0.242679
    49 3.169922 0.098328 -0.363281 -0.183626 -0.067869 -0.258123
    50 1.909180 0.000000 0.000000 0.042077 0.053977 -0.662652
    51 1.023438 0.000001 0.000000 -0.001897 -0.012019 -0.156562
    52 3.271484 -0.136353 -1.259766 -0.177006 -0.034199 -0.204061
    53 1.509766 0.000003 0.000000 -0.051327 -0.064037 -0.676425
    54 0.883297 0.000000 0.000000 -0.001277 -0.038560 -0.033101
    55 0.948242 -1.139648 -0.875977 -1.690135 0.344972 -0.122837
    56 1.629883 0.000001 -0.000002 -0.000014 0.188062 -0.185216
    57 1.085938 0.000000 0.000002 0.000000 0.040646 0.196333
    58 9.952957 -0.000001 -0.000004 -0.127244 0.000000 0.000000
    59 4.976482 0.000000 -0.000002 -0.066397 0.000000 0.000000
    60 9.877266 0.000000 0.000000 0.000000 0.000000 -0.368711
    61 7.023271 -6.880002 4.339546 2.620672 -1.456011 -1.105365
    62 3.813801 -3.870655 0.998562 1.570796 -1.069638 0.199892
    63 0.000000 -0.000007 -0.000031 1.373047 0.113574 0.124314
    64 0.000000 -0.000007 -0.000031 1.373047 0.113574 0.124314
    65 2.685547 -1.180664 0.106812 1.364989 -0.517251 2.629313
    66 2.535156 -1.363281 -0.864258 -1.501147 -0.272558 -1.578261
    67 0.000000 0.000000 10.000000 0.000000 0.000000 0.000000
    68 0.018898 0.665159 9.395884 0.000000 0.000000 0.000000
    69 2.000000 -3.000000 0.000000 -1.570796 0.000000 -1.326450
    70 3.028210 -0.923409 -2.009451 1.574082 -0.012974 1.587243
    71 0.116953 4.311606 0.061859 0.000010 -0.000001 0.000000
    72 0.000000 -0.000002 0.000000 0.000000 0.000000 0.000000
    73 -0.000002 1.000000 0.000009 0.000000 0.000000 0.000000
    74 0.000000 0.000000 0.000000 0.000000 0.000000 0.000000
    75 0.000000 0.000000 0.000000 0.000000 0.000000 0.000000
    76 0.000000 0.000000 0.000000 0.000000 0.000000 0.000000
time 7
    0 1.012137 7.070286 32.875000 1.194229 -0.044770 -0.539088
    1 0.000000 3.591042 -0.015921 1.540833 -0.100120 1.582075
    2 3.548302 0.000000 0.000000 0.021073 -0.045178 0.073113
    3 3.284046 0.000001 0.000000 0.002228 -0.067166 0.144816
    4 5.062389 -0.000001 0.000000 0.031640 -0.076708 0.464890
    5 3.610073 1.295546 -1.332000 -2.363214 1.472569 2.283618
    6 4.890536 0.000004 0.000000 2.154815 1.130976 0.480500
    7 9.685764 0.000000 -0.000004 0.000000 0.000000 -0.476082
    8 3.610065 1.295545 1.332000 -0.502542 -1.307876 -1.241492
    9 4.890535 0.000000 -0.000001 -1.952490 -0.764264 0.044363
    10 9.685764 0.000000 0.000000 0.000000 0.000000 -0.396145
    11 9.256790 -0.000007 -0.000023 2.002151 0.068799 0.043528
    12 -3.219585 0.000000 0.000000 -1.608158 -0.216585 -1.585994
    13 9.256779 -0.000004 0.000011 -1.825472 -0.094304 -0.118988
    14 16.283249 0.000000 0.000000 0.000000 0.000000 0.361776
    15 4.753334 0.000000 0.000000 2.937703 -0.105525 0.593665
    16 3.962090 0.000000 0.000000 -0.128827 -0.181900 0.145112
    17 16.291077 0.000000 0.000000 0.000000 0.000000 0.674488
    18 14.875347 0.000000 0.000000 0.075837 -0.028474 -0.999090
    19 5.277816 0.000000 0.000001 -0.111751 0.023846 -0.579608
    20 3.219585 0.000000 0.000000 -1.973306 -0.105032 -1.280532
    21 16.283253 0.000000 0.000000 0.000000 0.000000 0.449475
    22 16.291080 0.000000 0.000001 0.000000 0.000000 0.847760
    23 14.875350 0.000000 0.000000 -0.227230 0.069276 -1.079637
    24 5.277817 0.000000 0.000000 0.020236 -0.027687 -0.590111
    25 2.660156 0.004799 -1.311523 0.204923 0.143299 -0.226648
    26 1.340820 0.000000 0.000000 0.011404 0.016672 -0.599950
    27 0.717773 -0.000002 -0.000001 -0.054473 -0.175380 -0.302889
    28 2.933594 0.180298 -0.485352 0.197828 0.103894 -0.292786
    29 1.604492 0.000002 0.000000 -0.051969 -0.088374 -0.532552
    30 0.857929 0.000002 0.000000 0.002415 0.009757 -0.242679
    31 3.169922 0.097046 0.363525 0.187209 0.067909 -0.258128
    32 1.909180 0.000001 0.000000 -0.042077 -0.053977 -0.662652
    33 1.023438 -0.000002 0.000000 0.001897 0.012019 -0.156562
    34 3.269531 -0.140869 1.259766 0.180672 0.034142 -0.204037
    35 1.509766 -0.000001 -0.000001 0.051327 0.064037 -0.676424
    36 0.883299 -0.000002 0.000000 0.001277 0.038560 -0.033101
    37 0.948242 -1.142578 0.871582 1.693884 -0.344469 -0.124089
    38 1.629883 -0.000001 0.000001 0.000014 -0.188062 -0.185216
    39 1.085938 0.000000 -0.000002 0.000000 -0.040646 0.196333
    40 4.976479 0.000000 0.000004 0.178240 0.000000 0.000000
    41 9.952959 0.000000 0.000006 0.349234 0.000000 0.000000
    42 9.877266 0.000000 0.000002 0.000000 0.000000 -0.296230
    43 2.660156 0.000057 1.311523 -0.201327 -0.143306 -0.226689
    44 1.340820 0.000002 0.000001 -0.011404 -0.016672 -0.599950
    45 0.717773 0.000002 -0.000002 0.054473 0.175380 -0.302889
    46 2.935547 0.178589 0.486084 -0.194226 -0.103877 -0.292835
    47 1.604492 0.000001 0.000000 0.051969 0.088374 -0.532552
    48 0.857933 -0.000001 0.000000 -0.002415 -0.009757 -0.242679
    49 3.169922 0.098328 -0.363281 -0.183626 -0.067869 -0.258123
    50 1.909180 0.000000 0.000000 0.042077 0.053977 -0.662652
    51 1.023438 0.000001 0.000000 -0.001897 -0.012019 -0.156562
    52 3.271484 -0.136353 -1.259766 -0.177006 -0.034199 -0.204061
    53 1.509766 0.000003 0.000000 -0.051327 -0.064037 -0.676425
    54 0.883297 0.000000 0.000000 -0.001277 -0.038560 -0.033101
    55 0.948242 -1.139648 -0.875977 -1.690135 0.344972 -0.122837
    56 1.629883 0.000001 -0.000002 -0.000014 0.188062 -0.185216
    57 1.085938 0.000000 0.000002 0.000000 0.040646 0.196333
    58 9.952957 -0.000001 -0.000004 -0.171221 0.000000 0.000000
    59 4.976482 0.000000 -0.000002 -0.088859 0.000000 0.000000
    60 9.877266 0.000000 0.000000 0.000000 0.000000 -0.336355
    61 7.023271 -6.880002 4.339546 2.620672 -1.456011 -1.105365
    62 3.813801 -3.870655 0.998562 1.570796 -1.069638 0.199892
    63 0.000000 -0.000007 -0.000031 1.373047 0.113574 0.124314
    64 0.000000 -0.000007 -0.000031 1.373047 0.113574 0.124314
    65 2.685547 -1.180664 0.106812 1.364989 -0.517251 2.629313
    66 2.535156 -1.363281 -0.864258 -1.501147 -0.272558 -1.578261
    67 0.000000 0.000000 10.000000 0.000000 0.000000 0.000000
    68 0.018898 0.665159 9.395884 0.000000 0.000000 0.000000
    69 2.000000 -3.000000 0.000000 -1.570796 0.000000 -1.326450
    70 3.028210 -0.923409 -2.009451 1.574082 -0.012974 1.587243
    71 0.116953 4.311606 0.061859 0.000010 -0.000001 0.000000
    72 0.000000 -0.000002 0.000000 0.000000 0.000000 0.000000
    73 -0.000002 1.000000 0.000009 0.000000 0.000000 0.000000
    74 0.000000 0.000000 0.000000 0.000000 0.000000 0.000000
    75 0.000000 0.000000 0.000000 0.000000 0.000000 0.000000
    76 0.000000 0.000000 0.000000 0.000000 0.000000 0.000000
time 8
    0 1.235621 7.870371 32.531250 1.172453 -0.067775 -0.595895
    1 0.000000 3.591042 -0.015921 1.539605 -0.099341 1.578356
    2 3.548302 0.000000 0.000000 0.021196 -0.049328 0.065379
    3 3.284046 0.000001 0.000000 0.002892 -0.071942 0.135966
    4 5.062389 -0.000001 0.000000 0.033300 -0.078770 0.446986
    5 3.610073 1.295546 -1.332000 3.080364 1.512070 1.445799
    6 4.890536 0.000004 0.000000 2.387600 1.154591 0.601391
    7 9.685764 0.000000 -0.000004 0.000000 0.000000 -0.464631
    8 3.610065 1.295545 1.332000 -0.721576 -1.271632 -1.026272
    9 4.890535 0.000000 -0.000001 -2.174495 -0.782646 0.059657
    10 9.685764 0.000000 0.000000 0.000000 0.000000 -0.319818
    11 9.256790 -0.000007 -0.000023 2.065036 0.082687 0.105890
    12 -3.219585 0.000000 0.000000 -1.573106 -0.231589 -1.594101
    13 9.256779 -0.000004 0.000011 -1.813896 -0.080545 -0.144725
    14 16.283249 0.000000 0.000000 0.000000 0.000000 0.368360
    15 4.753334 0.000000 0.000000 2.949785 -0.121089 0.590074
    16 3.962090 0.000000 0.000000 -0.119611 -0.173188 0.146959
    17 16.291077 0.000000 0.000000 0.000000 0.000000 0.687493
    18 14.875347 0.000000 0.000000 0.035664 -0.073992 -0.992670
    19 5.277816 0.000000 0.000001 -0.111815 0.023849 -0.572306
    20 3.219585 0.000000 0.000000 -1.952231 -0.088174 -1.278523
    21 16.283253 0.000000 0.000000 0.000000 0.000000 0.453106
    22 16.291080 0.000000 0.000001 0.000000 0.000000 0.854869
    23 14.875350 0.000000 0.000000 -0.242314 0.101912 -1.097390
    24 5.277817 0.000000 0.000000 0.020247 -0.027650 -0.580733
    25 2.660156 0.004799 -1.311523 0.204923 0.143299 -0.226648
    26 1.340820 0.000000 0.000000 0.011404 0.016672 -0.599950
    27 0.717773 -0.000002 -0.000001 -0.054473 -0.175380 -0.302889
    28 2.933594 0.180298 -0.485352 0.197828 0.103894 -0.292786
    29 1.604492 0.000002 0.000000 -0.051969 -0.088374 -0.532552
    30 0.857929 0.000002 0.000000 0.002415 0.009757 -0.242679
    31 3.169922 0.097046 0.363525 0.187209 0.067909 -0.258128
    32 1.909180 0.000001 0.000000 -0.042077 -0.053977 -0.662652
    33 1.023438 -0.000002 0.000000 0.001897 0.012019 -0.156562
    34 3.269531 -0.140869 1.259766 0.180672 0.034142 -0.204037
    35 1.509766 -0.000001 -0.000001 0.051327 0.064037 -0.676424
    36 0.883299 -0.000002 0.000000 0.001277 0.038560 -0.033101
    37 0.948242 -1.142578 0.871582 1.693884 -0.344469 -0.124089
    38 1.629883 -0.000001 0.000001 0.000014 -0.188062 -0.185216
    39 1.085938 0.000000 -0.000002 0.000000 -0.040646 0.196333
    40 4.976479 0.000000 0.000004 0.205906 0.000000 0.000000
    41 9.952959 0.000000 0.000006 0.405483 0.000000 0.000000
    42 9.877266 0.000000 0.000002 0.000000 0.000000 -0.257966
    43 2.660156 0.000057 1.311523 -0.201327 -0.143306 -0.226689
    44 1.340820 0.000002 0.000001 -0.011404 -0.016672 -0.599950
    45 0.717773 0.000002 -0.000002 0.054473 0.175380 -0.302889
    46 2.935547 0.178589 0.486084 -0.194226 -0.103877 -0.292835
    47 1.604492 0.000001 0.000000 0.051969 0.088374 -0.532552
    48 0.857933 -0.000001 0.000000 -0.002415 -0.009757 -0.242679
    49 3.169922 0.098328 -0.363281 -0.183626 -0.067869 -0.258123
    50 1.909180 0.000000 0.000000 0.042077 0.053977 -0.662652
    51 1.023438 0.000001 0.000000 -0.001897 -0.012019 -0.156562
    52 3.271484 -0.136353 -1.259766 -0.177006 -0.034199 -0.204061
    53 1.509766 0.000003 0.000000 -0.051327 -0.064037 -0.676425
    54 0.883297 0.000000 0.000000 -0.001277 -0.038560 -0.033101
    55 0.948242 -1.139648 -0.875977 -1.690135 0.344972 -0.122837
    56 1.629883 0.000001 -0.000002 -0.000014 0.188062 -0.185216
    57 1.085938 0.000000 0.000002 0.000000 0.040646 0.196333
    58 9.952957 -0.000001 -0.000004 -0.162905 0.000000 0.000000
    59 4.976482 0.000000 -0.000002 -0.084625 0.000000 0.000000
    60 9.877266 0.000000 0.000000 0.000000 0.000000 -0.330578
    61 7.023271 -6.880002 4.339546 2.620672 -1.456011 -1.105365
    62 3.813801 -3.870655 0.998562 1.570796 -1.069638 0.199892
    63 0.000000 -0.000007 -0.000031 1.373047 0.113574 0.124314
    64 0.000000 -0.000007 -0.000031 1.373047 0.113574 0.124314
    65 2.685547 -1.180664 0.106812 1.364989 -0.517251 2.629313
    66 2.535156 -1.363281 -0.864258 -1.501147 -0.272558 -1.578261
    67 0.000000 0.000000 10.000000 0.000000 0.000000 0.000000
    68 0.018898 0.665159 9.395884 0.000000 0.000000 0.000000
    69 2.000000 -3.000000 0.000000 -1.570796 0.000000 -1.326450
    70 3.028210 -0.923409 -2.009451 1.574082 -0.012974 1.587243
    71 0.116953 4.311606 0.061859 0.000010 -0.000001 0.000000
    72 0.000000 -0.000002 0.000000 0.000000 0.000000 0.000000
    73 -0.000002 1.000000 0.000009 0.000000 0.000000 0.000000
    74 0.000000 0.000000 0.000000 0.000000 0.000000 0.000000
    75 0.000000 0.000000 0.000000 0.000000 0.000000 0.000000
    76 0.000000 0.000000 0.000000 0.000000 0.000000 0.000000
time 9
    0 1.566449 8.716181 32.062500 1.152496 -0.102796 -0.651753
    1 0.000000 3.591042 -0.015921 1.540172 -0.104391 1.565272
    2 3.548302 0.000000 0.000000 0.022846 -0.053936 0.056218
    3 3.284046 0.000001 0.000000 0.005187 -0.072828 0.125928
    4 5.062389 -0.000001 0.000000 0.036643 -0.073803 0.428060
    5 3.610073 1.295546 -1.332000 2.173242 1.492389 0.538307
    6 4.890536 0.000004 0.000000 2.589720 1.160170 0.693612
    7 9.685764 0.000000 -0.000004 0.000000 0.000000 -0.492443
    8 3.610065 1.295545 1.332000 -0.822862 -1.249919 -0.928372
    9 4.890535 0.000000 -0.000001 -2.336566 -0.782630 0.068987
    10 9.685764 0.000000 0.000000 0.000000 0.000000 -0.331978
    11 9.256790 -0.000007 -0.000023 2.097721 0.100297 0.121929
    12 -3.219585 0.000000 0.000000 -1.513499 -0.278941 -1.624271
    13 9.256779 -0.000004 0.000011 -1.799648 -0.068266 -0.169689
    14 16.283249 0.000000 0.000000 0.000000 0.000000 0.395001
    15 4.753334 0.000000 0.000000 2.951772 -0.158320 0.588238
    16 3.962090 0.000000 0.000000 -0.104476 -0.161280 0.157930
    17 16.291077 0.000000 0.000000 0.000000 0.000000 0.740194
    18 14.875347 0.000000 0.000000 0.010331 -0.143257 -0.956360
    19 5.277816 0.000000 0.000001 -0.111793 0.023848 -0.581052
    20 3.219585 0.000000 0.000000 -1.914301 -0.051124 -1.305282
    21 16.283253 0.000000 0.000000 0.000000 0.000000 0.439828
    22 16.291080 0.000000 0.000001 0.000000 0.000000 0.828670
    23 14.875350 0.000000 0.000000 -0.258551 0.132910 -1.153578
    24 5.277817 0.000000 0.000000 0.020201 -0.027678 -0.593540
    25 2.660156 0.004799 -1.311523 0.204923 0.143299 -0.226648
    26 1.340820 0.000000 0.000000 0.011404 0.016672 -0.599950
    27 0.717773 -0.000002 -0.000001 -0.054473 -0.175380 -0.302889
    28 2.933594 0.180298 -0.485352 0.197828 0.103894 -0.292786
    29 1.604492 0.000002 0.000000 -0.051969 -0.088374 -0.532552
    30 0.857929 0.000002 0.000000 0.002415 0.009757 -0.242679
    31 3.169922 0.097046 0.363525 0.187209 0.067909 -0.258128
    32 1.909180 0.000001 0.000000 -0.042077 -0.053977 -0.662652
    33 1.023438 -0.000002 0.000000 0.001897 0.012019 -0.156562
    34 3.269531 -0.140869 1.259766 0.180672 0.034142 -0.204037
    35 1.509766 -0.000001 -0.000001 0.051327 0.064037 -0.676424
    36 0.883299 -0.000002 0.000000 0.001277 0.038560 -0.033101
    37 0.948242 -1.142578 0.871582 1.693884 -0.344469 -0.124089
    38 1.629883 -0.000001 0.000001 0.000014 -0.188062 -0.185216
    39 1.085938 0.000000 -0.000002 0.000000 -0.040646 0.196333
    40 4.976479 0.000000 0.000004 0.218928 0.000000 0.000000
    41 9.952959 0.000000 0.000006 0.432047 0.000000 0.000000
    42 9.877266 0.000000 0.000002 0.000000 0.000000 -0.264061
    43 2.660156 0.000057 1.311523 -0.201327 -0.143306 -0.226689
    44 1.340820 0.000002 0.000001 -0.011404 -0.016672 -0.599950
    45 0.717773 0.000002 -0.000002 0.054473 0.175380 -0.302889
    46 2.935547 0.178589 0.486084 -0.194226 -0.103877 -0.292835
    47 1.604492 0.000001 0.000000 0.051969 0.088374 -0.532552
    48 0.857933 -0.000001 0.000000 -0.002415 -0.009757 -0.242679
    49 3.169922 0.098328 -0.363281 -0.183626 -0.067869 -0.258123
    50 1.909180 0.000000 0.000000 0.042077 0.053977 -0.662652
    51 1.023438 0.000001 0.000000 -0.001897 -0.012019 -0.156562
    52 3.271484 -0.136353 -1.259766 -0.177006 -0.034199 -0.204061
    53 1.509766 0.000003 0.000000 -0.051327 -0.064037 -0.676425
    54 0.883297 0.000000 0.000000 -0.001277 -0.038560 -0.033101
    55 0.948242 -1.139648 -0.875977 -1.690135 0.344972 -0.122837
    56 1.629883 0.000001 -0.000002 -0.000014 0.188062 -0.185216
    57 1.085938 0.000000 0.000002 0.000000 0.040646 0.196333
    58 9.952957 -0.000001 -0.000004 -0.151214 0.000000 0.000000
    59 4.976482 0.000000 -0.000002 -0.078663 0.000000 0.000000
    60 9.877266 0.000000 0.000000 0.000000 0.000000 -0.344589
    61 7.023271 -6.880002 4.339546 2.620672 -1.456011 -1.105365
    62 3.813801 -3.870655 0.998562 1.570796 -1.069638 0.199892
    63 0.000000 -0.000007 -0.000031 1.373047 0.113574 0.124314
    64 0.000000 -0.000007 -0.000031 1.373047 0.113574 0.124314
    65 2.685547 -1.180664 0.106812 1.364989 -0.517251 2.629313
    66 2.535156 -1.363281 -0.864258 -1.501147 -0.272558 -1.578261
    67 0.000000 0.000000 10.000000 0.000000 0.000000 0.000000
    68 0.018898 0.665159 9.395884 0.000000 0.000000 0.000000
    69 2.000000 -3.000000 0.000000 -1.570796 0.000000 -1.326450
    70 3.028210 -0.923409 -2.009451 1.574082 -0.012974 1.587243
    71 0.116953 4.311606 0.061859 0.000010 -0.000001 0.000000
    72 0.000000 -0.000002 0.000000 0.000000 0.000000 0.000000
    73 -0.000002 1.000000 0.000009 0.000000 0.000000 0.000000
    74 0.000000 0.000000 0.000000 0.000000 0.000000 0.000000
    75 0.000000 0.000000 0.000000 0.000000 0.000000 0.000000
    76 0.000000 0.000000 0.000000 0.000000 0.000000 0.000000
time 10
    0 1.972638 9.670216 31.484375 1.144097 -0.146168 -0.712903
    1 0.000000 3.591042 -0.015921 1.541726 -0.108043 1.551226
    2 3.548302 0.000000 0.000000 0.024678 -0.060601 0.046588
    3 3.284046 0.000001 0.000000 0.008271 -0.075980 0.114646
    4 5.062389 -0.000001 0.000000 0.041143 -0.073091 0.405751
    5 3.610073 1.295546 -1.332000 1.860569 1.468931 0.222773
    6 4.890536 0.000004 0.000000 2.777034 1.168628 0.770449
    7 9.685764 0.000000 -0.000004 0.000000 0.000000 -0.544782
    8 3.610065 1.295545 1.332000 -0.857032 -1.238219 -0.897969
    9 4.890535 0.000000 -0.000001 -2.399653 -0.774554 0.069130
    10 9.685764 0.000000 0.000000 0.000000 0.000000 -0.411742
    11 9.256790 -0.000007 -0.000023 2.044120 0.124490 0.104497
    12 -3.219585 0.000000 0.000000 -1.438456 -0.366240 -1.664838
    13 9.256779 -0.000004 0.000011 -1.787035 -0.070140 -0.184364
    14 16.283249 0.000000 0.000000 0.000000 0.000000 0.434257
    15 4.753334 0.000000 0.000000 2.942838 -0.211865 0.578148
    16 3.962090 0.000000 0.000000 -0.089221 -0.142950 0.157884
    17 16.291077 0.000000 0.000000 0.000000 0.000000 0.817649
    18 14.875347 0.000000 0.000000 0.042583 -0.202084 -0.868650
    19 5.277816 0.000000 0.000001 -0.111740 0.023810 -0.604550
    20 3.219585 0.000000 0.000000 -1.934819 -0.020592 -1.331528
    21 16.283253 0.000000 0.000000 0.000000 0.000000 0.426128
    22 16.291080 0.000000 0.000001 0.000000 0.000000 0.801589
    23 14.875350 0.000000 0.000000 -0.254157 0.129380 -1.230061
    24 5.277817 0.000000 0.000000 0.020266 -0.027707 -0.570200
    25 2.660156 0.004799 -1.311523 0.204923 0.143299 -0.226648
    26 1.340820 0.000000 0.000000 0.011404 0.016672 -0.599950
    27 0.717773 -0.000002 -0.000001 -0.054473 -0.175380 -0.302889
    28 2.933594 0.180298 -0.485352 0.197828 0.103894 -0.292786
    29 1.604492 0.000002 0.000000 -0.051969 -0.088374 -0.532552
    30 0.857929 0.000002 0.000000 0.002415 0.009757 -0.242679
    31 3.169922 0.097046 0.363525 0.187209 0.067909 -0.258128
    32 1.909180 0.000001 0.000000 -0.042077 -0.053977 -0.662652
    33 1.023438 -0.000002 0.000000 0.001897 0.012019 -0.156562
    34 3.269531 -0.140869 1.259766 0.180672 0.034142 -0.204037
    35 1.509766 -0.000001 -0.000001 0.051327 0.064037 -0.676424
    36 0.883299 -0.000002 0.000000 0.001277 0.038560 -0.033101
    37 0.948242 -1.142578 0.871582 1.693884 -0.344469 -0.124089
    38 1.629883 -0.000001 0.000001 0.000014 -0.188062 -0.185216
    39 1.085938 0.000000 -0.000002 0.000000 -0.040646 0.196333
    40 4.976479 0.000000 0.000004 0.188469 0.000000 0.000000
    41 9.952959 0.000000 0.000006 0.369765 0.000000 0.000000
    42 9.877266 0.000000 0.000002 0.000000 0.000000 -0.304001
    43 2.660156 0.000057 1.311523 -0.201327 -0.143306 -0.226689
    44 1.340820 0.000002 0.000001 -0.011404 -0.016672 -0.599950
    45 0.717773 0.000002 -0.000002 0.054473 0.175380 -0.302889
    46 2.935547 0.178589 0.486084 -0.194226 -0.103877 -0.292835
    47 1.604492 0.000001 0.000000 0.051969 0.088374 -0.532552
    48 0.857933 -0.000001 0.000000 -0.002415 -0.009757 -0.242679
    49 3.169922 0.098328 -0.363281 -0.183626 -0.067869 -0.258123
    50 1.909180 0.000000 0.000000 0.042077 0.053977 -0.662652
    51 1.023438 0.000001 0.000000 -0.001897 -0.012019 -0.156562
    52 3.271484 -0.136353 -1.259766 -0.177006 -0.034199 -0.204061
    53 1.509766 0.000003 0.000000 -0.051327 -0.064037 -0.676425
    54 0.883297 0.000000 0.000000 -0.001277 -0.038560 -0.033101
    55 0.948242 -1.139648 -0.875977 -1.690135 0.344972 -0.122837
    56 1.629883 0.000001 -0.000002 -0.000014 0.188062 -0.185216
    57 1.085938 0.000000 0.000002 0.000000 0.040646 0.196333
    58 9.952957 -0.000001 -0.000004 -0.139443 0.000000 0.000000
    59 4.976482 0.000000 -0.000002 -0.072702 0.000000 0.000000
    60 9.877266 0.000000 0.000000 0.000000 0.000000 -0.370995
    61 7.023271 -6.880002 4.339546 2.620672 -1.456011 -1.105365
    62 3.813801 -3.870655 0.998562 1.570796 -1.069638 0.199892
    63 0.000000 -0.000007 -0.000031 1.373047 0.113574 0.124314
    64 0.000000 -0.000007 -0.000031 1.373047 0.113574 0.124314
    65 2.685547 -1.180664 0.106812 1.364989 -0.517251 2.629313
    66 2.535156 -1.363281 -0.864258 -1.501147 -0.272558 -1.578261
    67 0.000000 0.000000 10.000000 0.000000 0.000000 0.000000
    68 0.018898 0.665159 9.395884 0.000000 0.000000 0.000000
    69 2.000000 -3.000000 0.000000 -1.570796 0.000000 -1.326450
    70 3.028210 -0.923409 -2.009451 1.574082 -0.012974 1.587243
    71 0.116953 4.311606 0.061859 0.000010 -0.000001 0.000000
    72 0.000000 -0.000002 0.000000 0.000000 0.000000 0.000000
    73 -0.000002 1.000000 0.000009 0.000000 0.000000 0.000000
    74 0.000000 0.000000 0.000000 0.000000 0.000000 0.000000
    75 0.000000 0.000000 0.000000 0.000000 0.000000 0.000000
    76 0.000000 0.000000 0.000000 0.000000 0.000000 0.000000
time 11
    0 2.363124 10.709039 30.531250 1.134564 -0.190536 -0.771953
    1 0.000000 3.591042 -0.015921 1.540254 -0.113796 1.542020
    2 3.548302 0.000000 0.000000 0.025098 -0.070348 0.038079
    3 3.284046 0.000001 0.000000 0.009420 -0.083598 0.105671
    4 5.062389 -0.000001 0.000000 0.042722 -0.082257 0.388562
    5 3.610073 1.295546 -1.332000 1.776158 1.460361 0.138536
    6 4.890536 0.000004 0.000000 2.951236 1.176700 0.834043
    7 9.685764 0.000000 -0.000004 0.000000 0.000000 -0.611883
    8 3.610065 1.295545 1.332000 -0.882270 -1.226732 -0.871216
    9 4.890535 0.000000 -0.000001 -2.409461 -0.753234 0.060303
    10 9.685764 0.000000 0.000000 0.000000 0.000000 -0.533587
    11 9.256790 -0.000007 -0.000023 1.920719 0.132734 0.077299
    12 -3.219585 0.000000 0.000000 -1.332237 -0.437292 -1.711349
    13 9.256779 -0.000004 0.000011 -1.734577 -0.074306 -0.177348
    14 16.283249 0.000000 0.000000 0.000000 0.000000 0.455587
    15 4.753334 0.000000 0.000000 2.923040 -0.275537 0.564940
    16 3.962090 0.000000 0.000000 -0.085796 -0.130368 0.173611
    17 16.291077 0.000000 0.000000 0.000000 0.000000 0.859709
    18 14.875347 0.000000 0.000000 0.135133 -0.237580 -0.769146
    19 5.277816 0.000000 0.000001 -0.111833 0.023826 -0.579519
    20 3.219585 0.000000 0.000000 -2.025215 -0.017335 -1.324216
    21 16.283253 0.000000 0.000000 0.000000 0.000000 0.443632
    22 16.291080 0.000000 0.000001 0.000000 0.000000 0.836220
    23 14.875350 0.000000 0.000000 -0.218150 0.116516 -1.311433
    24 5.277817 0.000000 0.000000 0.020228 -0.027653 -0.482388
    25 2.660156 0.004799 -1.311523 0.204923 0.143299 -0.226648
    26 1.340820 0.000000 0.000000 0.011404 0.016672 -0.599950
    27 0.717773 -0.000002 -0.000001 -0.054473 -0.175380 -0.302889
    28 2.933594 0.180298 -0.485352 0.197828 0.103894 -0.292786
    29 1.604492 0.000002 0.000000 -0.051969 -0.088374 -0.532552
    30 0.857929 0.000002 0.000000 0.002415 0.009757 -0.242679
    31 3.169922 0.097046 0.363525 0.187209 0.067909 -0.258128
    32 1.909180 0.000001 0.000000 -0.042077 -0.053977 -0.662652
    33 1.023438 -0.000002 0.000000 0.001897 0.012019 -0.156562
    34 3.269531 -0.140869 1.259766 0.180672 0.034142 -0.204037
    35 1.509766 -0.000001 -0.000001 0.051327 0.064037 -0.676424
    36 0.883299 -0.000002 0.000000 0.001277 0.038560 -0.033101
    37 0.948242 -1.142578 0.871582 1.693884 -0.344469 -0.124089
    38 1.629883 -0.000001 0.000001 0.000014 -0.188062 -0.185216
    39 1.085938 0.000000 -0.000002 0.000000 -0.040646 0.196333
    40 4.976479 0.000000 0.000004 0.128022 0.000000 0.000000
    41 9.952959 0.000000 0.000006 0.248220 0.000000 0.000000
    42 9.877266 0.000000 0.000002 0.000000 0.000000 -0.365375
    43 2.660156 0.000057 1.311523 -0.201327 -0.143306 -0.226689
    44 1.340820 0.000002 0.000001 -0.011404 -0.016672 -0.599950
    45 0.717773 0.000002 -0.000002 0.054473 0.175380 -0.302889
    46 2.935547 0.178589 0.486084 -0.194226 -0.103877 -0.292835
    47 1.604492 0.000001 0.000000 0.051969 0.088374 -0.532552
    48 0.857933 -0.000001 0.000000 -0.002415 -0.009757 -0.242679
    49 3.169922 0.098328 -0.363281 -0.183626 -0.067869 -0.258123
    50 1.909180 0.000000 0.000000 0.042077 0.053977 -0.662652
    51 1.023438 0.000001 0.000000 -0.001897 -0.012019 -0.156562
    52 3.271484 -0.136353 -1.259766 -0.177006 -0.034199 -0.204061
    53 1.509766 0.000003 0.000000 -0.051327 -0.064037 -0.676425
    54 0.883297 0.000000 0.000000 -0.001277 -0.038560 -0.033101
    55 0.948242 -1.139648 -0.875977 -1.690135 0.344972 -0.122837
    56 1.629883 0.000001 -0.000002 -0.000014 0.188062 -0.185216
    57 1.085938 0.000000 0.000002 0.000000 0.040646 0.196333
    58 9.952957 -0.000001 -0.000004 -0.087822 0.000000 0.000000
    59 4.976482 0.000000 -0.000002 -0.046102 0.000000 0.000000
    60 9.877266 0.000000 0.000000 0.000000 0.000000 -0.404866
    61 7.023271 -6.880002 4.339546 2.620672 -1.456011 -1.105365
    62 3.813801 -3.870655 0.998562 1.570796 -1.069638 0.199892
    63 0.000000 -0.000007 -0.000031 1.373047 0.113574 0.124314
    64 0.000000 -0.000007 -0.000031 1.373047 0.113574 0.124314
    65 2.685547 -1.180664 0.106812 1.364989 -0.517251 2.629313
    66 2.535156 -1.363281 -0.864258 -1.501147 -0.272558 -1.578261
    67 0.000000 0.000000 10.000000 0.000000 0.000000 0.000000
    68 0.018898 0.665159 9.395884 0.000000 0.000000 0.000000
    69 2.000000 -3.000000 0.000000 -1.570796 0.000000 -1.326450
    70 3.028210 -0.923409 -2.009451 1.574082 -0.012974 1.587243
    71 0.116953 4.311606 0.061859 0.000010 -0.000001 0.000000
    72 0.000000 -0.000002 0.000000 0.000000 0.000000 0.000000
    73 -0.000002 1.000000 0.000009 0.000000 0.000000 0.000000
    74 0.000000 0.000000 0.000000 0.000000 0.000000 0.000000
    75 0.000000 0.000000 0.000000 0.000000 0.000000 0.000000
    76 0.000000 0.000000 0.000000 0.000000 0.000000 0.000000
time 12
    0 2.711539 11.824837 29.437500 1.121004 -0.230552 -0.824072
    1 0.000000 3.591042 -0.015921 1.540472 -0.120812 1.534154
    2 3.548302 0.000000 0.000000 0.023415 -0.076398 0.033924
    3 3.284046 0.000001 0.000000 0.008251 -0.090254 0.100776
    4 5.062389 -0.000001 0.000000 0.038565 -0.094034 0.376351
    5 3.610073 1.295546 -1.332000 1.773661 1.457888 0.138766
    6 4.890536 0.000004 0.000000 3.099355 1.182005 0.884032
    7 9.685764 0.000000 -0.000004 0.000000 0.000000 -0.684193
    8 3.610065 1.295545 1.332000 -0.866105 -1.227679 -0.885056
    9 4.890535 0.000000 -0.000001 -2.425647 -0.744041 0.055454
    10 9.685764 0.000000 0.000000 0.000000 0.000000 -0.652119
    11 9.256790 -0.000007 -0.000023 1.800471 0.129110 0.033939
    12 -3.219585 0.000000 0.000000 -1.202358 -0.483282 -1.755804
    13 9.256779 -0.000004 0.000011 -1.675019 -0.085135 -0.158537
    14 16.283249 0.000000 0.000000 0.000000 0.000000 0.466494
    15 4.753334 0.000000 0.000000 2.891668 -0.329525 0.534820
    16 3.962090 0.000000 0.000000 -0.093830 -0.113296 0.189437
    17 16.291077 0.000000 0.000000 0.000000 0.000000 0.881320
    18 14.875347 0.000000 0.000000 0.221557 -0.266906 -0.739366
    19 5.277816 0.000000 0.000001 -0.111796 0.023832 -0.506288
    20 3.219585 0.000000 0.000000 -2.089455 -0.039068 -1.299634
    21 16.283253 0.000000 0.000000 0.000000 0.000000 0.480703
    22 16.291080 0.000000 0.000001 0.000000 0.000000 0.909379
    23 14.875350 0.000000 0.000000 -0.205764 0.093142 -1.360445
    24 5.277817 0.000000 0.000000 0.020251 -0.027707 -0.422763
    25 2.660156 0.004799 -1.311523 0.204923 0.143299 -0.226648
    26 1.340820 0.000000 0.000000 0.011404 0.016672 -0.599950
    27 0.717773 -0.000002 -0.000001 -0.054473 -0.175380 -0.302889
    28 2.933594 0.180298 -0.485352 0.197828 0.103894 -0.292786
    29 1.604492 0.000002 0.000000 -0.051969 -0.088374 -0.532552
    30 0.857929 0.000002 0.000000 0.002415 0.009757 -0.242679
    31 3.169922 0.097046 0.363525 0.187209 0.067909 -0.258128
    32 1.909180 0.000001 0.000000 -0.042077 -0.053977 -0.662652
    33 1.023438 -0.000002 0.000000 0.001897 0.012019 -0.156562
    34 3.269531 -0.140869 1.259766 0.180672 0.034142 -0.204037
    35 1.509766 -0.000001 -0.000001 0.051327 0.064037 -0.676424
    36 0.883299 -0.000002 0.000000 0.001277 0.038560 -0.033101
    37 0.948242 -1.142578 0.871582 1.693884 -0.344469 -0.124089
    38 1.629883 -0.000001 0.000001 0.000014 -0.188062 -0.185216
    39 1.085938 0.000000 -0.000002 0.000000 -0.040646 0.196333
    40 4.976479 0.000000 0.000004 0.073134 0.000000 0.000000
    41 9.952959 0.000000 0.000006 0.140049 0.000000 0.000000
    42 9.877266 0.000000 0.000002 0.000000 0.000000 -0.425245
    43 2.660156 0.000057 1.311523 -0.201327 -0.143306 -0.226689
    44 1.340820 0.000002 0.000001 -0.011404 -0.016672 -0.599950
    45 0.717773 0.000002 -0.000002 0.054473 0.175380 -0.302889
    46 2.935547 0.178589 0.486084 -0.194226 -0.103877 -0.292835
    47 1.604492 0.000001 0.000000 0.051969 0.088374 -0.532552
    48 0.857933 -0.000001 0.000000 -0.002415 -0.009757 -0.242679
    49 3.169922 0.098328 -0.363281 -0.183626 -0.067869 -0.258123
    50 1.909180 0.000000 0.000000 0.042077 0.053977 -0.662652
    51 1.023438 0.000001 0.000000 -0.001897 -0.012019 -0.156562
    52 3.271484 -0.136353 -1.259766 -0.177006 -0.034199 -0.204061
    53 1.509766 0.000003 0.000000 -0.051327 -0.064037 -0.676425
    54 0.883297 0.000000 0.000000 -0.001277 -0.038560 -0.033101
    55 0.948242 -1.139648 -0.875977 -1.690135 0.344972 -0.122837
    56 1.629883 0.000001 -0.000002 -0.000014 0.188062 -0.185216
    57 1.085938 0.000000 0.000002 0.000000 0.040646 0.196333
    58 9.952957 -0.000001 -0.000004 -0.030906 0.000000 0.000000
    59 4.976482 0.000000 -0.000002 -0.016316 0.000000 0.000000
    60 9.877266 0.000000 0.000000 0.000000 0.000000 -0.441420
    61 7.023271 -6.880002 4.339546 2.620672 -1.456011 -1.105365
    62 3.813801 -3.870655 0.998562 1.570796 -1.069638 0.199892
    63 0.000000 -0.000007 -0.000031 1.373047 0.113574 0.124314
    64 0.000000 -0.000007 -0.000031 1.373047 0.113574 0.124314
    65 2.685547 -1.180664 0.106812 1.364989 -0.517251 2.629313
    66 2.535156 -1.363281 -0.864258 -1.501147 -0.272558 -1.578261
    67 0.000000 0.000000 10.000000 0.000000 0.000000 0.000000
    68 0.018898 0.665159 9.395884 0.000000 0.000000 0.000000
    69 2.000000 -3.000000 0.000000 -1.570796 0.000000 -1.326450
    70 3.028210 -0.923409 -2.009451 1.574082 -0.012974 1.587243
    71 0.116953 4.311606 0.061859 0.000010 -0.000001 0.000000
    72 0.000000 -0.000002 0.000000 0.000000 0.000000 0.000000
    73 -0.000002 1.000000 0.000009 0.000000 0.000000 0.000000
    74 0.000000 0.000000 0.000000 0.000000 0.000000 0.000000
    75 0.000000 0.000000 0.000000 0.000000 0.000000 0.000000
    76 0.000000 0.000000 0.000000 0.000000 0.000000 0.000000
time 13
    0 2.950989 13.033235 28.234375 1.099606 -0.259799 -0.871520
    1 0.000000 3.591042 -0.015921 1.545918 -0.127679 1.528992
    2 3.548302 0.000000 0.000000 0.021823 -0.078961 0.033785
    3 3.284046 0.000001 0.000000 0.006595 -0.089473 0.099986
    4 5.062389 -0.000001 0.000000 0.032824 -0.096764 0.371215
    5 3.610073 1.295546 -1.332000 1.917730 1.461064 0.286024
    6 4.890536 0.000004 0.000000 -3.112085 1.180365 0.896624
    7 9.685764 0.000000 -0.000004 0.000000 0.000000 -0.749833
    8 3.610065 1.295545 1.332000 -0.790370 -1.255071 -0.960645
    9 4.890535 0.000000 -0.000001 -2.442541 -0.756854 0.061921
    10 9.685764 0.000000 0.000000 0.000000 0.000000 -0.748905
    11 9.256790 -0.000007 -0.000023 1.697072 0.100781 -0.007770
    12 -3.219585 0.000000 0.000000 -1.074965 -0.502641 -1.778629
    13 9.256779 -0.000004 0.000011 -1.615735 -0.076416 -0.168288
    14 16.283249 0.000000 0.000000 0.000000 0.000000 0.477770
    15 4.753334 0.000000 0.000000 2.869537 -0.370473 0.509086
    16 3.962090 0.000000 0.000000 -0.104807 -0.107371 0.214388
    17 16.291077 0.000000 0.000000 0.000000 0.000000 0.903618
    18 14.875347 0.000000 0.000000 0.235706 -0.302734 -0.784138
    19 5.277816 0.000000 0.000001 -0.111814 0.023804 -0.537247
    20 3.219585 0.000000 0.000000 -2.107248 -0.085396 -1.244044
    21 16.283253 0.000000 0.000000 0.000000 0.000000 0.539495
    22 16.291080 0.000000 0.000001 0.000000 0.000000 1.025634
    23 14.875350 0.000000 0.000000 -0.236325 0.093869 -1.336961
    24 5.277817 0.000000 0.000000 0.020287 -0.027691 -0.436283
    25 2.660156 0.004799 -1.311523 0.204923 0.143299 -0.226648
    26 1.340820 0.000000 0.000000 0.011404 0.016672 -0.599950
    27 0.717773 -0.000002 -0.000001 -0.054473 -0.175380 -0.302889
    28 2.933594 0.180298 -0.485352 0.197828 0.103894 -0.292786
    29 1.604492 0.000002 0.000000 -0.051969 -0.088374 -0.532552
    30 0.857929 0.000002 0.000000 0.002415 0.009757 -0.242679
    31 3.169922 0.097046 0.363525 0.187209 0.067909 -0.258128
    32 1.909180 0.000001 0.000000 -0.042077 -0.053977 -0.662652
    33 1.023438 -0.000002 0.000000 0.001897 0.012019 -0.156562
    34 3.269531 -0.140869 1.259766 0.180672 0.034142 -0.204037
    35 1.509766 -0.000001 -0.000001 0.051327 0.064037 -0.676424
    36 0.883299 -0.000002 0.000000 0.001277 0.038560 -0.033101
    37 0.948242 -1.142578 0.871582 1.693884 -0.344469 -0.124089
    38 1.629883 -0.000001 0.000001 0.000014 -0.188062 -0.185216
    39 1.085938 0.000000 -0.000002 0.000000 -0.040646 0.196333
    40 4.976479 0.000000 0.000004 0.027539 0.000000 0.000000
    41 9.952959 0.000000 0.000006 0.052147 0.000000 0.000000
    42 9.877266 0.000000 0.000002 0.000000 0.000000 -0.474217
    43 2.660156 0.000057 1.311523 -0.201327 -0.143306 -0.226689
    44 1.340820 0.000002 0.000001 -0.011404 -0.016672 -0.599950
    45 0.717773 0.000002 -0.000002 0.054473 0.175380 -0.302889
    46 2.935547 0.178589 0.486084 -0.194226 -0.103877 -0.292835
    47 1.604492 0.000001 0.000000 0.051969 0.088374 -0.532552
    48 0.857933 -0.000001 0.000000 -0.002415 -0.009757 -0.242679
    49 3.169922 0.098328 -0.363281 -0.183626 -0.067869 -0.258123
    50 1.909180 0.000000 0.000000 0.042077 0.053977 -0.662652
    51 1.023438 0.000001 0.000000 -0.001897 -0.012019 -0.156562
    52 3.271484 -0.136353 -1.259766 -0.177006 -0.034199 -0.204061
    53 1.509766 0.000003 0.000000 -0.051327 -0.064037 -0.676425
    54 0.883297 0.000000 0.000000 -0.001277 -0.038560 -0.033101
    55 0.948242 -1.139648 -0.875977 -1.690135 0.344972 -0.122837
    56 1.629883 0.000001 -0.000002 -0.000014 0.188062 -0.185216
    57 1.085938 0.000000 0.000002 0.000000 0.040646 0.196333
    58 9.952957 -0.000001 -0.000004 0.024517 0.000000 0.000000
    59 4.976482 0.000000 -0.000002 0.013035 0.000000 0.000000
    60 9.877266 0.000000 0.000000 0.000000 0.000000 -0.474750
    61 7.023271 -6.880002 4.339546 2.620672 -1.456011 -1.105365
    62 3.813801 -3.870655 0.998562 1.570796 -1.069638 0.199892
    63 0.000000 -0.000007 -0.000031 1.373047 0.113574 0.124314
    64 0.000000 -0.000007 -0.000031 1.373047 0.113574 0.124314
    65 2.685547 -1.180664 0.106812 1.364989 -0.517251 2.629313
    66 2.535156 -1.363281 -0.864258 -1.501147 -0.272558 -1.578261
    67 0.000000 0.000000 10.000000 0.000000 0.000000 0.000000
    68 0.018898 0.665159 9.395884 0.000000 0.000000 0.000000
    69 2.000000 -3.000000 0.000000 -1.570796 0.000000 -1.326450
    70 3.028210 -0.923409 -2.009451 1.574082 -0.012974 1.587243
    71 0.116953 4.311606 0.061859 0.000010 -0.000001 0.000000
    72 0.000000 -0.000002 0.000000 0.000000 0.000000 0.000000
    73 -0.000002 1.000000 0.000009 0.000000 0.000000 0.000000
    74 0.000000 0.000000 0.000000 0.000000 0.000000 0.000000
    75 0.000000 0.000000 0.000000 0.000000 0.000000 0.000000
    76 0.000000 0.000000 0.000000 0.000000 0.000000 0.000000
time 14
    0 3.105888 14.322515 26.921875 1.080737 -0.291685 -0.926967
    1 0.000000 3.591042 -0.015921 1.550680 -0.129299 1.524522
    2 3.548302 0.000000 0.000000 0.023027 -0.081761 0.034918
    3 3.284046 0.000001 0.000000 0.009796 -0.089375 0.100103
    4 5.062389 -0.000001 0.000000 0.035441 -0.097663 0.369945
    5 3.610073 1.295546 -1.332000 2.176689 1.482456 0.544321
    6 4.890536 0.000004 0.000000 -3.052166 1.191782 0.926849
    7 9.685764 0.000000 -0.000004 0.000000 0.000000 -0.795218
    8 3.610065 1.295545 1.332000 -0.645098 -1.291757 -1.109865
    9 4.890535 0.000000 -0.000001 -2.449834 -0.781958 0.073732
    10 9.685764 0.000000 0.000000 0.000000 0.000000 -0.829047
    11 9.256790 -0.000007 -0.000023 1.633203 0.100754 -0.025349
    12 -3.219585 0.000000 0.000000 -0.967821 -0.521988 -1.789488
    13 9.256779 -0.000004 0.000011 -1.542141 -0.070734 -0.180604
    14 16.283249 0.000000 0.000000 0.000000 0.000000 0.507857
    15 4.753334 0.000000 0.000000 2.869890 -0.388409 0.473046
    16 3.962090 0.000000 0.000000 -0.112247 -0.104865 0.233140
    17 16.291077 0.000000 0.000000 0.000000 0.000000 0.963067
    18 14.875347 0.000000 0.000000 0.254039 -0.273071 -0.852050
    19 5.277816 0.000000 0.000001 -0.111817 0.023794 -0.537426
    20 3.219585 0.000000 0.000000 -2.145363 -0.114910 -1.168231
    21 16.283253 0.000000 0.000000 0.000000 0.000000 0.590825
    22 16.291080 0.000000 0.000001 0.000000 0.000000 1.127598
    23 14.875350 0.000000 0.000000 -0.264408 0.123552 -1.295647
    24 5.277817 0.000000 0.000000 0.020220 -0.027669 -0.454340
    25 2.660156 0.004799 -1.311523 0.204923 0.143299 -0.226648
    26 1.340820 0.000000 0.000000 0.011404 0.016672 -0.599950
    27 0.717773 -0.000002 -0.000001 -0.054473 -0.175380 -0.302889
    28 2.933594 0.180298 -0.485352 0.197828 0.103894 -0.292786
    29 1.604492 0.000002 0.000000 -0.051969 -0.088374 -0.532552
    30 0.857929 0.000002 0.000000 0.002415 0.009757 -0.242679
    31 3.169922 0.097046 0.363525 0.187209 0.067909 -0.258128
    32 1.909180 0.000001 0.000000 -0.042077 -0.053977 -0.662652
    33 1.023438 -0.000002 0.000000 0.001897 0.012019 -0.156562
    34 3.269531 -0.140869 1.259766 0.180672 0.034142 -0.204037
    35 1.509766 -0.000001 -0.000001 0.051327 0.064037 -0.676424
    36 0.883299 -0.000002 0.000000 0.001277 0.038560 -0.033101
    37 0.948242 -1.142578 0.871582 1.693884 -0.344469 -0.124089
    38 1.629883 -0.000001 0.000001 0.000014 -0.188062 -0.185216
    39 1.085938 0.000000 -0.000002 0.000000 -0.040646 0.196333
    40 4.976479 0.000000 0.000004 -0.001813 0.000000 0.000000
    41 9.952959 0.000000 0.000006 -0.003539 0.000000 0.000000
    42 9.877266 0.000000 0.000002 0.000000 0.000000 -0.514817
    43 2.660156 0.000057 1.311523 -0.201327 -0.143306 -0.226689
    44 1.340820 0.000002 0.000001 -0.011404 -0.016672 -0.599950
    45 0.717773 0.000002 -0.000002 0.054473 0.175380 -0.302889
    46 2.935547 0.178589 0.486084 -0.194226 -0.103877 -0.292835
    47 1.604492 0.000001 0.000000 0.051969 0.088374 -0.532552
    48 0.857933 -0.000001 0.000000 -0.002415 -0.009757 -0.242679
    49 3.169922 0.098328 -0.363281 -0.183626 -0.067869 -0.258123
    50 1.909180 0.000000 0.000000 0.042077 0.053977 -0.662652
    51 1.023438 0.000001 0.000000 -0.001897 -0.012019 -0.156562
    52 3.271484 -0.136353 -1.259766 -0.177006 -0.034199 -0.204061
    53 1.509766 0.000003 0.000000 -0.051327 -0.064037 -0.676425
    54 0.883297 0.000000 0.000000 -0.001277 -0.038560 -0.033101
    55 0.948242 -1.139648 -0.875977 -1.690135 0.344972 -0.122837
    56 1.629883 0.000001 -0.000002 -0.000014 0.188062 -0.185216
    57 1.085938 0.000000 0.000002 0.000000 0.040646 0.196333
    58 9.952957 -0.000001 -0.000004 0.077454 0.000000 0.000000
    59 4.976482 0.000000 -0.000002 0.041526 0.000000 0.000000
    60 9.877266 0.000000 0.000000 0.000000 0.000000 -0.497697
    61 7.023271 -6.880002 4.339546 2.620672 -1.456011 -1.105365
    62 3.813801 -3.870655 0.998562 1.570796 -1.069638 0.199892
    63 0.000000 -0.000007 -0.000031 1.373047 0.113574 0.124314
    64 0.000000 -0.000007 -0.000031 1.373047 0.113574 0.124314
    65 2.685547 -1.180664 0.106812 1.364989 -0.517251 2.629313
    66 2.535156 -1.363281 -0.864258 -1.501147 -0.272558 -1.578261
    67 0.000000 0.000000 10.000000 0.000000 0.000000 0.000000
    68 0.018898 0.665159 9.395884 0.000000 0.000000 0.000000
    69 2.000000 -3.000000 0.000000 -1.570796 0.000000 -1.326450
    70 3.028210 -0.923409 -2.009451 1.574082 -0.012974 1.587243
    71 0.116953 4.311606 0.061859 0.000010 -0.000001 0.000000
    72 0.000000 -0.000002 0.000000 0.000000 0.000000 0.000000
    73 -0.000002 1.000000 0.000009 0.000000 0.000000 0.000000
    74 0.000000 0.000000 0.000000 0.000000 0.000000 0.000000
    75 0.000000 0.000000 0.000000 0.000000 0.000000 0.000000
    76 0.000000 0.000000 0.000000 0.000000 0.000000 0.000000
time 15
    0 3.193815 15.688770 25.515625 1.061027 -0.330335 -0.983642
    1 0.000000 3.591042 -0.015921 1.549483 -0.133763 1.523334
    2 3.548302 0.000000 0.000000 0.023187 -0.086867 0.035201
    3 3.284046 0.000001 0.000000 0.011391 -0.096386 0.101047
    4 5.062389 -0.000001 0.000000 0.040392 -0.108233 0.368817
    5 3.610073 1.295546 -1.332000 2.803464 1.499429 1.169453
    6 4.890536 0.000004 0.000000 -2.993559 1.213382 0.978580
    7 9.685764 0.000000 -0.000004 0.000000 0.000000 -0.825276
    8 3.610065 1.295545 1.332000 -0.516727 -1.305231 -1.242887
    9 4.890535 0.000000 -0.000001 -2.431207 -0.789890 0.075245
    10 9.685764 0.000000 0.000000 0.000000 0.000000 -0.895948
    11 9.256790 -0.000007 -0.000023 1.592815 0.130622 -0.022786
    12 -3.219585 0.000000 0.000000 -0.878572 -0.539173 -1.806603
    13 9.256779 -0.000004 0.000011 -1.477107 -0.071301 -0.174889
    14 16.283249 0.000000 0.000000 0.000000 0.000000 0.555456
    15 4.753334 0.000000 0.000000 2.887155 -0.388796 0.427402
    16 3.962090 0.000000 0.000000 -0.117906 -0.102174 0.252048
    17 16.291077 0.000000 0.000000 0.000000 0.000000 1.057280
    18 14.875347 0.000000 0.000000 0.305551 -0.182447 -0.888958
    19 5.277816 0.000000 0.000001 -0.111823 0.023792 -0.544244
    20 3.219585 0.000000 0.000000 -2.183691 -0.125625 -1.091216
    21 16.283253 0.000000 0.000000 0.000000 0.000000 0.630288
    22 16.291080 0.000000 0.000001 0.000000 0.000000 1.206321
    23 14.875350 0.000000 0.000000 -0.290712 0.157016 -1.247129
    24 5.277817 0.000000 0.000000 0.020285 -0.027677 -0.463739
    25 2.660156 0.004799 -1.311523 0.204923 0.143299 -0.226648
    26 1.340820 0.000000 0.000000 0.011404 0.016672 -0.599950
    27 0.717773 -0.000002 -0.000001 -0.054473 -0.175380 -0.302889
    28 2.933594 0.180298 -0.485352 0.197828 0.103894 -0.292786
    29 1.604492 0.000002 0.000000 -0.051969 -0.088374 -0.532552
    30 0.857929 0.000002 0.000000 0.002415 0.009757 -0.242679
    31 3.169922 0.097046 0.363525 0.187209 0.067909 -0.258128
    32 1.909180 0.000001 0.000000 -0.042077 -0.053977 -0.662652
    33 1.023438 -0.000002 0.000000 0.001897 0.012019 -0.156562
    34 3.269531 -0.140869 1.259766 0.180672 0.034142 -0.204037
    35 1.509766 -0.000001 -0.000001 0.051327 0.064037 -0.676424
    36 0.883299 -0.000002 0.000000 0.001277 0.038560 -0.033101
    37 0.948242 -1.142578 0.871582 1.693884 -0.344469 -0.124089
    38 1.629883 -0.000001 0.000001 0.000014 -0.188062 -0.185216
    39 1.085938 0.000000 -0.000002 0.000000 -0.040646 0.196333
    40 4.976479 0.000000 0.000004 -0.021668 0.000000 0.000000
    41 9.952959 0.000000 0.000006 -0.040490 0.000000 0.000000
    42 9.877266 0.000000 0.000002 0.000000 0.000000 -0.548726
    43 2.660156 0.000057 1.311523 -0.201327 -0.143306 -0.226689
    44 1.340820 0.000002 0.000001 -0.011404 -0.016672 -0.599950
    45 0.717773 0.000002 -0.000002 0.054473 0.175380 -0.302889
    46 2.935547 0.178589 0.486084 -0.194226 -0.103877 -0.292835
    47 1.604492 0.000001 0.000000 0.051969 0.088374 -0.532552
    48 0.857933 -0.000001 0.000000 -0.002415 -0.009757 -0.242679
    49 3.169922 0.098328 -0.363281 -0.183626 -0.067869 -0.258123
    50 1.909180 0.000000 0.000000 0.042077 0.053977 -0.662652
    51 1.023438 0.000001 0.000000 -0.001897 -0.012019 -0.156562
    52 3.271484 -0.136353 -1.259766 -0.177006 -0.034199 -0.204061
    53 1.509766 0.000003 0.000000 -0.051327 -0.064037 -0.676425
    54 0.883297 0.000000 0.000000 -0.001277 -0.038560 -0.033101
    55 0.948242 -1.139648 -0.875977 -1.690135 0.344972 -0.122837
    56 1.629883 0.000001 -0.000002 -0.000014 0.188062 -0.185216
    57 1.085938 0.000000 0.000002 0.000000 0.040646 0.196333
    58 9.952957 -0.000001 -0.000004 0.138924 0.000000 0.000000
    59 4.976482 0.000000 -0.000002 0.074344 0.000000 0.000000
    60 9.877266 0.000000 0.000000 0.000000 0.000000 -0.512943
    61 7.023271 -6.880002 4.339546 2.620672 -1.456011 -1.105365
    62 3.813801 -3.870655 0.998562 1.570796 -1.069638 0.199892
    63 0.000000 -0.000007 -0.000031 1.373047 0.113574 0.124314
    64 0.000000 -0.000007 -0.000031 1.373047 0.113574 0.124314
    65 2.685547 -1.180664 0.106812 1.364989 -0.517251 2.629313
    66 2.535156 -1.363281 -0.864258 -1.501147 -0.272558 -1.578261
    67 0.000000 0.000000 10.000000 0.000000 0.000000 0.000000
    68 0.018898 0.665159 9.395884 0.000000 0.000000 0.000000
    69 2.000000 -3.000000 0.000000 -1.570796 0.000000 -1.326450
    70 3.028210 -0.923409 -2.009451 1.574082 -0.012974 1.587243
    71 0.116953 4.311606 0.061859 0.000010 -0.000001 0.000000
    72 0.000000 -0.000002 0.000000 0.000000 0.000000 0.000000
    73 -0.000002 1.000000 0.000009 0.000000 0.000000 0.000000
    74 0.000000 0.000000 0.000000 0.000000 0.000000 0.000000
    75 0.000000 0.000000 0.000000 0.000000 0.000000 0.000000
    76 0.000000 0.000000 0.000000 0.000000 0.000000 0.000000
time 16
    0 3.270432 17.143719 23.937500 1.042279 -0.372034 -1.027636
    1 0.000000 3.591042 -0.015921 1.549099 -0.142241 1.521142
    2 3.548302 0.000000 0.000000 0.022512 -0.095736 0.033495
    3 3.284046 0.000001 0.000000 0.010832 -0.104060 0.101052
    4 5.062389 -0.000001 0.000000 0.043730 -0.114307 0.365940
    5 3.610073 1.295546 -1.332000 -2.710583 1.485768 1.934488
    6 4.890536 0.000004 0.000000 -2.943797 1.242724 1.038153
    7 9.685764 0.000000 -0.000004 0.000000 0.000000 -0.839811
    8 3.610065 1.295545 1.332000 -0.447018 -1.310832 -1.315125
    9 4.890535 0.000000 -0.000001 -2.397552 -0.782909 0.072295
    10 9.685764 0.000000 0.000000 0.000000 0.000000 -0.941020
    11 9.256790 -0.000007 -0.000023 1.593323 0.179930 -0.013230
    12 -3.219585 0.000000 0.000000 -0.807580 -0.561279 -1.839781
    13 9.256779 -0.000004 0.000011 -1.427368 -0.070239 -0.171313
    14 16.283249 0.000000 0.000000 0.000000 0.000000 0.617589
    15 4.753334 0.000000 0.000000 2.900732 -0.380966 0.388108
    16 3.962090 0.000000 0.000000 -0.126764 -0.100503 0.271402
    17 16.291077 0.000000 0.000000 0.000000 0.000000 1.180855
    18 14.875347 0.000000 0.000000 0.319568 -0.096170 -0.922349
    19 5.277816 0.000000 0.000001 -0.111820 0.023779 -0.537694
    20 3.219585 0.000000 0.000000 -2.210729 -0.139547 -1.016546
    21 16.283253 0.000000 0.000000 0.000000 0.000000 0.663155
    22 16.291080 0.000000 0.000001 0.000000 0.000000 1.271959
    23 14.875350 0.000000 0.000000 -0.306692 0.191485 -1.182817
    24 5.277817 0.000000 0.000000 0.020227 -0.027712 -0.486924
    25 2.660156 0.004799 -1.311523 0.204923 0.143299 -0.226648
    26 1.340820 0.000000 0.000000 0.011404 0.016672 -0.599950
    27 0.717773 -0.000002 -0.000001 -0.054473 -0.175380 -0.302889
    28 2.933594 0.180298 -0.485352 0.197828 0.103894 -0.292786
    29 1.604492 0.000002 0.000000 -0.051969 -0.088374 -0.532552
    30 0.857929 0.000002 0.000000 0.002415 0.009757 -0.242679
    31 3.169922 0.097046 0.363525 0.187209 0.067909 -0.258128
    32 1.909180 0.000001 0.000000 -0.042077 -0.053977 -0.662652
    33 1.023438 -0.000002 0.000000 0.001897 0.012019 -0.156562
    34 3.269531 -0.140869 1.259766 0.180672 0.034142 -0.204037
    35 1.509766 -0.000001 -0.000001 0.051327 0.064037 -0.676424
    36 0.883299 -0.000002 0.000000 0.001277 0.038560 -0.033101
    37 0.948242 -1.142578 0.871582 1.693884 -0.344469 -0.124089
    38 1.629883 -0.000001 0.000001 0.000014 -0.188062 -0.185216
    39 1.085938 0.000000 -0.000002 0.000000 -0.040646 0.196333
    40 4.976479 0.000000 0.000004 -0.023395 0.000000 0.000000
    41 9.952959 0.000000 0.000006 -0.043684 0.000000 0.000000
    42 9.877266 0.000000 0.000002 0.000000 0.000000 -0.571542
    43 2.660156 0.000057 1.311523 -0.201327 -0.143306 -0.226689
    44 1.340820 0.000002 0.000001 -0.011404 -0.016672 -0.599950
    45 0.717773 0.000002 -0.000002 0.054473 0.175380 -0.302889
    46 2.935547 0.178589 0.486084 -0.194226 -0.103877 -0.292835
    47 1.604492 0.000001 0.000000 0.051969 0.088374 -0.532552
    48 0.857933 -0.000001 0.000000 -0.002415 -0.009757 -0.242679
    49 3.169922 0.098328 -0.363281 -0.183626 -0.067869 -0.258123
    50 1.909180 0.000000 0.000000 0.042077 0.053977 -0.662652
    51 1.023438 0.000001 0.000000 -0.001897 -0.012019 -0.156562
    52 3.271484 -0.136353 -1.259766 -0.177006 -0.034199 -0.204061
    53 1.509766 0.000003 0.000000 -0.051327 -0.064037 -0.676425
    54 0.883297 0.000000 0.000000 -0.001277 -0.038560 -0.033101
    55 0.948242 -1.139648 -0.875977 -1.690135 0.344972 -0.122837
    56 1.629883 0.000001 -0.000002 -0.000014 0.188062 -0.185216
    57 1.085938 0.000000 0.000002 0.000000 0.040646 0.196333
    58 9.952957 -0.000001 -0.000004 0.185175 0.000000 0.000000
    59 4.976482 0.000000 -0.000002 0.098797 0.000000 0.000000
    60 9.877266 0.000000 0.000000 0.000000 0.000000 -0.520264
    61 7.023271 -6.880002 4.339546 2.620672 -1.456011 -1.105365
    62 3.813801 -3.870655 0.998562 1.570796 -1.069638 0.199892
    63 0.000000 -0.000007 -0.000031 1.373047 0.113574 0.124314
    64 0.000000 -0.000007 -0.000031 1.373047 0.113574 0.124314
    65 2.685547 -1.180664 0.106812 1.364989 -0.517251 2.629313
    66 2.535156 -1.363281 -0.864258 -1.501147 -0.272558 -1.578261
    67 0.000000 0.000000 10.000000 0.000000 0.000000 0.000000
    68 0.018898 0.665159 9.395884 0.000000 0.000000 0.000000
    69 2.000000 -3.000000 0.000000 -1.570796 0.000000 -1.326450
    70 3.028210 -0.923409 -2.009451 1.574082 -0.012974 1.587243
    71 0.116953 4.311606 0.061859 0.000010 -0.000001 0.000000
    72 0.000000 -0.000002 0.000000 0.000000 0.000000 0.000000
    73 -0.000002 1.000000 0.000009 0.000000 0.000000 0.000000
    74 0.000000 0.000000 0.000000 0.000000 0.000000 0.000000
    75 0.000000 0.000000 0.000000 0.000000 0.000000 0.000000
    76 0.000000 0.000000 0.000000 0.000000 0.000000 0.000000
time 17
    0 3.357226 18.699081 22.125000 1.031677 -0.408862 -1.057522
    1 0.000000 3.591042 -0.015921 1.552450 -0.149845 1.514640
    2 3.548302 0.000000 0.000000 0.022633 -0.100466 0.031279
    3 3.284046 0.000001 0.000000 0.010658 -0.104038 0.099416
    4 5.062389 -0.000001 0.000000 0.041824 -0.111453 0.361938
    5 3.610073 1.295546 -1.332000 -2.335518 1.453196 2.306433
    6 4.890536 0.000004 0.000000 -2.966128 1.263214 1.037616
    7 9.685764 0.000000 -0.000004 0.000000 0.000000 -0.856197
    8 3.610065 1.295545 1.332000 -0.426069 -1.311750 -1.337528
    9 4.890535 0.000000 -0.000001 -2.353915 -0.773347 0.067869
    10 9.685764 0.000000 0.000000 0.000000 0.000000 -0.970086
    11 9.256790 -0.000007 -0.000023 1.610377 0.226882 0.008996
    12 -3.219585 0.000000 0.000000 -0.742842 -0.596519 -1.887488
    13 9.256779 -0.000004 0.000011 -1.408375 -0.069156 -0.175950
    14 16.283249 0.000000 0.000000 0.000000 0.000000 0.696761
    15 4.753334 0.000000 0.000000 2.905029 -0.380423 0.351406
    16 3.962090 0.000000 0.000000 -0.131804 -0.099656 0.287726
    17 16.291077 0.000000 0.000000 0.000000 0.000000 1.339449
    18 14.875347 0.000000 0.000000 0.296327 -0.044148 -0.968189
    19 5.277816 0.000000 0.000001 -0.111820 0.023826 -0.547029
    20 3.219585 0.000000 0.000000 -2.232702 -0.169937 -0.934599
    21 16.283253 0.000000 0.000000 0.000000 0.000000 0.690978
    22 16.291080 0.000000 0.000001 0.000000 0.000000 1.327914
    23 14.875350 0.000000 0.000000 -0.314975 0.231413 -1.106420
    24 5.277817 0.000000 0.000000 0.020237 -0.027705 -0.514728
    25 2.660156 0.004799 -1.311523 0.204923 0.143299 -0.226648
    26 1.340820 0.000000 0.000000 0.011404 0.016672 -0.599950
    27 0.717773 -0.000002 -0.000001 -0.054473 -0.175380 -0.302889
    28 2.933594 0.180298 -0.485352 0.197828 0.103894 -0.292786
    29 1.604492 0.000002 0.000000 -0.051969 -0.088374 -0.532552
    30 0.857929 0.000002 0.000000 0.002415 0.009757 -0.242679
    31 3.169922 0.097046 0.363525 0.187209 0.067909 -0.258128
    32 1.909180 0.000001 0.000000 -0.042077 -0.053977 -0.662652
    33 1.023438 -0.000002 0.000000 0.001897 0.012019 -0.156562
    34 3.269531 -0.140869 1.259766 0.180672 0.034142 -0.204037
    35 1.509766 -0.000001 -0.000001 0.051327 0.064037 -0.676424
    36 0.883299 -0.000002 0.000000 0.001277 0.038560 -0.033101
    37 0.948242 -1.142578 0.871582 1.693884 -0.344469 -0.124089
    38 1.629883 -0.000001 0.000001 0.000014 -0.188062 -0.185216
    39 1.085938 0.000000 -0.000002 0.000000 -0.040646 0.196333
    40 4.976479 0.000000 0.000004 -0.018733 0.000000 0.000000
    41 9.952959 0.000000 0.000006 -0.035136 0.000000 0.000000
    42 9.877266 0.000000 0.000002 0.000000 0.000000 -0.586224
    43 2.660156 0.000057 1.311523 -0.201327 -0.143306 -0.226689
    44 1.340820 0.000002 0.000001 -0.011404 -0.016672 -0.599950
    45 0.717773 0.000002 -0.000002 0.054473 0.175380 -0.302889
    46 2.935547 0.178589 0.486084 -0.194226 -0.103877 -0.292835
    47 1.604492 0.000001 0.000000 0.051969 0.088374 -0.532552
    48 0.857933 -0.000001 0.000000 -0.002415 -0.009757 -0.242679
    49 3.169922 0.098328 -0.363281 -0.183626 -0.067869 -0.258123
    50 1.909180 0.000000 0.000000 0.042077 0.053977 -0.662652
    51 1.023438 0.000001 0.000000 -0.001897 -0.012019 -0.156562
    52 3.271484 -0.136353 -1.259766 -0.177006 -0.034199 -0.204061
    53 1.509766 0.000003 0.000000 -0.051327 -0.064037 -0.676425
    54 0.883297 0.000000 0.000000 -0.001277 -0.038560 -0.033101
    55 0.948242 -1.139648 -0.875977 -1.690135 0.344972 -0.122837
    56 1.629883 0.000001 -0.000002 -0.000014 0.188062 -0.185216
    57 1.085938 0.000000 0.000002 0.000000 0.040646 0.196333
    58 9.952957 -0.000001 -0.000004 0.202608 0.000000 0.000000
    59 4.976482 0.000000 -0.000002 0.107787 0.000000 0.000000
    60 9.877266 0.000000 0.000000 0.000000 0.000000 -0.528577
    61 7.023271 -6.880002 4.339546 2.620672 -1.456011 -1.105365
    62 3.813801 -3.870655 0.998562 1.570796 -1.069638 0.199892
    63 0.000000 -0.000007 -0.000031 1.373047 0.113574 0.124314
    64 0.000000 -0.000007 -0.000031 1.373047 0.113574 0.124314
    65 2.685547 -1.180664 0.106812 1.364989 -0.517251 2.629313
    66 2.535156 -1.363281 -0.864258 -1.501147 -0.272558 -1.578261
    67 0.000000 0.000000 10.000000 0.000000 0.000000 0.000000
    68 0.018898 0.665159 9.395884 0.000000 0.000000 0.000000
    69 2.000000 -3.000000 0.000000 -1.570796 0.000000 -1.326450
    70 3.028210 -0.923409 -2.009451 1.574082 -0.012974 1.587243
    71 0.116953 4.311606 0.061859 0.000010 -0.000001 0.000000
    72 0.000000 -0.000002 0.000000 0.000000 0.000000 0.000000
    73 -0.000002 1.000000 0.000009 0.000000 0.000000 0.000000
    74 0.000000 0.000000 0.000000 0.000000 0.000000 0.000000
    75 0.000000 0.000000 0.000000 0.000000 0.000000 0.000000
    76 0.000000 0.000000 0.000000 0.000000 0.000000 0.000000
time 18
    0 3.415132 20.315793 20.109375 1.018737 -0.435662 -1.074631
    1 0.000000 3.591042 -0.015921 1.554453 -0.159050 1.514295
    2 3.548302 0.000000 0.000000 0.021918 -0.100440 0.030018
    3 3.284046 0.000001 0.000000 0.010309 -0.101345 0.100393
    4 5.062389 -0.000001 0.000000 0.043022 -0.107990 0.359366
    5 3.610073 1.295546 -1.332000 -2.152441 1.424018 2.484467
    6 4.890536 0.000004 0.000000 -3.103741 1.267283 0.940278
    7 9.685764 0.000000 -0.000004 0.000000 0.000000 -0.874263
    8 3.610065 1.295545 1.332000 -0.465092 -1.313840 -1.298170
    9 4.890535 0.000000 -0.000001 -2.311551 -0.760071 0.064467
    10 9.685764 0.000000 0.000000 0.000000 0.000000 -0.991321
    11 9.256790 -0.000007 -0.000023 1.643121 0.261948 0.036578
    12 -3.219585 0.000000 0.000000 -0.664886 -0.623886 -1.948438
    13 9.256779 -0.000004 0.000011 -1.408448 -0.046583 -0.184508
    14 16.283249 0.000000 0.000000 0.000000 0.000000 0.786986
    15 4.753334 0.000000 0.000000 2.909974 -0.386545 0.319779
    16 3.962090 0.000000 0.000000 -0.135414 -0.100778 0.299842
    17 16.291077 0.000000 0.000000 0.000000 0.000000 1.522391
    18 14.875347 0.000000 0.000000 0.287887 -0.085530 -0.990126
    19 5.277816 0.000000 0.000001 -0.111755 0.023783 -0.551606
    20 3.219585 0.000000 0.000000 -2.248151 -0.206056 -0.843727
    21 16.283253 0.000000 0.000000 0.000000 0.000000 0.712120
    22 16.291080 0.000000 0.000001 0.000000 0.000000 1.370472
    23 14.875350 0.000000 0.000000 -0.313528 0.275774 -1.022350
    24 5.277817 0.000000 0.000000 0.020231 -0.027655 -0.536722
    25 2.660156 0.004799 -1.311523 0.204923 0.143299 -0.226648
    26 1.340820 0.000000 0.000000 0.011404 0.016672 -0.599950
    27 0.717773 -0.000002 -0.000001 -0.054473 -0.175380 -0.302889
    28 2.933594 0.180298 -0.485352 0.197828 0.103894 -0.292786
    29 1.604492 0.000002 0.000000 -0.051969 -0.088374 -0.532552
    30 0.857929 0.000002 0.000000 0.002415 0.009757 -0.242679
    31 3.169922 0.097046 0.363525 0.187209 0.067909 -0.258128
    32 1.909180 0.000001 0.000000 -0.042077 -0.053977 -0.662652
    33 1.023438 -0.000002 0.000000 0.001897 0.012019 -0.156562
    34 3.269531 -0.140869 1.259766 0.180672 0.034142 -0.204037
    35 1.509766 -0.000001 -0.000001 0.051327 0.064037 -0.676424
    36 0.883299 -0.000002 0.000000 0.001277 0.038560 -0.033101
    37 0.948242 -1.142578 0.871582 1.693884 -0.344469 -0.124089
    38 1.629883 -0.000001 0.000001 0.000014 -0.188062 -0.185216
    39 1.085938 0.000000 -0.000002 0.000000 -0.040646 0.196333
    40 4.976479 0.000000 0.000004 -0.007597 0.000000 0.000000
    41 9.952959 0.000000 0.000006 -0.014244 0.000000 0.000000
    42 9.877266 0.000000 0.000002 0.000000 0.000000 -0.596963
    43 2.660156 0.000057 1.311523 -0.201327 -0.143306 -0.226689
    44 1.340820 0.000002 0.000001 -0.011404 -0.016672 -0.599950
    45 0.717773 0.000002 -0.000002 0.054473 0.175380 -0.302889
    46 2.935547 0.178589 0.486084 -0.194226 -0.103877 -0.292835
    47 1.604492 0.000001 0.000000 0.051969 0.088374 -0.532552
    48 0.857933 -0.000001 0.000000 -0.002415 -0.009757 -0.242679
    49 3.169922 0.098328 -0.363281 -0.183626 -0.067869 -0.258123
    50 1.909180 0.000000 0.000000 0.042077 0.053977 -0.662652
    51 1.023438 0.000001 0.000000 -0.001897 -0.012019 -0.156562
    52 3.271484 -0.136353 -1.259766 -0.177006 -0.034199 -0.204061
    53 1.509766 0.000003 0.000000 -0.051327 -0.064037 -0.676425
    54 0.883297 0.000000 0.000000 -0.001277 -0.038560 -0.033101
    55 0.948242 -1.139648 -0.875977 -1.690135 0.344972 -0.122837
    56 1.629883 0.000001 -0.000002 -0.000014 0.188062 -0.185216
    57 1.085938 0.000000 0.000002 0.000000 0.040646 0.196333
    58 9.952957 -0.000001 -0.000004 0.206253 0.000000 0.000000
    59 4.976482 0.000000 -0.000002 0.109689 0.000000 0.000000
    60 9.877266 0.000000 0.000000 0.000000 0.000000 -0.537704
    61 7.023271 -6.880002 4.339546 2.620672 -1.456011 -1.105365
    62 3.813801 -3.870655 0.998562 1.570796 -1.069638 0.199892
    63 0.000000 -0.000007 -0.000031 1.373047 0.113574 0.124314
    64 0.000000 -0.000007 -0.000031 1.373047 0.113574 0.124314
    65 2.685547 -1.180664 0.106812 1.364989 -0.517251 2.629313
    66 2.535156 -1.363281 -0.864258 -1.501147 -0.272558 -1.578261
    67 0.000000 0.000000 10.000000 0.000000 0.000000 0.000000
    68 0.018898 0.665159 9.395884 0.000000 0.000000 0.000000
    69 2.000000 -3.000000 0.000000 -1.570796 0.000000 -1.326450
    70 3.028210 -0.923409 -2.009451 1.574082 -0.012974 1.587243
    71 0.116953 4.311606 0.061859 0.000010 -0.000001 0.000000
    72 0.000000 -0.000002 0.000000 0.000000 0.000000 0.000000
    73 -0.000002 1.000000 0.000009 0.000000 0.000000 0.000000
    74 0.000000 0.000000 0.000000 0.000000 0.000000 0.000000
    75 0.000000 0.000000 0.000000 0.000000 0.000000 0.000000
    76 0.000000 0.000000 0.000000 0.000000 0.000000 0.000000
time 19
    0 3.482726 21.966511 17.890625 1.005009 -0.462592 -1.079418
    1 0.000000 3.591042 -0.015921 1.559796 -0.167147 1.515600
    2 3.548302 0.000000 0.000000 0.021888 -0.099134 0.029255
    3 3.284046 0.000001 0.000000 0.010363 -0.094258 0.101275
    4 5.062389 -0.000001 0.000000 0.043597 -0.100579 0.360659
    5 3.610073 1.295546 -1.332000 -2.073500 1.406920 2.560077
    6 4.890536 0.000004 0.000000 2.987104 1.248660 0.791723
    7 9.685764 0.000000 -0.000004 0.000000 0.000000 -0.888771
    8 3.610065 1.295545 1.332000 -0.533040 -1.313025 -1.228699
    9 4.890535 0.000000 -0.000001 -2.263364 -0.743399 0.059916
    10 9.685764 0.000000 0.000000 0.000000 0.000000 -1.013074
    11 9.256790 -0.000007 -0.000023 1.663758 0.266436 0.047734
    12 -3.219585 0.000000 0.000000 -0.563410 -0.643355 -2.024318
    13 9.256779 -0.000004 0.000011 -1.421353 -0.022548 -0.176930
    14 16.283249 0.000000 0.000000 0.000000 0.000000 0.810599
    15 4.753334 0.000000 0.000000 2.922114 -0.394615 0.300645
    16 3.962090 0.000000 0.000000 -0.129332 -0.090459 0.310467
    17 16.291077 0.000000 0.000000 0.000000 0.000000 1.698562
    18 14.875347 0.000000 0.000000 0.317832 -0.304392 -0.945596
    19 5.277816 0.000000 0.000001 -0.111754 0.023788 -0.551516
    20 3.219585 0.000000 0.000000 -2.264311 -0.247210 -0.755959
    21 16.283253 0.000000 0.000000 0.000000 0.000000 0.724753
    22 16.291080 0.000000 0.000001 0.000000 0.000000 1.395914
    23 14.875350 0.000000 0.000000 -0.301070 0.318879 -0.928901
    24 5.277817 0.000000 0.000000 0.020244 -0.027696 -0.558334
    25 2.660156 0.004799 -1.311523 0.204923 0.143299 -0.226648
    26 1.340820 0.000000 0.000000 0.011404 0.016672 -0.599950
    27 0.717773 -0.000002 -0.000001 -0.054473 -0.175380 -0.302889
    28 2.933594 0.180298 -0.485352 0.197828 0.103894 -0.292786
    29 1.604492 0.000002 0.000000 -0.051969 -0.088374 -0.532552
    30 0.857929 0.000002 0.000000 0.002415 0.009757 -0.242679
    31 3.169922 0.097046 0.363525 0.187209 0.067909 -0.258128
    32 1.909180 0.000001 0.000000 -0.042077 -0.053977 -0.662652
    33 1.023438 -0.000002 0.000000 0.001897 0.012019 -0.156562
    34 3.269531 -0.140869 1.259766 0.180672 0.034142 -0.204037
    35 1.509766 -0.000001 -0.000001 0.051327 0.064037 -0.676424
    36 0.883299 -0.000002 0.000000 0.001277 0.038560 -0.033101
    37 0.948242 -1.142578 0.871582 1.693884 -0.344469 -0.124089
    38 1.629883 -0.000001 0.000001 0.000014 -0.188062 -0.185216
    39 1.085938 0.000000 -0.000002 0.000000 -0.040646 0.196333
    40 4.976479 0.000000 0.000004 0.000691 0.000000 0.000000
    41 9.952959 0.000000 0.000006 0.001295 0.000000 0.000000
    42 9.877266 0.000000 0.000002 0.000000 0.000000 -0.607901
    43 2.660156 0.000057 1.311523 -0.201327 -0.143306 -0.226689
    44 1.340820 0.000002 0.000001 -0.011404 -0.016672 -0.599950
    45 0.717773 0.000002 -0.000002 0.054473 0.175380 -0.302889
    46 2.935547 0.178589 0.486084 -0.194226 -0.103877 -0.292835
    47 1.604492 0.000001 0.000000 0.051969 0.088374 -0.532552
    48 0.857933 -0.000001 0.000000 -0.002415 -0.009757 -0.242679
    49 3.169922 0.098328 -0.363281 -0.183626 -0.067869 -0.258123
    50 1.909180 0.000000 0.000000 0.042077 0.053977 -0.662652
    51 1.023438 0.000001 0.000000 -0.001897 -0.012019 -0.156562
    52 3.271484 -0.136353 -1.259766 -0.177006 -0.034199 -0.204061
    53 1.509766 0.000003 0.000000 -0.051327 -0.064037 -0.676425
    54 0.883297 0.000000 0.000000 -0.001277 -0.038560 -0.033101
    55 0.948242 -1.139648 -0.875977 -1.690135 0.344972 -0.122837
    56 1.629883 0.000001 -0.000002 -0.000014 0.188062 -0.185216
    57 1.085938 0.000000 0.000002 0.000000 0.040646 0.196333
    58 9.952957 -0.000001 -0.000004 0.198877 0.000000 0.000000
    59 4.976482 0.000000 -0.000002 0.105885 0.000000 0.000000
    60 9.877266 0.000000 0.000000 0.000000 0.000000 -0.545051
    61 7.023271 -6.880002 4.339546 2.620672 -1.456011 -1.105365
    62 3.813801 -3.870655 0.998562 1.570796 -1.069638 0.199892
    63 0.000000 -0.000007 -0.000031 1.373047 0.113574 0.124314
    64 0.000000 -0.000007 -0.000031 1.373047 0.113574 0.124314
    65 2.685547 -1.180664 0.106812 1.364989 -0.517251 2.629313
    66 2.535156 -1.363281 -0.864258 -1.501147 -0.272558 -1.578261
    67 0.000000 0.000000 10.000000 0.000000 0.000000 0.000000
    68 0.018898 0.665159 9.395884 0.000000 0.000000 0.000000
    69 2.000000 -3.000000 0.000000 -1.570796 0.000000 -1.326450
    70 3.028210 -0.923409 -2.009451 1.574082 -0.012974 1.587243
    71 0.116953 4.311606 0.061859 0.000010 -0.000001 0.000000
    72 0.000000 -0.000002 0.000000 0.000000 0.000000 0.000000
    73 -0.000002 1.000000 0.000009 0.000000 0.000000 0.000000
    74 0.000000 0.000000 0.000000 0.000000 0.000000 0.000000
    75 0.000000 0.000000 0.000000 0.000000 0.000000 0.000000
    76 0.000000 0.000000 0.000000 0.000000 0.000000 0.000000
time 20
    0 3.559031 23.600455 15.507813 0.987349 -0.498627 -1.071447
    1 0.000000 3.591042 -0.015921 1.566443 -0.172608 1.515808
    2 3.548302 0.000000 0.000000 0.022231 -0.095780 0.030310
    3 3.284046 0.000001 0.000000 0.011723 -0.086210 0.103230
    4 5.062389 -0.000001 0.000000 0.046579 -0.092557 0.361956
    5 3.610073 1.295546 -1.332000 -1.965875 1.397130 2.662160
    6 4.890536 0.000004 0.000000 2.775829 1.219118 0.642659
    7 9.685764 0.000000 -0.000004 0.000000 0.000000 -0.885522
    8 3.610065 1.295545 1.332000 -0.569493 -1.309312 -1.192405
    9 4.890535 0.000000 -0.000001 -2.210606 -0.727704 0.054329
    10 9.685764 0.000000 0.000000 0.000000 0.000000 -1.046301
    11 9.256790 -0.000007 -0.000023 1.670534 0.259841 0.061061
    12 -3.219585 0.000000 0.000000 -0.451155 -0.651591 -2.119660
    13 9.256779 -0.000004 0.000011 -1.461197 0.011853 -0.190871
    14 16.283249 0.000000 0.000000 0.000000 0.000000 0.810599
    15 4.753334 0.000000 0.000000 2.932652 -0.402369 0.299420
    16 3.962090 0.000000 0.000000 -0.120607 -0.082000 0.311784
    17 16.291077 0.000000 0.000000 0.000000 0.000000 1.860067
    18 14.875347 0.000000 0.000000 0.317930 -0.575538 -0.850482
    19 5.277816 0.000000 0.000001 -0.111787 0.023850 -0.555295
    20 3.219585 0.000000 0.000000 -2.271034 -0.288562 -0.688498
    21 16.283253 0.000000 0.000000 0.000000 0.000000 0.725400
    22 16.291080 0.000000 0.000001 0.000000 0.000000 1.397266
    23 14.875350 0.000000 0.000000 -0.312201 0.373161 -0.833844
    24 5.277817 0.000000 0.000000 0.020266 -0.027707 -0.570200
    25 2.660156 0.004799 -1.311523 0.204923 0.143299 -0.226648
    26 1.340820 0.000000 0.000000 0.011404 0.016672 -0.599950
    27 0.717773 -0.000002 -0.000001 -0.054473 -0.175380 -0.302889
    28 2.933594 0.180298 -0.485352 0.197828 0.103894 -0.292786
    29 1.604492 0.000002 0.000000 -0.051969 -0.088374 -0.532552
    30 0.857929 0.000002 0.000000 0.002415 0.009757 -0.242679
    31 3.169922 0.097046 0.363525 0.187209 0.067909 -0.258128
    32 1.909180 0.000001 0.000000 -0.042077 -0.053977 -0.662652
    33 1.023438 -0.000002 0.000000 0.001897 0.012019 -0.156562
    34 3.269531 -0.140869 1.259766 0.180672 0.034142 -0.204037
    35 1.509766 -0.000001 -0.000001 0.051327 0.064037 -0.676424
    36 0.883299 -0.000002 0.000000 0.001277 0.038560 -0.033101
    37 0.948242 -1.142578 0.871582 1.693884 -0.344469 -0.124089
    38 1.629883 -0.000001 0.000001 0.000014 -0.188062 -0.185216
    39 1.085938 0.000000 -0.000002 0.000000 -0.040646 0.196333
    40 4.976479 0.000000 0.000004 0.003367 0.000000 0.000000
    41 9.952959 0.000000 0.000006 0.006388 0.000000 0.000000
    42 9.877266 0.000000 0.000002 0.000000 0.000000 -0.624661
    43 2.660156 0.000057 1.311523 -0.201327 -0.143306 -0.226689
    44 1.340820 0.000002 0.000001 -0.011404 -0.016672 -0.599950
    45 0.717773 0.000002 -0.000002 0.054473 0.175380 -0.302889
    46 2.935547 0.178589 0.486084 -0.194226 -0.103877 -0.292835
    47 1.604492 0.000001 0.000000 0.051969 0.088374 -0.532552
    48 0.857933 -0.000001 0.000000 -0.002415 -0.009757 -0.242679
    49 3.169922 0.098328 -0.363281 -0.183626 -0.067869 -0.258123
    50 1.909180 0.000000 0.000000 0.042077 0.053977 -0.662652
    51 1.023438 0.000001 0.000000 -0.001897 -0.012019 -0.156562
    52 3.271484 -0.136353 -1.259766 -0.177006 -0.034199 -0.204061
    53 1.509766 0.000003 0.000000 -0.051327 -0.064037 -0.676425
    54 0.883297 0.000000 0.000000 -0.001277 -0.038560 -0.033101
    55 0.948242 -1.139648 -0.875977 -1.690135 0.344972 -0.122837
    56 1.629883 0.000001 -0.000002 -0.000014 0.188062 -0.185216
    57 1.085938 0.000000 0.000002 0.000000 0.040646 0.196333
    58 9.952957 -0.000001 -0.000004 0.165070 0.000000 0.000000
    59 4.976482 0.000000 -0.000002 0.088167 0.000000 0.000000
    60 9.877266 0.000000 0.000000 0.000000 0.000000 -0.543437
    61 7.023271 -6.880002 4.339546 2.620672 -1.456011 -1.105365
    62 3.813801 -3.870655 0.998562 1.570796 -1.069638 0.199892
    63 0.000000 -0.000007 -0.000031 1.373047 0.113574 0.124314
    64 0.000000 -0.000007 -0.000031 1.373047 0.113574 0.124314
    65 2.685547 -1.180664 0.106812 1.364989 -0.517251 2.629313
    66 2.535156 -1.363281 -0.864258 -1.501147 -0.272558 -1.578261
    67 0.000000 0.000000 10.000000 0.000000 0.000000 0.000000
    68 0.018898 0.665159 9.395884 0.000000 0.000000 0.000000
    69 2.000000 -3.000000 0.000000 -1.570796 0.000000 -1.326450
    70 3.028210 -0.923409 -2.009451 1.574082 -0.012974 1.587243
    71 0.116953 4.311606 0.061859 0.000010 -0.000001 0.000000
    72 0.000000 -0.000002 0.000000 0.000000 0.000000 0.000000
    73 -0.000002 1.000000 0.000009 0.000000 0.000000 0.000000
    74 0.000000 0.000000 0.000000 0.000000 0.000000 0.000000
    75 0.000000 0.000000 0.000000 0.000000 0.000000 0.000000
    76 0.000000 0.000000 0.000000 0.000000 0.000000 0.000000
time 21
    0 3.613529 25.201999 13.039063 0.960540 -0.549021 -1.054339
    1 0.000000 3.591042 -0.015921 1.574863 -0.180495 1.511002
    2 3.548302 0.000000 0.000000 0.024296 -0.091425 0.031903
    3 3.284046 0.000001 0.000000 0.015842 -0.077440 0.104576
    4 5.062389 -0.000001 0.000000 0.053155 -0.081177 0.363739
    5 3.610073 1.295546 -1.332000 -1.845635 1.391056 2.780731
    6 4.890536 0.000004 0.000000 2.556604 1.175174 0.501411
    7 9.685764 0.000000 -0.000004 0.000000 0.000000 -0.872644
    8 3.610065 1.295545 1.332000 -0.502368 -1.312951 -1.260959
    9 4.890535 0.000000 -0.000001 -2.156301 -0.703857 0.047171
    10 9.685764 0.000000 0.000000 0.000000 0.000000 -1.123005
    11 9.256790 -0.000007 -0.000023 1.693336 0.223902 0.064631
    12 -3.219585 0.000000 0.000000 -0.363514 -0.652988 -2.217784
    13 9.256779 -0.000004 0.000011 -1.507640 0.057713 -0.205178
    14 16.283249 0.000000 0.000000 0.000000 0.000000 0.810599
    15 4.753334 0.000000 0.000000 2.933301 -0.416871 0.305268
    16 3.962090 0.000000 0.000000 -0.116059 -0.077721 0.311542
    17 16.291077 0.000000 0.000000 0.000000 0.000000 2.008475
    18 14.875347 0.000000 0.000000 0.241589 -0.639034 -0.776066
    19 5.277816 0.000000 0.000001 -0.111783 0.023789 -0.542807
    20 3.219585 0.000000 0.000000 -2.255916 -0.326044 -0.658904
    21 16.283253 0.000000 0.000000 0.000000 0.000000 0.713778
    22 16.291080 0.000000 0.000001 0.000000 0.000000 1.373819
    23 14.875350 0.000000 0.000000 -0.339302 0.406369 -0.780562
    24 5.277817 0.000000 0.000000 0.020193 -0.027653 -0.582805
    25 2.660156 0.004799 -1.311523 0.204923 0.143299 -0.226648
    26 1.340820 0.000000 0.000000 0.011404 0.016672 -0.599950
    27 0.717773 -0.000002 -0.000001 -0.054473 -0.175380 -0.302889
    28 2.933594 0.180298 -0.485352 0.197828 0.103894 -0.292786
    29 1.604492 0.000002 0.000000 -0.051969 -0.088374 -0.532552
    30 0.857929 0.000002 0.000000 0.002415 0.009757 -0.242679
    31 3.169922 0.097046 0.363525 0.187209 0.067909 -0.258128
    32 1.909180 0.000001 0.000000 -0.042077 -0.053977 -0.662652
    33 1.023438 -0.000002 0.000000 0.001897 0.012019 -0.156562
    34 3.269531 -0.140869 1.259766 0.180672 0.034142 -0.204037
    35 1.509766 -0.000001 -0.000001 0.051327 0.064037 -0.676424
    36 0.883299 -0.000002 0.000000 0.001277 0.038560 -0.033101
    37 0.948242 -1.142578 0.871582 1.693884 -0.344469 -0.124089
    38 1.629883 -0.000001 0.000001 0.000014 -0.188062 -0.185216
    39 1.085938 0.000000 -0.000002 0.000000 -0.040646 0.196333
    40 4.976479 0.000000 0.000004 0.016143 0.000000 0.000000
    41 9.952959 0.000000 0.000006 0.030561 0.000000 0.000000
    42 9.877266 0.000000 0.000002 0.000000 0.000000 -0.663338
    43 2.660156 0.000057 1.311523 -0.201327 -0.143306 -0.226689
    44 1.340820 0.000002 0.000001 -0.011404 -0.016672 -0.599950
    45 0.717773 0.000002 -0.000002 0.054473 0.175380 -0.302889
    46 2.935547 0.178589 0.486084 -0.194226 -0.103877 -0.292835
    47 1.604492 0.000001 0.000000 0.051969 0.088374 -0.532552
    48 0.857933 -0.000001 0.000000 -0.002415 -0.009757 -0.242679
    49 3.169922 0.098328 -0.363281 -0.183626 -0.067869 -0.258123
    50 1.909180 0.000000 0.000000 0.042077 0.053977 -0.662652
    51 1.023438 0.000001 0.000000 -0.001897 -0.012019 -0.156562
    52 3.271484 -0.136353 -1.259766 -0.177006 -0.034199 -0.204061
    53 1.509766 0.000003 0.000000 -0.051327 -0.064037 -0.676425
    54 0.883297 0.000000 0.000000 -0.001277 -0.038560 -0.033101
    55 0.948242 -1.139648 -0.875977 -1.690135 0.344972 -0.122837
    56 1.629883 0.000001 -0.000002 -0.000014 0.188062 -0.185216
    57 1.085938 0.000000 0.000002 0.000000 0.040646 0.196333
    58 9.952957 -0.000001 -0.000004 0.121622 0.000000 0.000000
    59 4.976482 0.000000 -0.000002 0.065188 0.000000 0.000000
    60 9.877266 0.000000 0.000000 0.000000 0.000000 -0.536898
    61 7.023271 -6.880002 4.339546 2.620672 -1.456011 -1.105365
    62 3.813801 -3.870655 0.998562 1.570796 -1.069638 0.199892
    63 0.000000 -0.000007 -0.000031 1.373047 0.113574 0.124314
    64 0.000000 -0.000007 -0.000031 1.373047 0.113574 0.124314
    65 2.685547 -1.180664 0.106812 1.364989 -0.517251 2.629313
    66 2.535156 -1.363281 -0.864258 -1.501147 -0.272558 -1.578261
    67 0.000000 0.000000 10.000000 0.000000 0.000000 0.000000
    68 0.018898 0.665159 9.395884 0.000000 0.000000 0.000000
    69 2.000000 -3.000000 0.000000 -1.570796 0.000000 -1.326450
    70 3.028210 -0.923409 -2.009451 1.574082 -0.012974 1.587243
    71 0.116953 4.311606 0.061859 0.000010 -0.000001 0.000000
    72 0.000000 -0.000002 0.000000 0.000000 0.000000 0.000000
    73 -0.000002 1.000000 0.000009 0.000000 0.000000 0.000000
    74 0.000000 0.000000 0.000000 0.000000 0.000000 0.000000
    75 0.000000 0.000000 0.000000 0.000000 0.000000 0.000000
    76 0.000000 0.000000 0.000000 0.000000 0.000000 0.000000
time 22
    0 3.654520 26.903956 10.476563 0.909511 -0.611938 -1.036799
    1 0.000000 3.591042 -0.015921 1.584589 -0.206448 1.502420
    2 3.548302 0.000000 0.000000 0.026235 -0.085367 0.035261
    3 3.284046 0.000001 0.000000 0.021320 -0.067266 0.111895
    4 5.062389 -0.000001 0.000000 0.062186 -0.072385 0.368203
    5 3.610073 1.295546 -1.332000 -1.730790 1.373057 2.893311
    6 4.890536 0.000004 0.000000 2.353155 1.119671 0.380870
    7 9.685764 0.000000 -0.000004 0.000000 0.000000 -0.840095
    8 3.610065 1.295545 1.332000 -0.297384 -1.306523 -1.474885
    9 4.890535 0.000000 -0.000001 -2.110842 -0.674851 0.039062
    10 9.685764 0.000000 0.000000 0.000000 0.000000 -1.250263
    11 9.256790 -0.000007 -0.000023 1.671586 0.191831 0.051399
    12 -3.219585 0.000000 0.000000 -0.336422 -0.684571 -2.229486
    13 9.256779 -0.000004 0.000011 -1.580989 0.103286 -0.243973
    14 16.283249 0.000000 0.000000 0.000000 0.000000 0.810599
    15 4.753334 0.000000 0.000000 2.934014 -0.420477 0.310342
    16 3.962090 0.000000 0.000000 -0.114413 -0.083008 0.322926
    17 16.291077 0.000000 0.000000 0.000000 0.000000 2.078009
    18 14.875347 0.000000 0.000000 0.242288 -0.573088 -0.770809
    19 5.277816 0.000000 0.000001 -0.111755 0.023826 -0.557630
    20 3.219585 0.000000 0.000000 -2.205230 -0.342826 -0.663602
    21 16.283253 0.000000 0.000000 0.000000 0.000000 0.689510
    22 16.291080 0.000000 0.000001 0.000000 0.000000 1.324846
    23 14.875350 0.000000 0.000000 -0.353515 0.426898 -0.770171
    24 5.277817 0.000000 0.000000 0.020236 -0.027693 -0.573979
    25 2.660156 0.004799 -1.311523 0.204923 0.143299 -0.226648
    26 1.340820 0.000000 0.000000 0.011404 0.016672 -0.599950
    27 0.717773 -0.000002 -0.000001 -0.054473 -0.175380 -0.302889
    28 2.933594 0.180298 -0.485352 0.197828 0.103894 -0.292786
    29 1.604492 0.000002 0.000000 -0.051969 -0.088374 -0.532552
    30 0.857929 0.000002 0.000000 0.002415 0.009757 -0.242679
    31 3.169922 0.097046 0.363525 0.187209 0.067909 -0.258128
    32 1.909180 0.000001 0.000000 -0.042077 -0.053977 -0.662652
    33 1.023438 -0.000002 0.000000 0.001897 0.012019 -0.156562
    34 3.269531 -0.140869 1.259766 0.180672 0.034142 -0.204037
    35 1.509766 -0.000001 -0.000001 0.051327 0.064037 -0.676424
    36 0.883299 -0.000002 0.000000 0.001277 0.038560 -0.033101
    37 0.948242 -1.142578 0.871582 1.693884 -0.344469 -0.124089
    38 1.629883 -0.000001 0.000001 0.000014 -0.188062 -0.185216
    39 1.085938 0.000000 -0.000002 0.000000 -0.040646 0.196333
    40 4.976479 0.000000 0.000004 0.009237 0.000000 0.000000
    41 9.952959 0.000000 0.000006 0.017352 0.000000 0.000000
    42 9.877266 0.000000 0.000002 0.000000 0.000000 -0.727062
    43 2.660156 0.000057 1.311523 -0.201327 -0.143306 -0.226689
    44 1.340820 0.000002 0.000001 -0.011404 -0.016672 -0.599950
    45 0.717773 0.000002 -0.000002 0.054473 0.175380 -0.302889
    46 2.935547 0.178589 0.486084 -0.194226 -0.103877 -0.292835
    47 1.604492 0.000001 0.000000 0.051969 0.088374 -0.532552
    48 0.857933 -0.000001 0.000000 -0.002415 -0.009757 -0.242679
    49 3.169922 0.098328 -0.363281 -0.183626 -0.067869 -0.258123
    50 1.909180 0.000000 0.000000 0.042077 0.053977 -0.662652
    51 1.023438 0.000001 0.000000 -0.001897 -0.012019 -0.156562
    52 3.271484 -0.136353 -1.259766 -0.177006 -0.034199 -0.204061
    53 1.509766 0.000003 0.000000 -0.051327 -0.064037 -0.676425
    54 0.883297 0.000000 0.000000 -0.001277 -0.038560 -0.033101
    55 0.948242 -1.139648 -0.875977 -1.690135 0.344972 -0.122837
    56 1.629883 0.000001 -0.000002 -0.000014 0.188062 -0.185216
    57 1.085938 0.000000 0.000002 0.000000 0.040646 0.196333
    58 9.952957 -0.000001 -0.000004 0.065101 0.000000 0.000000
    59 4.976482 0.000000 -0.000002 0.034877 0.000000 0.000000
    60 9.877266 0.000000 0.000000 0.000000 0.000000 -0.520443
    61 7.023271 -6.880002 4.339546 2.620672 -1.456011 -1.105365
    62 3.813801 -3.870655 0.998562 1.570796 -1.069638 0.199892
    63 0.000000 -0.000007 -0.000031 1.373047 0.113574 0.124314
    64 0.000000 -0.000007 -0.000031 1.373047 0.113574 0.124314
    65 2.685547 -1.180664 0.106812 1.364989 -0.517251 2.629313
    66 2.535156 -1.363281 -0.864258 -1.501147 -0.272558 -1.578261
    67 0.000000 0.000000 10.000000 0.000000 0.000000 0.000000
    68 0.018898 0.665159 9.395884 0.000000 0.000000 0.000000
    69 2.000000 -3.000000 0.000000 -1.570796 0.000000 -1.326450
    70 3.028210 -0.923409 -2.009451 1.574082 -0.012974 1.587243
    71 0.116953 4.311606 0.061859 0.000010 -0.000001 0.000000
    72 0.000000 -0.000002 0.000000 0.000000 0.000000 0.000000
    73 -0.000002 1.000000 0.000009 0.000000 0.000000 0.000000
    74 0.000000 0.000000 0.000000 0.000000 0.000000 0.000000
    75 0.000000 0.000000 0.000000 0.000000 0.000000 0.000000
    76 0.000000 0.000000 0.000000 0.000000 0.000000 0.000000
time 23
    0 3.728759 28.686794 7.964844 0.802382 -0.692012 -0.989129
    1 0.000000 3.591042 -0.015921 1.588747 -0.258030 1.485334
    2 3.548302 0.000000 0.000000 0.027207 -0.086124 0.044545
    3 3.284046 0.000001 0.000000 0.025873 -0.061342 0.132666
    4 5.062389 -0.000001 0.000000 0.071017 -0.062857 0.384671
    5 3.610073 1.295546 -1.332000 -1.642489 1.374742 2.986954
    6 4.890536 0.000004 0.000000 2.233778 1.059858 0.309528
    7 9.685764 0.000000 -0.000004 0.000000 0.000000 -0.750204
    8 3.610065 1.295545 1.332000 -0.049646 -1.275885 -1.733575
    9 4.890535 0.000000 -0.000001 -2.096396 -0.656426 0.034616
    10 9.685764 0.000000 0.000000 0.000000 0.000000 -1.382991
    11 9.256790 -0.000007 -0.000023 1.577736 0.188135 0.009116
    12 -3.219585 0.000000 0.000000 -0.418953 -0.764499 -2.103461
    13 9.256779 -0.000004 0.000011 -1.705472 0.125492 -0.324132
    14 16.283249 0.000000 0.000000 0.000000 0.000000 0.810599
    15 4.753334 0.000000 0.000000 2.924478 -0.405785 0.320738
    16 3.962090 0.000000 0.000000 -0.118111 -0.101205 0.348731
    17 16.291077 0.000000 0.000000 0.000000 0.000000 2.043983
    18 14.875347 0.000000 0.000000 0.342019 -0.470777 -0.889568
    19 5.277816 0.000000 0.000001 -0.111771 0.023789 -0.584027
    20 3.219585 0.000000 0.000000 -2.138153 -0.327738 -0.722002
    21 16.283253 0.000000 0.000000 0.000000 0.000000 0.644469
    22 16.291080 0.000000 0.000001 0.000000 0.000000 1.234551
    23 14.875350 0.000000 0.000000 -0.330006 0.327439 -0.816189
    24 5.277817 0.000000 0.000000 0.020205 -0.027680 -0.577760
    25 2.660156 0.004799 -1.311523 0.204923 0.143299 -0.226648
    26 1.340820 0.000000 0.000000 0.011404 0.016672 -0.599950
    27 0.717773 -0.000002 -0.000001 -0.054473 -0.175380 -0.302889
    28 2.933594 0.180298 -0.485352 0.197828 0.103894 -0.292786
    29 1.604492 0.000002 0.000000 -0.051969 -0.088374 -0.532552
    30 0.857929 0.000002 0.000000 0.002415 0.009757 -0.242679
    31 3.169922 0.097046 0.363525 0.187209 0.067909 -0.258128
    32 1.909180 0.000001 0.000000 -0.042077 -0.053977 -0.662652
    33 1.023438 -0.000002 0.000000 0.001897 0.012019 -0.156562
    34 3.269531 -0.140869 1.259766 0.180672 0.034142 -0.204037
    35 1.509766 -0.000001 -0.000001 0.051327 0.064037 -0.676424
    36 0.883299 -0.000002 0.000000 0.001277 0.038560 -0.033101
    37 0.948242 -1.142578 0.871582 1.693884 -0.344469 -0.124089
    38 1.629883 -0.000001 0.000001 0.000014 -0.188062 -0.185216
    39 1.085938 0.000000 -0.000002 0.000000 -0.040646 0.196333
    40 4.976479 0.000000 0.000004 -0.030992 0.000000 0.000000
    41 9.952959 0.000000 0.000006 -0.057846 0.000000 0.000000
    42 9.877266 0.000000 0.000002 0.000000 0.000000 -0.793159
    43 2.660156 0.000057 1.311523 -0.201327 -0.143306 -0.226689
    44 1.340820 0.000002 0.000001 -0.011404 -0.016672 -0.599950
    45 0.717773 0.000002 -0.000002 0.054473 0.175380 -0.302889
    46 2.935547 0.178589 0.486084 -0.194226 -0.103877 -0.292835
    47 1.604492 0.000001 0.000000 0.051969 0.088374 -0.532552
    48 0.857933 -0.000001 0.000000 -0.002415 -0.009757 -0.242679
    49 3.169922 0.098328 -0.363281 -0.183626 -0.067869 -0.258123
    50 1.909180 0.000000 0.000000 0.042077 0.053977 -0.662652
    51 1.023438 0.000001 0.000000 -0.001897 -0.012019 -0.156562
    52 3.271484 -0.136353 -1.259766 -0.177006 -0.034199 -0.204061
    53 1.509766 0.000003 0.000000 -0.051327 -0.064037 -0.676425
    54 0.883297 0.000000 0.000000 -0.001277 -0.038560 -0.033101
    55 0.948242 -1.139648 -0.875977 -1.690135 0.344972 -0.122837
    56 1.629883 0.000001 -0.000002 -0.000014 0.188062 -0.185216
    57 1.085938 0.000000 0.000002 0.000000 0.040646 0.196333
    58 9.952957 -0.000001 -0.000004 -0.017611 0.000000 0.000000
    59 4.976482 0.000000 -0.000002 -0.009323 0.000000 0.000000
    60 9.877266 0.000000 0.000000 0.000000 0.000000 -0.474927
    61 7.023271 -6.880002 4.339546 2.620672 -1.456011 -1.105365
    62 3.813801 -3.870655 0.998562 1.570796 -1.069638 0.199892
    63 0.000000 -0.000007 -0.000031 1.373047 0.113574 0.124314
    64 0.000000 -0.000007 -0.000031 1.373047 0.113574 0.124314
    65 2.685547 -1.180664 0.106812 1.364989 -0.517251 2.629313
    66 2.535156 -1.363281 -0.864258 -1.501147 -0.272558 -1.578261
    67 0.000000 0.000000 10.000000 0.000000 0.000000 0.000000
    68 0.018898 0.665159 9.395884 0.000000 0.000000 0.000000
    69 2.000000 -3.000000 0.000000 -1.570796 0.000000 -1.326450
    70 3.028210 -0.923409 -2.009451 1.574082 -0.012974 1.587243
    71 0.116953 4.311606 0.061859 0.000010 -0.000001 0.000000
    72 0.000000 -0.000002 0.000000 0.000000 0.000000 0.000000
    73 -0.000002 1.000000 0.000009 0.000000 0.000000 0.000000
    74 0.000000 0.000000 0.000000 0.000000 0.000000 0.000000
    75 0.000000 0.000000 0.000000 0.000000 0.000000 0.000000
    76 0.000000 0.000000 0.000000 0.000000 0.000000 0.000000
time 24
    0 3.925844 30.066139 6.031250 0.606046 -0.759166 -0.831054
    1 0.000000 3.591042 -0.015921 1.569423 -0.300434 1.502315
    2 3.548302 0.000000 0.000000 0.018884 -0.081201 0.062835
    3 3.284046 0.000001 0.000000 0.015428 -0.063464 0.163368
    4 5.062389 -0.000001 0.000000 0.049439 -0.085016 0.418271
    5 3.610073 1.295546 -1.332000 -1.505236 1.387955 3.128388
    6 4.890536 0.000004 0.000000 2.141859 1.002557 0.259310
    7 9.685764 0.000000 -0.000004 0.000000 0.000000 -0.578654
    8 3.610065 1.295545 1.332000 0.189918 -1.251880 -1.974032
    9 4.890535 0.000000 -0.000001 -2.092605 -0.654957 0.037374
    10 9.685764 0.000000 0.000000 0.000000 0.000000 -1.483872
    11 9.256790 -0.000007 -0.000023 1.434209 0.192749 -0.031420
    12 -3.219585 0.000000 0.000000 -0.545469 -0.821622 -1.999773
    13 9.256779 -0.000004 0.000011 -1.917784 0.090203 -0.283985
    14 16.283249 0.000000 0.000000 0.000000 0.000000 0.810599
    15 4.753334 0.000000 0.000000 2.894086 -0.373662 0.360466
    16 3.962090 0.000000 0.000000 -0.126249 -0.122471 0.347706
    17 16.291077 0.000000 0.000000 0.000000 0.000000 1.990519
    18 14.875347 0.000000 0.000000 0.386151 -0.290147 -1.028887
    19 5.277816 0.000000 0.000001 -0.111813 0.023786 -0.601111
    20 3.219585 0.000000 0.000000 -2.113422 -0.316428 -0.859777
    21 16.283253 0.000000 0.000000 0.000000 0.000000 0.589561
    22 16.291080 0.000000 0.000001 0.000000 0.000000 1.125045
    23 14.875350 0.000000 0.000000 -0.202478 0.065489 -0.916466
    24 5.277817 0.000000 0.000000 0.020217 -0.027643 -0.568399
    25 2.660156 0.004799 -1.311523 0.204923 0.143299 -0.226648
    26 1.340820 0.000000 0.000000 0.011404 0.016672 -0.599950
    27 0.717773 -0.000002 -0.000001 -0.054473 -0.175380 -0.302889
    28 2.933594 0.180298 -0.485352 0.197828 0.103894 -0.292786
    29 1.604492 0.000002 0.000000 -0.051969 -0.088374 -0.532552
    30 0.857929 0.000002 0.000000 0.002415 0.009757 -0.242679
    31 3.169922 0.097046 0.363525 0.187209 0.067909 -0.258128
    32 1.909180 0.000001 0.000000 -0.042077 -0.053977 -0.662652
    33 1.023438 -0.000002 0.000000 0.001897 0.012019 -0.156562
    34 3.269531 -0.140869 1.259766 0.180672 0.034142 -0.204037
    35 1.509766 -0.000001 -0.000001 0.051327 0.064037 -0.676424
    36 0.883299 -0.000002 0.000000 0.001277 0.038560 -0.033101
    37 0.948242 -1.142578 0.871582 1.693884 -0.344469 -0.124089
    38 1.629883 -0.000001 0.000001 0.000014 -0.188062 -0.185216
    39 1.085938 0.000000 -0.000002 0.000000 -0.040646 0.196333
    40 4.976479 0.000000 0.000004 -0.088167 0.000000 0.000000
    41 9.952959 0.000000 0.000006 -0.165070 0.000000 0.000000
    42 9.877266 0.000000 0.000002 0.000000 0.000000 -0.842932
    43 2.660156 0.000057 1.311523 -0.201327 -0.143306 -0.226689
    44 1.340820 0.000002 0.000001 -0.011404 -0.016672 -0.599950
    45 0.717773 0.000002 -0.000002 0.054473 0.175380 -0.302889
    46 2.935547 0.178589 0.486084 -0.194226 -0.103877 -0.292835
    47 1.604492 0.000001 0.000000 0.051969 0.088374 -0.532552
    48 0.857933 -0.000001 0.000000 -0.002415 -0.009757 -0.242679
    49 3.169922 0.098328 -0.363281 -0.183626 -0.067869 -0.258123
    50 1.909180 0.000000 0.000000 0.042077 0.053977 -0.662652
    51 1.023438 0.000001 0.000000 -0.001897 -0.012019 -0.156562
    52 3.271484 -0.136353 -1.259766 -0.177006 -0.034199 -0.204061
    53 1.509766 0.000003 0.000000 -0.051327 -0.064037 -0.676425
    54 0.883297 0.000000 0.000000 -0.001277 -0.038560 -0.033101
    55 0.948242 -1.139648 -0.875977 -1.690135 0.344972 -0.122837
    56 1.629883 0.000001 -0.000002 -0.000014 0.188062 -0.185216
    57 1.085938 0.000000 0.000002 0.000000 0.040646 0.196333
    58 9.952957 -0.000001 -0.000004 -0.233003 0.000000 0.000000
    59 4.976482 0.000000 -0.000002 -0.120152 0.000000 0.000000
    60 9.877266 0.000000 0.000000 0.000000 0.000000 -0.388136
    61 7.023271 -6.880002 4.339546 2.620672 -1.456011 -1.105365
    62 3.813801 -3.870655 0.998562 1.570796 -1.069638 0.199892
    63 0.000000 -0.000007 -0.000031 1.373047 0.113574 0.124314
    64 0.000000 -0.000007 -0.000031 1.373047 0.113574 0.124314
    65 2.685547 -1.180664 0.106812 1.364989 -0.517251 2.629313
    66 2.535156 -1.363281 -0.864258 -1.501147 -0.272558 -1.578261
    67 0.000000 0.000000 10.000000 0.000000 0.000000 0.000000
    68 0.018898 0.665159 9.395884 0.000000 0.000000 0.000000
    69 2.000000 -3.000000 0.000000 -1.570796 0.000000 -1.326450
    70 3.028210 -0.923409 -2.009451 1.574082 -0.012974 1.587243
    71 0.116953 4.311606 0.061859 0.000010 -0.000001 0.000000
    72 0.000000 -0.000002 0.000000 0.000000 0.000000 0.000000
    73 -0.000002 1.000000 0.000009 0.000000 0.000000 0.000000
    74 0.000000 0.000000 0.000000 0.000000 0.000000 0.000000
    75 0.000000 0.000000 0.000000 0.000000 0.000000 0.000000
    76 0.000000 0.000000 0.000000 0.000000 0.000000 0.000000
time 25
    0 4.404224 30.987302 5.175781 0.352586 -0.828367 -0.589847
    1 0.000000 3.591042 -0.015921 1.551095 -0.300263 1.541958
    2 3.548302 0.000000 0.000000 0.005067 -0.064295 0.073528
    3 3.284046 0.000001 0.000000 -0.001600 -0.053169 0.180340
    4 5.062389 -0.000001 0.000000 0.012731 -0.122076 0.453287
    5 3.610073 1.295546 -1.332000 -1.199203 1.372706 -2.854592
    6 4.890536 0.000004 0.000000 1.965432 0.933101 0.190571
    7 9.685764 0.000000 -0.000004 0.000000 0.000000 -0.385673
    8 3.610065 1.295545 1.332000 0.487115 -1.235179 -2.255671
    9 4.890535 0.000000 -0.000001 -2.027418 -0.660789 -0.021358
    10 9.685764 0.000000 0.000000 0.000000 0.000000 -1.559930
    11 9.256790 -0.000007 -0.000023 1.360919 0.222740 -0.054499
    12 -3.219585 0.000000 0.000000 -0.682235 -0.865132 -2.010937
    13 9.256779 -0.000004 0.000011 -2.041470 0.093842 -0.038226
    14 16.283249 0.000000 0.000000 0.000000 0.000000 0.810599
    15 4.753334 0.000000 0.000000 2.813352 -0.359526 0.464366
    16 3.962090 0.000000 0.000000 -0.134153 -0.127548 0.331976
    17 16.291077 0.000000 0.000000 0.000000 0.000000 1.971319
    18 14.875347 0.000000 0.000000 0.386113 -0.191071 -1.063511
    19 5.277816 0.000000 0.000001 -0.111782 0.023860 -0.608540
    20 3.219585 0.000000 0.000000 -2.046376 -0.296153 -1.105849
    21 16.283253 0.000000 0.000000 0.000000 0.000000 0.511693
    22 16.291080 0.000000 0.000001 0.000000 0.000000 0.970574
    23 14.875350 0.000000 0.000000 -0.221224 0.013183 -0.951304
    24 5.277817 0.000000 0.000000 0.020262 -0.027683 -0.559682
    25 2.660156 0.004799 -1.311523 0.204923 0.143299 -0.226648
    26 1.340820 0.000000 0.000000 0.011404 0.016672 -0.599950
    27 0.717773 -0.000002 -0.000001 -0.054473 -0.175380 -0.302889
    28 2.933594 0.180298 -0.485352 0.197828 0.103894 -0.292786
    29 1.604492 0.000002 0.000000 -0.051969 -0.088374 -0.532552
    30 0.857929 0.000002 0.000000 0.002415 0.009757 -0.242679
    31 3.169922 0.097046 0.363525 0.187209 0.067909 -0.258128
    32 1.909180 0.000001 0.000000 -0.042077 -0.053977 -0.662652
    33 1.023438 -0.000002 0.000000 0.001897 0.012019 -0.156562
    34 3.269531 -0.140869 1.259766 0.180672 0.034142 -0.204037
    35 1.509766 -0.000001 -0.000001 0.051327 0.064037 -0.676424
    36 0.883299 -0.000002 0.000000 0.001277 0.038560 -0.033101
    37 0.948242 -1.142578 0.871582 1.693884 -0.344469 -0.124089
    38 1.629883 -0.000001 0.000001 0.000014 -0.188062 -0.185216
    39 1.085938 0.000000 -0.000002 0.000000 -0.040646 0.196333
    40 4.976479 0.000000 0.000004 -0.117644 0.000000 0.000000
    41 9.952959 0.000000 0.000006 -0.221794 0.000000 0.000000
    42 9.877266 0.000000 0.000002 0.000000 0.000000 -0.880175
    43 2.660156 0.000057 1.311523 -0.201327 -0.143306 -0.226689
    44 1.340820 0.000002 0.000001 -0.011404 -0.016672 -0.599950
    45 0.717773 0.000002 -0.000002 0.054473 0.175380 -0.302889
    46 2.935547 0.178589 0.486084 -0.194226 -0.103877 -0.292835
    47 1.604492 0.000001 0.000000 0.051969 0.088374 -0.532552
    48 0.857933 -0.000001 0.000000 -0.002415 -0.009757 -0.242679
    49 3.169922 0.098328 -0.363281 -0.183626 -0.067869 -0.258123
    50 1.909180 0.000000 0.000000 0.042077 0.053977 -0.662652
    51 1.023438 0.000001 0.000000 -0.001897 -0.012019 -0.156562
    52 3.271484 -0.136353 -1.259766 -0.177006 -0.034199 -0.204061
    53 1.509766 0.000003 0.000000 -0.051327 -0.064037 -0.676425
    54 0.883297 0.000000 0.000000 -0.001277 -0.038560 -0.033101
    55 0.948242 -1.139648 -0.875977 -1.690135 0.344972 -0.122837
    56 1.629883 0.000001 -0.000002 -0.000014 0.188062 -0.185216
    57 1.085938 0.000000 0.000002 0.000000 0.040646 0.196333
    58 9.952957 -0.000001 -0.000004 -0.376530 0.000000 0.000000
    59 4.976482 0.000000 -0.000002 -0.191418 0.000000 0.000000
    60 9.877266 0.000000 0.000000 0.000000 0.000000 -0.290907
    61 7.023271 -6.880002 4.339546 2.620672 -1.456011 -1.105365
    62 3.813801 -3.870655 0.998562 1.570796 -1.069638 0.199892
    63 0.000000 -0.000007 -0.000031 1.373047 0.113574 0.124314
    64 0.000000 -0.000007 -0.000031 1.373047 0.113574 0.124314
    65 2.685547 -1.180664 0.106812 1.364989 -0.517251 2.629313
    66 2.535156 -1.363281 -0.864258 -1.501147 -0.272558 -1.578261
    67 0.000000 0.000000 10.000000 0.000000 0.000000 0.000000
    68 0.018898 0.665159 9.395884 0.000000 0.000000 0.000000
    69 2.000000 -3.000000 0.000000 -1.570796 0.000000 -1.326450
    70 3.028210 -0.923409 -2.009451 1.574082 -0.012974 1.587243
    71 0.116953 4.311606 0.061859 0.000010 -0.000001 0.000000
    72 0.000000 -0.000002 0.000000 0.000000 0.000000 0.000000
    73 -0.000002 1.000000 0.000009 0.000000 0.000000 0.000000
    74 0.000000 0.000000 0.000000 0.000000 0.000000 0.000000
    75 0.000000 0.000000 0.000000 0.000000 0.000000 0.000000
    76 0.000000 0.000000 0.000000 0.000000 0.000000 0.000000
time 26
    0 4.857256 31.907316 5.386719 0.096907 -0.899581 -0.359114
    1 0.000000 3.591042 -0.015921 1.545049 -0.271798 1.570176
    2 3.548302 0.000000 0.000000 0.002043 -0.038166 0.069480
    3 3.284046 0.000001 0.000000 -0.005858 -0.028433 0.173835
    4 5.062389 -0.000001 0.000000 -0.001015 -0.127692 0.471709
    5 3.610073 1.295546 -1.332000 -0.625842 1.355030 -2.290780
    6 4.890536 0.000004 0.000000 1.817123 0.788065 0.015540
    7 9.685764 0.000000 -0.000004 0.000000 0.000000 -0.397554
    8 3.610065 1.295545 1.332000 0.498824 -1.230144 -2.259053
    9 4.890535 0.000000 -0.000001 -1.814634 -0.622093 -0.234173
    10 9.685764 0.000000 0.000000 0.000000 0.000000 -1.691307
    11 9.256790 -0.000007 -0.000023 1.364069 0.248338 -0.040302
    12 -3.219585 0.000000 0.000000 -0.885188 -0.882211 -1.989022
    13 9.256779 -0.000004 0.000011 -1.955898 0.025263 0.061263
    14 16.283249 0.000000 0.000000 0.000000 0.000000 0.810599
    15 4.753334 0.000000 0.000000 2.781099 -0.363192 0.571555
    16 3.962090 0.000000 0.000000 -0.117723 -0.109791 0.331288
    17 16.291077 0.000000 0.000000 0.000000 0.000000 1.954288
    18 14.875347 0.000000 0.000000 0.383920 -0.238162 -1.102321
    19 5.277816 0.000000 0.000001 -0.111764 0.023854 -0.601838
    20 3.219585 0.000000 0.000000 -2.021513 -0.226013 -1.319687
    21 16.283253 0.000000 0.000000 0.000000 0.000000 0.437882
    22 16.291080 0.000000 0.000001 0.000000 0.000000 0.824805
    23 14.875350 0.000000 0.000000 -0.282528 0.044332 -0.960864
    24 5.277817 0.000000 0.000000 0.020195 -0.027659 -0.566780
    25 2.660156 0.004799 -1.311523 0.204923 0.143299 -0.226648
    26 1.340820 0.000000 0.000000 0.011404 0.016672 -0.599950
    27 0.717773 -0.000002 -0.000001 -0.054473 -0.175380 -0.302889
    28 2.933594 0.180298 -0.485352 0.197828 0.103894 -0.292786
    29 1.604492 0.000002 0.000000 -0.051969 -0.088374 -0.532552
    30 0.857929 0.000002 0.000000 0.002415 0.009757 -0.242679
    31 3.169922 0.097046 0.363525 0.187209 0.067909 -0.258128
    32 1.909180 0.000001 0.000000 -0.042077 -0.053977 -0.662652
    33 1.023438 -0.000002 0.000000 0.001897 0.012019 -0.156562
    34 3.269531 -0.140869 1.259766 0.180672 0.034142 -0.204037
    35 1.509766 -0.000001 -0.000001 0.051327 0.064037 -0.676424
    36 0.883299 -0.000002 0.000000 0.001277 0.038560 -0.033101
    37 0.948242 -1.142578 0.871582 1.693884 -0.344469 -0.124089
    38 1.629883 -0.000001 0.000001 0.000014 -0.188062 -0.185216
    39 1.085938 0.000000 -0.000002 0.000000 -0.040646 0.196333
    40 4.976479 0.000000 0.000004 -0.115050 0.000000 0.000000
    41 9.952959 0.000000 0.000006 -0.216583 0.000000 0.000000
    42 9.877266 0.000000 0.000002 0.000000 0.000000 -0.885426
    43 2.660156 0.000057 1.311523 -0.201327 -0.143306 -0.226689
    44 1.340820 0.000002 0.000001 -0.011404 -0.016672 -0.599950
    45 0.717773 0.000002 -0.000002 0.054473 0.175380 -0.302889
    46 2.935547 0.178589 0.486084 -0.194226 -0.103877 -0.292835
    47 1.604492 0.000001 0.000000 0.051969 0.088374 -0.532552
    48 0.857933 -0.000001 0.000000 -0.002415 -0.009757 -0.242679
    49 3.169922 0.098328 -0.363281 -0.183626 -0.067869 -0.258123
    50 1.909180 0.000000 0.000000 0.042077 0.053977 -0.662652
    51 1.023438 0.000001 0.000000 -0.001897 -0.012019 -0.156562
    52 3.271484 -0.136353 -1.259766 -0.177006 -0.034199 -0.204061
    53 1.509766 0.000003 0.000000 -0.051327 -0.064037 -0.676425
    54 0.883297 0.000000 0.000000 -0.001277 -0.038560 -0.033101
    55 0.948242 -1.139648 -0.875977 -1.690135 0.344972 -0.122837
    56 1.629883 0.000001 -0.000002 -0.000014 0.188062 -0.185216
    57 1.085938 0.000000 0.000002 0.000000 0.040646 0.196333
    58 9.952957 -0.000001 -0.000004 -0.304874 0.000000 0.000000
    59 4.976482 0.000000 -0.000002 -0.156063 0.000000 0.000000
    60 9.877266 0.000000 0.000000 0.000000 0.000000 -0.296929
    61 7.023271 -6.880002 4.339546 2.620672 -1.456011 -1.105365
    62 3.813801 -3.870655 0.998562 1.570796 -1.069638 0.199892
    63 0.000000 -0.000007 -0.000031 1.373047 0.113574 0.124314
    64 0.000000 -0.000007 -0.000031 1.373047 0.113574 0.124314
    65 2.685547 -1.180664 0.106812 1.364989 -0.517251 2.629313
    66 2.535156 -1.363281 -0.864258 -1.501147 -0.272558 -1.578261
    67 0.000000 0.000000 10.000000 0.000000 0.000000 0.000000
    68 0.018898 0.665159 9.395884 0.000000 0.000000 0.000000
    69 2.000000 -3.000000 0.000000 -1.570796 0.000000 -1.326450
    70 3.028210 -0.923409 -2.009451 1.574082 -0.012974 1.587243
    71 0.116953 4.311606 0.061859 0.000010 -0.000001 0.000000
    72 0.000000 -0.000002 0.000000 0.000000 0.000000 0.000000
    73 -0.000002 1.000000 0.000009 0.000000 0.000000 0.000000
    74 0.000000 0.000000 0.000000 0.000000 0.000000 0.000000
    75 0.000000 0.000000 0.000000 0.000000 0.000000 0.000000
    76 0.000000 0.000000 0.000000 0.000000 0.000000 0.000000
time 27
    0 5.100737 33.085946 6.062500 -0.129531 -0.943669 -0.155719
    1 0.000000 3.591042 -0.015921 1.540671 -0.247710 1.577326
    2 3.548302 0.000000 0.000000 0.007391 -0.022205 0.049909
    3 3.284046 0.000001 0.000000 -0.005929 -0.022409 0.150252
    4 5.062389 -0.000001 0.000000 0.008185 -0.100291 0.449289
    5 3.610073 1.295546 -1.332000 -0.447232 1.388238 -2.124847
    6 4.890536 0.000004 0.000000 2.081585 1.031356 0.233022
    7 9.685764 0.000000 -0.000004 0.000000 0.000000 -0.277652
    8 3.610065 1.295545 1.332000 0.394997 -1.193902 -2.179893
    9 4.890535 0.000000 -0.000001 -1.623310 -0.564496 -0.299434
    10 9.685764 0.000000 0.000000 0.000000 0.000000 -1.856726
    11 9.256790 -0.000007 -0.000023 1.345975 0.285319 -0.063453
    12 -3.219585 0.000000 0.000000 -1.082025 -0.859775 -1.916914
    13 9.256779 -0.000004 0.000011 -1.946265 -0.066005 0.167617
    14 16.283249 0.000000 0.000000 0.000000 0.000000 0.810599
    15 4.753334 0.000000 0.000000 2.858697 -0.310929 0.606486
    16 3.962090 0.000000 0.000000 -0.095559 -0.100835 0.303701
    17 16.291077 0.000000 0.000000 0.000000 0.000000 1.907147
    18 14.875347 0.000000 0.000000 0.320898 -0.247341 -1.182969
    19 5.277816 0.000000 0.000001 -0.111764 0.023785 -0.580687
    20 3.219585 0.000000 0.000000 -2.037423 -0.172581 -1.430920
    21 16.283253 0.000000 0.000000 0.000000 0.000000 0.393944
    22 16.291080 0.000000 0.000001 0.000000 0.000000 0.737972
    23 14.875350 0.000000 0.000000 -0.279548 0.030643 -0.945882
    24 5.277817 0.000000 0.000000 0.020211 -0.027684 -0.561927
    25 2.660156 0.004799 -1.311523 0.204923 0.143299 -0.226648
    26 1.340820 0.000000 0.000000 0.011404 0.016672 -0.599950
    27 0.717773 -0.000002 -0.000001 -0.054473 -0.175380 -0.302889
    28 2.933594 0.180298 -0.485352 0.197828 0.103894 -0.292786
    29 1.604492 0.000002 0.000000 -0.051969 -0.088374 -0.532552
    30 0.857929 0.000002 0.000000 0.002415 0.009757 -0.242679
    31 3.169922 0.097046 0.363525 0.187209 0.067909 -0.258128
    32 1.909180 0.000001 0.000000 -0.042077 -0.053977 -0.662652
    33 1.023438 -0.000002 0.000000 0.001897 0.012019 -0.156562
    34 3.269531 -0.140869 1.259766 0.180672 0.034142 -0.204037
    35 1.509766 -0.000001 -0.000001 0.051327 0.064037 -0.676424
    36 0.883299 -0.000002 0.000000 0.001277 0.038560 -0.033101
    37 0.948242 -1.142578 0.871582 1.693884 -0.344469 -0.124089
    38 1.629883 -0.000001 0.000001 0.000014 -0.188062 -0.185216
    39 1.085938 0.000000 -0.000002 0.000000 -0.040646 0.196333
    40 4.976479 0.000000 0.000004 -0.118076 0.000000 0.000000
    41 9.952959 0.000000 0.000006 -0.222489 0.000000 0.000000
    42 9.877266 0.000000 0.000002 0.000000 0.000000 -0.885426
    43 2.660156 0.000057 1.311523 -0.201327 -0.143306 -0.226689
    44 1.340820 0.000002 0.000001 -0.011404 -0.016672 -0.599950
    45 0.717773 0.000002 -0.000002 0.054473 0.175380 -0.302889
    46 2.935547 0.178589 0.486084 -0.194226 -0.103877 -0.292835
    47 1.604492 0.000001 0.000000 0.051969 0.088374 -0.532552
    48 0.857933 -0.000001 0.000000 -0.002415 -0.009757 -0.242679
    49 3.169922 0.098328 -0.363281 -0.183626 -0.067869 -0.258123
    50 1.909180 0.000000 0.000000 0.042077 0.053977 -0.662652
    51 1.023438 0.000001 0.000000 -0.001897 -0.012019 -0.156562
    52 3.271484 -0.136353 -1.259766 -0.177006 -0.034199 -0.204061
    53 1.509766 0.000003 0.000000 -0.051327 -0.064037 -0.676425
    54 0.883297 0.000000 0.000000 -0.001277 -0.038560 -0.033101
    55 0.948242 -1.139648 -0.875977 -1.690135 0.344972 -0.122837
    56 1.629883 0.000001 -0.000002 -0.000014 0.188062 -0.185216
    57 1.085938 0.000000 0.000002 0.000000 0.040646 0.196333
    58 9.952957 -0.000001 -0.000004 -0.276519 0.000000 0.000000
    59 4.976482 0.000000 -0.000002 -0.141953 0.000000 0.000000
    60 9.877266 0.000000 0.000000 0.000000 0.000000 -0.236914
    61 7.023271 -6.880002 4.339546 2.620672 -1.456011 -1.105365
    62 3.813801 -3.870655 0.998562 1.570796 -1.069638 0.199892
    63 0.000000 -0.000007 -0.000031 1.373047 0.113574 0.124314
    64 0.000000 -0.000007 -0.000031 1.373047 0.113574 0.124314
    65 2.685547 -1.180664 0.106812 1.364989 -0.517251 2.629313
    66 2.535156 -1.363281 -0.864258 -1.501147 -0.272558 -1.578261
    67 0.000000 0.000000 10.000000 0.000000 0.000000 0.000000
    68 0.018898 0.665159 9.395884 0.000000 0.000000 0.000000
    69 2.000000 -3.000000 0.000000 -1.570796 0.000000 -1.326450
    70 3.028210 -0.923409 -2.009451 1.574082 -0.012974 1.587243
    71 0.116953 4.311606 0.061859 0.000010 -0.000001 0.000000
    72 0.000000 -0.000002 0.000000 0.000000 0.000000 0.000000
    73 -0.000002 1.000000 0.000009 0.000000 0.000000 0.000000
    74 0.000000 0.000000 0.000000 0.000000 0.000000 0.000000
    75 0.000000 0.000000 0.000000 0.000000 0.000000 0.000000
    76 0.000000 0.000000 0.000000 0.000000 0.000000 0.000000
time 28
    0 5.266748 34.482176 6.824219 -0.331227 -0.949768 0.031968
    1 0.000000 3.591042 -0.015921 1.562487 -0.243398 1.583212
    2 3.548302 0.000000 0.000000 0.022564 -0.019958 0.031720
    3 3.284046 0.000001 0.000000 0.013498 -0.020158 0.128328
    4 5.062389 -0.000001 0.000000 0.023730 -0.102764 0.410043
    5 3.610073 1.295546 -1.332000 -1.350420 1.406016 -3.023245
    6 4.890536 0.000004 0.000000 2.078552 1.062086 0.278676
    7 9.685764 0.000000 -0.000004 0.000000 0.000000 -0.218667
    8 3.610065 1.295545 1.332000 0.344464 -1.192556 -2.153224
    9 4.890535 0.000000 -0.000001 -1.626591 -0.580715 -0.168153
    10 9.685764 0.000000 0.000000 0.000000 0.000000 -1.979282
    11 9.256790 -0.000007 -0.000023 1.275127 0.241186 -0.157306
    12 -3.219585 0.000000 0.000000 -1.194810 -0.808831 -1.874566
    13 9.256779 -0.000004 0.000011 -2.059976 0.001562 0.190530
    14 16.283249 0.000000 0.000000 0.000000 0.000000 0.810599
    15 4.753334 0.000000 0.000000 2.917398 -0.138475 0.576485
    16 3.962090 0.000000 0.000000 -0.113589 -0.126110 0.321842
    17 16.291077 0.000000 0.000000 0.000000 0.000000 1.839201
    18 14.875347 0.000000 0.000000 0.256778 -0.137524 -1.238168
    19 5.277816 0.000000 0.000001 -0.111817 0.023839 -0.572486
    20 3.219585 0.000000 0.000000 -2.011192 -0.169086 -1.483244
    21 16.283253 0.000000 0.000000 0.000000 0.000000 0.384530
    22 16.291080 0.000000 0.000001 0.000000 0.000000 0.719401
    23 14.875350 0.000000 0.000000 -0.244143 -0.015342 -0.922045
    24 5.277817 0.000000 0.000000 0.020263 -0.027646 -0.565702
    25 2.660156 0.004799 -1.311523 0.204923 0.143299 -0.226648
    26 1.340820 0.000000 0.000000 0.011404 0.016672 -0.599950
    27 0.717773 -0.000002 -0.000001 -0.054473 -0.175380 -0.302889
    28 2.933594 0.180298 -0.485352 0.197828 0.103894 -0.292786
    29 1.604492 0.000002 0.000000 -0.051969 -0.088374 -0.532552
    30 0.857929 0.000002 0.000000 0.002415 0.009757 -0.242679
    31 3.169922 0.097046 0.363525 0.187209 0.067909 -0.258128
    32 1.909180 0.000001 0.000000 -0.042077 -0.053977 -0.662652
    33 1.023438 -0.000002 0.000000 0.001897 0.012019 -0.156562
    34 3.269531 -0.140869 1.259766 0.180672 0.034142 -0.204037
    35 1.509766 -0.000001 -0.000001 0.051327 0.064037 -0.676424
    36 0.883299 -0.000002 0.000000 0.001277 0.038560 -0.033101
    37 0.948242 -1.142578 0.871582 1.693884 -0.344469 -0.124089
    38 1.629883 -0.000001 0.000001 0.000014 -0.188062 -0.185216
    39 1.085938 0.000000 -0.000002 0.000000 -0.040646 0.196333
    40 4.976479 0.000000 0.000004 -0.147232 0.000000 0.000000
    41 9.952959 0.000000 0.000006 -0.279308 0.000000 0.000000
    42 9.877266 0.000000 0.000002 0.000000 0.000000 -0.885426
    43 2.660156 0.000057 1.311523 -0.201327 -0.143306 -0.226689
    44 1.340820 0.000002 0.000001 -0.011404 -0.016672 -0.599950
    45 0.717773 0.000002 -0.000002 0.054473 0.175380 -0.302889
    46 2.935547 0.178589 0.486084 -0.194226 -0.103877 -0.292835
    47 1.604492 0.000001 0.000000 0.051969 0.088374 -0.532552
    48 0.857933 -0.000001 0.000000 -0.002415 -0.009757 -0.242679
    49 3.169922 0.098328 -0.363281 -0.183626 -0.067869 -0.258123
    50 1.909180 0.000000 0.000000 0.042077 0.053977 -0.662652
    51 1.023438 0.000001 0.000000 -0.001897 -0.012019 -0.156562
    52 3.271484 -0.136353 -1.259766 -0.177006 -0.034199 -0.204061
    53 1.509766 0.000003 0.000000 -0.051327 -0.064037 -0.676425
    54 0.883297 0.000000 0.000000 -0.001277 -0.038560 -0.033101
    55 0.948242 -1.139648 -0.875977 -1.690135 0.344972 -0.122837
    56 1.629883 0.000001 -0.000002 -0.000014 0.188062 -0.185216
    57 1.085938 0.000000 0.000002 0.000000 0.040646 0.196333
    58 9.952957 -0.000001 -0.000004 -0.411037 0.000000 0.000000
    59 4.976482 0.000000 -0.000002 -0.208336 0.000000 0.000000
    60 9.877266 0.000000 0.000000 0.000000 0.000000 -0.207641
    61 7.023271 -6.880002 4.339546 2.620672 -1.456011 -1.105365
    62 3.813801 -3.870655 0.998562 1.570796 -1.069638 0.199892
    63 0.000000 -0.000007 -0.000031 1.373047 0.113574 0.124314
    64 0.000000 -0.000007 -0.000031 1.373047 0.113574 0.124314
    65 2.685547 -1.180664 0.106812 1.364989 -0.517251 2.629313
    66 2.535156 -1.363281 -0.864258 -1.501147 -0.272558 -1.578261
    67 0.000000 0.000000 10.000000 0.000000 0.000000 0.000000
    68 0.018898 0.665159 9.395884 0.000000 0.000000 0.000000
    69 2.000000 -3.000000 0.000000 -1.570796 0.000000 -1.326450
    70 3.028210 -0.923409 -2.009451 1.574082 -0.012974 1.587243
    71 0.116953 4.311606 0.061859 0.000010 -0.000001 0.000000
    72 0.000000 -0.000002 0.000000 0.000000 0.000000 0.000000
    73 -0.000002 1.000000 0.000009 0.000000 0.000000 0.000000
    74 0.000000 0.000000 0.000000 0.000000 0.000000 0.000000
    75 0.000000 0.000000 0.000000 0.000000 0.000000 0.000000
    76 0.000000 0.000000 0.000000 0.000000 0.000000 0.000000
time 29
    0 5.537255 35.872801 7.511719 -0.464221 -0.921865 0.159502
    1 0.000000 3.591042 -0.015921 1.611208 -0.237422 1.590358
    2 3.548302 0.000000 0.000000 0.042009 -0.019975 0.030063
    3 3.284046 0.000001 0.000000 0.046913 -0.000865 0.121549
    4 5.062389 -0.000001 0.000000 0.038373 -0.120058 0.393843
    5 3.610073 1.295546 -1.332000 -1.304841 1.356483 -2.981511
    6 4.890536 0.000004 0.000000 1.985893 0.995752 0.100944
    7 9.685764 0.000000 -0.000004 0.000000 0.000000 -0.354495
    8 3.610065 1.295545 1.332000 0.375685 -1.225543 -2.188626
    9 4.890535 0.000000 -0.000001 -1.824580 -0.626664 0.025871
    10 9.685764 0.000000 0.000000 0.000000 0.000000 -1.995454
    11 9.256790 -0.000007 -0.000023 1.098408 0.113011 -0.190266
    12 -3.219585 0.000000 0.000000 -1.206363 -0.762724 -1.887028
    13 9.256779 -0.000004 0.000011 -2.073742 -0.059356 0.191390
    14 16.283249 0.000000 0.000000 0.000000 0.000000 0.810599
    15 4.753334 0.000000 0.000000 2.930469 0.018071 0.503130
    16 3.962090 0.000000 0.000000 -0.125694 -0.131411 0.408298
    17 16.291077 0.000000 0.000000 0.000000 0.000000 1.771009
    18 14.875347 0.000000 0.000000 0.254227 -0.023968 -1.228784
    19 5.277816 0.000000 0.000001 -0.111790 0.023829 -0.577984
    20 3.219585 0.000000 0.000000 -1.944459 -0.229719 -1.490110
    21 16.283253 0.000000 0.000000 0.000000 0.000000 0.401518
    22 16.291080 0.000000 0.000001 0.000000 0.000000 0.752988
    23 14.875350 0.000000 0.000000 -0.212009 -0.059791 -0.894669
    24 5.277817 0.000000 0.000000 0.020217 -0.027679 -0.562376
    25 2.660156 0.004799 -1.311523 0.204923 0.143299 -0.226648
    26 1.340820 0.000000 0.000000 0.011404 0.016672 -0.599950
    27 0.717773 -0.000002 -0.000001 -0.054473 -0.175380 -0.302889
    28 2.933594 0.180298 -0.485352 0.197828 0.103894 -0.292786
    29 1.604492 0.000002 0.000000 -0.051969 -0.088374 -0.532552
    30 0.857929 0.000002 0.000000 0.002415 0.009757 -0.242679
    31 3.169922 0.097046 0.363525 0.187209 0.067909 -0.258128
    32 1.909180 0.000001 0.000000 -0.042077 -0.053977 -0.662652
    33 1.023438 -0.000002 0.000000 0.001897 0.012019 -0.156562
    34 3.269531 -0.140869 1.259766 0.180672 0.034142 -0.204037
    35 1.509766 -0.000001 -0.000001 0.051327 0.064037 -0.676424
    36 0.883299 -0.000002 0.000000 0.001277 0.038560 -0.033101
    37 0.948242 -1.142578 0.871582 1.693884 -0.344469 -0.124089
    38 1.629883 -0.000001 0.000001 0.000014 -0.188062 -0.185216
    39 1.085938 0.000000 -0.000002 0.000000 -0.040646 0.196333
    40 4.976479 0.000000 0.000004 -0.247002 0.000000 0.000000
    41 9.952959 0.000000 0.000006 -0.478392 0.000000 0.000000
    42 9.877266 0.000000 0.000002 0.000000 0.000000 -0.885426
    43 2.660156 0.000057 1.311523 -0.201327 -0.143306 -0.226689
    44 1.340820 0.000002 0.000001 -0.011404 -0.016672 -0.599950
    45 0.717773 0.000002 -0.000002 0.054473 0.175380 -0.302889
    46 2.935547 0.178589 0.486084 -0.194226 -0.103877 -0.292835
    47 1.604492 0.000001 0.000000 0.051969 0.088374 -0.532552
    48 0.857933 -0.000001 0.000000 -0.002415 -0.009757 -0.242679
    49 3.169922 0.098328 -0.363281 -0.183626 -0.067869 -0.258123
    50 1.909180 0.000000 0.000000 0.042077 0.053977 -0.662652
    51 1.023438 0.000001 0.000000 -0.001897 -0.012019 -0.156562
    52 3.271484 -0.136353 -1.259766 -0.177006 -0.034199 -0.204061
    53 1.509766 0.000003 0.000000 -0.051327 -0.064037 -0.676425
    54 0.883297 0.000000 0.000000 -0.001277 -0.038560 -0.033101
    55 0.948242 -1.139648 -0.875977 -1.690135 0.344972 -0.122837
    56 1.629883 0.000001 -0.000002 -0.000014 0.188062 -0.185216
    57 1.085938 0.000000 0.000002 0.000000 0.040646 0.196333
    58 9.952957 -0.000001 -0.000004 -0.407951 0.000000 0.000000
    59 4.976482 0.000000 -0.000002 -0.206860 0.000000 0.000000
    60 9.877266 0.000000 0.000000 0.000000 0.000000 -0.275386
    61 7.023271 -6.880002 4.339546 2.620672 -1.456011 -1.105365
    62 3.813801 -3.870655 0.998562 1.570796 -1.069638 0.199892
    63 0.000000 -0.000007 -0.000031 1.373047 0.113574 0.124314
    64 0.000000 -0.000007 -0.000031 1.373047 0.113574 0.124314
    65 2.685547 -1.180664 0.106812 1.364989 -0.517251 2.629313
    66 2.535156 -1.363281 -0.864258 -1.501147 -0.272558 -1.578261
    67 0.000000 0.000000 10.000000 0.000000 0.000000 0.000000
    68 0.018898 0.665159 9.395884 0.000000 0.000000 0.000000
    69 2.000000 -3.000000 0.000000 -1.570796 0.000000 -1.326450
    70 3.028210 -0.923409 -2.009451 1.574082 -0.012974 1.587243
    71 0.116953 4.311606 0.061859 0.000010 -0.000001 0.000000
    72 0.000000 -0.000002 0.000000 0.000000 0.000000 0.000000
    73 -0.000002 1.000000 0.000009 0.000000 0.000000 0.000000
    74 0.000000 0.000000 0.000000 0.000000 0.000000 0.000000
    75 0.000000 0.000000 0.000000 0.000000 0.000000 0.000000
    76 0.000000 0.000000 0.000000 0.000000 0.000000 0.000000
time 30
    0 5.830712 37.048582 8.281250 -0.550977 -0.878189 0.223918
    1 0.000000 3.591042 -0.015921 1.636661 -0.253148 1.608269
    2 3.548302 0.000000 0.000000 0.053704 -0.020468 0.025705
    3 3.284046 0.000001 0.000000 0.066894 0.009121 0.120352
    4 5.062389 -0.000001 0.000000 0.044111 -0.134600 0.385885
    5 3.610073 1.295546 -1.332000 -1.059812 1.328559 -2.739224
    6 4.890536 0.000004 0.000000 2.057459 0.999444 0.033338
    7 9.685764 0.000000 -0.000004 0.000000 0.000000 -0.298238
    8 3.610065 1.295545 1.332000 0.044848 -1.261896 -1.852667
    9 4.890535 0.000000 -0.000001 -1.970340 -0.613931 0.038179
    10 9.685764 0.000000 0.000000 0.000000 0.000000 -1.932965
    11 9.256790 -0.000007 -0.000023 0.853046 0.087034 -0.154886
    12 -3.219585 0.000000 0.000000 -1.148266 -0.704441 -1.951425
    13 9.256779 -0.000004 0.000011 -1.968313 -0.268872 0.054471
    14 16.283249 0.000000 0.000000 0.000000 0.000000 0.810599
    15 4.753334 0.000000 0.000000 2.941380 0.066997 0.458492
    16 3.962090 0.000000 0.000000 -0.118662 -0.121231 0.464466
    17 16.291077 0.000000 0.000000 0.000000 0.000000 1.739248
    18 14.875347 0.000000 0.000000 0.268672 -0.023827 -1.214444
    19 5.277816 0.000000 0.000001 -0.111839 0.023845 -0.563661
    20 3.219585 0.000000 0.000000 -1.879639 -0.305063 -1.471123
    21 16.283253 0.000000 0.000000 0.000000 0.000000 0.423213
    22 16.291080 0.000000 0.000001 0.000000 0.000000 0.795874
    23 14.875350 0.000000 0.000000 -0.203544 -0.080769 -0.882494
    24 5.277817 0.000000 0.000000 0.020248 -0.027694 -0.558604
    25 2.660156 0.004799 -1.311523 0.204923 0.143299 -0.226648
    26 1.340820 0.000000 0.000000 0.011404 0.016672 -0.599950
    27 0.717773 -0.000002 -0.000001 -0.054473 -0.175380 -0.302889
    28 2.933594 0.180298 -0.485352 0.197828 0.103894 -0.292786
    29 1.604492 0.000002 0.000000 -0.051969 -0.088374 -0.532552
    30 0.857929 0.000002 0.000000 0.002415 0.009757 -0.242679
    31 3.169922 0.097046 0.363525 0.187209 0.067909 -0.258128
    32 1.909180 0.000001 0.000000 -0.042077 -0.053977 -0.662652
    33 1.023438 -0.000002 0.000000 0.001897 0.012019 -0.156562
    34 3.269531 -0.140869 1.259766 0.180672 0.034142 -0.204037
    35 1.509766 -0.000001 -0.000001 0.051327 0.064037 -0.676424
    36 0.883299 -0.000002 0.000000 0.001277 0.038560 -0.033101
    37 0.948242 -1.142578 0.871582 1.693884 -0.344469 -0.124089
    38 1.629883 -0.000001 0.000001 0.000014 -0.188062 -0.185216
    39 1.085938 0.000000 -0.000002 0.000000 -0.040646 0.196333
    40 4.976479 0.000000 0.000004 -0.385145 0.000000 0.000000
    41 9.952959 0.000000 0.000006 -0.763023 0.000000 0.000000
    42 9.877266 0.000000 0.000002 0.000000 0.000000 -0.885426
    43 2.660156 0.000057 1.311523 -0.201327 -0.143306 -0.226689
    44 1.340820 0.000002 0.000001 -0.011404 -0.016672 -0.599950
    45 0.717773 0.000002 -0.000002 0.054473 0.175380 -0.302889
    46 2.935547 0.178589 0.486084 -0.194226 -0.103877 -0.292835
    47 1.604492 0.000001 0.000000 0.051969 0.088374 -0.532552
    48 0.857933 -0.000001 0.000000 -0.002415 -0.009757 -0.242679
    49 3.169922 0.098328 -0.363281 -0.183626 -0.067869 -0.258123
    50 1.909180 0.000000 0.000000 0.042077 0.053977 -0.662652
    51 1.023438 0.000001 0.000000 -0.001897 -0.012019 -0.156562
    52 3.271484 -0.136353 -1.259766 -0.177006 -0.034199 -0.204061
    53 1.509766 0.000003 0.000000 -0.051327 -0.064037 -0.676425
    54 0.883297 0.000000 0.000000 -0.001277 -0.038560 -0.033101
    55 0.948242 -1.139648 -0.875977 -1.690135 0.344972 -0.122837
    56 1.629883 0.000001 -0.000002 -0.000014 0.188062 -0.185216
    57 1.085938 0.000000 0.000002 0.000000 0.040646 0.196333
    58 9.952957 -0.000001 -0.000004 -0.255964 0.000000 0.000000
    59 4.976482 0.000000 -0.000002 -0.131656 0.000000 0.000000
    60 9.877266 0.000000 0.000000 0.000000 0.000000 -0.247263
    61 7.023271 -6.880002 4.339546 2.620672 -1.456011 -1.105365
    62 3.813801 -3.870655 0.998562 1.570796 -1.069638 0.199892
    63 0.000000 -0.000007 -0.000031 1.373047 0.113574 0.124314
    64 0.000000 -0.000007 -0.000031 1.373047 0.113574 0.124314
    65 2.685547 -1.180664 0.106812 1.364989 -0.517251 2.629313
    66 2.535156 -1.363281 -0.864258 -1.501147 -0.272558 -1.578261
    67 0.000000 0.000000 10.000000 0.000000 0.000000 0.000000
    68 0.018898 0.665159 9.395884 0.000000 0.000000 0.000000
    69 2.000000 -3.000000 0.000000 -1.570796 0.000000 -1.326450
    70 3.028210 -0.923409 -2.009451 1.574082 -0.012974 1.587243
    71 0.116953 4.311606 0.061859 0.000010 -0.000001 0.000000
    72 0.000000 -0.000002 0.000000 0.000000 0.000000 0.000000
    73 -0.000002 1.000000 0.000009 0.000000 0.000000 0.000000
    74 0.000000 0.000000 0.000000 0.000000 0.000000 0.000000
    75 0.000000 0.000000 0.000000 0.000000 0.000000 0.000000
    76 0.000000 0.000000 0.000000 0.000000 0.000000 0.000000
time 31
    0 6.168115 37.989988 9.140625 -0.652743 -0.824638 0.280232
    1 0.000000 3.591042 -0.015921 1.647458 -0.298055 1.624316
    2 3.548302 0.000000 0.000000 0.058536 -0.026226 0.013742
    3 3.284046 0.000001 0.000000 0.075976 0.015858 0.122316
    4 5.062389 -0.000001 0.000000 0.030182 -0.155031 0.382255
    5 3.610073 1.295546 -1.332000 -1.013946 1.318005 -2.689449
    6 4.890536 0.000004 0.000000 2.094211 0.953805 -0.030814
    7 9.685764 0.000000 -0.000004 0.000000 0.000000 -0.361425
    8 3.610065 1.295545 1.332000 -0.296854 -1.224168 -1.513852
    9 4.890535 0.000000 -0.000001 -2.031945 -0.570360 0.024204
    10 9.685764 0.000000 0.000000 0.000000 0.000000 -1.799500
    11 9.256790 -0.000007 -0.000023 0.751675 0.151386 -0.142477
    12 -3.219585 0.000000 0.000000 -1.072738 -0.631274 -2.064542
    13 9.256779 -0.000004 0.000011 -1.921457 -0.302118 0.031727
    14 16.283249 0.000000 0.000000 0.000000 0.000000 0.810599
    15 4.753334 0.000000 0.000000 2.908947 0.069588 0.472706
    16 3.962090 0.000000 0.000000 -0.119279 -0.128282 0.489273
    17 16.291077 0.000000 0.000000 0.000000 0.000000 1.760170
    18 14.875347 0.000000 0.000000 0.281015 -0.096822 -1.202848
    19 5.277816 0.000000 0.000001 -0.111806 0.023784 -0.559878
    20 3.219585 0.000000 0.000000 -1.857480 -0.360134 -1.454532
    21 16.283253 0.000000 0.000000 0.000000 0.000000 0.434699
    22 16.291080 0.000000 0.000001 0.000000 0.000000 0.818590
    23 14.875350 0.000000 0.000000 -0.184008 -0.121774 -0.895970
    24 5.277817 0.000000 0.000000 0.020272 -0.027675 -0.560400
    25 2.660156 0.004799 -1.311523 0.204923 0.143299 -0.226648
    26 1.340820 0.000000 0.000000 0.011404 0.016672 -0.599950
    27 0.717773 -0.000002 -0.000001 -0.054473 -0.175380 -0.302889
    28 2.933594 0.180298 -0.485352 0.197828 0.103894 -0.292786
    29 1.604492 0.000002 0.000000 -0.051969 -0.088374 -0.532552
    30 0.857929 0.000002 0.000000 0.002415 0.009757 -0.242679
    31 3.169922 0.097046 0.363525 0.187209 0.067909 -0.258128
    32 1.909180 0.000001 0.000000 -0.042077 -0.053977 -0.662652
    33 1.023438 -0.000002 0.000000 0.001897 0.012019 -0.156562
    34 3.269531 -0.140869 1.259766 0.180672 0.034142 -0.204037
    35 1.509766 -0.000001 -0.000001 0.051327 0.064037 -0.676424
    36 0.883299 -0.000002 0.000000 0.001277 0.038560 -0.033101
    37 0.948242 -1.142578 0.871582 1.693884 -0.344469 -0.124089
    38 1.629883 -0.000001 0.000001 0.000014 -0.188062 -0.185216
    39 1.085938 0.000000 -0.000002 0.000000 -0.040646 0.196333
    40 4.976479 0.000000 0.000004 -0.437175 0.000000 0.000000
    41 9.952959 0.000000 0.000006 -0.871310 0.000000 0.000000
    42 9.877266 0.000000 0.000002 0.000000 0.000000 -0.885426
    43 2.660156 0.000057 1.311523 -0.201327 -0.143306 -0.226689
    44 1.340820 0.000002 0.000001 -0.011404 -0.016672 -0.599950
    45 0.717773 0.000002 -0.000002 0.054473 0.175380 -0.302889
    46 2.935547 0.178589 0.486084 -0.194226 -0.103877 -0.292835
    47 1.604492 0.000001 0.000000 0.051969 0.088374 -0.532552
    48 0.857933 -0.000001 0.000000 -0.002415 -0.009757 -0.242679
    49 3.169922 0.098328 -0.363281 -0.183626 -0.067869 -0.258123
    50 1.909180 0.000000 0.000000 0.042077 0.053977 -0.662652
    51 1.023438 0.000001 0.000000 -0.001897 -0.012019 -0.156562
    52 3.271484 -0.136353 -1.259766 -0.177006 -0.034199 -0.204061
    53 1.509766 0.000003 0.000000 -0.051327 -0.064037 -0.676425
    54 0.883297 0.000000 0.000000 -0.001277 -0.038560 -0.033101
    55 0.948242 -1.139648 -0.875977 -1.690135 0.344972 -0.122837
    56 1.629883 0.000001 -0.000002 -0.000014 0.188062 -0.185216
    57 1.085938 0.000000 0.000002 0.000000 0.040646 0.196333
    58 9.952957 -0.000001 -0.000004 -0.209811 0.000000 0.000000
    59 4.976482 0.000000 -0.000002 -0.108479 0.000000 0.000000
    60 9.877266 0.000000 0.000000 0.000000 0.000000 -0.278785
    61 7.023271 -6.880002 4.339546 2.620672 -1.456011 -1.105365
    62 3.813801 -3.870655 0.998562 1.570796 -1.069638 0.199892
    63 0.000000 -0.000007 -0.000031 1.373047 0.113574 0.124314
    64 0.000000 -0.000007 -0.000031 1.373047 0.113574 0.124314
    65 2.685547 -1.180664 0.106812 1.364989 -0.517251 2.629313
    66 2.535156 -1.363281 -0.864258 -1.501147 -0.272558 -1.578261
    67 0.000000 0.000000 10.000000 0.000000 0.000000 0.000000
    68 0.018898 0.665159 9.395884 0.000000 0.000000 0.000000
    69 2.000000 -3.000000 0.000000 -1.570796 0.000000 -1.326450
    70 3.028210 -0.923409 -2.009451 1.574082 -0.012974 1.587243
    71 0.116953 4.311606 0.061859 0.000010 -0.000001 0.000000
    72 0.000000 -0.000002 0.000000 0.000000 0.000000 0.000000
    73 -0.000002 1.000000 0.000009 0.000000 0.000000 0.000000
    74 0.000000 0.000000 0.000000 0.000000 0.000000 0.000000
    75 0.000000 0.000000 0.000000 0.000000 0.000000 0.000000
    76 0.000000 0.000000 0.000000 0.000000 0.000000 0.000000
time 32
    0 6.598779 38.771238 9.804688 -0.745589 -0.763282 0.333651
    1 0.000000 3.591042 -0.015921 1.656225 -0.341551 1.629693
    2 3.548302 0.000000 0.000000 0.060181 -0.036775 0.005112
    3 3.284046 0.000001 0.000000 0.081546 0.020951 0.127173
    4 5.062389 -0.000001 0.000000 0.018003 -0.174552 0.382692
    5 3.610073 1.295546 -1.332000 -0.919056 1.297130 -2.594307
    6 4.890536 0.000004 0.000000 2.129167 0.961613 -0.057150
    7 9.685764 0.000000 -0.000004 0.000000 0.000000 -0.345115
    8 3.610065 1.295545 1.332000 -0.512079 -1.172167 -1.294633
    9 4.890535 0.000000 -0.000001 -2.032560 -0.499565 0.005719
    10 9.685764 0.000000 0.000000 0.000000 0.000000 -1.651152
    11 9.256790 -0.000007 -0.000023 0.887958 0.160274 -0.105395
    12 -3.219585 0.000000 0.000000 -0.998267 -0.574951 -2.201695
    13 9.256779 -0.000004 0.000011 -1.923579 -0.191749 -0.003776
    14 16.283249 0.000000 0.000000 0.000000 0.000000 0.810599
    15 4.753334 0.000000 0.000000 2.866391 0.074168 0.482182
    16 3.962090 0.000000 0.000000 -0.123158 -0.135725 0.487484
    17 16.291077 0.000000 0.000000 0.000000 0.000000 1.815432
    18 14.875347 0.000000 0.000000 0.281697 -0.159278 -1.182228
    19 5.277816 0.000000 0.000001 -0.111830 0.023819 -0.553946
    20 3.219585 0.000000 0.000000 -1.850821 -0.415503 -1.447151
    21 16.283253 0.000000 0.000000 0.000000 0.000000 0.425774
    22 16.291080 0.000000 0.000001 0.000000 0.000000 0.800933
    23 14.875350 0.000000 0.000000 -0.163642 -0.166776 -0.900806
    24 5.277817 0.000000 0.000000 0.020203 -0.027663 -0.551062
    25 2.660156 0.004799 -1.311523 0.204923 0.143299 -0.226648
    26 1.340820 0.000000 0.000000 0.011404 0.016672 -0.599950
    27 0.717773 -0.000002 -0.000001 -0.054473 -0.175380 -0.302889
    28 2.933594 0.180298 -0.485352 0.197828 0.103894 -0.292786
    29 1.604492 0.000002 0.000000 -0.051969 -0.088374 -0.532552
    30 0.857929 0.000002 0.000000 0.002415 0.009757 -0.242679
    31 3.169922 0.097046 0.363525 0.187209 0.067909 -0.258128
    32 1.909180 0.000001 0.000000 -0.042077 -0.053977 -0.662652
    33 1.023438 -0.000002 0.000000 0.001897 0.012019 -0.156562
    34 3.269531 -0.140869 1.259766 0.180672 0.034142 -0.204037
    35 1.509766 -0.000001 -0.000001 0.051327 0.064037 -0.676424
    36 0.883299 -0.000002 0.000000 0.001277 0.038560 -0.033101
    37 0.948242 -1.142578 0.871582 1.693884 -0.344469 -0.124089
    38 1.629883 -0.000001 0.000001 0.000014 -0.188062 -0.185216
    39 1.085938 0.000000 -0.000002 0.000000 -0.040646 0.196333
    40 4.976479 0.000000 0.000004 -0.353355 0.000000 0.000000
    41 9.952959 0.000000 0.000006 -0.696945 0.000000 0.000000
    42 9.877266 0.000000 0.000002 0.000000 0.000000 -0.885235
    43 2.660156 0.000057 1.311523 -0.201327 -0.143306 -0.226689
    44 1.340820 0.000002 0.000001 -0.011404 -0.016672 -0.599950
    45 0.717773 0.000002 -0.000002 0.054473 0.175380 -0.302889
    46 2.935547 0.178589 0.486084 -0.194226 -0.103877 -0.292835
    47 1.604492 0.000001 0.000000 0.051969 0.088374 -0.532552
    48 0.857933 -0.000001 0.000000 -0.002415 -0.009757 -0.242679
    49 3.169922 0.098328 -0.363281 -0.183626 -0.067869 -0.258123
    50 1.909180 0.000000 0.000000 0.042077 0.053977 -0.662652
    51 1.023438 0.000001 0.000000 -0.001897 -0.012019 -0.156562
    52 3.271484 -0.136353 -1.259766 -0.177006 -0.034199 -0.204061
    53 1.509766 0.000003 0.000000 -0.051327 -0.064037 -0.676425
    54 0.883297 0.000000 0.000000 -0.001277 -0.038560 -0.033101
    55 0.948242 -1.139648 -0.875977 -1.690135 0.344972 -0.122837
    56 1.629883 0.000001 -0.000002 -0.000014 0.188062 -0.185216
    57 1.085938 0.000000 0.000002 0.000000 0.040646 0.196333
    58 9.952957 -0.000001 -0.000004 -0.239870 0.000000 0.000000
    59 4.976482 0.000000 -0.000002 -0.123611 0.000000 0.000000
    60 9.877266 0.000000 0.000000 0.000000 0.000000 -0.270593
    61 7.023271 -6.880002 4.339546 2.620672 -1.456011 -1.105365
    62 3.813801 -3.870655 0.998562 1.570796 -1.069638 0.199892
    63 0.000000 -0.000007 -0.000031 1.373047 0.113574 0.124314
    64 0.000000 -0.000007 -0.000031 1.373047 0.113574 0.124314
    65 2.685547 -1.180664 0.106812 1.364989 -0.517251 2.629313
    66 2.535156 -1.363281 -0.864258 -1.501147 -0.272558 -1.578261
    67 0.000000 0.000000 10.000000 0.000000 0.000000 0.000000
    68 0.018898 0.665159 9.395884 0.000000 0.000000 0.000000
    69 2.000000 -3.000000 0.000000 -1.570796 0.000000 -1.326450
    70 3.028210 -0.923409 -2.009451 1.574082 -0.012974 1.587243
    71 0.116953 4.311606 0.061859 0.000010 -0.000001 0.000000
    72 0.000000 -0.000002 0.000000 0.000000 0.000000 0.000000
    73 -0.000002 1.000000 0.000009 0.000000 0.000000 0.000000
    74 0.000000 0.000000 0.000000 0.000000 0.000000 0.000000
    75 0.000000 0.000000 0.000000 0.000000 0.000000 0.000000
    76 0.000000 0.000000 0.000000 0.000000 0.000000 0.000000
time 33
    0 6.987451 39.396238 10.054688 -0.790878 -0.725403 0.353198
    1 0.000000 3.591042 -0.015921 1.671488 -0.352715 1.625582
    2 3.548302 0.000000 0.000000 0.064291 -0.036078 0.007219
    3 3.284046 0.000001 0.000000 0.088892 0.032335 0.133501
    4 5.062389 -0.000001 0.000000 0.021496 -0.172408 0.389091
    5 3.610073 1.295546 -1.332000 -0.839745 1.274072 -2.513673
    6 4.890536 0.000004 0.000000 2.194929 0.941474 -0.042434
    7 9.685764 0.000000 -0.000004 0.000000 0.000000 -0.340822
    8 3.610065 1.295545 1.332000 -0.596314 -1.141532 -1.202842
    9 4.890535 0.000000 -0.000001 -2.022167 -0.444745 -0.005523
    10 9.685764 0.000000 0.000000 0.000000 0.000000 -1.484692
    11 9.256790 -0.000007 -0.000023 1.094026 0.156141 -0.063846
    12 -3.219585 0.000000 0.000000 -0.949999 -0.559798 -2.286163
    13 9.256779 -0.000004 0.000011 -1.910796 -0.122202 0.000775
    14 16.283249 0.000000 0.000000 0.000000 0.000000 0.810599
    15 4.753334 0.000000 0.000000 2.853138 0.077560 0.472154
    16 3.962090 0.000000 0.000000 -0.120806 -0.141215 0.483432
    17 16.291077 0.000000 0.000000 0.000000 0.000000 1.875957
    18 14.875347 0.000000 0.000000 0.283011 -0.179260 -1.131932
    19 5.277816 0.000000 0.000001 -0.111815 0.023820 -0.569422
    20 3.219585 0.000000 0.000000 -1.848541 -0.484436 -1.403416
    21 16.283253 0.000000 0.000000 0.000000 0.000000 0.401341
    22 16.291080 0.000000 0.000001 0.000000 0.000000 0.752710
    23 14.875350 0.000000 0.000000 -0.153860 -0.176247 -0.858794
    24 5.277817 0.000000 0.000000 0.020232 -0.027641 -0.553216
    25 2.660156 0.004799 -1.311523 0.204923 0.143299 -0.226648
    26 1.340820 0.000000 0.000000 0.011404 0.016672 -0.599950
    27 0.717773 -0.000002 -0.000001 -0.054473 -0.175380 -0.302889
    28 2.933594 0.180298 -0.485352 0.197828 0.103894 -0.292786
    29 1.604492 0.000002 0.000000 -0.051969 -0.088374 -0.532552
    30 0.857929 0.000002 0.000000 0.002415 0.009757 -0.242679
    31 3.169922 0.097046 0.363525 0.187209 0.067909 -0.258128
    32 1.909180 0.000001 0.000000 -0.042077 -0.053977 -0.662652
    33 1.023438 -0.000002 0.000000 0.001897 0.012019 -0.156562
    34 3.269531 -0.140869 1.259766 0.180672 0.034142 -0.204037
    35 1.509766 -0.000001 -0.000001 0.051327 0.064037 -0.676424
    36 0.883299 -0.000002 0.000000 0.001277 0.038560 -0.033101
    37 0.948242 -1.142578 0.871582 1.693884 -0.344469 -0.124089
    38 1.629883 -0.000001 0.000001 0.000014 -0.188062 -0.185216
    39 1.085938 0.000000 -0.000002 0.000000 -0.040646 0.196333
    40 4.976479 0.000000 0.000004 -0.249699 0.000000 0.000000
    41 9.952959 0.000000 0.000006 -0.483992 0.000000 0.000000
    42 9.877266 0.000000 0.000002 0.000000 0.000000 -0.843311
    43 2.660156 0.000057 1.311523 -0.201327 -0.143306 -0.226689
    44 1.340820 0.000002 0.000001 -0.011404 -0.016672 -0.599950
    45 0.717773 0.000002 -0.000002 0.054473 0.175380 -0.302889
    46 2.935547 0.178589 0.486084 -0.194226 -0.103877 -0.292835
    47 1.604492 0.000001 0.000000 0.051969 0.088374 -0.532552
    48 0.857933 -0.000001 0.000000 -0.002415 -0.009757 -0.242679
    49 3.169922 0.098328 -0.363281 -0.183626 -0.067869 -0.258123
    50 1.909180 0.000000 0.000000 0.042077 0.053977 -0.662652
    51 1.023438 0.000001 0.000000 -0.001897 -0.012019 -0.156562
    52 3.271484 -0.136353 -1.259766 -0.177006 -0.034199 -0.204061
    53 1.509766 0.000003 0.000000 -0.051327 -0.064037 -0.676425
    54 0.883297 0.000000 0.000000 -0.001277 -0.038560 -0.033101
    55 0.948242 -1.139648 -0.875977 -1.690135 0.344972 -0.122837
    56 1.629883 0.000001 -0.000002 -0.000014 0.188062 -0.185216
    57 1.085938 0.000000 0.000002 0.000000 0.040646 0.196333
    58 9.952957 -0.000001 -0.000004 -0.240305 0.000000 0.000000
    59 4.976482 0.000000 -0.000002 -0.123871 0.000000 0.000000
    60 9.877266 0.000000 0.000000 0.000000 0.000000 -0.268503
    61 7.023271 -6.880002 4.339546 2.620672 -1.456011 -1.105365
    62 3.813801 -3.870655 0.998562 1.570796 -1.069638 0.199892
    63 0.000000 -0.000007 -0.000031 1.373047 0.113574 0.124314
    64 0.000000 -0.000007 -0.000031 1.373047 0.113574 0.124314
    65 2.685547 -1.180664 0.106812 1.364989 -0.517251 2.629313
    66 2.535156 -1.363281 -0.864258 -1.501147 -0.272558 -1.578261
    67 0.000000 0.000000 10.000000 0.000000 0.000000 0.000000
    68 0.018898 0.665159 9.395884 0.000000 0.000000 0.000000
    69 2.000000 -3.000000 0.000000 -1.570796 0.000000 -1.326450
    70 3.028210 -0.923409 -2.009451 1.574082 -0.012974 1.587243
    71 0.116953 4.311606 0.061859 0.000010 -0.000001 0.000000
    72 0.000000 -0.000002 0.000000 0.000000 0.000000 0.000000
    73 -0.000002 1.000000 0.000009 0.000000 0.000000 0.000000
    74 0.000000 0.000000 0.000000 0.000000 0.000000 0.000000
    75 0.000000 0.000000 0.000000 0.000000 0.000000 0.000000
    76 0.000000 0.000000 0.000000 0.000000 0.000000 0.000000
time 34
    0 7.344872 39.888426 10.132813 -0.816144 -0.701275 0.361847
    1 0.000000 3.591042 -0.015921 1.682418 -0.348967 1.616277
    2 3.548302 0.000000 0.000000 0.068727 -0.030220 0.012178
    3 3.284046 0.000001 0.000000 0.094271 0.040830 0.138868
    4 5.062389 -0.000001 0.000000 0.027709 -0.161265 0.397462
    5 3.610073 1.295546 -1.332000 -0.856928 1.255634 -2.531120
    6 4.890536 0.000004 0.000000 2.277052 0.849662 -0.047202
    7 9.685764 0.000000 -0.000004 0.000000 0.000000 -0.450626
    8 3.610065 1.295545 1.332000 -0.607352 -1.117311 -1.188360
    9 4.890535 0.000000 -0.000001 -2.018628 -0.420606 -0.013460
    10 9.685764 0.000000 0.000000 0.000000 0.000000 -1.277007
    11 9.256790 -0.000007 -0.000023 1.208540 0.151299 -0.015065
    12 -3.219585 0.000000 0.000000 -0.927320 -0.567853 -2.340983
    13 9.256779 -0.000004 0.000011 -1.902216 -0.118570 0.025370
    14 16.283249 0.000000 0.000000 0.000000 0.000000 0.810599
    15 4.753334 0.000000 0.000000 2.879993 0.098621 0.442683
    16 3.962090 0.000000 0.000000 -0.096618 -0.123815 0.496060
    17 16.291077 0.000000 0.000000 0.000000 0.000000 1.930761
    18 14.875347 0.000000 0.000000 0.273293 -0.204942 -1.068204
    19 5.277816 0.000000 0.000001 -0.111779 0.023850 -0.574198
    20 3.219585 0.000000 0.000000 -1.825925 -0.556532 -1.349258
    21 16.283253 0.000000 0.000000 0.000000 0.000000 0.370556
    22 16.291080 0.000000 0.000001 0.000000 0.000000 0.691895
    23 14.875350 0.000000 0.000000 -0.163333 -0.167174 -0.795373
    24 5.277817 0.000000 0.000000 0.020241 -0.027672 -0.547834
    25 2.660156 0.004799 -1.311523 0.204923 0.143299 -0.226648
    26 1.340820 0.000000 0.000000 0.011404 0.016672 -0.599950
    27 0.717773 -0.000002 -0.000001 -0.054473 -0.175380 -0.302889
    28 2.933594 0.180298 -0.485352 0.197828 0.103894 -0.292786
    29 1.604492 0.000002 0.000000 -0.051969 -0.088374 -0.532552
    30 0.857929 0.000002 0.000000 0.002415 0.009757 -0.242679
    31 3.169922 0.097046 0.363525 0.187209 0.067909 -0.258128
    32 1.909180 0.000001 0.000000 -0.042077 -0.053977 -0.662652
    33 1.023438 -0.000002 0.000000 0.001897 0.012019 -0.156562
    34 3.269531 -0.140869 1.259766 0.180672 0.034142 -0.204037
    35 1.509766 -0.000001 -0.000001 0.051327 0.064037 -0.676424
    36 0.883299 -0.000002 0.000000 0.001277 0.038560 -0.033101
    37 0.948242 -1.142578 0.871582 1.693884 -0.344469 -0.124089
    38 1.629883 -0.000001 0.000001 0.000014 -0.188062 -0.185216
    39 1.085938 0.000000 -0.000002 0.000000 -0.040646 0.196333
    40 4.976479 0.000000 0.000004 -0.196882 0.000000 0.000000
    41 9.952959 0.000000 0.000006 -0.377496 0.000000 0.000000
    42 9.877266 0.000000 0.000002 0.000000 0.000000 -0.740472
    43 2.660156 0.000057 1.311523 -0.201327 -0.143306 -0.226689
    44 1.340820 0.000002 0.000001 -0.011404 -0.016672 -0.599950
    45 0.717773 0.000002 -0.000002 0.054473 0.175380 -0.302889
    46 2.935547 0.178589 0.486084 -0.194226 -0.103877 -0.292835
    47 1.604492 0.000001 0.000000 0.051969 0.088374 -0.532552
    48 0.857933 -0.000001 0.000000 -0.002415 -0.009757 -0.242679
    49 3.169922 0.098328 -0.363281 -0.183626 -0.067869 -0.258123
    50 1.909180 0.000000 0.000000 0.042077 0.053977 -0.662652
    51 1.023438 0.000001 0.000000 -0.001897 -0.012019 -0.156562
    52 3.271484 -0.136353 -1.259766 -0.177006 -0.034199 -0.204061
    53 1.509766 0.000003 0.000000 -0.051327 -0.064037 -0.676425
    54 0.883297 0.000000 0.000000 -0.001277 -0.038560 -0.033101
    55 0.948242 -1.139648 -0.875977 -1.690135 0.344972 -0.122837
    56 1.629883 0.000001 -0.000002 -0.000014 0.188062 -0.185216
    57 1.085938 0.000000 0.000002 0.000000 0.040646 0.196333
    58 9.952957 -0.000001 -0.000004 -0.230482 0.000000 0.000000
    59 4.976482 0.000000 -0.000002 -0.118854 0.000000 0.000000
    60 9.877266 0.000000 0.000000 0.000000 0.000000 -0.323578
    61 7.023271 -6.880002 4.339546 2.620672 -1.456011 -1.105365
    62 3.813801 -3.870655 0.998562 1.570796 -1.069638 0.199892
    63 0.000000 -0.000007 -0.000031 1.373047 0.113574 0.124314
    64 0.000000 -0.000007 -0.000031 1.373047 0.113574 0.124314
    65 2.685547 -1.180664 0.106812 1.364989 -0.517251 2.629313
    66 2.535156 -1.363281 -0.864258 -1.501147 -0.272558 -1.578261
    67 0.000000 0.000000 10.000000 0.000000 0.000000 0.000000
    68 0.018898 0.665159 9.395884 0.000000 0.000000 0.000000
    69 2.000000 -3.000000 0.000000 -1.570796 0.000000 -1.326450
    70 3.028210 -0.923409 -2.009451 1.574082 -0.012974 1.587243
    71 0.116953 4.311606 0.061859 0.000010 -0.000001 0.000000
    72 0.000000 -0.000002 0.000000 0.000000 0.000000 0.000000
    73 -0.000002 1.000000 0.000009 0.000000 0.000000 0.000000
    74 0.000000 0.000000 0.000000 0.000000 0.000000 0.000000
    75 0.000000 0.000000 0.000000 0.000000 0.000000 0.000000
    76 0.000000 0.000000 0.000000 0.000000 0.000000 0.000000
time 35
    0 7.698388 40.294676 10.234375 -0.849770 -0.662094 0.377891
    1 0.000000 3.591042 -0.015921 1.682144 -0.350767 1.601888
    2 3.548302 0.000000 0.000000 0.070687 -0.026561 0.015820
    3 3.284046 0.000001 0.000000 0.095379 0.039777 0.144995
    4 5.062389 -0.000001 0.000000 0.030672 -0.156514 0.407129
    5 3.610073 1.295546 -1.332000 -0.864031 1.244348 -2.545062
    6 4.890536 0.000004 0.000000 2.356777 0.744677 -0.090984
    7 9.685764 0.000000 -0.000004 0.000000 0.000000 -0.603741
    8 3.610065 1.295545 1.332000 -0.587093 -1.093063 -1.213505
    9 4.890535 0.000000 -0.000001 -2.050805 -0.458487 -0.020215
    10 9.685764 0.000000 0.000000 0.000000 0.000000 -0.984262
    11 9.256790 -0.000007 -0.000023 1.256923 0.136651 0.018919
    12 -3.219585 0.000000 0.000000 -0.918082 -0.572975 -2.408616
    13 9.256779 -0.000004 0.000011 -1.891241 -0.114180 0.103096
    14 16.283249 0.000000 0.000000 0.000000 0.000000 0.810599
    15 4.753334 0.000000 0.000000 2.913122 0.119040 0.418283
    16 3.962090 0.000000 0.000000 -0.060644 -0.104084 0.506868
    17 16.291077 0.000000 0.000000 0.000000 0.000000 1.984235
    18 14.875347 0.000000 0.000000 0.240851 -0.235088 -1.019221
    19 5.277816 0.000000 0.000001 -0.111822 0.023785 -0.570050
    20 3.219585 0.000000 0.000000 -1.762688 -0.617955 -1.327175
    21 16.283253 0.000000 0.000000 0.000000 0.000000 0.337319
    22 16.291080 0.000000 0.000001 0.000000 0.000000 0.626203
    23 14.875350 0.000000 0.000000 -0.182859 -0.173054 -0.724191
    24 5.277817 0.000000 0.000000 0.020212 -0.027693 -0.545771
    25 2.660156 0.004799 -1.311523 0.204923 0.143299 -0.226648
    26 1.340820 0.000000 0.000000 0.011404 0.016672 -0.599950
    27 0.717773 -0.000002 -0.000001 -0.054473 -0.175380 -0.302889
    28 2.933594 0.180298 -0.485352 0.197828 0.103894 -0.292786
    29 1.604492 0.000002 0.000000 -0.051969 -0.088374 -0.532552
    30 0.857929 0.000002 0.000000 0.002415 0.009757 -0.242679
    31 3.169922 0.097046 0.363525 0.187209 0.067909 -0.258128
    32 1.909180 0.000001 0.000000 -0.042077 -0.053977 -0.662652
    33 1.023438 -0.000002 0.000000 0.001897 0.012019 -0.156562
    34 3.269531 -0.140869 1.259766 0.180672 0.034142 -0.204037
    35 1.509766 -0.000001 -0.000001 0.051327 0.064037 -0.676424
    36 0.883299 -0.000002 0.000000 0.001277 0.038560 -0.033101
    37 0.948242 -1.142578 0.871582 1.693884 -0.344469 -0.124089
    38 1.629883 -0.000001 0.000001 0.000014 -0.188062 -0.185216
    39 1.085938 0.000000 -0.000002 0.000000 -0.040646 0.196333
    40 4.976479 0.000000 0.000004 -0.176593 0.000000 0.000000
    41 9.952959 0.000000 0.000006 -0.337144 0.000000 0.000000
    42 9.877266 0.000000 0.000002 0.000000 0.000000 -0.593352
    43 2.660156 0.000057 1.311523 -0.201327 -0.143306 -0.226689
    44 1.340820 0.000002 0.000001 -0.011404 -0.016672 -0.599950
    45 0.717773 0.000002 -0.000002 0.054473 0.175380 -0.302889
    46 2.935547 0.178589 0.486084 -0.194226 -0.103877 -0.292835
    47 1.604492 0.000001 0.000000 0.051969 0.088374 -0.532552
    48 0.857933 -0.000001 0.000000 -0.002415 -0.009757 -0.242679
    49 3.169922 0.098328 -0.363281 -0.183626 -0.067869 -0.258123
    50 1.909180 0.000000 0.000000 0.042077 0.053977 -0.662652
    51 1.023438 0.000001 0.000000 -0.001897 -0.012019 -0.156562
    52 3.271484 -0.136353 -1.259766 -0.177006 -0.034199 -0.204061
    53 1.509766 0.000003 0.000000 -0.051327 -0.064037 -0.676425
    54 0.883297 0.000000 0.000000 -0.001277 -0.038560 -0.033101
    55 0.948242 -1.139648 -0.875977 -1.690135 0.344972 -0.122837
    56 1.629883 0.000001 -0.000002 -0.000014 0.188062 -0.185216
    57 1.085938 0.000000 0.000002 0.000000 0.040646 0.196333
    58 9.952957 -0.000001 -0.000004 -0.214499 0.000000 0.000000
    59 4.976482 0.000000 -0.000002 -0.110813 0.000000 0.000000
    60 9.877266 0.000000 0.000000 0.000000 0.000000 -0.400725
    61 7.023271 -6.880002 4.339546 2.620672 -1.456011 -1.105365
    62 3.813801 -3.870655 0.998562 1.570796 -1.069638 0.199892
    63 0.000000 -0.000007 -0.000031 1.373047 0.113574 0.124314
    64 0.000000 -0.000007 -0.000031 1.373047 0.113574 0.124314
    65 2.685547 -1.180664 0.106812 1.364989 -0.517251 2.629313
    66 2.535156 -1.363281 -0.864258 -1.501147 -0.272558 -1.578261
    67 0.000000 0.000000 10.000000 0.000000 0.000000 0.000000
    68 0.018898 0.665159 9.395884 0.000000 0.000000 0.000000
    69 2.000000 -3.000000 0.000000 -1.570796 0.000000 -1.326450
    70 3.028210 -0.923409 -2.009451 1.574082 -0.012974 1.587243
    71 0.116953 4.311606 0.061859 0.000010 -0.000001 0.000000
    72 0.000000 -0.000002 0.000000 0.000000 0.000000 0.000000
    73 -0.000002 1.000000 0.000009 0.000000 0.000000 0.000000
    74 0.000000 0.000000 0.000000 0.000000 0.000000 0.000000
    75 0.000000 0.000000 0.000000 0.000000 0.000000 0.000000
    76 0.000000 0.000000 0.000000 0.000000 0.000000 0.000000
time 36
    0 7.985497 40.521238 10.390625 -0.893991 -0.609992 0.394927
    1 0.000000 3.591042 -0.015921 1.675219 -0.353096 1.587965
    2 3.548302 0.000000 0.000000 0.072839 -0.026501 0.023138
    3 3.284046 0.000001 0.000000 0.095958 0.032901 0.155850
    4 5.062389 -0.000001 0.000000 0.038810 -0.148784 0.418317
    5 3.610073 1.295546 -1.332000 -0.768989 1.280931 -2.445739
    6 4.890536 0.000004 0.000000 2.460136 0.623596 -0.197641
    7 9.685764 0.000000 -0.000004 0.000000 0.000000 -0.762372
    8 3.610065 1.295545 1.332000 -0.600941 -1.068912 -1.203683
    9 4.890535 0.000000 -0.000001 -2.140397 -0.557522 -0.027268
    10 9.685764 0.000000 0.000000 0.000000 0.000000 -0.603108
    11 9.256790 -0.000007 -0.000023 1.324510 0.106909 0.033879
    12 -3.219585 0.000000 0.000000 -0.928766 -0.573658 -2.477639
    13 9.256779 -0.000004 0.000011 -1.873256 -0.111392 0.107805
    14 16.283249 0.000000 0.000000 0.000000 0.000000 0.810599
    15 4.753334 0.000000 0.000000 2.945201 0.126802 0.410623
    16 3.962090 0.000000 0.000000 -0.035422 -0.085467 0.510106
    17 16.291077 0.000000 0.000000 0.000000 0.000000 2.036588
    18 14.875347 0.000000 0.000000 0.213554 -0.267351 -0.981154
    19 5.277816 0.000000 0.000001 -0.111737 0.023790 -0.566986
    20 3.219585 0.000000 0.000000 -1.676358 -0.671316 -1.329431
    21 16.283253 0.000000 0.000000 0.000000 0.000000 0.314223
    22 16.291080 0.000000 0.000001 0.000000 0.000000 0.580456
    23 14.875350 0.000000 0.000000 -0.194308 -0.195855 -0.685281
    24 5.277817 0.000000 0.000000 0.020247 -0.027668 -0.548282
    25 2.660156 0.004799 -1.311523 0.204923 0.143299 -0.226648
    26 1.340820 0.000000 0.000000 0.011404 0.016672 -0.599950
    27 0.717773 -0.000002 -0.000001 -0.054473 -0.175380 -0.302889
    28 2.933594 0.180298 -0.485352 0.197828 0.103894 -0.292786
    29 1.604492 0.000002 0.000000 -0.051969 -0.088374 -0.532552
    30 0.857929 0.000002 0.000000 0.002415 0.009757 -0.242679
    31 3.169922 0.097046 0.363525 0.187209 0.067909 -0.258128
    32 1.909180 0.000001 0.000000 -0.042077 -0.053977 -0.662652
    33 1.023438 -0.000002 0.000000 0.001897 0.012019 -0.156562
    34 3.269531 -0.140869 1.259766 0.180672 0.034142 -0.204037
    35 1.509766 -0.000001 -0.000001 0.051327 0.064037 -0.676424
    36 0.883299 -0.000002 0.000000 0.001277 0.038560 -0.033101
    37 0.948242 -1.142578 0.871582 1.693884 -0.344469 -0.124089
    38 1.629883 -0.000001 0.000001 0.000014 -0.188062 -0.185216
    39 1.085938 0.000000 -0.000002 0.000000 -0.040646 0.196333
    40 4.976479 0.000000 0.000004 -0.146713 0.000000 0.000000
    41 9.952959 0.000000 0.000006 -0.278349 0.000000 0.000000
    42 9.877266 0.000000 0.000002 0.000000 0.000000 -0.400461
    43 2.660156 0.000057 1.311523 -0.201327 -0.143306 -0.226689
    44 1.340820 0.000002 0.000001 -0.011404 -0.016672 -0.599950
    45 0.717773 0.000002 -0.000002 0.054473 0.175380 -0.302889
    46 2.935547 0.178589 0.486084 -0.194226 -0.103877 -0.292835
    47 1.604492 0.000001 0.000000 0.051969 0.088374 -0.532552
    48 0.857933 -0.000001 0.000000 -0.002415 -0.009757 -0.242679
    49 3.169922 0.098328 -0.363281 -0.183626 -0.067869 -0.258123
    50 1.909180 0.000000 0.000000 0.042077 0.053977 -0.662652
    51 1.023438 0.000001 0.000000 -0.001897 -0.012019 -0.156562
    52 3.271484 -0.136353 -1.259766 -0.177006 -0.034199 -0.204061
    53 1.509766 0.000003 0.000000 -0.051327 -0.064037 -0.676425
    54 0.883297 0.000000 0.000000 -0.001277 -0.038560 -0.033101
    55 0.948242 -1.139648 -0.875977 -1.690135 0.344972 -0.122837
    56 1.629883 0.000001 -0.000002 -0.000014 0.188062 -0.185216
    57 1.085938 0.000000 0.000002 0.000000 0.040646 0.196333
    58 9.952957 -0.000001 -0.000004 -0.197750 0.000000 0.000000
    59 4.976482 0.000000 -0.000002 -0.102341 0.000000 0.000000
    60 9.877266 0.000000 0.000000 0.000000 0.000000 -0.481058
    61 7.023271 -6.880002 4.339546 2.620672 -1.456011 -1.105365
    62 3.813801 -3.870655 0.998562 1.570796 -1.069638 0.199892
    63 0.000000 -0.000007 -0.000031 1.373047 0.113574 0.124314
    64 0.000000 -0.000007 -0.000031 1.373047 0.113574 0.124314
    65 2.685547 -1.180664 0.106812 1.364989 -0.517251 2.629313
    66 2.535156 -1.363281 -0.864258 -1.501147 -0.272558 -1.578261
    67 0.000000 0.000000 10.000000 0.000000 0.000000 0.000000
    68 0.018898 0.665159 9.395884 0.000000 0.000000 0.000000
    69 2.000000 -3.000000 0.000000 -1.570796 0.000000 -1.326450
    70 3.028210 -0.923409 -2.009451 1.574082 -0.012974 1.587243
    71 0.116953 4.311606 0.061859 0.000010 -0.000001 0.000000
    72 0.000000 -0.000002 0.000000 0.000000 0.000000 0.000000
    73 -0.000002 1.000000 0.000009 0.000000 0.000000 0.000000
    74 0.000000 0.000000 0.000000 0.000000 0.000000 0.000000
    75 0.000000 0.000000 0.000000 0.000000 0.000000 0.000000
    76 0.000000 0.000000 0.000000 0.000000 0.000000 0.000000
time 37
    0 8.253076 40.560301 10.468750 -0.916947 -0.564164 0.400442
    1 0.000000 3.591042 -0.015921 1.671376 -0.353156 1.560062
    2 3.548302 0.000000 0.000000 0.074435 -0.021941 0.032359
    3 3.284046 0.000001 0.000000 0.096468 0.035214 0.162999
    4 5.062389 -0.000001 0.000000 0.043298 -0.139758 0.423459
    5 3.610073 1.295546 -1.332000 -0.665922 1.315189 -2.335710
    6 4.890536 0.000004 0.000000 2.606846 0.533150 -0.269036
    7 9.685764 0.000000 -0.000004 0.000000 0.000000 -0.841324
    8 3.610065 1.295545 1.332000 -0.633339 -1.055169 -1.165335
    9 4.890535 0.000000 -0.000001 -2.274315 -0.588303 -0.035775
    10 9.685764 0.000000 0.000000 0.000000 0.000000 -0.298063
    11 9.256790 -0.000007 -0.000023 1.434902 0.086973 0.051835
    12 -3.219585 0.000000 0.000000 -0.935047 -0.592166 -2.531839
    13 9.256779 -0.000004 0.000011 -1.883638 -0.112097 0.080650
    14 16.283249 0.000000 0.000000 0.000000 0.000000 0.810599
    15 4.753334 0.000000 0.000000 2.963474 0.131211 0.417401
    16 3.962090 0.000000 0.000000 -0.017909 -0.067343 0.509758
    17 16.291077 0.000000 0.000000 0.000000 0.000000 2.080812
    18 14.875347 0.000000 0.000000 0.194258 -0.293476 -0.937862
    19 5.277816 0.000000 0.000001 -0.111765 0.023858 -0.567261
    20 3.219585 0.000000 0.000000 -1.602115 -0.742183 -1.320520
    21 16.283253 0.000000 0.000000 0.000000 0.000000 0.300595
    22 16.291080 0.000000 0.000001 0.000000 0.000000 0.553571
    23 14.875350 0.000000 0.000000 -0.203359 -0.223627 -0.681423
    24 5.277817 0.000000 0.000000 0.020263 -0.027632 -0.539050
    25 2.660156 0.004799 -1.311523 0.204923 0.143299 -0.226648
    26 1.340820 0.000000 0.000000 0.011404 0.016672 -0.599950
    27 0.717773 -0.000002 -0.000001 -0.054473 -0.175380 -0.302889
    28 2.933594 0.180298 -0.485352 0.197828 0.103894 -0.292786
    29 1.604492 0.000002 0.000000 -0.051969 -0.088374 -0.532552
    30 0.857929 0.000002 0.000000 0.002415 0.009757 -0.242679
    31 3.169922 0.097046 0.363525 0.187209 0.067909 -0.258128
    32 1.909180 0.000001 0.000000 -0.042077 -0.053977 -0.662652
    33 1.023438 -0.000002 0.000000 0.001897 0.012019 -0.156562
    34 3.269531 -0.140869 1.259766 0.180672 0.034142 -0.204037
    35 1.509766 -0.000001 -0.000001 0.051327 0.064037 -0.676424
    36 0.883299 -0.000002 0.000000 0.001277 0.038560 -0.033101
    37 0.948242 -1.142578 0.871582 1.693884 -0.344469 -0.124089
    38 1.629883 -0.000001 0.000001 0.000014 -0.188062 -0.185216
    39 1.085938 0.000000 -0.000002 0.000000 -0.040646 0.196333
    40 4.976479 0.000000 0.000004 -0.095340 0.000000 0.000000
    41 9.952959 0.000000 0.000006 -0.178847 0.000000 0.000000
    42 9.877266 0.000000 0.000002 0.000000 0.000000 -0.247089
    43 2.660156 0.000057 1.311523 -0.201327 -0.143306 -0.226689
    44 1.340820 0.000002 0.000001 -0.011404 -0.016672 -0.599950
    45 0.717773 0.000002 -0.000002 0.054473 0.175380 -0.302889
    46 2.935547 0.178589 0.486084 -0.194226 -0.103877 -0.292835
    47 1.604492 0.000001 0.000000 0.051969 0.088374 -0.532552
    48 0.857933 -0.000001 0.000000 -0.002415 -0.009757 -0.242679
    49 3.169922 0.098328 -0.363281 -0.183626 -0.067869 -0.258123
    50 1.909180 0.000000 0.000000 0.042077 0.053977 -0.662652
    51 1.023438 0.000001 0.000000 -0.001897 -0.012019 -0.156562
    52 3.271484 -0.136353 -1.259766 -0.177006 -0.034199 -0.204061
    53 1.509766 0.000003 0.000000 -0.051327 -0.064037 -0.676425
    54 0.883297 0.000000 0.000000 -0.001277 -0.038560 -0.033101
    55 0.948242 -1.139648 -0.875977 -1.690135 0.344972 -0.122837
    56 1.629883 0.000001 -0.000002 -0.000014 0.188062 -0.185216
    57 1.085938 0.000000 0.000002 0.000000 0.040646 0.196333
    58 9.952957 -0.000001 -0.000004 -0.209464 0.000000 0.000000
    59 4.976482 0.000000 -0.000002 -0.108306 0.000000 0.000000
    60 9.877266 0.000000 0.000000 0.000000 0.000000 -0.521068
    61 7.023271 -6.880002 4.339546 2.620672 -1.456011 -1.105365
    62 3.813801 -3.870655 0.998562 1.570796 -1.069638 0.199892
    63 0.000000 -0.000007 -0.000031 1.373047 0.113574 0.124314
    64 0.000000 -0.000007 -0.000031 1.373047 0.113574 0.124314
    65 2.685547 -1.180664 0.106812 1.364989 -0.517251 2.629313
    66 2.535156 -1.363281 -0.864258 -1.501147 -0.272558 -1.578261
    67 0.000000 0.000000 10.000000 0.000000 0.000000 0.000000
    68 0.018898 0.665159 9.395884 0.000000 0.000000 0.000000
    69 2.000000 -3.000000 0.000000 -1.570796 0.000000 -1.326450
    70 3.028210 -0.923409 -2.009451 1.574082 -0.012974 1.587243
    71 0.116953 4.311606 0.061859 0.000010 -0.000001 0.000000
    72 0.000000 -0.000002 0.000000 0.000000 0.000000 0.000000
    73 -0.000002 1.000000 0.000009 0.000000 0.000000 0.000000
    74 0.000000 0.000000 0.000000 0.000000 0.000000 0.000000
    75 0.000000 0.000000 0.000000 0.000000 0.000000 0.000000
    76 0.000000 0.000000 0.000000 0.000000 0.000000 0.000000
time 38
    0 8.471826 40.443113 10.429688 -0.909609 -0.538386 0.391137
    1 0.000000 3.591042 -0.015921 1.669621 -0.352895 1.531738
    2 3.548302 0.000000 0.000000 0.075370 -0.015628 0.036388
    3 3.284046 0.000001 0.000000 0.096172 0.039276 0.161980
    4 5.062389 -0.000001 0.000000 0.048577 -0.132057 0.419030
    5 3.610073 1.295546 -1.332000 -0.568279 1.343332 -2.229537
    6 4.890536 0.000004 0.000000 2.777306 0.470455 -0.300902
    7 9.685764 0.000000 -0.000004 0.000000 0.000000 -0.834898
    8 3.610065 1.295545 1.332000 -0.574935 -1.061452 -1.224507
    9 4.890535 0.000000 -0.000001 -2.355560 -0.507297 -0.065304
    10 9.685764 0.000000 0.000000 0.000000 0.000000 -0.281662
    11 9.256790 -0.000007 -0.000023 1.476881 0.062730 0.087690
    12 -3.219585 0.000000 0.000000 -0.922473 -0.629837 -2.561140
    13 9.256779 -0.000004 0.000011 -1.943099 -0.125306 0.040121
    14 16.283249 0.000000 0.000000 0.000000 0.000000 0.810599
    15 4.753334 0.000000 0.000000 2.981842 0.143023 0.412974
    16 3.962090 0.000000 0.000000 -0.003501 -0.051140 0.499112
    17 16.291077 0.000000 0.000000 0.000000 0.000000 2.111994
    18 14.875347 0.000000 0.000000 0.175259 -0.314702 -0.895212
    19 5.277816 0.000000 0.000001 -0.111812 0.023777 -0.563387
    20 3.219585 0.000000 0.000000 -1.591320 -0.833569 -1.271326
    21 16.283253 0.000000 0.000000 0.000000 0.000000 0.297191
    22 16.291080 0.000000 0.000001 0.000000 0.000000 0.546754
    23 14.875350 0.000000 0.000000 -0.196910 -0.249288 -0.712036
    24 5.277817 0.000000 0.000000 0.020266 -0.027692 -0.543621
    25 2.660156 0.004799 -1.311523 0.204923 0.143299 -0.226648
    26 1.340820 0.000000 0.000000 0.011404 0.016672 -0.599950
    27 0.717773 -0.000002 -0.000001 -0.054473 -0.175380 -0.302889
    28 2.933594 0.180298 -0.485352 0.197828 0.103894 -0.292786
    29 1.604492 0.000002 0.000000 -0.051969 -0.088374 -0.532552
    30 0.857929 0.000002 0.000000 0.002415 0.009757 -0.242679
    31 3.169922 0.097046 0.363525 0.187209 0.067909 -0.258128
    32 1.909180 0.000001 0.000000 -0.042077 -0.053977 -0.662652
    33 1.023438 -0.000002 0.000000 0.001897 0.012019 -0.156562
    34 3.269531 -0.140869 1.259766 0.180672 0.034142 -0.204037
    35 1.509766 -0.000001 -0.000001 0.051327 0.064037 -0.676424
    36 0.883299 -0.000002 0.000000 0.001277 0.038560 -0.033101
    37 0.948242 -1.142578 0.871582 1.693884 -0.344469 -0.124089
    38 1.629883 -0.000001 0.000001 0.000014 -0.188062 -0.185216
    39 1.085938 0.000000 -0.000002 0.000000 -0.040646 0.196333
    40 4.976479 0.000000 0.000004 -0.076503 0.000000 0.000000
    41 9.952959 0.000000 0.000006 -0.142905 0.000000 0.000000
    42 9.877266 0.000000 0.000002 0.000000 0.000000 -0.239001
    43 2.660156 0.000057 1.311523 -0.201327 -0.143306 -0.226689
    44 1.340820 0.000002 0.000001 -0.011404 -0.016672 -0.599950
    45 0.717773 0.000002 -0.000002 0.054473 0.175380 -0.302889
    46 2.935547 0.178589 0.486084 -0.194226 -0.103877 -0.292835
    47 1.604492 0.000001 0.000000 0.051969 0.088374 -0.532552
    48 0.857933 -0.000001 0.000000 -0.002415 -0.009757 -0.242679
    49 3.169922 0.098328 -0.363281 -0.183626 -0.067869 -0.258123
    50 1.909180 0.000000 0.000000 0.042077 0.053977 -0.662652
    51 1.023438 0.000001 0.000000 -0.001897 -0.012019 -0.156562
    52 3.271484 -0.136353 -1.259766 -0.177006 -0.034199 -0.204061
    53 1.509766 0.000003 0.000000 -0.051327 -0.064037 -0.676425
    54 0.883297 0.000000 0.000000 -0.001277 -0.038560 -0.033101
    55 0.948242 -1.139648 -0.875977 -1.690135 0.344972 -0.122837
    56 1.629883 0.000001 -0.000002 -0.000014 0.188062 -0.185216
    57 1.085938 0.000000 0.000002 0.000000 0.040646 0.196333
    58 9.952957 -0.000001 -0.000004 -0.267632 0.000000 0.000000
    59 4.976482 0.000000 -0.000002 -0.137453 0.000000 0.000000
    60 9.877266 0.000000 0.000000 0.000000 0.000000 -0.517763
    61 7.023271 -6.880002 4.339546 2.620672 -1.456011 -1.105365
    62 3.813801 -3.870655 0.998562 1.570796 -1.069638 0.199892
    63 0.000000 -0.000007 -0.000031 1.373047 0.113574 0.124314
    64 0.000000 -0.000007 -0.000031 1.373047 0.113574 0.124314
    65 2.685547 -1.180664 0.106812 1.364989 -0.517251 2.629313
    66 2.535156 -1.363281 -0.864258 -1.501147 -0.272558 -1.578261
    67 0.000000 0.000000 10.000000 0.000000 0.000000 0.000000
    68 0.018898 0.665159 9.395884 0.000000 0.000000 0.000000
    69 2.000000 -3.000000 0.000000 -1.570796 0.000000 -1.326450
    70 3.028210 -0.923409 -2.009451 1.574082 -0.012974 1.587243
    71 0.116953 4.311606 0.061859 0.000010 -0.000001 0.000000
    72 0.000000 -0.000002 0.000000 0.000000 0.000000 0.000000
    73 -0.000002 1.000000 0.000009 0.000000 0.000000 0.000000
    74 0.000000 0.000000 0.000000 0.000000 0.000000 0.000000
    75 0.000000 0.000000 0.000000 0.000000 0.000000 0.000000
    76 0.000000 0.000000 0.000000 0.000000 0.000000 0.000000
time 39
    0 8.614404 40.271238 10.296875 -0.893594 -0.522642 0.378086
    1 0.000000 3.591042 -0.015921 1.668667 -0.352556 1.508504
    2 3.548302 0.000000 0.000000 0.075906 -0.005402 0.033056
    3 3.284046 0.000001 0.000000 0.095459 0.045684 0.157771
    4 5.062389 -0.000001 0.000000 0.054738 -0.122594 0.412595
    5 3.610073 1.295546 -1.332000 -0.447890 1.362421 -2.102900
    6 4.890536 0.000004 0.000000 2.956631 0.429264 -0.288668
    7 9.685764 0.000000 -0.000004 0.000000 0.000000 -0.771774
    8 3.610065 1.295545 1.332000 -0.390316 -1.081271 -1.420240
    9 4.890535 0.000000 -0.000001 -2.355247 -0.439904 -0.072256
    10 9.685764 0.000000 0.000000 0.000000 0.000000 -0.365726
    11 9.256790 -0.000007 -0.000023 1.471142 0.018435 0.125133
    12 -3.219585 0.000000 0.000000 -0.900162 -0.663963 -2.574263
    13 9.256779 -0.000004 0.000011 -2.019573 -0.135119 0.016953
    14 16.283249 0.000000 0.000000 0.000000 0.000000 0.810599
    15 4.753334 0.000000 0.000000 2.997108 0.161889 0.395011
    16 3.962090 0.000000 0.000000 0.011533 -0.034683 0.484230
    17 16.291077 0.000000 0.000000 0.000000 0.000000 2.127038
    18 14.875347 0.000000 0.000000 0.160496 -0.322415 -0.869683
    19 5.277816 0.000000 0.000001 -0.111765 0.023805 -0.561407
    20 3.219585 0.000000 0.000000 -1.648591 -0.915628 -1.193125
    21 16.283253 0.000000 0.000000 0.000000 0.000000 0.295619
    22 16.291080 0.000000 0.000001 0.000000 0.000000 0.543617
    23 14.875350 0.000000 0.000000 -0.190287 -0.264321 -0.746728
    24 5.277817 0.000000 0.000000 0.020244 -0.027708 -0.542007
    25 2.660156 0.004799 -1.311523 0.204923 0.143299 -0.226648
    26 1.340820 0.000000 0.000000 0.011404 0.016672 -0.599950
    27 0.717773 -0.000002 -0.000001 -0.054473 -0.175380 -0.302889
    28 2.933594 0.180298 -0.485352 0.197828 0.103894 -0.292786
    29 1.604492 0.000002 0.000000 -0.051969 -0.088374 -0.532552
    30 0.857929 0.000002 0.000000 0.002415 0.009757 -0.242679
    31 3.169922 0.097046 0.363525 0.187209 0.067909 -0.258128
    32 1.909180 0.000001 0.000000 -0.042077 -0.053977 -0.662652
    33 1.023438 -0.000002 0.000000 0.001897 0.012019 -0.156562
    34 3.269531 -0.140869 1.259766 0.180672 0.034142 -0.204037
    35 1.509766 -0.000001 -0.000001 0.051327 0.064037 -0.676424
    36 0.883299 -0.000002 0.000000 0.001277 0.038560 -0.033101
    37 0.948242 -1.142578 0.871582 1.693884 -0.344469 -0.124089
    38 1.629883 -0.000001 0.000001 0.000014 -0.188062 -0.185216
    39 1.085938 0.000000 -0.000002 0.000000 -0.040646 0.196333
    40 4.976479 0.000000 0.000004 -0.079873 0.000000 0.000000
    41 9.952959 0.000000 0.000006 -0.149310 0.000000 0.000000
    42 9.877266 0.000000 0.000002 0.000000 0.000000 -0.280965
    43 2.660156 0.000057 1.311523 -0.201327 -0.143306 -0.226689
    44 1.340820 0.000002 0.000001 -0.011404 -0.016672 -0.599950
    45 0.717773 0.000002 -0.000002 0.054473 0.175380 -0.302889
    46 2.935547 0.178589 0.486084 -0.194226 -0.103877 -0.292835
    47 1.604492 0.000001 0.000000 0.051969 0.088374 -0.532552
    48 0.857933 -0.000001 0.000000 -0.002415 -0.009757 -0.242679
    49 3.169922 0.098328 -0.363281 -0.183626 -0.067869 -0.258123
    50 1.909180 0.000000 0.000000 0.042077 0.053977 -0.662652
    51 1.023438 0.000001 0.000000 -0.001897 -0.012019 -0.156562
    52 3.271484 -0.136353 -1.259766 -0.177006 -0.034199 -0.204061
    53 1.509766 0.000003 0.000000 -0.051327 -0.064037 -0.676425
    54 0.883297 0.000000 0.000000 -0.001277 -0.038560 -0.033101
    55 0.948242 -1.139648 -0.875977 -1.690135 0.344972 -0.122837
    56 1.629883 0.000001 -0.000002 -0.000014 0.188062 -0.185216
    57 1.085938 0.000000 0.000002 0.000000 0.040646 0.196333
    58 9.952957 -0.000001 -0.000004 -0.344677 0.000000 0.000000
    59 4.976482 0.000000 -0.000002 -0.175727 0.000000 0.000000
    60 9.877266 0.000000 0.000000 0.000000 0.000000 -0.485859
    61 7.023271 -6.880002 4.339546 2.620672 -1.456011 -1.105365
    62 3.813801 -3.870655 0.998562 1.570796 -1.069638 0.199892
    63 0.000000 -0.000007 -0.000031 1.373047 0.113574 0.124314
    64 0.000000 -0.000007 -0.000031 1.373047 0.113574 0.124314
    65 2.685547 -1.180664 0.106812 1.364989 -0.517251 2.629313
    66 2.535156 -1.363281 -0.864258 -1.501147 -0.272558 -1.578261
    67 0.000000 0.000000 10.000000 0.000000 0.000000 0.000000
    68 0.018898 0.665159 9.395884 0.000000 0.000000 0.000000
    69 2.000000 -3.000000 0.000000 -1.570796 0.000000 -1.326450
    70 3.028210 -0.923409 -2.009451 1.574082 -0.012974 1.587243
    71 0.116953 4.311606 0.061859 0.000010 -0.000001 0.000000
    72 0.000000 -0.000002 0.000000 0.000000 0.000000 0.000000
    73 -0.000002 1.000000 0.000009 0.000000 0.000000 0.000000
    74 0.000000 0.000000 0.000000 0.000000 0.000000 0.000000
    75 0.000000 0.000000 0.000000 0.000000 0.000000 0.000000
    76 0.000000 0.000000 0.000000 0.000000 0.000000 0.000000
time 40
    0 8.692529 40.122801 10.148438 -0.881649 -0.505915 0.365110
    1 0.000000 3.591042 -0.015921 1.665649 -0.352082 1.489789
    2 3.548302 0.000000 0.000000 0.074982 0.001464 0.032365
    3 3.284046 0.000001 0.000000 0.092901 0.049392 0.154934
    4 5.062389 -0.000001 0.000000 0.060529 -0.111738 0.409023
    5 3.610073 1.295546 -1.332000 -0.338350 1.368662 -1.992282
    6 4.890536 0.000004 0.000000 3.124182 0.399554 -0.229050
    7 9.685764 0.000000 -0.000004 0.000000 0.000000 -0.653850
    8 3.610065 1.295545 1.332000 -0.185198 -1.081082 -1.637133
    9 4.890535 0.000000 -0.000001 -2.250707 -0.322186 -0.111860
    10 9.685764 0.000000 0.000000 0.000000 0.000000 -0.491909
    11 9.256790 -0.000007 -0.000023 1.411602 -0.050064 0.137138
    12 -3.219585 0.000000 0.000000 -0.882189 -0.678574 -2.581795
    13 9.256779 -0.000004 0.000011 -2.069410 -0.128465 -0.022795
    14 16.283249 0.000000 0.000000 0.000000 0.000000 0.810599
    15 4.753334 0.000000 0.000000 3.006972 0.177373 0.382484
    16 3.962090 0.000000 0.000000 0.023981 -0.019174 0.471912
    17 16.291077 0.000000 0.000000 0.000000 0.000000 2.129901
    18 14.875347 0.000000 0.000000 0.155645 -0.330273 -0.861469
    19 5.277816 0.000000 0.000001 -0.111782 0.023778 -0.568698
    20 3.219585 0.000000 0.000000 -1.733137 -0.975302 -1.118709
    21 16.283253 0.000000 0.000000 0.000000 0.000000 0.298238
    22 16.291080 0.000000 0.000001 0.000000 0.000000 0.548816
    23 14.875350 0.000000 0.000000 -0.190540 -0.275892 -0.776455
    24 5.277817 0.000000 0.000000 0.020239 -0.027712 -0.541649
    25 2.660156 0.004799 -1.311523 0.204923 0.143299 -0.226648
    26 1.340820 0.000000 0.000000 0.011404 0.016672 -0.599950
    27 0.717773 -0.000002 -0.000001 -0.054473 -0.175380 -0.302889
    28 2.933594 0.180298 -0.485352 0.197828 0.103894 -0.292786
    29 1.604492 0.000002 0.000000 -0.051969 -0.088374 -0.532552
    30 0.857929 0.000002 0.000000 0.002415 0.009757 -0.242679
    31 3.169922 0.097046 0.363525 0.187209 0.067909 -0.258128
    32 1.909180 0.000001 0.000000 -0.042077 -0.053977 -0.662652
    33 1.023438 -0.000002 0.000000 0.001897 0.012019 -0.156562
    34 3.269531 -0.140869 1.259766 0.180672 0.034142 -0.204037
    35 1.509766 -0.000001 -0.000001 0.051327 0.064037 -0.676424
    36 0.883299 -0.000002 0.000000 0.001277 0.038560 -0.033101
    37 0.948242 -1.142578 0.871582 1.693884 -0.344469 -0.124089
    38 1.629883 -0.000001 0.000001 0.000014 -0.188062 -0.185216
    39 1.085938 0.000000 -0.000002 0.000000 -0.040646 0.196333
    40 4.976479 0.000000 0.000004 -0.104848 0.000000 0.000000
    41 9.952959 0.000000 0.000006 -0.197056 0.000000 0.000000
    42 9.877266 0.000000 0.000002 0.000000 0.000000 -0.344326
    43 2.660156 0.000057 1.311523 -0.201327 -0.143306 -0.226689
    44 1.340820 0.000002 0.000001 -0.011404 -0.016672 -0.599950
    45 0.717773 0.000002 -0.000002 0.054473 0.175380 -0.302889
    46 2.935547 0.178589 0.486084 -0.194226 -0.103877 -0.292835
    47 1.604492 0.000001 0.000000 0.051969 0.088374 -0.532552
    48 0.857933 -0.000001 0.000000 -0.002415 -0.009757 -0.242679
    49 3.169922 0.098328 -0.363281 -0.183626 -0.067869 -0.258123
    50 1.909180 0.000000 0.000000 0.042077 0.053977 -0.662652
    51 1.023438 0.000001 0.000000 -0.001897 -0.012019 -0.156562
    52 3.271484 -0.136353 -1.259766 -0.177006 -0.034199 -0.204061
    53 1.509766 0.000003 0.000000 -0.051327 -0.064037 -0.676425
    54 0.883297 0.000000 0.000000 -0.001277 -0.038560 -0.033101
    55 0.948242 -1.139648 -0.875977 -1.690135 0.344972 -0.122837
    56 1.629883 0.000001 -0.000002 -0.000014 0.188062 -0.185216
    57 1.085938 0.000000 0.000002 0.000000 0.040646 0.196333
    58 9.952957 -0.000001 -0.000004 -0.404601 0.000000 0.000000
    59 4.976482 0.000000 -0.000002 -0.205211 0.000000 0.000000
    60 9.877266 0.000000 0.000000 0.000000 0.000000 -0.426128
    61 7.023271 -6.880002 4.339546 2.620672 -1.456011 -1.105365
    62 3.813801 -3.870655 0.998562 1.570796 -1.069638 0.199892
    63 0.000000 -0.000007 -0.000031 1.373047 0.113574 0.124314
    64 0.000000 -0.000007 -0.000031 1.373047 0.113574 0.124314
    65 2.685547 -1.180664 0.106812 1.364989 -0.517251 2.629313
    66 2.535156 -1.363281 -0.864258 -1.501147 -0.272558 -1.578261
    67 0.000000 0.000000 10.000000 0.000000 0.000000 0.000000
    68 0.018898 0.665159 9.395884 0.000000 0.000000 0.000000
    69 2.000000 -3.000000 0.000000 -1.570796 0.000000 -1.326450
    70 3.028210 -0.923409 -2.009451 1.574082 -0.012974 1.587243
    71 0.116953 4.311606 0.061859 0.000010 -0.000001 0.000000
    72 0.000000 -0.000002 0.000000 0.000000 0.000000 0.000000
    73 -0.000002 1.000000 0.000009 0.000000 0.000000 0.000000
    74 0.000000 0.000000 0.000000 0.000000 0.000000 0.000000
    75 0.000000 0.000000 0.000000 0.000000 0.000000 0.000000
    76 0.000000 0.000000 0.000000 0.000000 0.000000 0.000000
time 41
    0 8.743310 39.997801 10.062500 -0.878212 -0.487188 0.356610
    1 0.000000 3.591042 -0.015921 1.660301 -0.351534 1.470049
    2 3.548302 0.000000 0.000000 0.076008 0.005047 0.037687
    3 3.284046 0.000001 0.000000 0.092118 0.050793 0.154026
    4 5.062389 -0.000001 0.000000 0.067418 -0.102901 0.408264
    5 3.610073 1.295546 -1.332000 -0.289988 1.372348 -1.944595
    6 4.890536 0.000004 0.000000 -3.037052 0.347895 -0.129104
    7 9.685764 0.000000 -0.000004 0.000000 0.000000 -0.468979
    8 3.610065 1.295545 1.332000 0.014530 -1.069313 -1.844904
    9 4.890535 0.000000 -0.000001 -2.084360 -0.206258 -0.086136
    10 9.685764 0.000000 0.000000 0.000000 0.000000 -0.511515
    11 9.256790 -0.000007 -0.000023 1.264476 -0.133224 0.090184
    12 -3.219585 0.000000 0.000000 -0.875232 -0.674811 -2.589183
    13 9.256779 -0.000004 0.000011 -2.038019 -0.102918 -0.122443
    14 16.283249 0.000000 0.000000 0.000000 0.000000 0.810599
    15 4.753334 0.000000 0.000000 3.011706 0.187095 0.374678
    16 3.962090 0.000000 0.000000 0.033223 -0.005430 0.462567
    17 16.291077 0.000000 0.000000 0.000000 0.000000 2.126247
    18 14.875347 0.000000 0.000000 0.161492 -0.341163 -0.865428
    19 5.277816 0.000000 0.000001 -0.111772 0.023852 -0.570774
    20 3.219585 0.000000 0.000000 -1.797806 -1.014854 -1.071257
    21 16.283253 0.000000 0.000000 0.000000 0.000000 0.308718
    22 16.291080 0.000000 0.000001 0.000000 0.000000 0.569473
    23 14.875350 0.000000 0.000000 -0.194281 -0.293881 -0.792845
    24 5.277817 0.000000 0.000000 0.020260 -0.027696 -0.543173
    25 2.660156 0.004799 -1.311523 0.204923 0.143299 -0.226648
    26 1.340820 0.000000 0.000000 0.011404 0.016672 -0.599950
    27 0.717773 -0.000002 -0.000001 -0.054473 -0.175380 -0.302889
    28 2.933594 0.180298 -0.485352 0.197828 0.103894 -0.292786
    29 1.604492 0.000002 0.000000 -0.051969 -0.088374 -0.532552
    30 0.857929 0.000002 0.000000 0.002415 0.009757 -0.242679
    31 3.169922 0.097046 0.363525 0.187209 0.067909 -0.258128
    32 1.909180 0.000001 0.000000 -0.042077 -0.053977 -0.662652
    33 1.023438 -0.000002 0.000000 0.001897 0.012019 -0.156562
    34 3.269531 -0.140869 1.259766 0.180672 0.034142 -0.204037
    35 1.509766 -0.000001 -0.000001 0.051327 0.064037 -0.676424
    36 0.883299 -0.000002 0.000000 0.001277 0.038560 -0.033101
    37 0.948242 -1.142578 0.871582 1.693884 -0.344469 -0.124089
    38 1.629883 -0.000001 0.000001 0.000014 -0.188062 -0.185216
    39 1.085938 0.000000 -0.000002 0.000000 -0.040646 0.196333
    40 4.976479 0.000000 0.000004 -0.168362 0.000000 0.000000
    41 9.952959 0.000000 0.000006 -0.320867 0.000000 0.000000
    42 9.877266 0.000000 0.000002 0.000000 0.000000 -0.354232
    43 2.660156 0.000057 1.311523 -0.201327 -0.143306 -0.226689
    44 1.340820 0.000002 0.000001 -0.011404 -0.016672 -0.599950
    45 0.717773 0.000002 -0.000002 0.054473 0.175380 -0.302889
    46 2.935547 0.178589 0.486084 -0.194226 -0.103877 -0.292835
    47 1.604492 0.000001 0.000000 0.051969 0.088374 -0.532552
    48 0.857933 -0.000001 0.000000 -0.002415 -0.009757 -0.242679
    49 3.169922 0.098328 -0.363281 -0.183626 -0.067869 -0.258123
    50 1.909180 0.000000 0.000000 0.042077 0.053977 -0.662652
    51 1.023438 0.000001 0.000000 -0.001897 -0.012019 -0.156562
    52 3.271484 -0.136353 -1.259766 -0.177006 -0.034199 -0.204061
    53 1.509766 0.000003 0.000000 -0.051327 -0.064037 -0.676425
    54 0.883297 0.000000 0.000000 -0.001277 -0.038560 -0.033101
    55 0.948242 -1.139648 -0.875977 -1.690135 0.344972 -0.122837
    56 1.629883 0.000001 -0.000002 -0.000014 0.188062 -0.185216
    57 1.085938 0.000000 0.000002 0.000000 0.040646 0.196333
    58 9.952957 -0.000001 -0.000004 -0.391568 0.000000 0.000000
    59 4.976482 0.000000 -0.000002 -0.198791 0.000000 0.000000
    60 9.877266 0.000000 0.000000 0.000000 0.000000 -0.332853
    61 7.023271 -6.880002 4.339546 2.620672 -1.456011 -1.105365
    62 3.813801 -3.870655 0.998562 1.570796 -1.069638 0.199892
    63 0.000000 -0.000007 -0.000031 1.373047 0.113574 0.124314
    64 0.000000 -0.000007 -0.000031 1.373047 0.113574 0.124314
    65 2.685547 -1.180664 0.106812 1.364989 -0.517251 2.629313
    66 2.535156 -1.363281 -0.864258 -1.501147 -0.272558 -1.578261
    67 0.000000 0.000000 10.000000 0.000000 0.000000 0.000000
    68 0.018898 0.665159 9.395884 0.000000 0.000000 0.000000
    69 2.000000 -3.000000 0.000000 -1.570796 0.000000 -1.326450
    70 3.028210 -0.923409 -2.009451 1.574082 -0.012974 1.587243
    71 0.116953 4.311606 0.061859 0.000010 -0.000001 0.000000
    72 0.000000 -0.000002 0.000000 0.000000 0.000000 0.000000
    73 -0.000002 1.000000 0.000009 0.000000 0.000000 0.000000
    74 0.000000 0.000000 0.000000 0.000000 0.000000 0.000000
    75 0.000000 0.000000 0.000000 0.000000 0.000000 0.000000
    76 0.000000 0.000000 0.000000 0.000000 0.000000 0.000000
time 42
    0 8.796044 39.888426 10.000000 -0.876011 -0.473926 0.351334
    1 0.000000 3.591042 -0.015921 1.653031 -0.351067 1.456987
    2 3.548302 0.000000 0.000000 0.078604 0.004446 0.042943
    3 3.284046 0.000001 0.000000 0.092852 0.048058 0.153828
    4 5.062389 -0.000001 0.000000 0.074288 -0.102060 0.408690
    5 3.610073 1.295546 -1.332000 -0.343190 1.375589 -2.000007
    6 4.890536 0.000004 0.000000 -2.977761 0.292335 -0.021180
    7 9.685764 0.000000 -0.000004 0.000000 0.000000 -0.265802
    8 3.610065 1.295545 1.332000 0.177408 -1.053580 -2.012589
    9 4.890535 0.000000 -0.000001 -1.832198 -0.118853 -0.023092
    10 9.685764 0.000000 0.000000 0.000000 0.000000 -0.459399
    11 9.256790 -0.000007 -0.000023 1.100678 -0.223575 0.059626
    12 -3.219585 0.000000 0.000000 -0.874702 -0.661498 -2.594621
    13 9.256779 -0.000004 0.000011 -1.964334 -0.076705 -0.240902
    14 16.283249 0.000000 0.000000 0.000000 0.000000 0.810599
    15 4.753334 0.000000 0.000000 3.020139 0.189036 0.367499
    16 3.962090 0.000000 0.000000 0.038822 -0.001169 0.458489
    17 16.291077 0.000000 0.000000 0.000000 0.000000 2.121404
    18 14.875347 0.000000 0.000000 0.169948 -0.361260 -0.880291
    19 5.277816 0.000000 0.000001 -0.111815 0.023820 -0.569422
    20 3.219585 0.000000 0.000000 -1.820327 -1.038024 -1.052941
    21 16.283253 0.000000 0.000000 0.000000 0.000000 0.322879
    22 16.291080 0.000000 0.000001 0.000000 0.000000 0.597505
    23 14.875350 0.000000 0.000000 -0.191416 -0.302822 -0.802148
    24 5.277817 0.000000 0.000000 0.020283 -0.027679 -0.544876
    25 2.660156 0.004799 -1.311523 0.204923 0.143299 -0.226648
    26 1.340820 0.000000 0.000000 0.011404 0.016672 -0.599950
    27 0.717773 -0.000002 -0.000001 -0.054473 -0.175380 -0.302889
    28 2.933594 0.180298 -0.485352 0.197828 0.103894 -0.292786
    29 1.604492 0.000002 0.000000 -0.051969 -0.088374 -0.532552
    30 0.857929 0.000002 0.000000 0.002415 0.009757 -0.242679
    31 3.169922 0.097046 0.363525 0.187209 0.067909 -0.258128
    32 1.909180 0.000001 0.000000 -0.042077 -0.053977 -0.662652
    33 1.023438 -0.000002 0.000000 0.001897 0.012019 -0.156562
    34 3.269531 -0.140869 1.259766 0.180672 0.034142 -0.204037
    35 1.509766 -0.000001 -0.000001 0.051327 0.064037 -0.676424
    36 0.883299 -0.000002 0.000000 0.001277 0.038560 -0.033101
    37 0.948242 -1.142578 0.871582 1.693884 -0.344469 -0.124089
    38 1.629883 -0.000001 0.000001 0.000014 -0.188062 -0.185216
    39 1.085938 0.000000 -0.000002 0.000000 -0.040646 0.196333
    40 4.976479 0.000000 0.000004 -0.237088 0.000000 0.000000
    41 9.952959 0.000000 0.000006 -0.458335 0.000000 0.000000
    42 9.877266 0.000000 0.000002 0.000000 0.000000 -0.327953
    43 2.660156 0.000057 1.311523 -0.201327 -0.143306 -0.226689
    44 1.340820 0.000002 0.000001 -0.011404 -0.016672 -0.599950
    45 0.717773 0.000002 -0.000002 0.054473 0.175380 -0.302889
    46 2.935547 0.178589 0.486084 -0.194226 -0.103877 -0.292835
    47 1.604492 0.000001 0.000000 0.051969 0.088374 -0.532552
    48 0.857933 -0.000001 0.000000 -0.002415 -0.009757 -0.242679
    49 3.169922 0.098328 -0.363281 -0.183626 -0.067869 -0.258123
    50 1.909180 0.000000 0.000000 0.042077 0.053977 -0.662652
    51 1.023438 0.000001 0.000000 -0.001897 -0.012019 -0.156562
    52 3.271484 -0.136353 -1.259766 -0.177006 -0.034199 -0.204061
    53 1.509766 0.000003 0.000000 -0.051327 -0.064037 -0.676425
    54 0.883297 0.000000 0.000000 -0.001277 -0.038560 -0.033101
    55 0.948242 -1.139648 -0.875977 -1.690135 0.344972 -0.122837
    56 1.629883 0.000001 -0.000002 -0.000014 0.188062 -0.185216
    57 1.085938 0.000000 0.000002 0.000000 0.040646 0.196333
    58 9.952957 -0.000001 -0.000004 -0.322616 0.000000 0.000000
    59 4.976482 0.000000 -0.000002 -0.164810 0.000000 0.000000
    60 9.877266 0.000000 0.000000 0.000000 0.000000 -0.231004
    61 7.023271 -6.880002 4.339546 2.620672 -1.456011 -1.105365
    62 3.813801 -3.870655 0.998562 1.570796 -1.069638 0.199892
    63 0.000000 -0.000007 -0.000031 1.373047 0.113574 0.124314
    64 0.000000 -0.000007 -0.000031 1.373047 0.113574 0.124314
    65 2.685547 -1.180664 0.106812 1.364989 -0.517251 2.629313
    66 2.535156 -1.363281 -0.864258 -1.501147 -0.272558 -1.578261
    67 0.000000 0.000000 10.000000 0.000000 0.000000 0.000000
    68 0.018898 0.665159 9.395884 0.000000 0.000000 0.000000
    69 2.000000 -3.000000 0.000000 -1.570796 0.000000 -1.326450
    70 3.028210 -0.923409 -2.009451 1.574082 -0.012974 1.587243
    71 0.116953 4.311606 0.061859 0.000010 -0.000001 0.000000
    72 0.000000 -0.000002 0.000000 0.000000 0.000000 0.000000
    73 -0.000002 1.000000 0.000009 0.000000 0.000000 0.000000
    74 0.000000 0.000000 0.000000 0.000000 0.000000 0.000000
    75 0.000000 0.000000 0.000000 0.000000 0.000000 0.000000
    76 0.000000 0.000000 0.000000 0.000000 0.000000 0.000000
time 43
    0 8.823388 39.771238 9.929688 -0.868893 -0.474339 0.346798
    1 0.000000 3.591042 -0.015921 1.652157 -0.351003 1.455179
    2 3.548302 0.000000 0.000000 0.080717 0.002262 0.042429
    3 3.284046 0.000001 0.000000 0.094773 0.045374 0.152449
    4 5.062389 -0.000001 0.000000 0.080021 -0.104452 0.407843
    5 3.610073 1.295546 -1.332000 -0.423432 1.374021 -2.082354
    6 4.890536 0.000004 0.000000 -2.978822 0.262210 0.015395
    7 9.685764 0.000000 -0.000004 0.000000 0.000000 -0.202521
    8 3.610065 1.295545 1.332000 0.255639 -1.048812 -2.090407
    9 4.890535 0.000000 -0.000001 -1.605455 -0.067686 -0.026010
    10 9.685764 0.000000 0.000000 0.000000 0.000000 -0.414123
    11 9.256790 -0.000007 -0.000023 1.157609 -0.228916 0.076484
    12 -3.219585 0.000000 0.000000 -0.872304 -0.648873 -2.592593
    13 9.256779 -0.000004 0.000011 -1.929910 -0.069254 -0.256149
    14 16.283249 0.000000 0.000000 0.000000 0.000000 0.810599
    15 4.753334 0.000000 0.000000 3.033209 0.183746 0.361725
    16 3.962090 0.000000 0.000000 0.038711 -0.003140 0.456323
    17 16.291077 0.000000 0.000000 0.000000 0.000000 2.119227
    18 14.875347 0.000000 0.000000 0.176761 -0.374159 -0.894627
    19 5.277816 0.000000 0.000001 -0.111815 0.023791 -0.566538
    20 3.219585 0.000000 0.000000 -1.831848 -1.038122 -1.040913
    21 16.283253 0.000000 0.000000 0.000000 0.000000 0.327340
    22 16.291080 0.000000 0.000001 0.000000 0.000000 0.606454
    23 14.875350 0.000000 0.000000 -0.187330 -0.287423 -0.794862
    24 5.277817 0.000000 0.000000 0.020225 -0.027722 -0.540663
    25 2.660156 0.004799 -1.311523 0.204923 0.143299 -0.226648
    26 1.340820 0.000000 0.000000 0.011404 0.016672 -0.599950
    27 0.717773 -0.000002 -0.000001 -0.054473 -0.175380 -0.302889
    28 2.933594 0.180298 -0.485352 0.197828 0.103894 -0.292786
    29 1.604492 0.000002 0.000000 -0.051969 -0.088374 -0.532552
    30 0.857929 0.000002 0.000000 0.002415 0.009757 -0.242679
    31 3.169922 0.097046 0.363525 0.187209 0.067909 -0.258128
    32 1.909180 0.000001 0.000000 -0.042077 -0.053977 -0.662652
    33 1.023438 -0.000002 0.000000 0.001897 0.012019 -0.156562
    34 3.269531 -0.140869 1.259766 0.180672 0.034142 -0.204037
    35 1.509766 -0.000001 -0.000001 0.051327 0.064037 -0.676424
    36 0.883299 -0.000002 0.000000 0.001277 0.038560 -0.033101
    37 0.948242 -1.142578 0.871582 1.693884 -0.344469 -0.124089
    38 1.629883 -0.000001 0.000001 0.000014 -0.188062 -0.185216
    39 1.085938 0.000000 -0.000002 0.000000 -0.040646 0.196333
    40 4.976479 0.000000 0.000004 -0.207989 0.000000 0.000000
    41 9.952959 0.000000 0.000006 -0.399756 0.000000 0.000000
    42 9.877266 0.000000 0.000002 0.000000 0.000000 -0.305223
    43 2.660156 0.000057 1.311523 -0.201327 -0.143306 -0.226689
    44 1.340820 0.000002 0.000001 -0.011404 -0.016672 -0.599950
    45 0.717773 0.000002 -0.000002 0.054473 0.175380 -0.302889
    46 2.935547 0.178589 0.486084 -0.194226 -0.103877 -0.292835
    47 1.604492 0.000001 0.000000 0.051969 0.088374 -0.532552
    48 0.857933 -0.000001 0.000000 -0.002415 -0.009757 -0.242679
    49 3.169922 0.098328 -0.363281 -0.183626 -0.067869 -0.258123
    50 1.909180 0.000000 0.000000 0.042077 0.053977 -0.662652
    51 1.023438 0.000001 0.000000 -0.001897 -0.012019 -0.156562
    52 3.271484 -0.136353 -1.259766 -0.177006 -0.034199 -0.204061
    53 1.509766 0.000003 0.000000 -0.051327 -0.064037 -0.676425
    54 0.883297 0.000000 0.000000 -0.001277 -0.038560 -0.033101
    55 0.948242 -1.139648 -0.875977 -1.690135 0.344972 -0.122837
    56 1.629883 0.000001 -0.000002 -0.000014 0.188062 -0.185216
    57 1.085938 0.000000 0.000002 0.000000 0.040646 0.196333
    58 9.952957 -0.000001 -0.000004 -0.287331 0.000000 0.000000
    59 4.976482 0.000000 -0.000002 -0.147319 0.000000 0.000000
    60 9.877266 0.000000 0.000000 0.000000 0.000000 -0.199658
    61 7.023271 -6.880002 4.339546 2.620672 -1.456011 -1.105365
    62 3.813801 -3.870655 0.998562 1.570796 -1.069638 0.199892
    63 0.000000 -0.000007 -0.000031 1.373047 0.113574 0.124314
    64 0.000000 -0.000007 -0.000031 1.373047 0.113574 0.124314
    65 2.685547 -1.180664 0.106812 1.364989 -0.517251 2.629313
    66 2.535156 -1.363281 -0.864258 -1.501147 -0.272558 -1.578261
    67 0.000000 0.000000 10.000000 0.000000 0.000000 0.000000
    68 0.018898 0.665159 9.395884 0.000000 0.000000 0.000000
    69 2.000000 -3.000000 0.000000 -1.570796 0.000000 -1.326450
    70 3.028210 -0.923409 -2.009451 1.574082 -0.012974 1.587243
    71 0.116953 4.311606 0.061859 0.000010 -0.000001 0.000000
    72 0.000000 -0.000002 0.000000 0.000000 0.000000 0.000000
    73 -0.000002 1.000000 0.000009 0.000000 0.000000 0.000000
    74 0.000000 0.000000 0.000000 0.000000 0.000000 0.000000
    75 0.000000 0.000000 0.000000 0.000000 0.000000 0.000000
    76 0.000000 0.000000 0.000000 0.000000 0.000000 0.000000
time 44
    0 8.840966 39.646238 9.843750 -0.857250 -0.482549 0.345579
    1 0.000000 3.591042 -0.015921 1.653599 -0.351132 1.458505
    2 3.548302 0.000000 0.000000 0.081719 0.001035 0.035986
    3 3.284046 0.000001 0.000000 0.097176 0.044793 0.149882
    4 5.062389 -0.000001 0.000000 0.085413 -0.106987 0.406112
    5 3.610073 1.295546 -1.332000 -0.467631 1.367111 -2.128662
    6 4.890536 0.000004 0.000000 -3.005890 0.265707 -0.015097
    7 9.685764 0.000000 -0.000004 0.000000 0.000000 -0.266586
    8 3.610065 1.295545 1.332000 0.252100 -1.059665 -2.080153
    9 4.890535 0.000000 -0.000001 -1.479478 -0.036431 -0.114850
    10 9.685764 0.000000 0.000000 0.000000 0.000000 -0.345465
    11 9.256790 -0.000007 -0.000023 1.410225 -0.103304 0.068483
    12 -3.219585 0.000000 0.000000 -0.863363 -0.636393 -2.592444
    13 9.256779 -0.000004 0.000011 -1.915708 -0.083879 -0.220520
    14 16.283249 0.000000 0.000000 0.000000 0.000000 0.810599
    15 4.753334 0.000000 0.000000 3.041491 0.171561 0.354174
    16 3.962090 0.000000 0.000000 0.035426 -0.008126 0.455697
    17 16.291077 0.000000 0.000000 0.000000 0.000000 2.123777
    18 14.875347 0.000000 0.000000 0.178452 -0.384876 -0.906579
    19 5.277816 0.000000 0.000001 -0.111776 0.023865 -0.573928
    20 3.219585 0.000000 0.000000 -1.810955 -1.011655 -1.053238
    21 16.283253 0.000000 0.000000 0.000000 0.000000 0.314310
    22 16.291080 0.000000 0.000001 0.000000 0.000000 0.580636
    23 14.875350 0.000000 0.000000 -0.187395 -0.275278 -0.764828
    24 5.277817 0.000000 0.000000 0.020234 -0.027715 -0.541291
    25 2.660156 0.004799 -1.311523 0.204923 0.143299 -0.226648
    26 1.340820 0.000000 0.000000 0.011404 0.016672 -0.599950
    27 0.717773 -0.000002 -0.000001 -0.054473 -0.175380 -0.302889
    28 2.933594 0.180298 -0.485352 0.197828 0.103894 -0.292786
    29 1.604492 0.000002 0.000000 -0.051969 -0.088374 -0.532552
    30 0.857929 0.000002 0.000000 0.002415 0.009757 -0.242679
    31 3.169922 0.097046 0.363525 0.187209 0.067909 -0.258128
    32 1.909180 0.000001 0.000000 -0.042077 -0.053977 -0.662652
    33 1.023438 -0.000002 0.000000 0.001897 0.012019 -0.156562
    34 3.269531 -0.140869 1.259766 0.180672 0.034142 -0.204037
    35 1.509766 -0.000001 -0.000001 0.051327 0.064037 -0.676424
    36 0.883299 -0.000002 0.000000 0.001277 0.038560 -0.033101
    37 0.948242 -1.142578 0.871582 1.693884 -0.344469 -0.124089
    38 1.629883 -0.000001 0.000001 0.000014 -0.188062 -0.185216
    39 1.085938 0.000000 -0.000002 0.000000 -0.040646 0.196333
    40 4.976479 0.000000 0.000004 -0.103119 0.000000 0.000000
    41 9.952959 0.000000 0.000006 -0.193759 0.000000 0.000000
    42 9.877266 0.000000 0.000002 0.000000 0.000000 -0.270768
    43 2.660156 0.000057 1.311523 -0.201327 -0.143306 -0.226689
    44 1.340820 0.000002 0.000001 -0.011404 -0.016672 -0.599950
    45 0.717773 0.000002 -0.000002 0.054473 0.175380 -0.302889
    46 2.935547 0.178589 0.486084 -0.194226 -0.103877 -0.292835
    47 1.604492 0.000001 0.000000 0.051969 0.088374 -0.532552
    48 0.857933 -0.000001 0.000000 -0.002415 -0.009757 -0.242679
    49 3.169922 0.098328 -0.363281 -0.183626 -0.067869 -0.258123
    50 1.909180 0.000000 0.000000 0.042077 0.053977 -0.662652
    51 1.023438 0.000001 0.000000 -0.001897 -0.012019 -0.156562
    52 3.271484 -0.136353 -1.259766 -0.177006 -0.034199 -0.204061
    53 1.509766 0.000003 0.000000 -0.051327 -0.064037 -0.676425
    54 0.883297 0.000000 0.000000 -0.001277 -0.038560 -0.033101
    55 0.948242 -1.139648 -0.875977 -1.690135 0.344972 -0.122837
    56 1.629883 0.000001 -0.000002 -0.000014 0.188062 -0.185216
    57 1.085938 0.000000 0.000002 0.000000 0.040646 0.196333
    58 9.952957 -0.000001 -0.000004 -0.273556 0.000000 0.000000
    59 4.976482 0.000000 -0.000002 -0.140482 0.000000 0.000000
    60 9.877266 0.000000 0.000000 0.000000 0.000000 -0.231438
    61 7.023271 -6.880002 4.339546 2.620672 -1.456011 -1.105365
    62 3.813801 -3.870655 0.998562 1.570796 -1.069638 0.199892
    63 0.000000 -0.000007 -0.000031 1.373047 0.113574 0.124314
    64 0.000000 -0.000007 -0.000031 1.373047 0.113574 0.124314
    65 2.685547 -1.180664 0.106812 1.364989 -0.517251 2.629313
    66 2.535156 -1.363281 -0.864258 -1.501147 -0.272558 -1.578261
    67 0.000000 0.000000 10.000000 0.000000 0.000000 0.000000
    68 0.018898 0.665159 9.395884 0.000000 0.000000 0.000000
    69 2.000000 -3.000000 0.000000 -1.570796 0.000000 -1.326450
    70 3.028210 -0.923409 -2.009451 1.574082 -0.012974 1.587243
    71 0.116953 4.311606 0.061859 0.000010 -0.000001 0.000000
    72 0.000000 -0.000002 0.000000 0.000000 0.000000 0.000000
    73 -0.000002 1.000000 0.000009 0.000000 0.000000 0.000000
    74 0.000000 0.000000 0.000000 0.000000 0.000000 0.000000
    75 0.000000 0.000000 0.000000 0.000000 0.000000 0.000000
    76 0.000000 0.000000 0.000000 0.000000 0.000000 0.000000
time 45
    0 8.850732 39.536863 9.742188 -0.843749 -0.493213 0.344501
    1 0.000000 3.591042 -0.015921 1.654417 -0.351485 1.470274
    2 3.548302 0.000000 0.000000 0.081080 -0.000709 0.028138
    3 3.284046 0.000001 0.000000 0.098717 0.045506 0.147098
    4 5.062389 -0.000001 0.000000 0.088787 -0.110034 0.403827
    5 3.610073 1.295546 -1.332000 -0.475114 1.359713 -2.137685
    6 4.890536 0.000004 0.000000 -3.035559 0.278526 -0.050166
    7 9.685764 0.000000 -0.000004 0.000000 0.000000 -0.333729
    8 3.610065 1.295545 1.332000 0.247735 -1.070347 -2.069555
    9 4.890535 0.000000 -0.000001 -1.344823 0.028514 -0.195726
    10 9.685764 0.000000 0.000000 0.000000 0.000000 -0.298238
    11 9.256790 -0.000007 -0.000023 1.599656 0.032079 -0.027074
    12 -3.219585 0.000000 0.000000 -0.848697 -0.616170 -2.596996
    13 9.256779 -0.000004 0.000011 -1.895350 -0.103066 -0.198315
    14 16.283249 0.000000 0.000000 0.000000 0.000000 0.810599
    15 4.753334 0.000000 0.000000 3.044099 0.158378 0.343899
    16 3.962090 0.000000 0.000000 0.030707 -0.013209 0.454120
    17 16.291077 0.000000 0.000000 0.000000 0.000000 2.134339
    18 14.875347 0.000000 0.000000 0.181770 -0.394839 -0.911754
    19 5.277816 0.000000 0.000001 -0.111743 0.023789 -0.570409
    20 3.219585 0.000000 0.000000 -1.774955 -0.963594 -1.087346
    21 16.283253 0.000000 0.000000 0.000000 0.000000 0.287505
    22 16.291080 0.000000 0.000001 0.000000 0.000000 0.527504
    23 14.875350 0.000000 0.000000 -0.189793 -0.272564 -0.721545
    24 5.277817 0.000000 0.000000 0.020221 -0.027687 -0.546399
    25 2.660156 0.004799 -1.311523 0.204923 0.143299 -0.226648
    26 1.340820 0.000000 0.000000 0.011404 0.016672 -0.599950
    27 0.717773 -0.000002 -0.000001 -0.054473 -0.175380 -0.302889
    28 2.933594 0.180298 -0.485352 0.197828 0.103894 -0.292786
    29 1.604492 0.000002 0.000000 -0.051969 -0.088374 -0.532552
    30 0.857929 0.000002 0.000000 0.002415 0.009757 -0.242679
    31 3.169922 0.097046 0.363525 0.187209 0.067909 -0.258128
    32 1.909180 0.000001 0.000000 -0.042077 -0.053977 -0.662652
    33 1.023438 -0.000002 0.000000 0.001897 0.012019 -0.156562
    34 3.269531 -0.140869 1.259766 0.180672 0.034142 -0.204037
    35 1.509766 -0.000001 -0.000001 0.051327 0.064037 -0.676424
    36 0.883299 -0.000002 0.000000 0.001277 0.038560 -0.033101
    37 0.948242 -1.142578 0.871582 1.693884 -0.344469 -0.124089
    38 1.629883 -0.000001 0.000001 0.000014 -0.188062 -0.185216
    39 1.085938 0.000000 -0.000002 0.000000 -0.040646 0.196333
    40 4.976479 0.000000 0.000004 -0.016834 0.000000 0.000000
    41 9.952959 0.000000 0.000006 -0.031597 0.000000 0.000000
    42 9.877266 0.000000 0.000002 0.000000 0.000000 -0.247176
    43 2.660156 0.000057 1.311523 -0.201327 -0.143306 -0.226689
    44 1.340820 0.000002 0.000001 -0.011404 -0.016672 -0.599950
    45 0.717773 0.000002 -0.000002 0.054473 0.175380 -0.302889
    46 2.935547 0.178589 0.486084 -0.194226 -0.103877 -0.292835
    47 1.604492 0.000001 0.000000 0.051969 0.088374 -0.532552
    48 0.857933 -0.000001 0.000000 -0.002415 -0.009757 -0.242679
    49 3.169922 0.098328 -0.363281 -0.183626 -0.067869 -0.258123
    50 1.909180 0.000000 0.000000 0.042077 0.053977 -0.662652
    51 1.023438 0.000001 0.000000 -0.001897 -0.012019 -0.156562
    52 3.271484 -0.136353 -1.259766 -0.177006 -0.034199 -0.204061
    53 1.509766 0.000003 0.000000 -0.051327 -0.064037 -0.676425
    54 0.883297 0.000000 0.000000 -0.001277 -0.038560 -0.033101
    55 0.948242 -1.139648 -0.875977 -1.690135 0.344972 -0.122837
    56 1.629883 0.000001 -0.000002 -0.000014 0.188062 -0.185216
    57 1.085938 0.000000 0.000002 0.000000 0.040646 0.196333
    58 9.952957 -0.000001 -0.000004 -0.247611 0.000000 0.000000
    59 4.976482 0.000000 -0.000002 -0.127503 0.000000 0.000000
    60 9.877266 0.000000 0.000000 0.000000 0.000000 -0.264932
    61 7.023271 -6.880002 4.339546 2.620672 -1.456011 -1.105365
    62 3.813801 -3.870655 0.998562 1.570796 -1.069638 0.199892
    63 0.000000 -0.000007 -0.000031 1.373047 0.113574 0.124314
    64 0.000000 -0.000007 -0.000031 1.373047 0.113574 0.124314
    65 2.685547 -1.180664 0.106812 1.364989 -0.517251 2.629313
    66 2.535156 -1.363281 -0.864258 -1.501147 -0.272558 -1.578261
    67 0.000000 0.000000 10.000000 0.000000 0.000000 0.000000
    68 0.018898 0.665159 9.395884 0.000000 0.000000 0.000000
    69 2.000000 -3.000000 0.000000 -1.570796 0.000000 -1.326450
    70 3.028210 -0.923409 -2.009451 1.574082 -0.012974 1.587243
    71 0.116953 4.311606 0.061859 0.000010 -0.000001 0.000000
    72 0.000000 -0.000002 0.000000 0.000000 0.000000 0.000000
    73 -0.000002 1.000000 0.000009 0.000000 0.000000 0.000000
    74 0.000000 0.000000 0.000000 0.000000 0.000000 0.000000
    75 0.000000 0.000000 0.000000 0.000000 0.000000 0.000000
    76 0.000000 0.000000 0.000000 0.000000 0.000000 0.000000
time 46
    0 8.844872 39.419676 9.609375 -0.827477 -0.505720 0.341468
    1 0.000000 3.591042 -0.015921 1.655091 -0.352045 1.486055
    2 3.548302 0.000000 0.000000 0.079675 -0.002944 0.019667
    3 3.284046 0.000001 0.000000 0.099205 0.046332 0.143600
    4 5.062389 -0.000001 0.000000 0.090355 -0.113460 0.400899
    5 3.610073 1.295546 -1.332000 -0.473573 1.354445 -2.136543
    6 4.890536 0.000004 0.000000 -3.059003 0.291054 -0.067459
    7 9.685764 0.000000 -0.000004 0.000000 0.000000 -0.360285
    8 3.610065 1.295545 1.332000 0.247863 -1.079492 -2.063346
    9 4.890535 0.000000 -0.000001 -1.232840 0.087179 -0.218072
    10 9.685764 0.000000 0.000000 0.000000 0.000000 -0.450626
    11 9.256790 -0.000007 -0.000023 1.589890 0.047055 0.014432
    12 -3.219585 0.000000 0.000000 -0.833905 -0.589405 -2.602892
    13 9.256779 -0.000004 0.000011 -1.878377 -0.111153 -0.197772
    14 16.283249 0.000000 0.000000 0.000000 0.000000 0.810599
    15 4.753334 0.000000 0.000000 3.041854 0.148861 0.334409
    16 3.962090 0.000000 0.000000 0.025612 -0.016098 0.453485
    17 16.291077 0.000000 0.000000 0.000000 0.000000 2.148013
    18 14.875347 0.000000 0.000000 0.178442 -0.408688 -0.906419
    19 5.277816 0.000000 0.000001 -0.111775 0.023808 -0.568159
    20 3.219585 0.000000 0.000000 -1.739945 -0.899813 -1.132230
    21 16.283253 0.000000 0.000000 0.000000 0.000000 0.250395
    22 16.291080 0.000000 0.000001 0.000000 0.000000 0.453815
    23 14.875350 0.000000 0.000000 -0.187576 -0.271797 -0.670359
    24 5.277817 0.000000 0.000000 0.020282 -0.027680 -0.544786
    25 2.660156 0.004799 -1.311523 0.204923 0.143299 -0.226648
    26 1.340820 0.000000 0.000000 0.011404 0.016672 -0.599950
    27 0.717773 -0.000002 -0.000001 -0.054473 -0.175380 -0.302889
    28 2.933594 0.180298 -0.485352 0.197828 0.103894 -0.292786
    29 1.604492 0.000002 0.000000 -0.051969 -0.088374 -0.532552
    30 0.857929 0.000002 0.000000 0.002415 0.009757 -0.242679
    31 3.169922 0.097046 0.363525 0.187209 0.067909 -0.258128
    32 1.909180 0.000001 0.000000 -0.042077 -0.053977 -0.662652
    33 1.023438 -0.000002 0.000000 0.001897 0.012019 -0.156562
    34 3.269531 -0.140869 1.259766 0.180672 0.034142 -0.204037
    35 1.509766 -0.000001 -0.000001 0.051327 0.064037 -0.676424
    36 0.883299 -0.000002 0.000000 0.001277 0.038560 -0.033101
    37 0.948242 -1.142578 0.871582 1.693884 -0.344469 -0.124089
    38 1.629883 -0.000001 0.000001 0.000014 -0.188062 -0.185216
    39 1.085938 0.000000 -0.000002 0.000000 -0.040646 0.196333
    40 4.976479 0.000000 0.000004 -0.022100 0.000000 0.000000
    41 9.952959 0.000000 0.000006 -0.041267 0.000000 0.000000
    42 9.877266 0.000000 0.000002 0.000000 0.000000 -0.323578
    43 2.660156 0.000057 1.311523 -0.201327 -0.143306 -0.226689
    44 1.340820 0.000002 0.000001 -0.011404 -0.016672 -0.599950
    45 0.717773 0.000002 -0.000002 0.054473 0.175380 -0.302889
    46 2.935547 0.178589 0.486084 -0.194226 -0.103877 -0.292835
    47 1.604492 0.000001 0.000000 0.051969 0.088374 -0.532552
    48 0.857933 -0.000001 0.000000 -0.002415 -0.009757 -0.242679
    49 3.169922 0.098328 -0.363281 -0.183626 -0.067869 -0.258123
    50 1.909180 0.000000 0.000000 0.042077 0.053977 -0.662652
    51 1.023438 0.000001 0.000000 -0.001897 -0.012019 -0.156562
    52 3.271484 -0.136353 -1.259766 -0.177006 -0.034199 -0.204061
    53 1.509766 0.000003 0.000000 -0.051327 -0.064037 -0.676425
    54 0.883297 0.000000 0.000000 -0.001277 -0.038560 -0.033101
    55 0.948242 -1.139648 -0.875977 -1.690135 0.344972 -0.122837
    56 1.629883 0.000001 -0.000002 -0.000014 0.188062 -0.185216
    57 1.085938 0.000000 0.000002 0.000000 0.040646 0.196333
    58 9.952957 -0.000001 -0.000004 -0.229266 0.000000 0.000000
    59 4.976482 0.000000 -0.000002 -0.118249 0.000000 0.000000
    60 9.877266 0.000000 0.000000 0.000000 0.000000 -0.278175
    61 7.023271 -6.880002 4.339546 2.620672 -1.456011 -1.105365
    62 3.813801 -3.870655 0.998562 1.570796 -1.069638 0.199892
    63 0.000000 -0.000007 -0.000031 1.373047 0.113574 0.124314
    64 0.000000 -0.000007 -0.000031 1.373047 0.113574 0.124314
    65 2.685547 -1.180664 0.106812 1.364989 -0.517251 2.629313
    66 2.535156 -1.363281 -0.864258 -1.501147 -0.272558 -1.578261
    67 0.000000 0.000000 10.000000 0.000000 0.000000 0.000000
    68 0.018898 0.665159 9.395884 0.000000 0.000000 0.000000
    69 2.000000 -3.000000 0.000000 -1.570796 0.000000 -1.326450
    70 3.028210 -0.923409 -2.009451 1.574082 -0.012974 1.587243
    71 0.116953 4.311606 0.061859 0.000010 -0.000001 0.000000
    72 0.000000 -0.000002 0.000000 0.000000 0.000000 0.000000
    73 -0.000002 1.000000 0.000009 0.000000 0.000000 0.000000
    74 0.000000 0.000000 0.000000 0.000000 0.000000 0.000000
    75 0.000000 0.000000 0.000000 0.000000 0.000000 0.000000
    76 0.000000 0.000000 0.000000 0.000000 0.000000 0.000000
time 47
    0 8.801904 39.286863 9.429688 -0.804591 -0.524168 0.334504
    1 0.000000 3.591042 -0.015921 1.657601 -0.352398 1.501334
    2 3.548302 0.000000 0.000000 0.077785 -0.003693 0.008323
    3 3.284046 0.000001 0.000000 0.099423 0.048607 0.139216
    4 5.062389 -0.000001 0.000000 0.091907 -0.115421 0.397224
    5 3.610073 1.295546 -1.332000 -0.467026 1.349932 -2.130624
    6 4.890536 0.000004 0.000000 -3.079227 0.308454 -0.082021
    7 9.685764 0.000000 -0.000004 0.000000 0.000000 -0.381276
    8 3.610065 1.295545 1.332000 0.253743 -1.084638 -2.063838
    9 4.890535 0.000000 -0.000001 -1.111939 0.103780 -0.235816
    10 9.685764 0.000000 0.000000 0.000000 0.000000 -0.544244
    11 9.256790 -0.000007 -0.000023 1.569494 0.084222 0.023101
    12 -3.219585 0.000000 0.000000 -0.822516 -0.562608 -2.599897
    13 9.256779 -0.000004 0.000011 -1.867531 -0.095884 -0.193644
    14 16.283249 0.000000 0.000000 0.000000 0.000000 0.810599
    15 4.753334 0.000000 0.000000 3.037023 0.142407 0.326261
    16 3.962090 0.000000 0.000000 0.016625 -0.022074 0.452347
    17 16.291077 0.000000 0.000000 0.000000 0.000000 2.161638
    18 14.875347 0.000000 0.000000 0.175001 -0.421885 -0.896442
    19 5.277816 0.000000 0.000001 -0.111817 0.023810 -0.569601
    20 3.219585 0.000000 0.000000 -1.716537 -0.821181 -1.173226
    21 16.283253 0.000000 0.000000 0.000000 0.000000 0.199311
    22 16.291080 0.000000 0.000001 0.000000 0.000000 0.352127
    23 14.875350 0.000000 0.000000 -0.191584 -0.262834 -0.611883
    24 5.277817 0.000000 0.000000 0.020226 -0.027683 -0.546758
    25 2.660156 0.004799 -1.311523 0.204923 0.143299 -0.226648
    26 1.340820 0.000000 0.000000 0.011404 0.016672 -0.599950
    27 0.717773 -0.000002 -0.000001 -0.054473 -0.175380 -0.302889
    28 2.933594 0.180298 -0.485352 0.197828 0.103894 -0.292786
    29 1.604492 0.000002 0.000000 -0.051969 -0.088374 -0.532552
    30 0.857929 0.000002 0.000000 0.002415 0.009757 -0.242679
    31 3.169922 0.097046 0.363525 0.187209 0.067909 -0.258128
    32 1.909180 0.000001 0.000000 -0.042077 -0.053977 -0.662652
    33 1.023438 -0.000002 0.000000 0.001897 0.012019 -0.156562
    34 3.269531 -0.140869 1.259766 0.180672 0.034142 -0.204037
    35 1.509766 -0.000001 -0.000001 0.051327 0.064037 -0.676424
    36 0.883299 -0.000002 0.000000 0.001277 0.038560 -0.033101
    37 0.948242 -1.142578 0.871582 1.693884 -0.344469 -0.124089
    38 1.629883 -0.000001 0.000001 0.000014 -0.188062 -0.185216
    39 1.085938 0.000000 -0.000002 0.000000 -0.040646 0.196333
    40 4.976479 0.000000 0.000004 -0.030992 0.000000 0.000000
    41 9.952959 0.000000 0.000006 -0.057846 0.000000 0.000000
    42 9.877266 0.000000 0.000002 0.000000 0.000000 -0.370731
    43 2.660156 0.000057 1.311523 -0.201327 -0.143306 -0.226689
    44 1.340820 0.000002 0.000001 -0.011404 -0.016672 -0.599950
    45 0.717773 0.000002 -0.000002 0.054473 0.175380 -0.302889
    46 2.935547 0.178589 0.486084 -0.194226 -0.103877 -0.292835
    47 1.604492 0.000001 0.000000 0.051969 0.088374 -0.532552
    48 0.857933 -0.000001 0.000000 -0.002415 -0.009757 -0.242679
    49 3.169922 0.098328 -0.363281 -0.183626 -0.067869 -0.258123
    50 1.909180 0.000000 0.000000 0.042077 0.053977 -0.662652
    51 1.023438 0.000001 0.000000 -0.001897 -0.012019 -0.156562
    52 3.271484 -0.136353 -1.259766 -0.177006 -0.034199 -0.204061
    53 1.509766 0.000003 0.000000 -0.051327 -0.064037 -0.676425
    54 0.883297 0.000000 0.000000 -0.001277 -0.038560 -0.033101
    55 0.948242 -1.139648 -0.875977 -1.690135 0.344972 -0.122837
    56 1.629883 0.000001 -0.000002 -0.000014 0.188062 -0.185216
    57 1.085938 0.000000 0.000002 0.000000 0.040646 0.196333
    58 9.952957 -0.000001 -0.000004 -0.219189 0.000000 0.000000
    59 4.976482 0.000000 -0.000002 -0.113234 0.000000 0.000000
    60 9.877266 0.000000 0.000000 0.000000 0.000000 -0.288726
    61 7.023271 -6.880002 4.339546 2.620672 -1.456011 -1.105365
    62 3.813801 -3.870655 0.998562 1.570796 -1.069638 0.199892
    63 0.000000 -0.000007 -0.000031 1.373047 0.113574 0.124314
    64 0.000000 -0.000007 -0.000031 1.373047 0.113574 0.124314
    65 2.685547 -1.180664 0.106812 1.364989 -0.517251 2.629313
    66 2.535156 -1.363281 -0.864258 -1.501147 -0.272558 -1.578261
    67 0.000000 0.000000 10.000000 0.000000 0.000000 0.000000
    68 0.018898 0.665159 9.395884 0.000000 0.000000 0.000000
    69 2.000000 -3.000000 0.000000 -1.570796 0.000000 -1.326450
    70 3.028210 -0.923409 -2.009451 1.574082 -0.012974 1.587243
    71 0.116953 4.311606 0.061859 0.000010 -0.000001 0.000000
    72 0.000000 -0.000002 0.000000 0.000000 0.000000 0.000000
    73 -0.000002 1.000000 0.000009 0.000000 0.000000 0.000000
    74 0.000000 0.000000 0.000000 0.000000 0.000000 0.000000
    75 0.000000 0.000000 0.000000 0.000000 0.000000 0.000000
    76 0.000000 0.000000 0.000000 0.000000 0.000000 0.000000
time 48
    0 8.725732 39.130613 9.195313 -0.773511 -0.549263 0.323227
    1 0.000000 3.591042 -0.015921 1.659376 -0.352718 1.517867
    2 3.548302 0.000000 0.000000 0.075485 -0.004733 -0.007349
    3 3.284046 0.000001 0.000000 0.099467 0.050455 0.133160
    4 5.062389 -0.000001 0.000000 0.094656 -0.116432 0.392903
    5 3.610073 1.295546 -1.332000 -0.465041 1.345374 -2.129753
    6 4.890536 0.000004 0.000000 -3.094724 0.331598 -0.089024
    7 9.685764 0.000000 -0.000004 0.000000 0.000000 -0.386465
    8 3.610065 1.295545 1.332000 0.261024 -1.085530 -2.066892
    9 4.890535 0.000000 -0.000001 -1.018960 0.103094 -0.257796
    10 9.685764 0.000000 0.000000 0.000000 0.000000 -0.602385
    11 9.256790 -0.000007 -0.000023 1.562512 0.136353 0.014180
    12 -3.219585 0.000000 0.000000 -0.813838 -0.537879 -2.587371
    13 9.256779 -0.000004 0.000011 -1.859481 -0.071331 -0.193414
    14 16.283249 0.000000 0.000000 0.000000 0.000000 0.810599
    15 4.753334 0.000000 0.000000 3.031053 0.138401 0.319562
    16 3.962090 0.000000 0.000000 0.003033 -0.031961 0.450903
    17 16.291077 0.000000 0.000000 0.000000 0.000000 2.173555
    18 14.875347 0.000000 0.000000 0.167210 -0.432422 -0.884938
    19 5.277816 0.000000 0.000001 -0.111743 0.023818 -0.573294
    20 3.219585 0.000000 0.000000 -1.702628 -0.731470 -1.207510
    21 16.283253 0.000000 0.000000 0.000000 0.000000 0.136674
    22 16.291080 0.000000 0.000001 0.000000 0.000000 0.226485
    23 14.875350 0.000000 0.000000 -0.205355 -0.248428 -0.544165
    24 5.277817 0.000000 0.000000 0.020229 -0.027644 -0.552947
    25 2.660156 0.004799 -1.311523 0.204923 0.143299 -0.226648
    26 1.340820 0.000000 0.000000 0.011404 0.016672 -0.599950
    27 0.717773 -0.000002 -0.000001 -0.054473 -0.175380 -0.302889
    28 2.933594 0.180298 -0.485352 0.197828 0.103894 -0.292786
    29 1.604492 0.000002 0.000000 -0.051969 -0.088374 -0.532552
    30 0.857929 0.000002 0.000000 0.002415 0.009757 -0.242679
    31 3.169922 0.097046 0.363525 0.187209 0.067909 -0.258128
    32 1.909180 0.000001 0.000000 -0.042077 -0.053977 -0.662652
    33 1.023438 -0.000002 0.000000 0.001897 0.012019 -0.156562
    34 3.269531 -0.140869 1.259766 0.180672 0.034142 -0.204037
    35 1.509766 -0.000001 -0.000001 0.051327 0.064037 -0.676424
    36 0.883299 -0.000002 0.000000 0.001277 0.038560 -0.033101
    37 0.948242 -1.142578 0.871582 1.693884 -0.344469 -0.124089
    38 1.629883 -0.000001 0.000001 0.000014 -0.188062 -0.185216
    39 1.085938 0.000000 -0.000002 0.000000 -0.040646 0.196333
    40 4.976479 0.000000 0.000004 -0.032978 0.000000 0.000000
    41 9.952959 0.000000 0.000006 -0.061474 0.000000 0.000000
    42 9.877266 0.000000 0.000002 0.000000 0.000000 -0.400108
    43 2.660156 0.000057 1.311523 -0.201327 -0.143306 -0.226689
    44 1.340820 0.000002 0.000001 -0.011404 -0.016672 -0.599950
    45 0.717773 0.000002 -0.000002 0.054473 0.175380 -0.302889
    46 2.935547 0.178589 0.486084 -0.194226 -0.103877 -0.292835
    47 1.604492 0.000001 0.000000 0.051969 0.088374 -0.532552
    48 0.857933 -0.000001 0.000000 -0.002415 -0.009757 -0.242679
    49 3.169922 0.098328 -0.363281 -0.183626 -0.067869 -0.258123
    50 1.909180 0.000000 0.000000 0.042077 0.053977 -0.662652
    51 1.023438 0.000001 0.000000 -0.001897 -0.012019 -0.156562
    52 3.271484 -0.136353 -1.259766 -0.177006 -0.034199 -0.204061
    53 1.509766 0.000003 0.000000 -0.051327 -0.064037 -0.676425
    54 0.883297 0.000000 0.000000 -0.001277 -0.038560 -0.033101
    55 0.948242 -1.139648 -0.875977 -1.690135 0.344972 -0.122837
    56 1.629883 0.000001 -0.000002 -0.000014 0.188062 -0.185216
    57 1.085938 0.000000 0.000002 0.000000 0.040646 0.196333
    58 9.952957 -0.000001 -0.000004 -0.213110 0.000000 0.000000
    59 4.976482 0.000000 -0.000002 -0.110121 0.000000 0.000000
    60 9.877266 0.000000 0.000000 0.000000 0.000000 -0.291344
    61 7.023271 -6.880002 4.339546 2.620672 -1.456011 -1.105365
    62 3.813801 -3.870655 0.998562 1.570796 -1.069638 0.199892
    63 0.000000 -0.000007 -0.000031 1.373047 0.113574 0.124314
    64 0.000000 -0.000007 -0.000031 1.373047 0.113574 0.124314
    65 2.685547 -1.180664 0.106812 1.364989 -0.517251 2.629313
    66 2.535156 -1.363281 -0.864258 -1.501147 -0.272558 -1.578261
    67 0.000000 0.000000 10.000000 0.000000 0.000000 0.000000
    68 0.018898 0.665159 9.395884 0.000000 0.000000 0.000000
    69 2.000000 -3.000000 0.000000 -1.570796 0.000000 -1.326450
    70 3.028210 -0.923409 -2.009451 1.574082 -0.012974 1.587243
    71 0.116953 4.311606 0.061859 0.000010 -0.000001 0.000000
    72 0.000000 -0.000002 0.000000 0.000000 0.000000 0.000000
    73 -0.000002 1.000000 0.000009 0.000000 0.000000 0.000000
    74 0.000000 0.000000 0.000000 0.000000 0.000000 0.000000
    75 0.000000 0.000000 0.000000 0.000000 0.000000 0.000000
    76 0.000000 0.000000 0.000000 0.000000 0.000000 0.000000
time 49
    0 8.626122 38.974363 8.929688 -0.735909 -0.579042 0.307549
    1 0.000000 3.591042 -0.015921 1.662171 -0.342390 1.534552
    2 3.548302 0.000000 0.000000 0.073939 -0.004589 -0.011400
    3 3.284046 0.000001 0.000000 0.099199 0.052015 0.126301
    4 5.062389 -0.000001 0.000000 0.097002 -0.117849 0.388056
    5 3.610073 1.295546 -1.332000 -0.467787 1.339841 -2.134331
    6 4.890536 0.000004 0.000000 -3.103602 0.357108 -0.084771
    7 9.685764 0.000000 -0.000004 0.000000 0.000000 -0.368799
    8 3.610065 1.295545 1.332000 0.268048 -1.086619 -2.069880
    9 4.890535 0.000000 -0.000001 -0.963225 0.104533 -0.290394
    10 9.685764 0.000000 0.000000 0.000000 0.000000 -0.633285
    11 9.256790 -0.000007 -0.000023 1.574542 0.182956 -0.001557
    12 -3.219585 0.000000 0.000000 -0.812430 -0.513768 -2.568298
    13 9.256779 -0.000004 0.000011 -1.846480 -0.039773 -0.209582
    14 16.283249 0.000000 0.000000 0.000000 0.000000 0.810599
    15 4.753334 0.000000 0.000000 3.023939 0.137019 0.314369
    16 3.962090 0.000000 0.000000 -0.010607 -0.042565 0.449014
    17 16.291077 0.000000 0.000000 0.000000 0.000000 2.180181
    18 14.875347 0.000000 0.000000 0.161942 -0.440453 -0.875439
    19 5.277816 0.000000 0.000001 -0.111771 0.023857 -0.570684
    20 3.219585 0.000000 0.000000 -1.697287 -0.591124 -1.245235
    21 16.283253 0.000000 0.000000 0.000000 0.000000 0.025208
    22 16.291080 0.000000 0.000001 0.000000 0.000000 0.000000
    23 14.875350 0.000000 0.000000 -0.209697 -0.241154 -0.432788
    24 5.277817 0.000000 0.000000 0.020227 -0.027720 -0.540843
    25 2.660156 0.004799 -1.311523 0.204923 0.143299 -0.226648
    26 1.340820 0.000000 0.000000 0.011404 0.016672 -0.599950
    27 0.717773 -0.000002 -0.000001 -0.054473 -0.175380 -0.302889
    28 2.933594 0.180298 -0.485352 0.197828 0.103894 -0.292786
    29 1.604492 0.000002 0.000000 -0.051969 -0.088374 -0.532552
    30 0.857929 0.000002 0.000000 0.002415 0.009757 -0.242679
    31 3.169922 0.097046 0.363525 0.187209 0.067909 -0.258128
    32 1.909180 0.000001 0.000000 -0.042077 -0.053977 -0.662652
    33 1.023438 -0.000002 0.000000 0.001897 0.012019 -0.156562
    34 3.269531 -0.140869 1.259766 0.180672 0.034142 -0.204037
    35 1.509766 -0.000001 -0.000001 0.051327 0.064037 -0.676424
    36 0.883299 -0.000002 0.000000 0.001277 0.038560 -0.033101
    37 0.948242 -1.142578 0.871582 1.693884 -0.344469 -0.124089
    38 1.629883 -0.000001 0.000001 0.000014 -0.188062 -0.185216
    39 1.085938 0.000000 -0.000002 0.000000 -0.040646 0.196333
    40 4.976479 0.000000 0.000004 -0.030820 0.000000 0.000000
    41 9.952959 0.000000 0.000006 -0.057501 0.000000 0.000000
    42 9.877266 0.000000 0.000002 0.000000 0.000000 -0.415711
    43 2.660156 0.000057 1.311523 -0.201327 -0.143306 -0.226689
    44 1.340820 0.000002 0.000001 -0.011404 -0.016672 -0.599950
    45 0.717773 0.000002 -0.000002 0.054473 0.175380 -0.302889
    46 2.935547 0.178589 0.486084 -0.194226 -0.103877 -0.292835
    47 1.604492 0.000001 0.000000 0.051969 0.088374 -0.532552
    48 0.857933 -0.000001 0.000000 -0.002415 -0.009757 -0.242679
    49 3.169922 0.098328 -0.363281 -0.183626 -0.067869 -0.258123
    50 1.909180 0.000000 0.000000 0.042077 0.053977 -0.662652
    51 1.023438 0.000001 0.000000 -0.001897 -0.012019 -0.156562
    52 3.271484 -0.136353 -1.259766 -0.177006 -0.034199 -0.204061
    53 1.509766 0.000003 0.000000 -0.051327 -0.064037 -0.676425
    54 0.883297 0.000000 0.000000 -0.001277 -0.038560 -0.033101
    55 0.948242 -1.139648 -0.875977 -1.690135 0.344972 -0.122837
    56 1.629883 0.000001 -0.000002 -0.000014 0.188062 -0.185216
    57 1.085938 0.000000 0.000002 0.000000 0.040646 0.196333
    58 9.952957 -0.000001 -0.000004 -0.199485 0.000000 0.000000
    59 4.976482 0.000000 -0.000002 -0.103205 0.000000 0.000000
    60 9.877266 0.000000 0.000000 0.000000 0.000000 -0.282534
    61 7.023271 -6.880002 4.339546 2.620672 -1.456011 -1.105365
    62 3.813801 -3.870655 0.998562 1.570796 -1.069638 0.199892
    63 0.000000 -0.000007 -0.000031 1.373047 0.113574 0.124314
    64 0.000000 -0.000007 -0.000031 1.373047 0.113574 0.124314
    65 2.685547 -1.180664 0.106812 1.364989 -0.517251 2.629313
    66 2.535156 -1.363281 -0.864258 -1.501147 -0.272558 -1.578261
    67 0.000000 0.000000 10.000000 0.000000 0.000000 0.000000
    68 0.018898 0.665159 9.395884 0.000000 0.000000 0.000000
    69 2.000000 -3.000000 0.000000 -1.570796 0.000000 -1.326450
    70 3.028210 -0.923409 -2.009451 1.574082 -0.012974 1.587243
    71 0.116953 4.311606 0.061859 0.000010 -0.000001 0.000000
    72 0.000000 -0.000002 0.000000 0.000000 0.000000 0.000000
    73 -0.000002 1.000000 0.000009 0.000000 0.000000 0.000000
    74 0.000000 0.000000 0.000000 0.000000 0.000000 0.000000
    75 0.000000 0.000000 0.000000 0.000000 0.000000 0.000000
    76 0.000000 0.000000 0.000000 0.000000 0.000000 0.000000
time 50
    0 8.497216 38.806395 8.687500 -0.698341 -0.609818 0.288804
    1 0.000000 3.591042 -0.015921 1.663999 -0.322763 1.553355
    2 3.548302 0.000000 0.000000 0.073671 -0.003813 -0.009038
    3 3.284046 0.000001 0.000000 0.099860 0.052961 0.120219
    4 5.062389 -0.000001 0.000000 0.100915 -0.118803 0.383765
    5 3.610073 1.295546 -1.332000 -0.479515 1.334711 -2.148500
    6 4.890536 0.000004 0.000000 -3.103330 0.380323 -0.068093
    7 9.685764 0.000000 -0.000004 0.000000 0.000000 -0.330490
    8 3.610065 1.295545 1.332000 0.272521 -1.087917 -2.072039
    9 4.890535 0.000000 -0.000001 -0.934280 0.116931 -0.327605
    10 9.685764 0.000000 0.000000 0.000000 0.000000 -0.644651
    11 9.256790 -0.000007 -0.000023 1.612357 0.201155 -0.006176
    12 -3.219585 0.000000 0.000000 -0.825430 -0.484160 -2.548444
    13 9.256779 -0.000004 0.000011 -1.836087 -0.007112 -0.239496
    14 16.283249 0.000000 0.000000 0.000000 0.000000 0.810599
    15 4.753334 0.000000 0.000000 3.016312 0.136527 0.309904
    16 3.962090 0.000000 0.000000 -0.024490 -0.052173 0.445787
    17 16.291077 0.000000 0.000000 0.000000 0.000000 2.181155
    18 14.875347 0.000000 0.000000 0.153111 -0.442724 -0.866380
    19 5.277816 0.000000 0.000001 -0.111818 0.023805 -0.569691
    20 3.219585 0.000000 0.000000 -1.696246 -0.549766 -1.270358
    21 16.283253 0.000000 0.000000 0.000000 0.000000 0.025208
    22 16.291080 0.000000 0.000001 0.000000 0.000000 0.000000
    23 14.875350 0.000000 0.000000 -0.217839 -0.240039 -0.438283
    24 5.277817 0.000000 0.000000 0.020284 -0.027678 -0.544965
    25 2.660156 0.004799 -1.311523 0.204923 0.143299 -0.226648
    26 1.340820 0.000000 0.000000 0.011404 0.016672 -0.599950
    27 0.717773 -0.000002 -0.000001 -0.054473 -0.175380 -0.302889
    28 2.933594 0.180298 -0.485352 0.197828 0.103894 -0.292786
    29 1.604492 0.000002 0.000000 -0.051969 -0.088374 -0.532552
    30 0.857929 0.000002 0.000000 0.002415 0.009757 -0.242679
    31 3.169922 0.097046 0.363525 0.187209 0.067909 -0.258128
    32 1.909180 0.000001 0.000000 -0.042077 -0.053977 -0.662652
    33 1.023438 -0.000002 0.000000 0.001897 0.012019 -0.156562
    34 3.269531 -0.140869 1.259766 0.180672 0.034142 -0.204037
    35 1.509766 -0.000001 -0.000001 0.051327 0.064037 -0.676424
    36 0.883299 -0.000002 0.000000 0.001277 0.038560 -0.033101
    37 0.948242 -1.142578 0.871582 1.693884 -0.344469 -0.124089
    38 1.629883 -0.000001 0.000001 0.000014 -0.188062 -0.185216
    39 1.085938 0.000000 -0.000002 0.000000 -0.040646 0.196333
    40 4.976479 0.000000 0.000004 -0.015711 0.000000 0.000000
    41 9.952959 0.000000 0.000006 -0.029438 0.000000 0.000000
    42 9.877266 0.000000 0.000002 0.000000 0.000000 -0.421448
    43 2.660156 0.000057 1.311523 -0.201327 -0.143306 -0.226689
    44 1.340820 0.000002 0.000001 -0.011404 -0.016672 -0.599950
    45 0.717773 0.000002 -0.000002 0.054473 0.175380 -0.302889
    46 2.935547 0.178589 0.486084 -0.194226 -0.103877 -0.292835
    47 1.604492 0.000001 0.000000 0.051969 0.088374 -0.532552
    48 0.857933 -0.000001 0.000000 -0.002415 -0.009757 -0.242679
    49 3.169922 0.098328 -0.363281 -0.183626 -0.067869 -0.258123
    50 1.909180 0.000000 0.000000 0.042077 0.053977 -0.662652
    51 1.023438 0.000001 0.000000 -0.001897 -0.012019 -0.156562
    52 3.271484 -0.136353 -1.259766 -0.177006 -0.034199 -0.204061
    53 1.509766 0.000003 0.000000 -0.051327 -0.064037 -0.676425
    54 0.883297 0.000000 0.000000 -0.001277 -0.038560 -0.033101
    55 0.948242 -1.139648 -0.875977 -1.690135 0.344972 -0.122837
    56 1.629883 0.000001 -0.000002 -0.000014 0.188062 -0.185216
    57 1.085938 0.000000 0.000002 0.000000 0.040646 0.196333
    58 9.952957 -0.000001 -0.000004 -0.185521 0.000000 0.000000
    59 4.976482 0.000000 -0.000002 -0.096204 0.000000 0.000000
    60 9.877266 0.000000 0.000000 0.000000 0.000000 -0.263364
    61 7.023271 -6.880002 4.339546 2.620672 -1.456011 -1.105365
    62 3.813801 -3.870655 0.998562 1.570796 -1.069638 0.199892
    63 0.000000 -0.000007 -0.000031 1.373047 0.113574 0.124314
    64 0.000000 -0.000007 -0.000031 1.373047 0.113574 0.124314
    65 2.685547 -1.180664 0.106812 1.364989 -0.517251 2.629313
    66 2.535156 -1.363281 -0.864258 -1.501147 -0.272558 -1.578261
    67 0.000000 0.000000 10.000000 0.000000 0.000000 0.000000
    68 0.018898 0.665159 9.395884 0.000000 0.000000 0.000000
    69 2.000000 -3.000000 0.000000 -1.570796 0.000000 -1.326450
    70 3.028210 -0.923409 -2.009451 1.574082 -0.012974 1.587243
    71 0.116953 4.311606 0.061859 0.000010 -0.000001 0.000000
    72 0.000000 -0.000002 0.000000 0.000000 0.000000 0.000000
    73 -0.000002 1.000000 0.000009 0.000000 0.000000 0.000000
    74 0.000000 0.000000 0.000000 0.000000 0.000000 0.000000
    75 0.000000 0.000000 0.000000 0.000000 0.000000 0.000000
    76 0.000000 0.000000 0.000000 0.000000 0.000000 0.000000
time 51
    0 8.327294 38.622801 8.468750 -0.657999 -0.646258 0.264363
    1 0.000000 3.591042 -0.015921 1.667863 -0.299752 1.577312
    2 3.548302 0.000000 0.000000 0.074437 -0.002763 -0.004681
    3 3.284046 0.000001 0.000000 0.101716 0.053477 0.114585
    4 5.062389 -0.000001 0.000000 0.105746 -0.119733 0.380664
    5 3.610073 1.295546 -1.332000 -0.478418 1.331548 -2.149632
    6 4.890536 0.000004 0.000000 -3.100348 0.395099 -0.060176
    7 9.685764 0.000000 -0.000004 0.000000 0.000000 -0.303040
    8 3.610065 1.295545 1.332000 0.274295 -1.088681 -2.072839
    9 4.890535 0.000000 -0.000001 -0.897363 0.135338 -0.360670
    10 9.685764 0.000000 0.000000 0.000000 0.000000 -0.627474
    11 9.256790 -0.000007 -0.000023 1.655624 0.183277 -0.020853
    12 -3.219585 0.000000 0.000000 -0.854524 -0.453758 -2.521974
    13 9.256779 -0.000004 0.000011 -1.817507 0.018167 -0.259774
    14 16.283249 0.000000 0.000000 0.000000 0.000000 0.810599
    15 4.753334 0.000000 0.000000 3.009124 0.132754 0.306271
    16 3.962090 0.000000 0.000000 -0.039182 -0.063436 0.440940
    17 16.291077 0.000000 0.000000 0.000000 0.000000 2.174140
    18 14.875347 0.000000 0.000000 0.144558 -0.429915 -0.865833
    19 5.277816 0.000000 0.000001 -0.111778 0.023855 -0.574108
    20 3.219585 0.000000 0.000000 -1.700511 -0.498876 -1.292633
    21 16.283253 0.000000 0.000000 0.000000 0.000000 0.025208
    22 16.291080 0.000000 0.000001 0.000000 0.000000 0.000000
    23 14.875350 0.000000 0.000000 -0.222902 -0.237320 -0.450712
    24 5.277817 0.000000 0.000000 0.020239 -0.027674 -0.547654
    25 2.660156 0.004799 -1.311523 0.204923 0.143299 -0.226648
    26 1.340820 0.000000 0.000000 0.011404 0.016672 -0.599950
    27 0.717773 -0.000002 -0.000001 -0.054473 -0.175380 -0.302889
    28 2.933594 0.180298 -0.485352 0.197828 0.103894 -0.292786
    29 1.604492 0.000002 0.000000 -0.051969 -0.088374 -0.532552
    30 0.857929 0.000002 0.000000 0.002415 0.009757 -0.242679
    31 3.169922 0.097046 0.363525 0.187209 0.067909 -0.258128
    32 1.909180 0.000001 0.000000 -0.042077 -0.053977 -0.662652
    33 1.023438 -0.000002 0.000000 0.001897 0.012019 -0.156562
    34 3.269531 -0.140869 1.259766 0.180672 0.034142 -0.204037
    35 1.509766 -0.000001 -0.000001 0.051327 0.064037 -0.676424
    36 0.883299 -0.000002 0.000000 0.001277 0.038560 -0.033101
    37 0.948242 -1.142578 0.871582 1.693884 -0.344469 -0.124089
    38 1.629883 -0.000001 0.000001 0.000014 -0.188062 -0.185216
    39 1.085938 0.000000 -0.000002 0.000000 -0.040646 0.196333
    40 4.976479 0.000000 0.000004 0.005698 0.000000 0.000000
    41 9.952959 0.000000 0.000006 0.010704 0.000000 0.000000
    42 9.877266 0.000000 0.000002 0.000000 0.000000 -0.412800
    43 2.660156 0.000057 1.311523 -0.201327 -0.143306 -0.226689
    44 1.340820 0.000002 0.000001 -0.011404 -0.016672 -0.599950
    45 0.717773 0.000002 -0.000002 0.054473 0.175380 -0.302889
    46 2.935547 0.178589 0.486084 -0.194226 -0.103877 -0.292835
    47 1.604492 0.000001 0.000000 0.051969 0.088374 -0.532552
    48 0.857933 -0.000001 0.000000 -0.002415 -0.009757 -0.242679
    49 3.169922 0.098328 -0.363281 -0.183626 -0.067869 -0.258123
    50 1.909180 0.000000 0.000000 0.042077 0.053977 -0.662652
    51 1.023438 0.000001 0.000000 -0.001897 -0.012019 -0.156562
    52 3.271484 -0.136353 -1.259766 -0.177006 -0.034199 -0.204061
    53 1.509766 0.000003 0.000000 -0.051327 -0.064037 -0.676425
    54 0.883297 0.000000 0.000000 -0.001277 -0.038560 -0.033101
    55 0.948242 -1.139648 -0.875977 -1.690135 0.344972 -0.122837
    56 1.629883 0.000001 -0.000002 -0.000014 0.188062 -0.185216
    57 1.085938 0.000000 0.000002 0.000000 0.040646 0.196333
    58 9.952957 -0.000001 -0.000004 -0.160479 0.000000 0.000000
    59 4.976482 0.000000 -0.000002 -0.083415 0.000000 0.000000
    60 9.877266 0.000000 0.000000 0.000000 0.000000 -0.249612
    61 7.023271 -6.880002 4.339546 2.620672 -1.456011 -1.105365
    62 3.813801 -3.870655 0.998562 1.570796 -1.069638 0.199892
    63 0.000000 -0.000007 -0.000031 1.373047 0.113574 0.124314
    64 0.000000 -0.000007 -0.000031 1.373047 0.113574 0.124314
    65 2.685547 -1.180664 0.106812 1.364989 -0.517251 2.629313
    66 2.535156 -1.363281 -0.864258 -1.501147 -0.272558 -1.578261
    67 0.000000 0.000000 10.000000 0.000000 0.000000 0.000000
    68 0.018898 0.665159 9.395884 0.000000 0.000000 0.000000
    69 2.000000 -3.000000 0.000000 -1.570796 0.000000 -1.326450
    70 3.028210 -0.923409 -2.009451 1.574082 -0.012974 1.587243
    71 0.116953 4.311606 0.061859 0.000010 -0.000001 0.000000
    72 0.000000 -0.000002 0.000000 0.000000 0.000000 0.000000
    73 -0.000002 1.000000 0.000009 0.000000 0.000000 0.000000
    74 0.000000 0.000000 0.000000 0.000000 0.000000 0.000000
    75 0.000000 0.000000 0.000000 0.000000 0.000000 0.000000
    76 0.000000 0.000000 0.000000 0.000000 0.000000 0.000000
time 52
    0 8.116357 38.423582 8.265625 -0.608840 -0.688457 0.230556
    1 0.000000 3.591042 -0.015921 1.672895 -0.271784 1.607006
    2 3.548302 0.000000 0.000000 0.076503 -0.000627 0.000581
    3 3.284046 0.000001 0.000000 0.104985 0.054344 0.109273
    4 5.062389 -0.000001 0.000000 0.111123 -0.121707 0.378634
    5 3.610073 1.295546 -1.332000 -0.483723 1.327759 -2.157671
    6 4.890536 0.000004 0.000000 -3.100217 0.403208 -0.056769
    7 9.685764 0.000000 -0.000004 0.000000 0.000000 -0.291518
    8 3.610065 1.295545 1.332000 0.273476 -1.087899 -2.071947
    9 4.890535 0.000000 -0.000001 -0.852432 0.155742 -0.387287
    10 9.685764 0.000000 0.000000 0.000000 0.000000 -0.585954
    11 9.256790 -0.000007 -0.000023 1.704911 0.154230 -0.053509
    12 -3.219585 0.000000 0.000000 -0.906239 -0.427878 -2.487485
    13 9.256779 -0.000004 0.000011 -1.796832 0.034504 -0.267345
    14 16.283249 0.000000 0.000000 0.000000 0.000000 0.810599
    15 4.753334 0.000000 0.000000 3.002207 0.127015 0.302979
    16 3.962090 0.000000 0.000000 -0.055743 -0.076257 0.433956
    17 16.291077 0.000000 0.000000 0.000000 0.000000 2.157820
    18 14.875347 0.000000 0.000000 0.140508 -0.399533 -0.876989
    19 5.277816 0.000000 0.000001 -0.111817 0.023810 -0.569601
    20 3.219585 0.000000 0.000000 -1.719497 -0.532937 -1.295619
    21 16.283253 0.000000 0.000000 0.000000 0.000000 0.121276
    22 16.291080 0.000000 0.000001 0.000000 0.000000 0.195407
    23 14.875350 0.000000 0.000000 -0.235216 -0.225461 -0.566590
    24 5.277817 0.000000 0.000000 0.020203 -0.027701 -0.545054
    25 2.660156 0.004799 -1.311523 0.204923 0.143299 -0.226648
    26 1.340820 0.000000 0.000000 0.011404 0.016672 -0.599950
    27 0.717773 -0.000002 -0.000001 -0.054473 -0.175380 -0.302889
    28 2.933594 0.180298 -0.485352 0.197828 0.103894 -0.292786
    29 1.604492 0.000002 0.000000 -0.051969 -0.088374 -0.532552
    30 0.857929 0.000002 0.000000 0.002415 0.009757 -0.242679
    31 3.169922 0.097046 0.363525 0.187209 0.067909 -0.258128
    32 1.909180 0.000001 0.000000 -0.042077 -0.053977 -0.662652
    33 1.023438 -0.000002 0.000000 0.001897 0.012019 -0.156562
    34 3.269531 -0.140869 1.259766 0.180672 0.034142 -0.204037
    35 1.509766 -0.000001 -0.000001 0.051327 0.064037 -0.676424
    36 0.883299 -0.000002 0.000000 0.001277 0.038560 -0.033101
    37 0.948242 -1.142578 0.871582 1.693884 -0.344469 -0.124089
    38 1.629883 -0.000001 0.000001 0.000014 -0.188062 -0.185216
    39 1.085938 0.000000 -0.000002 0.000000 -0.040646 0.196333
    40 4.976479 0.000000 0.000004 0.030647 0.000000 0.000000
    41 9.952959 0.000000 0.000006 0.058192 0.000000 0.000000
    42 9.877266 0.000000 0.000002 0.000000 0.000000 -0.391744
    43 2.660156 0.000057 1.311523 -0.201327 -0.143306 -0.226689
    44 1.340820 0.000002 0.000001 -0.011404 -0.016672 -0.599950
    45 0.717773 0.000002 -0.000002 0.054473 0.175380 -0.302889
    46 2.935547 0.178589 0.486084 -0.194226 -0.103877 -0.292835
    47 1.604492 0.000001 0.000000 0.051969 0.088374 -0.532552
    48 0.857933 -0.000001 0.000000 -0.002415 -0.009757 -0.242679
    49 3.169922 0.098328 -0.363281 -0.183626 -0.067869 -0.258123
    50 1.909180 0.000000 0.000000 0.042077 0.053977 -0.662652
    51 1.023438 0.000001 0.000000 -0.001897 -0.012019 -0.156562
    52 3.271484 -0.136353 -1.259766 -0.177006 -0.034199 -0.204061
    53 1.509766 0.000003 0.000000 -0.051327 -0.064037 -0.676425
    54 0.883297 0.000000 0.000000 -0.001277 -0.038560 -0.033101
    55 0.948242 -1.139648 -0.875977 -1.690135 0.344972 -0.122837
    56 1.629883 0.000001 -0.000002 -0.000014 0.188062 -0.185216
    57 1.085938 0.000000 0.000002 0.000000 0.040646 0.196333
    58 9.952957 -0.000001 -0.000004 -0.135290 0.000000 0.000000
    59 4.976482 0.000000 -0.000002 -0.070543 0.000000 0.000000
    60 9.877266 0.000000 0.000000 0.000000 0.000000 -0.243870
    61 7.023271 -6.880002 4.339546 2.620672 -1.456011 -1.105365
    62 3.813801 -3.870655 0.998562 1.570796 -1.069638 0.199892
    63 0.000000 -0.000007 -0.000031 1.373047 0.113574 0.124314
    64 0.000000 -0.000007 -0.000031 1.373047 0.113574 0.124314
    65 2.685547 -1.180664 0.106812 1.364989 -0.517251 2.629313
    66 2.535156 -1.363281 -0.864258 -1.501147 -0.272558 -1.578261
    67 0.000000 0.000000 10.000000 0.000000 0.000000 0.000000
    68 0.018898 0.665159 9.395884 0.000000 0.000000 0.000000
    69 2.000000 -3.000000 0.000000 -1.570796 0.000000 -1.326450
    70 3.028210 -0.923409 -2.009451 1.574082 -0.012974 1.587243
    71 0.116953 4.311606 0.061859 0.000010 -0.000001 0.000000
    72 0.000000 -0.000002 0.000000 0.000000 0.000000 0.000000
    73 -0.000002 1.000000 0.000009 0.000000 0.000000 0.000000
    74 0.000000 0.000000 0.000000 0.000000 0.000000 0.000000
    75 0.000000 0.000000 0.000000 0.000000 0.000000 0.000000
    76 0.000000 0.000000 0.000000 0.000000 0.000000 0.000000
time 53
    0 7.842919 38.216551 8.054688 -0.547966 -0.735266 0.181043
    1 0.000000 3.591042 -0.015921 1.678346 -0.239446 1.643706
    2 3.548302 0.000000 0.000000 0.079026 0.004275 0.007685
    3 3.284046 0.000001 0.000000 0.109251 0.055655 0.104798
    4 5.062389 -0.000001 0.000000 0.117515 -0.124565 0.377738
    5 3.610073 1.295546 -1.332000 -0.495381 1.322114 -2.173252
    6 4.890536 0.000004 0.000000 -3.107389 0.406526 -0.068956
    7 9.685764 0.000000 -0.000004 0.000000 0.000000 -0.330053
    8 3.610065 1.295545 1.332000 0.270399 -1.085895 -2.069601
    9 4.890535 0.000000 -0.000001 -0.813189 0.162279 -0.418474
    10 9.685764 0.000000 0.000000 0.000000 0.000000 -0.508036
    11 9.256790 -0.000007 -0.000023 1.765515 0.127165 -0.100332
    12 -3.219585 0.000000 0.000000 -0.986451 -0.406485 -2.441641
    13 9.256779 -0.000004 0.000011 -1.782477 0.037785 -0.243355
    14 16.283249 0.000000 0.000000 0.000000 0.000000 0.810599
    15 4.753334 0.000000 0.000000 2.995158 0.120014 0.300334
    16 3.962090 0.000000 0.000000 -0.075603 -0.091718 0.425232
    17 16.291077 0.000000 0.000000 0.000000 0.000000 2.126445
    18 14.875347 0.000000 0.000000 0.147789 -0.352917 -0.896377
    19 5.277816 0.000000 0.000001 -0.111775 0.023784 -0.565186
    20 3.219585 0.000000 0.000000 -1.758925 -0.548537 -1.291794
    21 16.283253 0.000000 0.000000 0.000000 0.000000 0.215454
    22 16.291080 0.000000 0.000001 0.000000 0.000000 0.384266
    23 14.875350 0.000000 0.000000 -0.240074 -0.212384 -0.686093
    24 5.277817 0.000000 0.000000 0.020204 -0.027700 -0.545144
    25 2.660156 0.004799 -1.311523 0.204923 0.143299 -0.226648
    26 1.340820 0.000000 0.000000 0.011404 0.016672 -0.599950
    27 0.717773 -0.000002 -0.000001 -0.054473 -0.175380 -0.302889
    28 2.933594 0.180298 -0.485352 0.197828 0.103894 -0.292786
    29 1.604492 0.000002 0.000000 -0.051969 -0.088374 -0.532552
    30 0.857929 0.000002 0.000000 0.002415 0.009757 -0.242679
    31 3.169922 0.097046 0.363525 0.187209 0.067909 -0.258128
    32 1.909180 0.000001 0.000000 -0.042077 -0.053977 -0.662652
    33 1.023438 -0.000002 0.000000 0.001897 0.012019 -0.156562
    34 3.269531 -0.140869 1.259766 0.180672 0.034142 -0.204037
    35 1.509766 -0.000001 -0.000001 0.051327 0.064037 -0.676424
    36 0.883299 -0.000002 0.000000 0.001277 0.038560 -0.033101
    37 0.948242 -1.142578 0.871582 1.693884 -0.344469 -0.124089
    38 1.629883 -0.000001 0.000001 0.000014 -0.188062 -0.185216
    39 1.085938 0.000000 -0.000002 0.000000 -0.040646 0.196333
    40 4.976479 0.000000 0.000004 0.061733 0.000000 0.000000
    41 9.952959 0.000000 0.000006 0.117903 0.000000 0.000000
    42 9.877266 0.000000 0.000002 0.000000 0.000000 -0.352478
    43 2.660156 0.000057 1.311523 -0.201327 -0.143306 -0.226689
    44 1.340820 0.000002 0.000001 -0.011404 -0.016672 -0.599950
    45 0.717773 0.000002 -0.000002 0.054473 0.175380 -0.302889
    46 2.935547 0.178589 0.486084 -0.194226 -0.103877 -0.292835
    47 1.604492 0.000001 0.000000 0.051969 0.088374 -0.532552
    48 0.857933 -0.000001 0.000000 -0.002415 -0.009757 -0.242679
    49 3.169922 0.098328 -0.363281 -0.183626 -0.067869 -0.258123
    50 1.909180 0.000000 0.000000 0.042077 0.053977 -0.662652
    51 1.023438 0.000001 0.000000 -0.001897 -0.012019 -0.156562
    52 3.271484 -0.136353 -1.259766 -0.177006 -0.034199 -0.204061
    53 1.509766 0.000003 0.000000 -0.051327 -0.064037 -0.676425
    54 0.883297 0.000000 0.000000 -0.001277 -0.038560 -0.033101
    55 0.948242 -1.139648 -0.875977 -1.690135 0.344972 -0.122837
    56 1.629883 0.000001 -0.000002 -0.000014 0.188062 -0.185216
    57 1.085938 0.000000 0.000002 0.000000 0.040646 0.196333
    58 9.952957 -0.000001 -0.000004 -0.121968 0.000000 0.000000
    59 4.976482 0.000000 -0.000002 -0.063719 0.000000 0.000000
    60 9.877266 0.000000 0.000000 0.000000 0.000000 -0.263103
    61 7.023271 -6.880002 4.339546 2.620672 -1.456011 -1.105365
    62 3.813801 -3.870655 0.998562 1.570796 -1.069638 0.199892
    63 0.000000 -0.000007 -0.000031 1.373047 0.113574 0.124314
    64 0.000000 -0.000007 -0.000031 1.373047 0.113574 0.124314
    65 2.685547 -1.180664 0.106812 1.364989 -0.517251 2.629313
    66 2.535156 -1.363281 -0.864258 -1.501147 -0.272558 -1.578261
    67 0.000000 0.000000 10.000000 0.000000 0.000000 0.000000
    68 0.018898 0.665159 9.395884 0.000000 0.000000 0.000000
    69 2.000000 -3.000000 0.000000 -1.570796 0.000000 -1.326450
    70 3.028210 -0.923409 -2.009451 1.574082 -0.012974 1.587243
    71 0.116953 4.311606 0.061859 0.000010 -0.000001 0.000000
    72 0.000000 -0.000002 0.000000 0.000000 0.000000 0.000000
    73 -0.000002 1.000000 0.000009 0.000000 0.000000 0.000000
    74 0.000000 0.000000 0.000000 0.000000 0.000000 0.000000
    75 0.000000 0.000000 0.000000 0.000000 0.000000 0.000000
    76 0.000000 0.000000 0.000000 0.000000 0.000000 0.000000
time 54
    0 7.557763 37.974363 7.785156 -0.468997 -0.775388 0.117249
    1 0.000000 3.591042 -0.015921 1.679726 -0.202153 1.680836
    2 3.548302 0.000000 0.000000 0.080986 0.010855 0.013572
    3 3.284046 0.000001 0.000000 0.112939 0.056739 0.098999
    4 5.062389 -0.000001 0.000000 0.123530 -0.126848 0.376082
    5 3.610073 1.295546 -1.332000 -0.512000 1.315302 -2.194469
    6 4.890536 0.000004 0.000000 -3.117913 0.418431 -0.066033
    7 9.685764 0.000000 -0.000004 0.000000 0.000000 -0.343976
    8 3.610065 1.295545 1.332000 0.265776 -1.083466 -2.066267
    9 4.890535 0.000000 -0.000001 -0.781589 0.175896 -0.434455
    10 9.685764 0.000000 0.000000 0.000000 0.000000 -0.446465
    11 9.256790 -0.000007 -0.000023 1.830847 0.104839 -0.129107
    12 -3.219585 0.000000 0.000000 -0.997434 -0.396222 -2.406249
    13 9.256779 -0.000004 0.000011 -1.782081 0.046413 -0.232162
    14 16.283249 0.000000 0.000000 0.000000 0.000000 0.810599
    15 4.753334 0.000000 0.000000 2.989033 0.114562 0.297157
    16 3.962090 0.000000 0.000000 -0.096138 -0.110573 0.416685
    17 16.291077 0.000000 0.000000 0.000000 0.000000 2.090905
    18 14.875347 0.000000 0.000000 0.183643 -0.245180 -0.901967
    19 5.277816 0.000000 0.000001 -0.111806 0.023844 -0.536532
    20 3.219585 0.000000 0.000000 -1.815593 -0.547381 -1.289103
    21 16.283253 0.000000 0.000000 0.000000 0.000000 0.301556
    22 16.291080 0.000000 0.000001 0.000000 0.000000 0.555366
    23 14.875350 0.000000 0.000000 -0.239493 -0.194329 -0.795666
    24 5.277817 0.000000 0.000000 0.020270 -0.027715 -0.554205
    25 2.660156 0.004799 -1.311523 0.204923 0.143299 -0.226648
    26 1.340820 0.000000 0.000000 0.011404 0.016672 -0.599950
    27 0.717773 -0.000002 -0.000001 -0.054473 -0.175380 -0.302889
    28 2.933594 0.180298 -0.485352 0.197828 0.103894 -0.292786
    29 1.604492 0.000002 0.000000 -0.051969 -0.088374 -0.532552
    30 0.857929 0.000002 0.000000 0.002415 0.009757 -0.242679
    31 3.169922 0.097046 0.363525 0.187209 0.067909 -0.258128
    32 1.909180 0.000001 0.000000 -0.042077 -0.053977 -0.662652
    33 1.023438 -0.000002 0.000000 0.001897 0.012019 -0.156562
    34 3.269531 -0.140869 1.259766 0.180672 0.034142 -0.204037
    35 1.509766 -0.000001 -0.000001 0.051327 0.064037 -0.676424
    36 0.883299 -0.000002 0.000000 0.001277 0.038560 -0.033101
    37 0.948242 -1.142578 0.871582 1.693884 -0.344469 -0.124089
    38 1.629883 -0.000001 0.000001 0.000014 -0.188062 -0.185216
    39 1.085938 0.000000 -0.000002 0.000000 -0.040646 0.196333
    40 4.976479 0.000000 0.000004 0.095513 0.000000 0.000000
    41 9.952959 0.000000 0.000006 0.183961 0.000000 0.000000
    42 9.877266 0.000000 0.000002 0.000000 0.000000 -0.321479
    43 2.660156 0.000057 1.311523 -0.201327 -0.143306 -0.226689
    44 1.340820 0.000002 0.000001 -0.011404 -0.016672 -0.599950
    45 0.717773 0.000002 -0.000002 0.054473 0.175380 -0.302889
    46 2.935547 0.178589 0.486084 -0.194226 -0.103877 -0.292835
    47 1.604492 0.000001 0.000000 0.051969 0.088374 -0.532552
    48 0.857933 -0.000001 0.000000 -0.002415 -0.009757 -0.242679
    49 3.169922 0.098328 -0.363281 -0.183626 -0.067869 -0.258123
    50 1.909180 0.000000 0.000000 0.042077 0.053977 -0.662652
    51 1.023438 0.000001 0.000000 -0.001897 -0.012019 -0.156562
    52 3.271484 -0.136353 -1.259766 -0.177006 -0.034199 -0.204061
    53 1.509766 0.000003 0.000000 -0.051327 -0.064037 -0.676425
    54 0.883297 0.000000 0.000000 -0.001277 -0.038560 -0.033101
    55 0.948242 -1.139648 -0.875977 -1.690135 0.344972 -0.122837
    56 1.629883 0.000001 -0.000002 -0.000014 0.188062 -0.185216
    57 1.085938 0.000000 0.000002 0.000000 0.040646 0.196333
    58 9.952957 -0.000001 -0.000004 -0.119892 0.000000 0.000000
    59 4.976482 0.000000 -0.000002 -0.062683 0.000000 0.000000
    60 9.877266 0.000000 0.000000 0.000000 0.000000 -0.270071
    61 7.023271 -6.880002 4.339546 2.620672 -1.456011 -1.105365
    62 3.813801 -3.870655 0.998562 1.570796 -1.069638 0.199892
    63 0.000000 -0.000007 -0.000031 1.373047 0.113574 0.124314
    64 0.000000 -0.000007 -0.000031 1.373047 0.113574 0.124314
    65 2.685547 -1.180664 0.106812 1.364989 -0.517251 2.629313
    66 2.535156 -1.363281 -0.864258 -1.501147 -0.272558 -1.578261
    67 0.000000 0.000000 10.000000 0.000000 0.000000 0.000000
    68 0.018898 0.665159 9.395884 0.000000 0.000000 0.000000
    69 2.000000 -3.000000 0.000000 -1.570796 0.000000 -1.326450
    70 3.028210 -0.923409 -2.009451 1.574082 -0.012974 1.587243
    71 0.116953 4.311606 0.061859 0.000010 -0.000001 0.000000
    72 0.000000 -0.000002 0.000000 0.000000 0.000000 0.000000
    73 -0.000002 1.000000 0.000009 0.000000 0.000000 0.000000
    74 0.000000 0.000000 0.000000 0.000000 0.000000 0.000000
    75 0.000000 0.000000 0.000000 0.000000 0.000000 0.000000
    76 0.000000 0.000000 0.000000 0.000000 0.000000 0.000000
time 55
    0 7.272607 37.712645 7.507813 -0.388824 -0.804549 0.049376
    1 0.000000 3.591042 -0.015921 1.677402 -0.167024 1.714808
    2 3.548302 0.000000 0.000000 0.081670 0.016177 0.018546
    3 3.284046 0.000001 0.000000 0.114577 0.056440 0.093663
    4 5.062389 -0.000001 0.000000 0.128057 -0.126646 0.374623
    5 3.610073 1.295546 -1.332000 -0.526332 1.312359 -2.212256
    6 4.890536 0.000004 0.000000 -3.130770 0.434074 -0.059593
    7 9.685764 0.000000 -0.000004 0.000000 0.000000 -0.347218
    8 3.610065 1.295545 1.332000 0.257559 -1.079441 -2.060865
    9 4.890535 0.000000 -0.000001 -0.755442 0.189552 -0.443286
    10 9.685764 0.000000 0.000000 0.000000 0.000000 -0.408127
    11 9.256790 -0.000007 -0.000023 1.887728 0.082958 -0.134673
    12 -3.219585 0.000000 0.000000 -0.934276 -0.392557 -2.384338
    13 9.256779 -0.000004 0.000011 -1.770808 0.060013 -0.223105
    14 16.283249 0.000000 0.000000 0.000000 0.000000 0.810599
    15 4.753334 0.000000 0.000000 2.985805 0.113483 0.297172
    16 3.962090 0.000000 0.000000 -0.113394 -0.127785 0.414777
    17 16.291077 0.000000 0.000000 0.000000 0.000000 2.085912
    18 14.875347 0.000000 0.000000 0.211277 -0.220622 -0.913231
    19 5.277816 0.000000 0.000001 -0.111774 0.023783 -0.529359
    20 3.219585 0.000000 0.000000 -1.866236 -0.501454 -1.301819
    21 16.283253 0.000000 0.000000 0.000000 0.000000 0.360548
    22 16.291080 0.000000 0.000001 0.000000 0.000000 0.672110
    23 14.875350 0.000000 0.000000 -0.254636 -0.170144 -0.873790
    24 5.277817 0.000000 0.000000 0.020254 -0.027689 -0.559053
    25 2.660156 0.004799 -1.311523 0.204923 0.143299 -0.226648
    26 1.340820 0.000000 0.000000 0.011404 0.016672 -0.599950
    27 0.717773 -0.000002 -0.000001 -0.054473 -0.175380 -0.302889
    28 2.933594 0.180298 -0.485352 0.197828 0.103894 -0.292786
    29 1.604492 0.000002 0.000000 -0.051969 -0.088374 -0.532552
    30 0.857929 0.000002 0.000000 0.002415 0.009757 -0.242679
    31 3.169922 0.097046 0.363525 0.187209 0.067909 -0.258128
    32 1.909180 0.000001 0.000000 -0.042077 -0.053977 -0.662652
    33 1.023438 -0.000002 0.000000 0.001897 0.012019 -0.156562
    34 3.269531 -0.140869 1.259766 0.180672 0.034142 -0.204037
    35 1.509766 -0.000001 -0.000001 0.051327 0.064037 -0.676424
    36 0.883299 -0.000002 0.000000 0.001277 0.038560 -0.033101
    37 0.948242 -1.142578 0.871582 1.693884 -0.344469 -0.124089
    38 1.629883 -0.000001 0.000001 0.000014 -0.188062 -0.185216
    39 1.085938 0.000000 -0.000002 0.000000 -0.040646 0.196333
    40 4.976479 0.000000 0.000004 0.125687 0.000000 0.000000
    41 9.952959 0.000000 0.000006 0.243523 0.000000 0.000000
    42 9.877266 0.000000 0.000002 0.000000 0.000000 -0.302254
    43 2.660156 0.000057 1.311523 -0.201327 -0.143306 -0.226689
    44 1.340820 0.000002 0.000001 -0.011404 -0.016672 -0.599950
    45 0.717773 0.000002 -0.000002 0.054473 0.175380 -0.302889
    46 2.935547 0.178589 0.486084 -0.194226 -0.103877 -0.292835
    47 1.604492 0.000001 0.000000 0.051969 0.088374 -0.532552
    48 0.857933 -0.000001 0.000000 -0.002415 -0.009757 -0.242679
    49 3.169922 0.098328 -0.363281 -0.183626 -0.067869 -0.258123
    50 1.909180 0.000000 0.000000 0.042077 0.053977 -0.662652
    51 1.023438 0.000001 0.000000 -0.001897 -0.012019 -0.156562
    52 3.271484 -0.136353 -1.259766 -0.177006 -0.034199 -0.204061
    53 1.509766 0.000003 0.000000 -0.051327 -0.064037 -0.676425
    54 0.883297 0.000000 0.000000 -0.001277 -0.038560 -0.033101
    55 0.948242 -1.139648 -0.875977 -1.690135 0.344972 -0.122837
    56 1.629883 0.000001 -0.000002 -0.000014 0.188062 -0.185216
    57 1.085938 0.000000 0.000002 0.000000 0.040646 0.196333
    58 9.952957 -0.000001 -0.000004 -0.106577 0.000000 0.000000
    59 4.976482 0.000000 -0.000002 -0.055774 0.000000 0.000000
    60 9.877266 0.000000 0.000000 0.000000 0.000000 -0.271726
    61 7.023271 -6.880002 4.339546 2.620672 -1.456011 -1.105365
    62 3.813801 -3.870655 0.998562 1.570796 -1.069638 0.199892
    63 0.000000 -0.000007 -0.000031 1.373047 0.113574 0.124314
    64 0.000000 -0.000007 -0.000031 1.373047 0.113574 0.124314
    65 2.685547 -1.180664 0.106812 1.364989 -0.517251 2.629313
    66 2.535156 -1.363281 -0.864258 -1.501147 -0.272558 -1.578261
    67 0.000000 0.000000 10.000000 0.000000 0.000000 0.000000
    68 0.018898 0.665159 9.395884 0.000000 0.000000 0.000000
    69 2.000000 -3.000000 0.000000 -1.570796 0.000000 -1.326450
    70 3.028210 -0.923409 -2.009451 1.574082 -0.012974 1.587243
    71 0.116953 4.311606 0.061859 0.000010 -0.000001 0.000000
    72 0.000000 -0.000002 0.000000 0.000000 0.000000 0.000000
    73 -0.000002 1.000000 0.000009 0.000000 0.000000 0.000000
    74 0.000000 0.000000 0.000000 0.000000 0.000000 0.000000
    75 0.000000 0.000000 0.000000 0.000000 0.000000 0.000000
    76 0.000000 0.000000 0.000000 0.000000 0.000000 0.000000
time 56
    0 7.012841 37.470457 7.222656 -0.315193 -0.824838 -0.014349
    1 0.000000 3.591042 -0.015921 1.672242 -0.139117 1.741117
    2 3.548302 0.000000 0.000000 0.081466 0.019998 0.020256
    3 3.284046 0.000001 0.000000 0.114221 0.054832 0.090181
    4 5.062389 -0.000001 0.000000 0.130690 -0.123753 0.375085
    5 3.610073 1.295546 -1.332000 -0.535925 1.314980 -2.223387
    6 4.890536 0.000004 0.000000 -3.137273 0.448336 -0.053298
    7 9.685764 0.000000 -0.000004 0.000000 0.000000 -0.343012
    8 3.610065 1.295545 1.332000 0.248325 -1.072560 -2.053788
    9 4.890535 0.000000 -0.000001 -0.754561 0.204838 -0.447477
    10 9.685764 0.000000 0.000000 0.000000 0.000000 -0.408215
    11 9.256790 -0.000007 -0.000023 1.948814 0.065847 -0.110160
    12 -3.219585 0.000000 0.000000 -0.896943 -0.400269 -2.354036
    13 9.256779 -0.000004 0.000011 -1.742239 0.073793 -0.218006
    14 16.283249 0.000000 0.000000 0.000000 0.000000 0.810599
    15 4.753334 0.000000 0.000000 2.987908 0.116106 0.292701
    16 3.962090 0.000000 0.000000 -0.124068 -0.137775 0.417416
    17 16.291077 0.000000 0.000000 0.000000 0.000000 2.101266
    18 14.875347 0.000000 0.000000 0.182555 -0.293537 -0.938233
    19 5.277816 0.000000 0.000001 -0.111770 0.023785 -0.522554
    20 3.219585 0.000000 0.000000 -1.895148 -0.412910 -1.332888
    21 16.283253 0.000000 0.000000 0.000000 0.000000 0.388136
    22 16.291080 0.000000 0.000001 0.000000 0.000000 0.726693
    23 14.875350 0.000000 0.000000 -0.262732 -0.144714 -0.915433
    24 5.277817 0.000000 0.000000 0.020221 -0.027650 -0.552408
    25 2.660156 0.004799 -1.311523 0.204923 0.143299 -0.226648
    26 1.340820 0.000000 0.000000 0.011404 0.016672 -0.599950
    27 0.717773 -0.000002 -0.000001 -0.054473 -0.175380 -0.302889
    28 2.933594 0.180298 -0.485352 0.197828 0.103894 -0.292786
    29 1.604492 0.000002 0.000000 -0.051969 -0.088374 -0.532552
    30 0.857929 0.000002 0.000000 0.002415 0.009757 -0.242679
    31 3.169922 0.097046 0.363525 0.187209 0.067909 -0.258128
    32 1.909180 0.000001 0.000000 -0.042077 -0.053977 -0.662652
    33 1.023438 -0.000002 0.000000 0.001897 0.012019 -0.156562
    34 3.269531 -0.140869 1.259766 0.180672 0.034142 -0.204037
    35 1.509766 -0.000001 -0.000001 0.051327 0.064037 -0.676424
    36 0.883299 -0.000002 0.000000 0.001277 0.038560 -0.033101
    37 0.948242 -1.142578 0.871582 1.693884 -0.344469 -0.124089
    38 1.629883 -0.000001 0.000001 0.000014 -0.188062 -0.185216
    39 1.085938 0.000000 -0.000002 0.000000 -0.040646 0.196333
    40 4.976479 0.000000 0.000004 0.157708 0.000000 0.000000
    41 9.952959 0.000000 0.000006 0.307669 0.000000 0.000000
    42 9.877266 0.000000 0.000002 0.000000 0.000000 -0.302254
    43 2.660156 0.000057 1.311523 -0.201327 -0.143306 -0.226689
    44 1.340820 0.000002 0.000001 -0.011404 -0.016672 -0.599950
    45 0.717773 0.000002 -0.000002 0.054473 0.175380 -0.302889
    46 2.935547 0.178589 0.486084 -0.194226 -0.103877 -0.292835
    47 1.604492 0.000001 0.000000 0.051969 0.088374 -0.532552
    48 0.857933 -0.000001 0.000000 -0.002415 -0.009757 -0.242679
    49 3.169922 0.098328 -0.363281 -0.183626 -0.067869 -0.258123
    50 1.909180 0.000000 0.000000 0.042077 0.053977 -0.662652
    51 1.023438 0.000001 0.000000 -0.001897 -0.012019 -0.156562
    52 3.271484 -0.136353 -1.259766 -0.177006 -0.034199 -0.204061
    53 1.509766 0.000003 0.000000 -0.051327 -0.064037 -0.676425
    54 0.883297 0.000000 0.000000 -0.001277 -0.038560 -0.033101
    55 0.948242 -1.139648 -0.875977 -1.690135 0.344972 -0.122837
    56 1.629883 0.000001 -0.000002 -0.000014 0.188062 -0.185216
    57 1.085938 0.000000 0.000002 0.000000 0.040646 0.196333
    58 9.952957 -0.000001 -0.000004 -0.077108 0.000000 0.000000
    59 4.976482 0.000000 -0.000002 -0.040490 0.000000 0.000000
    60 9.877266 0.000000 0.000000 0.000000 0.000000 -0.269548
    61 7.023271 -6.880002 4.339546 2.620672 -1.456011 -1.105365
    62 3.813801 -3.870655 0.998562 1.570796 -1.069638 0.199892
    63 0.000000 -0.000007 -0.000031 1.373047 0.113574 0.124314
    64 0.000000 -0.000007 -0.000031 1.373047 0.113574 0.124314
    65 2.685547 -1.180664 0.106812 1.364989 -0.517251 2.629313
    66 2.535156 -1.363281 -0.864258 -1.501147 -0.272558 -1.578261
    67 0.000000 0.000000 10.000000 0.000000 0.000000 0.000000
    68 0.018898 0.665159 9.395884 0.000000 0.000000 0.000000
    69 2.000000 -3.000000 0.000000 -1.570796 0.000000 -1.326450
    70 3.028210 -0.923409 -2.009451 1.574082 -0.012974 1.587243
    71 0.116953 4.311606 0.061859 0.000010 -0.000001 0.000000
    72 0.000000 -0.000002 0.000000 0.000000 0.000000 0.000000
    73 -0.000002 1.000000 0.000009 0.000000 0.000000 0.000000
    74 0.000000 0.000000 0.000000 0.000000 0.000000 0.000000
    75 0.000000 0.000000 0.000000 0.000000 0.000000 0.000000
    76 0.000000 0.000000 0.000000 0.000000 0.000000 0.000000
time 57
    0 6.782372 37.224363 6.921875 -0.242394 -0.832918 -0.079245
    1 0.000000 3.591042 -0.015921 1.664462 -0.115131 1.759643
    2 3.548302 0.000000 0.000000 0.080159 0.026471 0.020762
    3 3.284046 0.000001 0.000000 0.111867 0.056111 0.087673
    4 5.062389 -0.000001 0.000000 0.130455 -0.117867 0.377091
    5 3.610073 1.295546 -1.332000 -0.520688 1.321010 -2.209325
    6 4.890536 0.000004 0.000000 3.130519 0.464349 -0.064457
    7 9.685764 0.000000 -0.000004 0.000000 0.000000 -0.374421
    8 3.610065 1.295545 1.332000 0.240658 -1.063037 -2.046680
    9 4.890535 0.000000 -0.000001 -0.765582 0.217641 -0.457006
    10 9.685764 0.000000 0.000000 0.000000 0.000000 -0.416682
    11 9.256790 -0.000007 -0.000023 2.005040 0.051620 -0.078557
    12 -3.219585 0.000000 0.000000 -0.887866 -0.428124 -2.301335
    13 9.256779 -0.000004 0.000011 -1.709817 0.090269 -0.192148
    14 16.283249 0.000000 0.000000 0.000000 0.000000 0.810599
    15 4.753334 0.000000 0.000000 2.991558 0.122785 0.281818
    16 3.962090 0.000000 0.000000 -0.126600 -0.137674 0.426918
    17 16.291077 0.000000 0.000000 0.000000 0.000000 2.116256
    18 14.875347 0.000000 0.000000 0.211126 -0.305993 -0.973999
    19 5.277816 0.000000 0.000001 -0.111757 0.023836 -0.514865
    20 3.219585 0.000000 0.000000 -1.913678 -0.299004 -1.371055
    21 16.283253 0.000000 0.000000 0.000000 0.000000 0.385761
    22 16.291080 0.000000 0.000001 0.000000 0.000000 0.721892
    23 14.875350 0.000000 0.000000 -0.232976 -0.120357 -0.929147
    24 5.277817 0.000000 0.000000 0.020255 -0.027688 -0.559143
    25 2.660156 0.004799 -1.311523 0.204923 0.143299 -0.226648
    26 1.340820 0.000000 0.000000 0.011404 0.016672 -0.599950
    27 0.717773 -0.000002 -0.000001 -0.054473 -0.175380 -0.302889
    28 2.933594 0.180298 -0.485352 0.197828 0.103894 -0.292786
    29 1.604492 0.000002 0.000000 -0.051969 -0.088374 -0.532552
    30 0.857929 0.000002 0.000000 0.002415 0.009757 -0.242679
    31 3.169922 0.097046 0.363525 0.187209 0.067909 -0.258128
    32 1.909180 0.000001 0.000000 -0.042077 -0.053977 -0.662652
    33 1.023438 -0.000002 0.000000 0.001897 0.012019 -0.156562
    34 3.269531 -0.140869 1.259766 0.180672 0.034142 -0.204037
    35 1.509766 -0.000001 -0.000001 0.051327 0.064037 -0.676424
    36 0.883299 -0.000002 0.000000 0.001277 0.038560 -0.033101
    37 0.948242 -1.142578 0.871582 1.693884 -0.344469 -0.124089
    38 1.629883 -0.000001 0.000001 0.000014 -0.188062 -0.185216
    39 1.085938 0.000000 -0.000002 0.000000 -0.040646 0.196333
    40 4.976479 0.000000 0.000004 0.185521 0.000000 0.000000
    41 9.952959 0.000000 0.000006 0.363883 0.000000 0.000000
    42 9.877266 0.000000 0.000002 0.000000 0.000000 -0.306534
    43 2.660156 0.000057 1.311523 -0.201327 -0.143306 -0.226689
    44 1.340820 0.000002 0.000001 -0.011404 -0.016672 -0.599950
    45 0.717773 0.000002 -0.000002 0.054473 0.175380 -0.302889
    46 2.935547 0.178589 0.486084 -0.194226 -0.103877 -0.292835
    47 1.604492 0.000001 0.000000 0.051969 0.088374 -0.532552
    48 0.857933 -0.000001 0.000000 -0.002415 -0.009757 -0.242679
    49 3.169922 0.098328 -0.363281 -0.183626 -0.067869 -0.258123
    50 1.909180 0.000000 0.000000 0.042077 0.053977 -0.662652
    51 1.023438 0.000001 0.000000 -0.001897 -0.012019 -0.156562
    52 3.271484 -0.136353 -1.259766 -0.177006 -0.034199 -0.204061
    53 1.509766 0.000003 0.000000 -0.051327 -0.064037 -0.676425
    54 0.883297 0.000000 0.000000 -0.001277 -0.038560 -0.033101
    55 0.948242 -1.139648 -0.875977 -1.690135 0.344972 -0.122837
    56 1.629883 0.000001 -0.000002 -0.000014 0.188062 -0.185216
    57 1.085938 0.000000 0.000002 0.000000 0.040646 0.196333
    58 9.952957 -0.000001 -0.000004 -0.045929 0.000000 0.000000
    59 4.976482 0.000000 -0.000002 -0.024172 0.000000 0.000000
    60 9.877266 0.000000 0.000000 0.000000 0.000000 -0.285325
    61 7.023271 -6.880002 4.339546 2.620672 -1.456011 -1.105365
    62 3.813801 -3.870655 0.998562 1.570796 -1.069638 0.199892
    63 0.000000 -0.000007 -0.000031 1.373047 0.113574 0.124314
    64 0.000000 -0.000007 -0.000031 1.373047 0.113574 0.124314
    65 2.685547 -1.180664 0.106812 1.364989 -0.517251 2.629313
    66 2.535156 -1.363281 -0.864258 -1.501147 -0.272558 -1.578261
    67 0.000000 0.000000 10.000000 0.000000 0.000000 0.000000
    68 0.018898 0.665159 9.395884 0.000000 0.000000 0.000000
    69 2.000000 -3.000000 0.000000 -1.570796 0.000000 -1.326450
    70 3.028210 -0.923409 -2.009451 1.574082 -0.012974 1.587243
    71 0.116953 4.311606 0.061859 0.000010 -0.000001 0.000000
    72 0.000000 -0.000002 0.000000 0.000000 0.000000 0.000000
    73 -0.000002 1.000000 0.000009 0.000000 0.000000 0.000000
    74 0.000000 0.000000 0.000000 0.000000 0.000000 0.000000
    75 0.000000 0.000000 0.000000 0.000000 0.000000 0.000000
    76 0.000000 0.000000 0.000000 0.000000 0.000000 0.000000
time 58
    0 6.583154 37.005613 6.679688 -0.191334 -0.828355 -0.129756
    1 0.000000 3.591042 -0.015921 1.655874 -0.104477 1.771582
    2 3.548302 0.000000 0.000000 0.078538 0.032821 0.017879
    3 3.284046 0.000001 0.000000 0.109299 0.058520 0.085133
    4 5.062389 -0.000001 0.000000 0.129319 -0.114749 0.376076
    5 3.610073 1.295546 -1.332000 -0.517767 1.325955 -2.205387
    6 4.890536 0.000004 0.000000 3.105931 0.465858 -0.094472
    7 9.685764 0.000000 -0.000004 0.000000 0.000000 -0.453284
    8 3.610065 1.295545 1.332000 0.247203 -1.066463 -2.050470
    9 4.890535 0.000000 -0.000001 -0.790533 0.229165 -0.477469
    10 9.685764 0.000000 0.000000 0.000000 0.000000 -0.397466
    11 9.256790 -0.000007 -0.000023 2.047938 0.034786 -0.069091
    12 -3.219585 0.000000 0.000000 -0.872009 -0.445123 -2.259984
    13 9.256779 -0.000004 0.000011 -1.684853 0.102792 -0.139068
    14 16.283249 0.000000 0.000000 0.000000 0.000000 0.810599
    15 4.753334 0.000000 0.000000 2.992775 0.122679 0.278469
    16 3.962090 0.000000 0.000000 -0.134327 -0.143149 0.433599
    17 16.291077 0.000000 0.000000 0.000000 0.000000 2.123085
    18 14.875347 0.000000 0.000000 0.247372 -0.262279 -0.983207
    19 5.277816 0.000000 0.000001 -0.111812 0.023769 -0.520944
    20 3.219585 0.000000 0.000000 -1.934403 -0.154179 -1.419699
    21 16.283253 0.000000 0.000000 0.000000 0.000000 0.349409
    22 16.291080 0.000000 0.000001 0.000000 0.000000 0.650114
    23 14.875350 0.000000 0.000000 -0.222357 -0.087158 -0.923452
    24 5.277817 0.000000 0.000000 0.020214 -0.027692 -0.545861
    25 2.660156 0.004799 -1.311523 0.204923 0.143299 -0.226648
    26 1.340820 0.000000 0.000000 0.011404 0.016672 -0.599950
    27 0.717773 -0.000002 -0.000001 -0.054473 -0.175380 -0.302889
    28 2.933594 0.180298 -0.485352 0.197828 0.103894 -0.292786
    29 1.604492 0.000002 0.000000 -0.051969 -0.088374 -0.532552
    30 0.857929 0.000002 0.000000 0.002415 0.009757 -0.242679
    31 3.169922 0.097046 0.363525 0.187209 0.067909 -0.258128
    32 1.909180 0.000001 0.000000 -0.042077 -0.053977 -0.662652
    33 1.023438 -0.000002 0.000000 0.001897 0.012019 -0.156562
    34 3.269531 -0.140869 1.259766 0.180672 0.034142 -0.204037
    35 1.509766 -0.000001 -0.000001 0.051327 0.064037 -0.676424
    36 0.883299 -0.000002 0.000000 0.001277 0.038560 -0.033101
    37 0.948242 -1.142578 0.871582 1.693884 -0.344469 -0.124089
    38 1.629883 -0.000001 0.000001 0.000014 -0.188062 -0.185216
    39 1.085938 0.000000 -0.000002 0.000000 -0.040646 0.196333
    40 4.976479 0.000000 0.000004 0.206600 0.000000 0.000000
    41 9.952959 0.000000 0.000006 0.406893 0.000000 0.000000
    42 9.877266 0.000000 0.000002 0.000000 0.000000 -0.296841
    43 2.660156 0.000057 1.311523 -0.201327 -0.143306 -0.226689
    44 1.340820 0.000002 0.000001 -0.011404 -0.016672 -0.599950
    45 0.717773 0.000002 -0.000002 0.054473 0.175380 -0.302889
    46 2.935547 0.178589 0.486084 -0.194226 -0.103877 -0.292835
    47 1.604492 0.000001 0.000000 0.051969 0.088374 -0.532552
    48 0.857933 -0.000001 0.000000 -0.002415 -0.009757 -0.242679
    49 3.169922 0.098328 -0.363281 -0.183626 -0.067869 -0.258123
    50 1.909180 0.000000 0.000000 0.042077 0.053977 -0.662652
    51 1.023438 0.000001 0.000000 -0.001897 -0.012019 -0.156562
    52 3.271484 -0.136353 -1.259766 -0.177006 -0.034199 -0.204061
    53 1.509766 0.000003 0.000000 -0.051327 -0.064037 -0.676425
    54 0.883297 0.000000 0.000000 -0.001277 -0.038560 -0.033101
    55 0.948242 -1.139648 -0.875977 -1.690135 0.344972 -0.122837
    56 1.629883 0.000001 -0.000002 -0.000014 0.188062 -0.185216
    57 1.085938 0.000000 0.000002 0.000000 0.040646 0.196333
    58 9.952957 -0.000001 -0.000004 -0.025208 0.000000 0.000000
    59 4.976482 0.000000 -0.000002 -0.013294 0.000000 0.000000
    60 9.877266 0.000000 0.000000 0.000000 0.000000 -0.324890
    61 7.023271 -6.880002 4.339546 2.620672 -1.456011 -1.105365
    62 3.813801 -3.870655 0.998562 1.570796 -1.069638 0.199892
    63 0.000000 -0.000007 -0.000031 1.373047 0.113574 0.124314
    64 0.000000 -0.000007 -0.000031 1.373047 0.113574 0.124314
    65 2.685547 -1.180664 0.106812 1.364989 -0.517251 2.629313
    66 2.535156 -1.363281 -0.864258 -1.501147 -0.272558 -1.578261
    67 0.000000 0.000000 10.000000 0.000000 0.000000 0.000000
    68 0.018898 0.665159 9.395884 0.000000 0.000000 0.000000
    69 2.000000 -3.000000 0.000000 -1.570796 0.000000 -1.326450
    70 3.028210 -0.923409 -2.009451 1.574082 -0.012974 1.587243
    71 0.116953 4.311606 0.061859 0.000010 -0.000001 0.000000
    72 0.000000 -0.000002 0.000000 0.000000 0.000000 0.000000
    73 -0.000002 1.000000 0.000009 0.000000 0.000000 0.000000
    74 0.000000 0.000000 0.000000 0.000000 0.000000 0.000000
    75 0.000000 0.000000 0.000000 0.000000 0.000000 0.000000
    76 0.000000 0.000000 0.000000 0.000000 0.000000 0.000000
time 59
    0 6.472802 36.794676 6.472656 -0.146298 -0.814772 -0.169715
    1 0.000000 3.591042 -0.015921 1.647294 -0.095257 1.781616
    2 3.548302 0.000000 0.000000 0.076971 0.038320 0.014523
    3 3.284046 0.000001 0.000000 0.106912 0.059738 0.081922
    4 5.062389 -0.000001 0.000000 0.127888 -0.114809 0.372343
    5 3.610073 1.295546 -1.332000 -0.522445 1.328027 -2.209468
    6 4.890536 0.000004 0.000000 3.074628 0.458409 -0.121309
    7 9.685764 0.000000 -0.000004 0.000000 0.000000 -0.522855
    8 3.610065 1.295545 1.332000 0.262272 -1.076354 -2.060946
    9 4.890535 0.000000 -0.000001 -0.851565 0.249481 -0.491454
    10 9.685764 0.000000 0.000000 0.000000 0.000000 -0.390336
    11 9.256790 -0.000007 -0.000023 2.110528 0.030277 -0.057447
    12 -3.219585 0.000000 0.000000 -0.849891 -0.456707 -2.231789
    13 9.256779 -0.000004 0.000011 -1.671699 0.112831 -0.094558
    14 16.283249 0.000000 0.000000 0.000000 0.000000 0.810599
    15 4.753334 0.000000 0.000000 2.992748 0.115325 0.273086
    16 3.962090 0.000000 0.000000 -0.141230 -0.151819 0.438238
    17 16.291077 0.000000 0.000000 0.000000 0.000000 2.131578
    18 14.875347 0.000000 0.000000 0.251275 -0.241982 -0.987963
    19 5.277816 0.000000 0.000001 -0.111768 0.023781 -0.515845
    20 3.219585 0.000000 0.000000 -1.977227 0.005968 -1.471125
    21 16.283253 0.000000 0.000000 0.000000 0.000000 0.275909
    22 16.291080 0.000000 0.000001 0.000000 0.000000 0.504558
    23 14.875350 0.000000 0.000000 -0.223309 -0.048503 -0.882263
    24 5.277817 0.000000 0.000000 0.020215 -0.027654 -0.551959
    25 2.660156 0.004799 -1.311523 0.204923 0.143299 -0.226648
    26 1.340820 0.000000 0.000000 0.011404 0.016672 -0.599950
    27 0.717773 -0.000002 -0.000001 -0.054473 -0.175380 -0.302889
    28 2.933594 0.180298 -0.485352 0.197828 0.103894 -0.292786
    29 1.604492 0.000002 0.000000 -0.051969 -0.088374 -0.532552
    30 0.857929 0.000002 0.000000 0.002415 0.009757 -0.242679
    31 3.169922 0.097046 0.363525 0.187209 0.067909 -0.258128
    32 1.909180 0.000001 0.000000 -0.042077 -0.053977 -0.662652
    33 1.023438 -0.000002 0.000000 0.001897 0.012019 -0.156562
    34 3.269531 -0.140869 1.259766 0.180672 0.034142 -0.204037
    35 1.509766 -0.000001 -0.000001 0.051327 0.064037 -0.676424
    36 0.883299 -0.000002 0.000000 0.001277 0.038560 -0.033101
    37 0.948242 -1.142578 0.871582 1.693884 -0.344469 -0.124089
    38 1.629883 -0.000001 0.000001 0.000014 -0.188062 -0.185216
    39 1.085938 0.000000 -0.000002 0.000000 -0.040646 0.196333
    40 4.976479 0.000000 0.000004 0.237957 0.000000 0.000000
    41 9.952959 0.000000 0.000006 0.471109 0.000000 0.000000
    42 9.877266 0.000000 0.000002 0.000000 0.000000 -0.293263
    43 2.660156 0.000057 1.311523 -0.201327 -0.143306 -0.226689
    44 1.340820 0.000002 0.000001 -0.011404 -0.016672 -0.599950
    45 0.717773 0.000002 -0.000002 0.054473 0.175380 -0.302889
    46 2.935547 0.178589 0.486084 -0.194226 -0.103877 -0.292835
    47 1.604492 0.000001 0.000000 0.051969 0.088374 -0.532552
    48 0.857933 -0.000001 0.000000 -0.002415 -0.009757 -0.242679
    49 3.169922 0.098328 -0.363281 -0.183626 -0.067869 -0.258123
    50 1.909180 0.000000 0.000000 0.042077 0.053977 -0.662652
    51 1.023438 0.000001 0.000000 -0.001897 -0.012019 -0.156562
    52 3.271484 -0.136353 -1.259766 -0.177006 -0.034199 -0.204061
    53 1.509766 0.000003 0.000000 -0.051327 -0.064037 -0.676425
    54 0.883297 0.000000 0.000000 -0.001277 -0.038560 -0.033101
    55 0.948242 -1.139648 -0.875977 -1.690135 0.344972 -0.122837
    56 1.629883 0.000001 -0.000002 -0.000014 0.188062 -0.185216
    57 1.085938 0.000000 0.000002 0.000000 0.040646 0.196333
    58 9.952957 -0.000001 -0.000004 -0.015366 0.000000 0.000000
    59 4.976482 0.000000 -0.000002 -0.008115 0.000000 0.000000
    60 9.877266 0.000000 0.000000 0.000000 0.000000 -0.359934
    61 7.023271 -6.880002 4.339546 2.620672 -1.456011 -1.105365
    62 3.813801 -3.870655 0.998562 1.570796 -1.069638 0.199892
    63 0.000000 -0.000007 -0.000031 1.373047 0.113574 0.124314
    64 0.000000 -0.000007 -0.000031 1.373047 0.113574 0.124314
    65 2.685547 -1.180664 0.106812 1.364989 -0.517251 2.629313
    66 2.535156 -1.363281 -0.864258 -1.501147 -0.272558 -1.578261
    67 0.000000 0.000000 10.000000 0.000000 0.000000 0.000000
    68 0.018898 0.665159 9.395884 0.000000 0.000000 0.000000
    69 2.000000 -3.000000 0.000000 -1.570796 0.000000 -1.326450
    70 3.028210 -0.923409 -2.009451 1.574082 -0.012974 1.587243
    71 0.116953 4.311606 0.061859 0.000010 -0.000001 0.000000
    72 0.000000 -0.000002 0.000000 0.000000 0.000000 0.000000
    73 -0.000002 1.000000 0.000009 0.000000 0.000000 0.000000
    74 0.000000 0.000000 0.000000 0.000000 0.000000 0.000000
    75 0.000000 0.000000 0.000000 0.000000 0.000000 0.000000
    76 0.000000 0.000000 0.000000 0.000000 0.000000 0.000000
time 60
    0 6.465966 36.583738 6.296875 -0.101554 -0.798372 -0.200439
    1 0.000000 3.591042 -0.015921 1.640817 -0.081606 1.786688
    2 3.548302 0.000000 0.000000 0.076506 0.042676 0.011398
    3 3.284046 0.000001 0.000000 0.105900 0.059571 0.077553
    4 5.062389 -0.000001 0.000000 0.127857 -0.117236 0.367187
    5 3.610073 1.295546 -1.332000 -0.551965 1.330400 -2.238091
    6 4.890536 0.000004 0.000000 3.049482 0.436778 -0.132132
    7 9.685764 0.000000 -0.000004 0.000000 0.000000 -0.550251
    8 3.610065 1.295545 1.332000 0.280173 -1.084325 -2.074323
    9 4.890535 0.000000 -0.000001 -0.940003 0.282219 -0.484873
    10 9.685764 0.000000 0.000000 0.000000 0.000000 -0.425421
    11 9.256790 -0.000007 -0.000023 2.195038 0.040038 -0.028653
    12 -3.219585 0.000000 0.000000 -0.822056 -0.472191 -2.218508
    13 9.256779 -0.000004 0.000011 -1.664564 0.119157 -0.079319
    14 16.283249 0.000000 0.000000 0.000000 0.000000 0.810599
    15 4.753334 0.000000 0.000000 2.997996 0.103602 0.260268
    16 3.962090 0.000000 0.000000 -0.143056 -0.159697 0.436707
    17 16.291077 0.000000 0.000000 0.000000 0.000000 2.143100
    18 14.875347 0.000000 0.000000 0.244870 -0.238848 -1.001602
    19 5.277816 0.000000 0.000001 -0.111755 0.023845 -0.497809
    20 3.219585 0.000000 0.000000 -2.033016 0.173236 -1.533034
    21 16.283253 0.000000 0.000000 0.000000 0.000000 0.160912
    22 16.291080 0.000000 0.000001 0.000000 0.000000 0.275124
    23 14.875350 0.000000 0.000000 -0.234740 -0.012776 -0.775728
    24 5.277817 0.000000 0.000000 0.020244 -0.027671 -0.548013
    25 2.660156 0.004799 -1.311523 0.204923 0.143299 -0.226648
    26 1.340820 0.000000 0.000000 0.011404 0.016672 -0.599950
    27 0.717773 -0.000002 -0.000001 -0.054473 -0.175380 -0.302889
    28 2.933594 0.180298 -0.485352 0.197828 0.103894 -0.292786
    29 1.604492 0.000002 0.000000 -0.051969 -0.088374 -0.532552
    30 0.857929 0.000002 0.000000 0.002415 0.009757 -0.242679
    31 3.169922 0.097046 0.363525 0.187209 0.067909 -0.258128
    32 1.909180 0.000001 0.000000 -0.042077 -0.053977 -0.662652
    33 1.023438 -0.000002 0.000000 0.001897 0.012019 -0.156562
    34 3.269531 -0.140869 1.259766 0.180672 0.034142 -0.204037
    35 1.509766 -0.000001 -0.000001 0.051327 0.064037 -0.676424
    36 0.883299 -0.000002 0.000000 0.001277 0.038560 -0.033101
    37 0.948242 -1.142578 0.871582 1.693884 -0.344469 -0.124089
    38 1.629883 -0.000001 0.000001 0.000014 -0.188062 -0.185216
    39 1.085938 0.000000 -0.000002 0.000000 -0.040646 0.196333
    40 4.976479 0.000000 0.000004 0.280529 0.000000 0.000000
    41 9.952959 0.000000 0.000006 0.558868 0.000000 0.000000
    42 9.877266 0.000000 0.000002 0.000000 0.000000 -0.310902
    43 2.660156 0.000057 1.311523 -0.201327 -0.143306 -0.226689
    44 1.340820 0.000002 0.000001 -0.011404 -0.016672 -0.599950
    45 0.717773 0.000002 -0.000002 0.054473 0.175380 -0.302889
    46 2.935547 0.178589 0.486084 -0.194226 -0.103877 -0.292835
    47 1.604492 0.000001 0.000000 0.051969 0.088374 -0.532552
    48 0.857933 -0.000001 0.000000 -0.002415 -0.009757 -0.242679
    49 3.169922 0.098328 -0.363281 -0.183626 -0.067869 -0.258123
    50 1.909180 0.000000 0.000000 0.042077 0.053977 -0.662652
    51 1.023438 0.000001 0.000000 -0.001897 -0.012019 -0.156562
    52 3.271484 -0.136353 -1.259766 -0.177006 -0.034199 -0.204061
    53 1.509766 0.000003 0.000000 -0.051327 -0.064037 -0.676425
    54 0.883297 0.000000 0.000000 -0.001277 -0.038560 -0.033101
    55 0.948242 -1.139648 -0.875977 -1.690135 0.344972 -0.122837
    56 1.629883 0.000001 -0.000002 -0.000014 0.188062 -0.185216
    57 1.085938 0.000000 0.000002 0.000000 0.040646 0.196333
    58 9.952957 -0.000001 -0.000004 -0.009323 0.000000 0.000000
    59 4.976482 0.000000 -0.000002 -0.004921 0.000000 0.000000
    60 9.877266 0.000000 0.000000 0.000000 0.000000 -0.373718
    61 7.023271 -6.880002 4.339546 2.620672 -1.456011 -1.105365
    62 3.813801 -3.870655 0.998562 1.570796 -1.069638 0.199892
    63 0.000000 -0.000007 -0.000031 1.373047 0.113574 0.124314
    64 0.000000 -0.000007 -0.000031 1.373047 0.113574 0.124314
    65 2.685547 -1.180664 0.106812 1.364989 -0.517251 2.629313
    66 2.535156 -1.363281 -0.864258 -1.501147 -0.272558 -1.578261
    67 0.000000 0.000000 10.000000 0.000000 0.000000 0.000000
    68 0.018898 0.665159 9.395884 0.000000 0.000000 0.000000
    69 2.000000 -3.000000 0.000000 -1.570796 0.000000 -1.326450
    70 3.028210 -0.923409 -2.009451 1.574082 -0.012974 1.587243
    71 0.116953 4.311606 0.061859 0.000010 -0.000001 0.000000
    72 0.000000 -0.000002 0.000000 0.000000 0.000000 0.000000
    73 -0.000002 1.000000 0.000009 0.000000 0.000000 0.000000
    74 0.000000 0.000000 0.000000 0.000000 0.000000 0.000000
    75 0.000000 0.000000 0.000000 0.000000 0.000000 0.000000
    76 0.000000 0.000000 0.000000 0.000000 0.000000 0.000000
time 61
    0 6.547021 36.407957 6.148438 -0.059858 -0.779968 -0.221602
    1 0.000000 3.591042 -0.015921 1.636314 -0.063652 1.789280
    2 3.548302 0.000000 0.000000 0.075517 0.046499 0.008670
    3 3.284046 0.000001 0.000000 0.104489 0.058587 0.072436
    4 5.062389 -0.000001 0.000000 0.128323 -0.119860 0.362263
    5 3.610073 1.295546 -1.332000 -0.573440 1.329875 -2.259098
    6 4.890536 0.000004 0.000000 3.030289 0.416682 -0.133446
    7 9.685764 0.000000 -0.000004 0.000000 0.000000 -0.546126
    8 3.610065 1.295545 1.332000 0.297066 -1.085295 -2.087059
    9 4.890535 0.000000 -0.000001 -1.061560 0.292570 -0.487023
    10 9.685764 0.000000 0.000000 0.000000 0.000000 -0.433550
    11 9.256790 -0.000007 -0.000023 2.269951 0.070881 -0.023301
    12 -3.219585 0.000000 0.000000 -0.784213 -0.490170 -2.221888
    13 9.256779 -0.000004 0.000011 -1.664333 0.118752 -0.084492
    14 16.283249 0.000000 0.000000 0.000000 0.000000 0.810599
    15 4.753334 0.000000 0.000000 3.005962 0.096491 0.245931
    16 3.962090 0.000000 0.000000 -0.140669 -0.158866 0.436939
    17 16.291077 0.000000 0.000000 0.000000 0.000000 2.152528
    18 14.875347 0.000000 0.000000 0.233800 -0.229297 -1.005465
    19 5.277816 0.000000 0.000001 -0.111815 0.023766 -0.490584
    20 3.219585 0.000000 0.000000 -2.095614 0.302657 -1.575995
    21 16.283253 0.000000 0.000000 0.000000 0.000000 0.025208
    22 16.291080 0.000000 0.000001 0.000000 0.000000 0.000000
    23 14.875350 0.000000 0.000000 -0.246344 0.037620 -0.595234
    24 5.277817 0.000000 0.000000 0.020287 -0.027702 -0.555462
    25 2.660156 0.004799 -1.311523 0.204923 0.143299 -0.226648
    26 1.340820 0.000000 0.000000 0.011404 0.016672 -0.599950
    27 0.717773 -0.000002 -0.000001 -0.054473 -0.175380 -0.302889
    28 2.933594 0.180298 -0.485352 0.197828 0.103894 -0.292786
    29 1.604492 0.000002 0.000000 -0.051969 -0.088374 -0.532552
    30 0.857929 0.000002 0.000000 0.002415 0.009757 -0.242679
    31 3.169922 0.097046 0.363525 0.187209 0.067909 -0.258128
    32 1.909180 0.000001 0.000000 -0.042077 -0.053977 -0.662652
    33 1.023438 -0.000002 0.000000 0.001897 0.012019 -0.156562
    34 3.269531 -0.140869 1.259766 0.180672 0.034142 -0.204037
    35 1.509766 -0.000001 -0.000001 0.051327 0.064037 -0.676424
    36 0.883299 -0.000002 0.000000 0.001277 0.038560 -0.033101
    37 0.948242 -1.142578 0.871582 1.693884 -0.344469 -0.124089
    38 1.629883 -0.000001 0.000001 0.000014 -0.188062 -0.185216
    39 1.085938 0.000000 -0.000002 0.000000 -0.040646 0.196333
    40 4.976479 0.000000 0.000004 0.318506 0.000000 0.000000
    41 9.952959 0.000000 0.000006 0.637738 0.000000 0.000000
    42 9.877266 0.000000 0.000002 0.000000 0.000000 -0.315009
    43 2.660156 0.000057 1.311523 -0.201327 -0.143306 -0.226689
    44 1.340820 0.000002 0.000001 -0.011404 -0.016672 -0.599950
    45 0.717773 0.000002 -0.000002 0.054473 0.175380 -0.302889
    46 2.935547 0.178589 0.486084 -0.194226 -0.103877 -0.292835
    47 1.604492 0.000001 0.000000 0.051969 0.088374 -0.532552
    48 0.857933 -0.000001 0.000000 -0.002415 -0.009757 -0.242679
    49 3.169922 0.098328 -0.363281 -0.183626 -0.067869 -0.258123
    50 1.909180 0.000000 0.000000 0.042077 0.053977 -0.662652
    51 1.023438 0.000001 0.000000 -0.001897 -0.012019 -0.156562
    52 3.271484 -0.136353 -1.259766 -0.177006 -0.034199 -0.204061
    53 1.509766 0.000003 0.000000 -0.051327 -0.064037 -0.676425
    54 0.883297 0.000000 0.000000 -0.001277 -0.038560 -0.033101
    55 0.948242 -1.139648 -0.875977 -1.690135 0.344972 -0.122837
    56 1.629883 0.000001 -0.000002 -0.000014 0.188062 -0.185216
    57 1.085938 0.000000 0.000002 0.000000 0.040646 0.196333
    58 9.952957 -0.000001 -0.000004 -0.008892 0.000000 0.000000
    59 4.976482 0.000000 -0.000002 -0.004662 0.000000 0.000000
    60 9.877266 0.000000 0.000000 0.000000 0.000000 -0.371697
    61 7.023271 -6.880002 4.339546 2.620672 -1.456011 -1.105365
    62 3.813801 -3.870655 0.998562 1.570796 -1.069638 0.199892
    63 0.000000 -0.000007 -0.000031 1.373047 0.113574 0.124314
    64 0.000000 -0.000007 -0.000031 1.373047 0.113574 0.124314
    65 2.685547 -1.180664 0.106812 1.364989 -0.517251 2.629313
    66 2.535156 -1.363281 -0.864258 -1.501147 -0.272558 -1.578261
    67 0.000000 0.000000 10.000000 0.000000 0.000000 0.000000
    68 0.018898 0.665159 9.395884 0.000000 0.000000 0.000000
    69 2.000000 -3.000000 0.000000 -1.570796 0.000000 -1.326450
    70 3.028210 -0.923409 -2.009451 1.574082 -0.012974 1.587243
    71 0.116953 4.311606 0.061859 0.000010 -0.000001 0.000000
    72 0.000000 -0.000002 0.000000 0.000000 0.000000 0.000000
    73 -0.000002 1.000000 0.000009 0.000000 0.000000 0.000000
    74 0.000000 0.000000 0.000000 0.000000 0.000000 0.000000
    75 0.000000 0.000000 0.000000 0.000000 0.000000 0.000000
    76 0.000000 0.000000 0.000000 0.000000 0.000000 0.000000
time 62
    0 6.700341 36.286863 6.015625 -0.024691 -0.756690 -0.233002
    1 0.000000 3.591042 -0.015921 1.630741 -0.045180 1.791258
    2 3.548302 0.000000 0.000000 0.073551 0.049910 0.005380
    3 3.284046 0.000001 0.000000 0.102116 0.057841 0.066526
    4 5.062389 -0.000001 0.000000 0.128224 -0.123187 0.357596
    5 3.610073 1.295546 -1.332000 -0.575028 1.328346 -2.258955
    6 4.890536 0.000004 0.000000 3.013346 0.404903 -0.132633
    7 9.685764 0.000000 -0.000004 0.000000 0.000000 -0.525268
    8 3.610065 1.295545 1.332000 0.309064 -1.082151 -2.096332
    9 4.890535 0.000000 -0.000001 -1.187401 0.266446 -0.500230
    10 9.685764 0.000000 0.000000 0.000000 0.000000 -0.387432
    11 9.256790 -0.000007 -0.000023 2.302103 0.109664 -0.054941
    12 -3.219585 0.000000 0.000000 -0.739252 -0.508278 -2.239676
    13 9.256779 -0.000004 0.000011 -1.665338 0.116106 -0.101701
    14 16.283249 0.000000 0.000000 0.000000 0.000000 0.810599
    15 4.753334 0.000000 0.000000 3.015806 0.094304 0.232230
    16 3.962090 0.000000 0.000000 -0.132821 -0.150737 0.432410
    17 16.291077 0.000000 0.000000 0.000000 0.000000 2.158995
    18 14.875347 0.000000 0.000000 0.229435 -0.217491 -1.001726
    19 5.277816 0.000000 0.000001 -0.111762 0.023853 -0.480791
    20 3.219585 0.000000 0.000000 -2.131162 0.245610 -1.506781
    21 16.283253 0.000000 0.000000 0.000000 0.000000 0.056206
    22 16.291080 0.000000 0.000001 0.000000 0.000000 0.063374
    23 14.875350 0.000000 0.000000 -0.248156 0.078412 -0.571363
    24 5.277817 0.000000 0.000000 0.020272 -0.027650 -0.550076
    25 2.660156 0.004799 -1.311523 0.204923 0.143299 -0.226648
    26 1.340820 0.000000 0.000000 0.011404 0.016672 -0.599950
    27 0.717773 -0.000002 -0.000001 -0.054473 -0.175380 -0.302889
    28 2.933594 0.180298 -0.485352 0.197828 0.103894 -0.292786
    29 1.604492 0.000002 0.000000 -0.051969 -0.088374 -0.532552
    30 0.857929 0.000002 0.000000 0.002415 0.009757 -0.242679
    31 3.169922 0.097046 0.363525 0.187209 0.067909 -0.258128
    32 1.909180 0.000001 0.000000 -0.042077 -0.053977 -0.662652
    33 1.023438 -0.000002 0.000000 0.001897 0.012019 -0.156562
    34 3.269531 -0.140869 1.259766 0.180672 0.034142 -0.204037
    35 1.509766 -0.000001 -0.000001 0.051327 0.064037 -0.676424
    36 0.883299 -0.000002 0.000000 0.001277 0.038560 -0.033101
    37 0.948242 -1.142578 0.871582 1.693884 -0.344469 -0.124089
    38 1.629883 -0.000001 0.000001 0.000014 -0.188062 -0.185216
    39 1.085938 0.000000 -0.000002 0.000000 -0.040646 0.196333
    40 4.976479 0.000000 0.000004 0.335918 0.000000 0.000000
    41 9.952959 0.000000 0.000006 0.673939 0.000000 0.000000
    42 9.877266 0.000000 0.000002 0.000000 0.000000 -0.291867
    43 2.660156 0.000057 1.311523 -0.201327 -0.143306 -0.226689
    44 1.340820 0.000002 0.000001 -0.011404 -0.016672 -0.599950
    45 0.717773 0.000002 -0.000002 0.054473 0.175380 -0.302889
    46 2.935547 0.178589 0.486084 -0.194226 -0.103877 -0.292835
    47 1.604492 0.000001 0.000000 0.051969 0.088374 -0.532552
    48 0.857933 -0.000001 0.000000 -0.002415 -0.009757 -0.242679
    49 3.169922 0.098328 -0.363281 -0.183626 -0.067869 -0.258123
    50 1.909180 0.000000 0.000000 0.042077 0.053977 -0.662652
    51 1.023438 0.000001 0.000000 -0.001897 -0.012019 -0.156562
    52 3.271484 -0.136353 -1.259766 -0.177006 -0.034199 -0.204061
    53 1.509766 0.000003 0.000000 -0.051327 -0.064037 -0.676425
    54 0.883297 0.000000 0.000000 -0.001277 -0.038560 -0.033101
    55 0.948242 -1.139648 -0.875977 -1.690135 0.344972 -0.122837
    56 1.629883 0.000001 -0.000002 -0.000014 0.188062 -0.185216
    57 1.085938 0.000000 0.000002 0.000000 0.040646 0.196333
    58 9.952957 -0.000001 -0.000004 -0.008805 0.000000 0.000000
    59 4.976482 0.000000 -0.000002 -0.004662 0.000000 0.000000
    60 9.877266 0.000000 0.000000 0.000000 0.000000 -0.361162
    61 7.023271 -6.880002 4.339546 2.620672 -1.456011 -1.105365
    62 3.813801 -3.870655 0.998562 1.570796 -1.069638 0.199892
    63 0.000000 -0.000007 -0.000031 1.373047 0.113574 0.124314
    64 0.000000 -0.000007 -0.000031 1.373047 0.113574 0.124314
    65 2.685547 -1.180664 0.106812 1.364989 -0.517251 2.629313
    66 2.535156 -1.363281 -0.864258 -1.501147 -0.272558 -1.578261
    67 0.000000 0.000000 10.000000 0.000000 0.000000 0.000000
    68 0.018898 0.665159 9.395884 0.000000 0.000000 0.000000
    69 2.000000 -3.000000 0.000000 -1.570796 0.000000 -1.326450
    70 3.028210 -0.923409 -2.009451 1.574082 -0.012974 1.587243
    71 0.116953 4.311606 0.061859 0.000010 -0.000001 0.000000
    72 0.000000 -0.000002 0.000000 0.000000 0.000000 0.000000
    73 -0.000002 1.000000 0.000009 0.000000 0.000000 0.000000
    74 0.000000 0.000000 0.000000 0.000000 0.000000 0.000000
    75 0.000000 0.000000 0.000000 0.000000 0.000000 0.000000
    76 0.000000 0.000000 0.000000 0.000000 0.000000 0.000000
time 63
    0 6.900537 36.216551 5.910156 -0.001282 -0.727640 -0.235640
    1 0.000000 3.591042 -0.015921 1.624075 -0.030230 1.790384
    2 3.548302 0.000000 0.000000 0.070188 0.054100 0.001900
    3 3.284046 0.000001 0.000000 0.097726 0.058420 0.060971
    4 5.062389 -0.000001 0.000000 0.126179 -0.123854 0.353875
    5 3.610073 1.295546 -1.332000 -0.556903 1.330486 -2.237680
    6 4.890536 0.000004 0.000000 3.003079 0.393381 -0.134183
    7 9.685764 0.000000 -0.000004 0.000000 0.000000 -0.511426
    8 3.610065 1.295545 1.332000 0.314542 -1.074750 -2.099991
    9 4.890535 0.000000 -0.000001 -1.283731 0.212421 -0.517058
    10 9.685764 0.000000 0.000000 0.000000 0.000000 -0.296841
    11 9.256790 -0.000007 -0.000023 2.307558 0.136186 -0.114803
    12 -3.219585 0.000000 0.000000 -0.697293 -0.520226 -2.263577
    13 9.256779 -0.000004 0.000011 -1.667521 0.109458 -0.113504
    14 16.283249 0.000000 0.000000 0.000000 0.000000 0.810599
    15 4.753334 0.000000 0.000000 3.028688 0.086882 0.221540
    16 3.962090 0.000000 0.000000 -0.121944 -0.141960 0.426684
    17 16.291077 0.000000 0.000000 0.000000 0.000000 2.162518
    18 14.875347 0.000000 0.000000 0.229858 -0.207837 -0.994893
    19 5.277816 0.000000 0.000001 -0.111778 0.023825 -0.471182
    20 3.219585 0.000000 0.000000 -2.158310 0.161613 -1.426727
    21 16.283253 0.000000 0.000000 0.000000 0.000000 0.137107
    22 16.291080 0.000000 0.000001 0.000000 0.000000 0.227354
    23 14.875350 0.000000 0.000000 -0.261457 0.103624 -0.601761
    24 5.277817 0.000000 0.000000 0.020208 -0.027686 -0.561747
    25 2.660156 0.004799 -1.311523 0.204923 0.143299 -0.226648
    26 1.340820 0.000000 0.000000 0.011404 0.016672 -0.599950
    27 0.717773 -0.000002 -0.000001 -0.054473 -0.175380 -0.302889
    28 2.933594 0.180298 -0.485352 0.197828 0.103894 -0.292786
    29 1.604492 0.000002 0.000000 -0.051969 -0.088374 -0.532552
    30 0.857929 0.000002 0.000000 0.002415 0.009757 -0.242679
    31 3.169922 0.097046 0.363525 0.187209 0.067909 -0.258128
    32 1.909180 0.000001 0.000000 -0.042077 -0.053977 -0.662652
    33 1.023438 -0.000002 0.000000 0.001897 0.012019 -0.156562
    34 3.269531 -0.140869 1.259766 0.180672 0.034142 -0.204037
    35 1.509766 -0.000001 -0.000001 0.051327 0.064037 -0.676424
    36 0.883299 -0.000002 0.000000 0.001277 0.038560 -0.033101
    37 0.948242 -1.142578 0.871582 1.693884 -0.344469 -0.124089
    38 1.629883 -0.000001 0.000001 0.000014 -0.188062 -0.185216
    39 1.085938 0.000000 -0.000002 0.000000 -0.040646 0.196333
    40 4.976479 0.000000 0.000004 0.341172 0.000000 0.000000
    41 9.952959 0.000000 0.000006 0.684834 0.000000 0.000000
    42 9.877266 0.000000 0.000002 0.000000 0.000000 -0.246480
    43 2.660156 0.000057 1.311523 -0.201327 -0.143306 -0.226689
    44 1.340820 0.000002 0.000001 -0.011404 -0.016672 -0.599950
    45 0.717773 0.000002 -0.000002 0.054473 0.175380 -0.302889
    46 2.935547 0.178589 0.486084 -0.194226 -0.103877 -0.292835
    47 1.604492 0.000001 0.000000 0.051969 0.088374 -0.532552
    48 0.857933 -0.000001 0.000000 -0.002415 -0.009757 -0.242679
    49 3.169922 0.098328 -0.363281 -0.183626 -0.067869 -0.258123
    50 1.909180 0.000000 0.000000 0.042077 0.053977 -0.662652
    51 1.023438 0.000001 0.000000 -0.001897 -0.012019 -0.156562
    52 3.271484 -0.136353 -1.259766 -0.177006 -0.034199 -0.204061
    53 1.509766 0.000003 0.000000 -0.051327 -0.064037 -0.676425
    54 0.883297 0.000000 0.000000 -0.001277 -0.038560 -0.033101
    55 0.948242 -1.139648 -0.875977 -1.690135 0.344972 -0.122837
    56 1.629883 0.000001 -0.000002 -0.000014 0.188062 -0.185216
    57 1.085938 0.000000 0.000002 0.000000 0.040646 0.196333
    58 9.952957 -0.000001 -0.000004 -0.010704 0.000000 0.000000
    59 4.976482 0.000000 -0.000002 -0.005698 0.000000 0.000000
    60 9.877266 0.000000 0.000000 0.000000 0.000000 -0.354144
    61 7.023271 -6.880002 4.339546 2.620672 -1.456011 -1.105365
    62 3.813801 -3.870655 0.998562 1.570796 -1.069638 0.199892
    63 0.000000 -0.000007 -0.000031 1.373047 0.113574 0.124314
    64 0.000000 -0.000007 -0.000031 1.373047 0.113574 0.124314
    65 2.685547 -1.180664 0.106812 1.364989 -0.517251 2.629313
    66 2.535156 -1.363281 -0.864258 -1.501147 -0.272558 -1.578261
    67 0.000000 0.000000 10.000000 0.000000 0.000000 0.000000
    68 0.018898 0.665159 9.395884 0.000000 0.000000 0.000000
    69 2.000000 -3.000000 0.000000 -1.570796 0.000000 -1.326450
    70 3.028210 -0.923409 -2.009451 1.574082 -0.012974 1.587243
    71 0.116953 4.311606 0.061859 0.000010 -0.000001 0.000000
    72 0.000000 -0.000002 0.000000 0.000000 0.000000 0.000000
    73 -0.000002 1.000000 0.000009 0.000000 0.000000 0.000000
    74 0.000000 0.000000 0.000000 0.000000 0.000000 0.000000
    75 0.000000 0.000000 0.000000 0.000000 0.000000 0.000000
    76 0.000000 0.000000 0.000000 0.000000 0.000000 0.000000
time 64
    0 7.155419 36.200926 5.828125 0.009007 -0.694723 -0.226034
    1 0.000000 3.591042 -0.015921 1.617810 -0.019240 1.782745
    2 3.548302 0.000000 0.000000 0.066123 0.057926 -0.001454
    3 3.284046 0.000001 0.000000 0.091908 0.060122 0.055769
    4 5.062389 -0.000001 0.000000 0.122085 -0.120637 0.350106
    5 3.610073 1.295546 -1.332000 -0.518822 1.335891 -2.194974
    6 4.890536 0.000004 0.000000 3.005317 0.377928 -0.129562
    7 9.685764 0.000000 -0.000004 0.000000 0.000000 -0.482480
    8 3.610065 1.295545 1.332000 0.312129 -1.063579 -2.096161
    9 4.890535 0.000000 -0.000001 -1.326857 0.191345 -0.518313
    10 9.685764 0.000000 0.000000 0.000000 0.000000 -0.276693
    11 9.256790 -0.000007 -0.000023 2.308285 0.143205 -0.140202
    12 -3.219585 0.000000 0.000000 -0.661331 -0.526260 -2.294551
    13 9.256779 -0.000004 0.000011 -1.672654 0.092268 -0.132427
    14 16.283249 0.000000 0.000000 0.000000 0.000000 0.810599
    15 4.753334 0.000000 0.000000 3.042242 0.079819 0.212706
    16 3.962090 0.000000 0.000000 -0.103152 -0.127417 0.419644
    17 16.291077 0.000000 0.000000 0.000000 0.000000 2.163594
    18 14.875347 0.000000 0.000000 0.231510 -0.204005 -0.990760
    19 5.277816 0.000000 0.000001 -0.111828 0.023848 -0.458835
    20 3.219585 0.000000 0.000000 -2.207246 0.148984 -1.407227
    21 16.283253 0.000000 0.000000 0.000000 0.000000 0.169575
    22 16.291080 0.000000 0.000001 0.000000 0.000000 0.292565
    23 14.875350 0.000000 0.000000 -0.319138 0.114529 -0.557599
    24 5.277817 0.000000 0.000000 0.020220 -0.027705 -0.572809
    25 2.660156 0.004799 -1.311523 0.204923 0.143299 -0.226648
    26 1.340820 0.000000 0.000000 0.011404 0.016672 -0.599950
    27 0.717773 -0.000002 -0.000001 -0.054473 -0.175380 -0.302889
    28 2.933594 0.180298 -0.485352 0.197828 0.103894 -0.292786
    29 1.604492 0.000002 0.000000 -0.051969 -0.088374 -0.532552
    30 0.857929 0.000002 0.000000 0.002415 0.009757 -0.242679
    31 3.169922 0.097046 0.363525 0.187209 0.067909 -0.258128
    32 1.909180 0.000001 0.000000 -0.042077 -0.053977 -0.662652
    33 1.023438 -0.000002 0.000000 0.001897 0.012019 -0.156562
    34 3.269531 -0.140869 1.259766 0.180672 0.034142 -0.204037
    35 1.509766 -0.000001 -0.000001 0.051327 0.064037 -0.676424
    36 0.883299 -0.000002 0.000000 0.001277 0.038560 -0.033101
    37 0.948242 -1.142578 0.871582 1.693884 -0.344469 -0.124089
    38 1.629883 -0.000001 0.000001 0.000014 -0.188062 -0.185216
    39 1.085938 0.000000 -0.000002 0.000000 -0.040646 0.196333
    40 4.976479 0.000000 0.000004 0.342662 0.000000 0.000000
    41 9.952959 0.000000 0.000006 0.687951 0.000000 0.000000
    42 9.877266 0.000000 0.000002 0.000000 0.000000 -0.236480
    43 2.660156 0.000057 1.311523 -0.201327 -0.143306 -0.226689
    44 1.340820 0.000002 0.000001 -0.011404 -0.016672 -0.599950
    45 0.717773 0.000002 -0.000002 0.054473 0.175380 -0.302889
    46 2.935547 0.178589 0.486084 -0.194226 -0.103877 -0.292835
    47 1.604492 0.000001 0.000000 0.051969 0.088374 -0.532552
    48 0.857933 -0.000001 0.000000 -0.002415 -0.009757 -0.242679
    49 3.169922 0.098328 -0.363281 -0.183626 -0.067869 -0.258123
    50 1.909180 0.000000 0.000000 0.042077 0.053977 -0.662652
    51 1.023438 0.000001 0.000000 -0.001897 -0.012019 -0.156562
    52 3.271484 -0.136353 -1.259766 -0.177006 -0.034199 -0.204061
    53 1.509766 0.000003 0.000000 -0.051327 -0.064037 -0.676425
    54 0.883297 0.000000 0.000000 -0.001277 -0.038560 -0.033101
    55 0.948242 -1.139648 -0.875977 -1.690135 0.344972 -0.122837
    56 1.629883 0.000001 -0.000002 -0.000014 0.188062 -0.185216
    57 1.085938 0.000000 0.000002 0.000000 0.040646 0.196333
    58 9.952957 -0.000001 -0.000004 -0.016229 0.000000 0.000000
    59 4.976482 0.000000 -0.000002 -0.008546 0.000000 0.000000
    60 9.877266 0.000000 0.000000 0.000000 0.000000 -0.339596
    61 7.023271 -6.880002 4.339546 2.620672 -1.456011 -1.105365
    62 3.813801 -3.870655 0.998562 1.570796 -1.069638 0.199892
    63 0.000000 -0.000007 -0.000031 1.373047 0.113574 0.124314
    64 0.000000 -0.000007 -0.000031 1.373047 0.113574 0.124314
    65 2.685547 -1.180664 0.106812 1.364989 -0.517251 2.629313
    66 2.535156 -1.363281 -0.864258 -1.501147 -0.272558 -1.578261
    67 0.000000 0.000000 10.000000 0.000000 0.000000 0.000000
    68 0.018898 0.665159 9.395884 0.000000 0.000000 0.000000
    69 2.000000 -3.000000 0.000000 -1.570796 0.000000 -1.326450
    70 3.028210 -0.923409 -2.009451 1.574082 -0.012974 1.587243
    71 0.116953 4.311606 0.061859 0.000010 -0.000001 0.000000
    72 0.000000 -0.000002 0.000000 0.000000 0.000000 0.000000
    73 -0.000002 1.000000 0.000009 0.000000 0.000000 0.000000
    74 0.000000 0.000000 0.000000 0.000000 0.000000 0.000000
    75 0.000000 0.000000 0.000000 0.000000 0.000000 0.000000
    76 0.000000 0.000000 0.000000 0.000000 0.000000 0.000000
time 65
    0 7.434716 36.216551 5.722656 0.019808 -0.658541 -0.216822
    1 0.000000 3.591042 -0.015921 1.612008 -0.007623 1.775190
    2 3.548302 0.000000 0.000000 0.061778 0.062351 -0.005072
    3 3.284046 0.000001 0.000000 0.085792 0.063787 0.050636
    4 5.062389 -0.000001 0.000000 0.117264 -0.113959 0.346181
    5 3.610073 1.295546 -1.332000 -0.448677 1.341539 -2.119380
    6 4.890536 0.000004 0.000000 3.013920 0.365236 -0.120930
    7 9.685764 0.000000 -0.000004 0.000000 0.000000 -0.447350
    8 3.610065 1.295545 1.332000 0.300246 -1.049561 -2.084549
    9 4.890535 0.000000 -0.000001 -1.315474 0.205440 -0.509542
    10 9.685764 0.000000 0.000000 0.000000 0.000000 -0.338632
    11 9.256790 -0.000007 -0.000023 2.312180 0.138623 -0.116681
    12 -3.219585 0.000000 0.000000 -0.626347 -0.530389 -2.322972
    13 9.256779 -0.000004 0.000011 -1.673451 0.071192 -0.148615
    14 16.283249 0.000000 0.000000 0.000000 0.000000 0.810599
    15 4.753334 0.000000 0.000000 3.054774 0.078160 0.202775
    16 3.962090 0.000000 0.000000 -0.080294 -0.106071 0.417638
    17 16.291077 0.000000 0.000000 0.000000 0.000000 2.162323
    18 14.875347 0.000000 0.000000 0.239752 -0.204066 -0.985524
    19 5.277816 0.000000 0.000001 -0.111806 0.023850 -0.447212
    20 3.219585 0.000000 0.000000 -2.278016 0.158520 -1.406315
    21 16.283253 0.000000 0.000000 0.000000 0.000000 0.156150
    22 16.291080 0.000000 0.000001 0.000000 0.000000 0.265628
    23 14.875350 0.000000 0.000000 -0.400271 0.093553 -0.445102
    24 5.277817 0.000000 0.000000 0.020255 -0.027688 -0.559143
    25 2.660156 0.004799 -1.311523 0.204923 0.143299 -0.226648
    26 1.340820 0.000000 0.000000 0.011404 0.016672 -0.599950
    27 0.717773 -0.000002 -0.000001 -0.054473 -0.175380 -0.302889
    28 2.933594 0.180298 -0.485352 0.197828 0.103894 -0.292786
    29 1.604492 0.000002 0.000000 -0.051969 -0.088374 -0.532552
    30 0.857929 0.000002 0.000000 0.002415 0.009757 -0.242679
    31 3.169922 0.097046 0.363525 0.187209 0.067909 -0.258128
    32 1.909180 0.000001 0.000000 -0.042077 -0.053977 -0.662652
    33 1.023438 -0.000002 0.000000 0.001897 0.012019 -0.156562
    34 3.269531 -0.140869 1.259766 0.180672 0.034142 -0.204037
    35 1.509766 -0.000001 -0.000001 0.051327 0.064037 -0.676424
    36 0.883299 -0.000002 0.000000 0.001277 0.038560 -0.033101
    37 0.948242 -1.142578 0.871582 1.693884 -0.344469 -0.124089
    38 1.629883 -0.000001 0.000001 0.000014 -0.188062 -0.185216
    39 1.085938 0.000000 -0.000002 0.000000 -0.040646 0.196333
    40 4.976479 0.000000 0.000004 0.343625 0.000000 0.000000
    41 9.952959 0.000000 0.000006 0.689969 0.000000 0.000000
    42 9.877266 0.000000 0.000002 0.000000 0.000000 -0.267370
    43 2.660156 0.000057 1.311523 -0.201327 -0.143306 -0.226689
    44 1.340820 0.000002 0.000001 -0.011404 -0.016672 -0.599950
    45 0.717773 0.000002 -0.000002 0.054473 0.175380 -0.302889
    46 2.935547 0.178589 0.486084 -0.194226 -0.103877 -0.292835
    47 1.604492 0.000001 0.000000 0.051969 0.088374 -0.532552
    48 0.857933 -0.000001 0.000000 -0.002415 -0.009757 -0.242679
    49 3.169922 0.098328 -0.363281 -0.183626 -0.067869 -0.258123
    50 1.909180 0.000000 0.000000 0.042077 0.053977 -0.662652
    51 1.023438 0.000001 0.000000 -0.001897 -0.012019 -0.156562
    52 3.271484 -0.136353 -1.259766 -0.177006 -0.034199 -0.204061
    53 1.509766 0.000003 0.000000 -0.051327 -0.064037 -0.676425
    54 0.883297 0.000000 0.000000 -0.001277 -0.038560 -0.033101
    55 0.948242 -1.139648 -0.875977 -1.690135 0.344972 -0.122837
    56 1.629883 0.000001 -0.000002 -0.000014 0.188062 -0.185216
    57 1.085938 0.000000 0.000002 0.000000 0.040646 0.196333
    58 9.952957 -0.000001 -0.000004 -0.018733 0.000000 0.000000
    59 4.976482 0.000000 -0.000002 -0.009928 0.000000 0.000000
    60 9.877266 0.000000 0.000000 0.000000 0.000000 -0.321917
    61 7.023271 -6.880002 4.339546 2.620672 -1.456011 -1.105365
    62 3.813801 -3.870655 0.998562 1.570796 -1.069638 0.199892
    63 0.000000 -0.000007 -0.000031 1.373047 0.113574 0.124314
    64 0.000000 -0.000007 -0.000031 1.373047 0.113574 0.124314
    65 2.685547 -1.180664 0.106812 1.364989 -0.517251 2.629313
    66 2.535156 -1.363281 -0.864258 -1.501147 -0.272558 -1.578261
    67 0.000000 0.000000 10.000000 0.000000 0.000000 0.000000
    68 0.018898 0.665159 9.395884 0.000000 0.000000 0.000000
    69 2.000000 -3.000000 0.000000 -1.570796 0.000000 -1.326450
    70 3.028210 -0.923409 -2.009451 1.574082 -0.012974 1.587243
    71 0.116953 4.311606 0.061859 0.000010 -0.000001 0.000000
    72 0.000000 -0.000002 0.000000 0.000000 0.000000 0.000000
    73 -0.000002 1.000000 0.000009 0.000000 0.000000 0.000000
    74 0.000000 0.000000 0.000000 0.000000 0.000000 0.000000
    75 0.000000 0.000000 0.000000 0.000000 0.000000 0.000000
    76 0.000000 0.000000 0.000000 0.000000 0.000000 0.000000
time 66
    0 7.706201 36.236082 5.585938 0.034233 -0.621010 -0.214590
    1 0.000000 3.591042 -0.015921 1.607623 0.004488 1.774484
    2 3.548302 0.000000 0.000000 0.057926 0.065651 -0.009071
    3 3.284046 0.000001 0.000000 0.079854 0.068011 0.045771
    4 5.062389 -0.000001 0.000000 0.112364 -0.103517 0.342239
    5 3.610073 1.295546 -1.332000 -0.352298 1.346149 -2.017671
    6 4.890536 0.000004 0.000000 3.023938 0.353834 -0.117283
    7 9.685764 0.000000 -0.000004 0.000000 0.000000 -0.432312
    8 3.610065 1.295545 1.332000 0.286893 -1.037714 -2.071704
    9 4.890535 0.000000 -0.000001 -1.279011 0.200122 -0.507786
    10 9.685764 0.000000 0.000000 0.000000 0.000000 -0.371083
    11 9.256790 -0.000007 -0.000023 2.312805 0.131700 -0.103916
    12 -3.219585 0.000000 0.000000 -0.597785 -0.534970 -2.338513
    13 9.256779 -0.000004 0.000011 -1.666133 0.048103 -0.146255
    14 16.283249 0.000000 0.000000 0.000000 0.000000 0.810599
    15 4.753334 0.000000 0.000000 3.065073 0.078374 0.196001
    16 3.962090 0.000000 0.000000 -0.056429 -0.086136 0.423210
    17 16.291077 0.000000 0.000000 0.000000 0.000000 2.160072
    18 14.875347 0.000000 0.000000 0.258421 -0.208250 -0.989047
    19 5.277816 0.000000 0.000001 -0.111747 0.023806 -0.441624
    20 3.219585 0.000000 0.000000 -2.341369 0.179492 -1.425354
    21 16.283253 0.000000 0.000000 0.000000 0.000000 0.077799
    22 16.291080 0.000000 0.000001 0.000000 0.000000 0.107441
    23 14.875350 0.000000 0.000000 -0.421577 0.037302 -0.343663
    24 5.277817 0.000000 0.000000 0.020212 -0.027683 -0.562017
    25 2.660156 0.004799 -1.311523 0.204923 0.143299 -0.226648
    26 1.340820 0.000000 0.000000 0.011404 0.016672 -0.599950
    27 0.717773 -0.000002 -0.000001 -0.054473 -0.175380 -0.302889
    28 2.933594 0.180298 -0.485352 0.197828 0.103894 -0.292786
    29 1.604492 0.000002 0.000000 -0.051969 -0.088374 -0.532552
    30 0.857929 0.000002 0.000000 0.002415 0.009757 -0.242679
    31 3.169922 0.097046 0.363525 0.187209 0.067909 -0.258128
    32 1.909180 0.000001 0.000000 -0.042077 -0.053977 -0.662652
    33 1.023438 -0.000002 0.000000 0.001897 0.012019 -0.156562
    34 3.269531 -0.140869 1.259766 0.180672 0.034142 -0.204037
    35 1.509766 -0.000001 -0.000001 0.051327 0.064037 -0.676424
    36 0.883299 -0.000002 0.000000 0.001277 0.038560 -0.033101
    37 0.948242 -1.142578 0.871582 1.693884 -0.344469 -0.124089
    38 1.629883 -0.000001 0.000001 0.000014 -0.188062 -0.185216
    39 1.085938 0.000000 -0.000002 0.000000 -0.040646 0.196333
    40 4.976479 0.000000 0.000004 0.343275 0.000000 0.000000
    41 9.952959 0.000000 0.000006 0.689327 0.000000 0.000000
    42 9.877266 0.000000 0.000002 0.000000 0.000000 -0.283668
    43 2.660156 0.000057 1.311523 -0.201327 -0.143306 -0.226689
    44 1.340820 0.000002 0.000001 -0.011404 -0.016672 -0.599950
    45 0.717773 0.000002 -0.000002 0.054473 0.175380 -0.302889
    46 2.935547 0.178589 0.486084 -0.194226 -0.103877 -0.292835
    47 1.604492 0.000001 0.000000 0.051969 0.088374 -0.532552
    48 0.857933 -0.000001 0.000000 -0.002415 -0.009757 -0.242679
    49 3.169922 0.098328 -0.363281 -0.183626 -0.067869 -0.258123
    50 1.909180 0.000000 0.000000 0.042077 0.053977 -0.662652
    51 1.023438 0.000001 0.000000 -0.001897 -0.012019 -0.156562
    52 3.271484 -0.136353 -1.259766 -0.177006 -0.034199 -0.204061
    53 1.509766 0.000003 0.000000 -0.051327 -0.064037 -0.676425
    54 0.883297 0.000000 0.000000 -0.001277 -0.038560 -0.033101
    55 0.948242 -1.139648 -0.875977 -1.690135 0.344972 -0.122837
    56 1.629883 0.000001 -0.000002 -0.000014 0.188062 -0.185216
    57 1.085938 0.000000 0.000002 0.000000 0.040646 0.196333
    58 9.952957 -0.000001 -0.000004 -0.015194 0.000000 0.000000
    59 4.976482 0.000000 -0.000002 -0.008028 0.000000 0.000000
    60 9.877266 0.000000 0.000000 0.000000 0.000000 -0.314398
    61 7.023271 -6.880002 4.339546 2.620672 -1.456011 -1.105365
    62 3.813801 -3.870655 0.998562 1.570796 -1.069638 0.199892
    63 0.000000 -0.000007 -0.000031 1.373047 0.113574 0.124314
    64 0.000000 -0.000007 -0.000031 1.373047 0.113574 0.124314
    65 2.685547 -1.180664 0.106812 1.364989 -0.517251 2.629313
    66 2.535156 -1.363281 -0.864258 -1.501147 -0.272558 -1.578261
    67 0.000000 0.000000 10.000000 0.000000 0.000000 0.000000
    68 0.018898 0.665159 9.395884 0.000000 0.000000 0.000000
    69 2.000000 -3.000000 0.000000 -1.570796 0.000000 -1.326450
    70 3.028210 -0.923409 -2.009451 1.574082 -0.012974 1.587243
    71 0.116953 4.311606 0.061859 0.000010 -0.000001 0.000000
    72 0.000000 -0.000002 0.000000 0.000000 0.000000 0.000000
    73 -0.000002 1.000000 0.000009 0.000000 0.000000 0.000000
    74 0.000000 0.000000 0.000000 0.000000 0.000000 0.000000
    75 0.000000 0.000000 0.000000 0.000000 0.000000 0.000000
    76 0.000000 0.000000 0.000000 0.000000 0.000000 0.000000
time 67
    0 7.981591 36.247801 5.449219 0.047000 -0.583496 -0.215477
    1 0.000000 3.591042 -0.015921 1.604596 0.014976 1.779534
    2 3.548302 0.000000 0.000000 0.054924 0.066793 -0.013459
    3 3.284046 0.000001 0.000000 0.073989 0.071403 0.041544
    4 5.062389 -0.000001 0.000000 0.106587 -0.092939 0.338039
    5 3.610073 1.295546 -1.332000 -0.252154 1.348055 -1.913650
    6 4.890536 0.000004 0.000000 3.033328 0.344738 -0.118415
    7 9.685764 0.000000 -0.000004 0.000000 0.000000 -0.430103
    8 3.610065 1.295545 1.332000 0.270344 -1.027458 -2.057837
    9 4.890535 0.000000 -0.000001 -1.249333 0.179425 -0.515028
    10 9.685764 0.000000 0.000000 0.000000 0.000000 -0.375124
    11 9.256790 -0.000007 -0.000023 2.332201 0.130576 -0.100968
    12 -3.219585 0.000000 0.000000 -0.575358 -0.540656 -2.346811
    13 9.256779 -0.000004 0.000011 -1.646994 0.023898 -0.137493
    14 16.283249 0.000000 0.000000 0.000000 0.000000 0.810599
    15 4.753334 0.000000 0.000000 3.075072 0.081433 0.190622
    16 3.962090 0.000000 0.000000 -0.033886 -0.066077 0.427634
    17 16.291077 0.000000 0.000000 0.000000 0.000000 2.158604
    18 14.875347 0.000000 0.000000 0.298093 -0.215121 -1.002918
    19 5.277816 0.000000 0.000001 -0.111813 0.023769 -0.433741
    20 3.219585 0.000000 0.000000 -2.360682 0.186122 -1.438354
    21 16.283253 0.000000 0.000000 0.000000 0.000000 0.025208
    22 16.291080 0.000000 0.000001 0.000000 0.000000 0.000000
    23 14.875350 0.000000 0.000000 -0.404631 -0.020356 -0.367300
    24 5.277817 0.000000 0.000000 0.020215 -0.027644 -0.568219
    25 2.660156 0.004799 -1.311523 0.204923 0.143299 -0.226648
    26 1.340820 0.000000 0.000000 0.011404 0.016672 -0.599950
    27 0.717773 -0.000002 -0.000001 -0.054473 -0.175380 -0.302889
    28 2.933594 0.180298 -0.485352 0.197828 0.103894 -0.292786
    29 1.604492 0.000002 0.000000 -0.051969 -0.088374 -0.532552
    30 0.857929 0.000002 0.000000 0.002415 0.009757 -0.242679
    31 3.169922 0.097046 0.363525 0.187209 0.067909 -0.258128
    32 1.909180 0.000001 0.000000 -0.042077 -0.053977 -0.662652
    33 1.023438 -0.000002 0.000000 0.001897 0.012019 -0.156562
    34 3.269531 -0.140869 1.259766 0.180672 0.034142 -0.204037
    35 1.509766 -0.000001 -0.000001 0.051327 0.064037 -0.676424
    36 0.883299 -0.000002 0.000000 0.001277 0.038560 -0.033101
    37 0.948242 -1.142578 0.871582 1.693884 -0.344469 -0.124089
    38 1.629883 -0.000001 0.000001 0.000014 -0.188062 -0.185216
    39 1.085938 0.000000 -0.000002 0.000000 -0.040646 0.196333
    40 4.976479 0.000000 0.000004 0.353004 0.000000 0.000000
    41 9.952959 0.000000 0.000006 0.709450 0.000000 0.000000
    42 9.877266 0.000000 0.000002 0.000000 0.000000 -0.285673
    43 2.660156 0.000057 1.311523 -0.201327 -0.143306 -0.226689
    44 1.340820 0.000002 0.000001 -0.011404 -0.016672 -0.599950
    45 0.717773 0.000002 -0.000002 0.054473 0.175380 -0.302889
    46 2.935547 0.178589 0.486084 -0.194226 -0.103877 -0.292835
    47 1.604492 0.000001 0.000000 0.051969 0.088374 -0.532552
    48 0.857933 -0.000001 0.000000 -0.002415 -0.009757 -0.242679
    49 3.169922 0.098328 -0.363281 -0.183626 -0.067869 -0.258123
    50 1.909180 0.000000 0.000000 0.042077 0.053977 -0.662652
    51 1.023438 0.000001 0.000000 -0.001897 -0.012019 -0.156562
    52 3.271484 -0.136353 -1.259766 -0.177006 -0.034199 -0.204061
    53 1.509766 0.000003 0.000000 -0.051327 -0.064037 -0.676425
    54 0.883297 0.000000 0.000000 -0.001277 -0.038560 -0.033101
    55 0.948242 -1.139648 -0.875977 -1.690135 0.344972 -0.122837
    56 1.629883 0.000001 -0.000002 -0.000014 0.188062 -0.185216
    57 1.085938 0.000000 0.000002 0.000000 0.040646 0.196333
    58 9.952957 -0.000001 -0.000004 -0.000691 0.000000 0.000000
    59 4.976482 0.000000 -0.000002 -0.000345 0.000000 0.000000
    60 9.877266 0.000000 0.000000 0.000000 0.000000 -0.313261
    61 7.023271 -6.880002 4.339546 2.620672 -1.456011 -1.105365
    62 3.813801 -3.870655 0.998562 1.570796 -1.069638 0.199892
    63 0.000000 -0.000007 -0.000031 1.373047 0.113574 0.124314
    64 0.000000 -0.000007 -0.000031 1.373047 0.113574 0.124314
    65 2.685547 -1.180664 0.106812 1.364989 -0.517251 2.629313
    66 2.535156 -1.363281 -0.864258 -1.501147 -0.272558 -1.578261
    67 0.000000 0.000000 10.000000 0.000000 0.000000 0.000000
    68 0.018898 0.665159 9.395884 0.000000 0.000000 0.000000
    69 2.000000 -3.000000 0.000000 -1.570796 0.000000 -1.326450
    70 3.028210 -0.923409 -2.009451 1.574082 -0.012974 1.587243
    71 0.116953 4.311606 0.061859 0.000010 -0.000001 0.000000
    72 0.000000 -0.000002 0.000000 0.000000 0.000000 0.000000
    73 -0.000002 1.000000 0.000009 0.000000 0.000000 0.000000
    74 0.000000 0.000000 0.000000 0.000000 0.000000 0.000000
    75 0.000000 0.000000 0.000000 0.000000 0.000000 0.000000
    76 0.000000 0.000000 0.000000 0.000000 0.000000 0.000000
time 68
    0 8.256982 36.236082 5.355469 0.049222 -0.549654 -0.213839
    1 0.000000 3.591042 -0.015921 1.602574 0.019923 1.783437
    2 3.548302 0.000000 0.000000 0.053261 0.067640 -0.016516
    3 3.284046 0.000001 0.000000 0.069370 0.074439 0.038804
    4 5.062389 -0.000001 0.000000 0.100687 -0.083295 0.334549
    5 3.610073 1.295546 -1.332000 -0.154309 1.347590 -1.812677
    6 4.890536 0.000004 0.000000 3.046191 0.335375 -0.122883
    7 9.685764 0.000000 -0.000004 0.000000 0.000000 -0.424715
    8 3.610065 1.295545 1.332000 0.256531 -1.024391 -2.047481
    9 4.890535 0.000000 -0.000001 -1.238660 0.149056 -0.534262
    10 9.685764 0.000000 0.000000 0.000000 0.000000 -0.345728
    11 9.256790 -0.000007 -0.000023 2.367205 0.133335 -0.118148
    12 -3.219585 0.000000 0.000000 -0.561244 -0.544878 -2.357452
    13 9.256779 -0.000004 0.000011 -1.623196 0.000075 -0.127710
    14 16.283249 0.000000 0.000000 0.000000 0.000000 0.810599
    15 4.753334 0.000000 0.000000 3.082944 0.083986 0.185905
    16 3.962090 0.000000 0.000000 -0.015037 -0.049303 0.427614
    17 16.291077 0.000000 0.000000 0.000000 0.000000 2.158897
    18 14.875347 0.000000 0.000000 0.328742 -0.220390 -1.008324
    19 5.277816 0.000000 0.000001 -0.111817 0.023825 -0.426046
    20 3.219585 0.000000 0.000000 -2.324606 0.167182 -1.420842
    21 16.283253 0.000000 0.000000 0.000000 0.000000 0.025208
    22 16.291080 0.000000 0.000001 0.000000 0.000000 0.000000
    23 14.875350 0.000000 0.000000 -0.391470 -0.046479 -0.423739
    24 5.277817 0.000000 0.000000 0.020197 -0.027657 -0.566960
    25 2.660156 0.004799 -1.311523 0.204923 0.143299 -0.226648
    26 1.340820 0.000000 0.000000 0.011404 0.016672 -0.599950
    27 0.717773 -0.000002 -0.000001 -0.054473 -0.175380 -0.302889
    28 2.933594 0.180298 -0.485352 0.197828 0.103894 -0.292786
    29 1.604492 0.000002 0.000000 -0.051969 -0.088374 -0.532552
    30 0.857929 0.000002 0.000000 0.002415 0.009757 -0.242679
    31 3.169922 0.097046 0.363525 0.187209 0.067909 -0.258128
    32 1.909180 0.000001 0.000000 -0.042077 -0.053977 -0.662652
    33 1.023438 -0.000002 0.000000 0.001897 0.012019 -0.156562
    34 3.269531 -0.140869 1.259766 0.180672 0.034142 -0.204037
    35 1.509766 -0.000001 -0.000001 0.051327 0.064037 -0.676424
    36 0.883299 -0.000002 0.000000 0.001277 0.038560 -0.033101
    37 0.948242 -1.142578 0.871582 1.693884 -0.344469 -0.124089
    38 1.629883 -0.000001 0.000001 0.000014 -0.188062 -0.185216
    39 1.085938 0.000000 -0.000002 0.000000 -0.040646 0.196333
    40 4.976479 0.000000 0.000004 0.371258 0.000000 0.000000
    41 9.952959 0.000000 0.000006 0.747607 0.000000 0.000000
    42 9.877266 0.000000 0.000002 0.000000 0.000000 -0.270942
    43 2.660156 0.000057 1.311523 -0.201327 -0.143306 -0.226689
    44 1.340820 0.000002 0.000001 -0.011404 -0.016672 -0.599950
    45 0.717773 0.000002 -0.000002 0.054473 0.175380 -0.302889
    46 2.935547 0.178589 0.486084 -0.194226 -0.103877 -0.292835
    47 1.604492 0.000001 0.000000 0.051969 0.088374 -0.532552
    48 0.857933 -0.000001 0.000000 -0.002415 -0.009757 -0.242679
    49 3.169922 0.098328 -0.363281 -0.183626 -0.067869 -0.258123
    50 1.909180 0.000000 0.000000 0.042077 0.053977 -0.662652
    51 1.023438 0.000001 0.000000 -0.001897 -0.012019 -0.156562
    52 3.271484 -0.136353 -1.259766 -0.177006 -0.034199 -0.204061
    53 1.509766 0.000003 0.000000 -0.051327 -0.064037 -0.676425
    54 0.883297 0.000000 0.000000 -0.001277 -0.038560 -0.033101
    55 0.948242 -1.139648 -0.875977 -1.690135 0.344972 -0.122837
    56 1.629883 0.000001 -0.000002 -0.000014 0.188062 -0.185216
    57 1.085938 0.000000 0.000002 0.000000 0.040646 0.196333
    58 9.952957 -0.000001 -0.000004 0.018819 0.000000 0.000000
    59 4.976482 0.000000 -0.000002 0.010014 0.000000 0.000000
    60 9.877266 0.000000 0.000000 0.000000 0.000000 -0.310552
    61 7.023271 -6.880002 4.339546 2.620672 -1.456011 -1.105365
    62 3.813801 -3.870655 0.998562 1.570796 -1.069638 0.199892
    63 0.000000 -0.000007 -0.000031 1.373047 0.113574 0.124314
    64 0.000000 -0.000007 -0.000031 1.373047 0.113574 0.124314
    65 2.685547 -1.180664 0.106812 1.364989 -0.517251 2.629313
    66 2.535156 -1.363281 -0.864258 -1.501147 -0.272558 -1.578261
    67 0.000000 0.000000 10.000000 0.000000 0.000000 0.000000
    68 0.018898 0.665159 9.395884 0.000000 0.000000 0.000000
    69 2.000000 -3.000000 0.000000 -1.570796 0.000000 -1.326450
    70 3.028210 -0.923409 -2.009451 1.574082 -0.012974 1.587243
    71 0.116953 4.311606 0.061859 0.000010 -0.000001 0.000000
    72 0.000000 -0.000002 0.000000 0.000000 0.000000 0.000000
    73 -0.000002 1.000000 0.000009 0.000000 0.000000 0.000000
    74 0.000000 0.000000 0.000000 0.000000 0.000000 0.000000
    75 0.000000 0.000000 0.000000 0.000000 0.000000 0.000000
    76 0.000000 0.000000 0.000000 0.000000 0.000000 0.000000
time 69
    0 8.506982 36.212645 5.316406 0.043494 -0.521464 -0.209429
    1 0.000000 3.591042 -0.015921 1.601876 0.020420 1.785012
    2 3.548302 0.000000 0.000000 0.052151 0.068031 -0.018617
    3 3.284046 0.000001 0.000000 0.065461 0.076462 0.037254
    4 5.062389 -0.000001 0.000000 0.094116 -0.076796 0.332399
    5 3.610073 1.295546 -1.332000 -0.084354 1.344972 -1.740952
    6 4.890536 0.000004 0.000000 3.060300 0.325863 -0.125851
    7 9.685764 0.000000 -0.000004 0.000000 0.000000 -0.410860
    8 3.610065 1.295545 1.332000 0.248889 -1.030036 -2.043044
    9 4.890535 0.000000 -0.000001 -1.241410 0.123135 -0.554577
    10 9.685764 0.000000 0.000000 0.000000 0.000000 -0.306883
    11 9.256790 -0.000007 -0.000023 2.404516 0.136621 -0.145123
    12 -3.219585 0.000000 0.000000 -0.556262 -0.547454 -2.366470
    13 9.256779 -0.000004 0.000011 -1.597715 -0.020543 -0.121961
    14 16.283249 0.000000 0.000000 0.000000 0.000000 0.810599
    15 4.753334 0.000000 0.000000 3.087487 0.090771 0.186189
    16 3.962090 0.000000 0.000000 0.000012 -0.034459 0.428489
    17 16.291077 0.000000 0.000000 0.000000 0.000000 2.159974
    18 14.875347 0.000000 0.000000 0.345253 -0.219678 -1.009708
    19 5.277816 0.000000 0.000001 -0.111824 0.023830 -0.422597
    20 3.219585 0.000000 0.000000 -2.268859 0.162423 -1.412737
    21 16.283253 0.000000 0.000000 0.000000 0.000000 0.025208
    22 16.291080 0.000000 0.000001 0.000000 0.000000 0.000000
    23 14.875350 0.000000 0.000000 -0.379470 -0.044075 -0.454625
    24 5.277817 0.000000 0.000000 0.020276 -0.027700 -0.570920
    25 2.660156 0.004799 -1.311523 0.204923 0.143299 -0.226648
    26 1.340820 0.000000 0.000000 0.011404 0.016672 -0.599950
    27 0.717773 -0.000002 -0.000001 -0.054473 -0.175380 -0.302889
    28 2.933594 0.180298 -0.485352 0.197828 0.103894 -0.292786
    29 1.604492 0.000002 0.000000 -0.051969 -0.088374 -0.532552
    30 0.857929 0.000002 0.000000 0.002415 0.009757 -0.242679
    31 3.169922 0.097046 0.363525 0.187209 0.067909 -0.258128
    32 1.909180 0.000001 0.000000 -0.042077 -0.053977 -0.662652
    33 1.023438 -0.000002 0.000000 0.001897 0.012019 -0.156562
    34 3.269531 -0.140869 1.259766 0.180672 0.034142 -0.204037
    35 1.509766 -0.000001 -0.000001 0.051327 0.064037 -0.676424
    36 0.883299 -0.000002 0.000000 0.001277 0.038560 -0.033101
    37 0.948242 -1.142578 0.871582 1.693884 -0.344469 -0.124089
    38 1.629883 -0.000001 0.000001 0.000014 -0.188062 -0.185216
    39 1.085938 0.000000 -0.000002 0.000000 -0.040646 0.196333
    40 4.976479 0.000000 0.000004 0.391216 0.000000 0.000000
    41 9.952959 0.000000 0.000006 0.789043 0.000000 0.000000
    42 9.877266 0.000000 0.000002 0.000000 0.000000 -0.251526
    43 2.660156 0.000057 1.311523 -0.201327 -0.143306 -0.226689
    44 1.340820 0.000002 0.000001 -0.011404 -0.016672 -0.599950
    45 0.717773 0.000002 -0.000002 0.054473 0.175380 -0.302889
    46 2.935547 0.178589 0.486084 -0.194226 -0.103877 -0.292835
    47 1.604492 0.000001 0.000000 0.051969 0.088374 -0.532552
    48 0.857933 -0.000001 0.000000 -0.002415 -0.009757 -0.242679
    49 3.169922 0.098328 -0.363281 -0.183626 -0.067869 -0.258123
    50 1.909180 0.000000 0.000000 0.042077 0.053977 -0.662652
    51 1.023438 0.000001 0.000000 -0.001897 -0.012019 -0.156562
    52 3.271484 -0.136353 -1.259766 -0.177006 -0.034199 -0.204061
    53 1.509766 0.000003 0.000000 -0.051327 -0.064037 -0.676425
    54 0.883297 0.000000 0.000000 -0.001277 -0.038560 -0.033101
    55 0.948242 -1.139648 -0.875977 -1.690135 0.344972 -0.122837
    56 1.629883 0.000001 -0.000002 -0.000014 0.188062 -0.185216
    57 1.085938 0.000000 0.000002 0.000000 0.040646 0.196333
    58 9.952957 -0.000001 -0.000004 0.041957 0.000000 0.000000
    59 4.976482 0.000000 -0.000002 0.022359 0.000000 0.000000
    60 9.877266 0.000000 0.000000 0.000000 0.000000 -0.303564
    61 7.023271 -6.880002 4.339546 2.620672 -1.456011 -1.105365
    62 3.813801 -3.870655 0.998562 1.570796 -1.069638 0.199892
    63 0.000000 -0.000007 -0.000031 1.373047 0.113574 0.124314
    64 0.000000 -0.000007 -0.000031 1.373047 0.113574 0.124314
    65 2.685547 -1.180664 0.106812 1.364989 -0.517251 2.629313
    66 2.535156 -1.363281 -0.864258 -1.501147 -0.272558 -1.578261
    67 0.000000 0.000000 10.000000 0.000000 0.000000 0.000000
    68 0.018898 0.665159 9.395884 0.000000 0.000000 0.000000
    69 2.000000 -3.000000 0.000000 -1.570796 0.000000 -1.326450
    70 3.028210 -0.923409 -2.009451 1.574082 -0.012974 1.587243
    71 0.116953 4.311606 0.061859 0.000010 -0.000001 0.000000
    72 0.000000 -0.000002 0.000000 0.000000 0.000000 0.000000
    73 -0.000002 1.000000 0.000009 0.000000 0.000000 0.000000
    74 0.000000 0.000000 0.000000 0.000000 0.000000 0.000000
    75 0.000000 0.000000 0.000000 0.000000 0.000000 0.000000
    76 0.000000 0.000000 0.000000 0.000000 0.000000 0.000000
time 70
    0 8.717919 36.189207 5.312500 0.036034 -0.497166 -0.205115
    1 0.000000 3.591042 -0.015921 1.600432 0.019093 1.785319
    2 3.548302 0.000000 0.000000 0.050482 0.068206 -0.019360
    3 3.284046 0.000001 0.000000 0.061222 0.077242 0.036768
    4 5.062389 -0.000001 0.000000 0.086986 -0.072312 0.331733
    5 3.610073 1.295546 -1.332000 -0.042612 1.340171 -1.699372
    6 4.890536 0.000004 0.000000 3.070166 0.320638 -0.125632
    7 9.685764 0.000000 -0.000004 0.000000 0.000000 -0.398083
    8 3.610065 1.295545 1.332000 0.250081 -1.040294 -2.044458
    9 4.890535 0.000000 -0.000001 -1.241620 0.099418 -0.572055
    10 9.685764 0.000000 0.000000 0.000000 0.000000 -0.255616
    11 9.256790 -0.000007 -0.000023 2.423872 0.135402 -0.183983
    12 -3.219585 0.000000 0.000000 -0.558350 -0.547843 -2.369124
    13 9.256779 -0.000004 0.000011 -1.581636 -0.036065 -0.120701
    14 16.283249 0.000000 0.000000 0.000000 0.000000 0.810599
    15 4.753334 0.000000 0.000000 3.090649 0.099397 0.188488
    16 3.962090 0.000000 0.000000 0.008991 -0.023685 0.427734
    17 16.291077 0.000000 0.000000 0.000000 0.000000 2.161246
    18 14.875347 0.000000 0.000000 0.365753 -0.218067 -1.021470
    19 5.277816 0.000000 0.000001 -0.111821 0.023798 -0.411637
    20 3.219585 0.000000 0.000000 -2.239186 0.162180 -1.412753
    21 16.283253 0.000000 0.000000 0.000000 0.000000 0.025208
    22 16.291080 0.000000 0.000001 0.000000 0.000000 0.000000
    23 14.875350 0.000000 0.000000 -0.363946 -0.038397 -0.453416
    24 5.277817 0.000000 0.000000 0.020244 -0.027724 -0.568581
    25 2.660156 0.004799 -1.311523 0.204923 0.143299 -0.226648
    26 1.340820 0.000000 0.000000 0.011404 0.016672 -0.599950
    27 0.717773 -0.000002 -0.000001 -0.054473 -0.175380 -0.302889
    28 2.933594 0.180298 -0.485352 0.197828 0.103894 -0.292786
    29 1.604492 0.000002 0.000000 -0.051969 -0.088374 -0.532552
    30 0.857929 0.000002 0.000000 0.002415 0.009757 -0.242679
    31 3.169922 0.097046 0.363525 0.187209 0.067909 -0.258128
    32 1.909180 0.000001 0.000000 -0.042077 -0.053977 -0.662652
    33 1.023438 -0.000002 0.000000 0.001897 0.012019 -0.156562
    34 3.269531 -0.140869 1.259766 0.180672 0.034142 -0.204037
    35 1.509766 -0.000001 -0.000001 0.051327 0.064037 -0.676424
    36 0.883299 -0.000002 0.000000 0.001277 0.038560 -0.033101
    37 0.948242 -1.142578 0.871582 1.693884 -0.344469 -0.124089
    38 1.629883 -0.000001 0.000001 0.000014 -0.188062 -0.185216
    39 1.085938 0.000000 -0.000002 0.000000 -0.040646 0.196333
    40 4.976479 0.000000 0.000004 0.402222 0.000000 0.000000
    41 9.952959 0.000000 0.000006 0.812008 0.000000 0.000000
    42 9.877266 0.000000 0.000002 0.000000 0.000000 -0.225964
    43 2.660156 0.000057 1.311523 -0.201327 -0.143306 -0.226689
    44 1.340820 0.000002 0.000001 -0.011404 -0.016672 -0.599950
    45 0.717773 0.000002 -0.000002 0.054473 0.175380 -0.302889
    46 2.935547 0.178589 0.486084 -0.194226 -0.103877 -0.292835
    47 1.604492 0.000001 0.000000 0.051969 0.088374 -0.532552
    48 0.857933 -0.000001 0.000000 -0.002415 -0.009757 -0.242679
    49 3.169922 0.098328 -0.363281 -0.183626 -0.067869 -0.258123
    50 1.909180 0.000000 0.000000 0.042077 0.053977 -0.662652
    51 1.023438 0.000001 0.000000 -0.001897 -0.012019 -0.156562
    52 3.271484 -0.136353 -1.259766 -0.177006 -0.034199 -0.204061
    53 1.509766 0.000003 0.000000 -0.051327 -0.064037 -0.676425
    54 0.883297 0.000000 0.000000 -0.001277 -0.038560 -0.033101
    55 0.948242 -1.139648 -0.875977 -1.690135 0.344972 -0.122837
    56 1.629883 0.000001 -0.000002 -0.000014 0.188062 -0.185216
    57 1.085938 0.000000 0.000002 0.000000 0.040646 0.196333
    58 9.952957 -0.000001 -0.000004 0.056637 0.000000 0.000000
    59 4.976482 0.000000 -0.000002 0.030302 0.000000 0.000000
    60 9.877266 0.000000 0.000000 0.000000 0.000000 -0.297191
    61 7.023271 -6.880002 4.339546 2.620672 -1.456011 -1.105365
    62 3.813801 -3.870655 0.998562 1.570796 -1.069638 0.199892
    63 0.000000 -0.000007 -0.000031 1.373047 0.113574 0.124314
    64 0.000000 -0.000007 -0.000031 1.373047 0.113574 0.124314
    65 2.685547 -1.180664 0.106812 1.364989 -0.517251 2.629313
    66 2.535156 -1.363281 -0.864258 -1.501147 -0.272558 -1.578261
    67 0.000000 0.000000 10.000000 0.000000 0.000000 0.000000
    68 0.018898 0.665159 9.395884 0.000000 0.000000 0.000000
    69 2.000000 -3.000000 0.000000 -1.570796 0.000000 -1.326450
    70 3.028210 -0.923409 -2.009451 1.574082 -0.012974 1.587243
    71 0.116953 4.311606 0.061859 0.000010 -0.000001 0.000000
    72 0.000000 -0.000002 0.000000 0.000000 0.000000 0.000000
    73 -0.000002 1.000000 0.000009 0.000000 0.000000 0.000000
    74 0.000000 0.000000 0.000000 0.000000 0.000000 0.000000
    75 0.000000 0.000000 0.000000 0.000000 0.000000 0.000000
    76 0.000000 0.000000 0.000000 0.000000 0.000000 0.000000
time 71
    0 8.876122 36.177488 5.359375 0.027966 -0.479670 -0.198427
    1 0.000000 3.591042 -0.015921 1.598901 0.015300 1.783962
    2 3.548302 0.000000 0.000000 0.047724 0.067314 -0.019388
    3 3.284046 0.000001 0.000000 0.056537 0.075758 0.037060
    4 5.062389 -0.000001 0.000000 0.080541 -0.070968 0.331880
    5 3.610073 1.295546 -1.332000 -0.015739 1.333294 -1.673842
    6 4.890536 0.000004 0.000000 3.080732 0.322927 -0.120664
    7 9.685764 0.000000 -0.000004 0.000000 0.000000 -0.366428
    8 3.610065 1.295545 1.332000 0.258197 -1.046773 -2.050249
    9 4.890535 0.000000 -0.000001 -1.230690 0.083205 -0.576051
    10 9.685764 0.000000 0.000000 0.000000 0.000000 -0.221620
    11 9.256790 -0.000007 -0.000023 2.417690 0.128274 -0.218233
    12 -3.219585 0.000000 0.000000 -0.566928 -0.547139 -2.368529
    13 9.256779 -0.000004 0.000011 -1.581683 -0.047478 -0.151437
    14 16.283249 0.000000 0.000000 0.000000 0.000000 0.810599
    15 4.753334 0.000000 0.000000 3.093218 0.109639 0.187805
    16 3.962090 0.000000 0.000000 0.012826 -0.015845 0.425872
    17 16.291077 0.000000 0.000000 0.000000 0.000000 2.161638
    18 14.875347 0.000000 0.000000 0.384356 -0.217094 -1.035543
    19 5.277816 0.000000 0.000001 -0.111765 0.023778 -0.405631
    20 3.219585 0.000000 0.000000 -2.234197 0.164700 -1.421933
    21 16.283253 0.000000 0.000000 0.000000 0.000000 0.025208
    22 16.291080 0.000000 0.000001 0.000000 0.000000 0.000000
    23 14.875350 0.000000 0.000000 -0.375777 -0.025063 -0.427890
    24 5.277817 0.000000 0.000000 0.020240 -0.027691 -0.574249
    25 2.660156 0.004799 -1.311523 0.204923 0.143299 -0.226648
    26 1.340820 0.000000 0.000000 0.011404 0.016672 -0.599950
    27 0.717773 -0.000002 -0.000001 -0.054473 -0.175380 -0.302889
    28 2.933594 0.180298 -0.485352 0.197828 0.103894 -0.292786
    29 1.604492 0.000002 0.000000 -0.051969 -0.088374 -0.532552
    30 0.857929 0.000002 0.000000 0.002415 0.009757 -0.242679
    31 3.169922 0.097046 0.363525 0.187209 0.067909 -0.258128
    32 1.909180 0.000001 0.000000 -0.042077 -0.053977 -0.662652
    33 1.023438 -0.000002 0.000000 0.001897 0.012019 -0.156562
    34 3.269531 -0.140869 1.259766 0.180672 0.034142 -0.204037
    35 1.509766 -0.000001 -0.000001 0.051327 0.064037 -0.676424
    36 0.883299 -0.000002 0.000000 0.001277 0.038560 -0.033101
    37 0.948242 -1.142578 0.871582 1.693884 -0.344469 -0.124089
    38 1.629883 -0.000001 0.000001 0.000014 -0.188062 -0.185216
    39 1.085938 0.000000 -0.000002 0.000000 -0.040646 0.196333
    40 4.976479 0.000000 0.000004 0.399932 0.000000 0.000000
    41 9.952959 0.000000 0.000006 0.807124 0.000000 0.000000
    42 9.877266 0.000000 0.000002 0.000000 0.000000 -0.209117
    43 2.660156 0.000057 1.311523 -0.201327 -0.143306 -0.226689
    44 1.340820 0.000002 0.000001 -0.011404 -0.016672 -0.599950
    45 0.717773 0.000002 -0.000002 0.054473 0.175380 -0.302889
    46 2.935547 0.178589 0.486084 -0.194226 -0.103877 -0.292835
    47 1.604492 0.000001 0.000000 0.051969 0.088374 -0.532552
    48 0.857933 -0.000001 0.000000 -0.002415 -0.009757 -0.242679
    49 3.169922 0.098328 -0.363281 -0.183626 -0.067869 -0.258123
    50 1.909180 0.000000 0.000000 0.042077 0.053977 -0.662652
    51 1.023438 0.000001 0.000000 -0.001897 -0.012019 -0.156562
    52 3.271484 -0.136353 -1.259766 -0.177006 -0.034199 -0.204061
    53 1.509766 0.000003 0.000000 -0.051327 -0.064037 -0.676425
    54 0.883297 0.000000 0.000000 -0.001277 -0.038560 -0.033101
    55 0.948242 -1.139648 -0.875977 -1.690135 0.344972 -0.122837
    56 1.629883 0.000001 -0.000002 -0.000014 0.188062 -0.185216
    57 1.085938 0.000000 0.000002 0.000000 0.040646 0.196333
    58 9.952957 -0.000001 -0.000004 0.057328 0.000000 0.000000
    59 4.976482 0.000000 -0.000002 0.030647 0.000000 0.000000
    60 9.877266 0.000000 0.000000 0.000000 0.000000 -0.281313
    61 7.023271 -6.880002 4.339546 2.620672 -1.456011 -1.105365
    62 3.813801 -3.870655 0.998562 1.570796 -1.069638 0.199892
    63 0.000000 -0.000007 -0.000031 1.373047 0.113574 0.124314
    64 0.000000 -0.000007 -0.000031 1.373047 0.113574 0.124314
    65 2.685547 -1.180664 0.106812 1.364989 -0.517251 2.629313
    66 2.535156 -1.363281 -0.864258 -1.501147 -0.272558 -1.578261
    67 0.000000 0.000000 10.000000 0.000000 0.000000 0.000000
    68 0.018898 0.665159 9.395884 0.000000 0.000000 0.000000
    69 2.000000 -3.000000 0.000000 -1.570796 0.000000 -1.326450
    70 3.028210 -0.923409 -2.009451 1.574082 -0.012974 1.587243
    71 0.116953 4.311606 0.061859 0.000010 -0.000001 0.000000
    72 0.000000 -0.000002 0.000000 0.000000 0.000000 0.000000
    73 -0.000002 1.000000 0.000009 0.000000 0.000000 0.000000
    74 0.000000 0.000000 0.000000 0.000000 0.000000 0.000000
    75 0.000000 0.000000 0.000000 0.000000 0.000000 0.000000
    76 0.000000 0.000000 0.000000 0.000000 0.000000 0.000000
time 72
    0 8.958154 36.169676 5.402344 0.021319 -0.469310 -0.192250
    1 0.000000 3.591042 -0.015921 1.598256 0.012026 1.780169
    2 3.548302 0.000000 0.000000 0.045239 0.066157 -0.019065
    3 3.284046 0.000001 0.000000 0.052983 0.073813 0.037821
    4 5.062389 -0.000001 0.000000 0.077082 -0.068411 0.332852
    5 3.610073 1.295546 -1.332000 0.008522 1.326397 -1.651735
    6 4.890536 0.000004 0.000000 3.091866 0.327165 -0.107936
    7 9.685764 0.000000 -0.000004 0.000000 0.000000 -0.316845
    8 3.610065 1.295545 1.332000 0.262027 -1.048597 -2.052446
    9 4.890535 0.000000 -0.000001 -1.221786 0.073903 -0.576442
    10 9.685764 0.000000 0.000000 0.000000 0.000000 -0.205992
    11 9.256790 -0.000007 -0.000023 2.406512 0.122037 -0.238842
    12 -3.219585 0.000000 0.000000 -0.577990 -0.549111 -2.364333
    13 9.256779 -0.000004 0.000011 -1.580734 -0.064213 -0.201936
    14 16.283249 0.000000 0.000000 0.000000 0.000000 0.810599
    15 4.753334 0.000000 0.000000 3.093585 0.119741 0.186941
    16 3.962090 0.000000 0.000000 0.014682 -0.008907 0.424842
    17 16.291077 0.000000 0.000000 0.000000 0.000000 2.161931
    18 14.875347 0.000000 0.000000 0.391671 -0.213225 -1.045319
    19 5.277816 0.000000 0.000001 -0.111806 0.023799 -0.403427
    20 3.219585 0.000000 0.000000 -2.233065 0.169209 -1.431620
    21 16.283253 0.000000 0.000000 0.000000 0.000000 0.025208
    22 16.291080 0.000000 0.000001 0.000000 0.000000 0.000000
    23 14.875350 0.000000 0.000000 -0.390808 -0.001328 -0.412750
    24 5.277817 0.000000 0.000000 0.020254 -0.027652 -0.565073
    25 2.660156 0.004799 -1.311523 0.204923 0.143299 -0.226648
    26 1.340820 0.000000 0.000000 0.011404 0.016672 -0.599950
    27 0.717773 -0.000002 -0.000001 -0.054473 -0.175380 -0.302889
    28 2.933594 0.180298 -0.485352 0.197828 0.103894 -0.292786
    29 1.604492 0.000002 0.000000 -0.051969 -0.088374 -0.532552
    30 0.857929 0.000002 0.000000 0.002415 0.009757 -0.242679
    31 3.169922 0.097046 0.363525 0.187209 0.067909 -0.258128
    32 1.909180 0.000001 0.000000 -0.042077 -0.053977 -0.662652
    33 1.023438 -0.000002 0.000000 0.001897 0.012019 -0.156562
    34 3.269531 -0.140869 1.259766 0.180672 0.034142 -0.204037
    35 1.509766 -0.000001 -0.000001 0.051327 0.064037 -0.676424
    36 0.883299 -0.000002 0.000000 0.001277 0.038560 -0.033101
    37 0.948242 -1.142578 0.871582 1.693884 -0.344469 -0.124089
    38 1.629883 -0.000001 0.000001 0.000014 -0.188062 -0.185216
    39 1.085938 0.000000 -0.000002 0.000000 -0.040646 0.196333
    40 4.976479 0.000000 0.000004 0.394561 0.000000 0.000000
    41 9.952959 0.000000 0.000006 0.796061 0.000000 0.000000
    42 9.877266 0.000000 0.000002 0.000000 0.000000 -0.201307
    43 2.660156 0.000057 1.311523 -0.201327 -0.143306 -0.226689
    44 1.340820 0.000002 0.000001 -0.011404 -0.016672 -0.599950
    45 0.717773 0.000002 -0.000002 0.054473 0.175380 -0.302889
    46 2.935547 0.178589 0.486084 -0.194226 -0.103877 -0.292835
    47 1.604492 0.000001 0.000000 0.051969 0.088374 -0.532552
    48 0.857933 -0.000001 0.000000 -0.002415 -0.009757 -0.242679
    49 3.169922 0.098328 -0.363281 -0.183626 -0.067869 -0.258123
    50 1.909180 0.000000 0.000000 0.042077 0.053977 -0.662652
    51 1.023438 0.000001 0.000000 -0.001897 -0.012019 -0.156562
    52 3.271484 -0.136353 -1.259766 -0.177006 -0.034199 -0.204061
    53 1.509766 0.000003 0.000000 -0.051327 -0.064037 -0.676425
    54 0.883297 0.000000 0.000000 -0.001277 -0.038560 -0.033101
    55 0.948242 -1.139648 -0.875977 -1.690135 0.344972 -0.122837
    56 1.629883 0.000001 -0.000002 -0.000014 0.188062 -0.185216
    57 1.085938 0.000000 0.000002 0.000000 0.040646 0.196333
    58 9.952957 -0.000001 -0.000004 0.060092 0.000000 0.000000
    59 4.976482 0.000000 -0.000002 0.032115 0.000000 0.000000
    60 9.877266 0.000000 0.000000 0.000000 0.000000 -0.256486
    61 7.023271 -6.880002 4.339546 2.620672 -1.456011 -1.105365
    62 3.813801 -3.870655 0.998562 1.570796 -1.069638 0.199892
    63 0.000000 -0.000007 -0.000031 1.373047 0.113574 0.124314
    64 0.000000 -0.000007 -0.000031 1.373047 0.113574 0.124314
    65 2.685547 -1.180664 0.106812 1.364989 -0.517251 2.629313
    66 2.535156 -1.363281 -0.864258 -1.501147 -0.272558 -1.578261
    67 0.000000 0.000000 10.000000 0.000000 0.000000 0.000000
    68 0.018898 0.665159 9.395884 0.000000 0.000000 0.000000
    69 2.000000 -3.000000 0.000000 -1.570796 0.000000 -1.326450
    70 3.028210 -0.923409 -2.009451 1.574082 -0.012974 1.587243
    71 0.116953 4.311606 0.061859 0.000010 -0.000001 0.000000
    72 0.000000 -0.000002 0.000000 0.000000 0.000000 0.000000
    73 -0.000002 1.000000 0.000009 0.000000 0.000000 0.000000
    74 0.000000 0.000000 0.000000 0.000000 0.000000 0.000000
    75 0.000000 0.000000 0.000000 0.000000 0.000000 0.000000
    76 0.000000 0.000000 0.000000 0.000000 0.000000 0.000000
time 73
    0 8.965966 36.173582 5.433594 0.016855 -0.464017 -0.189445
    1 0.000000 3.591042 -0.015921 1.596660 0.010623 1.777493
    2 3.548302 0.000000 0.000000 0.043800 0.065522 -0.018349
    3 3.284046 0.000001 0.000000 0.051247 0.072185 0.038491
    4 5.062389 -0.000001 0.000000 0.076458 -0.065119 0.334117
    5 3.610073 1.295546 -1.332000 0.031845 1.321495 -1.630522
    6 4.890536 0.000004 0.000000 3.096123 0.333727 -0.099196
    7 9.685764 0.000000 -0.000004 0.000000 0.000000 -0.283319
    8 3.610065 1.295545 1.332000 0.256706 -1.046274 -2.049217
    9 4.890535 0.000000 -0.000001 -1.220310 0.066186 -0.578726
    10 9.685764 0.000000 0.000000 0.000000 0.000000 -0.188209
    11 9.256790 -0.000007 -0.000023 2.398754 0.120050 -0.248678
    12 -3.219585 0.000000 0.000000 -0.591090 -0.552353 -2.355630
    13 9.256779 -0.000004 0.000011 -1.580036 -0.082080 -0.236669
    14 16.283249 0.000000 0.000000 0.000000 0.000000 0.810599
    15 4.753334 0.000000 0.000000 3.093177 0.124858 0.188213
    16 3.962090 0.000000 0.000000 0.014239 -0.005635 0.425217
    17 16.291077 0.000000 0.000000 0.000000 0.000000 2.161148
    18 14.875347 0.000000 0.000000 0.393389 -0.212008 -1.048612
    19 5.277816 0.000000 0.000001 -0.111812 0.023770 -0.403955
    20 3.219585 0.000000 0.000000 -2.224102 0.173595 -1.437167
    21 16.283253 0.000000 0.000000 0.000000 0.000000 0.025208
    22 16.291080 0.000000 0.000001 0.000000 0.000000 0.000000
    23 14.875350 0.000000 0.000000 -0.397659 0.025056 -0.401837
    24 5.277817 0.000000 0.000000 0.020210 -0.027712 -0.572089
    25 2.660156 0.004799 -1.311523 0.204923 0.143299 -0.226648
    26 1.340820 0.000000 0.000000 0.011404 0.016672 -0.599950
    27 0.717773 -0.000002 -0.000001 -0.054473 -0.175380 -0.302889
    28 2.933594 0.180298 -0.485352 0.197828 0.103894 -0.292786
    29 1.604492 0.000002 0.000000 -0.051969 -0.088374 -0.532552
    30 0.857929 0.000002 0.000000 0.002415 0.009757 -0.242679
    31 3.169922 0.097046 0.363525 0.187209 0.067909 -0.258128
    32 1.909180 0.000001 0.000000 -0.042077 -0.053977 -0.662652
    33 1.023438 -0.000002 0.000000 0.001897 0.012019 -0.156562
    34 3.269531 -0.140869 1.259766 0.180672 0.034142 -0.204037
    35 1.509766 -0.000001 -0.000001 0.051327 0.064037 -0.676424
    36 0.883299 -0.000002 0.000000 0.001277 0.038560 -0.033101
    37 0.948242 -1.142578 0.871582 1.693884 -0.344469 -0.124089
    38 1.629883 -0.000001 0.000001 0.000014 -0.188062 -0.185216
    39 1.085938 0.000000 -0.000002 0.000000 -0.040646 0.196333
    40 4.976479 0.000000 0.000004 0.390776 0.000000 0.000000
    41 9.952959 0.000000 0.000006 0.788201 0.000000 0.000000
    42 9.877266 0.000000 0.000002 0.000000 0.000000 -0.192458
    43 2.660156 0.000057 1.311523 -0.201327 -0.143306 -0.226689
    44 1.340820 0.000002 0.000001 -0.011404 -0.016672 -0.599950
    45 0.717773 0.000002 -0.000002 0.054473 0.175380 -0.302889
    46 2.935547 0.178589 0.486084 -0.194226 -0.103877 -0.292835
    47 1.604492 0.000001 0.000000 0.051969 0.088374 -0.532552
    48 0.857933 -0.000001 0.000000 -0.002415 -0.009757 -0.242679
    49 3.169922 0.098328 -0.363281 -0.183626 -0.067869 -0.258123
    50 1.909180 0.000000 0.000000 0.042077 0.053977 -0.662652
    51 1.023438 0.000001 0.000000 -0.001897 -0.012019 -0.156562
    52 3.271484 -0.136353 -1.259766 -0.177006 -0.034199 -0.204061
    53 1.509766 0.000003 0.000000 -0.051327 -0.064037 -0.676425
    54 0.883297 0.000000 0.000000 -0.001277 -0.038560 -0.033101
    55 0.948242 -1.139648 -0.875977 -1.690135 0.344972 -0.122837
    56 1.629883 0.000001 -0.000002 -0.000014 0.188062 -0.185216
    57 1.085938 0.000000 0.000002 0.000000 0.040646 0.196333
    58 9.952957 -0.000001 -0.000004 0.061992 0.000000 0.000000
    59 4.976482 0.000000 -0.000002 0.033237 0.000000 0.000000
    60 9.877266 0.000000 0.000000 0.000000 0.000000 -0.239783
    61 7.023271 -6.880002 4.339546 2.620672 -1.456011 -1.105365
    62 3.813801 -3.870655 0.998562 1.570796 -1.069638 0.199892
    63 0.000000 -0.000007 -0.000031 1.373047 0.113574 0.124314
    64 0.000000 -0.000007 -0.000031 1.373047 0.113574 0.124314
    65 2.685547 -1.180664 0.106812 1.364989 -0.517251 2.629313
    66 2.535156 -1.363281 -0.864258 -1.501147 -0.272558 -1.578261
    67 0.000000 0.000000 10.000000 0.000000 0.000000 0.000000
    68 0.018898 0.665159 9.395884 0.000000 0.000000 0.000000
    69 2.000000 -3.000000 0.000000 -1.570796 0.000000 -1.326450
    70 3.028210 -0.923409 -2.009451 1.574082 -0.012974 1.587243
    71 0.116953 4.311606 0.061859 0.000010 -0.000001 0.000000
    72 0.000000 -0.000002 0.000000 0.000000 0.000000 0.000000
    73 -0.000002 1.000000 0.000009 0.000000 0.000000 0.000000
    74 0.000000 0.000000 0.000000 0.000000 0.000000 0.000000
    75 0.000000 0.000000 0.000000 0.000000 0.000000 0.000000
    76 0.000000 0.000000 0.000000 0.000000 0.000000 0.000000
time 74
    0 8.922997 36.181395 5.445313 0.016137 -0.463768 -0.189442
    1 0.000000 3.591042 -0.015921 1.595319 0.010717 1.777264
    2 3.548302 0.000000 0.000000 0.043302 0.065245 -0.017766
    3 3.284046 0.000001 0.000000 0.051058 0.070535 0.038959
    4 5.062389 -0.000001 0.000000 0.077061 -0.063958 0.335279
    5 3.610073 1.295546 -1.332000 0.046290 1.317819 -1.618234
    6 4.890536 0.000004 0.000000 3.097330 0.342013 -0.100297
    7 9.685764 0.000000 -0.000004 0.000000 0.000000 -0.273033
    8 3.610065 1.295545 1.332000 0.252441 -1.045117 -2.046646
    9 4.890535 0.000000 -0.000001 -1.221668 0.071699 -0.573440
    10 9.685764 0.000000 0.000000 0.000000 0.000000 -0.191331
    11 9.256790 -0.000007 -0.000023 2.386463 0.117932 -0.236455
    12 -3.219585 0.000000 0.000000 -0.599889 -0.555247 -2.346427
    13 9.256779 -0.000004 0.000011 -1.581593 -0.067590 -0.245972
    14 16.283249 0.000000 0.000000 0.000000 0.000000 0.810599
    15 4.753334 0.000000 0.000000 3.092706 0.124136 0.188720
    16 3.962090 0.000000 0.000000 0.011801 -0.006699 0.425303
    17 16.291077 0.000000 0.000000 0.000000 0.000000 2.160072
    18 14.875347 0.000000 0.000000 0.391847 -0.211041 -1.050654
    19 5.277816 0.000000 0.000001 -0.111758 0.023807 -0.405103
    20 3.219585 0.000000 0.000000 -2.203135 0.175492 -1.438213
    21 16.283253 0.000000 0.000000 0.000000 0.000000 0.025208
    22 16.291080 0.000000 0.000001 0.000000 0.000000 0.000000
    23 14.875350 0.000000 0.000000 -0.410131 0.041721 -0.395245
    24 5.277817 0.000000 0.000000 0.020225 -0.027702 -0.573169
    25 2.660156 0.004799 -1.311523 0.204923 0.143299 -0.226648
    26 1.340820 0.000000 0.000000 0.011404 0.016672 -0.599950
    27 0.717773 -0.000002 -0.000001 -0.054473 -0.175380 -0.302889
    28 2.933594 0.180298 -0.485352 0.197828 0.103894 -0.292786
    29 1.604492 0.000002 0.000000 -0.051969 -0.088374 -0.532552
    30 0.857929 0.000002 0.000000 0.002415 0.009757 -0.242679
    31 3.169922 0.097046 0.363525 0.187209 0.067909 -0.258128
    32 1.909180 0.000001 0.000000 -0.042077 -0.053977 -0.662652
    33 1.023438 -0.000002 0.000000 0.001897 0.012019 -0.156562
    34 3.269531 -0.140869 1.259766 0.180672 0.034142 -0.204037
    35 1.509766 -0.000001 -0.000001 0.051327 0.064037 -0.676424
    36 0.883299 -0.000002 0.000000 0.001277 0.038560 -0.033101
    37 0.948242 -1.142578 0.871582 1.693884 -0.344469 -0.124089
    38 1.629883 -0.000001 0.000001 0.000014 -0.188062 -0.185216
    39 1.085938 0.000000 -0.000002 0.000000 -0.040646 0.196333
    40 4.976479 0.000000 0.000004 0.384090 0.000000 0.000000
    41 9.952959 0.000000 0.000006 0.774291 0.000000 0.000000
    42 9.877266 0.000000 0.000002 0.000000 0.000000 -0.194020
    43 2.660156 0.000057 1.311523 -0.201327 -0.143306 -0.226689
    44 1.340820 0.000002 0.000001 -0.011404 -0.016672 -0.599950
    45 0.717773 0.000002 -0.000002 0.054473 0.175380 -0.302889
    46 2.935547 0.178589 0.486084 -0.194226 -0.103877 -0.292835
    47 1.604492 0.000001 0.000000 0.051969 0.088374 -0.532552
    48 0.857933 -0.000001 0.000000 -0.002415 -0.009757 -0.242679
    49 3.169922 0.098328 -0.363281 -0.183626 -0.067869 -0.258123
    50 1.909180 0.000000 0.000000 0.042077 0.053977 -0.662652
    51 1.023438 0.000001 0.000000 -0.001897 -0.012019 -0.156562
    52 3.271484 -0.136353 -1.259766 -0.177006 -0.034199 -0.204061
    53 1.509766 0.000003 0.000000 -0.051327 -0.064037 -0.676425
    54 0.883297 0.000000 0.000000 -0.001277 -0.038560 -0.033101
    55 0.948242 -1.139648 -0.875977 -1.690135 0.344972 -0.122837
    56 1.629883 0.000001 -0.000002 -0.000014 0.188062 -0.185216
    57 1.085938 0.000000 0.000002 0.000000 0.040646 0.196333
    58 9.952957 -0.000001 -0.000004 0.062424 0.000000 0.000000
    59 4.976482 0.000000 -0.000002 0.033410 0.000000 0.000000
    60 9.877266 0.000000 0.000000 0.000000 0.000000 -0.234654
    61 7.023271 -6.880002 4.339546 2.620672 -1.456011 -1.105365
    62 3.813801 -3.870655 0.998562 1.570796 -1.069638 0.199892
    63 0.000000 -0.000007 -0.000031 1.373047 0.113574 0.124314
    64 0.000000 -0.000007 -0.000031 1.373047 0.113574 0.124314
    65 2.685547 -1.180664 0.106812 1.364989 -0.517251 2.629313
    66 2.535156 -1.363281 -0.864258 -1.501147 -0.272558 -1.578261
    67 0.000000 0.000000 10.000000 0.000000 0.000000 0.000000
    68 0.018898 0.665159 9.395884 0.000000 0.000000 0.000000
    69 2.000000 -3.000000 0.000000 -1.570796 0.000000 -1.326450
    70 3.028210 -0.923409 -2.009451 1.574082 -0.012974 1.587243
    71 0.116953 4.311606 0.061859 0.000010 -0.000001 0.000000
    72 0.000000 -0.000002 0.000000 0.000000 0.000000 0.000000
    73 -0.000002 1.000000 0.000009 0.000000 0.000000 0.000000
    74 0.000000 0.000000 0.000000 0.000000 0.000000 0.000000
    75 0.000000 0.000000 0.000000 0.000000 0.000000 0.000000
    76 0.000000 0.000000 0.000000 0.000000 0.000000 0.000000
time 75
    0 8.848779 36.200926 5.449219 0.017587 -0.468895 -0.191580
    1 0.000000 3.591042 -0.015921 1.594405 0.010801 1.779706
    2 3.548302 0.000000 0.000000 0.043242 0.064367 -0.017182
    3 3.284046 0.000001 0.000000 0.051561 0.068783 0.039536
    4 5.062389 -0.000001 0.000000 0.078205 -0.064289 0.336379
    5 3.610073 1.295546 -1.332000 0.056049 1.316478 -1.609818
    6 4.890536 0.000004 0.000000 3.096342 0.348006 -0.114966
    7 9.685764 0.000000 -0.000004 0.000000 0.000000 -0.289948
    8 3.610065 1.295545 1.332000 0.248018 -1.042864 -2.043517
    9 4.890535 0.000000 -0.000001 -1.218932 0.076573 -0.566516
    10 9.685764 0.000000 0.000000 0.000000 0.000000 -0.190377
    11 9.256790 -0.000007 -0.000023 2.364973 0.113916 -0.219829
    12 -3.219585 0.000000 0.000000 -0.605401 -0.556718 -2.336715
    13 9.256779 -0.000004 0.000011 -1.586086 -0.049524 -0.242328
    14 16.283249 0.000000 0.000000 0.000000 0.000000 0.810599
    15 4.753334 0.000000 0.000000 3.091870 0.122363 0.190616
    16 3.962090 0.000000 0.000000 0.007823 -0.008756 0.425748
    17 16.291077 0.000000 0.000000 0.000000 0.000000 2.158897
    18 14.875347 0.000000 0.000000 0.394788 -0.211025 -1.054428
    19 5.277816 0.000000 0.000001 -0.111794 0.023808 -0.406604
    20 3.219585 0.000000 0.000000 -2.180697 0.177278 -1.437081
    21 16.283253 0.000000 0.000000 0.000000 0.000000 0.025208
    22 16.291080 0.000000 0.000001 0.000000 0.000000 0.000000
    23 14.875350 0.000000 0.000000 -0.417613 0.045698 -0.395495
    24 5.277817 0.000000 0.000000 0.020192 -0.027661 -0.566601
    25 2.660156 0.004799 -1.311523 0.204923 0.143299 -0.226648
    26 1.340820 0.000000 0.000000 0.011404 0.016672 -0.599950
    27 0.717773 -0.000002 -0.000001 -0.054473 -0.175380 -0.302889
    28 2.933594 0.180298 -0.485352 0.197828 0.103894 -0.292786
    29 1.604492 0.000002 0.000000 -0.051969 -0.088374 -0.532552
    30 0.857929 0.000002 0.000000 0.002415 0.009757 -0.242679
    31 3.169922 0.097046 0.363525 0.187209 0.067909 -0.258128
    32 1.909180 0.000001 0.000000 -0.042077 -0.053977 -0.662652
    33 1.023438 -0.000002 0.000000 0.001897 0.012019 -0.156562
    34 3.269531 -0.140869 1.259766 0.180672 0.034142 -0.204037
    35 1.509766 -0.000001 -0.000001 0.051327 0.064037 -0.676424
    36 0.883299 -0.000002 0.000000 0.001277 0.038560 -0.033101
    37 0.948242 -1.142578 0.871582 1.693884 -0.344469 -0.124089
    38 1.629883 -0.000001 0.000001 0.000014 -0.188062 -0.185216
    39 1.085938 0.000000 -0.000002 0.000000 -0.040646 0.196333
    40 4.976479 0.000000 0.000004 0.372488 0.000000 0.000000
    41 9.952959 0.000000 0.000006 0.750204 0.000000 0.000000
    42 9.877266 0.000000 0.000002 0.000000 0.000000 -0.193586
    43 2.660156 0.000057 1.311523 -0.201327 -0.143306 -0.226689
    44 1.340820 0.000002 0.000001 -0.011404 -0.016672 -0.599950
    45 0.717773 0.000002 -0.000002 0.054473 0.175380 -0.302889
    46 2.935547 0.178589 0.486084 -0.194226 -0.103877 -0.292835
    47 1.604492 0.000001 0.000000 0.051969 0.088374 -0.532552
    48 0.857933 -0.000001 0.000000 -0.002415 -0.009757 -0.242679
    49 3.169922 0.098328 -0.363281 -0.183626 -0.067869 -0.258123
    50 1.909180 0.000000 0.000000 0.042077 0.053977 -0.662652
    51 1.023438 0.000001 0.000000 -0.001897 -0.012019 -0.156562
    52 3.271484 -0.136353 -1.259766 -0.177006 -0.034199 -0.204061
    53 1.509766 0.000003 0.000000 -0.051327 -0.064037 -0.676425
    54 0.883297 0.000000 0.000000 -0.001277 -0.038560 -0.033101
    55 0.948242 -1.139648 -0.875977 -1.690135 0.344972 -0.122837
    56 1.629883 0.000001 -0.000002 -0.000014 0.188062 -0.185216
    57 1.085938 0.000000 0.000002 0.000000 0.040646 0.196333
    58 9.952957 -0.000001 -0.000004 0.059142 0.000000 0.000000
    59 4.976482 0.000000 -0.000002 0.031683 0.000000 0.000000
    60 9.877266 0.000000 0.000000 0.000000 0.000000 -0.243088
    61 7.023271 -6.880002 4.339546 2.620672 -1.456011 -1.105365
    62 3.813801 -3.870655 0.998562 1.570796 -1.069638 0.199892
    63 0.000000 -0.000007 -0.000031 1.373047 0.113574 0.124314
    64 0.000000 -0.000007 -0.000031 1.373047 0.113574 0.124314
    65 2.685547 -1.180664 0.106812 1.364989 -0.517251 2.629313
    66 2.535156 -1.363281 -0.864258 -1.501147 -0.272558 -1.578261
    67 0.000000 0.000000 10.000000 0.000000 0.000000 0.000000
    68 0.018898 0.665159 9.395884 0.000000 0.000000 0.000000
    69 2.000000 -3.000000 0.000000 -1.570796 0.000000 -1.326450
    70 3.028210 -0.923409 -2.009451 1.574082 -0.012974 1.587243
    71 0.116953 4.311606 0.061859 0.000010 -0.000001 0.000000
    72 0.000000 -0.000002 0.000000 0.000000 0.000000 0.000000
    73 -0.000002 1.000000 0.000009 0.000000 0.000000 0.000000
    74 0.000000 0.000000 0.000000 0.000000 0.000000 0.000000
    75 0.000000 0.000000 0.000000 0.000000 0.000000 0.000000
    76 0.000000 0.000000 0.000000 0.000000 0.000000 0.000000
time 76
    0 8.756982 36.224363 5.449219 0.019876 -0.478623 -0.194188
    1 0.000000 3.591042 -0.015921 1.593233 0.010667 1.782772
    2 3.548302 0.000000 0.000000 0.043443 0.063147 -0.016597
    3 3.284046 0.000001 0.000000 0.052851 0.067094 0.040399
    4 5.062389 -0.000001 0.000000 0.080874 -0.065944 0.337657
    5 3.610073 1.295546 -1.332000 0.062364 1.315667 -1.604738
    6 4.890536 0.000004 0.000000 3.095888 0.354522 -0.134242
    7 9.685764 0.000000 -0.000004 0.000000 0.000000 -0.315621
    8 3.610065 1.295545 1.332000 0.247756 -1.041854 -2.042391
    9 4.890535 0.000000 -0.000001 -1.208629 0.086526 -0.554850
    10 9.685764 0.000000 0.000000 0.000000 0.000000 -0.199658
    11 9.256790 -0.000007 -0.000023 2.331201 0.107098 -0.195452
    12 -3.219585 0.000000 0.000000 -0.605683 -0.555086 -2.330584
    13 9.256779 -0.000004 0.000011 -1.593878 -0.028532 -0.234159
    14 16.283249 0.000000 0.000000 0.000000 0.000000 0.810599
    15 4.753334 0.000000 0.000000 3.091152 0.119809 0.192883
    16 3.962090 0.000000 0.000000 0.001224 -0.013514 0.426659
    17 16.291077 0.000000 0.000000 0.000000 0.000000 2.157526
    18 14.875347 0.000000 0.000000 0.392185 -0.210183 -1.055462
    19 5.277816 0.000000 0.000001 -0.111785 0.023802 -0.410047
    20 3.219585 0.000000 0.000000 -2.155413 0.179807 -1.436084
    21 16.283253 0.000000 0.000000 0.000000 0.000000 0.025208
    22 16.291080 0.000000 0.000001 0.000000 0.000000 0.000000
    23 14.875350 0.000000 0.000000 -0.422376 0.044811 -0.399573
    24 5.277817 0.000000 0.000000 0.020196 -0.027658 -0.566870
    25 2.660156 0.004799 -1.311523 0.204923 0.143299 -0.226648
    26 1.340820 0.000000 0.000000 0.011404 0.016672 -0.599950
    27 0.717773 -0.000002 -0.000001 -0.054473 -0.175380 -0.302889
    28 2.933594 0.180298 -0.485352 0.197828 0.103894 -0.292786
    29 1.604492 0.000002 0.000000 -0.051969 -0.088374 -0.532552
    30 0.857929 0.000002 0.000000 0.002415 0.009757 -0.242679
    31 3.169922 0.097046 0.363525 0.187209 0.067909 -0.258128
    32 1.909180 0.000001 0.000000 -0.042077 -0.053977 -0.662652
    33 1.023438 -0.000002 0.000000 0.001897 0.012019 -0.156562
    34 3.269531 -0.140869 1.259766 0.180672 0.034142 -0.204037
    35 1.509766 -0.000001 -0.000001 0.051327 0.064037 -0.676424
    36 0.883299 -0.000002 0.000000 0.001277 0.038560 -0.033101
    37 0.948242 -1.142578 0.871582 1.693884 -0.344469 -0.124089
    38 1.629883 -0.000001 0.000001 0.000014 -0.188062 -0.185216
    39 1.085938 0.000000 -0.000002 0.000000 -0.040646 0.196333
    40 4.976479 0.000000 0.000004 0.354407 0.000000 0.000000
    41 9.952959 0.000000 0.000006 0.712489 0.000000 0.000000
    42 9.877266 0.000000 0.000002 0.000000 0.000000 -0.198183
    43 2.660156 0.000057 1.311523 -0.201327 -0.143306 -0.226689
    44 1.340820 0.000002 0.000001 -0.011404 -0.016672 -0.599950
    45 0.717773 0.000002 -0.000002 0.054473 0.175380 -0.302889
    46 2.935547 0.178589 0.486084 -0.194226 -0.103877 -0.292835
    47 1.604492 0.000001 0.000000 0.051969 0.088374 -0.532552
    48 0.857933 -0.000001 0.000000 -0.002415 -0.009757 -0.242679
    49 3.169922 0.098328 -0.363281 -0.183626 -0.067869 -0.258123
    50 1.909180 0.000000 0.000000 0.042077 0.053977 -0.662652
    51 1.023438 0.000001 0.000000 -0.001897 -0.012019 -0.156562
    52 3.271484 -0.136353 -1.259766 -0.177006 -0.034199 -0.204061
    53 1.509766 0.000003 0.000000 -0.051327 -0.064037 -0.676425
    54 0.883297 0.000000 0.000000 -0.001277 -0.038560 -0.033101
    55 0.948242 -1.139648 -0.875977 -1.690135 0.344972 -0.122837
    56 1.629883 0.000001 -0.000002 -0.000014 0.188062 -0.185216
    57 1.085938 0.000000 0.000002 0.000000 0.040646 0.196333
    58 9.952957 -0.000001 -0.000004 0.052406 0.000000 0.000000
    59 4.976482 0.000000 -0.000002 0.028057 0.000000 0.000000
    60 9.877266 0.000000 0.000000 0.000000 0.000000 -0.255877
    61 7.023271 -6.880002 4.339546 2.620672 -1.456011 -1.105365
    62 3.813801 -3.870655 0.998562 1.570796 -1.069638 0.199892
    63 0.000000 -0.000007 -0.000031 1.373047 0.113574 0.124314
    64 0.000000 -0.000007 -0.000031 1.373047 0.113574 0.124314
    65 2.685547 -1.180664 0.106812 1.364989 -0.517251 2.629313
    66 2.535156 -1.363281 -0.864258 -1.501147 -0.272558 -1.578261
    67 0.000000 0.000000 10.000000 0.000000 0.000000 0.000000
    68 0.018898 0.665159 9.395884 0.000000 0.000000 0.000000
    69 2.000000 -3.000000 0.000000 -1.570796 0.000000 -1.326450
    70 3.028210 -0.923409 -2.009451 1.574082 -0.012974 1.587243
    71 0.116953 4.311606 0.061859 0.000010 -0.000001 0.000000
    72 0.000000 -0.000002 0.000000 0.000000 0.000000 0.000000
    73 -0.000002 1.000000 0.000009 0.000000 0.000000 0.000000
    74 0.000000 0.000000 0.000000 0.000000 0.000000 0.000000
    75 0.000000 0.000000 0.000000 0.000000 0.000000 0.000000
    76 0.000000 0.000000 0.000000 0.000000 0.000000 0.000000
time 77
    0 8.643701 36.247801 5.445313 0.022524 -0.493080 -0.197449
    1 0.000000 3.591042 -0.015921 1.593351 0.010908 1.783558
    2 3.548302 0.000000 0.000000 0.043907 0.062784 -0.015640
    3 3.284046 0.000001 0.000000 0.055116 0.066332 0.041406
    4 5.062389 -0.000001 0.000000 0.085021 -0.067614 0.339330
    5 3.610073 1.295546 -1.332000 0.064437 1.313733 -1.604434
    6 4.890536 0.000004 0.000000 3.099978 0.362845 -0.149350
    7 9.685764 0.000000 -0.000004 0.000000 0.000000 -0.338370
    8 3.610065 1.295545 1.332000 0.250265 -1.041576 -2.042653
    9 4.890535 0.000000 -0.000001 -1.184972 0.098819 -0.539758
    10 9.685764 0.000000 0.000000 0.000000 0.000000 -0.221186
    11 9.256790 -0.000007 -0.000023 2.284420 0.097002 -0.165070
    12 -3.219585 0.000000 0.000000 -0.599883 -0.551443 -2.329706
    13 9.256779 -0.000004 0.000011 -1.606139 -0.006337 -0.225524
    14 16.283249 0.000000 0.000000 0.000000 0.000000 0.810599
    15 4.753334 0.000000 0.000000 3.089228 0.117215 0.195520
    16 3.962090 0.000000 0.000000 -0.007668 -0.021832 0.428626
    17 16.291077 0.000000 0.000000 0.000000 0.000000 2.155763
    18 14.875347 0.000000 0.000000 0.378939 -0.206420 -1.047012
    19 5.277816 0.000000 0.000001 -0.111820 0.023763 -0.415610
    20 3.219585 0.000000 0.000000 -2.131570 0.183387 -1.435580
    21 16.283253 0.000000 0.000000 0.000000 0.000000 0.025208
    22 16.291080 0.000000 0.000001 0.000000 0.000000 0.000000
    23 14.875350 0.000000 0.000000 -0.425764 0.048521 -0.402326
    24 5.277817 0.000000 0.000000 0.020272 -0.027639 -0.566332
    25 2.660156 0.004799 -1.311523 0.204923 0.143299 -0.226648
    26 1.340820 0.000000 0.000000 0.011404 0.016672 -0.599950
    27 0.717773 -0.000002 -0.000001 -0.054473 -0.175380 -0.302889
    28 2.933594 0.180298 -0.485352 0.197828 0.103894 -0.292786
    29 1.604492 0.000002 0.000000 -0.051969 -0.088374 -0.532552
    30 0.857929 0.000002 0.000000 0.002415 0.009757 -0.242679
    31 3.169922 0.097046 0.363525 0.187209 0.067909 -0.258128
    32 1.909180 0.000001 0.000000 -0.042077 -0.053977 -0.662652
    33 1.023438 -0.000002 0.000000 0.001897 0.012019 -0.156562
    34 3.269531 -0.140869 1.259766 0.180672 0.034142 -0.204037
    35 1.509766 -0.000001 -0.000001 0.051327 0.064037 -0.676424
    36 0.883299 -0.000002 0.000000 0.001277 0.038560 -0.033101
    37 0.948242 -1.142578 0.871582 1.693884 -0.344469 -0.124089
    38 1.629883 -0.000001 0.000001 0.000014 -0.188062 -0.185216
    39 1.085938 0.000000 -0.000002 0.000000 -0.040646 0.196333
    40 4.976479 0.000000 0.000004 0.329528 0.000000 0.000000
    41 9.952959 0.000000 0.000006 0.660691 0.000000 0.000000
    42 9.877266 0.000000 0.000002 0.000000 0.000000 -0.208857
    43 2.660156 0.000057 1.311523 -0.201327 -0.143306 -0.226689
    44 1.340820 0.000002 0.000001 -0.011404 -0.016672 -0.599950
    45 0.717773 0.000002 -0.000002 0.054473 0.175380 -0.302889
    46 2.935547 0.178589 0.486084 -0.194226 -0.103877 -0.292835
    47 1.604492 0.000001 0.000000 0.051969 0.088374 -0.532552
    48 0.857933 -0.000001 0.000000 -0.002415 -0.009757 -0.242679
    49 3.169922 0.098328 -0.363281 -0.183626 -0.067869 -0.258123
    50 1.909180 0.000000 0.000000 0.042077 0.053977 -0.662652
    51 1.023438 0.000001 0.000000 -0.001897 -0.012019 -0.156562
    52 3.271484 -0.136353 -1.259766 -0.177006 -0.034199 -0.204061
    53 1.509766 0.000003 0.000000 -0.051327 -0.064037 -0.676425
    54 0.883297 0.000000 0.000000 -0.001277 -0.038560 -0.033101
    55 0.948242 -1.139648 -0.875977 -1.690135 0.344972 -0.122837
    56 1.629883 0.000001 -0.000002 -0.000014 0.188062 -0.185216
    57 1.085938 0.000000 0.000002 0.000000 0.040646 0.196333
    58 9.952957 -0.000001 -0.000004 0.041267 0.000000 0.000000
    59 4.976482 0.000000 -0.000002 0.022014 0.000000 0.000000
    60 9.877266 0.000000 0.000000 0.000000 0.000000 -0.267283
    61 7.023271 -6.880002 4.339546 2.620672 -1.456011 -1.105365
    62 3.813801 -3.870655 0.998562 1.570796 -1.069638 0.199892
    63 0.000000 -0.000007 -0.000031 1.373047 0.113574 0.124314
    64 0.000000 -0.000007 -0.000031 1.373047 0.113574 0.124314
    65 2.685547 -1.180664 0.106812 1.364989 -0.517251 2.629313
    66 2.535156 -1.363281 -0.864258 -1.501147 -0.272558 -1.578261
    67 0.000000 0.000000 10.000000 0.000000 0.000000 0.000000
    68 0.018898 0.665159 9.395884 0.000000 0.000000 0.000000
    69 2.000000 -3.000000 0.000000 -1.570796 0.000000 -1.326450
    70 3.028210 -0.923409 -2.009451 1.574082 -0.012974 1.587243
    71 0.116953 4.311606 0.061859 0.000010 -0.000001 0.000000
    72 0.000000 -0.000002 0.000000 0.000000 0.000000 0.000000
    73 -0.000002 1.000000 0.000009 0.000000 0.000000 0.000000
    74 0.000000 0.000000 0.000000 0.000000 0.000000 0.000000
    75 0.000000 0.000000 0.000000 0.000000 0.000000 0.000000
    76 0.000000 0.000000 0.000000 0.000000 0.000000 0.000000
time 78
    0 8.522607 36.263426 5.441406 0.026848 -0.510266 -0.201697
    1 0.000000 3.591042 -0.015921 1.595331 0.012508 1.783405
    2 3.548302 0.000000 0.000000 0.044560 0.062584 -0.014155
    3 3.284046 0.000001 0.000000 0.057643 0.065560 0.042505
    4 5.062389 -0.000001 0.000000 0.090081 -0.069550 0.341227
    5 3.610073 1.295546 -1.332000 0.050301 1.311927 -1.620683
    6 4.890536 0.000004 0.000000 3.105029 0.373842 -0.155290
    7 9.685764 0.000000 -0.000004 0.000000 0.000000 -0.356249
    8 3.610065 1.295545 1.332000 0.250857 -1.039833 -2.041894
    9 4.890535 0.000000 -0.000001 -1.155939 0.112892 -0.520888
    10 9.685764 0.000000 0.000000 0.000000 0.000000 -0.259794
    11 9.256790 -0.000007 -0.000023 2.238793 0.088243 -0.126926
    12 -3.219585 0.000000 0.000000 -0.584586 -0.544706 -2.335791
    13 9.256779 -0.000004 0.000011 -1.620678 0.018255 -0.215261
    14 16.283249 0.000000 0.000000 0.000000 0.000000 0.810599
    15 4.753334 0.000000 0.000000 3.088991 0.116263 0.197613
    16 3.962090 0.000000 0.000000 -0.016696 -0.031080 0.430607
    17 16.291077 0.000000 0.000000 0.000000 0.000000 2.154489
    18 14.875347 0.000000 0.000000 0.352838 -0.198655 -1.030637
    19 5.277816 0.000000 0.000001 -0.111833 0.023826 -0.419326
    20 3.219585 0.000000 0.000000 -2.115016 0.186336 -1.435011
    21 16.283253 0.000000 0.000000 0.000000 0.000000 0.025208
    22 16.291080 0.000000 0.000001 0.000000 0.000000 0.000000
    23 14.875350 0.000000 0.000000 -0.425111 0.061085 -0.404159
    24 5.277817 0.000000 0.000000 0.020267 -0.027643 -0.565972
    25 2.660156 0.004799 -1.311523 0.204923 0.143299 -0.226648
    26 1.340820 0.000000 0.000000 0.011404 0.016672 -0.599950
    27 0.717773 -0.000002 -0.000001 -0.054473 -0.175380 -0.302889
    28 2.933594 0.180298 -0.485352 0.197828 0.103894 -0.292786
    29 1.604492 0.000002 0.000000 -0.051969 -0.088374 -0.532552
    30 0.857929 0.000002 0.000000 0.002415 0.009757 -0.242679
    31 3.169922 0.097046 0.363525 0.187209 0.067909 -0.258128
    32 1.909180 0.000001 0.000000 -0.042077 -0.053977 -0.662652
    33 1.023438 -0.000002 0.000000 0.001897 0.012019 -0.156562
    34 3.269531 -0.140869 1.259766 0.180672 0.034142 -0.204037
    35 1.509766 -0.000001 -0.000001 0.051327 0.064037 -0.676424
    36 0.883299 -0.000002 0.000000 0.001277 0.038560 -0.033101
    37 0.948242 -1.142578 0.871582 1.693884 -0.344469 -0.124089
    38 1.629883 -0.000001 0.000001 0.000014 -0.188062 -0.185216
    39 1.085938 0.000000 -0.000002 0.000000 -0.040646 0.196333
    40 4.976479 0.000000 0.000004 0.305223 0.000000 0.000000
    41 9.952959 0.000000 0.000006 0.610164 0.000000 0.000000
    42 9.877266 0.000000 0.000002 0.000000 0.000000 -0.228049
    43 2.660156 0.000057 1.311523 -0.201327 -0.143306 -0.226689
    44 1.340820 0.000002 0.000001 -0.011404 -0.016672 -0.599950
    45 0.717773 0.000002 -0.000002 0.054473 0.175380 -0.302889
    46 2.935547 0.178589 0.486084 -0.194226 -0.103877 -0.292835
    47 1.604492 0.000001 0.000000 0.051969 0.088374 -0.532552
    48 0.857933 -0.000001 0.000000 -0.002415 -0.009757 -0.242679
    49 3.169922 0.098328 -0.363281 -0.183626 -0.067869 -0.258123
    50 1.909180 0.000000 0.000000 0.042077 0.053977 -0.662652
    51 1.023438 0.000001 0.000000 -0.001897 -0.012019 -0.156562
    52 3.271484 -0.136353 -1.259766 -0.177006 -0.034199 -0.204061
    53 1.509766 0.000003 0.000000 -0.051327 -0.064037 -0.676425
    54 0.883297 0.000000 0.000000 -0.001277 -0.038560 -0.033101
    55 0.948242 -1.139648 -0.875977 -1.690135 0.344972 -0.122837
    56 1.629883 0.000001 -0.000002 -0.000014 0.188062 -0.185216
    57 1.085938 0.000000 0.000002 0.000000 0.040646 0.196333
    58 9.952957 -0.000001 -0.000004 0.028748 0.000000 0.000000
    59 4.976482 0.000000 -0.000002 0.015280 0.000000 0.000000
    60 9.877266 0.000000 0.000000 0.000000 0.000000 -0.276170
    61 7.023271 -6.880002 4.339546 2.620672 -1.456011 -1.105365
    62 3.813801 -3.870655 0.998562 1.570796 -1.069638 0.199892
    63 0.000000 -0.000007 -0.000031 1.373047 0.113574 0.124314
    64 0.000000 -0.000007 -0.000031 1.373047 0.113574 0.124314
    65 2.685547 -1.180664 0.106812 1.364989 -0.517251 2.629313
    66 2.535156 -1.363281 -0.864258 -1.501147 -0.272558 -1.578261
    67 0.000000 0.000000 10.000000 0.000000 0.000000 0.000000
    68 0.018898 0.665159 9.395884 0.000000 0.000000 0.000000
    69 2.000000 -3.000000 0.000000 -1.570796 0.000000 -1.326450
    70 3.028210 -0.923409 -2.009451 1.574082 -0.012974 1.587243
    71 0.116953 4.311606 0.061859 0.000010 -0.000001 0.000000
    72 0.000000 -0.000002 0.000000 0.000000 0.000000 0.000000
    73 -0.000002 1.000000 0.000009 0.000000 0.000000 0.000000
    74 0.000000 0.000000 0.000000 0.000000 0.000000 0.000000
    75 0.000000 0.000000 0.000000 0.000000 0.000000 0.000000
    76 0.000000 0.000000 0.000000 0.000000 0.000000 0.000000
time 79
    0 8.391747 36.267332 5.429688 0.030677 -0.527484 -0.206814
    1 0.000000 3.591042 -0.015921 1.597528 0.013906 1.782544
    2 3.548302 0.000000 0.000000 0.045486 0.061083 -0.012432
    3 3.284046 0.000001 0.000000 0.060347 0.064334 0.044114
    4 5.062389 -0.000001 0.000000 0.095376 -0.070063 0.343434
    5 3.610073 1.295546 -1.332000 0.031073 1.311143 -1.642390
    6 4.890536 0.000004 0.000000 3.108931 0.388161 -0.153759
    7 9.685764 0.000000 -0.000004 0.000000 0.000000 -0.373103
    8 3.610065 1.295545 1.332000 0.250778 -1.038282 -2.041234
    9 4.890535 0.000000 -0.000001 -1.121793 0.121308 -0.504191
    10 9.685764 0.000000 0.000000 0.000000 0.000000 -0.295096
    11 9.256790 -0.000007 -0.000023 2.193979 0.079128 -0.096703
    12 -3.219585 0.000000 0.000000 -0.566758 -0.535222 -2.342981
    13 9.256779 -0.000004 0.000011 -1.633135 0.045681 -0.199795
    14 16.283249 0.000000 0.000000 0.000000 0.000000 0.810599
    15 4.753334 0.000000 0.000000 3.090320 0.117559 0.198878
    16 3.962090 0.000000 0.000000 -0.023575 -0.038043 0.433048
    17 16.291077 0.000000 0.000000 0.000000 0.000000 2.153508
    18 14.875347 0.000000 0.000000 0.321484 -0.189102 -1.012235
    19 5.277816 0.000000 0.000001 -0.111824 0.023830 -0.422597
    20 3.219585 0.000000 0.000000 -2.100508 0.189872 -1.433486
    21 16.283253 0.000000 0.000000 0.000000 0.000000 0.025208
    22 16.291080 0.000000 0.000001 0.000000 0.000000 0.000000
    23 14.875350 0.000000 0.000000 -0.421197 0.077521 -0.403982
    24 5.277817 0.000000 0.000000 0.020200 -0.027655 -0.567140
    25 2.660156 0.004799 -1.311523 0.204923 0.143299 -0.226648
    26 1.340820 0.000000 0.000000 0.011404 0.016672 -0.599950
    27 0.717773 -0.000002 -0.000001 -0.054473 -0.175380 -0.302889
    28 2.933594 0.180298 -0.485352 0.197828 0.103894 -0.292786
    29 1.604492 0.000002 0.000000 -0.051969 -0.088374 -0.532552
    30 0.857929 0.000002 0.000000 0.002415 0.009757 -0.242679
    31 3.169922 0.097046 0.363525 0.187209 0.067909 -0.258128
    32 1.909180 0.000001 0.000000 -0.042077 -0.053977 -0.662652
    33 1.023438 -0.000002 0.000000 0.001897 0.012019 -0.156562
    34 3.269531 -0.140869 1.259766 0.180672 0.034142 -0.204037
    35 1.509766 -0.000001 -0.000001 0.051327 0.064037 -0.676424
    36 0.883299 -0.000002 0.000000 0.001277 0.038560 -0.033101
    37 0.948242 -1.142578 0.871582 1.693884 -0.344469 -0.124089
    38 1.629883 -0.000001 0.000001 0.000014 -0.188062 -0.185216
    39 1.085938 0.000000 -0.000002 0.000000 -0.040646 0.196333
    40 4.976479 0.000000 0.000004 0.281662 0.000000 0.000000
    41 9.952959 0.000000 0.000006 0.561293 0.000000 0.000000
    42 9.877266 0.000000 0.000002 0.000000 0.000000 -0.245610
    43 2.660156 0.000057 1.311523 -0.201327 -0.143306 -0.226689
    44 1.340820 0.000002 0.000001 -0.011404 -0.016672 -0.599950
    45 0.717773 0.000002 -0.000002 0.054473 0.175380 -0.302889
    46 2.935547 0.178589 0.486084 -0.194226 -0.103877 -0.292835
    47 1.604492 0.000001 0.000000 0.051969 0.088374 -0.532552
    48 0.857933 -0.000001 0.000000 -0.002415 -0.009757 -0.242679
    49 3.169922 0.098328 -0.363281 -0.183626 -0.067869 -0.258123
    50 1.909180 0.000000 0.000000 0.042077 0.053977 -0.662652
    51 1.023438 0.000001 0.000000 -0.001897 -0.012019 -0.156562
    52 3.271484 -0.136353 -1.259766 -0.177006 -0.034199 -0.204061
    53 1.509766 0.000003 0.000000 -0.051327 -0.064037 -0.676425
    54 0.883297 0.000000 0.000000 -0.001277 -0.038560 -0.033101
    55 0.948242 -1.139648 -0.875977 -1.690135 0.344972 -0.122837
    56 1.629883 0.000001 -0.000002 -0.000014 0.188062 -0.185216
    57 1.085938 0.000000 0.000002 0.000000 0.040646 0.196333
    58 9.952957 -0.000001 -0.000004 0.019078 0.000000 0.000000
    59 4.976482 0.000000 -0.000002 0.010100 0.000000 0.000000
    60 9.877266 0.000000 0.000000 0.000000 0.000000 -0.284627
    61 7.023271 -6.880002 4.339546 2.620672 -1.456011 -1.105365
    62 3.813801 -3.870655 0.998562 1.570796 -1.069638 0.199892
    63 0.000000 -0.000007 -0.000031 1.373047 0.113574 0.124314
    64 0.000000 -0.000007 -0.000031 1.373047 0.113574 0.124314
    65 2.685547 -1.180664 0.106812 1.364989 -0.517251 2.629313
    66 2.535156 -1.363281 -0.864258 -1.501147 -0.272558 -1.578261
    67 0.000000 0.000000 10.000000 0.000000 0.000000 0.000000
    68 0.018898 0.665159 9.395884 0.000000 0.000000 0.000000
    69 2.000000 -3.000000 0.000000 -1.570796 0.000000 -1.326450
    70 3.028210 -0.923409 -2.009451 1.574082 -0.012974 1.587243
    71 0.116953 4.311606 0.061859 0.000010 -0.000001 0.000000
    72 0.000000 -0.000002 0.000000 0.000000 0.000000 0.000000
    73 -0.000002 1.000000 0.000009 0.000000 0.000000 0.000000
    74 0.000000 0.000000 0.000000 0.000000 0.000000 0.000000
    75 0.000000 0.000000 0.000000 0.000000 0.000000 0.000000
    76 0.000000 0.000000 0.000000 0.000000 0.000000 0.000000
time 80
    0 8.253076 36.282957 5.417969 0.034427 -0.543754 -0.213915
    1 0.000000 3.591042 -0.015921 1.599586 0.014476 1.782226
    2 3.548302 0.000000 0.000000 0.046148 0.059924 -0.010711
    3 3.284046 0.000001 0.000000 0.062545 0.063544 0.045803
    4 5.062389 -0.000001 0.000000 0.100158 -0.069978 0.345769
    5 3.610073 1.295546 -1.332000 0.010582 1.311386 -1.664816
    6 4.890536 0.000004 0.000000 3.108264 0.408882 -0.148548
    7 9.685764 0.000000 -0.000004 0.000000 0.000000 -0.404073
    8 3.610065 1.295545 1.332000 0.249904 -1.036417 -2.040114
    9 4.890535 0.000000 -0.000001 -1.088450 0.115060 -0.497169
    10 9.685764 0.000000 0.000000 0.000000 0.000000 -0.307320
    11 9.256790 -0.000007 -0.000023 2.158146 0.071265 -0.086585
    12 -3.219585 0.000000 0.000000 -0.551256 -0.524911 -2.346227
    13 9.256779 -0.000004 0.000011 -1.643650 0.076626 -0.168393
    14 16.283249 0.000000 0.000000 0.000000 0.000000 0.810599
    15 4.753334 0.000000 0.000000 3.092299 0.119930 0.200511
    16 3.962090 0.000000 0.000000 -0.028582 -0.042747 0.436340
    17 16.291077 0.000000 0.000000 0.000000 0.000000 2.151645
    18 14.875347 0.000000 0.000000 0.293855 -0.178794 -0.995736
    19 5.277816 0.000000 0.000001 -0.111748 0.023804 -0.423390
    20 3.219585 0.000000 0.000000 -2.084487 0.194140 -1.429884
    21 16.283253 0.000000 0.000000 0.000000 0.000000 0.025208
    22 16.291080 0.000000 0.000001 0.000000 0.000000 0.000000
    23 14.875350 0.000000 0.000000 -0.416869 0.093147 -0.402832
    24 5.277817 0.000000 0.000000 0.020264 -0.027709 -0.570020
    25 2.660156 0.004799 -1.311523 0.204923 0.143299 -0.226648
    26 1.340820 0.000000 0.000000 0.011404 0.016672 -0.599950
    27 0.717773 -0.000002 -0.000001 -0.054473 -0.175380 -0.302889
    28 2.933594 0.180298 -0.485352 0.197828 0.103894 -0.292786
    29 1.604492 0.000002 0.000000 -0.051969 -0.088374 -0.532552
    30 0.857929 0.000002 0.000000 0.002415 0.009757 -0.242679
    31 3.169922 0.097046 0.363525 0.187209 0.067909 -0.258128
    32 1.909180 0.000001 0.000000 -0.042077 -0.053977 -0.662652
    33 1.023438 -0.000002 0.000000 0.001897 0.012019 -0.156562
    34 3.269531 -0.140869 1.259766 0.180672 0.034142 -0.204037
    35 1.509766 -0.000001 -0.000001 0.051327 0.064037 -0.676424
    36 0.883299 -0.000002 0.000000 0.001277 0.038560 -0.033101
    37 0.948242 -1.142578 0.871582 1.693884 -0.344469 -0.124089
    38 1.629883 -0.000001 0.000001 0.000014 -0.188062 -0.185216
    39 1.085938 0.000000 -0.000002 0.000000 -0.040646 0.196333
    40 4.976479 0.000000 0.000004 0.263190 0.000000 0.000000
    41 9.952959 0.000000 0.000006 0.523034 0.000000 0.000000
    42 9.877266 0.000000 0.000002 0.000000 0.000000 -0.251787
    43 2.660156 0.000057 1.311523 -0.201327 -0.143306 -0.226689
    44 1.340820 0.000002 0.000001 -0.011404 -0.016672 -0.599950
    45 0.717773 0.000002 -0.000002 0.054473 0.175380 -0.302889
    46 2.935547 0.178589 0.486084 -0.194226 -0.103877 -0.292835
    47 1.604492 0.000001 0.000000 0.051969 0.088374 -0.532552
    48 0.857933 -0.000001 0.000000 -0.002415 -0.009757 -0.242679
    49 3.169922 0.098328 -0.363281 -0.183626 -0.067869 -0.258123
    50 1.909180 0.000000 0.000000 0.042077 0.053977 -0.662652
    51 1.023438 0.000001 0.000000 -0.001897 -0.012019 -0.156562
    52 3.271484 -0.136353 -1.259766 -0.177006 -0.034199 -0.204061
    53 1.509766 0.000003 0.000000 -0.051327 -0.064037 -0.676425
    54 0.883297 0.000000 0.000000 -0.001277 -0.038560 -0.033101
    55 0.948242 -1.139648 -0.875977 -1.690135 0.344972 -0.122837
    56 1.629883 0.000001 -0.000002 -0.000014 0.188062 -0.185216
    57 1.085938 0.000000 0.000002 0.000000 0.040646 0.196333
    58 9.952957 -0.000001 -0.000004 0.010791 0.000000 0.000000
    59 4.976482 0.000000 -0.000002 0.005698 0.000000 0.000000
    60 9.877266 0.000000 0.000000 0.000000 0.000000 -0.300159
    61 7.023271 -6.880002 4.339546 2.620672 -1.456011 -1.105365
    62 3.813801 -3.870655 0.998562 1.570796 -1.069638 0.199892
    63 0.000000 -0.000007 -0.000031 1.373047 0.113574 0.124314
    64 0.000000 -0.000007 -0.000031 1.373047 0.113574 0.124314
    65 2.685547 -1.180664 0.106812 1.364989 -0.517251 2.629313
    66 2.535156 -1.363281 -0.864258 -1.501147 -0.272558 -1.578261
    67 0.000000 0.000000 10.000000 0.000000 0.000000 0.000000
    68 0.018898 0.665159 9.395884 0.000000 0.000000 0.000000
    69 2.000000 -3.000000 0.000000 -1.570796 0.000000 -1.326450
    70 3.028210 -0.923409 -2.009451 1.574082 -0.012974 1.587243
    71 0.116953 4.311606 0.061859 0.000010 -0.000001 0.000000
    72 0.000000 -0.000002 0.000000 0.000000 0.000000 0.000000
    73 -0.000002 1.000000 0.000009 0.000000 0.000000 0.000000
    74 0.000000 0.000000 0.000000 0.000000 0.000000 0.000000
    75 0.000000 0.000000 0.000000 0.000000 0.000000 0.000000
    76 0.000000 0.000000 0.000000 0.000000 0.000000 0.000000
end
