version 1
nodes
  0 "ValveBiped.Bip01_Pelvis" -1
  1 "ValveBiped.Bip01_L_Thigh" 0
  2 "ValveBiped.Bip01_L_Calf" 1
  3 "ValveBiped.Bip01_L_Foot" 2
  4 "ValveBiped.Bip01_L_Toe0" 3
  5 "ValveBiped.Bip01_R_Thigh" 0
  6 "ValveBiped.Bip01_R_Calf" 5
  7 "ValveBiped.Bip01_R_Foot" 6
  8 "ValveBiped.Bip01_R_Toe0" 7
  9 "ValveBiped.Bip01_Spine" 0
  10 "ValveBiped.Bip01_Spine1" 9
  11 "ValveBiped.Bip01_Spine2" 10
  12 "ValveBiped.Bip01_Spine4" 11
  13 "ValveBiped.Bip01_Neck1" 12
  14 "ValveBiped.Bip01_Head1" 13
  15 "ValveBiped.Bip01_L_Clavicle" 12
  16 "ValveBiped.Bip01_L_UpperArm" 15
  17 "ValveBiped.Bip01_L_Forearm" 16
  18 "ValveBiped.Bip01_L_Hand" 17
  19 "ValveBiped.Bip01_L_Finger4" 18
  20 "ValveBiped.Bip01_L_Finger41" 19
  21 "ValveBiped.Bip01_L_Finger42" 20
  22 "ValveBiped.Bip01_L_Finger3" 18
  23 "ValveBiped.Bip01_L_Finger31" 22
  24 "ValveBiped.Bip01_L_Finger32" 23
  25 "ValveBiped.Bip01_L_Finger2" 18
  26 "ValveBiped.Bip01_L_Finger21" 25
  27 "ValveBiped.Bip01_L_Finger22" 26
  28 "ValveBiped.Bip01_L_Finger1" 18
  29 "ValveBiped.Bip01_L_Finger11" 28
  30 "ValveBiped.Bip01_L_Finger12" 29
  31 "ValveBiped.Bip01_L_Finger0" 18
  32 "ValveBiped.Bip01_L_Finger01" 31
  33 "ValveBiped.Bip01_L_Finger02" 32
  34 "ValveBiped.Bip01_R_Clavicle" 12
  35 "ValveBiped.Bip01_R_UpperArm" 34
  36 "ValveBiped.Bip01_R_Forearm" 35
  37 "ValveBiped.Bip01_R_Hand" 36
  38 "ValveBiped.Bip01_R_Finger4" 37
  39 "ValveBiped.Bip01_R_Finger41" 38
  40 "ValveBiped.Bip01_R_Finger42" 39
  41 "ValveBiped.Bip01_R_Finger3" 37
  42 "ValveBiped.Bip01_R_Finger31" 41
  43 "ValveBiped.Bip01_R_Finger32" 42
  44 "ValveBiped.Bip01_R_Finger2" 37
  45 "ValveBiped.Bip01_R_Finger21" 44
  46 "ValveBiped.Bip01_R_Finger22" 45
  47 "ValveBiped.Bip01_R_Finger1" 37
  48 "ValveBiped.Bip01_R_Finger11" 47
  49 "ValveBiped.Bip01_R_Finger12" 48
  50 "ValveBiped.Bip01_R_Finger0" 37
  51 "ValveBiped.Bip01_R_Finger01" 50
  52 "ValveBiped.Bip01_R_Finger02" 51
  53 "ValveBiped.attachment_bandage_armL" 17
  54 "ValveBiped.attachment_bandage_legL" 2
  55 "ValveBiped.attachment_armL_T" 17
  56 "ValveBiped.attachment_armR_T" 36
  57 "ValveBiped.L_weapon_bone" 18
  58 "ValveBiped.weapon_bone" 37
  59 "ValveBiped.weapon_bone_Clip" 58
  60 "ValveBiped.weapon_bone_extra" 58
  61 "ValveBiped.forward" 14
  62 "ValveBiped.weapon_bone_Clip2" 18
  63 "ValveBiped.weapon_bone_Clip2_Bullets" 62
  64 "ValveBiped.weapon_bolt_l" 18
  65 "ValveBiped.weapon_bone_Clip_Bullets" 59
  66 "ValveBiped.weapon_bolt" 58
  67 "ValveBiped.weapon_bolt_opposite" 58
  68 "ValveBiped.weapon_charger" 58
end
skeleton
time 0
    0 0.221436 -8.625000 46.718750 1.565640 0.040643 -0.007357
    1 3.625659 0.000000 0.000000 -2.108189 -0.031673 -1.262016
    2 18.345819 0.000000 0.000000 0.000000 0.000000 0.150435
    3 16.751528 0.000000 0.000000 0.082132 0.357716 -0.560203
    4 5.943489 0.000000 0.000000 0.020470 -0.027714 -0.490843
    5 -3.625659 0.000000 0.000000 -1.182303 -0.070730 -1.813578
    6 18.345812 0.000000 0.000000 0.000000 0.000000 0.145761
    7 16.751524 0.000000 0.000000 0.055795 -0.263619 -0.745619
    8 5.943490 0.000000 0.000000 -0.112084 0.023828 -0.415002
    9 0.000000 4.043964 -0.017929 1.547715 -0.117918 1.610045
    10 3.995838 0.000000 0.000000 -0.025052 0.026322 -0.159277
    11 3.698242 -0.000001 0.000000 -0.026469 0.015863 -0.027925
    12 5.700890 0.000000 0.000000 -0.018027 0.024035 0.470947
    13 5.352852 -0.000001 0.000000 3.054330 0.188164 0.178634
    14 4.461819 0.000000 0.000000 -0.154061 -0.148303 0.677737
    15 4.065388 1.458945 1.500000 -1.537374 -0.986143 -0.140426
    16 5.507357 0.000004 -0.000001 -2.201801 -0.848515 0.060962
    17 10.907398 0.000000 0.000000 0.000000 0.000000 -0.847097
    18 10.424324 -0.000008 -0.000027 1.207194 0.345578 0.150174
    19 2.997274 0.005409 -1.477472 0.284474 0.452217 -0.074937
    20 1.510382 0.000000 0.000000 0.011341 0.016615 -0.257537
    21 0.808655 0.000002 0.000000 -0.054433 -0.175361 0.039377
    22 3.305792 0.203112 -0.546730 0.228981 0.234014 0.043917
    23 1.807182 0.000002 0.000000 -0.051906 -0.088339 -0.190157
    24 0.966137 0.000001 0.000000 0.002387 0.009734 0.099588
    25 3.571512 0.109303 0.409580 0.187237 0.067893 0.178800
    26 2.150654 -0.000002 0.000000 -0.042028 -0.053936 -0.320272
    27 1.152748 0.000000 0.000000 0.001856 0.011945 0.064941
    28 3.684092 -0.158705 1.419183 0.117459 -0.234196 0.132137
    29 1.701014 -0.000002 0.000000 0.051316 0.064006 -0.334034
    30 0.994705 0.000002 0.000000 0.001258 0.038493 0.020488
    31 1.068069 -1.287201 0.981905 1.490414 -0.764231 0.060823
    32 1.836304 -0.000002 -0.000004 -0.000056 -0.188092 0.157023
    33 1.223948 -0.000001 0.000000 -0.000073 -0.040582 0.037650
    34 4.065392 1.458946 -1.500000 1.264881 0.937455 -0.354845
    35 5.507360 0.000008 -0.000001 2.517816 0.655258 0.083680
    36 10.907398 0.000000 0.000004 0.000000 0.000000 -2.344876
    37 10.424301 -0.000005 0.000019 -0.996396 -0.268570 0.090829
    38 2.997293 0.000065 1.477481 -0.248847 -0.324271 0.096090
    39 1.510378 -0.000004 0.000000 -0.011341 -0.016615 -0.257537
    40 0.808655 0.000000 0.000000 0.054433 0.175361 0.039377
    41 3.305817 0.201134 0.547461 -0.208376 -0.163231 0.046628
    42 1.807175 0.000000 0.000000 0.051906 0.088339 -0.190157
    43 0.966141 -0.000001 0.000000 -0.002387 -0.009734 0.099588
    44 3.571524 0.110786 -0.409182 -0.183620 -0.067925 0.084169
    45 2.150656 0.000000 0.000000 0.042028 0.053936 -0.320272
    46 1.152752 0.000000 0.000000 -0.001808 -0.011970 0.185709
    47 3.684113 -0.153563 -1.419748 -0.153555 0.066514 0.135596
    48 1.701017 0.000002 0.000000 -0.051316 -0.064006 -0.334034
    49 0.994705 0.000001 0.000000 -0.001284 -0.038506 0.309237
    50 1.068094 -1.283653 -0.986553 -1.542648 0.744086 -0.014180
    51 1.836306 -0.000002 0.000000 0.000056 0.188092 0.157023
    52 1.223946 0.000000 0.000002 0.000024 0.040623 0.308433
    53 -12.320313 -18.328125 -7.437500 1.705693 0.182552 1.950434
    54 0.000000 0.000000 0.000000 -0.077030 -0.068757 -1.299215
    55 0.000004 -0.000007 -0.000031 1.373047 0.113574 0.124314
    56 0.000000 -0.000007 -0.000031 1.373047 0.113574 0.124314
    57 2.856897 -1.536201 -0.973800 -1.501147 -0.272558 -1.578261
    58 2.856895 -1.536198 -0.973800 -1.501147 -0.272558 -1.578261
    59 0.000000 0.000000 10.000000 0.000000 0.000000 0.000000
    60 0.018898 0.665159 9.395884 0.000000 0.000000 0.000000
    61 2.000008 -3.000000 0.000000 -1.570796 0.000000 -1.326450
    62 3.028210 -0.923409 -2.009452 1.574082 -0.012974 1.587244
    63 0.116955 4.311607 0.061861 0.000010 0.000000 0.000000
    64 0.000000 0.000000 0.000001 0.000000 0.000000 0.000000
    65 0.000000 1.000000 0.000008 0.000000 0.000000 0.000000
    66 0.000000 0.000000 0.000002 0.000000 0.000000 0.000000
    67 0.000000 0.000000 0.000002 0.000000 0.000000 0.000000
    68 0.000000 0.000000 0.000002 0.000000 0.000000 0.000000
time 1
    0 0.443115 -8.601563 46.718750 1.572179 0.034949 -0.016353
    1 3.625659 0.000000 0.000000 -2.108251 -0.034422 -1.266263
    2 18.345819 0.000000 0.000000 0.000000 0.000000 0.148271
    3 16.751528 0.000000 0.000000 0.083425 0.358426 -0.562739
    4 5.943489 0.000000 0.000000 0.020446 -0.027691 -0.495116
    5 -3.625659 0.000000 0.000000 -1.181054 -0.076385 -1.822802
    6 18.345812 0.000000 0.000000 0.000000 0.000000 0.143251
    7 16.751524 0.000000 0.000000 0.066341 -0.249119 -0.750504
    8 5.943490 0.000000 0.000000 -0.112005 0.023821 -0.415442
    9 0.000000 4.043964 -0.017929 1.548801 -0.116454 1.613791
    10 3.995838 0.000000 0.000000 -0.024098 0.029239 -0.160861
    11 3.698242 -0.000001 0.000000 -0.023797 0.014834 -0.030481
    12 5.700890 0.000000 0.000000 -0.015369 0.019645 0.468687
    13 5.352852 -0.000001 0.000000 3.047623 0.183109 0.176655
    14 4.461819 0.000000 0.000000 -0.157421 -0.143637 0.679337
    15 4.065388 1.458945 1.500000 -1.537180 -0.996101 -0.141146
    16 5.507357 0.000004 -0.000001 -2.174028 -0.836254 0.062702
    17 10.907398 0.000000 0.000000 0.000000 0.000000 -0.875312
    18 10.424324 -0.000008 -0.000027 1.188907 0.283887 0.168413
    19 2.997274 0.005409 -1.477472 0.283182 0.447752 -0.074392
    20 1.510382 0.000000 0.000000 0.011341 0.016615 -0.257537
    21 0.808655 0.000002 0.000000 -0.054433 -0.175361 0.039377
    22 3.305792 0.203112 -0.546730 0.228981 0.234014 0.043917
    23 1.807182 0.000002 0.000000 -0.051906 -0.088339 -0.190157
    24 0.966137 0.000001 0.000000 0.002387 0.009734 0.099588
    25 3.571512 0.109303 0.409580 0.187237 0.067893 0.178800
    26 2.150654 -0.000002 0.000000 -0.042028 -0.053936 -0.320272
    27 1.152748 0.000000 0.000000 0.001856 0.011945 0.064941
    28 3.684092 -0.158705 1.419183 0.117459 -0.234196 0.132137
    29 1.701014 -0.000002 0.000000 0.051316 0.064006 -0.334034
    30 0.994705 0.000002 0.000000 0.001258 0.038493 0.020488
    31 1.068069 -1.287201 0.981905 1.493661 -0.756334 0.059972
    32 1.836304 -0.000002 -0.000004 -0.000056 -0.188092 0.157023
    33 1.223948 -0.000001 0.000000 -0.000073 -0.040582 0.037650
    34 4.065392 1.458946 -1.500000 1.285956 0.930048 -0.341388
    35 5.507360 0.000008 -0.000001 2.499353 0.638676 0.063683
    36 10.907398 0.000000 0.000004 0.000000 0.000000 -2.357130
    37 10.424301 -0.000005 0.000019 -1.003294 -0.267004 0.119801
    38 2.997293 0.000065 1.477481 -0.244185 -0.306395 0.097641
    39 1.510378 -0.000004 0.000000 -0.011341 -0.016615 -0.257537
    40 0.808655 0.000000 0.000000 0.054433 0.175361 0.039377
    41 3.305817 0.201134 0.547461 -0.206990 -0.157392 0.046852
    42 1.807175 0.000000 0.000000 0.051906 0.088339 -0.190157
    43 0.966141 -0.000001 0.000000 -0.002387 -0.009734 0.099588
    44 3.571524 0.110786 -0.409182 -0.183620 -0.067925 0.084169
    45 2.150656 0.000000 0.000000 0.042028 0.053936 -0.320272
    46 1.152752 0.000000 0.000000 -0.001808 -0.011970 0.185709
    47 3.684113 -0.153563 -1.419748 -0.155855 0.056532 0.135769
    48 1.701017 0.000002 0.000000 -0.051316 -0.064006 -0.334034
    49 0.994705 0.000001 0.000000 -0.001284 -0.038506 0.309237
    50 1.068094 -1.283653 -0.986553 -1.554548 0.738506 -0.029452
    51 1.836306 -0.000002 0.000000 0.000056 0.188092 0.157023
    52 1.223946 0.000000 0.000002 0.000046 0.040606 0.331173
    53 -12.203125 -18.656250 -8.187500 1.702110 0.210604 1.966988
    54 0.000000 0.000000 0.000000 -0.077030 -0.068757 -1.299215
    55 0.000004 -0.000007 -0.000031 1.373047 0.113574 0.124314
    56 0.000000 -0.000007 -0.000031 1.373047 0.113574 0.124314
    57 2.856897 -1.536201 -0.973800 -1.501147 -0.272558 -1.578261
    58 2.856895 -1.536198 -0.973800 -1.501147 -0.272558 -1.578261
    59 0.000000 0.000000 10.000000 0.000000 0.000000 0.000000
    60 0.018898 0.665159 9.395884 0.000000 0.000000 0.000000
    61 2.000008 -3.000000 0.000000 -1.570796 0.000000 -1.326450
    62 3.028210 -0.923409 -2.009452 1.574082 -0.012974 1.587244
    63 0.116955 4.311607 0.061861 0.000010 0.000000 0.000000
    64 0.000000 0.000000 0.000001 0.000000 0.000000 0.000000
    65 0.000000 1.000000 0.000008 0.000000 0.000000 0.000000
    66 0.000000 0.000000 0.000002 0.000000 0.000000 0.000000
    67 0.000000 0.000000 0.000002 0.000000 0.000000 0.000000
    68 0.000000 0.000000 0.000002 0.000000 0.000000 0.000000
time 2
    0 0.669434 -8.546875 46.718750 1.578586 0.028807 -0.025659
    1 3.625659 0.000000 0.000000 -2.108048 -0.038267 -1.270895
    2 18.345819 0.000000 0.000000 0.000000 0.000000 0.147232
    3 16.751528 0.000000 0.000000 0.084747 0.358292 -0.564896
    4 5.943489 0.000000 0.000000 0.020426 -0.027665 -0.499747
    5 -3.625659 0.000000 0.000000 -1.180180 -0.083784 -1.833121
    6 18.345812 0.000000 0.000000 0.000000 0.000000 0.142472
    7 16.751524 0.000000 0.000000 0.076052 -0.235065 -0.755316
    8 5.943490 0.000000 0.000000 -0.112029 0.023876 -0.415976
    9 0.000000 4.043964 -0.017929 1.550813 -0.116568 1.617498
    10 3.995838 0.000000 0.000000 -0.022361 0.031191 -0.161551
    11 3.698242 -0.000001 0.000000 -0.021540 0.012941 -0.033034
    12 5.700890 0.000000 0.000000 -0.014811 0.015391 0.464544
    13 5.352852 -0.000001 0.000000 3.043573 0.180443 0.176758
    14 4.461819 0.000000 0.000000 -0.159959 -0.140661 0.680472
    15 4.065388 1.458945 1.500000 -1.537449 -1.000758 -0.142790
    16 5.507357 0.000004 -0.000001 -2.159522 -0.830295 0.048372
    17 10.907398 0.000000 0.000000 0.000000 0.000000 -0.890684
    18 10.424324 -0.000008 -0.000027 1.186675 0.262033 0.169736
    19 2.997274 0.005409 -1.477472 0.281991 0.443470 -0.073797
    20 1.510382 0.000000 0.000000 0.011341 0.016615 -0.257537
    21 0.808655 0.000002 0.000000 -0.054433 -0.175361 0.039377
    22 3.305792 0.203112 -0.546730 0.228981 0.234014 0.043917
    23 1.807182 0.000002 0.000000 -0.051906 -0.088339 -0.190157
    24 0.966137 0.000001 0.000000 0.002387 0.009734 0.099588
    25 3.571512 0.109303 0.409580 0.187237 0.067893 0.178800
    26 2.150654 -0.000002 0.000000 -0.042028 -0.053936 -0.320272
    27 1.152748 0.000000 0.000000 0.001856 0.011945 0.064941
    28 3.684092 -0.158705 1.419183 0.117459 -0.234196 0.132137
    29 1.701014 -0.000002 0.000000 0.051316 0.064006 -0.334034
    30 0.994705 0.000002 0.000000 0.001258 0.038493 0.020488
    31 1.068069 -1.287201 0.981905 1.496922 -0.748780 0.059094
    32 1.836304 -0.000002 -0.000004 -0.000056 -0.188092 0.157023
    33 1.223948 -0.000001 0.000000 -0.000073 -0.040582 0.037650
    34 4.065392 1.458946 -1.500000 1.309704 0.926345 -0.324485
    35 5.507360 0.000008 -0.000001 2.479428 0.618316 0.040928
    36 10.907398 0.000000 0.000004 0.000000 0.000000 -2.365064
    37 10.424301 -0.000005 0.000019 -1.013565 -0.262714 0.124772
    38 2.997293 0.000065 1.477481 -0.239679 -0.289066 0.099368
    39 1.510378 -0.000004 0.000000 -0.011341 -0.016615 -0.257537
    40 0.808655 0.000000 0.000000 0.054433 0.175361 0.039377
    41 3.305817 0.201134 0.547461 -0.205613 -0.151727 0.047103
    42 1.807175 0.000000 0.000000 0.051906 0.088339 -0.190157
    43 0.966141 -0.000001 0.000000 -0.002387 -0.009734 0.099588
    44 3.571524 0.110786 -0.409182 -0.183620 -0.067925 0.084169
    45 2.150656 0.000000 0.000000 0.042028 0.053936 -0.320272
    46 1.152752 0.000000 0.000000 -0.001808 -0.011970 0.185709
    47 3.684113 -0.153563 -1.419748 -0.158050 0.046891 0.135944
    48 1.701017 0.000002 0.000000 -0.051316 -0.064006 -0.334034
    49 0.994705 0.000001 0.000000 -0.001284 -0.038506 0.309237
    50 1.068094 -1.283653 -0.986553 -1.566012 0.732958 -0.044198
    51 1.836306 -0.000002 0.000000 0.000056 0.188092 0.157023
    52 1.223946 0.000000 0.000002 0.000051 0.040594 0.353079
    53 -12.468750 -18.828125 -8.765625 1.699078 0.212908 1.972494
    54 0.000000 0.000000 0.000000 -0.077030 -0.068757 -1.299215
    55 0.000004 -0.000007 -0.000031 1.373047 0.113574 0.124314
    56 0.000000 -0.000007 -0.000031 1.373047 0.113574 0.124314
    57 2.856897 -1.536201 -0.973800 -1.501147 -0.272558 -1.578261
    58 2.856895 -1.536198 -0.973800 -1.501147 -0.272558 -1.578261
    59 0.000000 0.000000 10.000000 0.000000 0.000000 0.000000
    60 0.018898 0.665159 9.395884 0.000000 0.000000 0.000000
    61 2.000008 -3.000000 0.000000 -1.570796 0.000000 -1.326450
    62 3.028210 -0.923409 -2.009452 1.574082 -0.012974 1.587244
    63 0.116955 4.311607 0.061861 0.000010 0.000000 0.000000
    64 0.000000 0.000000 0.000001 0.000000 0.000000 0.000000
    65 0.000000 1.000000 0.000008 0.000000 0.000000 0.000000
    66 0.000000 0.000000 0.000002 0.000000 0.000000 0.000000
    67 0.000000 0.000000 0.000002 0.000000 0.000000 0.000000
    68 0.000000 0.000000 0.000002 0.000000 0.000000 0.000000
time 3
    0 0.887207 -8.476563 46.687500 1.584264 0.023145 -0.035098
    1 3.625659 0.000000 0.000000 -2.109224 -0.041879 -1.274673
    2 18.345819 0.000000 0.000000 0.000000 0.000000 0.146107
    3 16.751528 0.000000 0.000000 0.088805 0.359511 -0.565962
    4 5.943489 0.000000 0.000000 0.020410 -0.027737 -0.503045
    5 -3.625659 0.000000 0.000000 -1.177384 -0.090994 -1.842221
    6 18.345812 0.000000 0.000000 0.000000 0.000000 0.140828
    7 16.751524 0.000000 0.000000 0.080434 -0.225772 -0.759492
    8 5.943490 0.000000 0.000000 -0.112069 0.023856 -0.417831
    9 0.000000 4.043964 -0.017929 1.552814 -0.118007 1.620543
    10 3.995838 0.000000 0.000000 -0.020485 0.032643 -0.161450
    11 3.698242 -0.000001 0.000000 -0.019458 0.011395 -0.035768
    12 5.700890 0.000000 0.000000 -0.014167 0.011826 0.459601
    13 5.352852 -0.000001 0.000000 3.040408 0.178753 0.177080
    14 4.461819 0.000000 0.000000 -0.162188 -0.138334 0.681733
    15 4.065388 1.458945 1.500000 -1.537649 -1.002917 -0.145034
    16 5.507357 0.000004 -0.000001 -2.147168 -0.821935 0.031164
    17 10.907398 0.000000 0.000000 0.000000 0.000000 -0.912936
    18 10.424324 -0.000008 -0.000027 1.184685 0.246029 0.171457
    19 2.997274 0.005409 -1.477472 0.280784 0.439290 -0.073277
    20 1.510382 0.000000 0.000000 0.011341 0.016615 -0.257537
    21 0.808655 0.000002 0.000000 -0.054433 -0.175361 0.039377
    22 3.305792 0.203112 -0.546730 0.228981 0.234014 0.043917
    23 1.807182 0.000002 0.000000 -0.051906 -0.088339 -0.190157
    24 0.966137 0.000001 0.000000 0.002387 0.009734 0.099588
    25 3.571512 0.109303 0.409580 0.187237 0.067893 0.178800
    26 2.150654 -0.000002 0.000000 -0.042028 -0.053936 -0.320272
    27 1.152748 0.000000 0.000000 0.001856 0.011945 0.064941
    28 3.684092 -0.158705 1.419183 0.117459 -0.234196 0.132137
    29 1.701014 -0.000002 0.000000 0.051316 0.064006 -0.334034
    30 0.994705 0.000002 0.000000 0.001258 0.038493 0.020488
    31 1.068069 -1.287201 0.981905 1.499838 -0.741490 0.058391
    32 1.836304 -0.000002 -0.000004 -0.000056 -0.188092 0.157023
    33 1.223948 -0.000001 0.000000 -0.000073 -0.040582 0.037650
    34 4.065392 1.458946 -1.500000 1.333410 0.923744 -0.309440
    35 5.507360 0.000008 -0.000001 2.459775 0.597532 0.018796
    36 10.907398 0.000000 0.000004 0.000000 0.000000 -2.373358
    37 10.424301 -0.000005 0.000019 -1.023612 -0.257295 0.129843
    38 2.997293 0.000065 1.477481 -0.235395 -0.272567 0.101045
    39 1.510378 -0.000004 0.000000 -0.011341 -0.016615 -0.257537
    40 0.808655 0.000000 0.000000 0.054433 0.175361 0.039377
    41 3.305817 0.201134 0.547461 -0.204335 -0.146320 0.047397
    42 1.807175 0.000000 0.000000 0.051906 0.088339 -0.190157
    43 0.966141 -0.000001 0.000000 -0.002387 -0.009734 0.099588
    44 3.571524 0.110786 -0.409182 -0.183620 -0.067925 0.084169
    45 2.150656 0.000000 0.000000 0.042028 0.053936 -0.320272
    46 1.152752 0.000000 0.000000 -0.001808 -0.011970 0.185709
    47 3.684113 -0.153563 -1.419748 -0.160217 0.037766 0.136104
    48 1.701017 0.000002 0.000000 -0.051316 -0.064006 -0.334034
    49 0.994705 0.000001 0.000000 -0.001284 -0.038506 0.309237
    50 1.068094 -1.283653 -0.986553 -1.576832 0.727584 -0.058086
    51 1.836306 -0.000002 0.000000 0.000056 0.188092 0.157023
    52 1.223946 0.000000 0.000002 0.000036 0.040586 0.374060
    53 -12.726563 -19.531250 -9.156250 1.698339 0.212760 1.983098
    54 0.000000 0.000000 0.000000 -0.077030 -0.068757 -1.299215
    55 0.000004 -0.000007 -0.000031 1.373047 0.113574 0.124314
    56 0.000000 -0.000007 -0.000031 1.373047 0.113574 0.124314
    57 2.856897 -1.536201 -0.973800 -1.501147 -0.272558 -1.578261
    58 2.856895 -1.536198 -0.973800 -1.501147 -0.272558 -1.578261
    59 0.000000 0.000000 10.000000 0.000000 0.000000 0.000000
    60 0.018898 0.665159 9.395884 0.000000 0.000000 0.000000
    61 2.000008 -3.000000 0.000000 -1.570796 0.000000 -1.326450
    62 3.028210 -0.923409 -2.009452 1.574082 -0.012974 1.587244
    63 0.116955 4.311607 0.061861 0.000010 0.000000 0.000000
    64 0.000000 0.000000 0.000001 0.000000 0.000000 0.000000
    65 0.000000 1.000000 0.000008 0.000000 0.000000 0.000000
    66 0.000000 0.000000 0.000002 0.000000 0.000000 0.000000
    67 0.000000 0.000000 0.000002 0.000000 0.000000 0.000000
    68 0.000000 0.000000 0.000002 0.000000 0.000000 0.000000
time 4
    0 1.093750 -8.406250 46.656250 1.590125 0.017160 -0.044582
    1 3.625659 0.000000 0.000000 -2.111693 -0.046002 -1.277932
    2 18.345819 0.000000 0.000000 0.000000 0.000000 0.144463
    3 16.751528 0.000000 0.000000 0.096106 0.362627 -0.565296
    4 5.943489 0.000000 0.000000 0.020429 -0.027722 -0.504472
    5 -3.625659 0.000000 0.000000 -1.173900 -0.099105 -1.850361
    6 18.345812 0.000000 0.000000 0.000000 0.000000 0.138664
    7 16.751524 0.000000 0.000000 0.080805 -0.220956 -0.764458
    8 5.943490 0.000000 0.000000 -0.112030 0.023830 -0.420127
    9 0.000000 4.043964 -0.017929 1.554955 -0.119969 1.622617
    10 3.995838 0.000000 0.000000 -0.018380 0.033510 -0.160903
    11 3.698242 -0.000001 0.000000 -0.017376 0.010025 -0.038679
    12 5.700890 0.000000 0.000000 -0.013288 0.008829 0.454126
    13 5.352852 -0.000001 0.000000 3.037573 0.177352 0.176901
    14 4.461819 0.000000 0.000000 -0.164242 -0.136239 0.683183
    15 4.065388 1.458945 1.500000 -1.537540 -1.002909 -0.147953
    16 5.507357 0.000004 -0.000001 -2.133167 -0.809986 0.010183
    17 10.907398 0.000000 0.000000 0.000000 0.000000 -0.943636
    18 10.424324 -0.000008 -0.000027 1.184424 0.231297 0.168937
    19 2.997274 0.005409 -1.477472 0.279658 0.435392 -0.072788
    20 1.510382 0.000000 0.000000 0.011341 0.016615 -0.257537
    21 0.808655 0.000002 0.000000 -0.054433 -0.175361 0.039377
    22 3.305792 0.203112 -0.546730 0.228981 0.234014 0.043917
    23 1.807182 0.000002 0.000000 -0.051906 -0.088339 -0.190157
    24 0.966137 0.000001 0.000000 0.002387 0.009734 0.099588
    25 3.571512 0.109303 0.409580 0.187237 0.067893 0.178800
    26 2.150654 -0.000002 0.000000 -0.042028 -0.053936 -0.320272
    27 1.152748 0.000000 0.000000 0.001856 0.011945 0.064941
    28 3.684092 -0.158705 1.419183 0.117459 -0.234196 0.132137
    29 1.701014 -0.000002 0.000000 0.051316 0.064006 -0.334034
    30 0.994705 0.000002 0.000000 0.001258 0.038493 0.020488
    31 1.068069 -1.287201 0.981905 1.502612 -0.734600 0.057785
    32 1.836304 -0.000002 -0.000004 -0.000056 -0.188092 0.157023
    33 1.223948 -0.000001 0.000000 -0.000073 -0.040582 0.037650
    34 4.065392 1.458946 -1.500000 1.357248 0.921757 -0.295327
    35 5.507360 0.000008 -0.000001 2.439963 0.575721 -0.001095
    36 10.907398 0.000000 0.000004 0.000000 0.000000 -2.380894
    37 10.424301 -0.000005 0.000019 -1.033436 -0.251839 0.134129
    38 2.997293 0.000065 1.477481 -0.231261 -0.256972 0.102750
    39 1.510378 -0.000004 0.000000 -0.011341 -0.016615 -0.257537
    40 0.808655 0.000000 0.000000 0.054433 0.175361 0.039377
    41 3.305817 0.201134 0.547461 -0.203149 -0.141179 0.047644
    42 1.807175 0.000000 0.000000 0.051906 0.088339 -0.190157
    43 0.966141 -0.000001 0.000000 -0.002387 -0.009734 0.099588
    44 3.571524 0.110786 -0.409182 -0.183620 -0.067925 0.084169
    45 2.150656 0.000000 0.000000 0.042028 0.053936 -0.320272
    46 1.152752 0.000000 0.000000 -0.001808 -0.011970 0.185709
    47 3.684113 -0.153563 -1.419748 -0.162272 0.029074 0.136339
    48 1.701017 0.000002 0.000000 -0.051316 -0.064006 -0.334034
    49 0.994705 0.000001 0.000000 -0.001284 -0.038506 0.309237
    50 1.068094 -1.283653 -0.986553 -1.587017 0.722334 -0.071196
    51 1.836306 -0.000002 0.000000 0.000056 0.188092 0.157023
    52 1.223946 0.000000 0.000002 -0.000002 0.040584 0.393850
    53 -12.851563 -20.781250 -9.367188 1.698392 0.212847 1.998126
    54 0.000000 0.000000 0.000000 -0.077030 -0.068757 -1.299215
    55 0.000004 -0.000007 -0.000031 1.373047 0.113574 0.124314
    56 0.000000 -0.000007 -0.000031 1.373047 0.113574 0.124314
    57 2.856897 -1.536201 -0.973800 -1.501147 -0.272558 -1.578261
    58 2.856895 -1.536198 -0.973800 -1.501147 -0.272558 -1.578261
    59 0.000000 0.000000 10.000000 0.000000 0.000000 0.000000
    60 0.018898 0.665159 9.395884 0.000000 0.000000 0.000000
    61 2.000008 -3.000000 0.000000 -1.570796 0.000000 -1.326450
    62 3.028210 -0.923409 -2.009452 1.574082 -0.012974 1.587244
    63 0.116955 4.311607 0.061861 0.000010 0.000000 0.000000
    64 0.000000 0.000000 0.000001 0.000000 0.000000 0.000000
    65 0.000000 1.000000 0.000008 0.000000 0.000000 0.000000
    66 0.000000 0.000000 0.000002 0.000000 0.000000 0.000000
    67 0.000000 0.000000 0.000002 0.000000 0.000000 0.000000
    68 0.000000 0.000000 0.000002 0.000000 0.000000 0.000000
time 5
    0 1.291992 -8.320313 46.625000 1.595554 0.011444 -0.054279
    1 3.625659 0.000000 0.000000 -2.115433 -0.050375 -1.280889
    2 18.345819 0.000000 0.000000 0.000000 0.000000 0.141347
    3 16.751528 0.000000 0.000000 0.105542 0.366443 -0.561775
    4 5.943489 0.000000 0.000000 0.020458 -0.027701 -0.506523
    5 -3.625659 0.000000 0.000000 -1.169415 -0.108182 -1.857298
    6 18.345812 0.000000 0.000000 0.000000 0.000000 0.136501
    7 16.751524 0.000000 0.000000 0.076121 -0.221546 -0.769902
    8 5.943490 0.000000 0.000000 -0.112066 0.023830 -0.421630
    9 0.000000 4.043964 -0.017929 1.557045 -0.122589 1.624397
    10 3.995838 0.000000 0.000000 -0.016423 0.034106 -0.160182
    11 3.698242 -0.000001 0.000000 -0.015295 0.008833 -0.041768
    12 5.700890 0.000000 0.000000 -0.012298 0.006256 0.448119
    13 5.352852 -0.000001 0.000000 3.034399 0.175375 0.175330
    14 4.461819 0.000000 0.000000 -0.166159 -0.133714 0.684847
    15 4.065388 1.458945 1.500000 -1.536539 -1.001883 -0.151582
    16 5.507357 0.000004 -0.000001 -2.119425 -0.797338 -0.012019
    17 10.907398 0.000000 0.000000 0.000000 0.000000 -0.974773
    18 10.424324 -0.000008 -0.000027 1.188203 0.221871 0.164322
    19 2.997274 0.005409 -1.477472 0.278519 0.431771 -0.072351
    20 1.510382 0.000000 0.000000 0.011341 0.016615 -0.257537
    21 0.808655 0.000002 0.000000 -0.054433 -0.175361 0.039377
    22 3.305792 0.203112 -0.546730 0.228981 0.234014 0.043917
    23 1.807182 0.000002 0.000000 -0.051906 -0.088339 -0.190157
    24 0.966137 0.000001 0.000000 0.002387 0.009734 0.099588
    25 3.571512 0.109303 0.409580 0.187237 0.067893 0.178800
    26 2.150654 -0.000002 0.000000 -0.042028 -0.053936 -0.320272
    27 1.152748 0.000000 0.000000 0.001856 0.011945 0.064941
    28 3.684092 -0.158705 1.419183 0.117459 -0.234196 0.132137
    29 1.701014 -0.000002 0.000000 0.051316 0.064006 -0.334034
    30 0.994705 0.000002 0.000000 0.001258 0.038493 0.020488
    31 1.068069 -1.287201 0.981905 1.505145 -0.728173 0.057247
    32 1.836304 -0.000002 -0.000004 -0.000056 -0.188092 0.157023
    33 1.223948 -0.000001 0.000000 -0.000073 -0.040582 0.037650
    34 4.065392 1.458946 -1.500000 1.381262 0.918949 -0.281784
    35 5.507360 0.000008 -0.000001 2.420469 0.552828 -0.019616
    36 10.907398 0.000000 0.000004 0.000000 0.000000 -2.387212
    37 10.424301 -0.000005 0.000019 -1.042666 -0.246765 0.136205
    38 2.997293 0.000065 1.477481 -0.227452 -0.242452 0.104427
    39 1.510378 -0.000004 0.000000 -0.011341 -0.016615 -0.257537
    40 0.808655 0.000000 0.000000 0.054433 0.175361 0.039377
    41 3.305817 0.201134 0.547461 -0.201975 -0.136479 0.047857
    42 1.807175 0.000000 0.000000 0.051906 0.088339 -0.190157
    43 0.966141 -0.000001 0.000000 -0.002387 -0.009734 0.099588
    44 3.571524 0.110786 -0.409182 -0.183620 -0.067925 0.084169
    45 2.150656 0.000000 0.000000 0.042028 0.053936 -0.320272
    46 1.152752 0.000000 0.000000 -0.001808 -0.011970 0.185709
    47 3.684113 -0.153563 -1.419748 -0.164117 0.020978 0.136634
    48 1.701017 0.000002 0.000000 -0.051316 -0.064006 -0.334034
    49 0.994705 0.000001 0.000000 -0.001284 -0.038506 0.309237
    50 1.068094 -1.283653 -0.986553 -1.596365 0.717358 -0.083208
    51 1.836306 -0.000002 0.000000 0.000056 0.188092 0.157023
    52 1.223946 0.000000 0.000002 0.000018 0.040568 0.412358
    53 -12.859375 -22.515625 -9.445313 1.698427 0.212623 2.012715
    54 0.000000 0.000000 0.000000 -0.077030 -0.068757 -1.299215
    55 0.000004 -0.000007 -0.000031 1.373047 0.113574 0.124314
    56 0.000000 -0.000007 -0.000031 1.373047 0.113574 0.124314
    57 2.856897 -1.536201 -0.973800 -1.501147 -0.272558 -1.578261
    58 2.856895 -1.536198 -0.973800 -1.501147 -0.272558 -1.578261
    59 0.000000 0.000000 10.000000 0.000000 0.000000 0.000000
    60 0.018898 0.665159 9.395884 0.000000 0.000000 0.000000
    61 2.000008 -3.000000 0.000000 -1.570796 0.000000 -1.326450
    62 3.028210 -0.923409 -2.009452 1.574082 -0.012974 1.587244
    63 0.116955 4.311607 0.061861 0.000010 0.000000 0.000000
    64 0.000000 0.000000 0.000001 0.000000 0.000000 0.000000
    65 0.000000 1.000000 0.000008 0.000000 0.000000 0.000000
    66 0.000000 0.000000 0.000002 0.000000 0.000000 0.000000
    67 0.000000 0.000000 0.000002 0.000000 0.000000 0.000000
    68 0.000000 0.000000 0.000002 0.000000 0.000000 0.000000
time 6
    0 1.490234 -8.234375 46.593750 1.600656 0.004966 -0.063785
    1 3.625659 0.000000 0.000000 -2.116951 -0.055075 -1.284395
    2 18.345819 0.000000 0.000000 0.000000 0.000000 0.136847
    3 16.751528 0.000000 0.000000 0.108632 0.370049 -0.558768
    4 5.943489 0.000000 0.000000 0.020450 -0.027707 -0.505988
    5 -3.625659 0.000000 0.000000 -1.163359 -0.117756 -1.864172
    6 18.345812 0.000000 0.000000 0.000000 0.000000 0.133473
    7 16.751524 0.000000 0.000000 0.063991 -0.229627 -0.770791
    8 5.943490 0.000000 0.000000 -0.112022 0.023865 -0.419510
    9 0.000000 4.043964 -0.017929 1.558991 -0.125617 1.625899
    10 3.995838 0.000000 0.000000 -0.014418 0.034186 -0.159108
    11 3.698242 -0.000001 0.000000 -0.013379 0.007471 -0.044858
    12 5.700890 0.000000 0.000000 -0.011378 0.003705 0.441761
    13 5.352852 -0.000001 0.000000 3.029916 0.172165 0.171713
    14 4.461819 0.000000 0.000000 -0.168094 -0.130468 0.687537
    15 4.065388 1.458945 1.500000 -1.534341 -0.999891 -0.156154
    16 5.507357 0.000004 -0.000001 -2.107199 -0.783721 -0.032916
    17 10.907398 0.000000 0.000000 0.000000 0.000000 -1.003215
    18 10.424324 -0.000008 -0.000027 1.191522 0.215940 0.160825
    19 2.997274 0.005409 -1.477472 0.277576 0.428421 -0.071833
    20 1.510382 0.000000 0.000000 0.011341 0.016615 -0.257537
    21 0.808655 0.000002 0.000000 -0.054433 -0.175361 0.039377
    22 3.305792 0.203112 -0.546730 0.228981 0.234014 0.043917
    23 1.807182 0.000002 0.000000 -0.051906 -0.088339 -0.190157
    24 0.966137 0.000001 0.000000 0.002387 0.009734 0.099588
    25 3.571512 0.109303 0.409580 0.187237 0.067893 0.178800
    26 2.150654 -0.000002 0.000000 -0.042028 -0.053936 -0.320272
    27 1.152748 0.000000 0.000000 0.001856 0.011945 0.064941
    28 3.684092 -0.158705 1.419183 0.117459 -0.234196 0.132137
    29 1.701014 -0.000002 0.000000 0.051316 0.064006 -0.334034
    30 0.994705 0.000002 0.000000 0.001258 0.038493 0.020488
    31 1.068069 -1.287201 0.981905 1.507486 -0.722274 0.056691
    32 1.836304 -0.000002 -0.000004 -0.000056 -0.188092 0.157023
    33 1.223948 -0.000001 0.000000 -0.000073 -0.040582 0.037650
    34 4.065392 1.458946 -1.500000 1.406670 0.915041 -0.268879
    35 5.507360 0.000008 -0.000001 2.402560 0.528935 -0.037582
    36 10.907398 0.000000 0.000004 0.000000 0.000000 -2.393058
    37 10.424301 -0.000005 0.000019 -1.051632 -0.241969 0.133150
    38 2.997293 0.000065 1.477481 -0.223891 -0.229177 0.106075
    39 1.510378 -0.000004 0.000000 -0.011341 -0.016615 -0.257537
    40 0.808655 0.000000 0.000000 0.054433 0.175361 0.039377
    41 3.305817 0.201134 0.547461 -0.200987 -0.132033 0.048115
    42 1.807175 0.000000 0.000000 0.051906 0.088339 -0.190157
    43 0.966141 -0.000001 0.000000 -0.002387 -0.009734 0.099588
    44 3.571524 0.110786 -0.409182 -0.183620 -0.067925 0.084169
    45 2.150656 0.000000 0.000000 0.042028 0.053936 -0.320272
    46 1.152752 0.000000 0.000000 -0.001808 -0.011970 0.185709
    47 3.684113 -0.153563 -1.419748 -0.165835 0.013565 0.136890
    48 1.701017 0.000002 0.000000 -0.051316 -0.064006 -0.334034
    49 0.994705 0.000001 0.000000 -0.001284 -0.038506 0.309237
    50 1.068094 -1.283653 -0.986553 -1.604799 0.712808 -0.094112
    51 1.836306 -0.000002 0.000000 0.000056 0.188092 0.157023
    52 1.223946 0.000000 0.000002 0.000026 0.040640 0.429398
    53 -12.671875 -24.718750 -9.453125 1.699519 0.213551 2.024172
    54 0.000000 0.000000 0.000000 -0.077030 -0.068757 -1.299215
    55 0.000004 -0.000007 -0.000031 1.373047 0.113574 0.124314
    56 0.000000 -0.000007 -0.000031 1.373047 0.113574 0.124314
    57 2.856897 -1.536201 -0.973800 -1.501147 -0.272558 -1.578261
    58 2.856895 -1.536198 -0.973800 -1.501147 -0.272558 -1.578261
    59 0.000000 0.000000 10.000000 0.000000 0.000000 0.000000
    60 0.018898 0.665159 9.395884 0.000000 0.000000 0.000000
    61 2.000008 -3.000000 0.000000 -1.570796 0.000000 -1.326450
    62 3.028210 -0.923409 -2.009452 1.574082 -0.012974 1.587244
    63 0.116955 4.311607 0.061861 0.000010 0.000000 0.000000
    64 0.000000 0.000000 0.000001 0.000000 0.000000 0.000000
    65 0.000000 1.000000 0.000008 0.000000 0.000000 0.000000
    66 0.000000 0.000000 0.000002 0.000000 0.000000 0.000000
    67 0.000000 0.000000 0.000002 0.000000 0.000000 0.000000
    68 0.000000 0.000000 0.000002 0.000000 0.000000 0.000000
time 7
    0 1.683594 -8.140625 46.531250 1.606345 -0.001619 -0.073245
    1 3.625659 0.000000 0.000000 -2.115571 -0.061357 -1.287536
    2 18.345819 0.000000 0.000000 0.000000 0.000000 0.132521
    3 16.751528 0.000000 0.000000 0.109130 0.373861 -0.557211
    4 5.943489 0.000000 0.000000 0.020440 -0.027714 -0.505274
    5 -3.625659 0.000000 0.000000 -1.157994 -0.128733 -1.870414
    6 18.345812 0.000000 0.000000 0.000000 0.000000 0.131396
    7 16.751524 0.000000 0.000000 0.050763 -0.241224 -0.769588
    8 5.943490 0.000000 0.000000 -0.112080 0.023802 -0.418800
    9 0.000000 4.043964 -0.017929 1.560934 -0.128320 1.627237
    10 3.995838 0.000000 0.000000 -0.012503 0.034256 -0.158209
    11 3.698242 -0.000001 0.000000 -0.011461 0.006202 -0.047952
    12 5.700890 0.000000 0.000000 -0.010283 0.001477 0.435139
    13 5.352852 -0.000001 0.000000 3.024894 0.168205 0.164101
    14 4.461819 0.000000 0.000000 -0.170423 -0.126591 0.692035
    15 4.065388 1.458945 1.500000 -1.529841 -0.997267 -0.161585
    16 5.507357 0.000004 -0.000001 -2.097542 -0.770477 -0.048140
    17 10.907398 0.000000 0.000000 0.000000 0.000000 -1.024247
    18 10.424324 -0.000008 -0.000027 1.194447 0.211194 0.154804
    19 2.997274 0.005409 -1.477472 0.276695 0.425451 -0.071429
    20 1.510382 0.000000 0.000000 0.011341 0.016615 -0.257537
    21 0.808655 0.000002 0.000000 -0.054433 -0.175361 0.039377
    22 3.305792 0.203112 -0.546730 0.228981 0.234014 0.043917
    23 1.807182 0.000002 0.000000 -0.051906 -0.088339 -0.190157
    24 0.966137 0.000001 0.000000 0.002387 0.009734 0.099588
    25 3.571512 0.109303 0.409580 0.187237 0.067893 0.178800
    26 2.150654 -0.000002 0.000000 -0.042028 -0.053936 -0.320272
    27 1.152748 0.000000 0.000000 0.001856 0.011945 0.064941
    28 3.684092 -0.158705 1.419183 0.117459 -0.234196 0.132137
    29 1.701014 -0.000002 0.000000 0.051316 0.064006 -0.334034
    30 0.994705 0.000002 0.000000 0.001258 0.038493 0.020488
    31 1.068069 -1.287201 0.981905 1.509478 -0.717026 0.056308
    32 1.836304 -0.000002 -0.000004 -0.000056 -0.188092 0.157023
    33 1.223948 -0.000001 0.000000 -0.000073 -0.040582 0.037650
    34 4.065392 1.458946 -1.500000 1.431783 0.908170 -0.257330
    35 5.507360 0.000008 -0.000001 2.384361 0.504661 -0.054142
    36 10.907398 0.000000 0.000004 0.000000 0.000000 -2.398342
    37 10.424301 -0.000005 0.000019 -1.060130 -0.237121 0.132648
    38 2.997293 0.000065 1.477481 -0.220654 -0.217148 0.107604
    39 1.510378 -0.000004 0.000000 -0.011341 -0.016615 -0.257537
    40 0.808655 0.000000 0.000000 0.054433 0.175361 0.039377
    41 3.305817 0.201134 0.547461 -0.200012 -0.128113 0.048344
    42 1.807175 0.000000 0.000000 0.051906 0.088339 -0.190157
    43 0.966141 -0.000001 0.000000 -0.002387 -0.009734 0.099588
    44 3.571524 0.110786 -0.409182 -0.183620 -0.067925 0.084169
    45 2.150656 0.000000 0.000000 0.042028 0.053936 -0.320272
    46 1.152752 0.000000 0.000000 -0.001808 -0.011970 0.185709
    47 3.684113 -0.153563 -1.419748 -0.167417 0.006919 0.137096
    48 1.701017 0.000002 0.000000 -0.051316 -0.064006 -0.334034
    49 0.994705 0.000001 0.000000 -0.001284 -0.038506 0.309237
    50 1.068094 -1.283653 -0.986553 -1.612495 0.708627 -0.103922
    51 1.836306 -0.000002 0.000000 0.000056 0.188092 0.157023
    52 1.223946 0.000000 0.000002 0.000063 0.040612 0.444612
    53 -12.007813 -27.421875 -9.609375 1.701398 0.218854 2.030111
    54 0.000000 0.000000 0.000000 -0.077030 -0.068757 -1.299215
    55 0.000004 -0.000007 -0.000031 1.373047 0.113574 0.124314
    56 0.000000 -0.000007 -0.000031 1.373047 0.113574 0.124314
    57 2.856897 -1.536201 -0.973800 -1.501147 -0.272558 -1.578261
    58 2.856895 -1.536198 -0.973800 -1.501147 -0.272558 -1.578261
    59 0.000000 0.000000 10.000000 0.000000 0.000000 0.000000
    60 0.018898 0.665159 9.395884 0.000000 0.000000 0.000000
    61 2.000008 -3.000000 0.000000 -1.570796 0.000000 -1.326450
    62 3.028210 -0.923409 -2.009452 1.574082 -0.012974 1.587244
    63 0.116955 4.311607 0.061861 0.000010 0.000000 0.000000
    64 0.000000 0.000000 0.000001 0.000000 0.000000 0.000000
    65 0.000000 1.000000 0.000008 0.000000 0.000000 0.000000
    66 0.000000 0.000000 0.000002 0.000000 0.000000 0.000000
    67 0.000000 0.000000 0.000002 0.000000 0.000000 0.000000
    68 0.000000 0.000000 0.000002 0.000000 0.000000 0.000000
time 8
    0 1.872070 -8.023438 46.437500 1.611422 -0.008026 -0.082674
    1 3.625659 0.000000 0.000000 -2.111813 -0.068343 -1.290351
    2 18.345819 0.000000 0.000000 0.000000 0.000000 0.127244
    3 16.751528 0.000000 0.000000 0.111900 0.376887 -0.556540
    4 5.943489 0.000000 0.000000 0.020421 -0.027729 -0.503848
    5 -3.625659 0.000000 0.000000 -1.154658 -0.140360 -1.875459
    6 18.345812 0.000000 0.000000 0.000000 0.000000 0.131223
    7 16.751524 0.000000 0.000000 0.038792 -0.253859 -0.767128
    8 5.943490 0.000000 0.000000 -0.112077 0.023817 -0.418536
    9 0.000000 4.043964 -0.017929 1.562759 -0.132081 1.628258
    10 3.995838 0.000000 0.000000 -0.010645 0.034062 -0.156875
    11 3.698242 -0.000001 0.000000 -0.009632 0.005194 -0.051136
    12 5.700890 0.000000 0.000000 -0.009268 -0.000371 0.427989
    13 5.352852 -0.000001 0.000000 3.020322 0.164410 0.156105
    14 4.461819 0.000000 0.000000 -0.172479 -0.122561 0.697319
    15 4.065388 1.458945 1.500000 -1.524690 -0.994503 -0.166438
    16 5.507357 0.000004 -0.000001 -2.091650 -0.760155 -0.056628
    17 10.907398 0.000000 0.000000 0.000000 0.000000 -1.036449
    18 10.424324 -0.000008 -0.000027 1.197866 0.210283 0.154089
    19 2.997274 0.005409 -1.477472 0.275989 0.422763 -0.071038
    20 1.510382 0.000000 0.000000 0.011341 0.016615 -0.257537
    21 0.808655 0.000002 0.000000 -0.054433 -0.175361 0.039377
    22 3.305792 0.203112 -0.546730 0.228981 0.234014 0.043917
    23 1.807182 0.000002 0.000000 -0.051906 -0.088339 -0.190157
    24 0.966137 0.000001 0.000000 0.002387 0.009734 0.099588
    25 3.571512 0.109303 0.409580 0.187237 0.067893 0.178800
    26 2.150654 -0.000002 0.000000 -0.042028 -0.053936 -0.320272
    27 1.152748 0.000000 0.000000 0.001856 0.011945 0.064941
    28 3.684092 -0.158705 1.419183 0.117459 -0.234196 0.132137
    29 1.701014 -0.000002 0.000000 0.051316 0.064006 -0.334034
    30 0.994705 0.000002 0.000000 0.001258 0.038493 0.020488
    31 1.068069 -1.287201 0.981905 1.511423 -0.712306 0.055845
    32 1.836304 -0.000002 -0.000004 -0.000056 -0.188092 0.157023
    33 1.223948 -0.000001 0.000000 -0.000073 -0.040582 0.037650
    34 4.065392 1.458946 -1.500000 1.452816 0.898178 -0.248270
    35 5.507360 0.000008 -0.000001 2.367063 0.483997 -0.073130
    36 10.907398 0.000000 0.000004 0.000000 0.000000 -2.402602
    37 10.424301 -0.000005 0.000019 -1.067456 -0.231145 0.135780
    38 2.997293 0.000065 1.477481 -0.217777 -0.206696 0.109130
    39 1.510378 -0.000004 0.000000 -0.011341 -0.016615 -0.257537
    40 0.808655 0.000000 0.000000 0.054433 0.175361 0.039377
    41 3.305817 0.201134 0.547461 -0.199134 -0.124725 0.048464
    42 1.807175 0.000000 0.000000 0.051906 0.088339 -0.190157
    43 0.966141 -0.000001 0.000000 -0.002387 -0.009734 0.099588
    44 3.571524 0.110786 -0.409182 -0.183620 -0.067925 0.084169
    45 2.150656 0.000000 0.000000 0.042028 0.053936 -0.320272
    46 1.152752 0.000000 0.000000 -0.001808 -0.011970 0.185709
    47 3.684113 -0.153563 -1.419748 -0.168770 0.001127 0.137328
    48 1.701017 0.000002 0.000000 -0.051316 -0.064006 -0.334034
    49 0.994705 0.000001 0.000000 -0.001284 -0.038506 0.309237
    50 1.068094 -1.283653 -0.986553 -1.619114 0.704846 -0.112399
    51 1.836306 -0.000002 0.000000 0.000056 0.188092 0.157023
    52 1.223946 0.000000 0.000002 0.000063 0.040585 0.457989
    53 -10.250000 -30.015625 -10.664063 1.703482 0.226706 2.032343
    54 0.000000 0.000000 0.000000 -0.077030 -0.068757 -1.299215
    55 0.000004 -0.000007 -0.000031 1.373047 0.113574 0.124314
    56 0.000000 -0.000007 -0.000031 1.373047 0.113574 0.124314
    57 2.856897 -1.536201 -0.973800 -1.501147 -0.272558 -1.578261
    58 2.856895 -1.536198 -0.973800 -1.501147 -0.272558 -1.578261
    59 0.000000 0.000000 10.000000 0.000000 0.000000 0.000000
    60 0.018898 0.665159 9.395884 0.000000 0.000000 0.000000
    61 2.000008 -3.000000 0.000000 -1.570796 0.000000 -1.326450
    62 3.028210 -0.923409 -2.009452 1.574082 -0.012974 1.587244
    63 0.116955 4.311607 0.061861 0.000010 0.000000 0.000000
    64 0.000000 0.000000 0.000001 0.000000 0.000000 0.000000
    65 0.000000 1.000000 0.000008 0.000000 0.000000 0.000000
    66 0.000000 0.000000 0.000002 0.000000 0.000000 0.000000
    67 0.000000 0.000000 0.000002 0.000000 0.000000 0.000000
    68 0.000000 0.000000 0.000002 0.000000 0.000000 0.000000
time 9
    0 2.048828 -7.898438 46.406250 1.614809 -0.014212 -0.091506
    1 3.625659 0.000000 0.000000 -2.105419 -0.075102 -1.293067
    2 18.345819 0.000000 0.000000 0.000000 0.000000 0.120238
    3 16.751528 0.000000 0.000000 0.118142 0.377785 -0.554618
    4 5.943489 0.000000 0.000000 0.020441 -0.027654 -0.500817
    5 -3.625659 0.000000 0.000000 -1.151020 -0.150786 -1.878711
    6 18.345812 0.000000 0.000000 0.000000 0.000000 0.130877
    7 16.751524 0.000000 0.000000 0.027590 -0.263583 -0.761392
    8 5.943490 0.000000 0.000000 -0.112077 0.023817 -0.418536
    9 0.000000 4.043964 -0.017929 1.564408 -0.137225 1.628685
    10 3.995838 0.000000 0.000000 -0.009017 0.033678 -0.154593
    11 3.698242 -0.000001 0.000000 -0.008065 0.004445 -0.054151
    12 5.700890 0.000000 0.000000 -0.008114 -0.001622 0.420664
    13 5.352852 -0.000001 0.000000 3.017214 0.160641 0.153201
    14 4.461819 0.000000 0.000000 -0.173364 -0.119292 0.699996
    15 4.065388 1.458945 1.500000 -1.522547 -0.993657 -0.166570
    16 5.507357 0.000004 -0.000001 -2.091979 -0.752329 -0.057343
    17 10.907398 0.000000 0.000000 0.000000 0.000000 -1.040923
    18 10.424324 -0.000008 -0.000027 1.199826 0.210568 0.154279
    19 2.997274 0.005409 -1.477472 0.275255 0.420538 -0.070769
    20 1.510382 0.000000 0.000000 0.011341 0.016615 -0.257537
    21 0.808655 0.000002 0.000000 -0.054433 -0.175361 0.039377
    22 3.305792 0.203112 -0.546730 0.228981 0.234014 0.043917
    23 1.807182 0.000002 0.000000 -0.051906 -0.088339 -0.190157
    24 0.966137 0.000001 0.000000 0.002387 0.009734 0.099588
    25 3.571512 0.109303 0.409580 0.187237 0.067893 0.178800
    26 2.150654 -0.000002 0.000000 -0.042028 -0.053936 -0.320272
    27 1.152748 0.000000 0.000000 0.001856 0.011945 0.064941
    28 3.684092 -0.158705 1.419183 0.117459 -0.234196 0.132137
    29 1.701014 -0.000002 0.000000 0.051316 0.064006 -0.334034
    30 0.994705 0.000002 0.000000 0.001258 0.038493 0.020488
    31 1.068069 -1.287201 0.981905 1.512964 -0.708428 0.055509
    32 1.836304 -0.000002 -0.000004 -0.000056 -0.188092 0.157023
    33 1.223948 -0.000001 0.000000 -0.000073 -0.040582 0.037650
    34 4.065392 1.458946 -1.500000 1.467682 0.885753 -0.240489
    35 5.507360 0.000008 -0.000001 2.355722 0.467183 -0.092078
    36 10.907398 0.000000 0.000004 0.000000 0.000000 -2.405286
    37 10.424301 -0.000005 0.000019 -1.074235 -0.224536 0.133877
    38 2.997293 0.000065 1.477481 -0.215327 -0.197831 0.110476
    39 1.510378 -0.000004 0.000000 -0.011341 -0.016615 -0.257537
    40 0.808655 0.000000 0.000000 0.054433 0.175361 0.039377
    41 3.305817 0.201134 0.547461 -0.198447 -0.121764 0.048642
    42 1.807175 0.000000 0.000000 0.051906 0.088339 -0.190157
    43 0.966141 -0.000001 0.000000 -0.002387 -0.009734 0.099588
    44 3.571524 0.110786 -0.409182 -0.183620 -0.067925 0.084169
    45 2.150656 0.000000 0.000000 0.042028 0.053936 -0.320272
    46 1.152752 0.000000 0.000000 -0.001808 -0.011970 0.185709
    47 3.684113 -0.153563 -1.419748 -0.169893 -0.003811 0.137581
    48 1.701017 0.000002 0.000000 -0.051316 -0.064006 -0.334034
    49 0.994705 0.000001 0.000000 -0.001284 -0.038506 0.309237
    50 1.068094 -1.283653 -0.986553 -1.624646 0.701679 -0.119497
    51 1.836306 -0.000002 0.000000 0.000056 0.188092 0.157023
    52 1.223946 0.000000 0.000002 0.000022 0.040560 0.469344
    53 -7.894531 -30.859375 -12.882813 1.706421 0.233562 2.033040
    54 0.000000 0.000000 0.000000 -0.077030 -0.068757 -1.299215
    55 0.000004 -0.000007 -0.000031 1.373047 0.113574 0.124314
    56 0.000000 -0.000007 -0.000031 1.373047 0.113574 0.124314
    57 2.856897 -1.536201 -0.973800 -1.501147 -0.272558 -1.578261
    58 2.856895 -1.536198 -0.973800 -1.501147 -0.272558 -1.578261
    59 0.000000 0.000000 10.000000 0.000000 0.000000 0.000000
    60 0.018898 0.665159 9.395884 0.000000 0.000000 0.000000
    61 2.000008 -3.000000 0.000000 -1.570796 0.000000 -1.326450
    62 3.028210 -0.923409 -2.009452 1.574082 -0.012974 1.587244
    63 0.116955 4.311607 0.061861 0.000010 0.000000 0.000000
    64 0.000000 0.000000 0.000001 0.000000 0.000000 0.000000
    65 0.000000 1.000000 0.000008 0.000000 0.000000 0.000000
    66 0.000000 0.000000 0.000002 0.000000 0.000000 0.000000
    67 0.000000 0.000000 0.000002 0.000000 0.000000 0.000000
    68 0.000000 0.000000 0.000002 0.000000 0.000000 0.000000
time 10
    0 2.212891 -7.777344 46.343750 1.618130 -0.020200 -0.099560
    1 3.625659 0.000000 0.000000 -2.094432 -0.081931 -1.296212
    2 18.345819 0.000000 0.000000 0.000000 0.000000 0.111418
    3 16.751528 0.000000 0.000000 0.117859 0.378234 -0.554482
    4 5.943489 0.000000 0.000000 0.020459 -0.027681 -0.496096
    5 -3.625659 0.000000 0.000000 -1.144175 -0.160391 -1.880877
    6 18.345812 0.000000 0.000000 0.000000 0.000000 0.131223
    7 16.751524 0.000000 0.000000 0.019166 -0.269623 -0.756212
    8 5.943490 0.000000 0.000000 -0.112028 0.023881 -0.415887
    9 0.000000 4.043964 -0.017929 1.565806 -0.141718 1.628560
    10 3.995838 0.000000 0.000000 -0.007463 0.033023 -0.152745
    11 3.698242 -0.000001 0.000000 -0.006592 0.004044 -0.056824
    12 5.700890 0.000000 0.000000 -0.007050 -0.002489 0.414047
    13 5.352852 -0.000001 0.000000 3.015483 0.157695 0.153847
    14 4.461819 0.000000 0.000000 -0.173648 -0.116679 0.701584
    15 4.065388 1.458945 1.500000 -1.521023 -0.994108 -0.166595
    16 5.507357 0.000004 -0.000001 -2.098515 -0.750329 -0.054574
    17 10.907398 0.000000 0.000000 0.000000 0.000000 -1.041222
    18 10.424324 -0.000008 -0.000027 1.200021 0.210941 0.160442
    19 2.997274 0.005409 -1.477472 0.274792 0.418772 -0.070472
    20 1.510382 0.000000 0.000000 0.011341 0.016615 -0.257537
    21 0.808655 0.000002 0.000000 -0.054433 -0.175361 0.039377
    22 3.305792 0.203112 -0.546730 0.228981 0.234014 0.043917
    23 1.807182 0.000002 0.000000 -0.051906 -0.088339 -0.190157
    24 0.966137 0.000001 0.000000 0.002387 0.009734 0.099588
    25 3.571512 0.109303 0.409580 0.187237 0.067893 0.178800
    26 2.150654 -0.000002 0.000000 -0.042028 -0.053936 -0.320272
    27 1.152748 0.000000 0.000000 0.001856 0.011945 0.064941
    28 3.684092 -0.158705 1.419183 0.117459 -0.234196 0.132137
    29 1.701014 -0.000002 0.000000 0.051316 0.064006 -0.334034
    30 0.994705 0.000002 0.000000 0.001258 0.038493 0.020488
    31 1.068069 -1.287201 0.981905 1.514049 -0.705322 0.055378
    32 1.836304 -0.000002 -0.000004 -0.000056 -0.188092 0.157023
    33 1.223948 -0.000001 0.000000 -0.000073 -0.040582 0.037650
    34 4.065392 1.458946 -1.500000 1.476505 0.873484 -0.236766
    35 5.507360 0.000008 -0.000001 2.347562 0.454944 -0.109799
    36 10.907398 0.000000 0.000004 0.000000 0.000000 -2.407969
    37 10.424301 -0.000005 0.000019 -1.080009 -0.218396 0.131349
    38 2.997293 0.000065 1.477481 -0.213399 -0.190725 0.111570
    39 1.510378 -0.000004 0.000000 -0.011341 -0.016615 -0.257537
    40 0.808655 0.000000 0.000000 0.054433 0.175361 0.039377
    41 3.305817 0.201134 0.547461 -0.197864 -0.119411 0.048802
    42 1.807175 0.000000 0.000000 0.051906 0.088339 -0.190157
    43 0.966141 -0.000001 0.000000 -0.002387 -0.009734 0.099588
    44 3.571524 0.110786 -0.409182 -0.183620 -0.067925 0.084169
    45 2.150656 0.000000 0.000000 0.042028 0.053936 -0.320272
    46 1.152752 0.000000 0.000000 -0.001808 -0.011970 0.185709
    47 3.684113 -0.153563 -1.419748 -0.170867 -0.007804 0.137844
    48 1.701017 0.000002 0.000000 -0.051316 -0.064006 -0.334034
    49 0.994705 0.000001 0.000000 -0.001284 -0.038506 0.309237
    50 1.068094 -1.283653 -0.986553 -1.628982 0.699144 -0.125190
    51 1.836306 -0.000002 0.000000 0.000056 0.188092 0.157023
    52 1.223946 0.000000 0.000002 0.000036 0.040601 0.478316
    53 -5.660156 -30.250000 -15.609375 1.711207 0.235280 2.035870
    54 0.000000 0.000000 0.000000 -0.077030 -0.068757 -1.299215
    55 0.000004 -0.000007 -0.000031 1.373047 0.113574 0.124314
    56 0.000000 -0.000007 -0.000031 1.373047 0.113574 0.124314
    57 2.856897 -1.536201 -0.973800 -1.501147 -0.272558 -1.578261
    58 2.856895 -1.536198 -0.973800 -1.501147 -0.272558 -1.578261
    59 0.000000 0.000000 10.000000 0.000000 0.000000 0.000000
    60 0.018898 0.665159 9.395884 0.000000 0.000000 0.000000
    61 2.000008 -3.000000 0.000000 -1.570796 0.000000 -1.326450
    62 3.028210 -0.923409 -2.009452 1.574082 -0.012974 1.587244
    63 0.116955 4.311607 0.061861 0.000010 0.000000 0.000000
    64 0.000000 0.000000 0.000001 0.000000 0.000000 0.000000
    65 0.000000 1.000000 0.000008 0.000000 0.000000 0.000000
    66 0.000000 0.000000 0.000002 0.000000 0.000000 0.000000
    67 0.000000 0.000000 0.000002 0.000000 0.000000 0.000000
    68 0.000000 0.000000 0.000002 0.000000 0.000000 0.000000
time 11
    0 2.369141 -7.707031 46.312500 1.622134 -0.026562 -0.107749
    1 3.625659 0.000000 0.000000 -2.078189 -0.087822 -1.299855
    2 18.345819 0.000000 0.000000 0.000000 0.000000 0.102254
    3 16.751528 0.000000 0.000000 0.115979 0.379955 -0.553612
    4 5.943489 0.000000 0.000000 0.020409 -0.027719 -0.492445
    5 -3.625659 0.000000 0.000000 -1.134748 -0.168470 -1.882619
    6 18.345812 0.000000 0.000000 0.000000 0.000000 0.131137
    7 16.751524 0.000000 0.000000 0.015284 -0.269976 -0.752884
    8 5.943490 0.000000 0.000000 -0.112025 0.023814 -0.408906
    9 0.000000 4.043964 -0.017929 1.567641 -0.143089 1.627501
    10 3.995838 0.000000 0.000000 -0.005837 0.032195 -0.152541
    11 3.698242 -0.000001 0.000000 -0.005035 0.003826 -0.058461
    12 5.700890 0.000000 0.000000 -0.005475 -0.003005 0.410430
    13 5.352852 -0.000001 0.000000 3.014488 0.155541 0.155465
    14 4.461819 0.000000 0.000000 -0.173944 -0.114457 0.702754
    15 4.065388 1.458945 1.500000 -1.522735 -0.996619 -0.164095
    16 5.507357 0.000004 -0.000001 -2.108997 -0.752950 -0.048103
    17 10.907398 0.000000 0.000000 0.000000 0.000000 -1.037840
    18 10.424324 -0.000008 -0.000027 1.199314 0.211427 0.170523
    19 2.997274 0.005409 -1.477472 0.274393 0.417472 -0.070279
    20 1.510382 0.000000 0.000000 0.011341 0.016615 -0.257537
    21 0.808655 0.000002 0.000000 -0.054433 -0.175361 0.039377
    22 3.305792 0.203112 -0.546730 0.228981 0.234014 0.043917
    23 1.807182 0.000002 0.000000 -0.051906 -0.088339 -0.190157
    24 0.966137 0.000001 0.000000 0.002387 0.009734 0.099588
    25 3.571512 0.109303 0.409580 0.187237 0.067893 0.178800
    26 2.150654 -0.000002 0.000000 -0.042028 -0.053936 -0.320272
    27 1.152748 0.000000 0.000000 0.001856 0.011945 0.064941
    28 3.684092 -0.158705 1.419183 0.117459 -0.234196 0.132137
    29 1.701014 -0.000002 0.000000 0.051316 0.064006 -0.334034
    30 0.994705 0.000002 0.000000 0.001258 0.038493 0.020488
    31 1.068069 -1.287201 0.981905 1.515026 -0.702999 0.055190
    32 1.836304 -0.000002 -0.000004 -0.000056 -0.188092 0.157023
    33 1.223948 -0.000001 0.000000 -0.000073 -0.040582 0.037650
    34 4.065392 1.458946 -1.500000 1.482842 0.864273 -0.233012
    35 5.507360 0.000008 -0.000001 2.343688 0.443581 -0.124914
    36 10.907398 0.000000 0.000004 0.000000 0.000000 -2.413699
    37 10.424301 -0.000005 0.000019 -1.085489 -0.212632 0.131090
    38 2.997293 0.000065 1.477481 -0.211847 -0.185634 0.112502
    39 1.510378 -0.000004 0.000000 -0.011341 -0.016615 -0.257537
    40 0.808655 0.000000 0.000000 0.054433 0.175361 0.039377
    41 3.305817 0.201134 0.547461 -0.197476 -0.117751 0.048959
    42 1.807175 0.000000 0.000000 0.051906 0.088339 -0.190157
    43 0.966141 -0.000001 0.000000 -0.002387 -0.009734 0.099588
    44 3.571524 0.110786 -0.409182 -0.183620 -0.067925 0.084169
    45 2.150656 0.000000 0.000000 0.042028 0.053936 -0.320272
    46 1.152752 0.000000 0.000000 -0.001808 -0.011970 0.185709
    47 3.684113 -0.153563 -1.419748 -0.171590 -0.010693 0.138014
    48 1.701017 0.000002 0.000000 -0.051316 -0.064006 -0.334034
    49 0.994705 0.000001 0.000000 -0.001284 -0.038506 0.309237
    50 1.068094 -1.283653 -0.986553 -1.632167 0.697320 -0.129187
    51 1.836306 -0.000002 0.000000 0.000056 0.188092 0.157023
    52 1.223946 0.000000 0.000002 0.000002 0.040642 0.484894
    53 -3.642578 -28.609375 -18.578125 1.716753 0.233409 2.040791
    54 0.000000 0.000000 0.000000 -0.077030 -0.068757 -1.299215
    55 0.000004 -0.000007 -0.000031 1.373047 0.113574 0.124314
    56 0.000000 -0.000007 -0.000031 1.373047 0.113574 0.124314
    57 2.856897 -1.536201 -0.973800 -1.501147 -0.272558 -1.578261
    58 2.856895 -1.536198 -0.973800 -1.501147 -0.272558 -1.578261
    59 0.000000 0.000000 10.000000 0.000000 0.000000 0.000000
    60 0.018898 0.665159 9.395884 0.000000 0.000000 0.000000
    61 2.000008 -3.000000 0.000000 -1.570796 0.000000 -1.326450
    62 3.028210 -0.923409 -2.009452 1.574082 -0.012974 1.587244
    63 0.116955 4.311607 0.061861 0.000010 0.000000 0.000000
    64 0.000000 0.000000 0.000001 0.000000 0.000000 0.000000
    65 0.000000 1.000000 0.000008 0.000000 0.000000 0.000000
    66 0.000000 0.000000 0.000002 0.000000 0.000000 0.000000
    67 0.000000 0.000000 0.000002 0.000000 0.000000 0.000000
    68 0.000000 0.000000 0.000002 0.000000 0.000000 0.000000
time 12
    0 2.513672 -7.679688 46.312500 1.623965 -0.032576 -0.117150
    1 3.625659 0.000000 0.000000 -2.060516 -0.089635 -1.303262
    2 18.345819 0.000000 0.000000 0.000000 0.000000 0.094389
    3 16.751528 0.000000 0.000000 0.114081 0.385291 -0.552466
    4 5.943489 0.000000 0.000000 0.020389 -0.027675 -0.486482
    5 -3.625659 0.000000 0.000000 -1.128684 -0.173553 -1.884236
    6 18.345812 0.000000 0.000000 0.000000 0.000000 0.131915
    7 16.751524 0.000000 0.000000 0.022428 -0.266998 -0.753501
    8 5.943490 0.000000 0.000000 -0.112017 0.023853 -0.408201
    9 0.000000 4.043964 -0.017929 1.569035 -0.143885 1.626170
    10 3.995838 0.000000 0.000000 -0.004044 0.031467 -0.152163
    11 3.698242 -0.000001 0.000000 -0.003399 0.003959 -0.059062
    12 5.700890 0.000000 0.000000 -0.004088 -0.003561 0.408841
    13 5.352852 -0.000001 0.000000 3.014379 0.153498 0.157229
    14 4.461819 0.000000 0.000000 -0.173468 -0.112431 0.703786
    15 4.065388 1.458945 1.500000 -1.526976 -1.000053 -0.160754
    16 5.507357 0.000004 -0.000001 -2.116587 -0.753221 -0.046233
    17 10.907398 0.000000 0.000000 0.000000 0.000000 -1.039928
    18 10.424324 -0.000008 -0.000027 1.201814 0.209712 0.172058
    19 2.997274 0.005409 -1.477472 0.274155 0.416727 -0.070158
    20 1.510382 0.000000 0.000000 0.011341 0.016615 -0.257537
    21 0.808655 0.000002 0.000000 -0.054433 -0.175361 0.039377
    22 3.305792 0.203112 -0.546730 0.228981 0.234014 0.043917
    23 1.807182 0.000002 0.000000 -0.051906 -0.088339 -0.190157
    24 0.966137 0.000001 0.000000 0.002387 0.009734 0.099588
    25 3.571512 0.109303 0.409580 0.187237 0.067893 0.178800
    26 2.150654 -0.000002 0.000000 -0.042028 -0.053936 -0.320272
    27 1.152748 0.000000 0.000000 0.001856 0.011945 0.064941
    28 3.684092 -0.158705 1.419183 0.117459 -0.234196 0.132137
    29 1.701014 -0.000002 0.000000 0.051316 0.064006 -0.334034
    30 0.994705 0.000002 0.000000 0.001258 0.038493 0.020488
    31 1.068069 -1.287201 0.981905 1.515545 -0.701645 0.055013
    32 1.836304 -0.000002 -0.000004 -0.000056 -0.188092 0.157023
    33 1.223948 -0.000001 0.000000 -0.000073 -0.040582 0.037650
    34 4.065392 1.458946 -1.500000 1.488178 0.857161 -0.230130
    35 5.507360 0.000008 -0.000001 2.340648 0.435393 -0.135409
    36 10.907398 0.000000 0.000004 0.000000 0.000000 -2.416193
    37 10.424301 -0.000005 0.000019 -1.090734 -0.208091 0.127256
    38 2.997293 0.000065 1.477481 -0.210941 -0.182625 0.113300
    39 1.510378 -0.000004 0.000000 -0.011341 -0.016615 -0.257537
    40 0.808655 0.000000 0.000000 0.054433 0.175361 0.039377
    41 3.305817 0.201134 0.547461 -0.197274 -0.116706 0.049016
    42 1.807175 0.000000 0.000000 0.051906 0.088339 -0.190157
    43 0.966141 -0.000001 0.000000 -0.002387 -0.009734 0.099588
    44 3.571524 0.110786 -0.409182 -0.183620 -0.067925 0.084169
    45 2.150656 0.000000 0.000000 0.042028 0.053936 -0.320272
    46 1.152752 0.000000 0.000000 -0.001808 -0.011970 0.185709
    47 3.684113 -0.153563 -1.419748 -0.171971 -0.012391 0.138165
    48 1.701017 0.000002 0.000000 -0.051316 -0.064006 -0.334034
    49 0.994705 0.000001 0.000000 -0.001284 -0.038506 0.309237
    50 1.068094 -1.283653 -0.986553 -1.634321 0.696206 -0.131798
    51 1.836306 -0.000002 0.000000 0.000056 0.188092 0.157023
    52 1.223946 0.000000 0.000002 0.000060 0.040558 0.488810
    53 -2.037109 -25.796875 -21.640625 1.721943 0.228589 2.049054
    54 0.000000 0.000000 0.000000 -0.077030 -0.068757 -1.299215
    55 0.000004 -0.000007 -0.000031 1.373047 0.113574 0.124314
    56 0.000000 -0.000007 -0.000031 1.373047 0.113574 0.124314
    57 2.856897 -1.536201 -0.973800 -1.501147 -0.272558 -1.578261
    58 2.856895 -1.536198 -0.973800 -1.501147 -0.272558 -1.578261
    59 0.000000 0.000000 10.000000 0.000000 0.000000 0.000000
    60 0.018898 0.665159 9.395884 0.000000 0.000000 0.000000
    61 2.000008 -3.000000 0.000000 -1.570796 0.000000 -1.326450
    62 3.028210 -0.923409 -2.009452 1.574082 -0.012974 1.587244
    63 0.116955 4.311607 0.061861 0.000010 0.000000 0.000000
    64 0.000000 0.000000 0.000001 0.000000 0.000000 0.000000
    65 0.000000 1.000000 0.000008 0.000000 0.000000 0.000000
    66 0.000000 0.000000 0.000002 0.000000 0.000000 0.000000
    67 0.000000 0.000000 0.000002 0.000000 0.000000 0.000000
    68 0.000000 0.000000 0.000002 0.000000 0.000000 0.000000
time 13
    0 2.650391 -7.687500 46.312500 1.625713 -0.038450 -0.128379
    1 3.625659 0.000000 0.000000 -2.042878 -0.090024 -1.306555
    2 18.345819 0.000000 0.000000 0.000000 0.000000 0.091019
    3 16.751528 0.000000 0.000000 0.125663 0.394579 -0.549686
    4 5.943489 0.000000 0.000000 0.020431 -0.027685 -0.483459
    5 -3.625659 0.000000 0.000000 -1.123596 -0.178543 -1.885767
    6 18.345812 0.000000 0.000000 0.000000 0.000000 0.134338
    7 16.751524 0.000000 0.000000 0.030107 -0.263099 -0.755243
    8 5.943490 0.000000 0.000000 -0.112026 0.023859 -0.404759
    9 0.000000 4.043964 -0.017929 1.571057 -0.143474 1.625126
    10 3.995838 0.000000 0.000000 -0.002199 0.031088 -0.152306
    11 3.698242 -0.000001 0.000000 -0.001404 0.003672 -0.058886
    12 5.700890 0.000000 0.000000 -0.002609 -0.004925 0.409105
    13 5.352852 -0.000001 0.000000 3.014509 0.151340 0.157623
    14 4.461819 0.000000 0.000000 -0.172618 -0.110340 0.705056
    15 4.065388 1.458945 1.500000 -1.532309 -1.004442 -0.159365
    16 5.507357 0.000004 -0.000001 -2.116649 -0.753026 -0.049064
    17 10.907398 0.000000 0.000000 0.000000 0.000000 -1.043611
    18 10.424324 -0.000008 -0.000027 1.204205 0.208632 0.173592
    19 2.997274 0.005409 -1.477472 0.274077 0.416537 -0.070110
    20 1.510382 0.000000 0.000000 0.011341 0.016615 -0.257537
    21 0.808655 0.000002 0.000000 -0.054433 -0.175361 0.039377
    22 3.305792 0.203112 -0.546730 0.228981 0.234014 0.043917
    23 1.807182 0.000002 0.000000 -0.051906 -0.088339 -0.190157
    24 0.966137 0.000001 0.000000 0.002387 0.009734 0.099588
    25 3.571512 0.109303 0.409580 0.187237 0.067893 0.178800
    26 2.150654 -0.000002 0.000000 -0.042028 -0.053936 -0.320272
    27 1.152748 0.000000 0.000000 0.001856 0.011945 0.064941
    28 3.684092 -0.158705 1.419183 0.117459 -0.234196 0.132137
    29 1.701014 -0.000002 0.000000 0.051316 0.064006 -0.334034
    30 0.994705 0.000002 0.000000 0.001258 0.038493 0.020488
    31 1.068069 -1.287201 0.981905 1.515649 -0.701255 0.055090
    32 1.836304 -0.000002 -0.000004 -0.000056 -0.188092 0.157023
    33 1.223948 -0.000001 0.000000 -0.000073 -0.040582 0.037650
    34 4.065392 1.458946 -1.500000 1.492217 0.852190 -0.228962
    35 5.507360 0.000008 -0.000001 2.336834 0.431606 -0.141300
    36 10.907398 0.000000 0.000004 0.000000 0.000000 -2.416562
    37 10.424301 -0.000005 0.000019 -1.094713 -0.204813 0.123886
    38 2.997293 0.000065 1.477481 -0.210578 -0.181721 0.113776
    39 1.510378 -0.000004 0.000000 -0.011341 -0.016615 -0.257537
    40 0.808655 0.000000 0.000000 0.054433 0.175361 0.039377
    41 3.305817 0.201134 0.547461 -0.197182 -0.116442 0.049070
    42 1.807175 0.000000 0.000000 0.051906 0.088339 -0.190157
    43 0.966141 -0.000001 0.000000 -0.002387 -0.009734 0.099588
    44 3.571524 0.110786 -0.409182 -0.183620 -0.067925 0.084169
    45 2.150656 0.000000 0.000000 0.042028 0.053936 -0.320272
    46 1.152752 0.000000 0.000000 -0.001808 -0.011970 0.185709
    47 3.684113 -0.153563 -1.419748 -0.172094 -0.012892 0.138297
    48 1.701017 0.000002 0.000000 -0.051316 -0.064006 -0.334034
    49 0.994705 0.000001 0.000000 -0.001284 -0.038506 0.309237
    50 1.068094 -1.283653 -0.986553 -1.634834 0.695913 -0.132359
    51 1.836306 -0.000002 0.000000 0.000056 0.188092 0.157023
    52 1.223946 0.000000 0.000002 -0.000002 0.040579 0.489876
    53 -1.916016 -21.187500 -24.046875 1.724482 0.224058 2.056939
    54 0.000000 0.000000 0.000000 -0.077030 -0.068757 -1.299215
    55 0.000004 -0.000007 -0.000031 1.373047 0.113574 0.124314
    56 0.000000 -0.000007 -0.000031 1.373047 0.113574 0.124314
    57 2.856897 -1.536201 -0.973800 -1.501147 -0.272558 -1.578261
    58 2.856895 -1.536198 -0.973800 -1.501147 -0.272558 -1.578261
    59 0.000000 0.000000 10.000000 0.000000 0.000000 0.000000
    60 0.018898 0.665159 9.395884 0.000000 0.000000 0.000000
    61 2.000008 -3.000000 0.000000 -1.570796 0.000000 -1.326450
    62 3.028210 -0.923409 -2.009452 1.574082 -0.012974 1.587244
    63 0.116955 4.311607 0.061861 0.000010 0.000000 0.000000
    64 0.000000 0.000000 0.000001 0.000000 0.000000 0.000000
    65 0.000000 1.000000 0.000008 0.000000 0.000000 0.000000
    66 0.000000 0.000000 0.000002 0.000000 0.000000 0.000000
    67 0.000000 0.000000 0.000002 0.000000 0.000000 0.000000
    68 0.000000 0.000000 0.000002 0.000000 0.000000 0.000000
time 14
    0 2.789063 -7.742188 46.343750 1.627578 -0.044520 -0.144487
    1 3.625659 0.000000 0.000000 -2.026336 -0.086789 -1.310754
    2 18.345819 0.000000 0.000000 0.000000 0.000000 0.092834
    3 16.751528 0.000000 0.000000 0.131016 0.399702 -0.549584
    4 5.943489 0.000000 0.000000 0.020426 -0.027689 -0.483103
    5 -3.625659 0.000000 0.000000 -1.122125 -0.184354 -1.887399
    6 18.345812 0.000000 0.000000 0.000000 0.000000 0.138405
    7 16.751524 0.000000 0.000000 0.033063 -0.258130 -0.756435
    8 5.943490 0.000000 0.000000 -0.112021 0.023817 -0.397346
    9 0.000000 4.043964 -0.017929 1.573884 -0.141542 1.624043
    10 3.995838 0.000000 0.000000 0.000576 0.030868 -0.153129
    11 3.698242 -0.000001 0.000000 0.001456 0.003410 -0.057671
    12 5.700890 0.000000 0.000000 -0.000398 -0.006972 0.411922
    13 5.352852 -0.000001 0.000000 3.015028 0.149273 0.156038
    14 4.461819 0.000000 0.000000 -0.171345 -0.108160 0.707208
    15 4.065388 1.458945 1.500000 -1.536152 -1.008935 -0.160320
    16 5.507357 0.000004 -0.000001 -2.111833 -0.752725 -0.056898
    17 10.907398 0.000000 0.000000 0.000000 0.000000 -1.047596
    18 10.424324 -0.000008 -0.000027 1.204715 0.208510 0.179370
    19 2.997274 0.005409 -1.477472 0.274159 0.416902 -0.070134
    20 1.510382 0.000000 0.000000 0.011341 0.016615 -0.257537
    21 0.808655 0.000002 0.000000 -0.054433 -0.175361 0.039377
    22 3.305792 0.203112 -0.546730 0.228981 0.234014 0.043917
    23 1.807182 0.000002 0.000000 -0.051906 -0.088339 -0.190157
    24 0.966137 0.000001 0.000000 0.002387 0.009734 0.099588
    25 3.571512 0.109303 0.409580 0.187237 0.067893 0.178800
    26 2.150654 -0.000002 0.000000 -0.042028 -0.053936 -0.320272
    27 1.152748 0.000000 0.000000 0.001856 0.011945 0.064941
    28 3.684092 -0.158705 1.419183 0.117459 -0.234196 0.132137
    29 1.701014 -0.000002 0.000000 0.051316 0.064006 -0.334034
    30 0.994705 0.000002 0.000000 0.001258 0.038493 0.020488
    31 1.068069 -1.287201 0.981905 1.515343 -0.701900 0.055097
    32 1.836304 -0.000002 -0.000004 -0.000056 -0.188092 0.157023
    33 1.223948 -0.000001 0.000000 -0.000073 -0.040582 0.037650
    34 4.065392 1.458946 -1.500000 1.493042 0.848984 -0.231055
    35 5.507360 0.000008 -0.000001 2.336010 0.433660 -0.143649
    36 10.907398 0.000000 0.000004 0.000000 0.000000 -2.417393
    37 10.424301 -0.000005 0.000019 -1.098376 -0.201570 0.120980
    38 2.997293 0.000065 1.477481 -0.210793 -0.183350 0.113977
    39 1.510378 -0.000004 0.000000 -0.011341 -0.016615 -0.257537
    40 0.808655 0.000000 0.000000 0.054433 0.175361 0.039377
    41 3.305817 0.201134 0.547461 -0.197288 -0.116956 0.049128
    42 1.807175 0.000000 0.000000 0.051906 0.088339 -0.190157
    43 0.966141 -0.000001 0.000000 -0.002387 -0.009734 0.099588
    44 3.571524 0.110786 -0.409182 -0.183620 -0.067925 0.084169
    45 2.150656 0.000000 0.000000 0.042028 0.053936 -0.320272
    46 1.152752 0.000000 0.000000 -0.001808 -0.011970 0.185709
    47 3.684113 -0.153563 -1.419748 -0.171861 -0.012039 0.138307
    48 1.701017 0.000002 0.000000 -0.051316 -0.064006 -0.334034
    49 0.994705 0.000001 0.000000 -0.001284 -0.038506 0.309237
    50 1.068094 -1.283653 -0.986553 -1.634162 0.696546 -0.131174
    51 1.836306 -0.000002 0.000000 0.000056 0.188092 0.157023
    52 1.223946 0.000000 0.000002 0.000044 0.040558 0.488008
    53 -4.136719 -15.617188 -24.359375 1.723990 0.219126 2.062346
    54 0.000000 0.000000 0.000000 -0.077030 -0.068757 -1.299215
    55 0.000004 -0.000007 -0.000031 1.373047 0.113574 0.124314
    56 0.000000 -0.000007 -0.000031 1.373047 0.113574 0.124314
    57 2.856897 -1.536201 -0.973800 -1.501147 -0.272558 -1.578261
    58 2.856895 -1.536198 -0.973800 -1.501147 -0.272558 -1.578261
    59 0.000000 0.000000 10.000000 0.000000 0.000000 0.000000
    60 0.018898 0.665159 9.395884 0.000000 0.000000 0.000000
    61 2.000008 -3.000000 0.000000 -1.570796 0.000000 -1.326450
    62 3.028210 -0.923409 -2.009452 1.574082 -0.012974 1.587244
    63 0.116955 4.311607 0.061861 0.000010 0.000000 0.000000
    64 0.000000 0.000000 0.000001 0.000000 0.000000 0.000000
    65 0.000000 1.000000 0.000008 0.000000 0.000000 0.000000
    66 0.000000 0.000000 0.000002 0.000000 0.000000 0.000000
    67 0.000000 0.000000 0.000002 0.000000 0.000000 0.000000
    68 0.000000 0.000000 0.000002 0.000000 0.000000 0.000000
time 15
    0 2.849609 -7.789063 46.375000 1.628619 -0.048509 -0.155404
    1 3.625659 0.000000 0.000000 -2.011420 -0.081702 -1.312622
    2 18.345819 0.000000 0.000000 0.000000 0.000000 0.096377
    3 16.751528 0.000000 0.000000 0.123818 0.402840 -0.553020
    4 5.943489 0.000000 0.000000 0.020387 -0.027718 -0.480258
    5 -3.625659 0.000000 0.000000 -1.125362 -0.187333 -1.885279
    6 18.345812 0.000000 0.000000 0.000000 0.000000 0.143424
    7 16.751524 0.000000 0.000000 0.043464 -0.246881 -0.759390
    8 5.943490 0.000000 0.000000 -0.112060 0.023848 -0.394968
    9 0.000000 4.043964 -0.017929 1.575425 -0.140653 1.621715
    10 3.995838 0.000000 0.000000 0.002294 0.029874 -0.153362
    11 3.698242 -0.000001 0.000000 0.003098 0.003455 -0.056287
    12 5.700890 0.000000 0.000000 0.001143 -0.007563 0.414828
    13 5.352852 -0.000001 0.000000 3.016250 0.148944 0.151443
    14 4.461819 0.000000 0.000000 -0.170445 -0.107134 0.710902
    15 4.065388 1.458945 1.500000 -1.536381 -1.010540 -0.164559
    16 5.507357 0.000004 -0.000001 -2.104789 -0.749826 -0.066062
    17 10.907398 0.000000 0.000000 0.000000 0.000000 -1.053982
    18 10.424324 -0.000008 -0.000027 1.205442 0.207217 0.183114
    19 2.997274 0.005409 -1.477472 0.274496 0.417912 -0.070200
    20 1.510382 0.000000 0.000000 0.011341 0.016615 -0.257537
    21 0.808655 0.000002 0.000000 -0.054433 -0.175361 0.039377
    22 3.305792 0.203112 -0.546730 0.228981 0.234014 0.043917
    23 1.807182 0.000002 0.000000 -0.051906 -0.088339 -0.190157
    24 0.966137 0.000001 0.000000 0.002387 0.009734 0.099588
    25 3.571512 0.109303 0.409580 0.187237 0.067893 0.178800
    26 2.150654 -0.000002 0.000000 -0.042028 -0.053936 -0.320272
    27 1.152748 0.000000 0.000000 0.001856 0.011945 0.064941
    28 3.684092 -0.158705 1.419183 0.117459 -0.234196 0.132137
    29 1.701014 -0.000002 0.000000 0.051316 0.064006 -0.334034
    30 0.994705 0.000002 0.000000 0.001258 0.038493 0.020488
    31 1.068069 -1.287201 0.981905 1.514717 -0.703708 0.055265
    32 1.836304 -0.000002 -0.000004 -0.000056 -0.188092 0.157023
    33 1.223948 -0.000001 0.000000 -0.000073 -0.040582 0.037650
    34 4.065392 1.458946 -1.500000 1.488582 0.849245 -0.238434
    35 5.507360 0.000008 -0.000001 2.336644 0.440037 -0.142268
    36 10.907398 0.000000 0.000004 0.000000 0.000000 -2.417762
    37 10.424301 -0.000005 0.000019 -1.099706 -0.200064 0.119423
    38 2.997293 0.000065 1.477481 -0.211749 -0.187427 0.113827
    39 1.510378 -0.000004 0.000000 -0.011341 -0.016615 -0.257537
    40 0.808655 0.000000 0.000000 0.054433 0.175361 0.039377
    41 3.305817 0.201134 0.547461 -0.197587 -0.118257 0.049104
    42 1.807175 0.000000 0.000000 0.051906 0.088339 -0.190157
    43 0.966141 -0.000001 0.000000 -0.002387 -0.009734 0.099588
    44 3.571524 0.110786 -0.409182 -0.183620 -0.067925 0.084169
    45 2.150656 0.000000 0.000000 0.042028 0.053936 -0.320272
    46 1.152752 0.000000 0.000000 -0.001808 -0.011970 0.185709
    47 3.684113 -0.153563 -1.419748 -0.171353 -0.009724 0.138362
    48 1.701017 0.000002 0.000000 -0.051316 -0.064006 -0.334034
    49 0.994705 0.000001 0.000000 -0.001284 -0.038506 0.309237
    50 1.068094 -1.283653 -0.986553 -1.631848 0.698062 -0.128004
    51 1.836306 -0.000002 0.000000 0.000056 0.188092 0.157023
    52 1.223946 0.000000 0.000002 0.000044 0.040621 0.482850
    53 -7.785156 -11.585938 -21.734375 1.721959 0.216396 2.065936
    54 0.000000 0.000000 0.000000 -0.077030 -0.068757 -1.299215
    55 0.000004 -0.000007 -0.000031 1.373047 0.113574 0.124314
    56 0.000000 -0.000007 -0.000031 1.373047 0.113574 0.124314
    57 2.856897 -1.536201 -0.973800 -1.501147 -0.272558 -1.578261
    58 2.856895 -1.536198 -0.973800 -1.501147 -0.272558 -1.578261
    59 0.000000 0.000000 10.000000 0.000000 0.000000 0.000000
    60 0.018898 0.665159 9.395884 0.000000 0.000000 0.000000
    61 2.000008 -3.000000 0.000000 -1.570796 0.000000 -1.326450
    62 3.028210 -0.923409 -2.009452 1.574082 -0.012974 1.587244
    63 0.116955 4.311607 0.061861 0.000010 0.000000 0.000000
    64 0.000000 0.000000 0.000001 0.000000 0.000000 0.000000
    65 0.000000 1.000000 0.000008 0.000000 0.000000 0.000000
    66 0.000000 0.000000 0.000002 0.000000 0.000000 0.000000
    67 0.000000 0.000000 0.000002 0.000000 0.000000 0.000000
    68 0.000000 0.000000 0.000002 0.000000 0.000000 0.000000
time 16
    0 2.853516 -7.832031 46.406250 1.628130 -0.051539 -0.163456
    1 3.625659 0.000000 0.000000 -2.004201 -0.078184 -1.311791
    2 18.345819 0.000000 0.000000 0.000000 0.000000 0.108392
    3 16.751528 0.000000 0.000000 0.119399 0.399972 -0.549806
    4 5.943489 0.000000 0.000000 0.020451 -0.027670 -0.484882
    5 -3.625659 0.000000 0.000000 -1.134623 -0.187980 -1.881373
    6 18.345812 0.000000 0.000000 0.000000 0.000000 0.149396
    7 16.751524 0.000000 0.000000 0.056443 -0.232424 -0.762925
    8 5.943490 0.000000 0.000000 -0.112090 0.023874 -0.396028
    9 0.000000 4.043964 -0.017929 1.576416 -0.143010 1.617759
    10 3.995838 0.000000 0.000000 0.003579 0.028064 -0.151872
    11 3.698242 -0.000001 0.000000 0.004128 0.003742 -0.055507
    12 5.700890 0.000000 0.000000 0.002500 -0.006968 0.415970
    13 5.352852 -0.000001 0.000000 3.017822 0.150901 0.139785
    14 4.461819 0.000000 0.000000 -0.170335 -0.106872 0.718354
    15 4.065388 1.458945 1.500000 -1.527112 -1.009914 -0.182106
    16 5.507357 0.000004 -0.000001 -2.092605 -0.749605 -0.078797
    17 10.907398 0.000000 0.000000 0.000000 0.000000 -1.065287
    18 10.424324 -0.000008 -0.000027 1.206606 0.204117 0.186834
    19 2.997274 0.005409 -1.477472 0.274803 0.419297 -0.070401
    20 1.510382 0.000000 0.000000 0.011341 0.016615 -0.257537
    21 0.808655 0.000002 0.000000 -0.054433 -0.175361 0.039377
    22 3.305792 0.203112 -0.546730 0.228981 0.234014 0.043917
    23 1.807182 0.000002 0.000000 -0.051906 -0.088339 -0.190157
    24 0.966137 0.000001 0.000000 0.002387 0.009734 0.099588
    25 3.571512 0.109303 0.409580 0.187237 0.067893 0.178800
    26 2.150654 -0.000002 0.000000 -0.042028 -0.053936 -0.320272
    27 1.152748 0.000000 0.000000 0.001856 0.011945 0.064941
    28 3.684092 -0.158705 1.419183 0.117459 -0.234196 0.132137
    29 1.701014 -0.000002 0.000000 0.051316 0.064006 -0.334034
    30 0.994705 0.000002 0.000000 0.001258 0.038493 0.020488
    31 1.068069 -1.287201 0.981905 1.513787 -0.706163 0.055442
    32 1.836304 -0.000002 -0.000004 -0.000056 -0.188092 0.157023
    33 1.223948 -0.000001 0.000000 -0.000073 -0.040582 0.037650
    34 4.065392 1.458946 -1.500000 1.475436 0.853383 -0.257277
    35 5.507360 0.000008 -0.000001 2.337445 0.452326 -0.139023
    36 10.907398 0.000000 0.000004 0.000000 0.000000 -2.420439
    37 10.424301 -0.000005 0.000019 -1.100559 -0.199836 0.115436
    38 2.997293 0.000065 1.477481 -0.213054 -0.192894 0.113611
    39 1.510378 -0.000004 0.000000 -0.011341 -0.016615 -0.257537
    40 0.808655 0.000000 0.000000 0.054433 0.175361 0.039377
    41 3.305817 0.201134 0.547461 -0.197987 -0.120080 0.049051
    42 1.807175 0.000000 0.000000 0.051906 0.088339 -0.190157
    43 0.966141 -0.000001 0.000000 -0.002387 -0.009734 0.099588
    44 3.571524 0.110786 -0.409182 -0.183620 -0.067925 0.084169
    45 2.150656 0.000000 0.000000 0.042028 0.053936 -0.320272
    46 1.152752 0.000000 0.000000 -0.001808 -0.011970 0.185709
    47 3.684113 -0.153563 -1.419748 -0.170624 -0.006735 0.138358
    48 1.701017 0.000002 0.000000 -0.051316 -0.064006 -0.334034
    49 0.994705 0.000001 0.000000 -0.001284 -0.038506 0.309237
    50 1.068094 -1.283653 -0.986553 -1.628727 0.700080 -0.123583
    51 1.836306 -0.000002 0.000000 0.000056 0.188092 0.157023
    52 1.223946 0.000000 0.000002 0.000069 0.040580 0.475828
    53 -10.976563 -11.460938 -16.609375 1.718464 0.214974 2.069801
    54 0.000000 0.000000 0.000000 -0.077030 -0.068757 -1.299215
    55 0.000004 -0.000007 -0.000031 1.373047 0.113574 0.124314
    56 0.000000 -0.000007 -0.000031 1.373047 0.113574 0.124314
    57 2.856897 -1.536201 -0.973800 -1.501147 -0.272558 -1.578261
    58 2.856895 -1.536198 -0.973800 -1.501147 -0.272558 -1.578261
    59 0.000000 0.000000 10.000000 0.000000 0.000000 0.000000
    60 0.018898 0.665159 9.395884 0.000000 0.000000 0.000000
    61 2.000008 -3.000000 0.000000 -1.570796 0.000000 -1.326450
    62 3.028210 -0.923409 -2.009452 1.574082 -0.012974 1.587244
    63 0.116955 4.311607 0.061861 0.000010 0.000000 0.000000
    64 0.000000 0.000000 0.000001 0.000000 0.000000 0.000000
    65 0.000000 1.000000 0.000008 0.000000 0.000000 0.000000
    66 0.000000 0.000000 0.000002 0.000000 0.000000 0.000000
    67 0.000000 0.000000 0.000002 0.000000 0.000000 0.000000
    68 0.000000 0.000000 0.000002 0.000000 0.000000 0.000000
time 17
    0 2.863281 -7.886719 46.437500 1.626192 -0.053849 -0.169150
    1 3.625659 0.000000 0.000000 -2.001522 -0.075132 -1.310038
    2 18.345819 0.000000 0.000000 0.000000 0.000000 0.123525
    3 16.751528 0.000000 0.000000 0.117069 0.391214 -0.547870
    4 5.943489 0.000000 0.000000 0.020393 -0.027672 -0.486748
    5 -3.625659 0.000000 0.000000 -1.143310 -0.186339 -1.877446
    6 18.345812 0.000000 0.000000 0.000000 0.000000 0.155976
    7 16.751524 0.000000 0.000000 0.066432 -0.218604 -0.763313
    8 5.943490 0.000000 0.000000 -0.112023 0.023807 -0.397522
    9 0.000000 4.043964 -0.017929 1.576981 -0.141764 1.615606
    10 3.995838 0.000000 0.000000 0.004078 0.027236 -0.151693
    11 3.698242 -0.000001 0.000000 0.004733 0.003924 -0.052570
    12 5.700890 0.000000 0.000000 0.003005 -0.006999 0.421617
    13 5.352852 -0.000001 0.000000 3.018366 0.150579 0.134276
    14 4.461819 0.000000 0.000000 -0.169765 -0.106171 0.722397
    15 4.065388 1.458945 1.500000 -1.528136 -1.011267 -0.184786
    16 5.507357 0.000004 -0.000001 -2.087241 -0.744035 -0.084836
    17 10.907398 0.000000 0.000000 0.000000 0.000000 -1.073112
    18 10.424324 -0.000008 -0.000027 1.207473 0.201689 0.191286
    19 2.997274 0.005409 -1.477472 0.275206 0.420773 -0.070570
    20 1.510382 0.000000 0.000000 0.011341 0.016615 -0.257537
    21 0.808655 0.000002 0.000000 -0.054433 -0.175361 0.039377
    22 3.305792 0.203112 -0.546730 0.228981 0.234014 0.043917
    23 1.807182 0.000002 0.000000 -0.051906 -0.088339 -0.190157
    24 0.966137 0.000001 0.000000 0.002387 0.009734 0.099588
    25 3.571512 0.109303 0.409580 0.187237 0.067893 0.178800
    26 2.150654 -0.000002 0.000000 -0.042028 -0.053936 -0.320272
    27 1.152748 0.000000 0.000000 0.001856 0.011945 0.064941
    28 3.684092 -0.158705 1.419183 0.117459 -0.234196 0.132137
    29 1.701014 -0.000002 0.000000 0.051316 0.064006 -0.334034
    30 0.994705 0.000002 0.000000 0.001258 0.038493 0.020488
    31 1.068069 -1.287201 0.981905 1.512761 -0.708683 0.055594
    32 1.836304 -0.000002 -0.000004 -0.000056 -0.188092 0.157023
    33 1.223948 -0.000001 0.000000 -0.000073 -0.040582 0.037650
    34 4.065392 1.458946 -1.500000 1.470393 0.855344 -0.263457
    35 5.507360 0.000008 -0.000001 2.341888 0.457453 -0.137813
    36 10.907398 0.000000 0.000004 0.000000 0.000000 -2.422745
    37 10.424301 -0.000005 0.000019 -1.102097 -0.198842 0.111879
    38 2.997293 0.000065 1.477481 -0.214461 -0.198625 0.113357
    39 1.510378 -0.000004 0.000000 -0.011341 -0.016615 -0.257537
    40 0.808655 0.000000 0.000000 0.054433 0.175361 0.039377
    41 3.305817 0.201134 0.547461 -0.198472 -0.121996 0.048927
    42 1.807175 0.000000 0.000000 0.051906 0.088339 -0.190157
    43 0.966141 -0.000001 0.000000 -0.002387 -0.009734 0.099588
    44 3.571524 0.110786 -0.409182 -0.183620 -0.067925 0.084169
    45 2.150656 0.000000 0.000000 0.042028 0.053936 -0.320272
    46 1.152752 0.000000 0.000000 -0.001808 -0.011970 0.185709
    47 3.684113 -0.153563 -1.419748 -0.169877 -0.003480 0.138421
    48 1.701017 0.000002 0.000000 -0.051316 -0.064006 -0.334034
    49 0.994705 0.000001 0.000000 -0.001284 -0.038506 0.309237
    50 1.068094 -1.283653 -0.986553 -1.625386 0.702166 -0.119011
    51 1.836306 -0.000002 0.000000 0.000056 0.188092 0.157023
    52 1.223946 0.000000 0.000002 0.000005 0.040560 0.468544
    53 -12.804688 -14.335938 -11.140625 1.715365 0.213658 2.073183
    54 0.000000 0.000000 0.000000 -0.077030 -0.068757 -1.299215
    55 0.000004 -0.000007 -0.000031 1.373047 0.113574 0.124314
    56 0.000000 -0.000007 -0.000031 1.373047 0.113574 0.124314
    57 2.856897 -1.536201 -0.973800 -1.501147 -0.272558 -1.578261
    58 2.856895 -1.536198 -0.973800 -1.501147 -0.272558 -1.578261
    59 0.000000 0.000000 10.000000 0.000000 0.000000 0.000000
    60 0.018898 0.665159 9.395884 0.000000 0.000000 0.000000
    61 2.000008 -3.000000 0.000000 -1.570796 0.000000 -1.326450
    62 3.028210 -0.923409 -2.009452 1.574082 -0.012974 1.587244
    63 0.116955 4.311607 0.061861 0.000010 0.000000 0.000000
    64 0.000000 0.000000 0.000001 0.000000 0.000000 0.000000
    65 0.000000 1.000000 0.000008 0.000000 0.000000 0.000000
    66 0.000000 0.000000 0.000002 0.000000 0.000000 0.000000
    67 0.000000 0.000000 0.000002 0.000000 0.000000 0.000000
    68 0.000000 0.000000 0.000002 0.000000 0.000000 0.000000
time 18
    0 2.865234 -7.964844 46.468750 1.623578 -0.055100 -0.171941
    1 3.625659 0.000000 0.000000 -2.000588 -0.071484 -1.307997
    2 18.345819 0.000000 0.000000 0.000000 0.000000 0.136414
    3 16.751528 0.000000 0.000000 0.103940 0.376357 -0.547848
    4 5.943489 0.000000 0.000000 0.020404 -0.027664 -0.487549
    5 -3.625659 0.000000 0.000000 -1.152152 -0.184026 -1.873736
    6 18.345812 0.000000 0.000000 0.000000 0.000000 0.163424
    7 16.751524 0.000000 0.000000 0.070713 -0.209856 -0.761473
    8 5.943490 0.000000 0.000000 -0.112041 0.023836 -0.401846
    9 0.000000 4.043964 -0.017929 1.576953 -0.138463 1.614654
    10 3.995838 0.000000 0.000000 0.004098 0.026807 -0.152645
    11 3.698242 -0.000001 0.000000 0.004831 0.003744 -0.048511
    12 5.700890 0.000000 0.000000 0.003024 -0.007198 0.429654
    13 5.352852 -0.000001 0.000000 3.018135 0.149491 0.130756
    14 4.461819 0.000000 0.000000 -0.169482 -0.105243 0.725424
    15 4.065388 1.458945 1.500000 -1.530925 -1.011396 -0.183877
    16 5.507357 0.000004 -0.000001 -2.085041 -0.737993 -0.089481
    17 10.907398 0.000000 0.000000 0.000000 0.000000 -1.080352
    18 10.424324 -0.000008 -0.000027 1.209659 0.198003 0.190978
    19 2.997274 0.005409 -1.477472 0.275702 0.422252 -0.070719
    20 1.510382 0.000000 0.000000 0.011341 0.016615 -0.257537
    21 0.808655 0.000002 0.000000 -0.054433 -0.175361 0.039377
    22 3.305792 0.203112 -0.546730 0.228981 0.234014 0.043917
    23 1.807182 0.000002 0.000000 -0.051906 -0.088339 -0.190157
    24 0.966137 0.000001 0.000000 0.002387 0.009734 0.099588
    25 3.571512 0.109303 0.409580 0.187237 0.067893 0.178800
    26 2.150654 -0.000002 0.000000 -0.042028 -0.053936 -0.320272
    27 1.152748 0.000000 0.000000 0.001856 0.011945 0.064941
    28 3.684092 -0.158705 1.419183 0.117459 -0.234196 0.132137
    29 1.701014 -0.000002 0.000000 0.051316 0.064006 -0.334034
    30 0.994705 0.000002 0.000000 0.001258 0.038493 0.020488
    31 1.068069 -1.287201 0.981905 1.511734 -0.711269 0.055818
    32 1.836304 -0.000002 -0.000004 -0.000056 -0.188092 0.157023
    33 1.223948 -0.000001 0.000000 -0.000073 -0.040582 0.037650
    34 4.065392 1.458946 -1.500000 1.466340 0.855481 -0.267639
    35 5.507360 0.000008 -0.000001 2.345911 0.461510 -0.138525
    36 10.907398 0.000000 0.000004 0.000000 0.000000 -2.425142
    37 10.424301 -0.000005 0.000019 -1.103767 -0.197613 0.110223
    38 2.997293 0.000065 1.477481 -0.215882 -0.204626 0.113055
    39 1.510378 -0.000004 0.000000 -0.011341 -0.016615 -0.257537
    40 0.808655 0.000000 0.000000 0.054433 0.175361 0.039377
    41 3.305817 0.201134 0.547461 -0.198963 -0.123904 0.048891
    42 1.807175 0.000000 0.000000 0.051906 0.088339 -0.190157
    43 0.966141 -0.000001 0.000000 -0.002387 -0.009734 0.099588
    44 3.571524 0.110786 -0.409182 -0.183620 -0.067925 0.084169
    45 2.150656 0.000000 0.000000 0.042028 0.053936 -0.320272
    46 1.152752 0.000000 0.000000 -0.001808 -0.011970 0.185709
    47 3.684113 -0.153563 -1.419748 -0.169130 -0.000234 0.138401
    48 1.701017 0.000002 0.000000 -0.051316 -0.064006 -0.334034
    49 0.994705 0.000001 0.000000 -0.001284 -0.038506 0.309237
    50 1.068094 -1.283653 -0.986553 -1.621926 0.704379 -0.114262
    51 1.836306 -0.000002 0.000000 0.000056 0.188092 0.157023
    52 1.223946 0.000000 0.000002 0.000040 0.040605 0.461003
    53 -12.515625 -19.484375 -6.738281 1.712622 0.212180 2.076798
    54 0.000000 0.000000 0.000000 -0.077030 -0.068757 -1.299215
    55 0.000004 -0.000007 -0.000031 1.373047 0.113574 0.124314
    56 0.000000 -0.000007 -0.000031 1.373047 0.113574 0.124314
    57 2.856897 -1.536201 -0.973800 -1.501147 -0.272558 -1.578261
    58 2.856895 -1.536198 -0.973800 -1.501147 -0.272558 -1.578261
    59 0.000000 0.000000 10.000000 0.000000 0.000000 0.000000
    60 0.018898 0.665159 9.395884 0.000000 0.000000 0.000000
    61 2.000008 -3.000000 0.000000 -1.570796 0.000000 -1.326450
    62 3.028210 -0.923409 -2.009452 1.574082 -0.012974 1.587244
    63 0.116955 4.311607 0.061861 0.000010 0.000000 0.000000
    64 0.000000 0.000000 0.000001 0.000000 0.000000 0.000000
    65 0.000000 1.000000 0.000008 0.000000 0.000000 0.000000
    66 0.000000 0.000000 0.000002 0.000000 0.000000 0.000000
    67 0.000000 0.000000 0.000002 0.000000 0.000000 0.000000
    68 0.000000 0.000000 0.000002 0.000000 0.000000 0.000000
time 19
    0 2.847656 -8.031250 46.500000 1.620021 -0.055664 -0.170962
    1 3.625659 0.000000 0.000000 -2.002154 -0.067511 -1.306993
    2 18.345819 0.000000 0.000000 0.000000 0.000000 0.143943
    3 16.751528 0.000000 0.000000 0.079187 0.358598 -0.552387
    4 5.943489 0.000000 0.000000 0.020457 -0.027724 -0.489864
    5 -3.625659 0.000000 0.000000 -1.160668 -0.181337 -1.870184
    6 18.345812 0.000000 0.000000 0.000000 0.000000 0.171221
    7 16.751524 0.000000 0.000000 0.069291 -0.208317 -0.755492
    8 5.943490 0.000000 0.000000 -0.112020 0.023884 -0.404319
    9 0.000000 4.043964 -0.017929 1.576198 -0.134735 1.614032
    10 3.995838 0.000000 0.000000 0.003409 0.026584 -0.153607
    11 3.698242 -0.000001 0.000000 0.004238 0.003633 -0.043936
    12 5.700890 0.000000 0.000000 0.002365 -0.007249 0.438408
    13 5.352852 -0.000001 0.000000 3.017207 0.148276 0.128500
    14 4.461819 0.000000 0.000000 -0.169714 -0.104347 0.727852
    15 4.065388 1.458945 1.500000 -1.534516 -1.010554 -0.181337
    16 5.507357 0.000004 -0.000001 -2.083673 -0.730971 -0.093285
    17 10.907398 0.000000 0.000000 0.000000 0.000000 -1.088213
    18 10.424324 -0.000008 -0.000027 1.210965 0.194611 0.194620
    19 2.997274 0.005409 -1.477472 0.276107 0.423816 -0.070875
    20 1.510382 0.000000 0.000000 0.011341 0.016615 -0.257537
    21 0.808655 0.000002 0.000000 -0.054433 -0.175361 0.039377
    22 3.305792 0.203112 -0.546730 0.228981 0.234014 0.043917
    23 1.807182 0.000002 0.000000 -0.051906 -0.088339 -0.190157
    24 0.966137 0.000001 0.000000 0.002387 0.009734 0.099588
    25 3.571512 0.109303 0.409580 0.187237 0.067893 0.178800
    26 2.150654 -0.000002 0.000000 -0.042028 -0.053936 -0.320272
    27 1.152748 0.000000 0.000000 0.001856 0.011945 0.064941
    28 3.684092 -0.158705 1.419183 0.117459 -0.234196 0.132137
    29 1.701014 -0.000002 0.000000 0.051316 0.064006 -0.334034
    30 0.994705 0.000002 0.000000 0.001258 0.038493 0.020488
    31 1.068069 -1.287201 0.981905 1.510657 -0.714051 0.056005
    32 1.836304 -0.000002 -0.000004 -0.000056 -0.188092 0.157023
    33 1.223948 -0.000001 0.000000 -0.000073 -0.040582 0.037650
    34 4.065392 1.458946 -1.500000 1.463429 0.854768 -0.269981
    35 5.507360 0.000008 -0.000001 2.349007 0.463912 -0.141240
    36 10.907398 0.000000 0.000004 0.000000 0.000000 -2.427906
    37 10.424301 -0.000005 0.000019 -1.106152 -0.196184 0.108737
    38 2.997293 0.000065 1.477481 -0.217399 -0.210806 0.112707
    39 1.510378 -0.000004 0.000000 -0.011341 -0.016615 -0.257537
    40 0.808655 0.000000 0.000000 0.054433 0.175361 0.039377
    41 3.305817 0.201134 0.547461 -0.199373 -0.125986 0.048868
    42 1.807175 0.000000 0.000000 0.051906 0.088339 -0.190157
    43 0.966141 -0.000001 0.000000 -0.002387 -0.009734 0.099588
    44 3.571524 0.110786 -0.409182 -0.183620 -0.067925 0.084169
    45 2.150656 0.000000 0.000000 0.042028 0.053936 -0.320272
    46 1.152752 0.000000 0.000000 -0.001808 -0.011970 0.185709
    47 3.684113 -0.153563 -1.419748 -0.168366 0.003270 0.138361
    48 1.701017 0.000002 0.000000 -0.051316 -0.064006 -0.334034
    49 0.994705 0.000001 0.000000 -0.001284 -0.038506 0.309237
    50 1.068094 -1.283653 -0.986553 -1.618235 0.706594 -0.109286
    51 1.836306 -0.000002 0.000000 0.000056 0.188092 0.157023
    52 1.223946 0.000000 0.000002 0.000048 0.040566 0.453114
    53 -8.218750 -24.578125 -7.531250 1.709625 0.211661 2.080183
    54 0.000000 0.000000 0.000000 -0.077030 -0.068757 -1.299215
    55 0.000004 -0.000007 -0.000031 1.373047 0.113574 0.124314
    56 0.000000 -0.000007 -0.000031 1.373047 0.113574 0.124314
    57 2.856897 -1.536201 -0.973800 -1.501147 -0.272558 -1.578261
    58 2.856895 -1.536198 -0.973800 -1.501147 -0.272558 -1.578261
    59 0.000000 0.000000 10.000000 0.000000 0.000000 0.000000
    60 0.018898 0.665159 9.395884 0.000000 0.000000 0.000000
    61 2.000008 -3.000000 0.000000 -1.570796 0.000000 -1.326450
    62 3.028210 -0.923409 -2.009452 1.574082 -0.012974 1.587244
    63 0.116955 4.311607 0.061861 0.000010 0.000000 0.000000
    64 0.000000 0.000000 0.000001 0.000000 0.000000 0.000000
    65 0.000000 1.000000 0.000008 0.000000 0.000000 0.000000
    66 0.000000 0.000000 0.000002 0.000000 0.000000 0.000000
    67 0.000000 0.000000 0.000002 0.000000 0.000000 0.000000
    68 0.000000 0.000000 0.000002 0.000000 0.000000 0.000000
time 20
    0 2.802734 -8.070313 46.531250 1.615317 -0.055866 -0.165404
    1 3.625659 0.000000 0.000000 -2.013454 -0.065178 -1.306791
    2 18.345819 0.000000 0.000000 0.000000 0.000000 0.145068
    3 16.751528 0.000000 0.000000 0.070529 0.347485 -0.560366
    4 5.943489 0.000000 0.000000 0.020431 -0.027685 -0.483459
    5 -3.625659 0.000000 0.000000 -1.167021 -0.179469 -1.866611
    6 18.345812 0.000000 0.000000 0.000000 0.000000 0.178933
    7 16.751524 0.000000 0.000000 0.056424 -0.217926 -0.746179
    8 5.943490 0.000000 0.000000 -0.112061 0.023860 -0.406261
    9 0.000000 4.043964 -0.017929 1.574738 -0.132293 1.613109
    10 3.995838 0.000000 0.000000 0.002061 0.026048 -0.153885
    11 3.698242 -0.000001 0.000000 0.002956 0.003340 -0.039708
    12 5.700890 0.000000 0.000000 0.001028 -0.006784 0.446198
    13 5.352852 -0.000001 0.000000 3.016150 0.147760 0.127499
    14 4.461819 0.000000 0.000000 -0.170339 -0.104037 0.728984
    15 4.065388 1.458945 1.500000 -1.539305 -1.009380 -0.176507
    16 5.507357 0.000004 -0.000001 -2.084512 -0.723520 -0.095077
    17 10.907398 0.000000 0.000000 0.000000 0.000000 -1.097508
    18 10.424324 -0.000008 -0.000027 1.211307 0.191488 0.203029
    19 2.997274 0.005409 -1.477472 0.276493 0.425393 -0.071122
    20 1.510382 0.000000 0.000000 0.011341 0.016615 -0.257537
    21 0.808655 0.000002 0.000000 -0.054433 -0.175361 0.039377
    22 3.305792 0.203112 -0.546730 0.228981 0.234014 0.043917
    23 1.807182 0.000002 0.000000 -0.051906 -0.088339 -0.190157
    24 0.966137 0.000001 0.000000 0.002387 0.009734 0.099588
    25 3.571512 0.109303 0.409580 0.187237 0.067893 0.178800
    26 2.150654 -0.000002 0.000000 -0.042028 -0.053936 -0.320272
    27 1.152748 0.000000 0.000000 0.001856 0.011945 0.064941
    28 3.684092 -0.158705 1.419183 0.117459 -0.234196 0.132137
    29 1.701014 -0.000002 0.000000 0.051316 0.064006 -0.334034
    30 0.994705 0.000002 0.000000 0.001258 0.038493 0.020488
    31 1.068069 -1.287201 0.981905 1.509579 -0.716898 0.056264
    32 1.836304 -0.000002 -0.000004 -0.000056 -0.188092 0.157023
    33 1.223948 -0.000001 0.000000 -0.000073 -0.040582 0.037650
    34 4.065392 1.458946 -1.500000 1.461632 0.854432 -0.269960
    35 5.507360 0.000008 -0.000001 2.351546 0.464373 -0.145457
    36 10.907398 0.000000 0.000004 0.000000 0.000000 -2.430577
    37 10.424301 -0.000005 0.000019 -1.108941 -0.194722 0.105648
    38 2.997293 0.000065 1.477481 -0.218939 -0.217246 0.112402
    39 1.510378 -0.000004 0.000000 -0.011341 -0.016615 -0.257537
    40 0.808655 0.000000 0.000000 0.054433 0.175361 0.039377
    41 3.305817 0.201134 0.547461 -0.199865 -0.128074 0.048765
    42 1.807175 0.000000 0.000000 0.051906 0.088339 -0.190157
    43 0.966141 -0.000001 0.000000 -0.002387 -0.009734 0.099588
    44 3.571524 0.110786 -0.409182 -0.183620 -0.067925 0.084169
    45 2.150656 0.000000 0.000000 0.042028 0.053936 -0.320272
    46 1.152752 0.000000 0.000000 -0.001808 -0.011970 0.185709
    47 3.684113 -0.153563 -1.419748 -0.167516 0.006776 0.138411
    48 1.701017 0.000002 0.000000 -0.051316 -0.064006 -0.334034
    49 0.994705 0.000001 0.000000 -0.001284 -0.038506 0.309237
    50 1.068094 -1.283653 -0.986553 -1.614568 0.708926 -0.104182
    51 1.836306 -0.000002 0.000000 0.000056 0.188092 0.157023
    52 1.223946 0.000000 0.000002 0.000072 0.040612 0.445055
    53 -3.341797 -25.765625 -11.742188 1.706819 0.210631 2.084645
    54 0.000000 0.000000 0.000000 -0.077030 -0.068757 -1.299215
    55 0.000004 -0.000007 -0.000031 1.373047 0.113574 0.124314
    56 0.000000 -0.000007 -0.000031 1.373047 0.113574 0.124314
    57 2.856897 -1.536201 -0.973800 -1.501147 -0.272558 -1.578261
    58 2.856895 -1.536198 -0.973800 -1.501147 -0.272558 -1.578261
    59 0.000000 0.000000 10.000000 0.000000 0.000000 0.000000
    60 0.018898 0.665159 9.395884 0.000000 0.000000 0.000000
    61 2.000008 -3.000000 0.000000 -1.570796 0.000000 -1.326450
    62 3.028210 -0.923409 -2.009452 1.574082 -0.012974 1.587244
    63 0.116955 4.311607 0.061861 0.000010 0.000000 0.000000
    64 0.000000 0.000000 0.000001 0.000000 0.000000 0.000000
    65 0.000000 1.000000 0.000008 0.000000 0.000000 0.000000
    66 0.000000 0.000000 0.000002 0.000000 0.000000 0.000000
    67 0.000000 0.000000 0.000002 0.000000 0.000000 0.000000
    68 0.000000 0.000000 0.000002 0.000000 0.000000 0.000000
time 21
    0 2.707031 -8.062500 46.562500 1.608891 -0.054710 -0.151045
    1 3.625659 0.000000 0.000000 -2.030508 -0.067269 -1.304836
    2 18.345819 0.000000 0.000000 0.000000 0.000000 0.143770
    3 16.751528 0.000000 0.000000 0.063396 0.344416 -0.570638
    4 5.943489 0.000000 0.000000 0.020391 -0.027714 -0.480613
    5 -3.625659 0.000000 0.000000 -1.169102 -0.175860 -1.861894
    6 18.345812 0.000000 0.000000 0.000000 0.000000 0.184308
    7 16.751524 0.000000 0.000000 0.035630 -0.237445 -0.734036
    8 5.943490 0.000000 0.000000 -0.112040 0.023867 -0.412795
    9 0.000000 4.043964 -0.017929 1.571491 -0.132177 1.611894
    10 3.995838 0.000000 0.000000 -0.000979 0.025207 -0.152971
    11 3.698242 -0.000001 0.000000 -0.000058 0.003194 -0.036173
    12 5.700890 0.000000 0.000000 -0.001678 -0.005372 0.452138
    13 5.352852 -0.000001 0.000000 3.014085 0.147667 0.127882
    14 4.461819 0.000000 0.000000 -0.171841 -0.104432 0.728504
    15 4.065388 1.458945 1.500000 -1.544478 -1.009023 -0.170405
    16 5.507357 0.000004 -0.000001 -2.089770 -0.717784 -0.091790
    17 10.907398 0.000000 0.000000 0.000000 0.000000 -1.104700
    18 10.424324 -0.000008 -0.000027 1.211629 0.188294 0.211387
    19 2.997274 0.005409 -1.477472 0.276994 0.427048 -0.071245
    20 1.510382 0.000000 0.000000 0.011341 0.016615 -0.257537
    21 0.808655 0.000002 0.000000 -0.054433 -0.175361 0.039377
    22 3.305792 0.203112 -0.546730 0.228981 0.234014 0.043917
    23 1.807182 0.000002 0.000000 -0.051906 -0.088339 -0.190157
    24 0.966137 0.000001 0.000000 0.002387 0.009734 0.099588
    25 3.571512 0.109303 0.409580 0.187237 0.067893 0.178800
    26 2.150654 -0.000002 0.000000 -0.042028 -0.053936 -0.320272
    27 1.152748 0.000000 0.000000 0.001856 0.011945 0.064941
    28 3.684092 -0.158705 1.419183 0.117459 -0.234196 0.132137
    29 1.701014 -0.000002 0.000000 0.051316 0.064006 -0.334034
    30 0.994705 0.000002 0.000000 0.001258 0.038493 0.020488
    31 1.068069 -1.287201 0.981905 1.508554 -0.719815 0.056445
    32 1.836304 -0.000002 -0.000004 -0.000056 -0.188092 0.157023
    33 1.223948 -0.000001 0.000000 -0.000073 -0.040582 0.037650
    34 4.065392 1.458946 -1.500000 1.459792 0.855173 -0.268869
    35 5.507360 0.000008 -0.000001 2.351657 0.464015 -0.149961
    36 10.907398 0.000000 0.000004 0.000000 0.000000 -2.432235
    37 10.424301 -0.000005 0.000019 -1.112084 -0.192888 0.103178
    38 2.997293 0.000065 1.477481 -0.220575 -0.223867 0.112052
    39 1.510378 -0.000004 0.000000 -0.011341 -0.016615 -0.257537
    40 0.808655 0.000000 0.000000 0.054433 0.175361 0.039377
    41 3.305817 0.201134 0.547461 -0.200361 -0.130249 0.048672
    42 1.807175 0.000000 0.000000 0.051906 0.088339 -0.190157
    43 0.966141 -0.000001 0.000000 -0.002387 -0.009734 0.099588
    44 3.571524 0.110786 -0.409182 -0.183620 -0.067925 0.084169
    45 2.150656 0.000000 0.000000 0.042028 0.053936 -0.320272
    46 1.152752 0.000000 0.000000 -0.001808 -0.011970 0.185709
    47 3.684113 -0.153563 -1.419748 -0.166655 0.010446 0.138364
    48 1.701017 0.000002 0.000000 -0.051316 -0.064006 -0.334034
    49 0.994705 0.000001 0.000000 -0.001284 -0.038506 0.309237
    50 1.068094 -1.283653 -0.986553 -1.610664 0.711258 -0.098848
    51 1.836306 -0.000002 0.000000 0.000056 0.188092 0.157023
    52 1.223946 0.000000 0.000002 0.000070 0.040574 0.436648
    53 -0.916504 -21.843750 -16.312500 1.704676 0.207923 2.088204
    54 0.000000 0.000000 0.000000 -0.077030 -0.068757 -1.299215
    55 0.000004 -0.000007 -0.000031 1.373047 0.113574 0.124314
    56 0.000000 -0.000007 -0.000031 1.373047 0.113574 0.124314
    57 2.856897 -1.536201 -0.973800 -1.501147 -0.272558 -1.578261
    58 2.856895 -1.536198 -0.973800 -1.501147 -0.272558 -1.578261
    59 0.000000 0.000000 10.000000 0.000000 0.000000 0.000000
    60 0.018898 0.665159 9.395884 0.000000 0.000000 0.000000
    61 2.000008 -3.000000 0.000000 -1.570796 0.000000 -1.326450
    62 3.028210 -0.923409 -2.009452 1.574082 -0.012974 1.587244
    63 0.116955 4.311607 0.061861 0.000010 0.000000 0.000000
    64 0.000000 0.000000 0.000001 0.000000 0.000000 0.000000
    65 0.000000 1.000000 0.000008 0.000000 0.000000 0.000000
    66 0.000000 0.000000 0.000002 0.000000 0.000000 0.000000
    67 0.000000 0.000000 0.000002 0.000000 0.000000 0.000000
    68 0.000000 0.000000 0.000002 0.000000 0.000000 0.000000
time 22
    0 2.576172 -8.007813 46.625000 1.599731 -0.051559 -0.127638
    1 3.625659 0.000000 0.000000 -2.047638 -0.071049 -1.302119
    2 18.345819 0.000000 0.000000 0.000000 0.000000 0.139270
    3 16.751528 0.000000 0.000000 0.057920 0.347597 -0.574910
    4 5.943489 0.000000 0.000000 0.020456 -0.027734 -0.462501
    5 -3.625659 0.000000 0.000000 -1.165711 -0.169596 -1.855955
    6 18.345812 0.000000 0.000000 0.000000 0.000000 0.187949
    7 16.751524 0.000000 0.000000 0.027965 -0.253603 -0.725408
    8 5.943490 0.000000 0.000000 -0.112089 0.023849 -0.411293
    9 0.000000 4.043964 -0.017929 1.566883 -0.135099 1.611504
    10 3.995838 0.000000 0.000000 -0.005403 0.024613 -0.150341
    11 3.698242 -0.000001 0.000000 -0.004537 0.002859 -0.033503
    12 5.700890 0.000000 0.000000 -0.005885 -0.003598 0.455601
    13 5.352852 -0.000001 0.000000 3.011195 0.148409 0.130678
    14 4.461819 0.000000 0.000000 -0.174529 -0.104845 0.726646
    15 4.065388 1.458945 1.500000 -1.549187 -1.007915 -0.164243
    16 5.507357 0.000004 -0.000001 -2.101196 -0.716819 -0.085425
    17 10.907398 0.000000 0.000000 0.000000 0.000000 -1.107135
    18 10.424324 -0.000008 -0.000027 1.212522 0.183800 0.216932
    19 2.997274 0.005409 -1.477472 0.277475 0.428716 -0.071458
    20 1.510382 0.000000 0.000000 0.011341 0.016615 -0.257537
    21 0.808655 0.000002 0.000000 -0.054433 -0.175361 0.039377
    22 3.305792 0.203112 -0.546730 0.228981 0.234014 0.043917
    23 1.807182 0.000002 0.000000 -0.051906 -0.088339 -0.190157
    24 0.966137 0.000001 0.000000 0.002387 0.009734 0.099588
    25 3.571512 0.109303 0.409580 0.187237 0.067893 0.178800
    26 2.150654 -0.000002 0.000000 -0.042028 -0.053936 -0.320272
    27 1.152748 0.000000 0.000000 0.001856 0.011945 0.064941
    28 3.684092 -0.158705 1.419183 0.117459 -0.234196 0.132137
    29 1.701014 -0.000002 0.000000 0.051316 0.064006 -0.334034
    30 0.994705 0.000002 0.000000 0.001258 0.038493 0.020488
    31 1.068069 -1.287201 0.981905 1.507234 -0.722727 0.056740
    32 1.836304 -0.000002 -0.000004 -0.000056 -0.188092 0.157023
    33 1.223948 -0.000001 0.000000 -0.000073 -0.040582 0.037650
    34 4.065392 1.458946 -1.500000 1.453943 0.858008 -0.270221
    35 5.507360 0.000008 -0.000001 2.350606 0.464464 -0.153974
    36 10.907398 0.000000 0.000004 0.000000 0.000000 -2.432787
    37 10.424301 -0.000005 0.000019 -1.114747 -0.191958 0.100082
    38 2.997293 0.000065 1.477481 -0.222221 -0.230576 0.111726
    39 1.510378 -0.000004 0.000000 -0.011341 -0.016615 -0.257537
    40 0.808655 0.000000 0.000000 0.054433 0.175361 0.039377
    41 3.305817 0.201134 0.547461 -0.200944 -0.132422 0.048586
    42 1.807175 0.000000 0.000000 0.051906 0.088339 -0.190157
    43 0.966141 -0.000001 0.000000 -0.002387 -0.009734 0.099588
    44 3.571524 0.110786 -0.409182 -0.183620 -0.067925 0.084169
    45 2.150656 0.000000 0.000000 0.042028 0.053936 -0.320272
    46 1.152752 0.000000 0.000000 -0.001808 -0.011970 0.185709
    47 3.684113 -0.153563 -1.419748 -0.165795 0.014123 0.138407
    48 1.701017 0.000002 0.000000 -0.051316 -0.064006 -0.334034
    49 0.994705 0.000001 0.000000 -0.001284 -0.038506 0.309237
    50 1.068094 -1.283653 -0.986553 -1.606523 0.713652 -0.093350
    51 1.836306 -0.000002 0.000000 0.000056 0.188092 0.157023
    52 1.223946 0.000000 0.000002 -0.000001 0.040640 0.428072
    53 -2.136719 -15.093750 -19.218750 1.704386 0.201003 2.089492
    54 0.000000 0.000000 0.000000 -0.077030 -0.068757 -1.299215
    55 0.000004 -0.000007 -0.000031 1.373047 0.113574 0.124314
    56 0.000000 -0.000007 -0.000031 1.373047 0.113574 0.124314
    57 2.856897 -1.536201 -0.973800 -1.501147 -0.272558 -1.578261
    58 2.856895 -1.536198 -0.973800 -1.501147 -0.272558 -1.578261
    59 0.000000 0.000000 10.000000 0.000000 0.000000 0.000000
    60 0.018898 0.665159 9.395884 0.000000 0.000000 0.000000
    61 2.000008 -3.000000 0.000000 -1.570796 0.000000 -1.326450
    62 3.028210 -0.923409 -2.009452 1.574082 -0.012974 1.587244
    63 0.116955 4.311607 0.061861 0.000010 0.000000 0.000000
    64 0.000000 0.000000 0.000001 0.000000 0.000000 0.000000
    65 0.000000 1.000000 0.000008 0.000000 0.000000 0.000000
    66 0.000000 0.000000 0.000002 0.000000 0.000000 0.000000
    67 0.000000 0.000000 0.000002 0.000000 0.000000 0.000000
    68 0.000000 0.000000 0.000002 0.000000 0.000000 0.000000
time 23
    0 2.414063 -8.000000 46.687500 1.588629 -0.046501 -0.108495
    1 3.625659 0.000000 0.000000 -2.073531 -0.069206 -1.299168
    2 18.345819 0.000000 0.000000 0.000000 0.000000 0.131569
    3 16.751528 0.000000 0.000000 0.048783 0.354711 -0.566483
    4 5.943489 0.000000 0.000000 0.020380 -0.027678 -0.447699
    5 -3.625659 0.000000 0.000000 -1.166923 -0.163278 -1.847443
    6 18.345812 0.000000 0.000000 0.000000 0.000000 0.189597
    7 16.751524 0.000000 0.000000 0.026139 -0.264082 -0.712895
    8 5.943490 0.000000 0.000000 -0.112033 0.023825 -0.405375
    9 0.000000 4.043964 -0.017929 1.564883 -0.137589 1.610630
    10 3.995838 0.000000 0.000000 -0.007417 0.024209 -0.147594
    11 3.698242 -0.000001 0.000000 -0.006514 0.002578 -0.030310
    12 5.700890 0.000000 0.000000 -0.007910 -0.003113 0.459858
    13 5.352852 -0.000001 0.000000 3.007481 0.151961 0.135330
    14 4.461819 0.000000 0.000000 -0.179840 -0.105879 0.724529
    15 4.065388 1.458945 1.500000 -1.566541 -1.004017 -0.148347
    16 5.507357 0.000004 -0.000001 -2.108301 -0.715851 -0.084582
    17 10.907398 0.000000 0.000000 0.000000 0.000000 -1.112111
    18 10.424324 -0.000008 -0.000027 1.214328 0.179041 0.218754
    19 2.997274 0.005409 -1.477472 0.277959 0.430472 -0.071659
    20 1.510382 0.000000 0.000000 0.011341 0.016615 -0.257537
    21 0.808655 0.000002 0.000000 -0.054433 -0.175361 0.039377
    22 3.305792 0.203112 -0.546730 0.228981 0.234014 0.043917
    23 1.807182 0.000002 0.000000 -0.051906 -0.088339 -0.190157
    24 0.966137 0.000001 0.000000 0.002387 0.009734 0.099588
    25 3.571512 0.109303 0.409580 0.187237 0.067893 0.178800
    26 2.150654 -0.000002 0.000000 -0.042028 -0.053936 -0.320272
    27 1.152748 0.000000 0.000000 0.001856 0.011945 0.064941
    28 3.684092 -0.158705 1.419183 0.117459 -0.234196 0.132137
    29 1.701014 -0.000002 0.000000 0.051316 0.064006 -0.334034
    30 0.994705 0.000002 0.000000 0.001258 0.038493 0.020488
    31 1.068069 -1.287201 0.981905 1.506112 -0.725775 0.056970
    32 1.836304 -0.000002 -0.000004 -0.000056 -0.188092 0.157023
    33 1.223948 -0.000001 0.000000 -0.000073 -0.040582 0.037650
    34 4.065392 1.458946 -1.500000 1.438732 0.866448 -0.276751
    35 5.507360 0.000008 -0.000001 2.349040 0.465512 -0.156282
    36 10.907398 0.000000 0.000004 0.000000 0.000000 -2.434352
    37 10.424301 -0.000005 0.000019 -1.118272 -0.190620 0.095196
    38 2.997293 0.000065 1.477481 -0.223961 -0.237562 0.111281
    39 1.510378 -0.000004 0.000000 -0.011341 -0.016615 -0.257537
    40 0.808655 0.000000 0.000000 0.054433 0.175361 0.039377
    41 3.305817 0.201134 0.547461 -0.201443 -0.134683 0.048505
    42 1.807175 0.000000 0.000000 0.051906 0.088339 -0.190157
    43 0.966141 -0.000001 0.000000 -0.002387 -0.009734 0.099588
    44 3.571524 0.110786 -0.409182 -0.183620 -0.067925 0.084169
    45 2.150656 0.000000 0.000000 0.042028 0.053936 -0.320272
    46 1.152752 0.000000 0.000000 -0.001808 -0.011970 0.185709
    47 3.684113 -0.153563 -1.419748 -0.164923 0.017965 0.138353
    48 1.701017 0.000002 0.000000 -0.051316 -0.064006 -0.334034
    49 0.994705 0.000001 0.000000 -0.001284 -0.038506 0.309237
    50 1.068094 -1.283653 -0.986553 -1.602041 0.716110 -0.087517
    51 1.836306 -0.000002 0.000000 0.000056 0.188092 0.157023
    52 1.223946 0.000000 0.000002 0.000073 0.040586 0.419242
    53 -7.015625 -10.273438 -18.515625 1.702992 0.191161 2.092096
    54 0.000000 0.000000 0.000000 -0.077030 -0.068757 -1.299215
    55 0.000004 -0.000007 -0.000031 1.373047 0.113574 0.124314
    56 0.000000 -0.000007 -0.000031 1.373047 0.113574 0.124314
    57 2.856897 -1.536201 -0.973800 -1.501147 -0.272558 -1.578261
    58 2.856895 -1.536198 -0.973800 -1.501147 -0.272558 -1.578261
    59 0.000000 0.000000 10.000000 0.000000 0.000000 0.000000
    60 0.018898 0.665159 9.395884 0.000000 0.000000 0.000000
    61 2.000008 -3.000000 0.000000 -1.570796 0.000000 -1.326450
    62 3.028210 -0.923409 -2.009452 1.574082 -0.012974 1.587244
    63 0.116955 4.311607 0.061861 0.000010 0.000000 0.000000
    64 0.000000 0.000000 0.000001 0.000000 0.000000 0.000000
    65 0.000000 1.000000 0.000008 0.000000 0.000000 0.000000
    66 0.000000 0.000000 0.000002 0.000000 0.000000 0.000000
    67 0.000000 0.000000 0.000002 0.000000 0.000000 0.000000
    68 0.000000 0.000000 0.000002 0.000000 0.000000 0.000000
time 24
    0 2.210938 -8.023438 46.812500 1.575748 -0.039970 -0.091493
    1 3.625659 0.000000 0.000000 -2.104815 -0.064324 -1.294130
    2 18.345819 0.000000 0.000000 0.000000 0.000000 0.127330
    3 16.751528 0.000000 0.000000 0.040280 0.361625 -0.551631
    4 5.943489 0.000000 0.000000 0.020463 -0.027692 -0.430716
    5 -3.625659 0.000000 0.000000 -1.169081 -0.154120 -1.837295
    6 18.345812 0.000000 0.000000 0.000000 0.000000 0.186909
    7 16.751524 0.000000 0.000000 0.031935 -0.266258 -0.694737
    8 5.943490 0.000000 0.000000 -0.112077 0.023882 -0.399203
    9 0.000000 4.043964 -0.017929 1.562947 -0.139192 1.609468
    10 3.995838 0.000000 0.000000 -0.009076 0.023663 -0.145014
    11 3.698242 -0.000001 0.000000 -0.008316 0.002136 -0.026167
    12 5.700890 0.000000 0.000000 -0.009827 -0.002904 0.465627
    13 5.352852 -0.000001 0.000000 3.005659 0.156591 0.140913
    14 4.461819 0.000000 0.000000 -0.183884 -0.107923 0.721591
    15 4.065388 1.458945 1.500000 -1.592281 -0.999189 -0.130542
    16 5.507357 0.000004 -0.000001 -2.098234 -0.712498 -0.094390
    17 10.907398 0.000000 0.000000 0.000000 0.000000 -1.120966
    18 10.424324 -0.000008 -0.000027 1.216420 0.176350 0.220800
    19 2.997274 0.005409 -1.477472 0.278444 0.432228 -0.071859
    20 1.510382 0.000000 0.000000 0.011341 0.016615 -0.257537
    21 0.808655 0.000002 0.000000 -0.054433 -0.175361 0.039377
    22 3.305792 0.203112 -0.546730 0.228981 0.234014 0.043917
    23 1.807182 0.000002 0.000000 -0.051906 -0.088339 -0.190157
    24 0.966137 0.000001 0.000000 0.002387 0.009734 0.099588
    25 3.571512 0.109303 0.409580 0.187237 0.067893 0.178800
    26 2.150654 -0.000002 0.000000 -0.042028 -0.053936 -0.320272
    27 1.152748 0.000000 0.000000 0.001856 0.011945 0.064941
    28 3.684092 -0.158705 1.419183 0.117459 -0.234196 0.132137
    29 1.701014 -0.000002 0.000000 0.051316 0.064006 -0.334034
    30 0.994705 0.000002 0.000000 0.001258 0.038493 0.020488
    31 1.068069 -1.287201 0.981905 1.504892 -0.728954 0.057247
    32 1.836304 -0.000002 -0.000004 -0.000056 -0.188092 0.157023
    33 1.223948 -0.000001 0.000000 -0.000073 -0.040582 0.037650
    34 4.065392 1.458946 -1.500000 1.432212 0.876875 -0.284140
    35 5.507360 0.000008 -0.000001 2.332988 0.470176 -0.165735
    36 10.907398 0.000000 0.000004 0.000000 0.000000 -2.435916
    37 10.424301 -0.000005 0.000019 -1.121011 -0.192203 0.088768
    38 2.997293 0.000065 1.477481 -0.225711 -0.244638 0.110861
    39 1.510378 -0.000004 0.000000 -0.011341 -0.016615 -0.257537
    40 0.808655 0.000000 0.000000 0.054433 0.175361 0.039377
    41 3.305817 0.201134 0.547461 -0.202034 -0.137029 0.048440
    42 1.807175 0.000000 0.000000 0.051906 0.088339 -0.190157
    43 0.966141 -0.000001 0.000000 -0.002387 -0.009734 0.099588
    44 3.571524 0.110786 -0.409182 -0.183620 -0.067925 0.084169
    45 2.150656 0.000000 0.000000 0.042028 0.053936 -0.320272
    46 1.152752 0.000000 0.000000 -0.001808 -0.011970 0.185709
    47 3.684113 -0.153563 -1.419748 -0.164046 0.021900 0.138383
    48 1.701017 0.000002 0.000000 -0.051316 -0.064006 -0.334034
    49 0.994705 0.000001 0.000000 -0.001284 -0.038506 0.309237
    50 1.068094 -1.283653 -0.986553 -1.597746 0.718610 -0.081805
    51 1.836306 -0.000002 0.000000 0.000056 0.188092 0.157023
    52 1.223946 0.000000 0.000002 0.000061 0.040551 0.410330
    53 -11.367188 -12.242188 -14.781250 1.697054 0.182192 2.096292
    54 0.000000 0.000000 0.000000 -0.077030 -0.068757 -1.299215
    55 0.000004 -0.000007 -0.000031 1.373047 0.113574 0.124314
    56 0.000000 -0.000007 -0.000031 1.373047 0.113574 0.124314
    57 2.856897 -1.536201 -0.973800 -1.501147 -0.272558 -1.578261
    58 2.856895 -1.536198 -0.973800 -1.501147 -0.272558 -1.578261
    59 0.000000 0.000000 10.000000 0.000000 0.000000 0.000000
    60 0.018898 0.665159 9.395884 0.000000 0.000000 0.000000
    61 2.000008 -3.000000 0.000000 -1.570796 0.000000 -1.326450
    62 3.028210 -0.923409 -2.009452 1.574082 -0.012974 1.587244
    63 0.116955 4.311607 0.061861 0.000010 0.000000 0.000000
    64 0.000000 0.000000 0.000001 0.000000 0.000000 0.000000
    65 0.000000 1.000000 0.000008 0.000000 0.000000 0.000000
    66 0.000000 0.000000 0.000002 0.000000 0.000000 0.000000
    67 0.000000 0.000000 0.000002 0.000000 0.000000 0.000000
    68 0.000000 0.000000 0.000002 0.000000 0.000000 0.000000
time 25
    0 1.999023 -8.093750 46.937500 1.561563 -0.033872 -0.077647
    1 3.625659 0.000000 0.000000 -2.125207 -0.054287 -1.288365
    2 18.345819 0.000000 0.000000 0.000000 0.000000 0.129407
    3 16.751528 0.000000 0.000000 0.033105 0.363451 -0.547038
    4 5.943489 0.000000 0.000000 0.020400 -0.027750 -0.436993
    5 -3.625659 0.000000 0.000000 -1.172317 -0.139767 -1.828273
    6 18.345812 0.000000 0.000000 0.000000 0.000000 0.182747
    7 16.751524 0.000000 0.000000 0.038272 -0.268242 -0.678841
    8 5.943490 0.000000 0.000000 -0.112065 0.023879 -0.391091
    9 0.000000 4.043964 -0.017929 1.560658 -0.136156 1.609125
    10 3.995838 0.000000 0.000000 -0.011304 0.023506 -0.144088
    11 3.698242 -0.000001 0.000000 -0.010365 0.000505 -0.019254
    12 5.700890 0.000000 0.000000 -0.013013 -0.004571 0.476123
    13 5.352852 -0.000001 0.000000 3.006010 0.159741 0.149798
    14 4.461819 0.000000 0.000000 -0.185123 -0.110727 0.716279
    15 4.065388 1.458945 1.500000 -1.622741 -0.998883 -0.103691
    16 5.507357 0.000004 -0.000001 -2.090276 -0.704064 -0.099294
    17 10.907398 0.000000 0.000000 0.000000 0.000000 -1.122801
    18 10.424324 -0.000008 -0.000027 1.218709 0.175179 0.223099
    19 2.997274 0.005409 -1.477472 0.279002 0.434001 -0.072130
    20 1.510382 0.000000 0.000000 0.011341 0.016615 -0.257537
    21 0.808655 0.000002 0.000000 -0.054433 -0.175361 0.039377
    22 3.305792 0.203112 -0.546730 0.228981 0.234014 0.043917
    23 1.807182 0.000002 0.000000 -0.051906 -0.088339 -0.190157
    24 0.966137 0.000001 0.000000 0.002387 0.009734 0.099588
    25 3.571512 0.109303 0.409580 0.187237 0.067893 0.178800
    26 2.150654 -0.000002 0.000000 -0.042028 -0.053936 -0.320272
    27 1.152748 0.000000 0.000000 0.001856 0.011945 0.064941
    28 3.684092 -0.158705 1.419183 0.117459 -0.234196 0.132137
    29 1.701014 -0.000002 0.000000 0.051316 0.064006 -0.334034
    30 0.994705 0.000002 0.000000 0.001258 0.038493 0.020488
    31 1.068069 -1.287201 0.981905 1.503524 -0.732131 0.057585
    32 1.836304 -0.000002 -0.000004 -0.000056 -0.188092 0.157023
    33 1.223948 -0.000001 0.000000 -0.000073 -0.040582 0.037650
    34 4.065392 1.458946 -1.500000 1.439204 0.890008 -0.278595
    35 5.507360 0.000008 -0.000001 2.312784 0.474088 -0.174210
    36 10.907398 0.000000 0.000004 0.000000 0.000000 -2.434536
    37 10.424301 -0.000005 0.000019 -1.124906 -0.193244 0.081313
    38 2.997293 0.000065 1.477481 -0.227479 -0.251890 0.110477
    39 1.510378 -0.000004 0.000000 -0.011341 -0.016615 -0.257537
    40 0.808655 0.000000 0.000000 0.054433 0.175361 0.039377
    41 3.305817 0.201134 0.547461 -0.202537 -0.139377 0.048370
    42 1.807175 0.000000 0.000000 0.051906 0.088339 -0.190157
    43 0.966141 -0.000001 0.000000 -0.002387 -0.009734 0.099588
    44 3.571524 0.110786 -0.409182 -0.183620 -0.067925 0.084169
    45 2.150656 0.000000 0.000000 0.042028 0.053936 -0.320272
    46 1.152752 0.000000 0.000000 -0.001808 -0.011970 0.185709
    47 3.684113 -0.153563 -1.419748 -0.163078 0.025908 0.138324
    48 1.701017 0.000002 0.000000 -0.051316 -0.064006 -0.334034
    49 0.994705 0.000001 0.000000 -0.001284 -0.038506 0.309237
    50 1.068094 -1.283653 -0.986553 -1.593313 0.721035 -0.075828
    51 1.836306 -0.000002 0.000000 0.000056 0.188092 0.157023
    52 1.223946 0.000000 0.000002 0.000062 0.040601 0.401162
    53 -13.125000 -17.468750 -11.109375 1.690418 0.170298 2.096240
    54 0.000000 0.000000 0.000000 -0.077030 -0.068757 -1.299215
    55 0.000004 -0.000007 -0.000031 1.373047 0.113574 0.124314
    56 0.000000 -0.000007 -0.000031 1.373047 0.113574 0.124314
    57 2.856897 -1.536201 -0.973800 -1.501147 -0.272558 -1.578261
    58 2.856895 -1.536198 -0.973800 -1.501147 -0.272558 -1.578261
    59 0.000000 0.000000 10.000000 0.000000 0.000000 0.000000
    60 0.018898 0.665159 9.395884 0.000000 0.000000 0.000000
    61 2.000008 -3.000000 0.000000 -1.570796 0.000000 -1.326450
    62 3.028210 -0.923409 -2.009452 1.574082 -0.012974 1.587244
    63 0.116955 4.311607 0.061861 0.000010 0.000000 0.000000
    64 0.000000 0.000000 0.000001 0.000000 0.000000 0.000000
    65 0.000000 1.000000 0.000008 0.000000 0.000000 0.000000
    66 0.000000 0.000000 0.000002 0.000000 0.000000 0.000000
    67 0.000000 0.000000 0.000002 0.000000 0.000000 0.000000
    68 0.000000 0.000000 0.000002 0.000000 0.000000 0.000000
time 26
    0 1.783203 -8.226563 47.156250 1.545697 -0.029935 -0.069611
    1 3.625659 0.000000 0.000000 -2.133717 -0.037215 -1.284663
    2 18.345819 0.000000 0.000000 0.000000 0.000000 0.136068
    3 16.751528 0.000000 0.000000 0.025389 0.352177 -0.561680
    4 5.943489 0.000000 0.000000 0.020443 -0.027718 -0.440089
    5 -3.625659 0.000000 0.000000 -1.181184 -0.119931 -1.822178
    6 18.345812 0.000000 0.000000 0.000000 0.000000 0.178760
    7 16.751524 0.000000 0.000000 0.050420 -0.272968 -0.667083
    8 5.943490 0.000000 0.000000 -0.112065 0.023879 -0.391091
    9 0.000000 4.043964 -0.017929 1.559386 -0.129906 1.607956
    10 3.995838 0.000000 0.000000 -0.012458 0.022731 -0.143924
    11 3.698242 -0.000001 0.000000 -0.011298 -0.002299 -0.009656
    12 5.700890 0.000000 0.000000 -0.015829 -0.008145 0.489947
    13 5.352852 -0.000001 0.000000 3.007186 0.163333 0.157331
    14 4.461819 0.000000 0.000000 -0.185691 -0.114827 0.710600
    15 4.065388 1.458945 1.500000 -1.658283 -1.002843 -0.068137
    16 5.507357 0.000004 -0.000001 -2.086647 -0.693335 -0.098974
    17 10.907398 0.000000 0.000000 0.000000 0.000000 -1.120456
    18 10.424324 -0.000008 -0.000027 1.220009 0.175182 0.229022
    19 2.997274 0.005409 -1.477472 0.279489 0.435846 -0.072317
    20 1.510382 0.000000 0.000000 0.011341 0.016615 -0.257537
    21 0.808655 0.000002 0.000000 -0.054433 -0.175361 0.039377
    22 3.305792 0.203112 -0.546730 0.228981 0.234014 0.043917
    23 1.807182 0.000002 0.000000 -0.051906 -0.088339 -0.190157
    24 0.966137 0.000001 0.000000 0.002387 0.009734 0.099588
    25 3.571512 0.109303 0.409580 0.187237 0.067893 0.178800
    26 2.150654 -0.000002 0.000000 -0.042028 -0.053936 -0.320272
    27 1.152748 0.000000 0.000000 0.001856 0.011945 0.064941
    28 3.684092 -0.158705 1.419183 0.117459 -0.234196 0.132137
    29 1.701014 -0.000002 0.000000 0.051316 0.064006 -0.334034
    30 0.994705 0.000002 0.000000 0.001258 0.038493 0.020488
    31 1.068069 -1.287201 0.981905 1.502308 -0.735314 0.057869
    32 1.836304 -0.000002 -0.000004 -0.000056 -0.188092 0.157023
    33 1.223948 -0.000001 0.000000 -0.000073 -0.040582 0.037650
    34 4.065392 1.458946 -1.500000 1.453203 0.911423 -0.265053
    35 5.507360 0.000008 -0.000001 2.290753 0.478844 -0.178414
    36 10.907398 0.000000 0.000004 0.000000 0.000000 -2.433615
    37 10.424301 -0.000005 0.000019 -1.128100 -0.195684 0.075260
    38 2.997293 0.000065 1.477481 -0.229248 -0.259243 0.110032
    39 1.510378 -0.000004 0.000000 -0.011341 -0.016615 -0.257537
    40 0.808655 0.000000 0.000000 0.054433 0.175361 0.039377
    41 3.305817 0.201134 0.547461 -0.203131 -0.141809 0.048317
    42 1.807175 0.000000 0.000000 0.051906 0.088339 -0.190157
    43 0.966141 -0.000001 0.000000 -0.002387 -0.009734 0.099588
    44 3.571524 0.110786 -0.409182 -0.183620 -0.067925 0.084169
    45 2.150656 0.000000 0.000000 0.042028 0.053936 -0.320272
    46 1.152752 0.000000 0.000000 -0.001808 -0.011970 0.185709
    47 3.684113 -0.153563 -1.419748 -0.162103 0.030009 0.138349
    48 1.701017 0.000002 0.000000 -0.051316 -0.064006 -0.334034
    49 0.994705 0.000001 0.000000 -0.001284 -0.038506 0.309237
    50 1.068094 -1.283653 -0.986553 -1.588782 0.723577 -0.069802
    51 1.836306 -0.000002 0.000000 0.000056 0.188092 0.157023
    52 1.223946 0.000000 0.000002 0.000041 0.040567 0.391826
    53 -8.914063 -23.828125 -10.273438 1.683265 0.153339 2.093789
    54 0.000000 0.000000 0.000000 -0.077030 -0.068757 -1.299215
    55 0.000004 -0.000007 -0.000031 1.373047 0.113574 0.124314
    56 0.000000 -0.000007 -0.000031 1.373047 0.113574 0.124314
    57 2.856897 -1.536201 -0.973800 -1.501147 -0.272558 -1.578261
    58 2.856895 -1.536198 -0.973800 -1.501147 -0.272558 -1.578261
    59 0.000000 0.000000 10.000000 0.000000 0.000000 0.000000
    60 0.018898 0.665159 9.395884 0.000000 0.000000 0.000000
    61 2.000008 -3.000000 0.000000 -1.570796 0.000000 -1.326450
    62 3.028210 -0.923409 -2.009452 1.574082 -0.012974 1.587244
    63 0.116955 4.311607 0.061861 0.000010 0.000000 0.000000
    64 0.000000 0.000000 0.000001 0.000000 0.000000 0.000000
    65 0.000000 1.000000 0.000008 0.000000 0.000000 0.000000
    66 0.000000 0.000000 0.000002 0.000000 0.000000 0.000000
    67 0.000000 0.000000 0.000002 0.000000 0.000000 0.000000
    68 0.000000 0.000000 0.000002 0.000000 0.000000 0.000000
time 27
    0 1.574219 -8.382813 47.406250 1.533152 -0.025222 -0.065712
    1 3.625659 0.000000 0.000000 -2.138766 -0.020518 -1.281538
    2 18.345819 0.000000 0.000000 0.000000 0.000000 0.145242
    3 16.751528 0.000000 0.000000 0.011341 0.333922 -0.585428
    4 5.943489 0.000000 0.000000 0.020446 -0.027728 -0.451066
    5 -3.625659 0.000000 0.000000 -1.191463 -0.101905 -1.815724
    6 18.345812 0.000000 0.000000 0.000000 0.000000 0.178500
    7 16.751524 0.000000 0.000000 0.059500 -0.272083 -0.662636
    8 5.943490 0.000000 0.000000 -0.112077 0.023876 -0.387831
    9 0.000000 4.043964 -0.017929 1.558841 -0.123386 1.607923
    10 3.995838 0.000000 0.000000 -0.012950 0.022260 -0.144446
    11 3.698242 -0.000001 0.000000 -0.011303 -0.005881 -0.001952
    12 5.700890 0.000000 0.000000 -0.018430 -0.012843 0.500431
    13 5.352852 -0.000001 0.000000 3.008007 0.167679 0.158177
    14 4.461819 0.000000 0.000000 -0.186668 -0.118516 0.707232
    15 4.065388 1.458945 1.500000 -1.690537 -1.010874 -0.032353
    16 5.507357 0.000004 -0.000001 -2.081396 -0.683759 -0.096545
    17 10.907398 0.000000 0.000000 0.000000 0.000000 -1.123311
    18 10.424324 -0.000008 -0.000027 1.223019 0.174703 0.228552
    19 2.997274 0.005409 -1.477472 0.280050 0.437707 -0.072574
    20 1.510382 0.000000 0.000000 0.011341 0.016615 -0.257537
    21 0.808655 0.000002 0.000000 -0.054433 -0.175361 0.039377
    22 3.305792 0.203112 -0.546730 0.228981 0.234014 0.043917
    23 1.807182 0.000002 0.000000 -0.051906 -0.088339 -0.190157
    24 0.966137 0.000001 0.000000 0.002387 0.009734 0.099588
    25 3.571512 0.109303 0.409580 0.187237 0.067893 0.178800
    26 2.150654 -0.000002 0.000000 -0.042028 -0.053936 -0.320272
    27 1.152748 0.000000 0.000000 0.001856 0.011945 0.064941
    28 3.684092 -0.158705 1.419183 0.117459 -0.234196 0.132137
    29 1.701014 -0.000002 0.000000 0.051316 0.064006 -0.334034
    30 0.994705 0.000002 0.000000 0.001258 0.038493 0.020488
    31 1.068069 -1.287201 0.981905 1.500993 -0.738628 0.058202
    32 1.836304 -0.000002 -0.000004 -0.000056 -0.188092 0.157023
    33 1.223948 -0.000001 0.000000 -0.000073 -0.040582 0.037650
    34 4.065392 1.458946 -1.500000 1.468375 0.940339 -0.249036
    35 5.507360 0.000008 -0.000001 2.265307 0.485001 -0.173589
    36 10.907398 0.000000 0.000004 0.000000 0.000000 -2.431958
    37 10.424301 -0.000005 0.000019 -1.131443 -0.199622 0.064120
    38 2.997293 0.000065 1.477481 -0.231105 -0.266691 0.109537
    39 1.510378 -0.000004 0.000000 -0.011341 -0.016615 -0.257537
    40 0.808655 0.000000 0.000000 0.054433 0.175361 0.039377
    41 3.305817 0.201134 0.547461 -0.203720 -0.144250 0.048179
    42 1.807175 0.000000 0.000000 0.051906 0.088339 -0.190157
    43 0.966141 -0.000001 0.000000 -0.002387 -0.009734 0.099588
    44 3.571524 0.110786 -0.409182 -0.183620 -0.067925 0.084169
    45 2.150656 0.000000 0.000000 0.042028 0.053936 -0.320272
    46 1.152752 0.000000 0.000000 -0.001808 -0.011970 0.185709
    47 3.684113 -0.153563 -1.419748 -0.161212 0.034194 0.138285
    48 1.701017 0.000002 0.000000 -0.051316 -0.064006 -0.334034
    49 0.994705 0.000001 0.000000 -0.001284 -0.038506 0.309237
    50 1.068094 -1.283653 -0.986553 -1.584026 0.726108 -0.063542
    51 1.836306 -0.000002 0.000000 0.000056 0.188092 0.157023
    52 1.223946 0.000000 0.000002 0.000035 0.040619 0.382324
    53 -2.437500 -25.937500 -11.906250 1.674893 0.135509 2.095846
    54 0.000000 0.000000 0.000000 -0.077030 -0.068757 -1.299215
    55 0.000004 -0.000007 -0.000031 1.373047 0.113574 0.124314
    56 0.000000 -0.000007 -0.000031 1.373047 0.113574 0.124314
    57 2.856897 -1.536201 -0.973800 -1.501147 -0.272558 -1.578261
    58 2.856895 -1.536198 -0.973800 -1.501147 -0.272558 -1.578261
    59 0.000000 0.000000 10.000000 0.000000 0.000000 0.000000
    60 0.018898 0.665159 9.395884 0.000000 0.000000 0.000000
    61 2.000008 -3.000000 0.000000 -1.570796 0.000000 -1.326450
    62 3.028210 -0.923409 -2.009452 1.574082 -0.012974 1.587244
    63 0.116955 4.311607 0.061861 0.000010 0.000000 0.000000
    64 0.000000 0.000000 0.000001 0.000000 0.000000 0.000000
    65 0.000000 1.000000 0.000008 0.000000 0.000000 0.000000
    66 0.000000 0.000000 0.000002 0.000000 0.000000 0.000000
    67 0.000000 0.000000 0.000002 0.000000 0.000000 0.000000
    68 0.000000 0.000000 0.000002 0.000000 0.000000 0.000000
time 28
    0 1.362305 -8.554688 47.718750 1.524516 -0.020464 -0.064423
    1 3.625659 0.000000 0.000000 -2.142579 -0.005988 -1.279309
    2 18.345819 0.000000 0.000000 0.000000 0.000000 0.154937
    3 16.751528 0.000000 0.000000 -0.005823 0.318053 -0.607051
    4 5.943489 0.000000 0.000000 0.020437 -0.027706 -0.467202
    5 -3.625659 0.000000 0.000000 -1.202356 -0.085887 -1.808330
    6 18.345812 0.000000 0.000000 0.000000 0.000000 0.180407
    7 16.751524 0.000000 0.000000 0.061539 -0.268286 -0.664851
    8 5.943490 0.000000 0.000000 -0.112101 0.023879 -0.381137
    9 0.000000 4.043964 -0.017929 1.558816 -0.113790 1.609774
    10 3.995838 0.000000 0.000000 -0.012902 0.022513 -0.146178
    11 3.698242 -0.000001 0.000000 -0.010831 -0.011530 0.006969
    12 5.700890 0.000000 0.000000 -0.021813 -0.020259 0.512061
    13 5.352852 -0.000001 0.000000 3.007855 0.173573 0.155283
    14 4.461819 0.000000 0.000000 -0.189411 -0.123618 0.710121
    15 4.065388 1.458945 1.500000 -1.717263 -1.019602 -0.003163
    16 5.507357 0.000004 -0.000001 -2.076241 -0.676204 -0.091548
    17 10.907398 0.000000 0.000000 0.000000 0.000000 -1.125249
    18 10.424324 -0.000008 -0.000027 1.229565 0.172936 0.219380
    19 2.997274 0.005409 -1.477472 0.280540 0.439641 -0.072747
    20 1.510382 0.000000 0.000000 0.011341 0.016615 -0.257537
    21 0.808655 0.000002 0.000000 -0.054433 -0.175361 0.039377
    22 3.305792 0.203112 -0.546730 0.228981 0.234014 0.043917
    23 1.807182 0.000002 0.000000 -0.051906 -0.088339 -0.190157
    24 0.966137 0.000001 0.000000 0.002387 0.009734 0.099588
    25 3.571512 0.109303 0.409580 0.187237 0.067893 0.178800
    26 2.150654 -0.000002 0.000000 -0.042028 -0.053936 -0.320272
    27 1.152748 0.000000 0.000000 0.001856 0.011945 0.064941
    28 3.684092 -0.158705 1.419183 0.117459 -0.234196 0.132137
    29 1.701014 -0.000002 0.000000 0.051316 0.064006 -0.334034
    30 0.994705 0.000002 0.000000 0.001258 0.038493 0.020488
    31 1.068069 -1.287201 0.981905 1.499588 -0.741944 0.058445
    32 1.836304 -0.000002 -0.000004 -0.000056 -0.188092 0.157023
    33 1.223948 -0.000001 0.000000 -0.000073 -0.040582 0.037650
    34 4.065392 1.458946 -1.500000 1.484602 0.977443 -0.233958
    35 5.507360 0.000008 -0.000001 2.240345 0.493918 -0.163898
    36 10.907398 0.000000 0.000004 0.000000 0.000000 -2.430117
    37 10.424301 -0.000005 0.000019 -1.136125 -0.204870 0.051083
    38 2.997293 0.000065 1.477481 -0.233052 -0.274236 0.108994
    39 1.510378 -0.000004 0.000000 -0.011341 -0.016615 -0.257537
    40 0.808655 0.000000 0.000000 0.054433 0.175361 0.039377
    41 3.305817 0.201134 0.547461 -0.204315 -0.146682 0.048129
    42 1.807175 0.000000 0.000000 0.051906 0.088339 -0.190157
    43 0.966141 -0.000001 0.000000 -0.002387 -0.009734 0.099588
    44 3.571524 0.110786 -0.409182 -0.183620 -0.067925 0.084169
    45 2.150656 0.000000 0.000000 0.042028 0.053936 -0.320272
    46 1.152752 0.000000 0.000000 -0.001808 -0.011970 0.185709
    47 3.684113 -0.153563 -1.419748 -0.160234 0.038375 0.138226
    48 1.701017 0.000002 0.000000 -0.051316 -0.064006 -0.334034
    49 0.994705 0.000001 0.000000 -0.001284 -0.038506 0.309237
    50 1.068094 -1.283653 -0.986553 -1.579257 0.728687 -0.057196
    51 1.836306 -0.000002 0.000000 0.000056 0.188092 0.157023
    52 1.223946 0.000000 0.000002 0.000010 0.040586 0.372742
    53 1.704102 -21.875000 -13.726563 1.666053 0.116984 2.096778
    54 0.000000 0.000000 0.000000 -0.077030 -0.068757 -1.299215
    55 0.000004 -0.000007 -0.000031 1.373047 0.113574 0.124314
    56 0.000000 -0.000007 -0.000031 1.373047 0.113574 0.124314
    57 2.856897 -1.536201 -0.973800 -1.501147 -0.272558 -1.578261
    58 2.856895 -1.536198 -0.973800 -1.501147 -0.272558 -1.578261
    59 0.000000 0.000000 10.000000 0.000000 0.000000 0.000000
    60 0.018898 0.665159 9.395884 0.000000 0.000000 0.000000
    61 2.000008 -3.000000 0.000000 -1.570796 0.000000 -1.326450
    62 3.028210 -0.923409 -2.009452 1.574082 -0.012974 1.587244
    63 0.116955 4.311607 0.061861 0.000010 0.000000 0.000000
    64 0.000000 0.000000 0.000001 0.000000 0.000000 0.000000
    65 0.000000 1.000000 0.000008 0.000000 0.000000 0.000000
    66 0.000000 0.000000 0.000002 0.000000 0.000000 0.000000
    67 0.000000 0.000000 0.000002 0.000000 0.000000 0.000000
    68 0.000000 0.000000 0.000002 0.000000 0.000000 0.000000
time 29
    0 1.126953 -8.703125 48.000000 1.516606 -0.015910 -0.065155
    1 3.625659 0.000000 0.000000 -2.145836 0.006554 -1.276428
    2 18.345819 0.000000 0.000000 0.000000 0.000000 0.165590
    3 16.751528 0.000000 0.000000 -0.027598 0.308305 -0.624459
    4 5.943489 0.000000 0.000000 0.020390 -0.027699 -0.469864
    5 -3.625659 0.000000 0.000000 -1.215835 -0.071630 -1.800335
    6 18.345812 0.000000 0.000000 0.000000 0.000000 0.185608
    7 16.751524 0.000000 0.000000 0.068719 -0.261548 -0.677427
    8 5.943490 0.000000 0.000000 -0.112055 0.023834 -0.375588
    9 0.000000 4.043964 -0.017929 1.559349 -0.106459 1.611874
    10 3.995838 0.000000 0.000000 -0.012184 0.022132 -0.146427
    11 3.698242 -0.000001 0.000000 -0.009642 -0.018658 0.015630
    12 5.700890 0.000000 0.000000 -0.024973 -0.028634 0.521343
    13 5.352852 -0.000001 0.000000 3.009842 0.182174 0.148923
    14 4.461819 0.000000 0.000000 -0.191877 -0.130139 0.716693
    15 4.065388 1.458945 1.500000 -1.733090 -1.024499 0.012064
    16 5.507357 0.000004 -0.000001 -2.069255 -0.672707 -0.089736
    17 10.907398 0.000000 0.000000 0.000000 0.000000 -1.127189
    18 10.424324 -0.000008 -0.000027 1.232981 0.172362 0.217513
    19 2.997274 0.005409 -1.477472 0.281101 0.441503 -0.073002
    20 1.510382 0.000000 0.000000 0.011341 0.016615 -0.257537
    21 0.808655 0.000002 0.000000 -0.054433 -0.175361 0.039377
    22 3.305792 0.203112 -0.546730 0.228981 0.234014 0.043917
    23 1.807182 0.000002 0.000000 -0.051906 -0.088339 -0.190157
    24 0.966137 0.000001 0.000000 0.002387 0.009734 0.099588
    25 3.571512 0.109303 0.409580 0.187237 0.067893 0.178800
    26 2.150654 -0.000002 0.000000 -0.042028 -0.053936 -0.320272
    27 1.152748 0.000000 0.000000 0.001856 0.011945 0.064941
    28 3.684092 -0.158705 1.419183 0.117459 -0.234196 0.132137
    29 1.701014 -0.000002 0.000000 0.051316 0.064006 -0.334034
    30 0.994705 0.000002 0.000000 0.001258 0.038493 0.020488
    31 1.068069 -1.287201 0.981905 1.498273 -0.745326 0.058856
    32 1.836304 -0.000002 -0.000004 -0.000056 -0.188092 0.157023
    33 1.223948 -0.000001 0.000000 -0.000073 -0.040582 0.037650
    34 4.065392 1.458946 -1.500000 1.496745 1.019118 -0.225571
    35 5.507360 0.000008 -0.000001 2.216564 0.506426 -0.150534
    36 10.907398 0.000000 0.000004 0.000000 0.000000 -2.427353
    37 10.424301 -0.000005 0.000019 -1.141163 -0.209679 0.036956
    38 2.997293 0.000065 1.477481 -0.234921 -0.281877 0.108466
    39 1.510378 -0.000004 0.000000 -0.011341 -0.016615 -0.257537
    40 0.808655 0.000000 0.000000 0.054433 0.175361 0.039377
    41 3.305817 0.201134 0.547461 -0.204907 -0.149210 0.048003
    42 1.807175 0.000000 0.000000 0.051906 0.088339 -0.190157
    43 0.966141 -0.000001 0.000000 -0.002387 -0.009734 0.099588
    44 3.571524 0.110786 -0.409182 -0.183620 -0.067925 0.084169
    45 2.150656 0.000000 0.000000 0.042028 0.053936 -0.320272
    46 1.152752 0.000000 0.000000 -0.001808 -0.011970 0.185709
    47 3.684113 -0.153563 -1.419748 -0.159250 0.042648 0.138252
    48 1.701017 0.000002 0.000000 -0.051316 -0.064006 -0.334034
    49 0.994705 0.000001 0.000000 -0.001284 -0.038506 0.309237
    50 1.068094 -1.283653 -0.986553 -1.574323 0.731187 -0.050834
    51 1.836306 -0.000002 0.000000 0.000056 0.188092 0.157023
    52 1.223946 0.000000 0.000002 0.000082 0.040624 0.362995
    53 1.695313 -14.468750 -13.882813 1.657311 0.099140 2.096277
    54 0.000000 0.000000 0.000000 -0.077030 -0.068757 -1.299215
    55 0.000004 -0.000007 -0.000031 1.373047 0.113574 0.124314
    56 0.000000 -0.000007 -0.000031 1.373047 0.113574 0.124314
    57 2.856897 -1.536201 -0.973800 -1.501147 -0.272558 -1.578261
    58 2.856895 -1.536198 -0.973800 -1.501147 -0.272558 -1.578261
    59 0.000000 0.000000 10.000000 0.000000 0.000000 0.000000
    60 0.018898 0.665159 9.395884 0.000000 0.000000 0.000000
    61 2.000008 -3.000000 0.000000 -1.570796 0.000000 -1.326450
    62 3.028210 -0.923409 -2.009452 1.574082 -0.012974 1.587244
    63 0.116955 4.311607 0.061861 0.000010 0.000000 0.000000
    64 0.000000 0.000000 0.000001 0.000000 0.000000 0.000000
    65 0.000000 1.000000 0.000008 0.000000 0.000000 0.000000
    66 0.000000 0.000000 0.000002 0.000000 0.000000 0.000000
    67 0.000000 0.000000 0.000002 0.000000 0.000000 0.000000
    68 0.000000 0.000000 0.000002 0.000000 0.000000 0.000000
time 30
    0 0.867188 -8.765625 48.218750 1.509388 -0.011878 -0.067227
    1 3.625659 0.000000 0.000000 -2.147434 0.013302 -1.272635
    2 18.345819 0.000000 0.000000 0.000000 0.000000 0.177980
    3 16.751528 0.000000 0.000000 -0.036382 0.311423 -0.634440
    4 5.943489 0.000000 0.000000 0.020425 -0.027715 -0.466315
    5 -3.625659 0.000000 0.000000 -1.233358 -0.063306 -1.791716
    6 18.345812 0.000000 0.000000 0.000000 0.000000 0.196709
    7 16.751524 0.000000 0.000000 0.083610 -0.246536 -0.702475
    8 5.943490 0.000000 0.000000 -0.112046 0.023874 -0.374886
    9 0.000000 4.043964 -0.017929 1.560583 -0.104214 1.614203
    10 3.995838 0.000000 0.000000 -0.010854 0.020944 -0.143548
    11 3.698242 -0.000001 0.000000 -0.008247 -0.027016 0.022473
    12 5.700890 0.000000 0.000000 -0.028033 -0.037336 0.526296
    13 5.352852 -0.000001 0.000000 3.014310 0.191850 0.138126
    14 4.461819 0.000000 0.000000 -0.193132 -0.135986 0.726057
    15 4.065388 1.458945 1.500000 -1.737433 -1.026440 0.012850
    16 5.507357 0.000004 -0.000001 -2.061309 -0.671350 -0.085319
    17 10.907398 0.000000 0.000000 0.000000 0.000000 -1.129845
    18 10.424324 -0.000008 -0.000027 1.237009 0.172227 0.214992
    19 2.997274 0.005409 -1.477472 0.281666 0.443454 -0.073244
    20 1.510382 0.000000 0.000000 0.011341 0.016615 -0.257537
    21 0.808655 0.000002 0.000000 -0.054433 -0.175361 0.039377
    22 3.305792 0.203112 -0.546730 0.228981 0.234014 0.043917
    23 1.807182 0.000002 0.000000 -0.051906 -0.088339 -0.190157
    24 0.966137 0.000001 0.000000 0.002387 0.009734 0.099588
    25 3.571512 0.109303 0.409580 0.187237 0.067893 0.178800
    26 2.150654 -0.000002 0.000000 -0.042028 -0.053936 -0.320272
    27 1.152748 0.000000 0.000000 0.001856 0.011945 0.064941
    28 3.684092 -0.158705 1.419183 0.117459 -0.234196 0.132137
    29 1.701014 -0.000002 0.000000 0.051316 0.064006 -0.334034
    30 0.994705 0.000002 0.000000 0.001258 0.038493 0.020488
    31 1.068069 -1.287201 0.981905 1.496868 -0.748711 0.059178
    32 1.836304 -0.000002 -0.000004 -0.000056 -0.188092 0.157023
    33 1.223948 -0.000001 0.000000 -0.000073 -0.040582 0.037650
    34 4.065392 1.458946 -1.500000 1.507026 1.058236 -0.222746
    35 5.507360 0.000008 -0.000001 2.195160 0.520879 -0.141453
    36 10.907398 0.000000 0.000004 0.000000 0.000000 -2.425787
    37 10.424301 -0.000005 0.000019 -1.148118 -0.212913 0.021583
    38 2.997293 0.000065 1.477481 -0.236891 -0.289605 0.107979
    39 1.510378 -0.000004 0.000000 -0.011341 -0.016615 -0.257537
    40 0.808655 0.000000 0.000000 0.054433 0.175361 0.039377
    41 3.305817 0.201134 0.547461 -0.205507 -0.151729 0.047966
    42 1.807175 0.000000 0.000000 0.051906 0.088339 -0.190157
    43 0.966141 -0.000001 0.000000 -0.002387 -0.009734 0.099588
    44 3.571524 0.110786 -0.409182 -0.183620 -0.067925 0.084169
    45 2.150656 0.000000 0.000000 0.042028 0.053936 -0.320272
    46 1.152752 0.000000 0.000000 -0.001808 -0.011970 0.185709
    47 3.684113 -0.153563 -1.419748 -0.158269 0.046915 0.138196
    48 1.701017 0.000002 0.000000 -0.051316 -0.064006 -0.334034
    49 0.994705 0.000001 0.000000 -0.001284 -0.038506 0.309237
    50 1.068094 -1.283653 -0.986553 -1.569314 0.733733 -0.044229
    51 1.836306 -0.000002 0.000000 0.000056 0.188092 0.157023
    52 1.223946 0.000000 0.000002 0.000054 0.040594 0.353254
    53 -3.871094 -10.351563 -10.312500 1.650050 0.087307 2.095586
    54 0.000000 0.000000 0.000000 -0.077030 -0.068757 -1.299215
    55 0.000004 -0.000007 -0.000031 1.373047 0.113574 0.124314
    56 0.000000 -0.000007 -0.000031 1.373047 0.113574 0.124314
    57 2.856897 -1.536201 -0.973800 -1.501147 -0.272558 -1.578261
    58 2.856895 -1.536198 -0.973800 -1.501147 -0.272558 -1.578261
    59 0.000000 0.000000 10.000000 0.000000 0.000000 0.000000
    60 0.018898 0.665159 9.395884 0.000000 0.000000 0.000000
    61 2.000008 -3.000000 0.000000 -1.570796 0.000000 -1.326450
    62 3.028210 -0.923409 -2.009452 1.574082 -0.012974 1.587244
    63 0.116955 4.311607 0.061861 0.000010 0.000000 0.000000
    64 0.000000 0.000000 0.000001 0.000000 0.000000 0.000000
    65 0.000000 1.000000 0.000008 0.000000 0.000000 0.000000
    66 0.000000 0.000000 0.000002 0.000000 0.000000 0.000000
    67 0.000000 0.000000 0.000002 0.000000 0.000000 0.000000
    68 0.000000 0.000000 0.000002 0.000000 0.000000 0.000000
time 31
    0 0.645996 -8.781250 48.437500 1.503283 -0.009185 -0.070202
    1 3.625659 0.000000 0.000000 -2.146837 0.016878 -1.270576
    2 18.345819 0.000000 0.000000 0.000000 0.000000 0.187776
    3 16.751528 0.000000 0.000000 -0.030477 0.329350 -0.638387
    4 5.943489 0.000000 0.000000 0.020461 -0.027731 -0.462856
    5 -3.625659 0.000000 0.000000 -1.248309 -0.058284 -1.786491
    6 18.345812 0.000000 0.000000 0.000000 0.000000 0.207555
    7 16.751524 0.000000 0.000000 0.099286 -0.235159 -0.726320
    8 5.943490 0.000000 0.000000 -0.112058 0.023862 -0.383249
    9 0.000000 4.043964 -0.017929 1.561780 -0.101361 1.620865
    10 3.995838 0.000000 0.000000 -0.009340 0.020805 -0.140501
    11 3.698242 -0.000001 0.000000 -0.006220 -0.039449 0.030776
    12 5.700890 0.000000 0.000000 -0.032901 -0.050988 0.533066
    13 5.352852 -0.000001 0.000000 3.019167 0.203570 0.125035
    14 4.461819 0.000000 0.000000 -0.194748 -0.143605 0.737761
    15 4.065388 1.458945 1.500000 -1.734260 -1.023059 0.003400
    16 5.507357 0.000004 -0.000001 -2.055874 -0.669434 -0.078114
    17 10.907398 0.000000 0.000000 0.000000 0.000000 -1.131788
    18 10.424324 -0.000008 -0.000027 1.243395 0.170936 0.207750
    19 2.997274 0.005409 -1.477472 0.282230 0.445405 -0.073485
    20 1.510382 0.000000 0.000000 0.011341 0.016615 -0.257537
    21 0.808655 0.000002 0.000000 -0.054433 -0.175361 0.039377
    22 3.305792 0.203112 -0.546730 0.228981 0.234014 0.043917
    23 1.807182 0.000002 0.000000 -0.051906 -0.088339 -0.190157
    24 0.966137 0.000001 0.000000 0.002387 0.009734 0.099588
    25 3.571512 0.109303 0.409580 0.187237 0.067893 0.178800
    26 2.150654 -0.000002 0.000000 -0.042028 -0.053936 -0.320272
    27 1.152748 0.000000 0.000000 0.001856 0.011945 0.064941
    28 3.684092 -0.158705 1.419183 0.117459 -0.234196 0.132137
    29 1.701014 -0.000002 0.000000 0.051316 0.064006 -0.334034
    30 0.994705 0.000002 0.000000 0.001258 0.038493 0.020488
    31 1.068069 -1.287201 0.981905 1.495465 -0.752098 0.059504
    32 1.836304 -0.000002 -0.000004 -0.000056 -0.188092 0.157023
    33 1.223948 -0.000001 0.000000 -0.000073 -0.040582 0.037650
    34 4.065392 1.458946 -1.500000 1.515096 1.092943 -0.225417
    35 5.507360 0.000008 -0.000001 2.174356 0.536257 -0.138161
    36 10.907398 0.000000 0.000004 0.000000 0.000000 -2.423667
    37 10.424301 -0.000005 0.000019 -1.155982 -0.214038 0.009745
    38 2.997293 0.000065 1.477481 -0.238849 -0.297445 0.107345
    39 1.510378 -0.000004 0.000000 -0.011341 -0.016615 -0.257537
    40 0.808655 0.000000 0.000000 0.054433 0.175361 0.039377
    41 3.305817 0.201134 0.547461 -0.206100 -0.154257 0.047843
    42 1.807175 0.000000 0.000000 0.051906 0.088339 -0.190157
    43 0.966141 -0.000001 0.000000 -0.002387 -0.009734 0.099588
    44 3.571524 0.110786 -0.409182 -0.183620 -0.067925 0.084169
    45 2.150656 0.000000 0.000000 0.042028 0.053936 -0.320272
    46 1.152752 0.000000 0.000000 -0.001808 -0.011970 0.185709
    47 3.684113 -0.153563 -1.419748 -0.157196 0.051261 0.138141
    48 1.701017 0.000002 0.000000 -0.051316 -0.064006 -0.334034
    49 0.994705 0.000001 0.000000 -0.001284 -0.038506 0.309237
    50 1.068094 -1.283653 -0.986553 -1.564354 0.736261 -0.037755
    51 1.836306 -0.000002 0.000000 0.000056 0.188092 0.157023
    52 1.223946 0.000000 0.000002 0.000023 0.040564 0.343347
    53 -9.382813 -11.390625 -6.164063 1.645051 0.079989 2.093051
    54 0.000000 0.000000 0.000000 -0.077030 -0.068757 -1.299215
    55 0.000004 -0.000007 -0.000031 1.373047 0.113574 0.124314
    56 0.000000 -0.000007 -0.000031 1.373047 0.113574 0.124314
    57 2.856897 -1.536201 -0.973800 -1.501147 -0.272558 -1.578261
    58 2.856895 -1.536198 -0.973800 -1.501147 -0.272558 -1.578261
    59 0.000000 0.000000 10.000000 0.000000 0.000000 0.000000
    60 0.018898 0.665159 9.395884 0.000000 0.000000 0.000000
    61 2.000008 -3.000000 0.000000 -1.570796 0.000000 -1.326450
    62 3.028210 -0.923409 -2.009452 1.574082 -0.012974 1.587244
    63 0.116955 4.311607 0.061861 0.000010 0.000000 0.000000
    64 0.000000 0.000000 0.000001 0.000000 0.000000 0.000000
    65 0.000000 1.000000 0.000008 0.000000 0.000000 0.000000
    66 0.000000 0.000000 0.000002 0.000000 0.000000 0.000000
    67 0.000000 0.000000 0.000002 0.000000 0.000000 0.000000
    68 0.000000 0.000000 0.000002 0.000000 0.000000 0.000000
time 32
    0 0.445068 -8.765625 48.593750 1.498361 -0.006612 -0.073042
    1 3.625659 0.000000 0.000000 -2.146851 0.018477 -1.268853
    2 18.345819 0.000000 0.000000 0.000000 0.000000 0.192719
    3 16.751528 0.000000 0.000000 -0.019418 0.347955 -0.636811
    4 5.943489 0.000000 0.000000 0.020451 -0.027738 -0.462146
    5 -3.625659 0.000000 0.000000 -1.259614 -0.056100 -1.782226
    6 18.345812 0.000000 0.000000 0.000000 0.000000 0.214586
    7 16.751524 0.000000 0.000000 0.106008 -0.228779 -0.740666
    8 5.943490 0.000000 0.000000 -0.112045 0.023865 -0.386508
    9 0.000000 4.043964 -0.017929 1.563384 -0.098001 1.630532
    10 3.995838 0.000000 0.000000 -0.007437 0.021294 -0.137454
    11 3.698242 -0.000001 0.000000 -0.003964 -0.055187 0.040355
    12 5.700890 0.000000 0.000000 -0.039332 -0.068044 0.541530
    13 5.352852 -0.000001 0.000000 3.025403 0.219892 0.111992
    14 4.461819 0.000000 0.000000 -0.197147 -0.155387 0.749025
    15 4.065388 1.458945 1.500000 -1.728028 -1.011584 -0.010802
    16 5.507357 0.000004 -0.000001 -2.051465 -0.664290 -0.071592
    17 10.907398 0.000000 0.000000 0.000000 0.000000 -1.136803
    18 10.424324 -0.000008 -0.000027 1.247587 0.169280 0.204981
    19 2.997274 0.005409 -1.477472 0.282795 0.447357 -0.073725
    20 1.510382 0.000000 0.000000 0.011341 0.016615 -0.257537
    21 0.808655 0.000002 0.000000 -0.054433 -0.175361 0.039377
    22 3.305792 0.203112 -0.546730 0.228981 0.234014 0.043917
    23 1.807182 0.000002 0.000000 -0.051906 -0.088339 -0.190157
    24 0.966137 0.000001 0.000000 0.002387 0.009734 0.099588
    25 3.571512 0.109303 0.409580 0.187237 0.067893 0.178800
    26 2.150654 -0.000002 0.000000 -0.042028 -0.053936 -0.320272
    27 1.152748 0.000000 0.000000 0.001856 0.011945 0.064941
    28 3.684092 -0.158705 1.419183 0.117459 -0.234196 0.132137
    29 1.701014 -0.000002 0.000000 0.051316 0.064006 -0.334034
    30 0.994705 0.000002 0.000000 0.001258 0.038493 0.020488
    31 1.068069 -1.287201 0.981905 1.494114 -0.755621 0.059821
    32 1.836304 -0.000002 -0.000004 -0.000056 -0.188092 0.157023
    33 1.223948 -0.000001 0.000000 -0.000073 -0.040582 0.037650
    34 4.065392 1.458946 -1.500000 1.518897 1.128538 -0.231882
    35 5.507360 0.000008 -0.000001 2.159685 0.549742 -0.136578
    36 10.907398 0.000000 0.000004 0.000000 0.000000 -2.423667
    37 10.424301 -0.000005 0.000019 -1.164899 -0.213534 0.002398
    38 2.997293 0.000065 1.477481 -0.240824 -0.305281 0.106816
    39 1.510378 -0.000004 0.000000 -0.011341 -0.016615 -0.257537
    40 0.808655 0.000000 0.000000 0.054433 0.175361 0.039377
    41 3.305817 0.201134 0.547461 -0.206697 -0.156872 0.047731
    42 1.807175 0.000000 0.000000 0.051906 0.088339 -0.190157
    43 0.966141 -0.000001 0.000000 -0.002387 -0.009734 0.099588
    44 3.571524 0.110786 -0.409182 -0.183620 -0.067925 0.084169
    45 2.150656 0.000000 0.000000 0.042028 0.053936 -0.320272
    46 1.152752 0.000000 0.000000 -0.001808 -0.011970 0.185709
    47 3.684113 -0.153563 -1.419748 -0.156216 0.055529 0.138095
    48 1.701017 0.000002 0.000000 -0.051316 -0.064006 -0.334034
    49 0.994705 0.000001 0.000000 -0.001284 -0.038506 0.309237
    50 1.068094 -1.283653 -0.986553 -1.559167 0.738771 -0.031043
    51 1.836306 -0.000002 0.000000 0.000056 0.188092 0.157023
    52 1.223946 0.000000 0.000002 0.000007 0.040620 0.333448
    53 -13.023438 -15.515625 -2.212891 1.641313 0.076649 2.091383
    54 0.000000 0.000000 0.000000 -0.077030 -0.068757 -1.299215
    55 0.000004 -0.000007 -0.000031 1.373047 0.113574 0.124314
    56 0.000000 -0.000007 -0.000031 1.373047 0.113574 0.124314
    57 2.856897 -1.536201 -0.973800 -1.501147 -0.272558 -1.578261
    58 2.856895 -1.536198 -0.973800 -1.501147 -0.272558 -1.578261
    59 0.000000 0.000000 10.000000 0.000000 0.000000 0.000000
    60 0.018898 0.665159 9.395884 0.000000 0.000000 0.000000
    61 2.000008 -3.000000 0.000000 -1.570796 0.000000 -1.326450
    62 3.028210 -0.923409 -2.009452 1.574082 -0.012974 1.587244
    63 0.116955 4.311607 0.061861 0.000010 0.000000 0.000000
    64 0.000000 0.000000 0.000001 0.000000 0.000000 0.000000
    65 0.000000 1.000000 0.000008 0.000000 0.000000 0.000000
    66 0.000000 0.000000 0.000002 0.000000 0.000000 0.000000
    67 0.000000 0.000000 0.000002 0.000000 0.000000 0.000000
    68 0.000000 0.000000 0.000002 0.000000 0.000000 0.000000
time 33
    0 0.274414 -8.726563 48.750000 1.493922 -0.003744 -0.075491
    1 3.625659 0.000000 0.000000 -2.147678 0.019089 -1.268201
    2 18.345819 0.000000 0.000000 0.000000 0.000000 0.191765
    3 16.751528 0.000000 0.000000 -0.009743 0.363457 -0.634140
    4 5.943489 0.000000 0.000000 0.020406 -0.027673 -0.460282
    5 -3.625659 0.000000 0.000000 -1.265448 -0.055575 -1.779059
    6 18.345812 0.000000 0.000000 0.000000 0.000000 0.217973
    7 16.751524 0.000000 0.000000 0.103451 -0.229737 -0.743767
    8 5.943490 0.000000 0.000000 -0.112054 0.023839 -0.375500
    9 0.000000 4.043964 -0.017929 1.564821 -0.094775 1.639903
    10 3.995838 0.000000 0.000000 -0.005533 0.021777 -0.134493
    11 3.698242 -0.000001 0.000000 -0.001755 -0.070176 0.049994
    12 5.700890 0.000000 0.000000 -0.045181 -0.084267 0.550557
    13 5.352852 -0.000001 0.000000 3.032205 0.238710 0.101781
    14 4.461819 0.000000 0.000000 -0.200074 -0.169578 0.758427
    15 4.065388 1.458945 1.500000 -1.725191 -0.994009 -0.022867
    16 5.507357 0.000004 -0.000001 -2.048777 -0.658797 -0.069507
    17 10.907398 0.000000 0.000000 0.000000 0.000000 -1.139980
    18 10.424324 -0.000008 -0.000027 1.251129 0.167277 0.205154
    19 2.997274 0.005409 -1.477472 0.283360 0.449309 -0.073964
    20 1.510382 0.000000 0.000000 0.011341 0.016615 -0.257537
    21 0.808655 0.000002 0.000000 -0.054433 -0.175361 0.039377
    22 3.305792 0.203112 -0.546730 0.228981 0.234014 0.043917
    23 1.807182 0.000002 0.000000 -0.051906 -0.088339 -0.190157
    24 0.966137 0.000001 0.000000 0.002387 0.009734 0.099588
    25 3.571512 0.109303 0.409580 0.187237 0.067893 0.178800
    26 2.150654 -0.000002 0.000000 -0.042028 -0.053936 -0.320272
    27 1.152748 0.000000 0.000000 0.001856 0.011945 0.064941
    28 3.684092 -0.158705 1.419183 0.117459 -0.234196 0.132137
    29 1.701014 -0.000002 0.000000 0.051316 0.064006 -0.334034
    30 0.994705 0.000002 0.000000 0.001258 0.038493 0.020488
    31 1.068069 -1.287201 0.981905 1.492559 -0.759073 0.060288
    32 1.836304 -0.000002 -0.000004 -0.000056 -0.188092 0.157023
    33 1.223948 -0.000001 0.000000 -0.000073 -0.040582 0.037650
    34 4.065392 1.458946 -1.500000 1.515255 1.162494 -0.242351
    35 5.507360 0.000008 -0.000001 2.154082 0.560073 -0.133128
    36 10.907398 0.000000 0.000004 0.000000 0.000000 -2.425418
    37 10.424301 -0.000005 0.000019 -1.176406 -0.212242 -0.002124
    38 2.997293 0.000065 1.477481 -0.242866 -0.313139 0.106142
    39 1.510378 -0.000004 0.000000 -0.011341 -0.016615 -0.257537
    40 0.808655 0.000000 0.000000 0.054433 0.175361 0.039377
    41 3.305817 0.201134 0.547461 -0.207291 -0.159401 0.047612
    42 1.807175 0.000000 0.000000 0.051906 0.088339 -0.190157
    43 0.966141 -0.000001 0.000000 -0.002387 -0.009734 0.099588
    44 3.571524 0.110786 -0.409182 -0.183620 -0.067925 0.084169
    45 2.150656 0.000000 0.000000 0.042028 0.053936 -0.320272
    46 1.152752 0.000000 0.000000 -0.001808 -0.011970 0.185709
    47 3.684113 -0.153563 -1.419748 -0.155225 0.059968 0.138041
    48 1.701017 0.000002 0.000000 -0.051316 -0.064006 -0.334034
    49 0.994705 0.000001 0.000000 -0.001284 -0.038506 0.309237
    50 1.068094 -1.283653 -0.986553 -1.553965 0.741262 -0.024307
    51 1.836306 -0.000002 0.000000 0.000056 0.188092 0.157023
    52 1.223946 0.000000 0.000002 0.000060 0.040578 0.323472
    53 -10.718750 -22.687500 -0.178833 1.638371 0.073629 2.089595
    54 0.000000 0.000000 0.000000 -0.077030 -0.068757 -1.299215
    55 0.000004 -0.000007 -0.000031 1.373047 0.113574 0.124314
    56 0.000000 -0.000007 -0.000031 1.373047 0.113574 0.124314
    57 2.856897 -1.536201 -0.973800 -1.501147 -0.272558 -1.578261
    58 2.856895 -1.536198 -0.973800 -1.501147 -0.272558 -1.578261
    59 0.000000 0.000000 10.000000 0.000000 0.000000 0.000000
    60 0.018898 0.665159 9.395884 0.000000 0.000000 0.000000
    61 2.000008 -3.000000 0.000000 -1.570796 0.000000 -1.326450
    62 3.028210 -0.923409 -2.009452 1.574082 -0.012974 1.587244
    63 0.116955 4.311607 0.061861 0.000010 0.000000 0.000000
    64 0.000000 0.000000 0.000001 0.000000 0.000000 0.000000
    65 0.000000 1.000000 0.000008 0.000000 0.000000 0.000000
    66 0.000000 0.000000 0.000002 0.000000 0.000000 0.000000
    67 0.000000 0.000000 0.000002 0.000000 0.000000 0.000000
    68 0.000000 0.000000 0.000002 0.000000 0.000000 0.000000
time 34
    0 0.144043 -8.648438 48.843750 1.490308 -0.001770 -0.076600
    1 3.625659 0.000000 0.000000 -2.143775 0.018168 -1.269247
    2 18.345819 0.000000 0.000000 0.000000 0.000000 0.189597
    3 16.751528 0.000000 0.000000 -0.013029 0.361391 -0.634612
    4 5.943489 0.000000 0.000000 0.020392 -0.027683 -0.459307
    5 -3.625659 0.000000 0.000000 -1.266315 -0.056841 -1.778670
    6 18.345812 0.000000 0.000000 0.000000 0.000000 0.218494
    7 16.751524 0.000000 0.000000 0.095231 -0.240400 -0.735460
    8 5.943490 0.000000 0.000000 -0.112017 0.023853 -0.373740
    9 0.000000 4.043964 -0.017929 1.566455 -0.092699 1.646509
    10 3.995838 0.000000 0.000000 -0.003924 0.021457 -0.131706
    11 3.698242 -0.000001 0.000000 -0.000629 -0.081357 0.057920
    12 5.700890 0.000000 0.000000 -0.049853 -0.095709 0.558584
    13 5.352852 -0.000001 0.000000 3.039239 0.256248 0.095360
    14 4.461819 0.000000 0.000000 -0.202248 -0.183055 0.765305
    15 4.065388 1.458945 1.500000 -1.728133 -0.975111 -0.029032
    16 5.507357 0.000004 -0.000001 -2.046922 -0.650511 -0.073441
    17 10.907398 0.000000 0.000000 0.000000 0.000000 -1.143879
    18 10.424324 -0.000008 -0.000027 1.256363 0.163066 0.203331
    19 2.997274 0.005409 -1.477472 0.283928 0.451350 -0.074190
    20 1.510382 0.000000 0.000000 0.011341 0.016615 -0.257537
    21 0.808655 0.000002 0.000000 -0.054433 -0.175361 0.039377
    22 3.305792 0.203112 -0.546730 0.228981 0.234014 0.043917
    23 1.807182 0.000002 0.000000 -0.051906 -0.088339 -0.190157
    24 0.966137 0.000001 0.000000 0.002387 0.009734 0.099588
    25 3.571512 0.109303 0.409580 0.187237 0.067893 0.178800
    26 2.150654 -0.000002 0.000000 -0.042028 -0.053936 -0.320272
    27 1.152748 0.000000 0.000000 0.001856 0.011945 0.064941
    28 3.684092 -0.158705 1.419183 0.117459 -0.234196 0.132137
    29 1.701014 -0.000002 0.000000 0.051316 0.064006 -0.334034
    30 0.994705 0.000002 0.000000 0.001258 0.038493 0.020488
    31 1.068069 -1.287201 0.981905 1.491218 -0.762537 0.060543
    32 1.836304 -0.000002 -0.000004 -0.000056 -0.188092 0.157023
    33 1.223948 -0.000001 0.000000 -0.000073 -0.040582 0.037650
    34 4.065392 1.458946 -1.500000 1.507944 1.188048 -0.253574
    35 5.507360 0.000008 -0.000001 2.153998 0.567335 -0.128756
    36 10.907398 0.000000 0.000004 0.000000 0.000000 -2.426524
    37 10.424301 -0.000005 0.000019 -1.190170 -0.210915 -0.005651
    38 2.997293 0.000065 1.477481 -0.244927 -0.320993 0.105574
    39 1.510378 -0.000004 0.000000 -0.011341 -0.016615 -0.257537
    40 0.808655 0.000000 0.000000 0.054433 0.175361 0.039377
    41 3.305817 0.201134 0.547461 -0.207976 -0.162014 0.047510
    42 1.807175 0.000000 0.000000 0.051906 0.088339 -0.190157
    43 0.966141 -0.000001 0.000000 -0.002387 -0.009734 0.099588
    44 3.571524 0.110786 -0.409182 -0.183620 -0.067925 0.084169
    45 2.150656 0.000000 0.000000 0.042028 0.053936 -0.320272
    46 1.152752 0.000000 0.000000 -0.001808 -0.011970 0.185709
    47 3.684113 -0.153563 -1.419748 -0.154155 0.064316 0.138002
    48 1.701017 0.000002 0.000000 -0.051316 -0.064006 -0.334034
    49 0.994705 0.000001 0.000000 -0.001284 -0.038506 0.309237
    50 1.068094 -1.283653 -0.986553 -1.548598 0.743733 -0.017487
    51 1.836306 -0.000002 0.000000 0.000056 0.188092 0.157023
    52 1.223946 0.000000 0.000002 0.000040 0.040636 0.313415
    53 -4.781250 -27.296875 -0.729980 1.636460 0.070389 2.088462
    54 0.000000 0.000000 0.000000 -0.077030 -0.068757 -1.299215
    55 0.000004 -0.000007 -0.000031 1.373047 0.113574 0.124314
    56 0.000000 -0.000007 -0.000031 1.373047 0.113574 0.124314
    57 2.856897 -1.536201 -0.973800 -1.501147 -0.272558 -1.578261
    58 2.856895 -1.536198 -0.973800 -1.501147 -0.272558 -1.578261
    59 0.000000 0.000000 10.000000 0.000000 0.000000 0.000000
    60 0.018898 0.665159 9.395884 0.000000 0.000000 0.000000
    61 2.000008 -3.000000 0.000000 -1.570796 0.000000 -1.326450
    62 3.028210 -0.923409 -2.009452 1.574082 -0.012974 1.587244
    63 0.116955 4.311607 0.061861 0.000010 0.000000 0.000000
    64 0.000000 0.000000 0.000001 0.000000 0.000000 0.000000
    65 0.000000 1.000000 0.000008 0.000000 0.000000 0.000000
    66 0.000000 0.000000 0.000002 0.000000 0.000000 0.000000
    67 0.000000 0.000000 0.000002 0.000000 0.000000 0.000000
    68 0.000000 0.000000 0.000002 0.000000 0.000000 0.000000
time 35
    0 0.028870 -8.500000 48.906250 1.487988 -0.000106 -0.076247
    1 3.625659 0.000000 0.000000 -2.136614 0.012737 -1.270134
    2 18.345819 0.000000 0.000000 0.000000 0.000000 0.190377
    3 16.751528 0.000000 0.000000 -0.026944 0.341939 -0.635891
    4 5.943489 0.000000 0.000000 0.020404 -0.027674 -0.460193
    5 -3.625659 0.000000 0.000000 -1.265254 -0.062659 -1.779325
    6 18.345812 0.000000 0.000000 0.000000 0.000000 0.218928
    7 16.751524 0.000000 0.000000 0.083414 -0.254876 -0.718294
    8 5.943490 0.000000 0.000000 -0.112054 0.023881 -0.382898
    9 0.000000 4.043964 -0.017929 1.565340 -0.095324 1.648117
    10 3.995838 0.000000 0.000000 -0.003817 0.020517 -0.127377
    11 3.698242 -0.000001 0.000000 0.000521 -0.086497 0.061855
    12 5.700890 0.000000 0.000000 -0.050993 -0.101214 0.560214
    13 5.352852 -0.000001 0.000000 3.048081 0.270500 0.091797
    14 4.461819 0.000000 0.000000 -0.201393 -0.194826 0.769541
    15 4.065388 1.458945 1.500000 -1.732256 -0.962124 -0.032025
    16 5.507357 0.000004 -0.000001 -2.045083 -0.642269 -0.078532
    17 10.907398 0.000000 0.000000 0.000000 0.000000 -1.147269
    18 10.424324 -0.000008 -0.000027 1.262731 0.158543 0.200674
    19 2.997274 0.005409 -1.477472 0.284494 0.453304 -0.074427
    20 1.510382 0.000000 0.000000 0.011341 0.016615 -0.257537
    21 0.808655 0.000002 0.000000 -0.054433 -0.175361 0.039377
    22 3.305792 0.203112 -0.546730 0.228981 0.234014 0.043917
    23 1.807182 0.000002 0.000000 -0.051906 -0.088339 -0.190157
    24 0.966137 0.000001 0.000000 0.002387 0.009734 0.099588
    25 3.571512 0.109303 0.409580 0.187237 0.067893 0.178800
    26 2.150654 -0.000002 0.000000 -0.042028 -0.053936 -0.320272
    27 1.152748 0.000000 0.000000 0.001856 0.011945 0.064941
    28 3.684092 -0.158705 1.419183 0.117459 -0.234196 0.132137
    29 1.701014 -0.000002 0.000000 0.051316 0.064006 -0.334034
    30 0.994705 0.000002 0.000000 0.001258 0.038493 0.020488
    31 1.068069 -1.287201 0.981905 1.489819 -0.765999 0.060959
    32 1.836304 -0.000002 -0.000004 -0.000056 -0.188092 0.157023
    33 1.223948 -0.000001 0.000000 -0.000073 -0.040582 0.037650
    34 4.065392 1.458946 -1.500000 1.501560 1.200498 -0.261512
    35 5.507360 0.000008 -0.000001 2.158555 0.571962 -0.127192
    36 10.907398 0.000000 0.000004 0.000000 0.000000 -2.429196
    37 10.424301 -0.000005 0.000019 -1.206170 -0.209314 -0.005403
    38 2.997293 0.000065 1.477481 -0.246889 -0.328869 0.104920
    39 1.510378 -0.000004 0.000000 -0.011341 -0.016615 -0.257537
    40 0.808655 0.000000 0.000000 0.054433 0.175361 0.039377
    41 3.305817 0.201134 0.547461 -0.208574 -0.164630 0.047404
    42 1.807175 0.000000 0.000000 0.051906 0.088339 -0.190157
    43 0.966141 -0.000001 0.000000 -0.002387 -0.009734 0.099588
    44 3.571524 0.110786 -0.409182 -0.183620 -0.067925 0.084169
    45 2.150656 0.000000 0.000000 0.042028 0.053936 -0.320272
    46 1.152752 0.000000 0.000000 -0.001808 -0.011970 0.185709
    47 3.684113 -0.153563 -1.419748 -0.153174 0.068664 0.137878
    48 1.701017 0.000002 0.000000 -0.051316 -0.064006 -0.334034
    49 0.994705 0.000001 0.000000 -0.001284 -0.038506 0.309237
    50 1.068094 -1.283653 -0.986553 -1.543217 0.746184 -0.010642
    51 1.836306 -0.000002 0.000000 0.000056 0.188092 0.157023
    52 1.223946 0.000000 0.000002 0.000008 0.040610 0.303453
    53 0.488525 -26.015625 -2.742188 1.634620 0.068465 2.087207
    54 0.000000 0.000000 0.000000 -0.077030 -0.068757 -1.299215
    55 0.000004 -0.000007 -0.000031 1.373047 0.113574 0.124314
    56 0.000000 -0.000007 -0.000031 1.373047 0.113574 0.124314
    57 2.856897 -1.536201 -0.973800 -1.501147 -0.272558 -1.578261
    58 2.856895 -1.536198 -0.973800 -1.501147 -0.272558 -1.578261
    59 0.000000 0.000000 10.000000 0.000000 0.000000 0.000000
    60 0.018898 0.665159 9.395884 0.000000 0.000000 0.000000
    61 2.000008 -3.000000 0.000000 -1.570796 0.000000 -1.326450
    62 3.028210 -0.923409 -2.009452 1.574082 -0.012974 1.587244
    63 0.116955 4.311607 0.061861 0.000010 0.000000 0.000000
    64 0.000000 0.000000 0.000001 0.000000 0.000000 0.000000
    65 0.000000 1.000000 0.000008 0.000000 0.000000 0.000000
    66 0.000000 0.000000 0.000002 0.000000 0.000000 0.000000
    67 0.000000 0.000000 0.000002 0.000000 0.000000 0.000000
    68 0.000000 0.000000 0.000002 0.000000 0.000000 0.000000
time 36
    0 -0.068298 -8.375000 48.937500 1.489142 0.001208 -0.075011
    1 3.625659 0.000000 0.000000 -2.127655 0.004811 -1.271483
    2 18.345819 0.000000 0.000000 0.000000 0.000000 0.191331
    3 16.751528 0.000000 0.000000 -0.040322 0.315155 -0.638570
    4 5.943489 0.000000 0.000000 0.020449 -0.027683 -0.457357
    5 -3.625659 0.000000 0.000000 -1.259264 -0.069570 -1.780698
    6 18.345812 0.000000 0.000000 0.000000 0.000000 0.215368
    7 16.751524 0.000000 0.000000 0.067515 -0.274454 -0.694757
    8 5.943490 0.000000 0.000000 -0.112082 0.023801 -0.392497
    9 0.000000 4.043964 -0.017929 1.565084 -0.096364 1.648751
    10 3.995838 0.000000 0.000000 -0.003803 0.019223 -0.125470
    11 3.698242 -0.000001 0.000000 0.000760 -0.089879 0.063836
    12 5.700890 0.000000 0.000000 -0.052065 -0.104043 0.561471
    13 5.352852 -0.000001 0.000000 3.059715 0.284843 0.090328
    14 4.461819 0.000000 0.000000 -0.198091 -0.206906 0.771148
    15 4.065388 1.458945 1.500000 -1.734132 -0.952192 -0.034607
    16 5.507357 0.000004 -0.000001 -2.045776 -0.638422 -0.080984
    17 10.907398 0.000000 0.000000 0.000000 0.000000 -1.146652
    18 10.424324 -0.000008 -0.000027 1.266763 0.155654 0.204095
    19 2.997274 0.005409 -1.477472 0.285060 0.455258 -0.074663
    20 1.510382 0.000000 0.000000 0.011341 0.016615 -0.257537
    21 0.808655 0.000002 0.000000 -0.054433 -0.175361 0.039377
    22 3.305792 0.203112 -0.546730 0.228981 0.234014 0.043917
    23 1.807182 0.000002 0.000000 -0.051906 -0.088339 -0.190157
    24 0.966137 0.000001 0.000000 0.002387 0.009734 0.099588
    25 3.571512 0.109303 0.409580 0.187237 0.067893 0.178800
    26 2.150654 -0.000002 0.000000 -0.042028 -0.053936 -0.320272
    27 1.152748 0.000000 0.000000 0.001856 0.011945 0.064941
    28 3.684092 -0.158705 1.419183 0.117459 -0.234196 0.132137
    29 1.701014 -0.000002 0.000000 0.051316 0.064006 -0.334034
    30 0.994705 0.000002 0.000000 0.001258 0.038493 0.020488
    31 1.068069 -1.287201 0.981905 1.488268 -0.769458 0.061442
    32 1.836304 -0.000002 -0.000004 -0.000056 -0.188092 0.157023
    33 1.223948 -0.000001 0.000000 -0.000073 -0.040582 0.037650
    34 4.065392 1.458946 -1.500000 1.496337 1.209054 -0.266350
    35 5.507360 0.000008 -0.000001 2.164050 0.575107 -0.125302
    36 10.907398 0.000000 0.000004 0.000000 0.000000 -2.431682
    37 10.424301 -0.000005 0.000019 -1.223479 -0.208400 -0.004040
    38 2.997293 0.000065 1.477481 -0.248930 -0.336757 0.104209
    39 1.510378 -0.000004 0.000000 -0.011341 -0.016615 -0.257537
    40 0.808655 0.000000 0.000000 0.054433 0.175361 0.039377
    41 3.305817 0.201134 0.547461 -0.209169 -0.167160 0.047289
    42 1.807175 0.000000 0.000000 0.051906 0.088339 -0.190157
    43 0.966141 -0.000001 0.000000 -0.002387 -0.009734 0.099588
    44 3.571524 0.110786 -0.409182 -0.183620 -0.067925 0.084169
    45 2.150656 0.000000 0.000000 0.042028 0.053936 -0.320272
    46 1.152752 0.000000 0.000000 -0.001808 -0.011970 0.185709
    47 3.684113 -0.153563 -1.419748 -0.152186 0.073105 0.137840
    48 1.701017 0.000002 0.000000 -0.051316 -0.064006 -0.334034
    49 0.994705 0.000001 0.000000 -0.001284 -0.038506 0.309237
    50 1.068094 -1.283653 -0.986553 -1.537822 0.748613 -0.003771
    51 1.836306 -0.000002 0.000000 0.000056 0.188092 0.157023
    52 1.223946 0.000000 0.000002 0.000061 0.040571 0.293412
    53 3.171875 -20.906250 -4.835938 1.633456 0.066677 2.085399
    54 0.000000 0.000000 0.000000 -0.077030 -0.068757 -1.299215
    55 0.000004 -0.000007 -0.000031 1.373047 0.113574 0.124314
    56 0.000000 -0.000007 -0.000031 1.373047 0.113574 0.124314
    57 2.856897 -1.536201 -0.973800 -1.501147 -0.272558 -1.578261
    58 2.856895 -1.536198 -0.973800 -1.501147 -0.272558 -1.578261
    59 0.000000 0.000000 10.000000 0.000000 0.000000 0.000000
    60 0.018898 0.665159 9.395884 0.000000 0.000000 0.000000
    61 2.000008 -3.000000 0.000000 -1.570796 0.000000 -1.326450
    62 3.028210 -0.923409 -2.009452 1.574082 -0.012974 1.587244
    63 0.116955 4.311607 0.061861 0.000010 0.000000 0.000000
    64 0.000000 0.000000 0.000001 0.000000 0.000000 0.000000
    65 0.000000 1.000000 0.000008 0.000000 0.000000 0.000000
    66 0.000000 0.000000 0.000002 0.000000 0.000000 0.000000
    67 0.000000 0.000000 0.000002 0.000000 0.000000 0.000000
    68 0.000000 0.000000 0.000002 0.000000 0.000000 0.000000
time 37
    0 -0.144409 -8.304688 48.968750 1.492194 0.002850 -0.073602
    1 3.625659 0.000000 0.000000 -2.123209 -0.001931 -1.272883
    2 18.345819 0.000000 0.000000 0.000000 0.000000 0.190897
    3 16.751528 0.000000 0.000000 -0.045699 0.291785 -0.639951
    4 5.943489 0.000000 0.000000 0.020441 -0.027690 -0.456737
    5 -3.625659 0.000000 0.000000 -1.254707 -0.075862 -1.782052
    6 18.345812 0.000000 0.000000 0.000000 0.000000 0.211114
    7 16.751524 0.000000 0.000000 0.051043 -0.295428 -0.678560
    8 5.943490 0.000000 0.000000 -0.112029 0.023884 -0.389504
    9 0.000000 4.043964 -0.017929 1.564570 -0.096839 1.648755
    10 3.995838 0.000000 0.000000 -0.004099 0.018426 -0.125471
    11 3.698242 -0.000001 0.000000 0.000915 -0.091439 0.063139
    12 5.700890 0.000000 0.000000 -0.052548 -0.105532 0.560842
    13 5.352852 -0.000001 0.000000 3.070759 0.295973 0.089912
    14 4.461819 0.000000 0.000000 -0.193570 -0.216694 0.770180
    15 4.065388 1.458945 1.500000 -1.732058 -0.945328 -0.038438
    16 5.507357 0.000004 -0.000001 -2.044745 -0.637480 -0.084254
    17 10.907398 0.000000 0.000000 0.000000 0.000000 -1.146755
    18 10.424324 -0.000008 -0.000027 1.271387 0.152322 0.204050
    19 2.997274 0.005409 -1.477472 0.285627 0.457213 -0.074898
    20 1.510382 0.000000 0.000000 0.011341 0.016615 -0.257537
    21 0.808655 0.000002 0.000000 -0.054433 -0.175361 0.039377
    22 3.305792 0.203112 -0.546730 0.228981 0.234014 0.043917
    23 1.807182 0.000002 0.000000 -0.051906 -0.088339 -0.190157
    24 0.966137 0.000001 0.000000 0.002387 0.009734 0.099588
    25 3.571512 0.109303 0.409580 0.187237 0.067893 0.178800
    26 2.150654 -0.000002 0.000000 -0.042028 -0.053936 -0.320272
    27 1.152748 0.000000 0.000000 0.001856 0.011945 0.064941
    28 3.684092 -0.158705 1.419183 0.117459 -0.234196 0.132137
    29 1.701014 -0.000002 0.000000 0.051316 0.064006 -0.334034
    30 0.994705 0.000002 0.000000 0.001258 0.038493 0.020488
    31 1.068069 -1.287201 0.981905 1.486935 -0.772930 0.061711
    32 1.836304 -0.000002 -0.000004 -0.000056 -0.188092 0.157023
    33 1.223948 -0.000001 0.000000 -0.000073 -0.040582 0.037650
    34 4.065392 1.458946 -1.500000 1.491825 1.213144 -0.268902
    35 5.507360 0.000008 -0.000001 2.167387 0.578478 -0.126146
    36 10.907398 0.000000 0.000004 0.000000 0.000000 -2.434444
    37 10.424301 -0.000005 0.000019 -1.242149 -0.208168 -0.004408
    38 2.997293 0.000065 1.477481 -0.251058 -0.344561 0.103519
    39 1.510378 -0.000004 0.000000 -0.011341 -0.016615 -0.257537
    40 0.808655 0.000000 0.000000 0.054433 0.175361 0.039377
    41 3.305817 0.201134 0.547461 -0.209767 -0.169776 0.047186
    42 1.807175 0.000000 0.000000 0.051906 0.088339 -0.190157
    43 0.966141 -0.000001 0.000000 -0.002387 -0.009734 0.099588
    44 3.571524 0.110786 -0.409182 -0.183620 -0.067925 0.084169
    45 2.150656 0.000000 0.000000 0.042028 0.053936 -0.320272
    46 1.152752 0.000000 0.000000 -0.001808 -0.011970 0.185709
    47 3.684113 -0.153563 -1.419748 -0.151117 0.077454 0.137816
    48 1.701017 0.000002 0.000000 -0.051316 -0.064006 -0.334034
    49 0.994705 0.000001 0.000000 -0.001284 -0.038506 0.309237
    50 1.068094 -1.283653 -0.986553 -1.532413 0.751022 0.003124
    51 1.836306 -0.000002 0.000000 0.000056 0.188092 0.157023
    52 1.223946 0.000000 0.000002 0.000042 0.040632 0.283466
    53 2.628906 -14.015625 -6.171875 1.632698 0.066062 2.084601
    54 0.000000 0.000000 0.000000 -0.077030 -0.068757 -1.299215
    55 0.000004 -0.000007 -0.000031 1.373047 0.113574 0.124314
    56 0.000000 -0.000007 -0.000031 1.373047 0.113574 0.124314
    57 2.856897 -1.536201 -0.973800 -1.501147 -0.272558 -1.578261
    58 2.856895 -1.536198 -0.973800 -1.501147 -0.272558 -1.578261
    59 0.000000 0.000000 10.000000 0.000000 0.000000 0.000000
    60 0.018898 0.665159 9.395884 0.000000 0.000000 0.000000
    61 2.000008 -3.000000 0.000000 -1.570796 0.000000 -1.326450
    62 3.028210 -0.923409 -2.009452 1.574082 -0.012974 1.587244
    63 0.116955 4.311607 0.061861 0.000010 0.000000 0.000000
    64 0.000000 0.000000 0.000001 0.000000 0.000000 0.000000
    65 0.000000 1.000000 0.000008 0.000000 0.000000 0.000000
    66 0.000000 0.000000 0.000002 0.000000 0.000000 0.000000
    67 0.000000 0.000000 0.000002 0.000000 0.000000 0.000000
    68 0.000000 0.000000 0.000002 0.000000 0.000000 0.000000
time 38
    0 -0.198242 -8.257813 48.937500 1.495749 0.004769 -0.072291
    1 3.625659 0.000000 0.000000 -2.119426 -0.008372 -1.273767
    2 18.345819 0.000000 0.000000 0.000000 0.000000 0.191938
    3 16.751528 0.000000 0.000000 -0.051286 0.274906 -0.642064
    4 5.943489 0.000000 0.000000 0.020455 -0.027735 -0.462412
    5 -3.625659 0.000000 0.000000 -1.252109 -0.081735 -1.783853
    6 18.345812 0.000000 0.000000 0.000000 0.000000 0.208336
    7 16.751524 0.000000 0.000000 0.037057 -0.315713 -0.668409
    8 5.943490 0.000000 0.000000 -0.112052 0.023831 -0.387123
    9 0.000000 4.043964 -0.017929 1.563244 -0.099365 1.646044
    10 3.995838 0.000000 0.000000 -0.005195 0.017924 -0.125826
    11 3.698242 -0.000001 0.000000 0.000417 -0.087959 0.059267
    12 5.700890 0.000000 0.000000 -0.050939 -0.101985 0.557005
    13 5.352852 -0.000001 0.000000 3.077208 0.297834 0.089854
    14 4.461819 0.000000 0.000000 -0.187541 -0.220251 0.767630
    15 4.065388 1.458945 1.500000 -1.726914 -0.945796 -0.042545
    16 5.507357 0.000004 -0.000001 -2.042227 -0.637775 -0.088182
    17 10.907398 0.000000 0.000000 0.000000 0.000000 -1.149325
    18 10.424324 -0.000008 -0.000027 1.275739 0.149632 0.204322
    19 2.997274 0.005409 -1.477472 0.286173 0.459181 -0.075225
    20 1.510382 0.000000 0.000000 0.011341 0.016615 -0.257537
    21 0.808655 0.000002 0.000000 -0.054433 -0.175361 0.039377
    22 3.305792 0.203112 -0.546730 0.228981 0.234014 0.043917
    23 1.807182 0.000002 0.000000 -0.051906 -0.088339 -0.190157
    24 0.966137 0.000001 0.000000 0.002387 0.009734 0.099588
    25 3.571512 0.109303 0.409580 0.187237 0.067893 0.178800
    26 2.150654 -0.000002 0.000000 -0.042028 -0.053936 -0.320272
    27 1.152748 0.000000 0.000000 0.001856 0.011945 0.064941
    28 3.684092 -0.158705 1.419183 0.117459 -0.234196 0.132137
    29 1.701014 -0.000002 0.000000 0.051316 0.064006 -0.334034
    30 0.994705 0.000002 0.000000 0.001258 0.038493 0.020488
    31 1.068069 -1.287201 0.981905 1.485387 -0.776395 0.062204
    32 1.836304 -0.000002 -0.000004 -0.000056 -0.188092 0.157023
    33 1.223948 -0.000001 0.000000 -0.000073 -0.040582 0.037650
    34 4.065392 1.458946 -1.500000 1.490943 1.204877 -0.267970
    35 5.507360 0.000008 -0.000001 2.166744 0.580556 -0.132240
    36 10.907398 0.000000 0.000004 0.000000 0.000000 -2.436468
    37 10.424301 -0.000005 0.000019 -1.259189 -0.207107 -0.002457
    38 2.997293 0.000065 1.477481 -0.253101 -0.352377 0.102830
    39 1.510378 -0.000004 0.000000 -0.011341 -0.016615 -0.257537
    40 0.808655 0.000000 0.000000 0.054433 0.175361 0.039377
    41 3.305817 0.201134 0.547461 -0.210363 -0.172307 0.047075
    42 1.807175 0.000000 0.000000 0.051906 0.088339 -0.190157
    43 0.966141 -0.000001 0.000000 -0.002387 -0.009734 0.099588
    44 3.571524 0.110786 -0.409182 -0.183620 -0.067925 0.084169
    45 2.150656 0.000000 0.000000 0.042028 0.053936 -0.320272
    46 1.152752 0.000000 0.000000 -0.001808 -0.011970 0.185709
    47 3.684113 -0.153563 -1.419748 -0.150139 0.081804 0.137707
    48 1.701017 0.000002 0.000000 -0.051316 -0.064006 -0.334034
    49 0.994705 0.000001 0.000000 -0.001284 -0.038506 0.309237
    50 1.068094 -1.283653 -0.986553 -1.526993 0.753345 0.009976
    51 1.836306 -0.000002 0.000000 0.000056 0.188092 0.157023
    52 1.223946 0.000000 0.000002 0.000011 0.040608 0.273526
    53 -2.865234 -9.570313 -5.132813 1.631831 0.067433 2.085240
    54 0.000000 0.000000 0.000000 -0.077030 -0.068757 -1.299215
    55 0.000004 -0.000007 -0.000031 1.373047 0.113574 0.124314
    56 0.000000 -0.000007 -0.000031 1.373047 0.113574 0.124314
    57 2.856897 -1.536201 -0.973800 -1.501147 -0.272558 -1.578261
    58 2.856895 -1.536198 -0.973800 -1.501147 -0.272558 -1.578261
    59 0.000000 0.000000 10.000000 0.000000 0.000000 0.000000
    60 0.018898 0.665159 9.395884 0.000000 0.000000 0.000000
    61 2.000008 -3.000000 0.000000 -1.570796 0.000000 -1.326450
    62 3.028210 -0.923409 -2.009452 1.574082 -0.012974 1.587244
    63 0.116955 4.311607 0.061861 0.000010 0.000000 0.000000
    64 0.000000 0.000000 0.000001 0.000000 0.000000 0.000000
    65 0.000000 1.000000 0.000008 0.000000 0.000000 0.000000
    66 0.000000 0.000000 0.000002 0.000000 0.000000 0.000000
    67 0.000000 0.000000 0.000002 0.000000 0.000000 0.000000
    68 0.000000 0.000000 0.000002 0.000000 0.000000 0.000000
time 39
    0 -0.228149 -8.234375 48.906250 1.498239 0.006824 -0.071439
    1 3.625659 0.000000 0.000000 -2.117422 -0.012887 -1.274083
    2 18.345819 0.000000 0.000000 0.000000 0.000000 0.193673
    3 16.751528 0.000000 0.000000 -0.056418 0.263991 -0.645872
    4 5.943489 0.000000 0.000000 0.020415 -0.027681 -0.471640
    5 -3.625659 0.000000 0.000000 -1.252048 -0.085650 -1.786345
    6 18.345812 0.000000 0.000000 0.000000 0.000000 0.207815
    7 16.751524 0.000000 0.000000 0.025517 -0.333624 -0.662850
    8 5.943490 0.000000 0.000000 -0.112039 0.023839 -0.390295
    9 0.000000 4.043964 -0.017929 1.561955 -0.102176 1.642228
    10 3.995838 0.000000 0.000000 -0.006485 0.017755 -0.126183
    11 3.698242 -0.000001 0.000000 -0.000442 -0.081792 0.055147
    12 5.700890 0.000000 0.000000 -0.048626 -0.095939 0.553044
    13 5.352852 -0.000001 0.000000 3.083736 0.294845 0.091066
    14 4.461819 0.000000 0.000000 -0.180009 -0.219033 0.764392
    15 4.065388 1.458945 1.500000 -1.720983 -0.950293 -0.047009
    16 5.507357 0.000004 -0.000001 -2.040898 -0.638629 -0.091935
    17 10.907398 0.000000 0.000000 0.000000 0.000000 -1.152000
    18 10.424324 -0.000008 -0.000027 1.278546 0.147190 0.209065
    19 2.997274 0.005409 -1.477472 0.286740 0.461137 -0.075458
    20 1.510382 0.000000 0.000000 0.011341 0.016615 -0.257537
    21 0.808655 0.000002 0.000000 -0.054433 -0.175361 0.039377
    22 3.305792 0.203112 -0.546730 0.228981 0.234014 0.043917
    23 1.807182 0.000002 0.000000 -0.051906 -0.088339 -0.190157
    24 0.966137 0.000001 0.000000 0.002387 0.009734 0.099588
    25 3.571512 0.109303 0.409580 0.187237 0.067893 0.178800
    26 2.150654 -0.000002 0.000000 -0.042028 -0.053936 -0.320272
    27 1.152748 0.000000 0.000000 0.001856 0.011945 0.064941
    28 3.684092 -0.158705 1.419183 0.117459 -0.234196 0.132137
    29 1.701014 -0.000002 0.000000 0.051316 0.064006 -0.334034
    30 0.994705 0.000002 0.000000 0.001258 0.038493 0.020488
    31 1.068069 -1.287201 0.981905 1.484000 -0.779802 0.062568
    32 1.836304 -0.000002 -0.000004 -0.000056 -0.188092 0.157023
    33 1.223948 -0.000001 0.000000 -0.000073 -0.040582 0.037650
    34 4.065392 1.458946 -1.500000 1.493804 1.189001 -0.263429
    35 5.507360 0.000008 -0.000001 2.164458 0.580869 -0.140451
    36 10.907398 0.000000 0.000004 0.000000 0.000000 -2.438031
    37 10.424301 -0.000005 0.000019 -1.269522 -0.204644 0.005634
    38 2.997293 0.000065 1.477481 -0.255148 -0.360199 0.102160
    39 1.510378 -0.000004 0.000000 -0.011341 -0.016615 -0.257537
    40 0.808655 0.000000 0.000000 0.054433 0.175361 0.039377
    41 3.305817 0.201134 0.547461 -0.210959 -0.174838 0.046965
    42 1.807175 0.000000 0.000000 0.051906 0.088339 -0.190157
    43 0.966141 -0.000001 0.000000 -0.002387 -0.009734 0.099588
    44 3.571524 0.110786 -0.409182 -0.183620 -0.067925 0.084169
    45 2.150656 0.000000 0.000000 0.042028 0.053936 -0.320272
    46 1.152752 0.000000 0.000000 -0.001808 -0.011970 0.185709
    47 3.684113 -0.153563 -1.419748 -0.149075 0.086148 0.137607
    48 1.701017 0.000002 0.000000 -0.051316 -0.064006 -0.334034
    49 0.994705 0.000001 0.000000 -0.001284 -0.038506 0.309237
    50 1.068094 -1.283653 -0.986553 -1.521563 0.755583 0.016783
    51 1.836306 -0.000002 0.000000 0.000056 0.188092 0.157023
    52 1.223946 0.000000 0.000002 0.000068 0.040574 0.263681
    53 -8.625000 -9.070313 -3.462891 1.632049 0.068990 2.086322
    54 0.000000 0.000000 0.000000 -0.077030 -0.068757 -1.299215
    55 0.000004 -0.000007 -0.000031 1.373047 0.113574 0.124314
    56 0.000000 -0.000007 -0.000031 1.373047 0.113574 0.124314
    57 2.856897 -1.536201 -0.973800 -1.501147 -0.272558 -1.578261
    58 2.856895 -1.536198 -0.973800 -1.501147 -0.272558 -1.578261
    59 0.000000 0.000000 10.000000 0.000000 0.000000 0.000000
    60 0.018898 0.665159 9.395884 0.000000 0.000000 0.000000
    61 2.000008 -3.000000 0.000000 -1.570796 0.000000 -1.326450
    62 3.028210 -0.923409 -2.009452 1.574082 -0.012974 1.587244
    63 0.116955 4.311607 0.061861 0.000010 0.000000 0.000000
    64 0.000000 0.000000 0.000001 0.000000 0.000000 0.000000
    65 0.000000 1.000000 0.000008 0.000000 0.000000 0.000000
    66 0.000000 0.000000 0.000002 0.000000 0.000000 0.000000
    67 0.000000 0.000000 0.000002 0.000000 0.000000 0.000000
    68 0.000000 0.000000 0.000002 0.000000 0.000000 0.000000
time 40
    0 -0.225464 -8.242188 48.843750 1.501015 0.008185 -0.070813
    1 3.625659 0.000000 0.000000 -2.118177 -0.015992 -1.275275
    2 18.345819 0.000000 0.000000 0.000000 0.000000 0.194887
    3 16.751528 0.000000 0.000000 -0.059328 0.257478 -0.650303
    4 5.943489 0.000000 0.000000 0.020467 -0.027700 -0.479992
    5 -3.625659 0.000000 0.000000 -1.254708 -0.088334 -1.789943
    6 18.345812 0.000000 0.000000 0.000000 0.000000 0.208857
    7 16.751524 0.000000 0.000000 0.011527 -0.346383 -0.659331
    8 5.943490 0.000000 0.000000 -0.112052 0.023832 -0.398582
    9 0.000000 4.043964 -0.017929 1.561399 -0.103769 1.640848
    10 3.995838 0.000000 0.000000 -0.007233 0.018483 -0.127231
    11 3.698242 -0.000001 0.000000 -0.001337 -0.078137 0.051893
    12 5.700890 0.000000 0.000000 -0.048167 -0.092686 0.550023
    13 5.352852 -0.000001 0.000000 3.093081 0.290340 0.095929
    14 4.461819 0.000000 0.000000 -0.170075 -0.217199 0.759726
    15 4.065388 1.458945 1.500000 -1.714879 -0.953286 -0.051826
    16 5.507357 0.000004 -0.000001 -2.039095 -0.639360 -0.094409
    17 10.907398 0.000000 0.000000 0.000000 0.000000 -1.155399
    18 10.424324 -0.000008 -0.000027 1.280622 0.145846 0.212797
    19 2.997274 0.005409 -1.477472 0.287305 0.463006 -0.075703
    20 1.510382 0.000000 0.000000 0.011341 0.016615 -0.257537
    21 0.808655 0.000002 0.000000 -0.054433 -0.175361 0.039377
    22 3.305792 0.203112 -0.546730 0.228981 0.234014 0.043917
    23 1.807182 0.000002 0.000000 -0.051906 -0.088339 -0.190157
    24 0.966137 0.000001 0.000000 0.002387 0.009734 0.099588
    25 3.571512 0.109303 0.409580 0.187237 0.067893 0.178800
    26 2.150654 -0.000002 0.000000 -0.042028 -0.053936 -0.320272
    27 1.152748 0.000000 0.000000 0.001856 0.011945 0.064941
    28 3.684092 -0.158705 1.419183 0.117459 -0.234196 0.132137
    29 1.701014 -0.000002 0.000000 0.051316 0.064006 -0.334034
    30 0.994705 0.000002 0.000000 0.001258 0.038493 0.020488
    31 1.068069 -1.287201 0.981905 1.482558 -0.783143 0.063023
    32 1.836304 -0.000002 -0.000004 -0.000056 -0.188092 0.157023
    33 1.223948 -0.000001 0.000000 -0.000073 -0.040582 0.037650
    34 4.065392 1.458946 -1.500000 1.498171 1.175813 -0.256990
    35 5.507360 0.000008 -0.000001 2.164443 0.579510 -0.147500
    36 10.907398 0.000000 0.000004 0.000000 0.000000 -2.440146
    37 10.424301 -0.000005 0.000019 -1.277661 -0.201493 0.012574
    38 2.997293 0.000065 1.477481 -0.257166 -0.367867 0.101389
    39 1.510378 -0.000004 0.000000 -0.011341 -0.016615 -0.257537
    40 0.808655 0.000000 0.000000 0.054433 0.175361 0.039377
    41 3.305817 0.201134 0.547461 -0.211643 -0.177367 0.046865
    42 1.807175 0.000000 0.000000 0.051906 0.088339 -0.190157
    43 0.966141 -0.000001 0.000000 -0.002387 -0.009734 0.099588
    44 3.571524 0.110786 -0.409182 -0.183620 -0.067925 0.084169
    45 2.150656 0.000000 0.000000 0.042028 0.053936 -0.320272
    46 1.152752 0.000000 0.000000 -0.001808 -0.011970 0.185709
    47 3.684113 -0.153563 -1.419748 -0.148104 0.090412 0.137514
    48 1.701017 0.000002 0.000000 -0.051316 -0.064006 -0.334034
    49 0.994705 0.000001 0.000000 -0.001284 -0.038506 0.309237
    50 1.068094 -1.283653 -0.986553 -1.516175 0.757932 0.023596
    51 1.836306 -0.000002 0.000000 0.000056 0.188092 0.157023
    52 1.223946 0.000000 0.000002 0.000051 0.040637 0.253842
    53 -12.578125 -12.195313 -2.445313 1.632608 0.071489 2.088056
    54 0.000000 0.000000 0.000000 -0.077030 -0.068757 -1.299215
    55 0.000004 -0.000007 -0.000031 1.373047 0.113574 0.124314
    56 0.000000 -0.000007 -0.000031 1.373047 0.113574 0.124314
    57 2.856897 -1.536201 -0.973800 -1.501147 -0.272558 -1.578261
    58 2.856895 -1.536198 -0.973800 -1.501147 -0.272558 -1.578261
    59 0.000000 0.000000 10.000000 0.000000 0.000000 0.000000
    60 0.018898 0.665159 9.395884 0.000000 0.000000 0.000000
    61 2.000008 -3.000000 0.000000 -1.570796 0.000000 -1.326450
    62 3.028210 -0.923409 -2.009452 1.574082 -0.012974 1.587244
    63 0.116955 4.311607 0.061861 0.000010 0.000000 0.000000
    64 0.000000 0.000000 0.000001 0.000000 0.000000 0.000000
    65 0.000000 1.000000 0.000008 0.000000 0.000000 0.000000
    66 0.000000 0.000000 0.000002 0.000000 0.000000 0.000000
    67 0.000000 0.000000 0.000002 0.000000 0.000000 0.000000
    68 0.000000 0.000000 0.000002 0.000000 0.000000 0.000000
time 41
    0 -0.179688 -8.296875 48.812500 1.503843 0.008478 -0.070649
    1 3.625659 0.000000 0.000000 -2.119841 -0.016942 -1.278670
    2 18.345819 0.000000 0.000000 0.000000 0.000000 0.194280
    3 16.751528 0.000000 0.000000 -0.060177 0.254116 -0.654122
    4 5.943489 0.000000 0.000000 0.020421 -0.027692 -0.482747
    5 -3.625659 0.000000 0.000000 -1.255378 -0.088222 -1.795482
    6 18.345812 0.000000 0.000000 0.000000 0.000000 0.208075
    7 16.751524 0.000000 0.000000 -0.005034 -0.354757 -0.655334
    8 5.943490 0.000000 0.000000 -0.112103 0.023877 -0.404144
    9 0.000000 4.043964 -0.017929 1.562008 -0.102339 1.644556
    10 3.995838 0.000000 0.000000 -0.007381 0.020457 -0.129403
    11 3.698242 -0.000001 0.000000 -0.002018 -0.080193 0.050282
    12 5.700890 0.000000 0.000000 -0.051084 -0.095903 0.550573
    13 5.352852 -0.000001 0.000000 3.105259 0.285606 0.102554
    14 4.461819 0.000000 0.000000 -0.158083 -0.215681 0.754577
    15 4.065388 1.458945 1.500000 -1.708950 -0.952132 -0.057286
    16 5.507357 0.000004 -0.000001 -2.037542 -0.639701 -0.094964
    17 10.907398 0.000000 0.000000 0.000000 0.000000 -1.158698
    18 10.424324 -0.000008 -0.000027 1.283956 0.144761 0.213138
    19 2.997274 0.005409 -1.477472 0.287873 0.464964 -0.075934
    20 1.510382 0.000000 0.000000 0.011341 0.016615 -0.257537
    21 0.808655 0.000002 0.000000 -0.054433 -0.175361 0.039377
    22 3.305792 0.203112 -0.546730 0.228981 0.234014 0.043917
    23 1.807182 0.000002 0.000000 -0.051906 -0.088339 -0.190157
    24 0.966137 0.000001 0.000000 0.002387 0.009734 0.099588
    25 3.571512 0.109303 0.409580 0.187237 0.067893 0.178800
    26 2.150654 -0.000002 0.000000 -0.042028 -0.053936 -0.320272
    27 1.152748 0.000000 0.000000 0.001856 0.011945 0.064941
    28 3.684092 -0.158705 1.419183 0.117459 -0.234196 0.132137
    29 1.701014 -0.000002 0.000000 0.051316 0.064006 -0.334034
    30 0.994705 0.000002 0.000000 0.001258 0.038493 0.020488
    31 1.068069 -1.287201 0.981905 1.481020 -0.786551 0.063461
    32 1.836304 -0.000002 -0.000004 -0.000056 -0.188092 0.157023
    33 1.223948 -0.000001 0.000000 -0.000073 -0.040582 0.037650
    34 4.065392 1.458946 -1.500000 1.505799 1.171304 -0.247312
    35 5.507360 0.000008 -0.000001 2.166341 0.575261 -0.153235
    36 10.907398 0.000000 0.000004 0.000000 0.000000 -2.444189
    37 10.424301 -0.000005 0.000019 -1.286067 -0.198752 0.015419
    38 2.997293 0.000065 1.477481 -0.259189 -0.375541 0.100636
    39 1.510378 -0.000004 0.000000 -0.011341 -0.016615 -0.257537
    40 0.808655 0.000000 0.000000 0.054433 0.175361 0.039377
    41 3.305817 0.201134 0.547461 -0.212239 -0.179899 0.046758
    42 1.807175 0.000000 0.000000 0.051906 0.088339 -0.190157
    43 0.966141 -0.000001 0.000000 -0.002387 -0.009734 0.099588
    44 3.571524 0.110786 -0.409182 -0.183620 -0.067925 0.084169
    45 2.150656 0.000000 0.000000 0.042028 0.053936 -0.320272
    46 1.152752 0.000000 0.000000 -0.001808 -0.011970 0.185709
    47 3.684113 -0.153563 -1.419748 -0.147133 0.094677 0.137426
    48 1.701017 0.000002 0.000000 -0.051316 -0.064006 -0.334034
    49 0.994705 0.000001 0.000000 -0.001284 -0.038506 0.309237
    50 1.068094 -1.283653 -0.986553 -1.510722 0.760064 0.030381
    51 1.836306 -0.000002 0.000000 0.000056 0.188092 0.157023
    52 1.223946 0.000000 0.000002 0.000026 0.040616 0.244182
    53 -11.835938 -18.750000 -3.140625 1.633860 0.073895 2.089730
    54 0.000000 0.000000 0.000000 -0.077030 -0.068757 -1.299215
    55 0.000004 -0.000007 -0.000031 1.373047 0.113574 0.124314
    56 0.000000 -0.000007 -0.000031 1.373047 0.113574 0.124314
    57 2.856897 -1.536201 -0.973800 -1.501147 -0.272558 -1.578261
    58 2.856895 -1.536198 -0.973800 -1.501147 -0.272558 -1.578261
    59 0.000000 0.000000 10.000000 0.000000 0.000000 0.000000
    60 0.018898 0.665159 9.395884 0.000000 0.000000 0.000000
    61 2.000008 -3.000000 0.000000 -1.570796 0.000000 -1.326450
    62 3.028210 -0.923409 -2.009452 1.574082 -0.012974 1.587244
    63 0.116955 4.311607 0.061861 0.000010 0.000000 0.000000
    64 0.000000 0.000000 0.000001 0.000000 0.000000 0.000000
    65 0.000000 1.000000 0.000008 0.000000 0.000000 0.000000
    66 0.000000 0.000000 0.000002 0.000000 0.000000 0.000000
    67 0.000000 0.000000 0.000002 0.000000 0.000000 0.000000
    68 0.000000 0.000000 0.000002 0.000000 0.000000 0.000000
time 42
    0 -0.106384 -8.382813 48.812500 1.506706 0.008381 -0.071139
    1 3.625659 0.000000 0.000000 -2.123240 -0.015942 -1.282567
    2 18.345819 0.000000 0.000000 0.000000 0.000000 0.191418
    3 16.751528 0.000000 0.000000 -0.057026 0.255172 -0.653948
    4 5.943489 0.000000 0.000000 0.020404 -0.027664 -0.487549
    5 -3.625659 0.000000 0.000000 -1.253087 -0.086416 -1.801263
    6 18.345812 0.000000 0.000000 0.000000 0.000000 0.206166
    7 16.751524 0.000000 0.000000 -0.017599 -0.355981 -0.655300
    8 5.943490 0.000000 0.000000 -0.112080 0.023817 -0.403699
    9 0.000000 4.043964 -0.017929 1.562155 -0.099305 1.650760
    10 3.995838 0.000000 0.000000 -0.007447 0.023558 -0.132532
    11 3.698242 -0.000001 0.000000 -0.002097 -0.084339 0.049689
    12 5.700890 0.000000 0.000000 -0.054760 -0.102391 0.552752
    13 5.352852 -0.000001 0.000000 3.115440 0.275651 0.107733
    14 4.461819 0.000000 0.000000 -0.144836 -0.211209 0.750001
    15 4.065388 1.458945 1.500000 -1.703445 -0.950892 -0.063213
    16 5.507357 0.000004 -0.000001 -2.035096 -0.639908 -0.095438
    17 10.907398 0.000000 0.000000 0.000000 0.000000 -1.162207
    18 10.424324 -0.000008 -0.000027 1.286537 0.144567 0.214681
    19 2.997274 0.005409 -1.477472 0.288439 0.466834 -0.076177
    20 1.510382 0.000000 0.000000 0.011341 0.016615 -0.257537
    21 0.808655 0.000002 0.000000 -0.054433 -0.175361 0.039377
    22 3.305792 0.203112 -0.546730 0.228981 0.234014 0.043917
    23 1.807182 0.000002 0.000000 -0.051906 -0.088339 -0.190157
    24 0.966137 0.000001 0.000000 0.002387 0.009734 0.099588
    25 3.571512 0.109303 0.409580 0.187237 0.067893 0.178800
    26 2.150654 -0.000002 0.000000 -0.042028 -0.053936 -0.320272
    27 1.152748 0.000000 0.000000 0.001856 0.011945 0.064941
    28 3.684092 -0.158705 1.419183 0.117459 -0.234196 0.132137
    29 1.701014 -0.000002 0.000000 0.051316 0.064006 -0.334034
    30 0.994705 0.000002 0.000000 0.001258 0.038493 0.020488
    31 1.068069 -1.287201 0.981905 1.479579 -0.789896 0.063927
    32 1.836304 -0.000002 -0.000004 -0.000056 -0.188092 0.157023
    33 1.223948 -0.000001 0.000000 -0.000073 -0.040582 0.037650
    34 4.065392 1.458946 -1.500000 1.520357 1.169565 -0.230676
    35 5.507360 0.000008 -0.000001 2.167167 0.567641 -0.157881
    36 10.907398 0.000000 0.000004 0.000000 0.000000 -2.448321
    37 10.424301 -0.000005 0.000019 -1.295718 -0.197510 0.017346
    38 2.997293 0.000065 1.477481 -0.261289 -0.383045 0.099889
    39 1.510378 -0.000004 0.000000 -0.011341 -0.016615 -0.257537
    40 0.808655 0.000000 0.000000 0.054433 0.175361 0.039377
    41 3.305817 0.201134 0.547461 -0.212832 -0.182345 0.046644
    42 1.807175 0.000000 0.000000 0.051906 0.088339 -0.190157
    43 0.966141 -0.000001 0.000000 -0.002387 -0.009734 0.099588
    44 3.571524 0.110786 -0.409182 -0.183620 -0.067925 0.084169
    45 2.150656 0.000000 0.000000 0.042028 0.053936 -0.320272
    46 1.152752 0.000000 0.000000 -0.001808 -0.011970 0.185709
    47 3.684113 -0.153563 -1.419748 -0.146169 0.098857 0.137348
    48 1.701017 0.000002 0.000000 -0.051316 -0.064006 -0.334034
    49 0.994705 0.000001 0.000000 -0.001284 -0.038506 0.309237
    50 1.068094 -1.283653 -0.986553 -1.505258 0.762176 0.037188
    51 1.836306 -0.000002 0.000000 0.000056 0.188092 0.157023
    52 1.223946 0.000000 0.000002 0.000001 0.040596 0.234529
    53 -7.777344 -24.562500 -4.402344 1.635160 0.075427 2.091042
    54 0.000000 0.000000 0.000000 -0.077030 -0.068757 -1.299215
    55 0.000004 -0.000007 -0.000031 1.373047 0.113574 0.124314
    56 0.000000 -0.000007 -0.000031 1.373047 0.113574 0.124314
    57 2.856897 -1.536201 -0.973800 -1.501147 -0.272558 -1.578261
    58 2.856895 -1.536198 -0.973800 -1.501147 -0.272558 -1.578261
    59 0.000000 0.000000 10.000000 0.000000 0.000000 0.000000
    60 0.018898 0.665159 9.395884 0.000000 0.000000 0.000000
    61 2.000008 -3.000000 0.000000 -1.570796 0.000000 -1.326450
    62 3.028210 -0.923409 -2.009452 1.574082 -0.012974 1.587244
    63 0.116955 4.311607 0.061861 0.000010 0.000000 0.000000
    64 0.000000 0.000000 0.000001 0.000000 0.000000 0.000000
    65 0.000000 1.000000 0.000008 0.000000 0.000000 0.000000
    66 0.000000 0.000000 0.000002 0.000000 0.000000 0.000000
    67 0.000000 0.000000 0.000002 0.000000 0.000000 0.000000
    68 0.000000 0.000000 0.000002 0.000000 0.000000 0.000000
time 43
    0 -0.023743 -8.453125 48.781250 1.509600 0.008227 -0.072459
    1 3.625659 0.000000 0.000000 -2.126641 -0.015576 -1.285351
    2 18.345819 0.000000 0.000000 0.000000 0.000000 0.189250
    3 16.751528 0.000000 0.000000 -0.049884 0.259370 -0.651695
    4 5.943489 0.000000 0.000000 0.020393 -0.027730 -0.491287
    5 -3.625659 0.000000 0.000000 -1.249695 -0.085777 -1.806288
    6 18.345812 0.000000 0.000000 0.000000 0.000000 0.204864
    7 16.751524 0.000000 0.000000 -0.021626 -0.350853 -0.657577
    8 5.943490 0.000000 0.000000 -0.112078 0.023827 -0.403523
    9 0.000000 4.043964 -0.017929 1.561842 -0.097766 1.655740
    10 3.995838 0.000000 0.000000 -0.007935 0.026459 -0.135148
    11 3.698242 -0.000001 0.000000 -0.001827 -0.086939 0.047954
    12 5.700890 0.000000 0.000000 -0.057236 -0.107532 0.553122
    13 5.352852 -0.000001 0.000000 3.121954 0.258316 0.109810
    14 4.461819 0.000000 0.000000 -0.130411 -0.202356 0.746499
    15 4.065388 1.458945 1.500000 -1.698345 -0.951690 -0.068688
    16 5.507357 0.000004 -0.000001 -2.031934 -0.640898 -0.096768
    17 10.907398 0.000000 0.000000 0.000000 0.000000 -1.164894
    18 10.424324 -0.000008 -0.000027 1.288405 0.144991 0.214420
    19 2.997274 0.005409 -1.477472 0.288910 0.468702 -0.076442
    20 1.510382 0.000000 0.000000 0.011341 0.016615 -0.257537
    21 0.808655 0.000002 0.000000 -0.054433 -0.175361 0.039377
    22 3.305792 0.203112 -0.546730 0.228981 0.234014 0.043917
    23 1.807182 0.000002 0.000000 -0.051906 -0.088339 -0.190157
    24 0.966137 0.000001 0.000000 0.002387 0.009734 0.099588
    25 3.571512 0.109303 0.409580 0.187237 0.067893 0.178800
    26 2.150654 -0.000002 0.000000 -0.042028 -0.053936 -0.320272
    27 1.152748 0.000000 0.000000 0.001856 0.011945 0.064941
    28 3.684092 -0.158705 1.419183 0.117459 -0.234196 0.132137
    29 1.701014 -0.000002 0.000000 0.051316 0.064006 -0.334034
    30 0.994705 0.000002 0.000000 0.001258 0.038493 0.020488
    31 1.068069 -1.287201 0.981905 1.478301 -0.793184 0.064260
    32 1.836304 -0.000002 -0.000004 -0.000056 -0.188092 0.157023
    33 1.223948 -0.000001 0.000000 -0.000073 -0.040582 0.037650
    34 4.065392 1.458946 -1.500000 1.536701 1.166836 -0.212974
    35 5.507360 0.000008 -0.000001 2.165748 0.560312 -0.160288
    36 10.907398 0.000000 0.000004 0.000000 0.000000 -2.450890
    37 10.424301 -0.000005 0.000019 -1.303834 -0.198247 0.021385
    38 2.997293 0.000065 1.477481 -0.263303 -0.390560 0.099141
    39 1.510378 -0.000004 0.000000 -0.011341 -0.016615 -0.257537
    40 0.808655 0.000000 0.000000 0.054433 0.175361 0.039377
    41 3.305817 0.201134 0.547461 -0.213426 -0.184791 0.046531
    42 1.807175 0.000000 0.000000 0.051906 0.088339 -0.190157
    43 0.966141 -0.000001 0.000000 -0.002387 -0.009734 0.099588
    44 3.571524 0.110786 -0.409182 -0.183620 -0.067925 0.084169
    45 2.150656 0.000000 0.000000 0.042028 0.053936 -0.320272
    46 1.152752 0.000000 0.000000 -0.001808 -0.011970 0.185709
    47 3.684113 -0.153563 -1.419748 -0.145205 0.103037 0.137275
    48 1.701017 0.000002 0.000000 -0.051316 -0.064006 -0.334034
    49 0.994705 0.000001 0.000000 -0.001284 -0.038506 0.309237
    50 1.068094 -1.283653 -0.986553 -1.499844 0.764271 0.043862
    51 1.836306 -0.000002 0.000000 0.000056 0.188092 0.157023
    52 1.223946 0.000000 0.000002 0.000066 0.040566 0.225056
    53 -2.414063 -26.515625 -5.082031 1.636186 0.076649 2.092488
    54 0.000000 0.000000 0.000000 -0.077030 -0.068757 -1.299215
    55 0.000004 -0.000007 -0.000031 1.373047 0.113574 0.124314
    56 0.000000 -0.000007 -0.000031 1.373047 0.113574 0.124314
    57 2.856897 -1.536201 -0.973800 -1.501147 -0.272558 -1.578261
    58 2.856895 -1.536198 -0.973800 -1.501147 -0.272558 -1.578261
    59 0.000000 0.000000 10.000000 0.000000 0.000000 0.000000
    60 0.018898 0.665159 9.395884 0.000000 0.000000 0.000000
    61 2.000008 -3.000000 0.000000 -1.570796 0.000000 -1.326450
    62 3.028210 -0.923409 -2.009452 1.574082 -0.012974 1.587244
    63 0.116955 4.311607 0.061861 0.000010 0.000000 0.000000
    64 0.000000 0.000000 0.000001 0.000000 0.000000 0.000000
    65 0.000000 1.000000 0.000008 0.000000 0.000000 0.000000
    66 0.000000 0.000000 0.000002 0.000000 0.000000 0.000000
    67 0.000000 0.000000 0.000002 0.000000 0.000000 0.000000
    68 0.000000 0.000000 0.000002 0.000000 0.000000 0.000000
time 44
    0 0.050232 -8.484375 48.781250 1.512445 0.008009 -0.074688
    1 3.625659 0.000000 0.000000 -2.127123 -0.016478 -1.286390
    2 18.345819 0.000000 0.000000 0.000000 0.000000 0.188730
    3 16.751528 0.000000 0.000000 -0.039384 0.265288 -0.648240
    4 5.943489 0.000000 0.000000 0.020420 -0.027710 -0.493246
    5 -3.625659 0.000000 0.000000 -1.247131 -0.087251 -1.809904
    6 18.345812 0.000000 0.000000 0.000000 0.000000 0.204777
    7 16.751524 0.000000 0.000000 -0.021340 -0.343442 -0.661525
    8 5.943490 0.000000 0.000000 -0.112040 0.023841 -0.401758
    9 0.000000 4.043964 -0.017929 1.561655 -0.098534 1.658786
    10 3.995838 0.000000 0.000000 -0.008086 0.028436 -0.136371
    11 3.698242 -0.000001 0.000000 -0.001628 -0.087980 0.044836
    12 5.700890 0.000000 0.000000 -0.058473 -0.110450 0.550993
    13 5.352852 -0.000001 0.000000 3.130684 0.240214 0.108648
    14 4.461819 0.000000 0.000000 -0.113720 -0.191999 0.744819
    15 4.065388 1.458945 1.500000 -1.692236 -0.951847 -0.074921
    16 5.507357 0.000004 -0.000001 -2.028979 -0.642538 -0.100880
    17 10.907398 0.000000 0.000000 0.000000 0.000000 -1.167376
    18 10.424324 -0.000008 -0.000027 1.290345 0.145086 0.212838
    19 2.997274 0.005409 -1.477472 0.289476 0.470573 -0.076683
    20 1.510382 0.000000 0.000000 0.011341 0.016615 -0.257537
    21 0.808655 0.000002 0.000000 -0.054433 -0.175361 0.039377
    22 3.305792 0.203112 -0.546730 0.228981 0.234014 0.043917
    23 1.807182 0.000002 0.000000 -0.051906 -0.088339 -0.190157
    24 0.966137 0.000001 0.000000 0.002387 0.009734 0.099588
    25 3.571512 0.109303 0.409580 0.187237 0.067893 0.178800
    26 2.150654 -0.000002 0.000000 -0.042028 -0.053936 -0.320272
    27 1.152748 0.000000 0.000000 0.001856 0.011945 0.064941
    28 3.684092 -0.158705 1.419183 0.117459 -0.234196 0.132137
    29 1.701014 -0.000002 0.000000 0.051316 0.064006 -0.334034
    30 0.994705 0.000002 0.000000 0.001258 0.038493 0.020488
    31 1.068069 -1.287201 0.981905 1.476810 -0.796400 0.064750
    32 1.836304 -0.000002 -0.000004 -0.000056 -0.188092 0.157023
    33 1.223948 -0.000001 0.000000 -0.000073 -0.040582 0.037650
    34 4.065392 1.458946 -1.500000 1.548681 1.165255 -0.200967
    35 5.507360 0.000008 -0.000001 2.165060 0.555624 -0.161070
    36 10.907398 0.000000 0.000004 0.000000 0.000000 -2.453091
    37 10.424301 -0.000005 0.000019 -1.313066 -0.200195 0.022349
    38 2.997293 0.000065 1.477481 -0.265302 -0.397908 0.098381
    39 1.510378 -0.000004 0.000000 -0.011341 -0.016615 -0.257537
    40 0.808655 0.000000 0.000000 0.054433 0.175361 0.039377
    41 3.305817 0.201134 0.547461 -0.213932 -0.187240 0.046411
    42 1.807175 0.000000 0.000000 0.051906 0.088339 -0.190157
    43 0.966141 -0.000001 0.000000 -0.002387 -0.009734 0.099588
    44 3.571524 0.110786 -0.409182 -0.183620 -0.067925 0.084169
    45 2.150656 0.000000 0.000000 0.042028 0.053936 -0.320272
    46 1.152752 0.000000 0.000000 -0.001808 -0.011970 0.185709
    47 3.684113 -0.153563 -1.419748 -0.144256 0.107039 0.137132
    48 1.701017 0.000002 0.000000 -0.051316 -0.064006 -0.334034
    49 0.994705 0.000001 0.000000 -0.001284 -0.038506 0.309237
    50 1.068094 -1.283653 -0.986553 -1.494570 0.766350 0.050496
    51 1.836306 -0.000002 0.000000 0.000056 0.188092 0.157023
    52 1.223946 0.000000 0.000002 0.000059 0.040633 0.215761
    53 1.982422 -24.828125 -5.164063 1.636922 0.076797 2.093705
    54 0.000000 0.000000 0.000000 -0.077030 -0.068757 -1.299215
    55 0.000004 -0.000007 -0.000031 1.373047 0.113574 0.124314
    56 0.000000 -0.000007 -0.000031 1.373047 0.113574 0.124314
    57 2.856897 -1.536201 -0.973800 -1.501147 -0.272558 -1.578261
    58 2.856895 -1.536198 -0.973800 -1.501147 -0.272558 -1.578261
    59 0.000000 0.000000 10.000000 0.000000 0.000000 0.000000
    60 0.018898 0.665159 9.395884 0.000000 0.000000 0.000000
    61 2.000008 -3.000000 0.000000 -1.570796 0.000000 -1.326450
    62 3.028210 -0.923409 -2.009452 1.574082 -0.012974 1.587244
    63 0.116955 4.311607 0.061861 0.000010 0.000000 0.000000
    64 0.000000 0.000000 0.000001 0.000000 0.000000 0.000000
    65 0.000000 1.000000 0.000008 0.000000 0.000000 0.000000
    66 0.000000 0.000000 0.000002 0.000000 0.000000 0.000000
    67 0.000000 0.000000 0.000002 0.000000 0.000000 0.000000
    68 0.000000 0.000000 0.000002 0.000000 0.000000 0.000000
time 45
    0 0.116089 -8.484375 48.750000 1.515163 0.007637 -0.077821
    1 3.625659 0.000000 0.000000 -2.126801 -0.018320 -1.286206
    2 18.345819 0.000000 0.000000 0.000000 0.000000 0.188556
    3 16.751528 0.000000 0.000000 -0.027466 0.273287 -0.641640
    4 5.943489 0.000000 0.000000 0.020396 -0.027687 -0.497609
    5 -3.625659 0.000000 0.000000 -1.244614 -0.090171 -1.812286
    6 18.345812 0.000000 0.000000 0.000000 0.000000 0.204951
    7 16.751524 0.000000 0.000000 -0.019292 -0.337210 -0.666014
    8 5.943490 0.000000 0.000000 -0.112055 0.023822 -0.398758
    9 0.000000 4.043964 -0.017929 1.561737 -0.100727 1.661426
    10 3.995838 0.000000 0.000000 -0.008123 0.030163 -0.136727
    11 3.698242 -0.000001 0.000000 -0.001228 -0.088939 0.041189
    12 5.700890 0.000000 0.000000 -0.059324 -0.113317 0.547405
    13 5.352852 -0.000001 0.000000 3.140624 0.226841 0.103676
    14 4.461819 0.000000 0.000000 -0.100174 -0.178310 0.748660
    15 4.065388 1.458945 1.500000 -1.684934 -0.951583 -0.083231
    16 5.507357 0.000004 -0.000001 -2.025683 -0.644906 -0.106546
    17 10.907398 0.000000 0.000000 0.000000 0.000000 -1.169342
    18 10.424324 -0.000008 -0.000027 1.292147 0.145402 0.210100
    19 2.997274 0.005409 -1.477472 0.290040 0.472357 -0.076935
    20 1.510382 0.000000 0.000000 0.011341 0.016615 -0.257537
    21 0.808655 0.000002 0.000000 -0.054433 -0.175361 0.039377
    22 3.305792 0.203112 -0.546730 0.228981 0.234014 0.043917
    23 1.807182 0.000002 0.000000 -0.051906 -0.088339 -0.190157
    24 0.966137 0.000001 0.000000 0.002387 0.009734 0.099588
    25 3.571512 0.109303 0.409580 0.187237 0.067893 0.178800
    26 2.150654 -0.000002 0.000000 -0.042028 -0.053936 -0.320272
    27 1.152748 0.000000 0.000000 0.001856 0.011945 0.064941
    28 3.684092 -0.158705 1.419183 0.117459 -0.234196 0.132137
    29 1.701014 -0.000002 0.000000 0.051316 0.064006 -0.334034
    30 0.994705 0.000002 0.000000 0.001258 0.038493 0.020488
    31 1.068069 -1.287201 0.981905 1.475481 -0.799558 0.065106
    32 1.836304 -0.000002 -0.000004 -0.000056 -0.188092 0.157023
    33 1.223948 -0.000001 0.000000 -0.000073 -0.040582 0.037650
    34 4.065392 1.458946 -1.500000 1.554373 1.163290 -0.195748
    35 5.507360 0.000008 -0.000001 2.163863 0.554324 -0.161954
    36 10.907398 0.000000 0.000004 0.000000 0.000000 -2.454375
    37 10.424301 -0.000005 0.000019 -1.323695 -0.202311 0.021533
    38 2.997293 0.000065 1.477481 -0.267287 -0.405089 0.097607
    39 1.510378 -0.000004 0.000000 -0.011341 -0.016615 -0.257537
    40 0.808655 0.000000 0.000000 0.054433 0.175361 0.039377
    41 3.305817 0.201134 0.547461 -0.214522 -0.189600 0.046291
    42 1.807175 0.000000 0.000000 0.051906 0.088339 -0.190157
    43 0.966141 -0.000001 0.000000 -0.002387 -0.009734 0.099588
    44 3.571524 0.110786 -0.409182 -0.183620 -0.067925 0.084169
    45 2.150656 0.000000 0.000000 0.042028 0.053936 -0.320272
    46 1.152752 0.000000 0.000000 -0.001808 -0.011970 0.185709
    47 3.684113 -0.153563 -1.419748 -0.143304 0.111049 0.137079
    48 1.701017 0.000002 0.000000 -0.051316 -0.064006 -0.334034
    49 0.994705 0.000001 0.000000 -0.001284 -0.038506 0.309237
    50 1.068094 -1.283653 -0.986553 -1.489295 0.768281 0.057009
    51 1.836306 -0.000002 0.000000 0.000056 0.188092 0.157023
    52 1.223946 0.000000 0.000002 0.000044 0.040615 0.206557
    53 4.746094 -21.109375 -5.351563 1.637463 0.076055 2.093637
    54 0.000000 0.000000 0.000000 -0.077030 -0.068757 -1.299215
    55 0.000004 -0.000007 -0.000031 1.373047 0.113574 0.124314
    56 0.000000 -0.000007 -0.000031 1.373047 0.113574 0.124314
    57 2.856897 -1.536201 -0.973800 -1.501147 -0.272558 -1.578261
    58 2.856895 -1.536198 -0.973800 -1.501147 -0.272558 -1.578261
    59 0.000000 0.000000 10.000000 0.000000 0.000000 0.000000
    60 0.018898 0.665159 9.395884 0.000000 0.000000 0.000000
    61 2.000008 -3.000000 0.000000 -1.570796 0.000000 -1.326450
    62 3.028210 -0.923409 -2.009452 1.574082 -0.012974 1.587244
    63 0.116955 4.311607 0.061861 0.000010 0.000000 0.000000
    64 0.000000 0.000000 0.000001 0.000000 0.000000 0.000000
    65 0.000000 1.000000 0.000008 0.000000 0.000000 0.000000
    66 0.000000 0.000000 0.000002 0.000000 0.000000 0.000000
    67 0.000000 0.000000 0.000002 0.000000 0.000000 0.000000
    68 0.000000 0.000000 0.000002 0.000000 0.000000 0.000000
time 46
    0 0.181396 -8.468750 48.718750 1.517499 0.006788 -0.081259
    1 3.625659 0.000000 0.000000 -2.124283 -0.020059 -1.286162
    2 18.345819 0.000000 0.000000 0.000000 0.000000 0.187776
    3 16.751528 0.000000 0.000000 -0.019365 0.281561 -0.636369
    4 5.943489 0.000000 0.000000 0.020436 -0.027658 -0.500460
    5 -3.625659 0.000000 0.000000 -1.240921 -0.093299 -1.814282
    6 18.345812 0.000000 0.000000 0.000000 0.000000 0.203563
    7 16.751524 0.000000 0.000000 -0.014770 -0.332697 -0.669135
    8 5.943490 0.000000 0.000000 -0.112016 0.023837 -0.396994
    9 0.000000 4.043964 -0.017929 1.561487 -0.103715 1.662471
    10 3.995838 0.000000 0.000000 -0.008295 0.031362 -0.136909
    11 3.698242 -0.000001 0.000000 -0.000710 -0.088429 0.037536
    12 5.700890 0.000000 0.000000 -0.058971 -0.114375 0.542941
    13 5.352852 -0.000001 0.000000 3.140367 0.213053 0.093319
    14 4.461819 0.000000 0.000000 -0.094091 -0.166181 0.757168
    15 4.065388 1.458945 1.500000 -1.678556 -0.952893 -0.090946
    16 5.507357 0.000004 -0.000001 -2.023109 -0.648536 -0.112453
    17 10.907398 0.000000 0.000000 0.000000 0.000000 -1.168307
    18 10.424324 -0.000008 -0.000027 1.293280 0.145954 0.208414
    19 2.997274 0.005409 -1.477472 0.290531 0.474126 -0.077117
    20 1.510382 0.000000 0.000000 0.011341 0.016615 -0.257537
    21 0.808655 0.000002 0.000000 -0.054433 -0.175361 0.039377
    22 3.305792 0.203112 -0.546730 0.228981 0.234014 0.043917
    23 1.807182 0.000002 0.000000 -0.051906 -0.088339 -0.190157
    24 0.966137 0.000001 0.000000 0.002387 0.009734 0.099588
    25 3.571512 0.109303 0.409580 0.187237 0.067893 0.178800
    26 2.150654 -0.000002 0.000000 -0.042028 -0.053936 -0.320272
    27 1.152748 0.000000 0.000000 0.001856 0.011945 0.064941
    28 3.684092 -0.158705 1.419183 0.117459 -0.234196 0.132137
    29 1.701014 -0.000002 0.000000 0.051316 0.064006 -0.334034
    30 0.994705 0.000002 0.000000 0.001258 0.038493 0.020488
    31 1.068069 -1.287201 0.981905 1.474088 -0.802713 0.065628
    32 1.836304 -0.000002 -0.000004 -0.000056 -0.188092 0.157023
    33 1.223948 -0.000001 0.000000 -0.000073 -0.040582 0.037650
    34 4.065392 1.458946 -1.500000 1.553901 1.157913 -0.196180
    35 5.507360 0.000008 -0.000001 2.161198 0.555456 -0.162533
    36 10.907398 0.000000 0.000004 0.000000 0.000000 -2.454925
    37 10.424301 -0.000005 0.000019 -1.332282 -0.205153 0.023169
    38 2.997293 0.000065 1.477481 -0.269173 -0.412195 0.096815
    39 1.510378 -0.000004 0.000000 -0.011341 -0.016615 -0.257537
    40 0.808655 0.000000 0.000000 0.054433 0.175361 0.039377
    41 3.305817 0.201134 0.547461 -0.215117 -0.191866 0.046250
    42 1.807175 0.000000 0.000000 0.051906 0.088339 -0.190157
    43 0.966141 -0.000001 0.000000 -0.002387 -0.009734 0.099588
    44 3.571524 0.110786 -0.409182 -0.183620 -0.067925 0.084169
    45 2.150656 0.000000 0.000000 0.042028 0.053936 -0.320272
    46 1.152752 0.000000 0.000000 -0.001808 -0.011970 0.185709
    47 3.684113 -0.153563 -1.419748 -0.142357 0.115052 0.136944
    48 1.701017 0.000002 0.000000 -0.051316 -0.064006 -0.334034
    49 0.994705 0.000001 0.000000 -0.001284 -0.038506 0.309237
    50 1.068094 -1.283653 -0.986553 -1.484071 0.770199 0.063385
    51 1.836306 -0.000002 0.000000 0.000056 0.188092 0.157023
    52 1.223946 0.000000 0.000002 0.000034 0.040598 0.197618
    53 3.960938 -15.867188 -6.414063 1.638536 0.074497 2.092225
    54 0.000000 0.000000 0.000000 -0.077030 -0.068757 -1.299215
    55 0.000004 -0.000007 -0.000031 1.373047 0.113574 0.124314
    56 0.000000 -0.000007 -0.000031 1.373047 0.113574 0.124314
    57 2.856897 -1.536201 -0.973800 -1.501147 -0.272558 -1.578261
    58 2.856895 -1.536198 -0.973800 -1.501147 -0.272558 -1.578261
    59 0.000000 0.000000 10.000000 0.000000 0.000000 0.000000
    60 0.018898 0.665159 9.395884 0.000000 0.000000 0.000000
    61 2.000008 -3.000000 0.000000 -1.570796 0.000000 -1.326450
    62 3.028210 -0.923409 -2.009452 1.574082 -0.012974 1.587244
    63 0.116955 4.311607 0.061861 0.000010 0.000000 0.000000
    64 0.000000 0.000000 0.000001 0.000000 0.000000 0.000000
    65 0.000000 1.000000 0.000008 0.000000 0.000000 0.000000
    66 0.000000 0.000000 0.000002 0.000000 0.000000 0.000000
    67 0.000000 0.000000 0.000002 0.000000 0.000000 0.000000
    68 0.000000 0.000000 0.000002 0.000000 0.000000 0.000000
time 47
    0 0.246582 -8.445313 48.687500 1.519698 0.005734 -0.085015
    1 3.625659 0.000000 0.000000 -2.121207 -0.021809 -1.286249
    2 18.345819 0.000000 0.000000 0.000000 0.000000 0.186042
    3 16.751528 0.000000 0.000000 -0.015425 0.290004 -0.633694
    4 5.943489 0.000000 0.000000 0.020430 -0.027663 -0.500015
    5 -3.625659 0.000000 0.000000 -1.237092 -0.096919 -1.815860
    6 18.345812 0.000000 0.000000 0.000000 0.000000 0.201133
    7 16.751524 0.000000 0.000000 -0.009045 -0.328721 -0.670057
    8 5.943490 0.000000 0.000000 -0.112090 0.023874 -0.396028
    9 0.000000 4.043964 -0.017929 1.561419 -0.106596 1.662349
    10 3.995838 0.000000 0.000000 -0.008415 0.031961 -0.136481
    11 3.698242 -0.000001 0.000000 -0.000489 -0.086443 0.033289
    12 5.700890 0.000000 0.000000 -0.057713 -0.113432 0.538689
    13 5.352852 -0.000001 0.000000 3.134382 0.200185 0.078596
    14 4.461819 0.000000 0.000000 -0.092361 -0.157443 0.768710
    15 4.065388 1.458945 1.500000 -1.674483 -0.955267 -0.096218
    16 5.507357 0.000004 -0.000001 -2.021653 -0.652111 -0.117293
    17 10.907398 0.000000 0.000000 0.000000 0.000000 -1.166859
    18 10.424324 -0.000008 -0.000027 1.294133 0.146775 0.209600
    19 2.997274 0.005409 -1.477472 0.290997 0.475820 -0.077404
    20 1.510382 0.000000 0.000000 0.011341 0.016615 -0.257537
    21 0.808655 0.000002 0.000000 -0.054433 -0.175361 0.039377
    22 3.305792 0.203112 -0.546730 0.228981 0.234014 0.043917
    23 1.807182 0.000002 0.000000 -0.051906 -0.088339 -0.190157
    24 0.966137 0.000001 0.000000 0.002387 0.009734 0.099588
    25 3.571512 0.109303 0.409580 0.187237 0.067893 0.178800
    26 2.150654 -0.000002 0.000000 -0.042028 -0.053936 -0.320272
    27 1.152748 0.000000 0.000000 0.001856 0.011945 0.064941
    28 3.684092 -0.158705 1.419183 0.117459 -0.234196 0.132137
    29 1.701014 -0.000002 0.000000 0.051316 0.064006 -0.334034
    30 0.994705 0.000002 0.000000 0.001258 0.038493 0.020488
    31 1.068069 -1.287201 0.981905 1.472707 -0.805741 0.066008
    32 1.836304 -0.000002 -0.000004 -0.000056 -0.188092 0.157023
    33 1.223948 -0.000001 0.000000 -0.000073 -0.040582 0.037650
    34 4.065392 1.458946 -1.500000 1.550235 1.150699 -0.199060
    35 5.507360 0.000008 -0.000001 2.160948 0.558018 -0.162410
    36 10.907398 0.000000 0.000004 0.000000 0.000000 -2.454467
    37 10.424301 -0.000005 0.000019 -1.341051 -0.207698 0.022409
    38 2.997293 0.000065 1.477481 -0.271127 -0.419042 0.096013
    39 1.510378 -0.000004 0.000000 -0.011341 -0.016615 -0.257537
    40 0.808655 0.000000 0.000000 0.054433 0.175361 0.039377
    41 3.305817 0.201134 0.547461 -0.215616 -0.194143 0.046115
    42 1.807175 0.000000 0.000000 0.051906 0.088339 -0.190157
    43 0.966141 -0.000001 0.000000 -0.002387 -0.009734 0.099588
    44 3.571524 0.110786 -0.409182 -0.183620 -0.067925 0.084169
    45 2.150656 0.000000 0.000000 0.042028 0.053936 -0.320272
    46 1.152752 0.000000 0.000000 -0.001808 -0.011970 0.185709
    47 3.684113 -0.153563 -1.419748 -0.141416 0.118891 0.136911
    48 1.701017 0.000002 0.000000 -0.051316 -0.064006 -0.334034
    49 0.994705 0.000001 0.000000 -0.001284 -0.038506 0.309237
    50 1.068094 -1.283653 -0.986553 -1.478786 0.771966 0.069794
    51 1.836306 -0.000002 0.000000 0.000056 0.188092 0.157023
    52 1.223946 0.000000 0.000002 0.000026 0.040581 0.188769
    53 -0.057892 -12.046875 -7.960938 1.640470 0.073210 2.092382
    54 0.000000 0.000000 0.000000 -0.077030 -0.068757 -1.299215
    55 0.000004 -0.000007 -0.000031 1.373047 0.113574 0.124314
    56 0.000000 -0.000007 -0.000031 1.373047 0.113574 0.124314
    57 2.856897 -1.536201 -0.973800 -1.501147 -0.272558 -1.578261
    58 2.856895 -1.536198 -0.973800 -1.501147 -0.272558 -1.578261
    59 0.000000 0.000000 10.000000 0.000000 0.000000 0.000000
    60 0.018898 0.665159 9.395884 0.000000 0.000000 0.000000
    61 2.000008 -3.000000 0.000000 -1.570796 0.000000 -1.326450
    62 3.028210 -0.923409 -2.009452 1.574082 -0.012974 1.587244
    63 0.116955 4.311607 0.061861 0.000010 0.000000 0.000000
    64 0.000000 0.000000 0.000001 0.000000 0.000000 0.000000
    65 0.000000 1.000000 0.000008 0.000000 0.000000 0.000000
    66 0.000000 0.000000 0.000002 0.000000 0.000000 0.000000
    67 0.000000 0.000000 0.000002 0.000000 0.000000 0.000000
    68 0.000000 0.000000 0.000002 0.000000 0.000000 0.000000
time 48
    0 0.309570 -8.414063 48.656250 1.521757 0.004486 -0.088922
    1 3.625659 0.000000 0.000000 -2.116459 -0.023650 -1.286625
    2 18.345819 0.000000 0.000000 0.000000 0.000000 0.184048
    3 16.751528 0.000000 0.000000 -0.010304 0.297130 -0.632307
    4 5.943489 0.000000 0.000000 0.020419 -0.027671 -0.499213
    5 -3.625659 0.000000 0.000000 -1.233954 -0.100359 -1.817159
    6 18.345812 0.000000 0.000000 0.000000 0.000000 0.198097
    7 16.751524 0.000000 0.000000 -0.007188 -0.326203 -0.669763
    8 5.943490 0.000000 0.000000 -0.112052 0.023832 -0.398582
    9 0.000000 4.043964 -0.017929 1.561619 -0.108633 1.661089
    10 3.995838 0.000000 0.000000 -0.008345 0.032138 -0.136740
    11 3.698242 -0.000001 0.000000 -0.000226 -0.083940 0.030079
    12 5.700890 0.000000 0.000000 -0.056198 -0.111380 0.535095
    13 5.352852 -0.000001 0.000000 3.129999 0.192633 0.059600
    14 4.461819 0.000000 0.000000 -0.091642 -0.151517 0.783703
    15 4.065388 1.458945 1.500000 -1.674146 -0.957739 -0.097361
    16 5.507357 0.000004 -0.000001 -2.019612 -0.652850 -0.121396
    17 10.907398 0.000000 0.000000 0.000000 0.000000 -1.167376
    18 10.424324 -0.000008 -0.000027 1.296382 0.147656 0.210613
    19 2.997274 0.005409 -1.477472 0.291582 0.477505 -0.077573
    20 1.510382 0.000000 0.000000 0.011341 0.016615 -0.257537
    21 0.808655 0.000002 0.000000 -0.054433 -0.175361 0.039377
    22 3.305792 0.203112 -0.546730 0.228981 0.234014 0.043917
    23 1.807182 0.000002 0.000000 -0.051906 -0.088339 -0.190157
    24 0.966137 0.000001 0.000000 0.002387 0.009734 0.099588
    25 3.571512 0.109303 0.409580 0.187237 0.067893 0.178800
    26 2.150654 -0.000002 0.000000 -0.042028 -0.053936 -0.320272
    27 1.152748 0.000000 0.000000 0.001856 0.011945 0.064941
    28 3.684092 -0.158705 1.419183 0.117459 -0.234196 0.132137
    29 1.701014 -0.000002 0.000000 0.051316 0.064006 -0.334034
    30 0.994705 0.000002 0.000000 0.001258 0.038493 0.020488
    31 1.068069 -1.287201 0.981905 1.471424 -0.808706 0.066414
    32 1.836304 -0.000002 -0.000004 -0.000056 -0.188092 0.157023
    33 1.223948 -0.000001 0.000000 -0.000073 -0.040582 0.037650
    34 4.065392 1.458946 -1.500000 1.546718 1.143447 -0.200784
    35 5.507360 0.000008 -0.000001 2.163298 0.558879 -0.162016
    36 10.907398 0.000000 0.000004 0.000000 0.000000 -2.453733
    37 10.424301 -0.000005 0.000019 -1.348694 -0.209470 0.023804
    38 2.997293 0.000065 1.477481 -0.273001 -0.425800 0.095281
    39 1.510378 -0.000004 0.000000 -0.011341 -0.016615 -0.257537
    40 0.808655 0.000000 0.000000 0.054433 0.175361 0.039377
    41 3.305817 0.201134 0.547461 -0.216204 -0.196419 0.045989
    42 1.807175 0.000000 0.000000 0.051906 0.088339 -0.190157
    43 0.966141 -0.000001 0.000000 -0.002387 -0.009734 0.099588
    44 3.571524 0.110786 -0.409182 -0.183620 -0.067925 0.084169
    45 2.150656 0.000000 0.000000 0.042028 0.053936 -0.320272
    46 1.152752 0.000000 0.000000 -0.001808 -0.011970 0.185709
    47 3.684113 -0.153563 -1.419748 -0.140573 0.122643 0.136795
    48 1.701017 0.000002 0.000000 -0.051316 -0.064006 -0.334034
    49 0.994705 0.000001 0.000000 -0.001284 -0.038506 0.309237
    50 1.068094 -1.283653 -0.986553 -1.473707 0.773725 0.076001
    51 1.836306 -0.000002 0.000000 0.000056 0.188092 0.157023
    52 1.223946 0.000000 0.000002 0.000024 0.040566 0.180184
    53 -4.406250 -10.164063 -9.101563 1.641983 0.073558 2.094249
    54 0.000000 0.000000 0.000000 -0.077030 -0.068757 -1.299215
    55 0.000004 -0.000007 -0.000031 1.373047 0.113574 0.124314
    56 0.000000 -0.000007 -0.000031 1.373047 0.113574 0.124314
    57 2.856897 -1.536201 -0.973800 -1.501147 -0.272558 -1.578261
    58 2.856895 -1.536198 -0.973800 -1.501147 -0.272558 -1.578261
    59 0.000000 0.000000 10.000000 0.000000 0.000000 0.000000
    60 0.018898 0.665159 9.395884 0.000000 0.000000 0.000000
    61 2.000008 -3.000000 0.000000 -1.570796 0.000000 -1.326450
    62 3.028210 -0.923409 -2.009452 1.574082 -0.012974 1.587244
    63 0.116955 4.311607 0.061861 0.000010 0.000000 0.000000
    64 0.000000 0.000000 0.000001 0.000000 0.000000 0.000000
    65 0.000000 1.000000 0.000008 0.000000 0.000000 0.000000
    66 0.000000 0.000000 0.000002 0.000000 0.000000 0.000000
    67 0.000000 0.000000 0.000002 0.000000 0.000000 0.000000
    68 0.000000 0.000000 0.000002 0.000000 0.000000 0.000000
time 49
    0 0.369141 -8.382813 48.625000 1.523830 0.002834 -0.092400
    1 3.625659 0.000000 0.000000 -2.111582 -0.025528 -1.287221
    2 18.345819 0.000000 0.000000 0.000000 0.000000 0.182401
    3 16.751528 0.000000 0.000000 0.001412 0.304322 -0.629793
    4 5.943489 0.000000 0.000000 0.020470 -0.027733 -0.501353
    5 -3.625659 0.000000 0.000000 -1.231057 -0.103723 -1.818630
    6 18.345812 0.000000 0.000000 0.000000 0.000000 0.195321
    7 16.751524 0.000000 0.000000 -0.006535 -0.325860 -0.669388
    8 5.943490 0.000000 0.000000 -0.112047 0.023806 -0.402374
    9 0.000000 4.043964 -0.017929 1.561992 -0.110025 1.659681
    10 3.995838 0.000000 0.000000 -0.008088 0.032068 -0.137169
    11 3.698242 -0.000001 0.000000 0.000095 -0.081610 0.027299
    12 5.700890 0.000000 0.000000 -0.054642 -0.109329 0.532131
    13 5.352852 -0.000001 0.000000 3.131336 0.191054 0.039606
    14 4.461819 0.000000 0.000000 -0.089371 -0.147996 0.800291
    15 4.065388 1.458945 1.500000 -1.676693 -0.959722 -0.095573
    16 5.507357 0.000004 -0.000001 -2.013078 -0.651423 -0.125681
    17 10.907398 0.000000 0.000000 0.000000 0.000000 -1.168928
    18 10.424324 -0.000008 -0.000027 1.297748 0.150272 0.213901
    19 2.997274 0.005409 -1.477472 0.292048 0.479200 -0.077858
    20 1.510382 0.000000 0.000000 0.011341 0.016615 -0.257537
    21 0.808655 0.000002 0.000000 -0.054433 -0.175361 0.039377
    22 3.305792 0.203112 -0.546730 0.228981 0.234014 0.043917
    23 1.807182 0.000002 0.000000 -0.051906 -0.088339 -0.190157
    24 0.966137 0.000001 0.000000 0.002387 0.009734 0.099588
    25 3.571512 0.109303 0.409580 0.187237 0.067893 0.178800
    26 2.150654 -0.000002 0.000000 -0.042028 -0.053936 -0.320272
    27 1.152748 0.000000 0.000000 0.001856 0.011945 0.064941
    28 3.684092 -0.158705 1.419183 0.117459 -0.234196 0.132137
    29 1.701014 -0.000002 0.000000 0.051316 0.064006 -0.334034
    30 0.994705 0.000002 0.000000 0.001258 0.038493 0.020488
    31 1.068069 -1.287201 0.981905 1.470081 -0.811602 0.066912
    32 1.836304 -0.000002 -0.000004 -0.000056 -0.188092 0.157023
    33 1.223948 -0.000001 0.000000 -0.000073 -0.040582 0.037650
    34 4.065392 1.458946 -1.500000 1.543325 1.137387 -0.201109
    35 5.507360 0.000008 -0.000001 2.166484 0.557300 -0.162632
    36 10.907398 0.000000 0.000004 0.000000 0.000000 -2.454925
    37 10.424301 -0.000005 0.000019 -1.355310 -0.211177 0.026716
    38 2.997293 0.000065 1.477481 -0.274859 -0.432390 0.094533
    39 1.510378 -0.000004 0.000000 -0.011341 -0.016615 -0.257537
    40 0.808655 0.000000 0.000000 0.054433 0.175361 0.039377
    41 3.305817 0.201134 0.547461 -0.216704 -0.198515 0.045923
    42 1.807175 0.000000 0.000000 0.051906 0.088339 -0.190157
    43 0.966141 -0.000001 0.000000 -0.002387 -0.009734 0.099588
    44 3.571524 0.110786 -0.409182 -0.183620 -0.067925 0.084169
    45 2.150656 0.000000 0.000000 0.042028 0.053936 -0.320272
    46 1.152752 0.000000 0.000000 -0.001808 -0.011970 0.185709
    47 3.684113 -0.153563 -1.419748 -0.139736 0.126310 0.136688
    48 1.701017 0.000002 0.000000 -0.051316 -0.064006 -0.334034
    49 0.994705 0.000001 0.000000 -0.001284 -0.038506 0.309237
    50 1.068094 -1.283653 -0.986553 -1.468832 0.775478 0.082007
    51 1.836306 -0.000002 0.000000 0.000056 0.188092 0.157023
    52 1.223946 0.000000 0.000002 0.000035 0.040637 0.171864
    53 -8.257813 -10.164063 -9.593750 1.641001 0.077131 2.095834
    54 0.000000 0.000000 0.000000 -0.077030 -0.068757 -1.299215
    55 0.000004 -0.000007 -0.000031 1.373047 0.113574 0.124314
    56 0.000000 -0.000007 -0.000031 1.373047 0.113574 0.124314
    57 2.856897 -1.536201 -0.973800 -1.501147 -0.272558 -1.578261
    58 2.856895 -1.536198 -0.973800 -1.501147 -0.272558 -1.578261
    59 0.000000 0.000000 10.000000 0.000000 0.000000 0.000000
    60 0.018898 0.665159 9.395884 0.000000 0.000000 0.000000
    61 2.000008 -3.000000 0.000000 -1.570796 0.000000 -1.326450
    62 3.028210 -0.923409 -2.009452 1.574082 -0.012974 1.587244
    63 0.116955 4.311607 0.061861 0.000010 0.000000 0.000000
    64 0.000000 0.000000 0.000001 0.000000 0.000000 0.000000
    65 0.000000 1.000000 0.000008 0.000000 0.000000 0.000000
    66 0.000000 0.000000 0.000002 0.000000 0.000000 0.000000
    67 0.000000 0.000000 0.000002 0.000000 0.000000 0.000000
    68 0.000000 0.000000 0.000002 0.000000 0.000000 0.000000
time 50
    0 0.424561 -8.359375 48.593750 1.525991 0.001042 -0.095458
    1 3.625659 0.000000 0.000000 -2.107572 -0.027091 -1.287770
    2 18.345819 0.000000 0.000000 0.000000 0.000000 0.180494
    3 16.751528 0.000000 0.000000 0.015109 0.312581 -0.625492
    4 5.943489 0.000000 0.000000 0.020444 -0.027711 -0.505542
    5 -3.625659 0.000000 0.000000 -1.228144 -0.106658 -1.820679
    6 18.345812 0.000000 0.000000 0.000000 0.000000 0.191938
    7 16.751524 0.000000 0.000000 -0.007926 -0.327334 -0.667387
    8 5.943490 0.000000 0.000000 -0.112064 0.023845 -0.406525
    9 0.000000 4.043964 -0.017929 1.562616 -0.110986 1.658941
    10 3.995838 0.000000 0.000000 -0.007579 0.032101 -0.137680
    11 3.698242 -0.000001 0.000000 0.000470 -0.080317 0.024864
    12 5.700890 0.000000 0.000000 -0.053680 -0.108366 0.529523
    13 5.352852 -0.000001 0.000000 3.130116 0.183824 0.019402
    14 4.461819 0.000000 0.000000 -0.086743 -0.141630 0.816984
    15 4.065388 1.458945 1.500000 -1.680582 -0.962012 -0.092933
    16 5.507357 0.000004 -0.000001 -2.005116 -0.650822 -0.127726
    17 10.907398 0.000000 0.000000 0.000000 0.000000 -1.171724
    18 10.424324 -0.000008 -0.000027 1.294917 0.154543 0.228425
    19 2.997274 0.005409 -1.477472 0.292535 0.480794 -0.078062
    20 1.510382 0.000000 0.000000 0.011341 0.016615 -0.257537
    21 0.808655 0.000002 0.000000 -0.054433 -0.175361 0.039377
    22 3.305792 0.203112 -0.546730 0.228981 0.234014 0.043917
    23 1.807182 0.000002 0.000000 -0.051906 -0.088339 -0.190157
    24 0.966137 0.000001 0.000000 0.002387 0.009734 0.099588
    25 3.571512 0.109303 0.409580 0.187237 0.067893 0.178800
    26 2.150654 -0.000002 0.000000 -0.042028 -0.053936 -0.320272
    27 1.152748 0.000000 0.000000 0.001856 0.011945 0.064941
    28 3.684092 -0.158705 1.419183 0.117459 -0.234196 0.132137
    29 1.701014 -0.000002 0.000000 0.051316 0.064006 -0.334034
    30 0.994705 0.000002 0.000000 0.001258 0.038493 0.020488
    31 1.068069 -1.287201 0.981905 1.468901 -0.814440 0.067274
    32 1.836304 -0.000002 -0.000004 -0.000056 -0.188092 0.157023
    33 1.223948 -0.000001 0.000000 -0.000073 -0.040582 0.037650
    34 4.065392 1.458946 -1.500000 1.543228 1.131388 -0.197800
    35 5.507360 0.000008 -0.000001 2.168967 0.553054 -0.165749
    36 10.907398 0.000000 0.000004 0.000000 0.000000 -2.457766
    37 10.424301 -0.000005 0.000019 -1.360865 -0.213693 0.027283
    38 2.997293 0.000065 1.477481 -0.276691 -0.438725 0.093752
    39 1.510378 -0.000004 0.000000 -0.011341 -0.016615 -0.257537
    40 0.808655 0.000000 0.000000 0.054433 0.175361 0.039377
    41 3.305817 0.201134 0.547461 -0.217196 -0.200621 0.045771
    42 1.807175 0.000000 0.000000 0.051906 0.088339 -0.190157
    43 0.966141 -0.000001 0.000000 -0.002387 -0.009734 0.099588
    44 3.571524 0.110786 -0.409182 -0.183620 -0.067925 0.084169
    45 2.150656 0.000000 0.000000 0.042028 0.053936 -0.320272
    46 1.152752 0.000000 0.000000 -0.001808 -0.011970 0.185709
    47 3.684113 -0.153563 -1.419748 -0.138909 0.129806 0.136596
    48 1.701017 0.000002 0.000000 -0.051316 -0.064006 -0.334034
    49 0.994705 0.000001 0.000000 -0.001284 -0.038506 0.309237
    50 1.068094 -1.283653 -0.986553 -1.463908 0.777018 0.087967
    51 1.836306 -0.000002 0.000000 0.000056 0.188092 0.157023
    52 1.223946 0.000000 0.000002 0.000041 0.040622 0.163719
    53 -10.789063 -12.250000 -9.179688 1.639477 0.081884 2.099601
    54 0.000000 0.000000 0.000000 -0.077030 -0.068757 -1.299215
    55 0.000004 -0.000007 -0.000031 1.373047 0.113574 0.124314
    56 0.000000 -0.000007 -0.000031 1.373047 0.113574 0.124314
    57 2.856897 -1.536201 -0.973800 -1.501147 -0.272558 -1.578261
    58 2.856895 -1.536198 -0.973800 -1.501147 -0.272558 -1.578261
    59 0.000000 0.000000 10.000000 0.000000 0.000000 0.000000
    60 0.018898 0.665159 9.395884 0.000000 0.000000 0.000000
    61 2.000008 -3.000000 0.000000 -1.570796 0.000000 -1.326450
    62 3.028210 -0.923409 -2.009452 1.574082 -0.012974 1.587244
    63 0.116955 4.311607 0.061861 0.000010 0.000000 0.000000
    64 0.000000 0.000000 0.000001 0.000000 0.000000 0.000000
    65 0.000000 1.000000 0.000008 0.000000 0.000000 0.000000
    66 0.000000 0.000000 0.000002 0.000000 0.000000 0.000000
    67 0.000000 0.000000 0.000002 0.000000 0.000000 0.000000
    68 0.000000 0.000000 0.000002 0.000000 0.000000 0.000000
time 51
    0 0.473145 -8.343750 48.562500 1.528267 -0.000328 -0.097535
    1 3.625659 0.000000 0.000000 -2.104281 -0.028491 -1.287799
    2 18.345819 0.000000 0.000000 0.000000 0.000000 0.178587
    3 16.751528 0.000000 0.000000 0.026151 0.321278 -0.619343
    4 5.943489 0.000000 0.000000 0.020440 -0.027675 -0.511250
    5 -3.625659 0.000000 0.000000 -1.224635 -0.109088 -1.821744
    6 18.345812 0.000000 0.000000 0.000000 0.000000 0.188903
    7 16.751524 0.000000 0.000000 -0.009987 -0.327242 -0.666304
    8 5.943490 0.000000 0.000000 -0.112093 0.023875 -0.407498
    9 0.000000 4.043964 -0.017929 1.563224 -0.111889 1.659530
    10 3.995838 0.000000 0.000000 -0.007093 0.032480 -0.138106
    11 3.698242 -0.000001 0.000000 0.000994 -0.080494 0.022510
    12 5.700890 0.000000 0.000000 -0.053387 -0.109193 0.526942
    13 5.352852 -0.000001 0.000000 3.127551 0.173585 0.002938
    14 4.461819 0.000000 0.000000 -0.083708 -0.134731 0.830942
    15 4.065388 1.458945 1.500000 -1.684283 -0.964073 -0.091079
    16 5.507357 0.000004 -0.000001 -2.001540 -0.652952 -0.127137
    17 10.907398 0.000000 0.000000 0.000000 0.000000 -1.172449
    18 10.424324 -0.000008 -0.000027 1.292663 0.158031 0.239922
    19 2.997274 0.005409 -1.477472 0.292923 0.482297 -0.078302
    20 1.510382 0.000000 0.000000 0.011341 0.016615 -0.257537
    21 0.808655 0.000002 0.000000 -0.054433 -0.175361 0.039377
    22 3.305792 0.203112 -0.546730 0.228981 0.234014 0.043917
    23 1.807182 0.000002 0.000000 -0.051906 -0.088339 -0.190157
    24 0.966137 0.000001 0.000000 0.002387 0.009734 0.099588
    25 3.571512 0.109303 0.409580 0.187237 0.067893 0.178800
    26 2.150654 -0.000002 0.000000 -0.042028 -0.053936 -0.320272
    27 1.152748 0.000000 0.000000 0.001856 0.011945 0.064941
    28 3.684092 -0.158705 1.419183 0.117459 -0.234196 0.132137
    29 1.701014 -0.000002 0.000000 0.051316 0.064006 -0.334034
    30 0.994705 0.000002 0.000000 0.001258 0.038493 0.020488
    31 1.068069 -1.287201 0.981905 1.467668 -0.817145 0.067653
    32 1.836304 -0.000002 -0.000004 -0.000056 -0.188092 0.157023
    33 1.223948 -0.000001 0.000000 -0.000073 -0.040582 0.037650
    34 4.065392 1.458946 -1.500000 1.546544 1.126709 -0.191140
    35 5.507360 0.000008 -0.000001 2.168374 0.546927 -0.168530
    36 10.907398 0.000000 0.000004 0.000000 0.000000 -2.457950
    37 10.424301 -0.000005 0.000019 -1.364457 -0.217151 0.026384
    38 2.997293 0.000065 1.477481 -0.278432 -0.444883 0.093023
    39 1.510378 -0.000004 0.000000 -0.011341 -0.016615 -0.257537
    40 0.808655 0.000000 0.000000 0.054433 0.175361 0.039377
    41 3.305817 0.201134 0.547461 -0.217693 -0.202631 0.045698
    42 1.807175 0.000000 0.000000 0.051906 0.088339 -0.190157
    43 0.966141 -0.000001 0.000000 -0.002387 -0.009734 0.099588
    44 3.571524 0.110786 -0.409182 -0.183620 -0.067925 0.084169
    45 2.150656 0.000000 0.000000 0.042028 0.053936 -0.320272
    46 1.152752 0.000000 0.000000 -0.001808 -0.011970 0.185709
    47 3.684113 -0.153563 -1.419748 -0.138088 0.133295 0.136420
    48 1.701017 0.000002 0.000000 -0.051316 -0.064006 -0.334034
    49 0.994705 0.000001 0.000000 -0.001284 -0.038506 0.309237
    50 1.068094 -1.283653 -0.986553 -1.459244 0.778626 0.093639
    51 1.836306 -0.000002 0.000000 0.000056 0.188092 0.157023
    52 1.223946 0.000000 0.000002 0.000055 0.040609 0.155923
    53 -11.789063 -15.484375 -8.023438 1.640187 0.083128 2.103366
    54 0.000000 0.000000 0.000000 -0.077030 -0.068757 -1.299215
    55 0.000004 -0.000007 -0.000031 1.373047 0.113574 0.124314
    56 0.000000 -0.000007 -0.000031 1.373047 0.113574 0.124314
    57 2.856897 -1.536201 -0.973800 -1.501147 -0.272558 -1.578261
    58 2.856895 -1.536198 -0.973800 -1.501147 -0.272558 -1.578261
    59 0.000000 0.000000 10.000000 0.000000 0.000000 0.000000
    60 0.018898 0.665159 9.395884 0.000000 0.000000 0.000000
    61 2.000008 -3.000000 0.000000 -1.570796 0.000000 -1.326450
    62 3.028210 -0.923409 -2.009452 1.574082 -0.012974 1.587244
    63 0.116955 4.311607 0.061861 0.000010 0.000000 0.000000
    64 0.000000 0.000000 0.000001 0.000000 0.000000 0.000000
    65 0.000000 1.000000 0.000008 0.000000 0.000000 0.000000
    66 0.000000 0.000000 0.000002 0.000000 0.000000 0.000000
    67 0.000000 0.000000 0.000002 0.000000 0.000000 0.000000
    68 0.000000 0.000000 0.000002 0.000000 0.000000 0.000000
time 52
    0 0.507324 -8.335938 48.562500 1.530281 -0.001579 -0.097630
    1 3.625659 0.000000 0.000000 -2.101607 -0.029829 -1.287652
    2 18.345819 0.000000 0.000000 0.000000 0.000000 0.177113
    3 16.751528 0.000000 0.000000 0.032594 0.329750 -0.612293
    4 5.943489 0.000000 0.000000 0.020396 -0.027727 -0.518571
    5 -3.625659 0.000000 0.000000 -1.221055 -0.110543 -1.822516
    6 18.345812 0.000000 0.000000 0.000000 0.000000 0.186649
    7 16.751524 0.000000 0.000000 -0.010320 -0.324754 -0.666121
    8 5.943490 0.000000 0.000000 -0.112025 0.023814 -0.408906
    9 0.000000 4.043964 -0.017929 1.563579 -0.113197 1.659946
    10 3.995838 0.000000 0.000000 -0.006842 0.032496 -0.138535
    11 3.698242 -0.000001 0.000000 0.001425 -0.081446 0.020159
    12 5.700890 0.000000 0.000000 -0.053669 -0.110586 0.523973
    13 5.352852 -0.000001 0.000000 3.125560 0.162339 -0.006501
    14 4.461819 0.000000 0.000000 -0.080194 -0.128216 0.839462
    15 4.065388 1.458945 1.500000 -1.685834 -0.963783 -0.092009
    16 5.507357 0.000004 -0.000001 -1.998158 -0.657707 -0.127773
    17 10.907398 0.000000 0.000000 0.000000 0.000000 -1.173382
    18 10.424324 -0.000008 -0.000027 1.293692 0.159572 0.241158
    19 2.997274 0.005409 -1.477472 0.293430 0.483792 -0.078424
    20 1.510382 0.000000 0.000000 0.011341 0.016615 -0.257537
    21 0.808655 0.000002 0.000000 -0.054433 -0.175361 0.039377
    22 3.305792 0.203112 -0.546730 0.228981 0.234014 0.043917
    23 1.807182 0.000002 0.000000 -0.051906 -0.088339 -0.190157
    24 0.966137 0.000001 0.000000 0.002387 0.009734 0.099588
    25 3.571512 0.109303 0.409580 0.187237 0.067893 0.178800
    26 2.150654 -0.000002 0.000000 -0.042028 -0.053936 -0.320272
    27 1.152748 0.000000 0.000000 0.001856 0.011945 0.064941
    28 3.684092 -0.158705 1.419183 0.117459 -0.234196 0.132137
    29 1.701014 -0.000002 0.000000 0.051316 0.064006 -0.334034
    30 0.994705 0.000002 0.000000 0.001258 0.038493 0.020488
    31 1.068069 -1.287201 0.981905 1.466532 -0.819786 0.068057
    32 1.836304 -0.000002 -0.000004 -0.000056 -0.188092 0.157023
    33 1.223948 -0.000001 0.000000 -0.000073 -0.040582 0.037650
    34 4.065392 1.458946 -1.500000 1.549057 1.125062 -0.185523
    35 5.507360 0.000008 -0.000001 2.167630 0.540671 -0.171582
    36 10.907398 0.000000 0.000004 0.000000 0.000000 -2.459141
    37 10.424301 -0.000005 0.000019 -1.365371 -0.220029 0.022238
    38 2.997293 0.000065 1.477481 -0.280155 -0.450872 0.092274
    39 1.510378 -0.000004 0.000000 -0.011341 -0.016615 -0.257537
    40 0.808655 0.000000 0.000000 0.054433 0.175361 0.039377
    41 3.305817 0.201134 0.547461 -0.218190 -0.204642 0.045625
    42 1.807175 0.000000 0.000000 0.051906 0.088339 -0.190157
    43 0.966141 -0.000001 0.000000 -0.002387 -0.009734 0.099588
    44 3.571524 0.110786 -0.409182 -0.183620 -0.067925 0.084169
    45 2.150656 0.000000 0.000000 0.042028 0.053936 -0.320272
    46 1.152752 0.000000 0.000000 -0.001808 -0.011970 0.185709
    47 3.684113 -0.153563 -1.419748 -0.137273 0.136620 0.136344
    48 1.701017 0.000002 0.000000 -0.051316 -0.064006 -0.334034
    49 0.994705 0.000001 0.000000 -0.001284 -0.038506 0.309237
    50 1.068094 -1.283653 -0.986553 -1.454686 0.780028 0.099198
    51 1.836306 -0.000002 0.000000 0.000056 0.188092 0.157023
    52 1.223946 0.000000 0.000002 0.000072 0.040596 0.148303
    53 -11.492188 -18.984375 -6.484375 1.641194 0.082884 2.107751
    54 0.000000 0.000000 0.000000 -0.077030 -0.068757 -1.299215
    55 0.000004 -0.000007 -0.000031 1.373047 0.113574 0.124314
    56 0.000000 -0.000007 -0.000031 1.373047 0.113574 0.124314
    57 2.856897 -1.536201 -0.973800 -1.501147 -0.272558 -1.578261
    58 2.856895 -1.536198 -0.973800 -1.501147 -0.272558 -1.578261
    59 0.000000 0.000000 10.000000 0.000000 0.000000 0.000000
    60 0.018898 0.665159 9.395884 0.000000 0.000000 0.000000
    61 2.000008 -3.000000 0.000000 -1.570796 0.000000 -1.326450
    62 3.028210 -0.923409 -2.009452 1.574082 -0.012974 1.587244
    63 0.116955 4.311607 0.061861 0.000010 0.000000 0.000000
    64 0.000000 0.000000 0.000001 0.000000 0.000000 0.000000
    65 0.000000 1.000000 0.000008 0.000000 0.000000 0.000000
    66 0.000000 0.000000 0.000002 0.000000 0.000000 0.000000
    67 0.000000 0.000000 0.000002 0.000000 0.000000 0.000000
    68 0.000000 0.000000 0.000002 0.000000 0.000000 0.000000
time 53
    0 0.527344 -8.359375 48.562500 1.532497 -0.002990 -0.096406
    1 3.625659 0.000000 0.000000 -2.099790 -0.030701 -1.287478
    2 18.345819 0.000000 0.000000 0.000000 0.000000 0.175900
    3 16.751528 0.000000 0.000000 0.036706 0.338882 -0.606251
    4 5.943489 0.000000 0.000000 0.020389 -0.027693 -0.524111
    5 -3.625659 0.000000 0.000000 -1.217410 -0.110841 -1.822729
    6 18.345812 0.000000 0.000000 0.000000 0.000000 0.184568
    7 16.751524 0.000000 0.000000 -0.008690 -0.319768 -0.667978
    8 5.943490 0.000000 0.000000 -0.112084 0.023874 -0.410853
    9 0.000000 4.043964 -0.017929 1.564099 -0.112985 1.659680
    10 3.995838 0.000000 0.000000 -0.006530 0.031564 -0.139305
    11 3.698242 -0.000001 0.000000 0.001760 -0.083261 0.017898
    12 5.700890 0.000000 0.000000 -0.054032 -0.112394 0.522013
    13 5.352852 -0.000001 0.000000 3.125842 0.152440 -0.010121
    14 4.461819 0.000000 0.000000 -0.075392 -0.122629 0.842776
    15 4.065388 1.458945 1.500000 -1.685359 -0.958808 -0.094841
    16 5.507357 0.000004 -0.000001 -1.993248 -0.662967 -0.132560
    17 10.907398 0.000000 0.000000 0.000000 0.000000 -1.175145
    18 10.424324 -0.000008 -0.000027 1.295185 0.160780 0.239725
    19 2.997274 0.005409 -1.477472 0.293816 0.485208 -0.078675
    20 1.510382 0.000000 0.000000 0.011341 0.016615 -0.257537
    21 0.808655 0.000002 0.000000 -0.054433 -0.175361 0.039377
    22 3.305792 0.203112 -0.546730 0.228981 0.234014 0.043917
    23 1.807182 0.000002 0.000000 -0.051906 -0.088339 -0.190157
    24 0.966137 0.000001 0.000000 0.002387 0.009734 0.099588
    25 3.571512 0.109303 0.409580 0.187237 0.067893 0.178800
    26 2.150654 -0.000002 0.000000 -0.042028 -0.053936 -0.320272
    27 1.152748 0.000000 0.000000 0.001856 0.011945 0.064941
    28 3.684092 -0.158705 1.419183 0.117459 -0.234196 0.132137
    29 1.701014 -0.000002 0.000000 0.051316 0.064006 -0.334034
    30 0.994705 0.000002 0.000000 0.001258 0.038493 0.020488
    31 1.068069 -1.287201 0.981905 1.465341 -0.822293 0.068480
    32 1.836304 -0.000002 -0.000004 -0.000056 -0.188092 0.157023
    33 1.223948 -0.000001 0.000000 -0.000073 -0.040582 0.037650
    34 4.065392 1.458946 -1.500000 1.550164 1.128521 -0.179987
    35 5.507360 0.000008 -0.000001 2.169810 0.534371 -0.173377
    36 10.907398 0.000000 0.000004 0.000000 0.000000 -2.461064
    37 10.424301 -0.000005 0.000019 -1.363015 -0.221125 0.017482
    38 2.997293 0.000065 1.477481 -0.281777 -0.456595 0.091560
    39 1.510378 -0.000004 0.000000 -0.011341 -0.016615 -0.257537
    40 0.808655 0.000000 0.000000 0.054433 0.175361 0.039377
    41 3.305817 0.201134 0.547461 -0.218592 -0.206483 0.045525
    42 1.807175 0.000000 0.000000 0.051906 0.088339 -0.190157
    43 0.966141 -0.000001 0.000000 -0.002387 -0.009734 0.099588
    44 3.571524 0.110786 -0.409182 -0.183620 -0.067925 0.084169
    45 2.150656 0.000000 0.000000 0.042028 0.053936 -0.320272
    46 1.152752 0.000000 0.000000 -0.001808 -0.011970 0.185709
    47 3.684113 -0.153563 -1.419748 -0.136555 0.139778 0.136276
    48 1.701017 0.000002 0.000000 -0.051316 -0.064006 -0.334034
    49 0.994705 0.000001 0.000000 -0.001284 -0.038506 0.309237
    50 1.068094 -1.283653 -0.986553 -1.450236 0.781495 0.104530
    51 1.836306 -0.000002 0.000000 0.000056 0.188092 0.157023
    52 1.223946 0.000000 0.000002 0.000011 0.040590 0.141030
    53 -10.007813 -22.156250 -4.781250 1.640971 0.082048 2.111465
    54 0.000000 0.000000 0.000000 -0.077030 -0.068757 -1.299215
    55 0.000004 -0.000007 -0.000031 1.373047 0.113574 0.124314
    56 0.000000 -0.000007 -0.000031 1.373047 0.113574 0.124314
    57 2.856897 -1.536201 -0.973800 -1.501147 -0.272558 -1.578261
    58 2.856895 -1.536198 -0.973800 -1.501147 -0.272558 -1.578261
    59 0.000000 0.000000 10.000000 0.000000 0.000000 0.000000
    60 0.018898 0.665159 9.395884 0.000000 0.000000 0.000000
    61 2.000008 -3.000000 0.000000 -1.570796 0.000000 -1.326450
    62 3.028210 -0.923409 -2.009452 1.574082 -0.012974 1.587244
    63 0.116955 4.311607 0.061861 0.000010 0.000000 0.000000
    64 0.000000 0.000000 0.000001 0.000000 0.000000 0.000000
    65 0.000000 1.000000 0.000008 0.000000 0.000000 0.000000
    66 0.000000 0.000000 0.000002 0.000000 0.000000 0.000000
    67 0.000000 0.000000 0.000002 0.000000 0.000000 0.000000
    68 0.000000 0.000000 0.000002 0.000000 0.000000 0.000000
time 54
    0 0.535645 -8.406250 48.531250 1.534698 -0.004711 -0.094515
    1 3.625659 0.000000 0.000000 -2.099570 -0.030577 -1.287628
    2 18.345819 0.000000 0.000000 0.000000 0.000000 0.173994
    3 16.751528 0.000000 0.000000 0.041983 0.348646 -0.601752
    4 5.943489 0.000000 0.000000 0.020384 -0.027697 -0.523753
    5 -3.625659 0.000000 0.000000 -1.213750 -0.109520 -1.822554
    6 18.345812 0.000000 0.000000 0.000000 0.000000 0.181880
    7 16.751524 0.000000 0.000000 -0.004797 -0.312601 -0.671460
    8 5.943490 0.000000 0.000000 -0.112073 0.023882 -0.414033
    9 0.000000 4.043964 -0.017929 1.565037 -0.110930 1.658817
    10 3.995838 0.000000 0.000000 -0.005736 0.029712 -0.141189
    11 3.698242 -0.000001 0.000000 0.002380 -0.086376 0.016919
    12 5.700890 0.000000 0.000000 -0.055059 -0.115258 0.521843
    13 5.352852 -0.000001 0.000000 3.129392 0.146134 -0.010588
    14 4.461819 0.000000 0.000000 -0.069397 -0.119043 0.842469
    15 4.065388 1.458945 1.500000 -1.685081 -0.946603 -0.096416
    16 5.507357 0.000004 -0.000001 -1.988968 -0.667542 -0.139164
    17 10.907398 0.000000 0.000000 0.000000 0.000000 -1.174419
    18 10.424324 -0.000008 -0.000027 1.294455 0.162584 0.243686
    19 2.997274 0.005409 -1.477472 0.294225 0.486612 -0.078832
    20 1.510382 0.000000 0.000000 0.011341 0.016615 -0.257537
    21 0.808655 0.000002 0.000000 -0.054433 -0.175361 0.039377
    22 3.305792 0.203112 -0.546730 0.228981 0.234014 0.043917
    23 1.807182 0.000002 0.000000 -0.051906 -0.088339 -0.190157
    24 0.966137 0.000001 0.000000 0.002387 0.009734 0.099588
    25 3.571512 0.109303 0.409580 0.187237 0.067893 0.178800
    26 2.150654 -0.000002 0.000000 -0.042028 -0.053936 -0.320272
    27 1.152748 0.000000 0.000000 0.001856 0.011945 0.064941
    28 3.684092 -0.158705 1.419183 0.117459 -0.234196 0.132137
    29 1.701014 -0.000002 0.000000 0.051316 0.064006 -0.334034
    30 0.994705 0.000002 0.000000 0.001258 0.038493 0.020488
    31 1.068069 -1.287201 0.981905 1.464253 -0.824671 0.068851
    32 1.836304 -0.000002 -0.000004 -0.000056 -0.188092 0.157023
    33 1.223948 -0.000001 0.000000 -0.000073 -0.040582 0.037650
    34 4.065392 1.458946 -1.500000 1.550957 1.136908 -0.171328
    35 5.507360 0.000008 -0.000001 2.172433 0.527187 -0.172456
    36 10.907398 0.000000 0.000004 0.000000 0.000000 -2.462163
    37 10.424301 -0.000005 0.000019 -1.354296 -0.219671 0.022301
    38 2.997293 0.000065 1.477481 -0.283369 -0.462061 0.090807
    39 1.510378 -0.000004 0.000000 -0.011341 -0.016615 -0.257537
    40 0.808655 0.000000 0.000000 0.054433 0.175361 0.039377
    41 3.305817 0.201134 0.547461 -0.219081 -0.208322 0.045434
    42 1.807175 0.000000 0.000000 0.051906 0.088339 -0.190157
    43 0.966141 -0.000001 0.000000 -0.002387 -0.009734 0.099588
    44 3.571524 0.110786 -0.409182 -0.183620 -0.067925 0.084169
    45 2.150656 0.000000 0.000000 0.042028 0.053936 -0.320272
    46 1.152752 0.000000 0.000000 -0.001808 -0.011970 0.185709
    47 3.684113 -0.153563 -1.419748 -0.135848 0.142844 0.136128
    48 1.701017 0.000002 0.000000 -0.051316 -0.064006 -0.334034
    49 0.994705 0.000001 0.000000 -0.001284 -0.038506 0.309237
    50 1.068094 -1.283653 -0.986553 -1.445904 0.782696 0.109670
    51 1.836306 -0.000002 0.000000 0.000056 0.188092 0.157023
    52 1.223946 0.000000 0.000002 0.000041 0.040578 0.134020
    53 -7.792969 -24.421875 -3.197266 1.640995 0.081980 2.112870
    54 0.000000 0.000000 0.000000 -0.077030 -0.068757 -1.299215
    55 0.000004 -0.000007 -0.000031 1.373047 0.113574 0.124314
    56 0.000000 -0.000007 -0.000031 1.373047 0.113574 0.124314
    57 2.856897 -1.536201 -0.973800 -1.501147 -0.272558 -1.578261
    58 2.856895 -1.536198 -0.973800 -1.501147 -0.272558 -1.578261
    59 0.000000 0.000000 10.000000 0.000000 0.000000 0.000000
    60 0.018898 0.665159 9.395884 0.000000 0.000000 0.000000
    61 2.000008 -3.000000 0.000000 -1.570796 0.000000 -1.326450
    62 3.028210 -0.923409 -2.009452 1.574082 -0.012974 1.587244
    63 0.116955 4.311607 0.061861 0.000010 0.000000 0.000000
    64 0.000000 0.000000 0.000001 0.000000 0.000000 0.000000
    65 0.000000 1.000000 0.000008 0.000000 0.000000 0.000000
    66 0.000000 0.000000 0.000002 0.000000 0.000000 0.000000
    67 0.000000 0.000000 0.000002 0.000000 0.000000 0.000000
    68 0.000000 0.000000 0.000002 0.000000 0.000000 0.000000
time 55
    0 0.546875 -8.445313 48.531250 1.537023 -0.007132 -0.092693
    1 3.625659 0.000000 0.000000 -2.100958 -0.031323 -1.288806
    2 18.345819 0.000000 0.000000 0.000000 0.000000 0.171741
    3 16.751528 0.000000 0.000000 0.051250 0.358160 -0.597248
    4 5.943489 0.000000 0.000000 0.020415 -0.027714 -0.519911
    5 -3.625659 0.000000 0.000000 -1.211562 -0.108866 -1.822987
    6 18.345812 0.000000 0.000000 0.000000 0.000000 0.179713
    7 16.751524 0.000000 0.000000 0.003117 -0.303486 -0.675621
    8 5.943490 0.000000 0.000000 -0.112080 0.023802 -0.418800
    9 0.000000 4.043964 -0.017929 1.566036 -0.110427 1.662019
    10 3.995838 0.000000 0.000000 -0.004835 0.028734 -0.143509
    11 3.698242 -0.000001 0.000000 0.004015 -0.093728 0.013898
    12 5.700890 0.000000 0.000000 -0.058075 -0.124509 0.520487
    13 5.352852 -0.000001 0.000000 3.134450 0.139944 -0.005606
    14 4.461819 0.000000 0.000000 -0.062148 -0.117179 0.837658
    15 4.065388 1.458945 1.500000 -1.679260 -0.930855 -0.099637
    16 5.507357 0.000004 -0.000001 -1.988212 -0.674719 -0.139596
    17 10.907398 0.000000 0.000000 0.000000 0.000000 -1.170274
    18 10.424324 -0.000008 -0.000027 1.295310 0.164330 0.243641
    19 2.997274 0.005409 -1.477472 0.294631 0.487927 -0.079001
    20 1.510382 0.000000 0.000000 0.011341 0.016615 -0.257537
    21 0.808655 0.000002 0.000000 -0.054433 -0.175361 0.039377
    22 3.305792 0.203112 -0.546730 0.228981 0.234014 0.043917
    23 1.807182 0.000002 0.000000 -0.051906 -0.088339 -0.190157
    24 0.966137 0.000001 0.000000 0.002387 0.009734 0.099588
    25 3.571512 0.109303 0.409580 0.187237 0.067893 0.178800
    26 2.150654 -0.000002 0.000000 -0.042028 -0.053936 -0.320272
    27 1.152748 0.000000 0.000000 0.001856 0.011945 0.064941
    28 3.684092 -0.158705 1.419183 0.117459 -0.234196 0.132137
    29 1.701014 -0.000002 0.000000 0.051316 0.064006 -0.334034
    30 0.994705 0.000002 0.000000 0.001258 0.038493 0.020488
    31 1.068069 -1.287201 0.981905 1.463102 -0.826980 0.069315
    32 1.836304 -0.000002 -0.000004 -0.000056 -0.188092 0.157023
    33 1.223948 -0.000001 0.000000 -0.000073 -0.040582 0.037650
    34 4.065392 1.458946 -1.500000 1.559281 1.144519 -0.151311
    35 5.507360 0.000008 -0.000001 2.175816 0.518771 -0.177355
    36 10.907398 0.000000 0.000004 0.000000 0.000000 -2.464909
    37 10.424301 -0.000005 0.000019 -1.340401 -0.215211 0.030508
    38 2.997293 0.000065 1.477481 -0.284880 -0.467248 0.090179
    39 1.510378 -0.000004 0.000000 -0.011341 -0.016615 -0.257537
    40 0.808655 0.000000 0.000000 0.054433 0.175361 0.039377
    41 3.305817 0.201134 0.547461 -0.219475 -0.209990 0.045314
    42 1.807175 0.000000 0.000000 0.051906 0.088339 -0.190157
    43 0.966141 -0.000001 0.000000 -0.002387 -0.009734 0.099588
    44 3.571524 0.110786 -0.409182 -0.183620 -0.067925 0.084169
    45 2.150656 0.000000 0.000000 0.042028 0.053936 -0.320272
    46 1.152752 0.000000 0.000000 -0.001808 -0.011970 0.185709
    47 3.684113 -0.153563 -1.419748 -0.135146 0.145745 0.136080
    48 1.701017 0.000002 0.000000 -0.051316 -0.064006 -0.334034
    49 0.994705 0.000001 0.000000 -0.001284 -0.038506 0.309237
    50 1.068094 -1.283653 -0.986553 -1.441985 0.783978 0.114456
    51 1.836306 -0.000002 0.000000 0.000056 0.188092 0.157023
    52 1.223946 0.000000 0.000002 0.000080 0.040567 0.127445
    53 -5.542969 -25.671875 -1.924805 1.642297 0.083680 2.112005
    54 0.000000 0.000000 0.000000 -0.077030 -0.068757 -1.299215
    55 0.000004 -0.000007 -0.000031 1.373047 0.113574 0.124314
    56 0.000000 -0.000007 -0.000031 1.373047 0.113574 0.124314
    57 2.856897 -1.536201 -0.973800 -1.501147 -0.272558 -1.578261
    58 2.856895 -1.536198 -0.973800 -1.501147 -0.272558 -1.578261
    59 0.000000 0.000000 10.000000 0.000000 0.000000 0.000000
    60 0.018898 0.665159 9.395884 0.000000 0.000000 0.000000
    61 2.000008 -3.000000 0.000000 -1.570796 0.000000 -1.326450
    62 3.028210 -0.923409 -2.009452 1.574082 -0.012974 1.587244
    63 0.116955 4.311607 0.061861 0.000010 0.000000 0.000000
    64 0.000000 0.000000 0.000001 0.000000 0.000000 0.000000
    65 0.000000 1.000000 0.000008 0.000000 0.000000 0.000000
    66 0.000000 0.000000 0.000002 0.000000 0.000000 0.000000
    67 0.000000 0.000000 0.000002 0.000000 0.000000 0.000000
    68 0.000000 0.000000 0.000002 0.000000 0.000000 0.000000
time 56
    0 0.564941 -8.476563 48.500000 1.540690 -0.009968 -0.091715
    1 3.625659 0.000000 0.000000 -2.103965 -0.033101 -1.290977
    2 18.345819 0.000000 0.000000 0.000000 0.000000 0.168362
    3 16.751528 0.000000 0.000000 0.059752 0.366671 -0.593887
    4 5.943489 0.000000 0.000000 0.020376 -0.027682 -0.512677
    5 -3.625659 0.000000 0.000000 -1.209210 -0.109305 -1.823636
    6 18.345812 0.000000 0.000000 0.000000 0.000000 0.176333
    7 16.751524 0.000000 0.000000 0.008220 -0.295337 -0.680012
    8 5.943490 0.000000 0.000000 -0.112069 0.023816 -0.421895
    9 0.000000 4.043964 -0.017929 1.566622 -0.109971 1.663665
    10 3.995838 0.000000 0.000000 -0.004208 0.027910 -0.146180
    11 3.698242 -0.000001 0.000000 0.005759 -0.098739 0.009396
    12 5.700890 0.000000 0.000000 -0.059550 -0.131596 0.517163
    13 5.352852 -0.000001 0.000000 -3.141018 0.129060 0.004881
    14 4.461819 0.000000 0.000000 -0.051064 -0.109981 0.828848
    15 4.065388 1.458945 1.500000 -1.670165 -0.921458 -0.101947
    16 5.507357 0.000004 -0.000001 -1.990176 -0.684250 -0.134591
    17 10.907398 0.000000 0.000000 0.000000 0.000000 -1.166135
    18 10.424324 -0.000008 -0.000027 1.294989 0.166918 0.246531
    19 2.997274 0.005409 -1.477472 0.295034 0.489155 -0.079183
    20 1.510382 0.000000 0.000000 0.011341 0.016615 -0.257537
    21 0.808655 0.000002 0.000000 -0.054433 -0.175361 0.039377
    22 3.305792 0.203112 -0.546730 0.228981 0.234014 0.043917
    23 1.807182 0.000002 0.000000 -0.051906 -0.088339 -0.190157
    24 0.966137 0.000001 0.000000 0.002387 0.009734 0.099588
    25 3.571512 0.109303 0.409580 0.187237 0.067893 0.178800
    26 2.150654 -0.000002 0.000000 -0.042028 -0.053936 -0.320272
    27 1.152748 0.000000 0.000000 0.001856 0.011945 0.064941
    28 3.684092 -0.158705 1.419183 0.117459 -0.234196 0.132137
    29 1.701014 -0.000002 0.000000 0.051316 0.064006 -0.334034
    30 0.994705 0.000002 0.000000 0.001258 0.038493 0.020488
    31 1.068069 -1.287201 0.981905 1.462285 -0.829170 0.069494
    32 1.836304 -0.000002 -0.000004 -0.000056 -0.188092 0.157023
    33 1.223948 -0.000001 0.000000 -0.000073 -0.040582 0.037650
    34 4.065392 1.458946 -1.500000 1.577359 1.150779 -0.122717
    35 5.507360 0.000008 -0.000001 2.176481 0.506196 -0.176848
    36 10.907398 0.000000 0.000004 0.000000 0.000000 -2.455017
    37 10.424301 -0.000005 0.000019 -1.323137 -0.211607 0.025527
    38 2.997293 0.000065 1.477481 -0.286373 -0.472264 0.089527
    39 1.510378 -0.000004 0.000000 -0.011341 -0.016615 -0.257537
    40 0.808655 0.000000 0.000000 0.054433 0.175361 0.039377
    41 3.305817 0.201134 0.547461 -0.219869 -0.211659 0.045196
    42 1.807175 0.000000 0.000000 0.051906 0.088339 -0.190157
    43 0.966141 -0.000001 0.000000 -0.002387 -0.009734 0.099588
    44 3.571524 0.110786 -0.409182 -0.183620 -0.067925 0.084169
    45 2.150656 0.000000 0.000000 0.042028 0.053936 -0.320272
    46 1.152752 0.000000 0.000000 -0.001808 -0.011970 0.185709
    47 3.684113 -0.153563 -1.419748 -0.134461 0.148468 0.135957
    48 1.701017 0.000002 0.000000 -0.051316 -0.064006 -0.334034
    49 0.994705 0.000001 0.000000 -0.001284 -0.038506 0.309237
    50 1.068094 -1.283653 -0.986553 -1.438018 0.785116 0.119257
    51 1.836306 -0.000002 0.000000 0.000056 0.188092 0.157023
    52 1.223946 0.000000 0.000002 0.000038 0.040562 0.121129
    53 -3.546875 -26.234375 -1.000000 1.643554 0.087038 2.112354
    54 0.000000 0.000000 0.000000 -0.077030 -0.068757 -1.299215
    55 0.000004 -0.000007 -0.000031 1.373047 0.113574 0.124314
    56 0.000000 -0.000007 -0.000031 1.373047 0.113574 0.124314
    57 2.856897 -1.536201 -0.973800 -1.501147 -0.272558 -1.578261
    58 2.856895 -1.536198 -0.973800 -1.501147 -0.272558 -1.578261
    59 0.000000 0.000000 10.000000 0.000000 0.000000 0.000000
    60 0.018898 0.665159 9.395884 0.000000 0.000000 0.000000
    61 2.000008 -3.000000 0.000000 -1.570796 0.000000 -1.326450
    62 3.028210 -0.923409 -2.009452 1.574082 -0.012974 1.587244
    63 0.116955 4.311607 0.061861 0.000010 0.000000 0.000000
    64 0.000000 0.000000 0.000001 0.000000 0.000000 0.000000
    65 0.000000 1.000000 0.000008 0.000000 0.000000 0.000000
    66 0.000000 0.000000 0.000002 0.000000 0.000000 0.000000
    67 0.000000 0.000000 0.000002 0.000000 0.000000 0.000000
    68 0.000000 0.000000 0.000002 0.000000 0.000000 0.000000
time 57
    0 0.590332 -8.476563 48.468750 1.544392 -0.013267 -0.092463
    1 3.625659 0.000000 0.000000 -2.108554 -0.036126 -1.293285
    2 18.345819 0.000000 0.000000 0.000000 0.000000 0.165157
    3 16.751528 0.000000 0.000000 0.064851 0.375135 -0.590806
    4 5.943489 0.000000 0.000000 0.020445 -0.027710 -0.505631
    5 -3.625659 0.000000 0.000000 -1.210651 -0.112136 -1.824792
    6 18.345812 0.000000 0.000000 0.000000 0.000000 0.173474
    7 16.751524 0.000000 0.000000 0.011957 -0.287141 -0.685560
    8 5.943490 0.000000 0.000000 -0.112021 0.023829 -0.423486
    9 0.000000 4.043964 -0.017929 1.566930 -0.109626 1.658531
    10 3.995838 0.000000 0.000000 -0.003631 0.025614 -0.148070
    11 3.698242 -0.000001 0.000000 0.006702 -0.095448 0.006248
    12 5.700890 0.000000 0.000000 -0.056349 -0.127722 0.514337
    13 5.352852 -0.000001 0.000000 -3.130287 0.107089 0.017378
    14 4.461819 0.000000 0.000000 -0.033924 -0.091399 0.820325
    15 4.065388 1.458945 1.500000 -1.667047 -0.923789 -0.100630
    16 5.507357 0.000004 -0.000001 -1.994148 -0.692844 -0.127163
    17 10.907398 0.000000 0.000000 0.000000 0.000000 -1.165721
    18 10.424324 -0.000008 -0.000027 1.291924 0.170353 0.259121
    19 2.997274 0.005409 -1.477472 0.295338 0.490292 -0.079402
    20 1.510382 0.000000 0.000000 0.011341 0.016615 -0.257537
    21 0.808655 0.000002 0.000000 -0.054433 -0.175361 0.039377
    22 3.305792 0.203112 -0.546730 0.228981 0.234014 0.043917
    23 1.807182 0.000002 0.000000 -0.051906 -0.088339 -0.190157
    24 0.966137 0.000001 0.000000 0.002387 0.009734 0.099588
    25 3.571512 0.109303 0.409580 0.187237 0.067893 0.178800
    26 2.150654 -0.000002 0.000000 -0.042028 -0.053936 -0.320272
    27 1.152748 0.000000 0.000000 0.001856 0.011945 0.064941
    28 3.684092 -0.158705 1.419183 0.117459 -0.234196 0.132137
    29 1.701014 -0.000002 0.000000 0.051316 0.064006 -0.334034
    30 0.994705 0.000002 0.000000 0.001258 0.038493 0.020488
    31 1.068069 -1.287201 0.981905 1.461182 -0.831216 0.069924
    32 1.836304 -0.000002 -0.000004 -0.000056 -0.188092 0.157023
    33 1.223948 -0.000001 0.000000 -0.000073 -0.040582 0.037650
    34 4.065392 1.458946 -1.500000 1.591795 1.154219 -0.101189
    35 5.507360 0.000008 -0.000001 2.179226 0.492509 -0.156896
    36 10.907398 0.000000 0.000004 0.000000 0.000000 -2.426616
    37 10.424301 -0.000005 0.000019 -1.280489 -0.217544 0.023431
    38 2.997293 0.000065 1.477481 -0.287750 -0.476925 0.088887
    39 1.510378 -0.000004 0.000000 -0.011341 -0.016615 -0.257537
    40 0.808655 0.000000 0.000000 0.054433 0.175361 0.039377
    41 3.305817 0.201134 0.547461 -0.220263 -0.213146 0.045144
    42 1.807175 0.000000 0.000000 0.051906 0.088339 -0.190157
    43 0.966141 -0.000001 0.000000 -0.002387 -0.009734 0.099588
    44 3.571524 0.110786 -0.409182 -0.183620 -0.067925 0.084169
    45 2.150656 0.000000 0.000000 0.042028 0.053936 -0.320272
    46 1.152752 0.000000 0.000000 -0.001808 -0.011970 0.185709
    47 3.684113 -0.153563 -1.419748 -0.133868 0.151111 0.135835
    48 1.701017 0.000002 0.000000 -0.051316 -0.064006 -0.334034
    49 0.994705 0.000001 0.000000 -0.001284 -0.038506 0.309237
    50 1.068094 -1.283653 -0.986553 -1.434329 0.786206 0.123615
    51 1.836306 -0.000002 0.000000 0.000056 0.188092 0.157023
    52 1.223946 0.000000 0.000002 0.000008 0.040643 0.115160
    53 -1.866211 -26.500000 -0.361572 1.644513 0.091169 2.118957
    54 0.000000 0.000000 0.000000 -0.077030 -0.068757 -1.299215
    55 0.000004 -0.000007 -0.000031 1.373047 0.113574 0.124314
    56 0.000000 -0.000007 -0.000031 1.373047 0.113574 0.124314
    57 2.856897 -1.536201 -0.973800 -1.501147 -0.272558 -1.578261
    58 2.856895 -1.536198 -0.973800 -1.501147 -0.272558 -1.578261
    59 0.000000 0.000000 10.000000 0.000000 0.000000 0.000000
    60 0.018898 0.665159 9.395884 0.000000 0.000000 0.000000
    61 2.000008 -3.000000 0.000000 -1.570796 0.000000 -1.326450
    62 3.028210 -0.923409 -2.009452 1.574082 -0.012974 1.587244
    63 0.116955 4.311607 0.061861 0.000010 0.000000 0.000000
    64 0.000000 0.000000 0.000001 0.000000 0.000000 0.000000
    65 0.000000 1.000000 0.000008 0.000000 0.000000 0.000000
    66 0.000000 0.000000 0.000002 0.000000 0.000000 0.000000
    67 0.000000 0.000000 0.000002 0.000000 0.000000 0.000000
    68 0.000000 0.000000 0.000002 0.000000 0.000000 0.000000
time 58
    0 0.633301 -8.414063 48.437500 1.548010 -0.016908 -0.095763
    1 3.625659 0.000000 0.000000 -2.111541 -0.040996 -1.296001
    2 18.345819 0.000000 0.000000 0.000000 0.000000 0.163338
    3 16.751528 0.000000 0.000000 0.063260 0.382067 -0.588699
    4 5.943489 0.000000 0.000000 0.020419 -0.027729 -0.503759
    5 -3.625659 0.000000 0.000000 -1.216699 -0.117762 -1.826696
    6 18.345812 0.000000 0.000000 0.000000 0.000000 0.170961
    7 16.751524 0.000000 0.000000 0.014732 -0.279315 -0.690233
    8 5.943490 0.000000 0.000000 -0.112064 0.023800 -0.425520
    9 0.000000 4.043964 -0.017929 1.567645 -0.111624 1.652250
    10 3.995838 0.000000 0.000000 -0.002833 0.024201 -0.147970
    11 3.698242 -0.000001 0.000000 0.007086 -0.087923 0.003922
    12 5.700890 0.000000 0.000000 -0.051340 -0.119398 0.511130
    13 5.352852 -0.000001 0.000000 -3.132699 0.078987 0.026098
    14 4.461819 0.000000 0.000000 -0.023625 -0.073980 0.814001
    15 4.065388 1.458945 1.500000 -1.669814 -0.939302 -0.099494
    16 5.507357 0.000004 -0.000001 -1.998162 -0.699957 -0.113733
    17 10.907398 0.000000 0.000000 0.000000 0.000000 -1.170999
    18 10.424324 -0.000008 -0.000027 1.289461 0.174916 0.271994
    19 2.997274 0.005409 -1.477472 0.295666 0.491416 -0.079526
    20 1.510382 0.000000 0.000000 0.011341 0.016615 -0.257537
    21 0.808655 0.000002 0.000000 -0.054433 -0.175361 0.039377
    22 3.305792 0.203112 -0.546730 0.228981 0.234014 0.043917
    23 1.807182 0.000002 0.000000 -0.051906 -0.088339 -0.190157
    24 0.966137 0.000001 0.000000 0.002387 0.009734 0.099588
    25 3.571512 0.109303 0.409580 0.187237 0.067893 0.178800
    26 2.150654 -0.000002 0.000000 -0.042028 -0.053936 -0.320272
    27 1.152748 0.000000 0.000000 0.001856 0.011945 0.064941
    28 3.684092 -0.158705 1.419183 0.117459 -0.234196 0.132137
    29 1.701014 -0.000002 0.000000 0.051316 0.064006 -0.334034
    30 0.994705 0.000002 0.000000 0.001258 0.038493 0.020488
    31 1.068069 -1.287201 0.981905 1.460342 -0.833136 0.070231
    32 1.836304 -0.000002 -0.000004 -0.000056 -0.188092 0.157023
    33 1.223948 -0.000001 0.000000 -0.000073 -0.040582 0.037650
    34 4.065392 1.458946 -1.500000 1.587359 1.147911 -0.100929
    35 5.507360 0.000008 -0.000001 2.218773 0.490366 -0.132098
    36 10.907398 0.000000 0.000004 0.000000 0.000000 -2.369259
    37 10.424301 -0.000005 0.000019 -1.196262 -0.230210 0.001402
    38 2.997293 0.000065 1.477481 -0.289013 -0.481229 0.088258
    39 1.510378 -0.000004 0.000000 -0.011341 -0.016615 -0.257537
    40 0.808655 0.000000 0.000000 0.054433 0.175361 0.039377
    41 3.305817 0.201134 0.547461 -0.220566 -0.214548 0.045074
    42 1.807175 0.000000 0.000000 0.051906 0.088339 -0.190157
    43 0.966141 -0.000001 0.000000 -0.002387 -0.009734 0.099588
    44 3.571524 0.110786 -0.409182 -0.183620 -0.067925 0.084169
    45 2.150656 0.000000 0.000000 0.042028 0.053936 -0.320272
    46 1.152752 0.000000 0.000000 -0.001808 -0.011970 0.185709
    47 3.684113 -0.153563 -1.419748 -0.133284 0.153501 0.135816
    48 1.701017 0.000002 0.000000 -0.051316 -0.064006 -0.334034
    49 0.994705 0.000001 0.000000 -0.001284 -0.038506 0.309237
    50 1.068094 -1.283653 -0.986553 -1.430806 0.787169 0.127765
    51 1.836306 -0.000002 0.000000 0.000056 0.188092 0.157023
    52 1.223946 0.000000 0.000002 0.000068 0.040633 0.109627
    53 -0.546387 -26.578125 0.104553 1.646952 0.097042 2.131559
    54 0.000000 0.000000 0.000000 -0.077030 -0.068757 -1.299215
    55 0.000004 -0.000007 -0.000031 1.373047 0.113574 0.124314
    56 0.000000 -0.000007 -0.000031 1.373047 0.113574 0.124314
    57 2.856897 -1.536201 -0.973800 -1.501147 -0.272558 -1.578261
    58 2.856895 -1.536198 -0.973800 -1.501147 -0.272558 -1.578261
    59 0.000000 0.000000 10.000000 0.000000 0.000000 0.000000
    60 0.018898 0.665159 9.395884 0.000000 0.000000 0.000000
    61 2.000008 -3.000000 0.000000 -1.570796 0.000000 -1.326450
    62 3.028210 -0.923409 -2.009452 1.574082 -0.012974 1.587244
    63 0.116955 4.311607 0.061861 0.000010 0.000000 0.000000
    64 0.000000 0.000000 0.000001 0.000000 0.000000 0.000000
    65 0.000000 1.000000 0.000008 0.000000 0.000000 0.000000
    66 0.000000 0.000000 0.000002 0.000000 0.000000 0.000000
    67 0.000000 0.000000 0.000002 0.000000 0.000000 0.000000
    68 0.000000 0.000000 0.000002 0.000000 0.000000 0.000000
time 59
    0 0.704590 -8.312500 48.375000 1.552334 -0.022398 -0.102246
    1 3.625659 0.000000 0.000000 -2.112772 -0.046480 -1.300711
    2 18.345819 0.000000 0.000000 0.000000 0.000000 0.161952
    3 16.751528 0.000000 0.000000 0.057175 0.387955 -0.587239
    4 5.943489 0.000000 0.000000 0.020463 -0.027698 -0.506880
    5 -3.625659 0.000000 0.000000 -1.224839 -0.125612 -1.830872
    6 18.345812 0.000000 0.000000 0.000000 0.000000 0.168102
    7 16.751524 0.000000 0.000000 0.014404 -0.274124 -0.693963
    8 5.943490 0.000000 0.000000 -0.112049 0.023833 -0.428264
    9 0.000000 4.043964 -0.017929 1.569140 -0.116403 1.646091
    10 3.995838 0.000000 0.000000 -0.001491 0.023868 -0.146395
    11 3.698242 -0.000001 0.000000 0.008106 -0.078061 0.000375
    12 5.700890 0.000000 0.000000 -0.044744 -0.109532 0.505503
    13 5.352852 -0.000001 0.000000 3.141167 0.059586 0.029179
    14 4.461819 0.000000 0.000000 -0.022329 -0.063238 0.810096
    15 4.065388 1.458945 1.500000 -1.674024 -0.962412 -0.099098
    16 5.507357 0.000004 -0.000001 -2.000481 -0.705627 -0.101608
    17 10.907398 0.000000 0.000000 0.000000 0.000000 -1.173900
    18 10.424324 -0.000008 -0.000027 1.287576 0.180464 0.286673
    19 2.997274 0.005409 -1.477472 0.295990 0.492452 -0.079663
    20 1.510382 0.000000 0.000000 0.011341 0.016615 -0.257537
    21 0.808655 0.000002 0.000000 -0.054433 -0.175361 0.039377
    22 3.305792 0.203112 -0.546730 0.228981 0.234014 0.043917
    23 1.807182 0.000002 0.000000 -0.051906 -0.088339 -0.190157
    24 0.966137 0.000001 0.000000 0.002387 0.009734 0.099588
    25 3.571512 0.109303 0.409580 0.187237 0.067893 0.178800
    26 2.150654 -0.000002 0.000000 -0.042028 -0.053936 -0.320272
    27 1.152748 0.000000 0.000000 0.001856 0.011945 0.064941
    28 3.684092 -0.158705 1.419183 0.117459 -0.234196 0.132137
    29 1.701014 -0.000002 0.000000 0.051316 0.064006 -0.334034
    30 0.994705 0.000002 0.000000 0.001258 0.038493 0.020488
    31 1.068069 -1.287201 0.981905 1.459607 -0.834926 0.070485
    32 1.836304 -0.000002 -0.000004 -0.000056 -0.188092 0.157023
    33 1.223948 -0.000001 0.000000 -0.000073 -0.040582 0.037650
    34 4.065392 1.458946 -1.500000 1.555186 1.131809 -0.125687
    35 5.507360 0.000008 -0.000001 2.326970 0.514063 -0.093120
    36 10.907398 0.000000 0.000004 0.000000 0.000000 -2.233655
    37 10.424301 -0.000005 0.000019 -1.100495 -0.189185 0.010907
    38 2.997293 0.000065 1.477481 -0.290204 -0.485340 0.087765
    39 1.510378 -0.000004 0.000000 -0.011341 -0.016615 -0.257537
    40 0.808655 0.000000 0.000000 0.054433 0.175361 0.039377
    41 3.305817 0.201134 0.547461 -0.220957 -0.215949 0.045014
    42 1.807175 0.000000 0.000000 0.051906 0.088339 -0.190157
    43 0.966141 -0.000001 0.000000 -0.002387 -0.009734 0.099588
    44 3.571524 0.110786 -0.409182 -0.183620 -0.067925 0.084169
    45 2.150656 0.000000 0.000000 0.042028 0.053936 -0.320272
    46 1.152752 0.000000 0.000000 -0.001808 -0.011970 0.185709
    47 3.684113 -0.153563 -1.419748 -0.132711 0.155799 0.135717
    48 1.701017 0.000002 0.000000 -0.051316 -0.064006 -0.334034
    49 0.994705 0.000001 0.000000 -0.001284 -0.038506 0.309237
    50 1.068094 -1.283653 -0.986553 -1.427656 0.788088 0.131562
    51 1.836306 -0.000002 0.000000 0.000056 0.188092 0.157023
    52 1.223946 0.000000 0.000002 0.000049 0.040629 0.104438
    53 0.150879 -26.609375 0.373779 1.649144 0.103324 2.138192
    54 0.000000 0.000000 0.000000 -0.077030 -0.068757 -1.299215
    55 0.000004 -0.000007 -0.000031 1.373047 0.113574 0.124314
    56 0.000000 -0.000007 -0.000031 1.373047 0.113574 0.124314
    57 2.856897 -1.536201 -0.973800 -1.501147 -0.272558 -1.578261
    58 2.856895 -1.536198 -0.973800 -1.501147 -0.272558 -1.578261
    59 0.000000 0.000000 10.000000 0.000000 0.000000 0.000000
    60 0.018898 0.665159 9.395884 0.000000 0.000000 0.000000
    61 2.000008 -3.000000 0.000000 -1.570796 0.000000 -1.326450
    62 3.028210 -0.923409 -2.009452 1.574082 -0.012974 1.587244
    63 0.116955 4.311607 0.061861 0.000010 0.000000 0.000000
    64 0.000000 0.000000 0.000001 0.000000 0.000000 0.000000
    65 0.000000 1.000000 0.000008 0.000000 0.000000 0.000000
    66 0.000000 0.000000 0.000002 0.000000 0.000000 0.000000
    67 0.000000 0.000000 0.000002 0.000000 0.000000 0.000000
    68 0.000000 0.000000 0.000002 0.000000 0.000000 0.000000
time 60
    0 0.814453 -8.210938 48.281250 1.556607 -0.029232 -0.113108
    1 3.625659 0.000000 0.000000 -2.112792 -0.050753 -1.307616
    2 18.345819 0.000000 0.000000 0.000000 0.000000 0.160133
    3 16.751528 0.000000 0.000000 0.050585 0.393217 -0.586546
    4 5.943489 0.000000 0.000000 0.020398 -0.027665 -0.514284
    5 -3.625659 0.000000 0.000000 -1.232397 -0.134269 -1.837271
    6 18.345812 0.000000 0.000000 0.000000 0.000000 0.163684
    7 16.751524 0.000000 0.000000 0.010788 -0.271149 -0.695701
    8 5.943490 0.000000 0.000000 -0.112036 0.023857 -0.431185
    9 0.000000 4.043964 -0.017929 1.572159 -0.121889 1.641099
    10 3.995838 0.000000 0.000000 0.001383 0.023989 -0.144197
    11 3.698242 -0.000001 0.000000 0.010116 -0.069407 -0.002770
    12 5.700890 0.000000 0.000000 -0.038020 -0.101648 0.500023
    13 5.352852 -0.000001 0.000000 3.127646 0.052153 0.024853
    14 4.461819 0.000000 0.000000 -0.030376 -0.056498 0.811241
    15 4.065388 1.458945 1.500000 -1.680909 -0.981920 -0.096947
    16 5.507357 0.000004 -0.000001 -2.002640 -0.708401 -0.094447
    17 10.907398 0.000000 0.000000 0.000000 0.000000 -1.171931
    18 10.424324 -0.000008 -0.000027 1.285870 0.185605 0.297047
    19 2.997274 0.005409 -1.477472 0.296216 0.493396 -0.079837
    20 1.510382 0.000000 0.000000 0.011341 0.016615 -0.257537
    21 0.808655 0.000002 0.000000 -0.054433 -0.175361 0.039377
    22 3.305792 0.203112 -0.546730 0.228981 0.234014 0.043917
    23 1.807182 0.000002 0.000000 -0.051906 -0.088339 -0.190157
    24 0.966137 0.000001 0.000000 0.002387 0.009734 0.099588
    25 3.571512 0.109303 0.409580 0.187237 0.067893 0.178800
    26 2.150654 -0.000002 0.000000 -0.042028 -0.053936 -0.320272
    27 1.152748 0.000000 0.000000 0.001856 0.011945 0.064941
    28 3.684092 -0.158705 1.419183 0.117459 -0.234196 0.132137
    29 1.701014 -0.000002 0.000000 0.051316 0.064006 -0.334034
    30 0.994705 0.000002 0.000000 0.001258 0.038493 0.020488
    31 1.068069 -1.287201 0.981905 1.458815 -0.836581 0.070756
    32 1.836304 -0.000002 -0.000004 -0.000056 -0.188092 0.157023
    33 1.223948 -0.000001 0.000000 -0.000073 -0.040582 0.037650
    34 4.065392 1.458946 -1.500000 1.527801 1.112554 -0.146431
    35 5.507360 0.000008 -0.000001 2.455098 0.561826 -0.019228
    36 10.907398 0.000000 0.000004 0.000000 0.000000 -1.973803
    37 10.424301 -0.000005 0.000019 -1.000793 -0.054070 0.032327
    38 2.997293 0.000065 1.477481 -0.291341 -0.489014 0.087194
    39 1.510378 -0.000004 0.000000 -0.011341 -0.016615 -0.257537
    40 0.808655 0.000000 0.000000 0.054433 0.175361 0.039377
    41 3.305817 0.201134 0.547461 -0.221252 -0.217180 0.044924
    42 1.807175 0.000000 0.000000 0.051906 0.088339 -0.190157
    43 0.966141 -0.000001 0.000000 -0.002387 -0.009734 0.099588
    44 3.571524 0.110786 -0.409182 -0.183620 -0.067925 0.084169
    45 2.150656 0.000000 0.000000 0.042028 0.053936 -0.320272
    46 1.152752 0.000000 0.000000 -0.001808 -0.011970 0.185709
    47 3.684113 -0.153563 -1.419748 -0.132242 0.157846 0.135627
    48 1.701017 0.000002 0.000000 -0.051316 -0.064006 -0.334034
    49 0.994705 0.000001 0.000000 -0.001284 -0.038506 0.309237
    50 1.068094 -1.283653 -0.986553 -1.424725 0.788955 0.135067
    51 1.836306 -0.000002 0.000000 0.000056 0.188092 0.157023
    52 1.223946 0.000000 0.000002 0.000038 0.040625 0.099683
    53 0.184570 -26.671875 0.451904 1.651242 0.108904 2.137689
    54 0.000000 0.000000 0.000000 -0.077030 -0.068757 -1.299215
    55 0.000004 -0.000007 -0.000031 1.373047 0.113574 0.124314
    56 0.000000 -0.000007 -0.000031 1.373047 0.113574 0.124314
    57 2.856897 -1.536201 -0.973800 -1.501147 -0.272558 -1.578261
    58 2.856895 -1.536198 -0.973800 -1.501147 -0.272558 -1.578261
    59 0.000000 0.000000 10.000000 0.000000 0.000000 0.000000
    60 0.018898 0.665159 9.395884 0.000000 0.000000 0.000000
    61 2.000008 -3.000000 0.000000 -1.570796 0.000000 -1.326450
    62 3.028210 -0.923409 -2.009452 1.574082 -0.012974 1.587244
    63 0.116955 4.311607 0.061861 0.000010 0.000000 0.000000
    64 0.000000 0.000000 0.000001 0.000000 0.000000 0.000000
    65 0.000000 1.000000 0.000008 0.000000 0.000000 0.000000
    66 0.000000 0.000000 0.000002 0.000000 0.000000 0.000000
    67 0.000000 0.000000 0.000002 0.000000 0.000000 0.000000
    68 0.000000 0.000000 0.000002 0.000000 0.000000 0.000000
time 61
    0 1.006836 -8.132813 48.218750 1.561253 -0.038515 -0.134844
    1 3.625659 0.000000 0.000000 -2.113525 -0.050096 -1.318545
    2 18.345819 0.000000 0.000000 0.000000 0.000000 0.157622
    3 16.751528 0.000000 0.000000 0.041369 0.396541 -0.590941
    4 5.943489 0.000000 0.000000 0.020431 -0.027702 -0.521073
    5 -3.625659 0.000000 0.000000 -1.239341 -0.144864 -1.846079
    6 18.345812 0.000000 0.000000 0.000000 0.000000 0.156929
    7 16.751524 0.000000 0.000000 0.002017 -0.271810 -0.693509
    8 5.943490 0.000000 0.000000 -0.112035 0.023826 -0.435078
    9 0.000000 4.043964 -0.017929 1.578369 -0.126549 1.638160
    10 3.995838 0.000000 0.000000 0.007356 0.024324 -0.142134
    11 3.698242 -0.000001 0.000000 0.015447 -0.064720 -0.004905
    12 5.700890 0.000000 0.000000 -0.031038 -0.099865 0.496465
    13 5.352852 -0.000001 0.000000 3.122482 0.068848 0.011954
    14 4.461819 0.000000 0.000000 -0.043549 -0.058593 0.817526
    15 4.065388 1.458945 1.500000 -1.690421 -0.989098 -0.093368
    16 5.507357 0.000004 -0.000001 -2.005582 -0.709670 -0.095404
    17 10.907398 0.000000 0.000000 0.000000 0.000000 -1.174626
    18 10.424324 -0.000008 -0.000027 1.283161 0.188379 0.304652
    19 2.997274 0.005409 -1.477472 0.296558 0.494243 -0.079905
    20 1.510382 0.000000 0.000000 0.011341 0.016615 -0.257537
    21 0.808655 0.000002 0.000000 -0.054433 -0.175361 0.039377
    22 3.305792 0.203112 -0.546730 0.228981 0.234014 0.043917
    23 1.807182 0.000002 0.000000 -0.051906 -0.088339 -0.190157
    24 0.966137 0.000001 0.000000 0.002387 0.009734 0.099588
    25 3.571512 0.109303 0.409580 0.187237 0.067893 0.178800
    26 2.150654 -0.000002 0.000000 -0.042028 -0.053936 -0.320272
    27 1.152748 0.000000 0.000000 0.001856 0.011945 0.064941
    28 3.684092 -0.158705 1.419183 0.117459 -0.234196 0.132137
    29 1.701014 -0.000002 0.000000 0.051316 0.064006 -0.334034
    30 0.994705 0.000002 0.000000 0.001258 0.038493 0.020488
    31 1.068069 -1.287201 0.981905 1.458063 -0.838035 0.071062
    32 1.836304 -0.000002 -0.000004 -0.000056 -0.188092 0.157023
    33 1.223948 -0.000001 0.000000 -0.000073 -0.040582 0.037650
    34 4.065392 1.458946 -1.500000 1.526892 1.095498 -0.145710
    35 5.507360 0.000008 -0.000001 2.568662 0.629280 0.102131
    36 10.907398 0.000000 0.000004 0.000000 0.000000 -1.610599
    37 10.424301 -0.000005 0.000019 -0.921042 0.155005 0.013613
    38 2.997293 0.000065 1.477481 -0.292300 -0.492409 0.086717
    39 1.510378 -0.000004 0.000000 -0.011341 -0.016615 -0.257537
    40 0.808655 0.000000 0.000000 0.054433 0.175361 0.039377
    41 3.305817 0.201134 0.547461 -0.221459 -0.218230 0.044892
    42 1.807175 0.000000 0.000000 0.051906 0.088339 -0.190157
    43 0.966141 -0.000001 0.000000 -0.002387 -0.009734 0.099588
    44 3.571524 0.110786 -0.409182 -0.183620 -0.067925 0.084169
    45 2.150656 0.000000 0.000000 0.042028 0.053936 -0.320272
    46 1.152752 0.000000 0.000000 -0.001808 -0.011970 0.185709
    47 3.684113 -0.153563 -1.419748 -0.131782 0.159719 0.135548
    48 1.701017 0.000002 0.000000 -0.051316 -0.064006 -0.334034
    49 0.994705 0.000001 0.000000 -0.001284 -0.038506 0.309237
    50 1.068094 -1.283653 -0.986553 -1.421964 0.789700 0.138361
    51 1.836306 -0.000002 0.000000 0.000056 0.188092 0.157023
    52 1.223946 0.000000 0.000002 0.000037 0.040620 0.095360
    53 -0.191284 -26.796875 0.326172 1.653510 0.113146 2.142557
    54 0.000000 0.000000 0.000000 -0.077030 -0.068757 -1.299215
    55 0.000004 -0.000007 -0.000031 1.373047 0.113574 0.124314
    56 0.000000 -0.000007 -0.000031 1.373047 0.113574 0.124314
    57 2.856897 -1.536201 -0.973800 -1.501147 -0.272558 -1.578261
    58 2.856895 -1.536198 -0.973800 -1.501147 -0.272558 -1.578261
    59 0.000000 0.000000 10.000000 0.000000 0.000000 0.000000
    60 0.018898 0.665159 9.395884 0.000000 0.000000 0.000000
    61 2.000008 -3.000000 0.000000 -1.570796 0.000000 -1.326450
    62 3.028210 -0.923409 -2.009452 1.574082 -0.012974 1.587244
    63 0.116955 4.311607 0.061861 0.000010 0.000000 0.000000
    64 0.000000 0.000000 0.000001 0.000000 0.000000 0.000000
    65 0.000000 1.000000 0.000008 0.000000 0.000000 0.000000
    66 0.000000 0.000000 0.000002 0.000000 0.000000 0.000000
    67 0.000000 0.000000 0.000002 0.000000 0.000000 0.000000
    68 0.000000 0.000000 0.000002 0.000000 0.000000 0.000000
time 62
    0 1.242188 -8.054688 48.187500 1.566054 -0.048019 -0.163433
    1 3.625659 0.000000 0.000000 -2.112608 -0.046716 -1.329829
    2 18.345819 0.000000 0.000000 0.000000 0.000000 0.155717
    3 16.751528 0.000000 0.000000 0.031965 0.398617 -0.595733
    4 5.943489 0.000000 0.000000 0.020434 -0.027660 -0.527329
    5 -3.625659 0.000000 0.000000 -1.243271 -0.156568 -1.854157
    6 18.345812 0.000000 0.000000 0.000000 0.000000 0.149656
    7 16.751524 0.000000 0.000000 -0.007798 -0.271611 -0.692719
    8 5.943490 0.000000 0.000000 -0.112069 0.023871 -0.432426
    9 0.000000 4.043964 -0.017929 1.586413 -0.132040 1.637650
    10 3.995838 0.000000 0.000000 0.015232 0.024776 -0.139442
    11 3.698242 -0.000001 0.000000 0.023104 -0.064770 -0.006622
    12 5.700890 0.000000 0.000000 -0.024891 -0.104806 0.493231
    13 5.352852 -0.000001 0.000000 3.124948 0.096646 0.000751
    14 4.461819 0.000000 0.000000 -0.052912 -0.075975 0.822003
    15 4.065388 1.458945 1.500000 -1.698365 -0.981490 -0.092742
    16 5.507357 0.000004 -0.000001 -2.008363 -0.714264 -0.102244
    17 10.907398 0.000000 0.000000 0.000000 0.000000 -1.174626
    18 10.424324 -0.000008 -0.000027 1.278784 0.190786 0.317345
    19 2.997274 0.005409 -1.477472 0.296801 0.494999 -0.080010
    20 1.510382 0.000000 0.000000 0.011341 0.016615 -0.257537
    21 0.808655 0.000002 0.000000 -0.054433 -0.175361 0.039377
    22 3.305792 0.203112 -0.546730 0.228981 0.234014 0.043917
    23 1.807182 0.000002 0.000000 -0.051906 -0.088339 -0.190157
    24 0.966137 0.000001 0.000000 0.002387 0.009734 0.099588
    25 3.571512 0.109303 0.409580 0.187237 0.067893 0.178800
    26 2.150654 -0.000002 0.000000 -0.042028 -0.053936 -0.320272
    27 1.152748 0.000000 0.000000 0.001856 0.011945 0.064941
    28 3.684092 -0.158705 1.419183 0.117459 -0.234196 0.132137
    29 1.701014 -0.000002 0.000000 0.051316 0.064006 -0.334034
    30 0.994705 0.000002 0.000000 0.001258 0.038493 0.020488
    31 1.068069 -1.287201 0.981905 1.457415 -0.839359 0.071314
    32 1.836304 -0.000002 -0.000004 -0.000056 -0.188092 0.157023
    33 1.223948 -0.000001 0.000000 -0.000073 -0.040582 0.037650
    34 4.065392 1.458946 -1.500000 1.542083 1.083802 -0.125718
    35 5.507360 0.000008 -0.000001 2.716826 0.706539 0.285753
    36 10.907398 0.000000 0.000004 0.000000 0.000000 -1.177220
    37 10.424301 -0.000005 0.000019 -0.872317 0.195777 0.050031
    38 2.997293 0.000065 1.477481 -0.293237 -0.495442 0.086269
    39 1.510378 -0.000004 0.000000 -0.011341 -0.016615 -0.257537
    40 0.808655 0.000000 0.000000 0.054433 0.175361 0.039377
    41 3.305817 0.201134 0.547461 -0.221746 -0.219288 0.044782
    42 1.807175 0.000000 0.000000 0.051906 0.088339 -0.190157
    43 0.966141 -0.000001 0.000000 -0.002387 -0.009734 0.099588
    44 3.571524 0.110786 -0.409182 -0.183620 -0.067925 0.084169
    45 2.150656 0.000000 0.000000 0.042028 0.053936 -0.320272
    46 1.152752 0.000000 0.000000 -0.001808 -0.011970 0.185709
    47 3.684113 -0.153563 -1.419748 -0.131420 0.161427 0.135472
    48 1.701017 0.000002 0.000000 -0.051316 -0.064006 -0.334034
    49 0.994705 0.000001 0.000000 -0.001284 -0.038506 0.309237
    50 1.068094 -1.283653 -0.986553 -1.419585 0.790343 0.141221
    51 1.836306 -0.000002 0.000000 0.000056 0.188092 0.157023
    52 1.223946 0.000000 0.000002 0.000044 0.040616 0.091471
    53 -1.087891 -26.906250 0.037872 1.655243 0.117242 2.148938
    54 0.000000 0.000000 0.000000 -0.077030 -0.068757 -1.299215
    55 0.000004 -0.000007 -0.000031 1.373047 0.113574 0.124314
    56 0.000000 -0.000007 -0.000031 1.373047 0.113574 0.124314
    57 2.856897 -1.536201 -0.973800 -1.501147 -0.272558 -1.578261
    58 2.856895 -1.536198 -0.973800 -1.501147 -0.272558 -1.578261
    59 0.000000 0.000000 10.000000 0.000000 0.000000 0.000000
    60 0.018898 0.665159 9.395884 0.000000 0.000000 0.000000
    61 2.000008 -3.000000 0.000000 -1.570796 0.000000 -1.326450
    62 3.028210 -0.923409 -2.009452 1.574082 -0.012974 1.587244
    63 0.116955 4.311607 0.061861 0.000010 0.000000 0.000000
    64 0.000000 0.000000 0.000001 0.000000 0.000000 0.000000
    65 0.000000 1.000000 0.000008 0.000000 0.000000 0.000000
    66 0.000000 0.000000 0.000002 0.000000 0.000000 0.000000
    67 0.000000 0.000000 0.000002 0.000000 0.000000 0.000000
    68 0.000000 0.000000 0.000002 0.000000 0.000000 0.000000
time 63
    0 1.454102 -7.941406 48.125000 1.571169 -0.055142 -0.184853
    1 3.625659 0.000000 0.000000 -2.100787 -0.048073 -1.336508
    2 18.345819 0.000000 0.000000 0.000000 0.000000 0.155976
    3 16.751528 0.000000 0.000000 0.033302 0.401105 -0.594014
    4 5.943489 0.000000 0.000000 0.020394 -0.027712 -0.534845
    5 -3.625659 0.000000 0.000000 -1.238566 -0.166003 -1.858719
    6 18.345812 0.000000 0.000000 0.000000 0.000000 0.143597
    7 16.751524 0.000000 0.000000 -0.004046 -0.263828 -0.697496
    8 5.943490 0.000000 0.000000 -0.112049 0.023833 -0.428264
    9 0.000000 4.043964 -0.017929 1.592253 -0.138597 1.640159
    10 3.995838 0.000000 0.000000 0.021175 0.025760 -0.136161
    11 3.698242 -0.000001 0.000000 0.029504 -0.068605 -0.008960
    12 5.700890 0.000000 0.000000 -0.022014 -0.114165 0.489114
    13 5.352852 -0.000001 0.000000 3.126793 0.125537 0.002616
    14 4.461819 0.000000 0.000000 -0.062547 -0.100675 0.820156
    15 4.065388 1.458945 1.500000 -1.699059 -0.965838 -0.099643
    16 5.507357 0.000004 -0.000001 -2.012871 -0.720190 -0.109870
    17 10.907398 0.000000 0.000000 0.000000 0.000000 -1.175145
    18 10.424324 -0.000008 -0.000027 1.277522 0.191572 0.322751
    19 2.997274 0.005409 -1.477472 0.296945 0.495662 -0.080153
    20 1.510382 0.000000 0.000000 0.011341 0.016615 -0.257537
    21 0.808655 0.000002 0.000000 -0.054433 -0.175361 0.039377
    22 3.305792 0.203112 -0.546730 0.228981 0.234014 0.043917
    23 1.807182 0.000002 0.000000 -0.051906 -0.088339 -0.190157
    24 0.966137 0.000001 0.000000 0.002387 0.009734 0.099588
    25 3.571512 0.109303 0.409580 0.187237 0.067893 0.178800
    26 2.150654 -0.000002 0.000000 -0.042028 -0.053936 -0.320272
    27 1.152748 0.000000 0.000000 0.001856 0.011945 0.064941
    28 3.684092 -0.158705 1.419183 0.117459 -0.234196 0.132137
    29 1.701014 -0.000002 0.000000 0.051316 0.064006 -0.334034
    30 0.994705 0.000002 0.000000 0.001258 0.038493 0.020488
    31 1.068069 -1.287201 0.981905 1.456871 -0.840553 0.071511
    32 1.836304 -0.000002 -0.000004 -0.000056 -0.188092 0.157023
    33 1.223948 -0.000001 0.000000 -0.000073 -0.040582 0.037650
    34 4.065392 1.458946 -1.500000 1.580161 1.066098 -0.084587
    35 5.507360 0.000008 -0.000001 2.828063 0.763152 0.448007
    36 10.907398 0.000000 0.000004 0.000000 0.000000 -0.782688
    37 10.424301 -0.000005 0.000019 -0.778680 0.217804 0.187952
    38 2.997293 0.000065 1.477481 -0.294080 -0.498102 0.085920
    39 1.510378 -0.000004 0.000000 -0.011341 -0.016615 -0.257537
    40 0.808655 0.000000 0.000000 0.054433 0.175361 0.039377
    41 3.305817 0.201134 0.547461 -0.221945 -0.220166 0.044730
    42 1.807175 0.000000 0.000000 0.051906 0.088339 -0.190157
    43 0.966141 -0.000001 0.000000 -0.002387 -0.009734 0.099588
    44 3.571524 0.110786 -0.409182 -0.183620 -0.067925 0.084169
    45 2.150656 0.000000 0.000000 0.042028 0.053936 -0.320272
    46 1.152752 0.000000 0.000000 -0.001808 -0.011970 0.185709
    47 3.684113 -0.153563 -1.419748 -0.131068 0.162962 0.135406
    48 1.701017 0.000002 0.000000 -0.051316 -0.064006 -0.334034
    49 0.994705 0.000001 0.000000 -0.001284 -0.038506 0.309237
    50 1.068094 -1.283653 -0.986553 -1.417428 0.790937 0.143786
    51 1.836306 -0.000002 0.000000 0.000056 0.188092 0.157023
    52 1.223946 0.000000 0.000002 0.000062 0.040613 0.088100
    53 -2.343750 -26.859375 -0.390869 1.657978 0.120241 2.155546
    54 0.000000 0.000000 0.000000 -0.077030 -0.068757 -1.299215
    55 0.000004 -0.000007 -0.000031 1.373047 0.113574 0.124314
    56 0.000000 -0.000007 -0.000031 1.373047 0.113574 0.124314
    57 2.856897 -1.536201 -0.973800 -1.501147 -0.272558 -1.578261
    58 2.856895 -1.536198 -0.973800 -1.501147 -0.272558 -1.578261
    59 0.000000 0.000000 10.000000 0.000000 0.000000 0.000000
    60 0.018898 0.665159 9.395884 0.000000 0.000000 0.000000
    61 2.000008 -3.000000 0.000000 -1.570796 0.000000 -1.326450
    62 3.028210 -0.923409 -2.009452 1.574082 -0.012974 1.587244
    63 0.116955 4.311607 0.061861 0.000010 0.000000 0.000000
    64 0.000000 0.000000 0.000001 0.000000 0.000000 0.000000
    65 0.000000 1.000000 0.000008 0.000000 0.000000 0.000000
    66 0.000000 0.000000 0.000002 0.000000 0.000000 0.000000
    67 0.000000 0.000000 0.000002 0.000000 0.000000 0.000000
    68 0.000000 0.000000 0.000002 0.000000 0.000000 0.000000
time 64
    0 1.619141 -7.800781 48.062500 1.576947 -0.058617 -0.195467
    1 3.625659 0.000000 0.000000 -2.079292 -0.054885 -1.337003
    2 18.345819 0.000000 0.000000 0.000000 0.000000 0.156583
    3 16.751528 0.000000 0.000000 0.054249 0.407570 -0.582367
    4 5.943489 0.000000 0.000000 0.020414 -0.027659 -0.542278
    5 -3.625659 0.000000 0.000000 -1.225694 -0.171424 -1.857964
    6 18.345812 0.000000 0.000000 0.000000 0.000000 0.138318
    7 16.751524 0.000000 0.000000 0.008877 -0.247035 -0.709660
    8 5.943490 0.000000 0.000000 -0.112071 0.023806 -0.422071
    9 0.000000 4.043964 -0.017929 1.595007 -0.143969 1.645034
    10 3.995838 0.000000 0.000000 0.024052 0.027301 -0.133080
    11 3.698242 -0.000001 0.000000 0.033130 -0.074615 -0.010395
    12 5.700890 0.000000 0.000000 -0.022727 -0.124583 0.486044
    13 5.352852 -0.000001 0.000000 3.131033 0.152511 0.014778
    14 4.461819 0.000000 0.000000 -0.069714 -0.127072 0.813995
    15 4.065388 1.458945 1.500000 -1.693933 -0.946603 -0.111127
    16 5.507357 0.000004 -0.000001 -2.018565 -0.719491 -0.118098
    17 10.907398 0.000000 0.000000 0.000000 0.000000 -1.181894
    18 10.424324 -0.000008 -0.000027 1.278337 0.191130 0.324001
    19 2.997274 0.005409 -1.477472 0.297109 0.496225 -0.080214
    20 1.510382 0.000000 0.000000 0.011341 0.016615 -0.257537
    21 0.808655 0.000002 0.000000 -0.054433 -0.175361 0.039377
    22 3.305792 0.203112 -0.546730 0.228981 0.234014 0.043917
    23 1.807182 0.000002 0.000000 -0.051906 -0.088339 -0.190157
    24 0.966137 0.000001 0.000000 0.002387 0.009734 0.099588
    25 3.571512 0.109303 0.409580 0.187237 0.067893 0.178800
    26 2.150654 -0.000002 0.000000 -0.042028 -0.053936 -0.320272
    27 1.152748 0.000000 0.000000 0.001856 0.011945 0.064941
    28 3.684092 -0.158705 1.419183 0.117459 -0.234196 0.132137
    29 1.701014 -0.000002 0.000000 0.051316 0.064006 -0.334034
    30 0.994705 0.000002 0.000000 0.001258 0.038493 0.020488
    31 1.068069 -1.287201 0.981905 1.456431 -0.841616 0.071652
    32 1.836304 -0.000002 -0.000004 -0.000056 -0.188092 0.157023
    33 1.223948 -0.000001 0.000000 -0.000073 -0.040582 0.037650
    34 4.065392 1.458946 -1.500000 1.594909 1.041380 -0.071064
    35 5.507360 0.000008 -0.000001 2.805359 0.803991 0.488791
    36 10.907398 0.000000 0.000004 0.000000 0.000000 -0.600216
    37 10.424301 -0.000005 0.000019 -0.713297 0.287362 0.361702
    38 2.997293 0.000065 1.477481 -0.294710 -0.500407 0.085551
    39 1.510378 -0.000004 0.000000 -0.011341 -0.016615 -0.257537
    40 0.808655 0.000000 0.000000 0.054433 0.175361 0.039377
    41 3.305817 0.201134 0.547461 -0.222146 -0.220862 0.044744
    42 1.807175 0.000000 0.000000 0.051906 0.088339 -0.190157
    43 0.966141 -0.000001 0.000000 -0.002387 -0.009734 0.099588
    44 3.571524 0.110786 -0.409182 -0.183620 -0.067925 0.084169
    45 2.150656 0.000000 0.000000 0.042028 0.053936 -0.320272
    46 1.152752 0.000000 0.000000 -0.001808 -0.011970 0.185709
    47 3.684113 -0.153563 -1.419748 -0.130724 0.164244 0.135443
    48 1.701017 0.000002 0.000000 -0.051316 -0.064006 -0.334034
    49 0.994705 0.000001 0.000000 -0.001284 -0.038506 0.309237
    50 1.068094 -1.283653 -0.986553 -1.415502 0.791423 0.145979
    51 1.836306 -0.000002 0.000000 0.000056 0.188092 0.157023
    52 1.223946 0.000000 0.000002 0.000002 0.040613 0.085161
    53 -3.876953 -26.578125 -0.959961 1.660953 0.122619 2.160761
    54 0.000000 0.000000 0.000000 -0.077030 -0.068757 -1.299215
    55 0.000004 -0.000007 -0.000031 1.373047 0.113574 0.124314
    56 0.000000 -0.000007 -0.000031 1.373047 0.113574 0.124314
    57 2.856897 -1.536201 -0.973800 -1.501147 -0.272558 -1.578261
    58 2.856895 -1.536198 -0.973800 -1.501147 -0.272558 -1.578261
    59 0.000000 0.000000 10.000000 0.000000 0.000000 0.000000
    60 0.018898 0.665159 9.395884 0.000000 0.000000 0.000000
    61 2.000008 -3.000000 0.000000 -1.570796 0.000000 -1.326450
    62 3.028210 -0.923409 -2.009452 1.574082 -0.012974 1.587244
    63 0.116955 4.311607 0.061861 0.000010 0.000000 0.000000
    64 0.000000 0.000000 0.000001 0.000000 0.000000 0.000000
    65 0.000000 1.000000 0.000008 0.000000 0.000000 0.000000
    66 0.000000 0.000000 0.000002 0.000000 0.000000 0.000000
    67 0.000000 0.000000 0.000002 0.000000 0.000000 0.000000
    68 0.000000 0.000000 0.000002 0.000000 0.000000 0.000000
time 65
    0 1.765625 -7.714844 48.031250 1.582752 -0.059417 -0.201286
    1 3.625659 0.000000 0.000000 -2.055936 -0.061231 -1.334176
    2 18.345819 0.000000 0.000000 0.000000 0.000000 0.153033
    3 16.751528 0.000000 0.000000 0.087433 0.418577 -0.565156
    4 5.943489 0.000000 0.000000 0.020465 -0.027721 -0.544341
    5 -3.625659 0.000000 0.000000 -1.212735 -0.171653 -1.852968
    6 18.345812 0.000000 0.000000 0.000000 0.000000 0.133127
    7 16.751524 0.000000 0.000000 0.028928 -0.225321 -0.728761
    8 5.943490 0.000000 0.000000 -0.112078 0.023858 -0.414474
    9 0.000000 4.043964 -0.017929 1.596175 -0.143671 1.652125
    10 3.995838 0.000000 0.000000 0.025292 0.029625 -0.132431
    11 3.698242 -0.000001 0.000000 0.035180 -0.082325 -0.008708
    12 5.700890 0.000000 0.000000 -0.026014 -0.135907 0.488908
    13 5.352852 -0.000001 0.000000 3.139649 0.175432 0.031114
    14 4.461819 0.000000 0.000000 -0.072712 -0.149698 0.806502
    15 4.065388 1.458945 1.500000 -1.687482 -0.926059 -0.123798
    16 5.507357 0.000004 -0.000001 -2.022440 -0.715099 -0.127569
    17 10.907398 0.000000 0.000000 0.000000 0.000000 -1.186264
    18 10.424324 -0.000008 -0.000027 1.277770 0.192597 0.329308
    19 2.997274 0.005409 -1.477472 0.297270 0.496699 -0.080288
    20 1.510382 0.000000 0.000000 0.011341 0.016615 -0.257537
    21 0.808655 0.000002 0.000000 -0.054433 -0.175361 0.039377
    22 3.305792 0.203112 -0.546730 0.228981 0.234014 0.043917
    23 1.807182 0.000002 0.000000 -0.051906 -0.088339 -0.190157
    24 0.966137 0.000001 0.000000 0.002387 0.009734 0.099588
    25 3.571512 0.109303 0.409580 0.187237 0.067893 0.178800
    26 2.150654 -0.000002 0.000000 -0.042028 -0.053936 -0.320272
    27 1.152748 0.000000 0.000000 0.001856 0.011945 0.064941
    28 3.684092 -0.158705 1.419183 0.117459 -0.234196 0.132137
    29 1.701014 -0.000002 0.000000 0.051316 0.064006 -0.334034
    30 0.994705 0.000002 0.000000 0.001258 0.038493 0.020488
    31 1.068069 -1.287201 0.981905 1.456031 -0.842477 0.071828
    32 1.836304 -0.000002 -0.000004 -0.000056 -0.188092 0.157023
    33 1.223948 -0.000001 0.000000 -0.000073 -0.040582 0.037650
    34 4.065392 1.458946 -1.500000 1.587108 1.026835 -0.084040
    35 5.507360 0.000008 -0.000001 2.642699 0.821145 0.423680
    36 10.907398 0.000000 0.000004 0.000000 0.000000 -0.622938
    37 10.424301 -0.000005 0.000019 -0.673695 0.319857 0.406623
    38 2.997293 0.000065 1.477481 -0.295341 -0.502335 0.085303
    39 1.510378 -0.000004 0.000000 -0.011341 -0.016615 -0.257537
    40 0.808655 0.000000 0.000000 0.054433 0.175361 0.039377
    41 3.305817 0.201134 0.547461 -0.222248 -0.221570 0.044662
    42 1.807175 0.000000 0.000000 0.051906 0.088339 -0.190157
    43 0.966141 -0.000001 0.000000 -0.002387 -0.009734 0.099588
    44 3.571524 0.110786 -0.409182 -0.183620 -0.067925 0.084169
    45 2.150656 0.000000 0.000000 0.042028 0.053936 -0.320272
    46 1.152752 0.000000 0.000000 -0.001808 -0.011970 0.185709
    47 3.684113 -0.153563 -1.419748 -0.130489 0.165267 0.135400
    48 1.701017 0.000002 0.000000 -0.051316 -0.064006 -0.334034
    49 0.994705 0.000001 0.000000 -0.001284 -0.038506 0.309237
    50 1.068094 -1.283653 -0.986553 -1.413900 0.791800 0.147892
    51 1.836306 -0.000002 0.000000 0.000056 0.188092 0.157023
    52 1.223946 0.000000 0.000002 0.000038 0.040609 0.082655
    53 -5.812500 -25.843750 -1.762695 1.662321 0.124220 2.161180
    54 0.000000 0.000000 0.000000 -0.077030 -0.068757 -1.299215
    55 0.000004 -0.000007 -0.000031 1.373047 0.113574 0.124314
    56 0.000000 -0.000007 -0.000031 1.373047 0.113574 0.124314
    57 2.856897 -1.536201 -0.973800 -1.501147 -0.272558 -1.578261
    58 2.856895 -1.536198 -0.973800 -1.501147 -0.272558 -1.578261
    59 0.000000 0.000000 10.000000 0.000000 0.000000 0.000000
    60 0.018898 0.665159 9.395884 0.000000 0.000000 0.000000
    61 2.000008 -3.000000 0.000000 -1.570796 0.000000 -1.326450
    62 3.028210 -0.923409 -2.009452 1.574082 -0.012974 1.587244
    63 0.116955 4.311607 0.061861 0.000010 0.000000 0.000000
    64 0.000000 0.000000 0.000001 0.000000 0.000000 0.000000
    65 0.000000 1.000000 0.000008 0.000000 0.000000 0.000000
    66 0.000000 0.000000 0.000002 0.000000 0.000000 0.000000
    67 0.000000 0.000000 0.000002 0.000000 0.000000 0.000000
    68 0.000000 0.000000 0.000002 0.000000 0.000000 0.000000
time 66
    0 1.901367 -7.625000 47.968750 1.587732 -0.059140 -0.203931
    1 3.625659 0.000000 0.000000 -2.033997 -0.068227 -1.329982
    2 18.345819 0.000000 0.000000 0.000000 0.000000 0.147752
    3 16.751528 0.000000 0.000000 0.122149 0.431797 -0.552010
    4 5.943489 0.000000 0.000000 0.020390 -0.027677 -0.540576
    5 -3.625659 0.000000 0.000000 -1.208089 -0.169992 -1.846135
    6 18.345812 0.000000 0.000000 0.000000 0.000000 0.131310
    7 16.751524 0.000000 0.000000 0.053093 -0.203991 -0.752101
    8 5.943490 0.000000 0.000000 -0.112072 0.023806 -0.407229
    9 0.000000 4.043964 -0.017929 1.594849 -0.142616 1.657302
    10 3.995838 0.000000 0.000000 0.024255 0.031020 -0.131911
    11 3.698242 -0.000001 0.000000 0.034827 -0.087991 -0.005941
    12 5.700890 0.000000 0.000000 -0.030068 -0.142762 0.492721
    13 5.352852 -0.000001 0.000000 -3.136707 0.188668 0.045209
    14 4.461819 0.000000 0.000000 -0.073479 -0.163251 0.800091
    15 4.065388 1.458945 1.500000 -1.680303 -0.911059 -0.142955
    16 5.507357 0.000004 -0.000001 -2.018797 -0.709337 -0.137264
    17 10.907398 0.000000 0.000000 0.000000 0.000000 -1.192517
    18 10.424324 -0.000008 -0.000027 1.276632 0.196112 0.332668
    19 2.997274 0.005409 -1.477472 0.297332 0.497082 -0.080400
    20 1.510382 0.000000 0.000000 0.011341 0.016615 -0.257537
    21 0.808655 0.000002 0.000000 -0.054433 -0.175361 0.039377
    22 3.305792 0.203112 -0.546730 0.228981 0.234014 0.043917
    23 1.807182 0.000002 0.000000 -0.051906 -0.088339 -0.190157
    24 0.966137 0.000001 0.000000 0.002387 0.009734 0.099588
    25 3.571512 0.109303 0.409580 0.187237 0.067893 0.178800
    26 2.150654 -0.000002 0.000000 -0.042028 -0.053936 -0.320272
    27 1.152748 0.000000 0.000000 0.001856 0.011945 0.064941
    28 3.684092 -0.158705 1.419183 0.117459 -0.234196 0.132137
    29 1.701014 -0.000002 0.000000 0.051316 0.064006 -0.334034
    30 0.994705 0.000002 0.000000 0.001258 0.038493 0.020488
    31 1.068069 -1.287201 0.981905 1.455679 -0.843071 0.071963
    32 1.836304 -0.000002 -0.000004 -0.000056 -0.188092 0.157023
    33 1.223948 -0.000001 0.000000 -0.000073 -0.040582 0.037650
    34 4.065392 1.458946 -1.500000 1.564106 1.019237 -0.112460
    35 5.507360 0.000008 -0.000001 2.527859 0.834974 0.351619
    36 10.907398 0.000000 0.000004 0.000000 0.000000 -0.679155
    37 10.424301 -0.000005 0.000019 -0.639371 0.306257 0.348099
    38 2.997293 0.000065 1.477481 -0.295757 -0.503907 0.085032
    39 1.510378 -0.000004 0.000000 -0.011341 -0.016615 -0.257537
    40 0.808655 0.000000 0.000000 0.054433 0.175361 0.039377
    41 3.305817 0.201134 0.547461 -0.222436 -0.222007 0.044646
    42 1.807175 0.000000 0.000000 0.051906 0.088339 -0.190157
    43 0.966141 -0.000001 0.000000 -0.002387 -0.009734 0.099588
    44 3.571524 0.110786 -0.409182 -0.183620 -0.067925 0.084169
    45 2.150656 0.000000 0.000000 0.042028 0.053936 -0.320272
    46 1.152752 0.000000 0.000000 -0.001808 -0.011970 0.185709
    47 3.684113 -0.153563 -1.419748 -0.130265 0.166118 0.135367
    48 1.701017 0.000002 0.000000 -0.051316 -0.064006 -0.334034
    49 0.994705 0.000001 0.000000 -0.001284 -0.038506 0.309237
    50 1.068094 -1.283653 -0.986553 -1.412734 0.792152 0.149286
    51 1.836306 -0.000002 0.000000 0.000056 0.188092 0.157023
    52 1.223946 0.000000 0.000002 -0.000001 0.040609 0.080753
    53 -7.941406 -24.468750 -2.855469 1.664760 0.127781 2.165002
    54 0.000000 0.000000 0.000000 -0.077030 -0.068757 -1.299215
    55 0.000004 -0.000007 -0.000031 1.373047 0.113574 0.124314
    56 0.000000 -0.000007 -0.000031 1.373047 0.113574 0.124314
    57 2.856897 -1.536201 -0.973800 -1.501147 -0.272558 -1.578261
    58 2.856895 -1.536198 -0.973800 -1.501147 -0.272558 -1.578261
    59 0.000000 0.000000 10.000000 0.000000 0.000000 0.000000
    60 0.018898 0.665159 9.395884 0.000000 0.000000 0.000000
    61 2.000008 -3.000000 0.000000 -1.570796 0.000000 -1.326450
    62 3.028210 -0.923409 -2.009452 1.574082 -0.012974 1.587244
    63 0.116955 4.311607 0.061861 0.000010 0.000000 0.000000
    64 0.000000 0.000000 0.000001 0.000000 0.000000 0.000000
    65 0.000000 1.000000 0.000008 0.000000 0.000000 0.000000
    66 0.000000 0.000000 0.000002 0.000000 0.000000 0.000000
    67 0.000000 0.000000 0.000002 0.000000 0.000000 0.000000
    68 0.000000 0.000000 0.000002 0.000000 0.000000 0.000000
time 67
    0 2.033203 -7.523438 47.937500 1.590763 -0.058332 -0.205348
    1 3.625659 0.000000 0.000000 -2.016144 -0.074719 -1.325807
    2 18.345819 0.000000 0.000000 0.000000 0.000000 0.143078
    3 16.751528 0.000000 0.000000 0.135187 0.445120 -0.547183
    4 5.943489 0.000000 0.000000 0.020441 -0.027716 -0.532250
    5 -3.625659 0.000000 0.000000 -1.206658 -0.167120 -1.839297
    6 18.345812 0.000000 0.000000 0.000000 0.000000 0.131656
    7 16.751524 0.000000 0.000000 0.056486 -0.201153 -0.766666
    8 5.943490 0.000000 0.000000 -0.112074 0.023801 -0.407317
    9 0.000000 4.043964 -0.017929 1.591540 -0.141448 1.658158
    10 3.995838 0.000000 0.000000 0.021166 0.030806 -0.131093
    11 3.698242 -0.000001 0.000000 0.031911 -0.089263 -0.002462
    12 5.700890 0.000000 0.000000 -0.033287 -0.142229 0.496961
    13 5.352852 -0.000001 0.000000 -3.137339 0.192066 0.050456
    14 4.461819 0.000000 0.000000 -0.075859 -0.167064 0.797312
    15 4.065388 1.458945 1.500000 -1.662699 -0.899444 -0.170593
    16 5.507357 0.000004 -0.000001 -2.016963 -0.705005 -0.149155
    17 10.907398 0.000000 0.000000 0.000000 0.000000 -1.201084
    18 10.424324 -0.000008 -0.000027 1.274904 0.199088 0.337758
    19 2.997274 0.005409 -1.477472 0.297414 0.497363 -0.080431
    20 1.510382 0.000000 0.000000 0.011341 0.016615 -0.257537
    21 0.808655 0.000002 0.000000 -0.054433 -0.175361 0.039377
    22 3.305792 0.203112 -0.546730 0.228981 0.234014 0.043917
    23 1.807182 0.000002 0.000000 -0.051906 -0.088339 -0.190157
    24 0.966137 0.000001 0.000000 0.002387 0.009734 0.099588
    25 3.571512 0.109303 0.409580 0.187237 0.067893 0.178800
    26 2.150654 -0.000002 0.000000 -0.042028 -0.053936 -0.320272
    27 1.152748 0.000000 0.000000 0.001856 0.011945 0.064941
    28 3.684092 -0.158705 1.419183 0.117459 -0.234196 0.132137
    29 1.701014 -0.000002 0.000000 0.051316 0.064006 -0.334034
    30 0.994705 0.000002 0.000000 0.001258 0.038493 0.020488
    31 1.068069 -1.287201 0.981905 1.455431 -0.843535 0.072042
    32 1.836304 -0.000002 -0.000004 -0.000056 -0.188092 0.157023
    33 1.223948 -0.000001 0.000000 -0.000073 -0.040582 0.037650
    34 4.065392 1.458946 -1.500000 1.538888 1.013394 -0.144029
    35 5.507360 0.000008 -0.000001 2.479409 0.848266 0.323109
    36 10.907398 0.000000 0.000004 0.000000 0.000000 -0.696394
    37 10.424301 -0.000005 0.000019 -0.635207 0.273923 0.310657
    38 2.997293 0.000065 1.477481 -0.296078 -0.504915 0.084918
    39 1.510378 -0.000004 0.000000 -0.011341 -0.016615 -0.257537
    40 0.808655 0.000000 0.000000 0.054433 0.175361 0.039377
    41 3.305817 0.201134 0.547461 -0.222443 -0.222362 0.044600
    42 1.807175 0.000000 0.000000 0.051906 0.088339 -0.190157
    43 0.966141 -0.000001 0.000000 -0.002387 -0.009734 0.099588
    44 3.571524 0.110786 -0.409182 -0.183620 -0.067925 0.084169
    45 2.150656 0.000000 0.000000 0.042028 0.053936 -0.320272
    46 1.152752 0.000000 0.000000 -0.001808 -0.011970 0.185709
    47 3.684113 -0.153563 -1.419748 -0.130137 0.166802 0.135337
    48 1.701017 0.000002 0.000000 -0.051316 -0.064006 -0.334034
    49 0.994705 0.000001 0.000000 -0.001284 -0.038506 0.309237
    50 1.068094 -1.283653 -0.986553 -1.411903 0.792334 0.150322
    51 1.836306 -0.000002 0.000000 0.000056 0.188092 0.157023
    52 1.223946 0.000000 0.000002 0.000057 0.040606 0.079372
    53 -9.914063 -22.203125 -4.363281 1.666510 0.131229 2.172264
    54 0.000000 0.000000 0.000000 -0.077030 -0.068757 -1.299215
    55 0.000004 -0.000007 -0.000031 1.373047 0.113574 0.124314
    56 0.000000 -0.000007 -0.000031 1.373047 0.113574 0.124314
    57 2.856897 -1.536201 -0.973800 -1.501147 -0.272558 -1.578261
    58 2.856895 -1.536198 -0.973800 -1.501147 -0.272558 -1.578261
    59 0.000000 0.000000 10.000000 0.000000 0.000000 0.000000
    60 0.018898 0.665159 9.395884 0.000000 0.000000 0.000000
    61 2.000008 -3.000000 0.000000 -1.570796 0.000000 -1.326450
    62 3.028210 -0.923409 -2.009452 1.574082 -0.012974 1.587244
    63 0.116955 4.311607 0.061861 0.000010 0.000000 0.000000
    64 0.000000 0.000000 0.000001 0.000000 0.000000 0.000000
    65 0.000000 1.000000 0.000008 0.000000 0.000000 0.000000
    66 0.000000 0.000000 0.000002 0.000000 0.000000 0.000000
    67 0.000000 0.000000 0.000002 0.000000 0.000000 0.000000
    68 0.000000 0.000000 0.000002 0.000000 0.000000 0.000000
time 68
    0 2.169922 -7.429688 47.906250 1.593173 -0.056915 -0.207461
    1 3.625659 0.000000 0.000000 -2.002179 -0.079866 -1.322352
    2 18.345819 0.000000 0.000000 0.000000 0.000000 0.139876
    3 16.751528 0.000000 0.000000 0.149799 0.456704 -0.541986
    4 5.943489 0.000000 0.000000 0.020465 -0.027698 -0.533951
    5 -3.625659 0.000000 0.000000 -1.206482 -0.165811 -1.833496
    6 18.345812 0.000000 0.000000 0.000000 0.000000 0.134511
    7 16.751524 0.000000 0.000000 0.043767 -0.220198 -0.761525
    8 5.943490 0.000000 0.000000 -0.112070 0.023811 -0.421983
    9 0.000000 4.043964 -0.017929 1.588479 -0.141137 1.657429
    10 3.995838 0.000000 0.000000 0.018258 0.030518 -0.130100
    11 3.698242 -0.000001 0.000000 0.028672 -0.087577 0.000386
    12 5.700890 0.000000 0.000000 -0.035136 -0.138368 0.500268
    13 5.352852 -0.000001 0.000000 3.140378 0.191066 0.047064
    14 4.461819 0.000000 0.000000 -0.078886 -0.164758 0.797913
    15 4.065388 1.458945 1.500000 -1.644803 -0.893519 -0.196181
    16 5.507357 0.000004 -0.000001 -2.016391 -0.702989 -0.157297
    17 10.907398 0.000000 0.000000 0.000000 0.000000 -1.209257
    18 10.424324 -0.000008 -0.000027 1.272317 0.203475 0.348345
    19 2.997274 0.005409 -1.477472 0.297516 0.497543 -0.080380
    20 1.510382 0.000000 0.000000 0.011341 0.016615 -0.257537
    21 0.808655 0.000002 0.000000 -0.054433 -0.175361 0.039377
    22 3.305792 0.203112 -0.546730 0.228981 0.234014 0.043917
    23 1.807182 0.000002 0.000000 -0.051906 -0.088339 -0.190157
    24 0.966137 0.000001 0.000000 0.002387 0.009734 0.099588
    25 3.571512 0.109303 0.409580 0.187237 0.067893 0.178800
    26 2.150654 -0.000002 0.000000 -0.042028 -0.053936 -0.320272
    27 1.152748 0.000000 0.000000 0.001856 0.011945 0.064941
    28 3.684092 -0.158705 1.419183 0.117459 -0.234196 0.132137
    29 1.701014 -0.000002 0.000000 0.051316 0.064006 -0.334034
    30 0.994705 0.000002 0.000000 0.001258 0.038493 0.020488
    31 1.068069 -1.287201 0.981905 1.455287 -0.843869 0.072065
    32 1.836304 -0.000002 -0.000004 -0.000056 -0.188092 0.157023
    33 1.223948 -0.000001 0.000000 -0.000073 -0.040582 0.037650
    34 4.065392 1.458946 -1.500000 1.517780 1.005636 -0.173946
    35 5.507360 0.000008 -0.000001 2.466384 0.856942 0.296458
    36 10.907398 0.000000 0.000004 0.000000 0.000000 -0.718110
    37 10.424301 -0.000005 0.000019 -0.652425 0.239451 0.334908
    38 2.997293 0.000065 1.477481 -0.296292 -0.505650 0.084822
    39 1.510378 -0.000004 0.000000 -0.011341 -0.016615 -0.257537
    40 0.808655 0.000000 0.000000 0.054433 0.175361 0.039377
    41 3.305817 0.201134 0.547461 -0.222544 -0.222618 0.044641
    42 1.807175 0.000000 0.000000 0.051906 0.088339 -0.190157
    43 0.966141 -0.000001 0.000000 -0.002387 -0.009734 0.099588
    44 3.571524 0.110786 -0.409182 -0.183620 -0.067925 0.084169
    45 2.150656 0.000000 0.000000 0.042028 0.053936 -0.320272
    46 1.152752 0.000000 0.000000 -0.001808 -0.011970 0.185709
    47 3.684113 -0.153563 -1.419748 -0.130030 0.167142 0.135325
    48 1.701017 0.000002 0.000000 -0.051316 -0.064006 -0.334034
    49 0.994705 0.000001 0.000000 -0.001284 -0.038506 0.309237
    50 1.068094 -1.283653 -0.986553 -1.411344 0.792545 0.150981
    51 1.836306 -0.000002 0.000000 0.000056 0.188092 0.157023
    52 1.223946 0.000000 0.000002 0.000040 0.040606 0.078507
    53 -11.156250 -19.140625 -6.078125 1.667757 0.135058 2.181439
    54 0.000000 0.000000 0.000000 -0.077030 -0.068757 -1.299215
    55 0.000004 -0.000007 -0.000031 1.373047 0.113574 0.124314
    56 0.000000 -0.000007 -0.000031 1.373047 0.113574 0.124314
    57 2.856897 -1.536201 -0.973800 -1.501147 -0.272558 -1.578261
    58 2.856895 -1.536198 -0.973800 -1.501147 -0.272558 -1.578261
    59 0.000000 0.000000 10.000000 0.000000 0.000000 0.000000
    60 0.018898 0.665159 9.395884 0.000000 0.000000 0.000000
    61 2.000008 -3.000000 0.000000 -1.570796 0.000000 -1.326450
    62 3.028210 -0.923409 -2.009452 1.574082 -0.012974 1.587244
    63 0.116955 4.311607 0.061861 0.000010 0.000000 0.000000
    64 0.000000 0.000000 0.000001 0.000000 0.000000 0.000000
    65 0.000000 1.000000 0.000008 0.000000 0.000000 0.000000
    66 0.000000 0.000000 0.000002 0.000000 0.000000 0.000000
    67 0.000000 0.000000 0.000002 0.000000 0.000000 0.000000
    68 0.000000 0.000000 0.000002 0.000000 0.000000 0.000000
time 69
    0 2.314453 -7.359375 47.843750 1.595104 -0.056277 -0.212063
    1 3.625659 0.000000 0.000000 -1.995005 -0.082787 -1.321199
    2 18.345819 0.000000 0.000000 0.000000 0.000000 0.138405
    3 16.751528 0.000000 0.000000 0.162081 0.463939 -0.539079
    4 5.943489 0.000000 0.000000 0.020408 -0.027702 -0.535830
    5 -3.625659 0.000000 0.000000 -1.209447 -0.166274 -1.830149
    6 18.345812 0.000000 0.000000 0.000000 0.000000 0.137453
    7 16.751524 0.000000 0.000000 0.023346 -0.256418 -0.741368
    8 5.943490 0.000000 0.000000 -0.112026 0.023891 -0.415711
    9 0.000000 4.043964 -0.017929 1.586166 -0.140637 1.658227
    10 3.995838 0.000000 0.000000 0.016006 0.030794 -0.129007
    11 3.698242 -0.000001 0.000000 0.026028 -0.087616 0.003525
    12 5.700890 0.000000 0.000000 -0.037568 -0.137120 0.503707
    13 5.352852 -0.000001 0.000000 3.137781 0.190842 0.040830
    14 4.461819 0.000000 0.000000 -0.081279 -0.162703 0.800533
    15 4.065388 1.458945 1.500000 -1.627296 -0.890549 -0.221908
    16 5.507357 0.000004 -0.000001 -2.017053 -0.702064 -0.160817
    17 10.907398 0.000000 0.000000 0.000000 0.000000 -1.216401
    18 10.424324 -0.000008 -0.000027 1.271213 0.208216 0.354330
    19 2.997274 0.005409 -1.477472 0.297493 0.497556 -0.080474
    20 1.510382 0.000000 0.000000 0.011341 0.016615 -0.257537
    21 0.808655 0.000002 0.000000 -0.054433 -0.175361 0.039377
    22 3.305792 0.203112 -0.546730 0.228981 0.234014 0.043917
    23 1.807182 0.000002 0.000000 -0.051906 -0.088339 -0.190157
    24 0.966137 0.000001 0.000000 0.002387 0.009734 0.099588
    25 3.571512 0.109303 0.409580 0.187237 0.067893 0.178800
    26 2.150654 -0.000002 0.000000 -0.042028 -0.053936 -0.320272
    27 1.152748 0.000000 0.000000 0.001856 0.011945 0.064941
    28 3.684092 -0.158705 1.419183 0.117459 -0.234196 0.132137
    29 1.701014 -0.000002 0.000000 0.051316 0.064006 -0.334034
    30 0.994705 0.000002 0.000000 0.001258 0.038493 0.020488
    31 1.068069 -1.287201 0.981905 1.455344 -0.844004 0.072049
    32 1.836304 -0.000002 -0.000004 -0.000056 -0.188092 0.157023
    33 1.223948 -0.000001 0.000000 -0.000073 -0.040582 0.037650
    34 4.065392 1.458946 -1.500000 1.499297 0.998777 -0.202954
    35 5.507360 0.000008 -0.000001 2.477539 0.857957 0.264273
    36 10.907398 0.000000 0.000004 0.000000 0.000000 -0.763209
    37 10.424301 -0.000005 0.000019 -0.681217 0.191064 0.335850
    38 2.997293 0.000065 1.477481 -0.296388 -0.505836 0.084787
    39 1.510378 -0.000004 0.000000 -0.011341 -0.016615 -0.257537
    40 0.808655 0.000000 0.000000 0.054433 0.175361 0.039377
    41 3.305817 0.201134 0.547461 -0.222549 -0.222705 0.044651
    42 1.807175 0.000000 0.000000 0.051906 0.088339 -0.190157
    43 0.966141 -0.000001 0.000000 -0.002387 -0.009734 0.099588
    44 3.571524 0.110786 -0.409182 -0.183620 -0.067925 0.084169
    45 2.150656 0.000000 0.000000 0.042028 0.053936 -0.320272
    46 1.152752 0.000000 0.000000 -0.001808 -0.011970 0.185709
    47 3.684113 -0.153563 -1.419748 -0.130025 0.167228 0.135320
    48 1.701017 0.000002 0.000000 -0.051316 -0.064006 -0.334034
    49 0.994705 0.000001 0.000000 -0.001284 -0.038506 0.309237
    50 1.068094 -1.283653 -0.986553 -1.411132 0.792526 0.151201
    51 1.836306 -0.000002 0.000000 0.000056 0.188092 0.157023
    52 1.223946 0.000000 0.000002 0.000034 0.040606 0.078248
    53 -11.328125 -15.789063 -7.687500 1.670603 0.137558 2.190579
    54 0.000000 0.000000 0.000000 -0.077030 -0.068757 -1.299215
    55 0.000004 -0.000007 -0.000031 1.373047 0.113574 0.124314
    56 0.000000 -0.000007 -0.000031 1.373047 0.113574 0.124314
    57 2.856897 -1.536201 -0.973800 -1.501147 -0.272558 -1.578261
    58 2.856895 -1.536198 -0.973800 -1.501147 -0.272558 -1.578261
    59 0.000000 0.000000 10.000000 0.000000 0.000000 0.000000
    60 0.018898 0.665159 9.395884 0.000000 0.000000 0.000000
    61 2.000008 -3.000000 0.000000 -1.570796 0.000000 -1.326450
    62 3.028210 -0.923409 -2.009452 1.574082 -0.012974 1.587244
    63 0.116955 4.311607 0.061861 0.000010 0.000000 0.000000
    64 0.000000 0.000000 0.000001 0.000000 0.000000 0.000000
    65 0.000000 1.000000 0.000008 0.000000 0.000000 0.000000
    66 0.000000 0.000000 0.000002 0.000000 0.000000 0.000000
    67 0.000000 0.000000 0.000002 0.000000 0.000000 0.000000
    68 0.000000 0.000000 0.000002 0.000000 0.000000 0.000000
time 70
    0 2.478516 -7.332031 47.812500 1.598107 -0.056109 -0.220818
    1 3.625659 0.000000 0.000000 -1.995546 -0.084109 -1.322299
    2 18.345819 0.000000 0.000000 0.000000 0.000000 0.137972
    3 16.751528 0.000000 0.000000 0.170052 0.467583 -0.536089
    4 5.943489 0.000000 0.000000 0.020389 -0.027678 -0.540486
    5 -3.625659 0.000000 0.000000 -1.213160 -0.169349 -1.829928
    6 18.345812 0.000000 0.000000 0.000000 0.000000 0.139789
    7 16.751524 0.000000 0.000000 0.004078 -0.297149 -0.718507
    8 5.943490 0.000000 0.000000 -0.112019 0.023843 -0.408377
    9 0.000000 4.043964 -0.017929 1.585091 -0.138665 1.660606
    10 3.995838 0.000000 0.000000 0.015066 0.031945 -0.129100
    11 3.698242 -0.000001 0.000000 0.025016 -0.088692 0.006840
    12 5.700890 0.000000 0.000000 -0.039599 -0.138111 0.508362
    13 5.352852 -0.000001 0.000000 3.134376 0.189486 0.033568
    14 4.461819 0.000000 0.000000 -0.083271 -0.158821 0.804197
    15 4.065388 1.458945 1.500000 -1.613026 -0.890498 -0.244101
    16 5.507357 0.000004 -0.000001 -2.016731 -0.701016 -0.161340
    17 10.907398 0.000000 0.000000 0.000000 0.000000 -1.222508
    18 10.424324 -0.000008 -0.000027 1.270289 0.213644 0.359675
    19 2.997274 0.005409 -1.477472 0.297493 0.497556 -0.080474
    20 1.510382 0.000000 0.000000 0.011341 0.016615 -0.257537
    21 0.808655 0.000002 0.000000 -0.054433 -0.175361 0.039377
    22 3.305792 0.203112 -0.546730 0.228981 0.234014 0.043917
    23 1.807182 0.000002 0.000000 -0.051906 -0.088339 -0.190157
    24 0.966137 0.000001 0.000000 0.002387 0.009734 0.099588
    25 3.571512 0.109303 0.409580 0.187237 0.067893 0.178800
    26 2.150654 -0.000002 0.000000 -0.042028 -0.053936 -0.320272
    27 1.152748 0.000000 0.000000 0.001856 0.011945 0.064941
    28 3.684092 -0.158705 1.419183 0.117459 -0.234196 0.132137
    29 1.701014 -0.000002 0.000000 0.051316 0.064006 -0.334034
    30 0.994705 0.000002 0.000000 0.001258 0.038493 0.020488
    31 1.068069 -1.287201 0.981905 1.455344 -0.844004 0.072049
    32 1.836304 -0.000002 -0.000004 -0.000056 -0.188092 0.157023
    33 1.223948 -0.000001 0.000000 -0.000073 -0.040582 0.037650
    34 4.065392 1.458946 -1.500000 1.489785 0.990766 -0.221885
    35 5.507360 0.000008 -0.000001 2.453376 0.836793 0.208488
    36 10.907398 0.000000 0.000004 0.000000 0.000000 -0.871406
    37 10.424301 -0.000005 0.000019 -0.731777 0.150417 0.281962
    38 2.997293 0.000065 1.477481 -0.296388 -0.505836 0.084787
    39 1.510378 -0.000004 0.000000 -0.011341 -0.016615 -0.257537
    40 0.808655 0.000000 0.000000 0.054433 0.175361 0.039377
    41 3.305817 0.201134 0.547461 -0.222549 -0.222705 0.044651
    42 1.807175 0.000000 0.000000 0.051906 0.088339 -0.190157
    43 0.966141 -0.000001 0.000000 -0.002387 -0.009734 0.099588
    44 3.571524 0.110786 -0.409182 -0.183620 -0.067925 0.084169
    45 2.150656 0.000000 0.000000 0.042028 0.053936 -0.320272
    46 1.152752 0.000000 0.000000 -0.001808 -0.011970 0.185709
    47 3.684113 -0.153563 -1.419748 -0.130025 0.167228 0.135320
    48 1.701017 0.000002 0.000000 -0.051316 -0.064006 -0.334034
    49 0.994705 0.000001 0.000000 -0.001284 -0.038506 0.309237
    50 1.068094 -1.283653 -0.986553 -1.411132 0.792526 0.151201
    51 1.836306 -0.000002 0.000000 0.000056 0.188092 0.157023
    52 1.223946 0.000000 0.000002 0.000034 0.040606 0.078248
    53 -10.210938 -12.656250 -9.000000 1.673367 0.140179 2.199015
    54 0.000000 0.000000 0.000000 -0.077030 -0.068757 -1.299215
    55 0.000004 -0.000007 -0.000031 1.373047 0.113574 0.124314
    56 0.000000 -0.000007 -0.000031 1.373047 0.113574 0.124314
    57 2.856897 -1.536201 -0.973800 -1.501147 -0.272558 -1.578261
    58 2.856895 -1.536198 -0.973800 -1.501147 -0.272558 -1.578261
    59 0.000000 0.000000 10.000000 0.000000 0.000000 0.000000
    60 0.018898 0.665159 9.395884 0.000000 0.000000 0.000000
    61 2.000008 -3.000000 0.000000 -1.570796 0.000000 -1.326450
    62 3.028210 -0.923409 -2.009452 1.574082 -0.012974 1.587244
    63 0.116955 4.311607 0.061861 0.000010 0.000000 0.000000
    64 0.000000 0.000000 0.000001 0.000000 0.000000 0.000000
    65 0.000000 1.000000 0.000008 0.000000 0.000000 0.000000
    66 0.000000 0.000000 0.000002 0.000000 0.000000 0.000000
    67 0.000000 0.000000 0.000002 0.000000 0.000000 0.000000
    68 0.000000 0.000000 0.000002 0.000000 0.000000 0.000000
time 71
    0 2.603516 -7.300781 47.750000 1.600911 -0.055055 -0.223297
    1 3.625659 0.000000 0.000000 -1.995164 -0.086915 -1.322454
    2 18.345819 0.000000 0.000000 0.000000 0.000000 0.136674
    3 16.751528 0.000000 0.000000 0.185491 0.471862 -0.528002
    4 5.943489 0.000000 0.000000 0.020385 -0.027680 -0.540218
    5 -3.625659 0.000000 0.000000 -1.214021 -0.171105 -1.830179
    6 18.345812 0.000000 0.000000 0.000000 0.000000 0.142645
    7 16.751524 0.000000 0.000000 -0.005468 -0.314000 -0.714273
    8 5.943490 0.000000 0.000000 -0.112024 0.023869 -0.404583
    9 0.000000 4.043964 -0.017929 1.583382 -0.136512 1.660304
    10 3.995838 0.000000 0.000000 0.013403 0.032101 -0.129644
    11 3.698242 -0.000001 0.000000 0.023103 -0.087157 0.009189
    12 5.700890 0.000000 0.000000 -0.040399 -0.135391 0.511894
    13 5.352852 -0.000001 0.000000 3.131255 0.186477 0.029467
    14 4.461819 0.000000 0.000000 -0.084947 -0.153746 0.807080
    15 4.065388 1.458945 1.500000 -1.603854 -0.890773 -0.260694
    16 5.507357 0.000004 -0.000001 -2.015696 -0.701861 -0.161669
    17 10.907398 0.000000 0.000000 0.000000 0.000000 -1.227150
    18 10.424324 -0.000008 -0.000027 1.268287 0.220104 0.366385
    19 2.997274 0.005409 -1.477472 0.297493 0.497556 -0.080474
    20 1.510382 0.000000 0.000000 0.011341 0.016615 -0.257537
    21 0.808655 0.000002 0.000000 -0.054433 -0.175361 0.039377
    22 3.305792 0.203112 -0.546730 0.228981 0.234014 0.043917
    23 1.807182 0.000002 0.000000 -0.051906 -0.088339 -0.190157
    24 0.966137 0.000001 0.000000 0.002387 0.009734 0.099588
    25 3.571512 0.109303 0.409580 0.187237 0.067893 0.178800
    26 2.150654 -0.000002 0.000000 -0.042028 -0.053936 -0.320272
    27 1.152748 0.000000 0.000000 0.001856 0.011945 0.064941
    28 3.684092 -0.158705 1.419183 0.117459 -0.234196 0.132137
    29 1.701014 -0.000002 0.000000 0.051316 0.064006 -0.334034
    30 0.994705 0.000002 0.000000 0.001258 0.038493 0.020488
    31 1.068069 -1.287201 0.981905 1.455344 -0.844004 0.072049
    32 1.836304 -0.000002 -0.000004 -0.000056 -0.188092 0.157023
    33 1.223948 -0.000001 0.000000 -0.000073 -0.040582 0.037650
    34 4.065392 1.458946 -1.500000 1.480802 0.981240 -0.235637
    35 5.507360 0.000008 -0.000001 2.415294 0.805673 0.149278
    36 10.907398 0.000000 0.000004 0.000000 0.000000 -1.025634
    37 10.424301 -0.000005 0.000019 -0.790309 0.117809 0.242880
    38 2.997293 0.000065 1.477481 -0.296388 -0.505836 0.084787
    39 1.510378 -0.000004 0.000000 -0.011341 -0.016615 -0.257537
    40 0.808655 0.000000 0.000000 0.054433 0.175361 0.039377
    41 3.305817 0.201134 0.547461 -0.222549 -0.222705 0.044651
    42 1.807175 0.000000 0.000000 0.051906 0.088339 -0.190157
    43 0.966141 -0.000001 0.000000 -0.002387 -0.009734 0.099588
    44 3.571524 0.110786 -0.409182 -0.183620 -0.067925 0.084169
    45 2.150656 0.000000 0.000000 0.042028 0.053936 -0.320272
    46 1.152752 0.000000 0.000000 -0.001808 -0.011970 0.185709
    47 3.684113 -0.153563 -1.419748 -0.130025 0.167228 0.135320
    48 1.701017 0.000002 0.000000 -0.051316 -0.064006 -0.334034
    49 0.994705 0.000001 0.000000 -0.001284 -0.038506 0.309237
    50 1.068094 -1.283653 -0.986553 -1.411132 0.792526 0.151201
    51 1.836306 -0.000002 0.000000 0.000056 0.188092 0.157023
    52 1.223946 0.000000 0.000002 0.000034 0.040606 0.078248
    53 -7.542969 -10.789063 -9.726563 1.675948 0.143585 2.207995
    54 0.000000 0.000000 0.000000 -0.077030 -0.068757 -1.299215
    55 0.000004 -0.000007 -0.000031 1.373047 0.113574 0.124314
    56 0.000000 -0.000007 -0.000031 1.373047 0.113574 0.124314
    57 2.856897 -1.536201 -0.973800 -1.501147 -0.272558 -1.578261
    58 2.856895 -1.536198 -0.973800 -1.501147 -0.272558 -1.578261
    59 0.000000 0.000000 10.000000 0.000000 0.000000 0.000000
    60 0.018898 0.665159 9.395884 0.000000 0.000000 0.000000
    61 2.000008 -3.000000 0.000000 -1.570796 0.000000 -1.326450
    62 3.028210 -0.923409 -2.009452 1.574082 -0.012974 1.587244
    63 0.116955 4.311607 0.061861 0.000010 0.000000 0.000000
    64 0.000000 0.000000 0.000001 0.000000 0.000000 0.000000
    65 0.000000 1.000000 0.000008 0.000000 0.000000 0.000000
    66 0.000000 0.000000 0.000002 0.000000 0.000000 0.000000
    67 0.000000 0.000000 0.000002 0.000000 0.000000 0.000000
    68 0.000000 0.000000 0.000002 0.000000 0.000000 0.000000
time 72
    0 2.722656 -7.292969 47.687500 1.603572 -0.053643 -0.223891
    1 3.625659 0.000000 0.000000 -1.996795 -0.089989 -1.322734
    2 18.345819 0.000000 0.000000 0.000000 0.000000 0.135376
    3 16.751528 0.000000 0.000000 0.194582 0.475409 -0.522760
    4 5.943489 0.000000 0.000000 0.020430 -0.027724 -0.531445
    5 -3.625659 0.000000 0.000000 -1.214624 -0.172342 -1.832101
    6 18.345812 0.000000 0.000000 0.000000 0.000000 0.144030
    7 16.751524 0.000000 0.000000 0.006781 -0.304827 -0.723951
    8 5.943490 0.000000 0.000000 -0.112047 0.023806 -0.402374
    9 0.000000 4.043964 -0.017929 1.582310 -0.134175 1.658800
    10 3.995838 0.000000 0.000000 0.012253 0.032208 -0.130786
    11 3.698242 -0.000001 0.000000 0.021747 -0.083972 0.010924
    12 5.700890 0.000000 0.000000 -0.039986 -0.130748 0.514462
    13 5.352852 -0.000001 0.000000 3.128390 0.181663 0.029225
    14 4.461819 0.000000 0.000000 -0.085813 -0.148557 0.807995
    15 4.065388 1.458945 1.500000 -1.598914 -0.891086 -0.273446
    16 5.507357 0.000004 -0.000001 -2.015004 -0.706032 -0.162839
    17 10.907398 0.000000 0.000000 0.000000 0.000000 -1.226834
    18 10.424324 -0.000008 -0.000027 1.268907 0.226223 0.362777
    19 2.997274 0.005409 -1.477472 0.297493 0.497556 -0.080474
    20 1.510382 0.000000 0.000000 0.011341 0.016615 -0.257537
    21 0.808655 0.000002 0.000000 -0.054433 -0.175361 0.039377
    22 3.305792 0.203112 -0.546730 0.228981 0.234014 0.043917
    23 1.807182 0.000002 0.000000 -0.051906 -0.088339 -0.190157
    24 0.966137 0.000001 0.000000 0.002387 0.009734 0.099588
    25 3.571512 0.109303 0.409580 0.187237 0.067893 0.178800
    26 2.150654 -0.000002 0.000000 -0.042028 -0.053936 -0.320272
    27 1.152748 0.000000 0.000000 0.001856 0.011945 0.064941
    28 3.684092 -0.158705 1.419183 0.117459 -0.234196 0.132137
    29 1.701014 -0.000002 0.000000 0.051316 0.064006 -0.334034
    30 0.994705 0.000002 0.000000 0.001258 0.038493 0.020488
    31 1.068069 -1.287201 0.981905 1.455344 -0.844004 0.072049
    32 1.836304 -0.000002 -0.000004 -0.000056 -0.188092 0.157023
    33 1.223948 -0.000001 0.000000 -0.000073 -0.040582 0.037650
    34 4.065392 1.458946 -1.500000 1.470098 0.972263 -0.245231
    35 5.507360 0.000008 -0.000001 2.379049 0.763682 0.088603
    36 10.907398 0.000000 0.000004 0.000000 0.000000 -1.228946
    37 10.424301 -0.000005 0.000019 -0.836236 0.114009 0.225901
    38 2.997293 0.000065 1.477481 -0.296388 -0.505836 0.084787
    39 1.510378 -0.000004 0.000000 -0.011341 -0.016615 -0.257537
    40 0.808655 0.000000 0.000000 0.054433 0.175361 0.039377
    41 3.305817 0.201134 0.547461 -0.222549 -0.222705 0.044651
    42 1.807175 0.000000 0.000000 0.051906 0.088339 -0.190157
    43 0.966141 -0.000001 0.000000 -0.002387 -0.009734 0.099588
    44 3.571524 0.110786 -0.409182 -0.183620 -0.067925 0.084169
    45 2.150656 0.000000 0.000000 0.042028 0.053936 -0.320272
    46 1.152752 0.000000 0.000000 -0.001808 -0.011970 0.185709
    47 3.684113 -0.153563 -1.419748 -0.130025 0.167228 0.135320
    48 1.701017 0.000002 0.000000 -0.051316 -0.064006 -0.334034
    49 0.994705 0.000001 0.000000 -0.001284 -0.038506 0.309237
    50 1.068094 -1.283653 -0.986553 -1.411132 0.792526 0.151201
    51 1.836306 -0.000002 0.000000 0.000056 0.188092 0.157023
    52 1.223946 0.000000 0.000002 0.000034 0.040606 0.078248
    53 -3.652344 -10.921875 -9.578125 1.679440 0.145994 2.213762
    54 0.000000 0.000000 0.000000 -0.077030 -0.068757 -1.299215
    55 0.000004 -0.000007 -0.000031 1.373047 0.113574 0.124314
    56 0.000000 -0.000007 -0.000031 1.373047 0.113574 0.124314
    57 2.856897 -1.536201 -0.973800 -1.501147 -0.272558 -1.578261
    58 2.856895 -1.536198 -0.973800 -1.501147 -0.272558 -1.578261
    59 0.000000 0.000000 10.000000 0.000000 0.000000 0.000000
    60 0.018898 0.665159 9.395884 0.000000 0.000000 0.000000
    61 2.000008 -3.000000 0.000000 -1.570796 0.000000 -1.326450
    62 3.028210 -0.923409 -2.009452 1.574082 -0.012974 1.587244
    63 0.116955 4.311607 0.061861 0.000010 0.000000 0.000000
    64 0.000000 0.000000 0.000001 0.000000 0.000000 0.000000
    65 0.000000 1.000000 0.000008 0.000000 0.000000 0.000000
    66 0.000000 0.000000 0.000002 0.000000 0.000000 0.000000
    67 0.000000 0.000000 0.000002 0.000000 0.000000 0.000000
    68 0.000000 0.000000 0.000002 0.000000 0.000000 0.000000
time 73
    0 2.833984 -7.304688 47.625000 1.605946 -0.051510 -0.222992
    1 3.625659 0.000000 0.000000 -2.001678 -0.092640 -1.322776
    2 18.345819 0.000000 0.000000 0.000000 0.000000 0.133992
    3 16.751528 0.000000 0.000000 0.194582 0.477604 -0.521572
    4 5.943489 0.000000 0.000000 0.020416 -0.027734 -0.530461
    5 -3.625659 0.000000 0.000000 -1.213686 -0.172947 -1.835139
    6 18.345812 0.000000 0.000000 0.000000 0.000000 0.143684
    7 16.751524 0.000000 0.000000 0.026261 -0.281227 -0.739836
    8 5.943490 0.000000 0.000000 -0.112055 0.023844 -0.409879
    9 0.000000 4.043964 -0.017929 1.581335 -0.132162 1.657345
    10 3.995838 0.000000 0.000000 0.011169 0.032579 -0.132186
    11 3.698242 -0.000001 0.000000 0.020450 -0.079995 0.011450
    12 5.700890 0.000000 0.000000 -0.038888 -0.125573 0.515807
    13 5.352852 -0.000001 0.000000 3.125238 0.175294 0.028896
    14 4.461819 0.000000 0.000000 -0.085820 -0.143640 0.808573
    15 4.065388 1.458945 1.500000 -1.592957 -0.892534 -0.286280
    16 5.507357 0.000004 -0.000001 -2.012508 -0.711559 -0.163177
    17 10.907398 0.000000 0.000000 0.000000 0.000000 -1.223246
    18 10.424324 -0.000008 -0.000027 1.269395 0.232607 0.358369
    19 2.997274 0.005409 -1.477472 0.297493 0.497556 -0.080474
    20 1.510382 0.000000 0.000000 0.011341 0.016615 -0.257537
    21 0.808655 0.000002 0.000000 -0.054433 -0.175361 0.039377
    22 3.305792 0.203112 -0.546730 0.228981 0.234014 0.043917
    23 1.807182 0.000002 0.000000 -0.051906 -0.088339 -0.190157
    24 0.966137 0.000001 0.000000 0.002387 0.009734 0.099588
    25 3.571512 0.109303 0.409580 0.187237 0.067893 0.178800
    26 2.150654 -0.000002 0.000000 -0.042028 -0.053936 -0.320272
    27 1.152748 0.000000 0.000000 0.001856 0.011945 0.064941
    28 3.684092 -0.158705 1.419183 0.117459 -0.234196 0.132137
    29 1.701014 -0.000002 0.000000 0.051316 0.064006 -0.334034
    30 0.994705 0.000002 0.000000 0.001258 0.038493 0.020488
    31 1.068069 -1.287201 0.981905 1.455344 -0.844004 0.072049
    32 1.836304 -0.000002 -0.000004 -0.000056 -0.188092 0.157023
    33 1.223948 -0.000001 0.000000 -0.000073 -0.040582 0.037650
    34 4.065392 1.458946 -1.500000 1.464940 0.965175 -0.248738
    35 5.507360 0.000008 -0.000001 2.350610 0.714598 0.035926
    36 10.907398 0.000000 0.000004 0.000000 0.000000 -1.464518
    37 10.424301 -0.000005 0.000019 -0.854020 0.183282 0.213453
    38 2.997293 0.000065 1.477481 -0.296388 -0.505836 0.084787
    39 1.510378 -0.000004 0.000000 -0.011341 -0.016615 -0.257537
    40 0.808655 0.000000 0.000000 0.054433 0.175361 0.039377
    41 3.305817 0.201134 0.547461 -0.222549 -0.222705 0.044651
    42 1.807175 0.000000 0.000000 0.051906 0.088339 -0.190157
    43 0.966141 -0.000001 0.000000 -0.002387 -0.009734 0.099588
    44 3.571524 0.110786 -0.409182 -0.183620 -0.067925 0.084169
    45 2.150656 0.000000 0.000000 0.042028 0.053936 -0.320272
    46 1.152752 0.000000 0.000000 -0.001808 -0.011970 0.185709
    47 3.684113 -0.153563 -1.419748 -0.130025 0.167228 0.135320
    48 1.701017 0.000002 0.000000 -0.051316 -0.064006 -0.334034
    49 0.994705 0.000001 0.000000 -0.001284 -0.038506 0.309237
    50 1.068094 -1.283653 -0.986553 -1.411132 0.792526 0.151201
    51 1.836306 -0.000002 0.000000 0.000056 0.188092 0.157023
    52 1.223946 0.000000 0.000002 0.000034 0.040606 0.078248
    53 0.673828 -12.867188 -8.726563 1.683392 0.150592 2.215129
    54 0.000000 0.000000 0.000000 -0.077030 -0.068757 -1.299215
    55 0.000004 -0.000007 -0.000031 1.373047 0.113574 0.124314
    56 0.000000 -0.000007 -0.000031 1.373047 0.113574 0.124314
    57 2.856897 -1.536201 -0.973800 -1.501147 -0.272558 -1.578261
    58 2.856895 -1.536198 -0.973800 -1.501147 -0.272558 -1.578261
    59 0.000000 0.000000 10.000000 0.000000 0.000000 0.000000
    60 0.018898 0.665159 9.395884 0.000000 0.000000 0.000000
    61 2.000008 -3.000000 0.000000 -1.570796 0.000000 -1.326450
    62 3.028210 -0.923409 -2.009452 1.574082 -0.012974 1.587244
    63 0.116955 4.311607 0.061861 0.000010 0.000000 0.000000
    64 0.000000 0.000000 0.000001 0.000000 0.000000 0.000000
    65 0.000000 1.000000 0.000008 0.000000 0.000000 0.000000
    66 0.000000 0.000000 0.000002 0.000000 0.000000 0.000000
    67 0.000000 0.000000 0.000002 0.000000 0.000000 0.000000
    68 0.000000 0.000000 0.000002 0.000000 0.000000 0.000000
time 74
    0 2.931641 -7.339844 47.531250 1.607756 -0.049526 -0.220748
    1 3.625659 0.000000 0.000000 -2.007600 -0.094708 -1.322897
    2 18.345819 0.000000 0.000000 0.000000 0.000000 0.132521
    3 16.751528 0.000000 0.000000 0.191883 0.479025 -0.522119
    4 5.943489 0.000000 0.000000 0.020465 -0.027698 -0.533951
    5 -3.625659 0.000000 0.000000 -1.211091 -0.172512 -1.839393
    6 18.345812 0.000000 0.000000 0.000000 0.000000 0.142732
    7 16.751524 0.000000 0.000000 0.045075 -0.253396 -0.760265
    8 5.943490 0.000000 0.000000 -0.112016 0.023858 -0.408113
    9 0.000000 4.043964 -0.017929 1.580624 -0.130080 1.655705
    10 3.995838 0.000000 0.000000 0.010241 0.033048 -0.134102
    11 3.698242 -0.000001 0.000000 0.019111 -0.075490 0.010941
    12 5.700890 0.000000 0.000000 -0.037687 -0.119982 0.515976
    13 5.352852 -0.000001 0.000000 3.121004 0.168901 0.024943
    14 4.461819 0.000000 0.000000 -0.086310 -0.138875 0.810714
    15 4.065388 1.458945 1.500000 -1.584872 -0.895925 -0.296999
    16 5.507357 0.000004 -0.000001 -2.011342 -0.716862 -0.161749
    17 10.907398 0.000000 0.000000 0.000000 0.000000 -1.216401
    18 10.424324 -0.000008 -0.000027 1.269290 0.238966 0.354231
    19 2.997274 0.005409 -1.477472 0.297493 0.497556 -0.080474
    20 1.510382 0.000000 0.000000 0.011341 0.016615 -0.257537
    21 0.808655 0.000002 0.000000 -0.054433 -0.175361 0.039377
    22 3.305792 0.203112 -0.546730 0.228981 0.234014 0.043917
    23 1.807182 0.000002 0.000000 -0.051906 -0.088339 -0.190157
    24 0.966137 0.000001 0.000000 0.002387 0.009734 0.099588
    25 3.571512 0.109303 0.409580 0.187237 0.067893 0.178800
    26 2.150654 -0.000002 0.000000 -0.042028 -0.053936 -0.320272
    27 1.152748 0.000000 0.000000 0.001856 0.011945 0.064941
    28 3.684092 -0.158705 1.419183 0.117459 -0.234196 0.132137
    29 1.701014 -0.000002 0.000000 0.051316 0.064006 -0.334034
    30 0.994705 0.000002 0.000000 0.001258 0.038493 0.020488
    31 1.068069 -1.287201 0.981905 1.455344 -0.844004 0.072049
    32 1.836304 -0.000002 -0.000004 -0.000056 -0.188092 0.157023
    33 1.223948 -0.000001 0.000000 -0.000073 -0.040582 0.037650
    34 4.065392 1.458946 -1.500000 1.463073 0.958647 -0.248742
    35 5.507360 0.000008 -0.000001 2.346959 0.670700 0.012170
    36 10.907398 0.000000 0.000004 0.000000 0.000000 -1.689922
    37 10.424301 -0.000005 0.000019 -0.872691 0.281729 0.215164
    38 2.997293 0.000065 1.477481 -0.296388 -0.505836 0.084787
    39 1.510378 -0.000004 0.000000 -0.011341 -0.016615 -0.257537
    40 0.808655 0.000000 0.000000 0.054433 0.175361 0.039377
    41 3.305817 0.201134 0.547461 -0.222549 -0.222705 0.044651
    42 1.807175 0.000000 0.000000 0.051906 0.088339 -0.190157
    43 0.966141 -0.000001 0.000000 -0.002387 -0.009734 0.099588
    44 3.571524 0.110786 -0.409182 -0.183620 -0.067925 0.084169
    45 2.150656 0.000000 0.000000 0.042028 0.053936 -0.320272
    46 1.152752 0.000000 0.000000 -0.001808 -0.011970 0.185709
    47 3.684113 -0.153563 -1.419748 -0.130025 0.167228 0.135320
    48 1.701017 0.000002 0.000000 -0.051316 -0.064006 -0.334034
    49 0.994705 0.000001 0.000000 -0.001284 -0.038506 0.309237
    50 1.068094 -1.283653 -0.986553 -1.411132 0.792526 0.151201
    51 1.836306 -0.000002 0.000000 0.000056 0.188092 0.157023
    52 1.223946 0.000000 0.000002 0.000034 0.040606 0.078248
    53 4.574219 -16.671875 -7.312500 1.687506 0.155460 2.210952
    54 0.000000 0.000000 0.000000 -0.077030 -0.068757 -1.299215
    55 0.000004 -0.000007 -0.000031 1.373047 0.113574 0.124314
    56 0.000000 -0.000007 -0.000031 1.373047 0.113574 0.124314
    57 2.856897 -1.536201 -0.973800 -1.501147 -0.272558 -1.578261
    58 2.856895 -1.536198 -0.973800 -1.501147 -0.272558 -1.578261
    59 0.000000 0.000000 10.000000 0.000000 0.000000 0.000000
    60 0.018898 0.665159 9.395884 0.000000 0.000000 0.000000
    61 2.000008 -3.000000 0.000000 -1.570796 0.000000 -1.326450
    62 3.028210 -0.923409 -2.009452 1.574082 -0.012974 1.587244
    63 0.116955 4.311607 0.061861 0.000010 0.000000 0.000000
    64 0.000000 0.000000 0.000001 0.000000 0.000000 0.000000
    65 0.000000 1.000000 0.000008 0.000000 0.000000 0.000000
    66 0.000000 0.000000 0.000002 0.000000 0.000000 0.000000
    67 0.000000 0.000000 0.000002 0.000000 0.000000 0.000000
    68 0.000000 0.000000 0.000002 0.000000 0.000000 0.000000
time 75
    0 3.009766 -7.390625 47.437500 1.608769 -0.047821 -0.217000
    1 3.625659 0.000000 0.000000 -2.012795 -0.095368 -1.323115
    2 18.345819 0.000000 0.000000 0.000000 0.000000 0.130704
    3 16.751528 0.000000 0.000000 0.192676 0.480062 -0.522005
    4 5.943489 0.000000 0.000000 0.020376 -0.027687 -0.539590
    5 -3.625659 0.000000 0.000000 -1.206310 -0.171206 -1.844524
    6 18.345812 0.000000 0.000000 0.000000 0.000000 0.141780
    7 16.751524 0.000000 0.000000 0.059962 -0.227927 -0.779992
    8 5.943490 0.000000 0.000000 -0.112072 0.023856 -0.402995
    9 0.000000 4.043964 -0.017929 1.580078 -0.127750 1.654314
    10 3.995838 0.000000 0.000000 0.009297 0.033605 -0.136625
    11 3.698242 -0.000001 0.000000 0.017899 -0.071147 0.009211
    12 5.700890 0.000000 0.000000 -0.036424 -0.114769 0.515003
    13 5.352852 -0.000001 0.000000 3.117691 0.162083 0.023525
    14 4.461819 0.000000 0.000000 -0.085937 -0.134029 0.810990
    15 4.065388 1.458945 1.500000 -1.581776 -0.899093 -0.298902
    16 5.507357 0.000004 -0.000001 -2.009596 -0.719038 -0.161212
    17 10.907398 0.000000 0.000000 0.000000 0.000000 -1.200352
    18 10.424324 -0.000008 -0.000027 1.273178 0.244798 0.335352
    19 2.997274 0.005409 -1.477472 0.297493 0.497556 -0.080474
    20 1.510382 0.000000 0.000000 0.011341 0.016615 -0.257537
    21 0.808655 0.000002 0.000000 -0.054433 -0.175361 0.039377
    22 3.305792 0.203112 -0.546730 0.228981 0.234014 0.043917
    23 1.807182 0.000002 0.000000 -0.051906 -0.088339 -0.190157
    24 0.966137 0.000001 0.000000 0.002387 0.009734 0.099588
    25 3.571512 0.109303 0.409580 0.187237 0.067893 0.178800
    26 2.150654 -0.000002 0.000000 -0.042028 -0.053936 -0.320272
    27 1.152748 0.000000 0.000000 0.001856 0.011945 0.064941
    28 3.684092 -0.158705 1.419183 0.117459 -0.234196 0.132137
    29 1.701014 -0.000002 0.000000 0.051316 0.064006 -0.334034
    30 0.994705 0.000002 0.000000 0.001258 0.038493 0.020488
    31 1.068069 -1.287201 0.981905 1.455344 -0.844004 0.072049
    32 1.836304 -0.000002 -0.000004 -0.000056 -0.188092 0.157023
    33 1.223948 -0.000001 0.000000 -0.000073 -0.040582 0.037650
    34 4.065392 1.458946 -1.500000 1.462933 0.951146 -0.244684
    35 5.507360 0.000008 -0.000001 2.381919 0.642835 0.012087
    36 10.907398 0.000000 0.000004 0.000000 0.000000 -1.865123
    37 10.424301 -0.000005 0.000019 -0.899995 0.308142 0.183235
    38 2.997293 0.000065 1.477481 -0.296388 -0.505836 0.084787
    39 1.510378 -0.000004 0.000000 -0.011341 -0.016615 -0.257537
    40 0.808655 0.000000 0.000000 0.054433 0.175361 0.039377
    41 3.305817 0.201134 0.547461 -0.222549 -0.222705 0.044651
    42 1.807175 0.000000 0.000000 0.051906 0.088339 -0.190157
    43 0.966141 -0.000001 0.000000 -0.002387 -0.009734 0.099588
    44 3.571524 0.110786 -0.409182 -0.183620 -0.067925 0.084169
    45 2.150656 0.000000 0.000000 0.042028 0.053936 -0.320272
    46 1.152752 0.000000 0.000000 -0.001808 -0.011970 0.185709
    47 3.684113 -0.153563 -1.419748 -0.130025 0.167228 0.135320
    48 1.701017 0.000002 0.000000 -0.051316 -0.064006 -0.334034
    49 0.994705 0.000001 0.000000 -0.001284 -0.038506 0.309237
    50 1.068094 -1.283653 -0.986553 -1.411132 0.792526 0.151201
    51 1.836306 -0.000002 0.000000 0.000056 0.188092 0.157023
    52 1.223946 0.000000 0.000002 0.000034 0.040606 0.078248
    53 4.914063 -21.859375 -5.968750 1.691623 0.159922 2.196145
    54 0.000000 0.000000 0.000000 -0.077030 -0.068757 -1.299215
    55 0.000004 -0.000007 -0.000031 1.373047 0.113574 0.124314
    56 0.000000 -0.000007 -0.000031 1.373047 0.113574 0.124314
    57 2.856897 -1.536201 -0.973800 -1.501147 -0.272558 -1.578261
    58 2.856895 -1.536198 -0.973800 -1.501147 -0.272558 -1.578261
    59 0.000000 0.000000 10.000000 0.000000 0.000000 0.000000
    60 0.018898 0.665159 9.395884 0.000000 0.000000 0.000000
    61 2.000008 -3.000000 0.000000 -1.570796 0.000000 -1.326450
    62 3.028210 -0.923409 -2.009452 1.574082 -0.012974 1.587244
    63 0.116955 4.311607 0.061861 0.000010 0.000000 0.000000
    64 0.000000 0.000000 0.000001 0.000000 0.000000 0.000000
    65 0.000000 1.000000 0.000008 0.000000 0.000000 0.000000
    66 0.000000 0.000000 0.000002 0.000000 0.000000 0.000000
    67 0.000000 0.000000 0.000002 0.000000 0.000000 0.000000
    68 0.000000 0.000000 0.000002 0.000000 0.000000 0.000000
time 76
    0 3.068359 -7.460938 47.343750 1.609005 -0.046076 -0.212216
    1 3.625659 0.000000 0.000000 -2.017365 -0.094223 -1.323124
    2 18.345819 0.000000 0.000000 0.000000 0.000000 0.128022
    3 16.751528 0.000000 0.000000 0.196177 0.480960 -0.520739
    4 5.943489 0.000000 0.000000 0.020407 -0.027664 -0.541830
    5 -3.625659 0.000000 0.000000 -1.202760 -0.169914 -1.849783
    6 18.345812 0.000000 0.000000 0.000000 0.000000 0.141520
    7 16.751524 0.000000 0.000000 0.066413 -0.212803 -0.790514
    8 5.943490 0.000000 0.000000 -0.112080 0.023867 -0.399467
    9 0.000000 4.043964 -0.017929 1.579255 -0.128816 1.653222
    10 3.995838 0.000000 0.000000 0.008258 0.034409 -0.138544
    11 3.698242 -0.000001 0.000000 0.016827 -0.066511 0.003068
    12 5.700890 0.000000 0.000000 -0.034558 -0.109735 0.507489
    13 5.352852 -0.000001 0.000000 3.116835 0.154777 0.026916
    14 4.461819 0.000000 0.000000 -0.083663 -0.128354 0.807389
    15 4.065388 1.458945 1.500000 -1.580327 -0.902464 -0.293038
    16 5.507357 0.000004 -0.000001 -2.007187 -0.721469 -0.160262
    17 10.907398 0.000000 0.000000 0.000000 0.000000 -1.178154
    18 10.424324 -0.000008 -0.000027 1.277678 0.251266 0.313733
    19 2.997274 0.005409 -1.477472 0.297493 0.497556 -0.080474
    20 1.510382 0.000000 0.000000 0.011341 0.016615 -0.257537
    21 0.808655 0.000002 0.000000 -0.054433 -0.175361 0.039377
    22 3.305792 0.203112 -0.546730 0.228981 0.234014 0.043917
    23 1.807182 0.000002 0.000000 -0.051906 -0.088339 -0.190157
    24 0.966137 0.000001 0.000000 0.002387 0.009734 0.099588
    25 3.571512 0.109303 0.409580 0.187237 0.067893 0.178800
    26 2.150654 -0.000002 0.000000 -0.042028 -0.053936 -0.320272
    27 1.152748 0.000000 0.000000 0.001856 0.011945 0.064941
    28 3.684092 -0.158705 1.419183 0.117459 -0.234196 0.132137
    29 1.701014 -0.000002 0.000000 0.051316 0.064006 -0.334034
    30 0.994705 0.000002 0.000000 0.001258 0.038493 0.020488
    31 1.068069 -1.287201 0.981905 1.455344 -0.844004 0.072049
    32 1.836304 -0.000002 -0.000004 -0.000056 -0.188092 0.157023
    33 1.223948 -0.000001 0.000000 -0.000073 -0.040582 0.037650
    34 4.065392 1.458946 -1.500000 1.459571 0.941826 -0.237821
    35 5.507360 0.000008 -0.000001 2.438992 0.625205 0.010743
    36 10.907398 0.000000 0.000004 0.000000 0.000000 -2.003253
    37 10.424301 -0.000005 0.000019 -0.919289 0.271419 0.124924
    38 2.997293 0.000065 1.477481 -0.296388 -0.505836 0.084787
    39 1.510378 -0.000004 0.000000 -0.011341 -0.016615 -0.257537
    40 0.808655 0.000000 0.000000 0.054433 0.175361 0.039377
    41 3.305817 0.201134 0.547461 -0.222549 -0.222705 0.044651
    42 1.807175 0.000000 0.000000 0.051906 0.088339 -0.190157
    43 0.966141 -0.000001 0.000000 -0.002387 -0.009734 0.099588
    44 3.571524 0.110786 -0.409182 -0.183620 -0.067925 0.084169
    45 2.150656 0.000000 0.000000 0.042028 0.053936 -0.320272
    46 1.152752 0.000000 0.000000 -0.001808 -0.011970 0.185709
    47 3.684113 -0.153563 -1.419748 -0.130025 0.167228 0.135320
    48 1.701017 0.000002 0.000000 -0.051316 -0.064006 -0.334034
    49 0.994705 0.000001 0.000000 -0.001284 -0.038506 0.309237
    50 1.068094 -1.283653 -0.986553 -1.411132 0.792526 0.151201
    51 1.836306 -0.000002 0.000000 0.000056 0.188092 0.157023
    52 1.223946 0.000000 0.000002 0.000034 0.040606 0.078248
    53 1.518555 -25.312500 -5.250000 1.696655 0.165447 2.176135
    54 0.000000 0.000000 0.000000 -0.077030 -0.068757 -1.299215
    55 0.000004 -0.000007 -0.000031 1.373047 0.113574 0.124314
    56 0.000000 -0.000007 -0.000031 1.373047 0.113574 0.124314
    57 2.856897 -1.536201 -0.973800 -1.501147 -0.272558 -1.578261
    58 2.856895 -1.536198 -0.973800 -1.501147 -0.272558 -1.578261
    59 0.000000 0.000000 10.000000 0.000000 0.000000 0.000000
    60 0.018898 0.665159 9.395884 0.000000 0.000000 0.000000
    61 2.000008 -3.000000 0.000000 -1.570796 0.000000 -1.326450
    62 3.028210 -0.923409 -2.009452 1.574082 -0.012974 1.587244
    63 0.116955 4.311607 0.061861 0.000010 0.000000 0.000000
    64 0.000000 0.000000 0.000001 0.000000 0.000000 0.000000
    65 0.000000 1.000000 0.000008 0.000000 0.000000 0.000000
    66 0.000000 0.000000 0.000002 0.000000 0.000000 0.000000
    67 0.000000 0.000000 0.000002 0.000000 0.000000 0.000000
    68 0.000000 0.000000 0.000002 0.000000 0.000000 0.000000
time 77
    0 3.101563 -7.546875 47.218750 1.608204 -0.045103 -0.206156
    1 3.625659 0.000000 0.000000 -2.019453 -0.090613 -1.323857
    2 18.345819 0.000000 0.000000 0.000000 0.000000 0.124390
    3 16.751528 0.000000 0.000000 0.197141 0.480883 -0.520250
    4 5.943489 0.000000 0.000000 0.020387 -0.027718 -0.534308
    5 -3.625659 0.000000 0.000000 -1.198427 -0.167622 -1.856429
    6 18.345812 0.000000 0.000000 0.000000 0.000000 0.139876
    7 16.751524 0.000000 0.000000 0.065670 -0.212314 -0.786817
    8 5.943490 0.000000 0.000000 -0.112092 0.023834 -0.411558
    9 0.000000 4.043964 -0.017929 1.578439 -0.132589 1.651289
    10 3.995838 0.000000 0.000000 0.007177 0.034687 -0.139860
    11 3.698242 -0.000001 0.000000 0.015821 -0.061600 -0.006101
    12 5.700890 0.000000 0.000000 -0.032151 -0.104227 0.494958
    13 5.352852 -0.000001 0.000000 3.115299 0.148288 0.031811
    14 4.461819 0.000000 0.000000 -0.082155 -0.123419 0.802044
    15 4.065388 1.458945 1.500000 -1.577035 -0.905807 -0.282718
    16 5.507357 0.000004 -0.000001 -2.005684 -0.723629 -0.157354
    17 10.907398 0.000000 0.000000 0.000000 0.000000 -1.158182
    18 10.424324 -0.000008 -0.000027 1.283792 0.256511 0.280608
    19 2.997274 0.005409 -1.477472 0.297493 0.497556 -0.080474
    20 1.510382 0.000000 0.000000 0.011341 0.016615 -0.257537
    21 0.808655 0.000002 0.000000 -0.054433 -0.175361 0.039377
    22 3.305792 0.203112 -0.546730 0.228981 0.234014 0.043917
    23 1.807182 0.000002 0.000000 -0.051906 -0.088339 -0.190157
    24 0.966137 0.000001 0.000000 0.002387 0.009734 0.099588
    25 3.571512 0.109303 0.409580 0.187237 0.067893 0.178800
    26 2.150654 -0.000002 0.000000 -0.042028 -0.053936 -0.320272
    27 1.152748 0.000000 0.000000 0.001856 0.011945 0.064941
    28 3.684092 -0.158705 1.419183 0.117459 -0.234196 0.132137
    29 1.701014 -0.000002 0.000000 0.051316 0.064006 -0.334034
    30 0.994705 0.000002 0.000000 0.001258 0.038493 0.020488
    31 1.068069 -1.287201 0.981905 1.455344 -0.844004 0.072049
    32 1.836304 -0.000002 -0.000004 -0.000056 -0.188092 0.157023
    33 1.223948 -0.000001 0.000000 -0.000073 -0.040582 0.037650
    34 4.065392 1.458946 -1.500000 1.449982 0.930509 -0.232794
    35 5.507360 0.000008 -0.000001 2.479937 0.615226 0.006549
    36 10.907398 0.000000 0.000004 0.000000 0.000000 -2.116653
    37 10.424301 -0.000005 0.000019 -0.947787 0.238636 0.130159
    38 2.997293 0.000065 1.477481 -0.296388 -0.505836 0.084787
    39 1.510378 -0.000004 0.000000 -0.011341 -0.016615 -0.257537
    40 0.808655 0.000000 0.000000 0.054433 0.175361 0.039377
    41 3.305817 0.201134 0.547461 -0.222549 -0.222705 0.044651
    42 1.807175 0.000000 0.000000 0.051906 0.088339 -0.190157
    43 0.966141 -0.000001 0.000000 -0.002387 -0.009734 0.099588
    44 3.571524 0.110786 -0.409182 -0.183620 -0.067925 0.084169
    45 2.150656 0.000000 0.000000 0.042028 0.053936 -0.320272
    46 1.152752 0.000000 0.000000 -0.001808 -0.011970 0.185709
    47 3.684113 -0.153563 -1.419748 -0.130025 0.167228 0.135320
    48 1.701017 0.000002 0.000000 -0.051316 -0.064006 -0.334034
    49 0.994705 0.000001 0.000000 -0.001284 -0.038506 0.309237
    50 1.068094 -1.283653 -0.986553 -1.411132 0.792526 0.151201
    51 1.836306 -0.000002 0.000000 0.000056 0.188092 0.157023
    52 1.223946 0.000000 0.000002 0.000034 0.040606 0.078248
    53 -3.353516 -26.500000 -4.597656 1.702723 0.172894 2.156658
    54 0.000000 0.000000 0.000000 -0.077030 -0.068757 -1.299215
    55 0.000004 -0.000007 -0.000031 1.373047 0.113574 0.124314
    56 0.000000 -0.000007 -0.000031 1.373047 0.113574 0.124314
    57 2.856897 -1.536201 -0.973800 -1.501147 -0.272558 -1.578261
    58 2.856895 -1.536198 -0.973800 -1.501147 -0.272558 -1.578261
    59 0.000000 0.000000 10.000000 0.000000 0.000000 0.000000
    60 0.018898 0.665159 9.395884 0.000000 0.000000 0.000000
    61 2.000008 -3.000000 0.000000 -1.570796 0.000000 -1.326450
    62 3.028210 -0.923409 -2.009452 1.574082 -0.012974 1.587244
    63 0.116955 4.311607 0.061861 0.000010 0.000000 0.000000
    64 0.000000 0.000000 0.000001 0.000000 0.000000 0.000000
    65 0.000000 1.000000 0.000008 0.000000 0.000000 0.000000
    66 0.000000 0.000000 0.000002 0.000000 0.000000 0.000000
    67 0.000000 0.000000 0.000002 0.000000 0.000000 0.000000
    68 0.000000 0.000000 0.000002 0.000000 0.000000 0.000000
time 78
    0 3.107422 -7.664063 47.093750 1.606439 -0.044157 -0.199128
    1 3.625659 0.000000 0.000000 -2.018711 -0.084893 -1.324714
    2 18.345819 0.000000 0.000000 0.000000 0.000000 0.119460
    3 16.751528 0.000000 0.000000 0.193637 0.476276 -0.520149
    4 5.943489 0.000000 0.000000 0.020454 -0.027684 -0.522771
    5 -3.625659 0.000000 0.000000 -1.195141 -0.164135 -1.862791
    6 18.345812 0.000000 0.000000 0.000000 0.000000 0.138145
    7 16.751524 0.000000 0.000000 0.058615 -0.218573 -0.778367
    8 5.943490 0.000000 0.000000 -0.112063 0.023804 -0.410584
    9 0.000000 4.043964 -0.017929 1.577939 -0.135450 1.650138
    10 3.995838 0.000000 0.000000 0.006344 0.035068 -0.141431
    11 3.698242 -0.000001 0.000000 0.014772 -0.057565 -0.015107
    12 5.700890 0.000000 0.000000 -0.030266 -0.099740 0.482702
    13 5.352852 -0.000001 0.000000 3.114297 0.144119 0.035598
    14 4.461819 0.000000 0.000000 -0.081230 -0.119746 0.796940
    15 4.065388 1.458945 1.500000 -1.575801 -0.908416 -0.266688
    16 5.507357 0.000004 -0.000001 -2.005046 -0.721813 -0.150718
    17 10.907398 0.000000 0.000000 0.000000 0.000000 -1.144392
    18 10.424324 -0.000008 -0.000027 1.288831 0.263083 0.247073
    19 2.997274 0.005409 -1.477472 0.297493 0.497556 -0.080474
    20 1.510382 0.000000 0.000000 0.011341 0.016615 -0.257537
    21 0.808655 0.000002 0.000000 -0.054433 -0.175361 0.039377
    22 3.305792 0.203112 -0.546730 0.228981 0.234014 0.043917
    23 1.807182 0.000002 0.000000 -0.051906 -0.088339 -0.190157
    24 0.966137 0.000001 0.000000 0.002387 0.009734 0.099588
    25 3.571512 0.109303 0.409580 0.187237 0.067893 0.178800
    26 2.150654 -0.000002 0.000000 -0.042028 -0.053936 -0.320272
    27 1.152748 0.000000 0.000000 0.001856 0.011945 0.064941
    28 3.684092 -0.158705 1.419183 0.117459 -0.234196 0.132137
    29 1.701014 -0.000002 0.000000 0.051316 0.064006 -0.334034
    30 0.994705 0.000002 0.000000 0.001258 0.038493 0.020488
    31 1.068069 -1.287201 0.981905 1.455344 -0.844004 0.072049
    32 1.836304 -0.000002 -0.000004 -0.000056 -0.188092 0.157023
    33 1.223948 -0.000001 0.000000 -0.000073 -0.040582 0.037650
    34 4.065392 1.458946 -1.500000 1.439438 0.920730 -0.228501
    35 5.507360 0.000008 -0.000001 2.494228 0.605110 -0.009785
    36 10.907398 0.000000 0.000004 0.000000 0.000000 -2.208603
    37 10.424301 -0.000005 0.000019 -0.971360 0.157277 0.171912
    38 2.997293 0.000065 1.477481 -0.296388 -0.505836 0.084787
    39 1.510378 -0.000004 0.000000 -0.011341 -0.016615 -0.257537
    40 0.808655 0.000000 0.000000 0.054433 0.175361 0.039377
    41 3.305817 0.201134 0.547461 -0.222549 -0.222705 0.044651
    42 1.807175 0.000000 0.000000 0.051906 0.088339 -0.190157
    43 0.966141 -0.000001 0.000000 -0.002387 -0.009734 0.099588
    44 3.571524 0.110786 -0.409182 -0.183620 -0.067925 0.084169
    45 2.150656 0.000000 0.000000 0.042028 0.053936 -0.320272
    46 1.152752 0.000000 0.000000 -0.001808 -0.011970 0.185709
    47 3.684113 -0.153563 -1.419748 -0.130025 0.167228 0.135320
    48 1.701017 0.000002 0.000000 -0.051316 -0.064006 -0.334034
    49 0.994705 0.000001 0.000000 -0.001284 -0.038506 0.309237
    50 1.068094 -1.283653 -0.986553 -1.411132 0.792526 0.151201
    51 1.836306 -0.000002 0.000000 0.000056 0.188092 0.157023
    52 1.223946 0.000000 0.000002 0.000034 0.040606 0.078248
    53 -8.585938 -23.765625 -3.617188 1.708800 0.183645 2.141137
    54 0.000000 0.000000 0.000000 -0.077030 -0.068757 -1.299215
    55 0.000004 -0.000007 -0.000031 1.373047 0.113574 0.124314
    56 0.000000 -0.000007 -0.000031 1.373047 0.113574 0.124314
    57 2.856897 -1.536201 -0.973800 -1.501147 -0.272558 -1.578261
    58 2.856895 -1.536198 -0.973800 -1.501147 -0.272558 -1.578261
    59 0.000000 0.000000 10.000000 0.000000 0.000000 0.000000
    60 0.018898 0.665159 9.395884 0.000000 0.000000 0.000000
    61 2.000008 -3.000000 0.000000 -1.570796 0.000000 -1.326450
    62 3.028210 -0.923409 -2.009452 1.574082 -0.012974 1.587244
    63 0.116955 4.311607 0.061861 0.000010 0.000000 0.000000
    64 0.000000 0.000000 0.000001 0.000000 0.000000 0.000000
    65 0.000000 1.000000 0.000008 0.000000 0.000000 0.000000
    66 0.000000 0.000000 0.000002 0.000000 0.000000 0.000000
    67 0.000000 0.000000 0.000002 0.000000 0.000000 0.000000
    68 0.000000 0.000000 0.000002 0.000000 0.000000 0.000000
time 79
    0 3.082031 -7.796875 46.937500 1.601772 -0.042344 -0.190870
    1 3.625659 0.000000 0.000000 -2.013734 -0.074960 -1.325182
    2 18.345819 0.000000 0.000000 0.000000 0.000000 0.113234
    3 16.751528 0.000000 0.000000 0.186638 0.468164 -0.522197
    4 5.943489 0.000000 0.000000 0.020458 -0.027682 -0.523039
    5 -3.625659 0.000000 0.000000 -1.195054 -0.158164 -1.867966
    6 18.345812 0.000000 0.000000 0.000000 0.000000 0.137799
    7 16.751524 0.000000 0.000000 0.049015 -0.228404 -0.769651
    8 5.943490 0.000000 0.000000 -0.112089 0.023828 -0.400171
    9 0.000000 4.043964 -0.017929 1.577251 -0.136865 1.648260
    10 3.995838 0.000000 0.000000 0.005343 0.035350 -0.143093
    11 3.698242 -0.000001 0.000000 0.013614 -0.052607 -0.021775
    12 5.700890 0.000000 0.000000 -0.028089 -0.093888 0.473450
    13 5.352852 -0.000001 0.000000 3.113942 0.139321 0.044116
    14 4.461819 0.000000 0.000000 -0.079562 -0.116237 0.789462
    15 4.065388 1.458945 1.500000 -1.577461 -0.910700 -0.247170
    16 5.507357 0.000004 -0.000001 -2.002955 -0.718892 -0.142878
    17 10.907398 0.000000 0.000000 0.000000 0.000000 -1.132708
    18 10.424324 -0.000008 -0.000027 1.288582 0.272174 0.229193
    19 2.997274 0.005409 -1.477472 0.297493 0.497556 -0.080474
    20 1.510382 0.000000 0.000000 0.011341 0.016615 -0.257537
    21 0.808655 0.000002 0.000000 -0.054433 -0.175361 0.039377
    22 3.305792 0.203112 -0.546730 0.228981 0.234014 0.043917
    23 1.807182 0.000002 0.000000 -0.051906 -0.088339 -0.190157
    24 0.966137 0.000001 0.000000 0.002387 0.009734 0.099588
    25 3.571512 0.109303 0.409580 0.187237 0.067893 0.178800
    26 2.150654 -0.000002 0.000000 -0.042028 -0.053936 -0.320272
    27 1.152748 0.000000 0.000000 0.001856 0.011945 0.064941
    28 3.684092 -0.158705 1.419183 0.117459 -0.234196 0.132137
    29 1.701014 -0.000002 0.000000 0.051316 0.064006 -0.334034
    30 0.994705 0.000002 0.000000 0.001258 0.038493 0.020488
    31 1.068069 -1.287201 0.981905 1.455344 -0.844004 0.072049
    32 1.836304 -0.000002 -0.000004 -0.000056 -0.188092 0.157023
    33 1.223948 -0.000001 0.000000 -0.000073 -0.040582 0.037650
    34 4.065392 1.458946 -1.500000 1.431632 0.910370 -0.224004
    35 5.507360 0.000008 -0.000001 2.477394 0.591151 -0.033500
    36 10.907398 0.000000 0.000004 0.000000 0.000000 -2.298282
    37 10.424301 -0.000005 0.000019 -0.985558 0.053294 0.179434
    38 2.997293 0.000065 1.477481 -0.296388 -0.505836 0.084787
    39 1.510378 -0.000004 0.000000 -0.011341 -0.016615 -0.257537
    40 0.808655 0.000000 0.000000 0.054433 0.175361 0.039377
    41 3.305817 0.201134 0.547461 -0.222549 -0.222705 0.044651
    42 1.807175 0.000000 0.000000 0.051906 0.088339 -0.190157
    43 0.966141 -0.000001 0.000000 -0.002387 -0.009734 0.099588
    44 3.571524 0.110786 -0.409182 -0.183620 -0.067925 0.084169
    45 2.150656 0.000000 0.000000 0.042028 0.053936 -0.320272
    46 1.152752 0.000000 0.000000 -0.001808 -0.011970 0.185709
    47 3.684113 -0.153563 -1.419748 -0.130025 0.167228 0.135320
    48 1.701017 0.000002 0.000000 -0.051316 -0.064006 -0.334034
    49 0.994705 0.000001 0.000000 -0.001284 -0.038506 0.309237
    50 1.068094 -1.283653 -0.986553 -1.411132 0.792526 0.151201
    51 1.836306 -0.000002 0.000000 0.000056 0.188092 0.157023
    52 1.223946 0.000000 0.000002 0.000034 0.040606 0.078248
    53 -11.937500 -17.265625 -2.794922 1.712629 0.197761 2.128290
    54 0.000000 0.000000 0.000000 -0.077030 -0.068757 -1.299215
    55 0.000004 -0.000007 -0.000031 1.373047 0.113574 0.124314
    56 0.000000 -0.000007 -0.000031 1.373047 0.113574 0.124314
    57 2.856897 -1.536201 -0.973800 -1.501147 -0.272558 -1.578261
    58 2.856895 -1.536198 -0.973800 -1.501147 -0.272558 -1.578261
    59 0.000000 0.000000 10.000000 0.000000 0.000000 0.000000
    60 0.018898 0.665159 9.395884 0.000000 0.000000 0.000000
    61 2.000008 -3.000000 0.000000 -1.570796 0.000000 -1.326450
    62 3.028210 -0.923409 -2.009452 1.574082 -0.012974 1.587244
    63 0.116955 4.311607 0.061861 0.000010 0.000000 0.000000
    64 0.000000 0.000000 0.000001 0.000000 0.000000 0.000000
    65 0.000000 1.000000 0.000008 0.000000 0.000000 0.000000
    66 0.000000 0.000000 0.000002 0.000000 0.000000 0.000000
    67 0.000000 0.000000 0.000002 0.000000 0.000000 0.000000
    68 0.000000 0.000000 0.000002 0.000000 0.000000 0.000000
time 80
    0 3.013672 -7.937500 46.812500 1.596265 -0.039933 -0.180114
    1 3.625659 0.000000 0.000000 -2.007054 -0.066478 -1.324163
    2 18.345819 0.000000 0.000000 0.000000 0.000000 0.110208
    3 16.751528 0.000000 0.000000 0.177113 0.456975 -0.525092
    4 5.943489 0.000000 0.000000 0.020421 -0.027730 -0.530819
    5 -3.625659 0.000000 0.000000 -1.194662 -0.151663 -1.871923
    6 18.345812 0.000000 0.000000 0.000000 0.000000 0.139530
    7 16.751524 0.000000 0.000000 0.036688 -0.239576 -0.763715
    8 5.943490 0.000000 0.000000 -0.112007 0.023830 -0.400434
    9 0.000000 4.043964 -0.017929 1.576180 -0.136815 1.646172
    10 3.995838 0.000000 0.000000 0.004032 0.035003 -0.145280
    11 3.698242 -0.000001 0.000000 0.011866 -0.047849 -0.026708
    12 5.700890 0.000000 0.000000 -0.026494 -0.087444 0.466995
    13 5.352852 -0.000001 0.000000 3.114004 0.135100 0.056637
    14 4.461819 0.000000 0.000000 -0.078039 -0.113930 0.779287
    15 4.065388 1.458945 1.500000 -1.580329 -0.911347 -0.227862
    16 5.507357 0.000004 -0.000001 -1.999979 -0.715654 -0.134423
    17 10.907398 0.000000 0.000000 0.000000 0.000000 -1.130970
    18 10.424324 -0.000008 -0.000027 1.283147 0.281480 0.221051
    19 2.997274 0.005409 -1.477472 0.297493 0.497556 -0.080474
    20 1.510382 0.000000 0.000000 0.011341 0.016615 -0.257537
    21 0.808655 0.000002 0.000000 -0.054433 -0.175361 0.039377
    22 3.305792 0.203112 -0.546730 0.228981 0.234014 0.043917
    23 1.807182 0.000002 0.000000 -0.051906 -0.088339 -0.190157
    24 0.966137 0.000001 0.000000 0.002387 0.009734 0.099588
    25 3.571512 0.109303 0.409580 0.187237 0.067893 0.178800
    26 2.150654 -0.000002 0.000000 -0.042028 -0.053936 -0.320272
    27 1.152748 0.000000 0.000000 0.001856 0.011945 0.064941
    28 3.684092 -0.158705 1.419183 0.117459 -0.234196 0.132137
    29 1.701014 -0.000002 0.000000 0.051316 0.064006 -0.334034
    30 0.994705 0.000002 0.000000 0.001258 0.038493 0.020488
    31 1.068069 -1.287201 0.981905 1.455344 -0.844004 0.072049
    32 1.836304 -0.000002 -0.000004 -0.000056 -0.188092 0.157023
    33 1.223948 -0.000001 0.000000 -0.000073 -0.040582 0.037650
    34 4.065392 1.458946 -1.500000 1.426673 0.902442 -0.218980
    35 5.507360 0.000008 -0.000001 2.446721 0.579497 -0.041135
    36 10.907398 0.000000 0.000004 0.000000 0.000000 -2.367488
    37 10.424301 -0.000005 0.000019 -1.025227 -0.025600 0.126310
    38 2.997293 0.000065 1.477481 -0.296388 -0.505836 0.084787
    39 1.510378 -0.000004 0.000000 -0.011341 -0.016615 -0.257537
    40 0.808655 0.000000 0.000000 0.054433 0.175361 0.039377
    41 3.305817 0.201134 0.547461 -0.222549 -0.222705 0.044651
    42 1.807175 0.000000 0.000000 0.051906 0.088339 -0.190157
    43 0.966141 -0.000001 0.000000 -0.002387 -0.009734 0.099588
    44 3.571524 0.110786 -0.409182 -0.183620 -0.067925 0.084169
    45 2.150656 0.000000 0.000000 0.042028 0.053936 -0.320272
    46 1.152752 0.000000 0.000000 -0.001808 -0.011970 0.185709
    47 3.684113 -0.153563 -1.419748 -0.130025 0.167228 0.135320
    48 1.701017 0.000002 0.000000 -0.051316 -0.064006 -0.334034
    49 0.994705 0.000001 0.000000 -0.001284 -0.038506 0.309237
    50 1.068094 -1.283653 -0.986553 -1.411132 0.792526 0.151201
    51 1.836306 -0.000002 0.000000 0.000056 0.188092 0.157023
    52 1.223946 0.000000 0.000002 0.000034 0.040606 0.078248
    53 -11.859375 -10.640625 -3.164063 1.715569 0.213431 2.125028
    54 0.000000 0.000000 0.000000 -0.077030 -0.068757 -1.299215
    55 0.000004 -0.000007 -0.000031 1.373047 0.113574 0.124314
    56 0.000000 -0.000007 -0.000031 1.373047 0.113574 0.124314
    57 2.856897 -1.536201 -0.973800 -1.501147 -0.272558 -1.578261
    58 2.856895 -1.536198 -0.973800 -1.501147 -0.272558 -1.578261
    59 0.000000 0.000000 10.000000 0.000000 0.000000 0.000000
    60 0.018898 0.665159 9.395884 0.000000 0.000000 0.000000
    61 2.000008 -3.000000 0.000000 -1.570796 0.000000 -1.326450
    62 3.028210 -0.923409 -2.009452 1.574082 -0.012974 1.587244
    63 0.116955 4.311607 0.061861 0.000010 0.000000 0.000000
    64 0.000000 0.000000 0.000001 0.000000 0.000000 0.000000
    65 0.000000 1.000000 0.000008 0.000000 0.000000 0.000000
    66 0.000000 0.000000 0.000002 0.000000 0.000000 0.000000
    67 0.000000 0.000000 0.000002 0.000000 0.000000 0.000000
    68 0.000000 0.000000 0.000002 0.000000 0.000000 0.000000
time 81
    0 2.904297 -8.070313 46.656250 1.592110 -0.036807 -0.167010
    1 3.625659 0.000000 0.000000 -1.997060 -0.061158 -1.321420
    2 18.345819 0.000000 0.000000 0.000000 0.000000 0.108997
    3 16.751528 0.000000 0.000000 0.161789 0.444283 -0.530506
    4 5.943489 0.000000 0.000000 0.020436 -0.027681 -0.537890
    5 -3.625659 0.000000 0.000000 -1.191395 -0.146600 -1.874057
    6 18.345812 0.000000 0.000000 0.000000 0.000000 0.142212
    7 16.751524 0.000000 0.000000 0.023272 -0.246902 -0.760966
    8 5.943490 0.000000 0.000000 -0.112068 0.023876 -0.402643
    9 0.000000 4.043964 -0.017929 1.575107 -0.136445 1.643935
    10 3.995838 0.000000 0.000000 0.002732 0.034482 -0.147554
    11 3.698242 -0.000001 0.000000 0.010200 -0.043786 -0.032001
    12 5.700890 0.000000 0.000000 -0.025218 -0.081550 0.459789
    13 5.352852 -0.000001 0.000000 3.113923 0.132968 0.069383
    14 4.461819 0.000000 0.000000 -0.077225 -0.113115 0.768814
    15 4.065388 1.458945 1.500000 -1.581738 -0.909478 -0.210873
    16 5.507357 0.000004 -0.000001 -2.000609 -0.717303 -0.129304
    17 10.907398 0.000000 0.000000 0.000000 0.000000 -1.134960
    18 10.424324 -0.000008 -0.000027 1.273520 0.290289 0.223126
    19 2.997274 0.005409 -1.477472 0.297493 0.497556 -0.080474
    20 1.510382 0.000000 0.000000 0.011341 0.016615 -0.257537
    21 0.808655 0.000002 0.000000 -0.054433 -0.175361 0.039377
    22 3.305792 0.203112 -0.546730 0.228981 0.234014 0.043917
    23 1.807182 0.000002 0.000000 -0.051906 -0.088339 -0.190157
    24 0.966137 0.000001 0.000000 0.002387 0.009734 0.099588
    25 3.571512 0.109303 0.409580 0.187237 0.067893 0.178800
    26 2.150654 -0.000002 0.000000 -0.042028 -0.053936 -0.320272
    27 1.152748 0.000000 0.000000 0.001856 0.011945 0.064941
    28 3.684092 -0.158705 1.419183 0.117459 -0.234196 0.132137
    29 1.701014 -0.000002 0.000000 0.051316 0.064006 -0.334034
    30 0.994705 0.000002 0.000000 0.001258 0.038493 0.020488
    31 1.068069 -1.287201 0.981905 1.455344 -0.844004 0.072049
    32 1.836304 -0.000002 -0.000004 -0.000056 -0.188092 0.157023
    33 1.223948 -0.000001 0.000000 -0.000073 -0.040582 0.037650
    34 4.065392 1.458946 -1.500000 1.419052 0.898828 -0.217144
    35 5.507360 0.000008 -0.000001 2.455798 0.582792 -0.028194
    36 10.907398 0.000000 0.000004 0.000000 0.000000 -2.367954
    37 10.424301 -0.000005 0.000019 -1.064183 -0.103746 0.092197
    38 2.997293 0.000065 1.477481 -0.296388 -0.505836 0.084787
    39 1.510378 -0.000004 0.000000 -0.011341 -0.016615 -0.257537
    40 0.808655 0.000000 0.000000 0.054433 0.175361 0.039377
    41 3.305817 0.201134 0.547461 -0.222549 -0.222705 0.044651
    42 1.807175 0.000000 0.000000 0.051906 0.088339 -0.190157
    43 0.966141 -0.000001 0.000000 -0.002387 -0.009734 0.099588
    44 3.571524 0.110786 -0.409182 -0.183620 -0.067925 0.084169
    45 2.150656 0.000000 0.000000 0.042028 0.053936 -0.320272
    46 1.152752 0.000000 0.000000 -0.001808 -0.011970 0.185709
    47 3.684113 -0.153563 -1.419748 -0.130025 0.167228 0.135320
    48 1.701017 0.000002 0.000000 -0.051316 -0.064006 -0.334034
    49 0.994705 0.000001 0.000000 -0.001284 -0.038506 0.309237
    50 1.068094 -1.283653 -0.986553 -1.411132 0.792526 0.151201
    51 1.836306 -0.000002 0.000000 0.000056 0.188092 0.157023
    52 1.223946 0.000000 0.000002 0.000034 0.040606 0.078248
    53 -7.664063 -8.218750 -5.171875 1.718889 0.222567 2.128344
    54 0.000000 0.000000 0.000000 -0.077030 -0.068757 -1.299215
    55 0.000004 -0.000007 -0.000031 1.373047 0.113574 0.124314
    56 0.000000 -0.000007 -0.000031 1.373047 0.113574 0.124314
    57 2.856897 -1.536201 -0.973800 -1.501147 -0.272558 -1.578261
    58 2.856895 -1.536198 -0.973800 -1.501147 -0.272558 -1.578261
    59 0.000000 0.000000 10.000000 0.000000 0.000000 0.000000
    60 0.018898 0.665159 9.395884 0.000000 0.000000 0.000000
    61 2.000008 -3.000000 0.000000 -1.570796 0.000000 -1.326450
    62 3.028210 -0.923409 -2.009452 1.574082 -0.012974 1.587244
    63 0.116955 4.311607 0.061861 0.000010 0.000000 0.000000
    64 0.000000 0.000000 0.000001 0.000000 0.000000 0.000000
    65 0.000000 1.000000 0.000008 0.000000 0.000000 0.000000
    66 0.000000 0.000000 0.000002 0.000000 0.000000 0.000000
    67 0.000000 0.000000 0.000002 0.000000 0.000000 0.000000
    68 0.000000 0.000000 0.000002 0.000000 0.000000 0.000000
time 82
    0 2.765625 -8.187500 46.531250 1.589058 -0.033624 -0.151755
    1 3.625659 0.000000 0.000000 -2.001075 -0.057644 -1.317024
    2 18.345819 0.000000 0.000000 0.000000 0.000000 0.107009
    3 16.751528 0.000000 0.000000 0.157476 0.440031 -0.527957
    4 5.943489 0.000000 0.000000 0.020404 -0.027667 -0.541562
    5 -3.625659 0.000000 0.000000 -1.185380 -0.143147 -1.874786
    6 18.345812 0.000000 0.000000 0.000000 0.000000 0.144636
    7 16.751524 0.000000 0.000000 0.019270 -0.250227 -0.757374
    8 5.943490 0.000000 0.000000 -0.112049 0.023868 -0.409439
    9 0.000000 4.043964 -0.017929 1.573839 -0.134710 1.641043
    10 3.995838 0.000000 0.000000 0.001300 0.033342 -0.150261
    11 3.698242 -0.000001 0.000000 0.008418 -0.040084 -0.036522
    12 5.700890 0.000000 0.000000 -0.024152 -0.075784 0.453766
    13 5.352852 -0.000001 0.000000 3.114652 0.131873 0.083731
    14 4.461819 0.000000 0.000000 -0.076275 -0.113952 0.757432
    15 4.065388 1.458945 1.500000 -1.584729 -0.905900 -0.192462
    16 5.507357 0.000004 -0.000001 -2.005941 -0.723202 -0.118864
    17 10.907398 0.000000 0.000000 0.000000 0.000000 -1.136086
    18 10.424324 -0.000008 -0.000027 1.259347 0.298515 0.233186
    19 2.997274 0.005409 -1.477472 0.297493 0.497556 -0.080474
    20 1.510382 0.000000 0.000000 0.011341 0.016615 -0.257537
    21 0.808655 0.000002 0.000000 -0.054433 -0.175361 0.039377
    22 3.305792 0.203112 -0.546730 0.228981 0.234014 0.043917
    23 1.807182 0.000002 0.000000 -0.051906 -0.088339 -0.190157
    24 0.966137 0.000001 0.000000 0.002387 0.009734 0.099588
    25 3.571512 0.109303 0.409580 0.187237 0.067893 0.178800
    26 2.150654 -0.000002 0.000000 -0.042028 -0.053936 -0.320272
    27 1.152748 0.000000 0.000000 0.001856 0.011945 0.064941
    28 3.684092 -0.158705 1.419183 0.117459 -0.234196 0.132137
    29 1.701014 -0.000002 0.000000 0.051316 0.064006 -0.334034
    30 0.994705 0.000002 0.000000 0.001258 0.038493 0.020488
    31 1.068069 -1.287201 0.981905 1.455344 -0.844004 0.072049
    32 1.836304 -0.000002 -0.000004 -0.000056 -0.188092 0.157023
    33 1.223948 -0.000001 0.000000 -0.000073 -0.040582 0.037650
    34 4.065392 1.458946 -1.500000 1.411435 0.897787 -0.215147
    35 5.507360 0.000008 -0.000001 2.452139 0.584589 -0.016567
    36 10.907398 0.000000 0.000004 0.000000 0.000000 -2.348527
    37 10.424301 -0.000005 0.000019 -1.095907 -0.128710 0.098467
    38 2.997293 0.000065 1.477481 -0.296388 -0.505836 0.084787
    39 1.510378 -0.000004 0.000000 -0.011341 -0.016615 -0.257537
    40 0.808655 0.000000 0.000000 0.054433 0.175361 0.039377
    41 3.305817 0.201134 0.547461 -0.222549 -0.222705 0.044651
    42 1.807175 0.000000 0.000000 0.051906 0.088339 -0.190157
    43 0.966141 -0.000001 0.000000 -0.002387 -0.009734 0.099588
    44 3.571524 0.110786 -0.409182 -0.183620 -0.067925 0.084169
    45 2.150656 0.000000 0.000000 0.042028 0.053936 -0.320272
    46 1.152752 0.000000 0.000000 -0.001808 -0.011970 0.185709
    47 3.684113 -0.153563 -1.419748 -0.130025 0.167228 0.135320
    48 1.701017 0.000002 0.000000 -0.051316 -0.064006 -0.334034
    49 0.994705 0.000001 0.000000 -0.001284 -0.038506 0.309237
    50 1.068094 -1.283653 -0.986553 -1.411132 0.792526 0.151201
    51 1.836306 -0.000002 0.000000 0.000056 0.188092 0.157023
    52 1.223946 0.000000 0.000002 0.000034 0.040606 0.078248
    53 -2.060547 -9.523438 -7.320313 1.722646 0.231842 2.133752
    54 0.000000 0.000000 0.000000 -0.077030 -0.068757 -1.299215
    55 0.000004 -0.000007 -0.000031 1.373047 0.113574 0.124314
    56 0.000000 -0.000007 -0.000031 1.373047 0.113574 0.124314
    57 2.856897 -1.536201 -0.973800 -1.501147 -0.272558 -1.578261
    58 2.856895 -1.536198 -0.973800 -1.501147 -0.272558 -1.578261
    59 0.000000 0.000000 10.000000 0.000000 0.000000 0.000000
    60 0.018898 0.665159 9.395884 0.000000 0.000000 0.000000
    61 2.000008 -3.000000 0.000000 -1.570796 0.000000 -1.326450
    62 3.028210 -0.923409 -2.009452 1.574082 -0.012974 1.587244
    63 0.116955 4.311607 0.061861 0.000010 0.000000 0.000000
    64 0.000000 0.000000 0.000001 0.000000 0.000000 0.000000
    65 0.000000 1.000000 0.000008 0.000000 0.000000 0.000000
    66 0.000000 0.000000 0.000002 0.000000 0.000000 0.000000
    67 0.000000 0.000000 0.000002 0.000000 0.000000 0.000000
    68 0.000000 0.000000 0.000002 0.000000 0.000000 0.000000
time 83
    0 2.585938 -8.289063 46.437500 1.585841 -0.029484 -0.132354
    1 3.625659 0.000000 0.000000 -2.019031 -0.055465 -1.310136
    2 18.345819 0.000000 0.000000 0.000000 0.000000 0.104070
    3 16.751528 0.000000 0.000000 0.169480 0.444524 -0.517468
    4 5.943489 0.000000 0.000000 0.020452 -0.027669 -0.539054
    5 -3.625659 0.000000 0.000000 -1.176827 -0.138830 -1.872335
    6 18.345812 0.000000 0.000000 0.000000 0.000000 0.147146
    7 16.751524 0.000000 0.000000 0.021653 -0.248558 -0.755617
    8 5.943490 0.000000 0.000000 -0.112063 0.023845 -0.421366
    9 0.000000 4.043964 -0.017929 1.571674 -0.131500 1.637626
    10 3.995838 0.000000 0.000000 -0.000885 0.031795 -0.153412
    11 3.698242 -0.000001 0.000000 0.005636 -0.036241 -0.039390
    12 5.700890 0.000000 0.000000 -0.023859 -0.068949 0.450248
    13 5.352852 -0.000001 0.000000 3.115928 0.131549 0.099495
    14 4.461819 0.000000 0.000000 -0.075157 -0.115693 0.745282
    15 4.065388 1.458945 1.500000 -1.588668 -0.902481 -0.172021
    16 5.507357 0.000004 -0.000001 -2.018630 -0.727288 -0.101298
    17 10.907398 0.000000 0.000000 0.000000 0.000000 -1.135779
    18 10.424324 -0.000008 -0.000027 1.243898 0.306355 0.240104
    19 2.997274 0.005409 -1.477472 0.297493 0.497556 -0.080474
    20 1.510382 0.000000 0.000000 0.011341 0.016615 -0.257537
    21 0.808655 0.000002 0.000000 -0.054433 -0.175361 0.039377
    22 3.305792 0.203112 -0.546730 0.228981 0.234014 0.043917
    23 1.807182 0.000002 0.000000 -0.051906 -0.088339 -0.190157
    24 0.966137 0.000001 0.000000 0.002387 0.009734 0.099588
    25 3.571512 0.109303 0.409580 0.187237 0.067893 0.178800
    26 2.150654 -0.000002 0.000000 -0.042028 -0.053936 -0.320272
    27 1.152748 0.000000 0.000000 0.001856 0.011945 0.064941
    28 3.684092 -0.158705 1.419183 0.117459 -0.234196 0.132137
    29 1.701014 -0.000002 0.000000 0.051316 0.064006 -0.334034
    30 0.994705 0.000002 0.000000 0.001258 0.038493 0.020488
    31 1.068069 -1.287201 0.981905 1.455344 -0.844004 0.072049
    32 1.836304 -0.000002 -0.000004 -0.000056 -0.188092 0.157023
    33 1.223948 -0.000001 0.000000 -0.000073 -0.040582 0.037650
    34 4.065392 1.458946 -1.500000 1.407156 0.897583 -0.209925
    35 5.507360 0.000008 -0.000001 2.442637 0.581501 -0.008930
    36 10.907398 0.000000 0.000004 0.000000 0.000000 -2.339347
    37 10.424301 -0.000005 0.000019 -1.104283 -0.152957 0.112019
    38 2.997293 0.000065 1.477481 -0.296388 -0.505836 0.084787
    39 1.510378 -0.000004 0.000000 -0.011341 -0.016615 -0.257537
    40 0.808655 0.000000 0.000000 0.054433 0.175361 0.039377
    41 3.305817 0.201134 0.547461 -0.222549 -0.222705 0.044651
    42 1.807175 0.000000 0.000000 0.051906 0.088339 -0.190157
    43 0.966141 -0.000001 0.000000 -0.002387 -0.009734 0.099588
    44 3.571524 0.110786 -0.409182 -0.183620 -0.067925 0.084169
    45 2.150656 0.000000 0.000000 0.042028 0.053936 -0.320272
    46 1.152752 0.000000 0.000000 -0.001808 -0.011970 0.185709
    47 3.684113 -0.153563 -1.419748 -0.130025 0.167228 0.135320
    48 1.701017 0.000002 0.000000 -0.051316 -0.064006 -0.334034
    49 0.994705 0.000001 0.000000 -0.001284 -0.038506 0.309237
    50 1.068094 -1.283653 -0.986553 -1.411132 0.792526 0.151201
    51 1.836306 -0.000002 0.000000 0.000056 0.188092 0.157023
    52 1.223946 0.000000 0.000002 0.000034 0.040606 0.078248
    53 3.220703 -14.359375 -7.960938 1.728779 0.241124 2.139711
    54 0.000000 0.000000 0.000000 -0.077030 -0.068757 -1.299215
    55 0.000004 -0.000007 -0.000031 1.373047 0.113574 0.124314
    56 0.000000 -0.000007 -0.000031 1.373047 0.113574 0.124314
    57 2.856897 -1.536201 -0.973800 -1.501147 -0.272558 -1.578261
    58 2.856895 -1.536198 -0.973800 -1.501147 -0.272558 -1.578261
    59 0.000000 0.000000 10.000000 0.000000 0.000000 0.000000
    60 0.018898 0.665159 9.395884 0.000000 0.000000 0.000000
    61 2.000008 -3.000000 0.000000 -1.570796 0.000000 -1.326450
    62 3.028210 -0.923409 -2.009452 1.574082 -0.012974 1.587244
    63 0.116955 4.311607 0.061861 0.000010 0.000000 0.000000
    64 0.000000 0.000000 0.000001 0.000000 0.000000 0.000000
    65 0.000000 1.000000 0.000008 0.000000 0.000000 0.000000
    66 0.000000 0.000000 0.000002 0.000000 0.000000 0.000000
    67 0.000000 0.000000 0.000002 0.000000 0.000000 0.000000
    68 0.000000 0.000000 0.000002 0.000000 0.000000 0.000000
time 84
    0 2.410156 -8.359375 46.312500 1.582670 -0.025617 -0.115488
    1 3.625659 0.000000 0.000000 -2.045374 -0.054918 -1.302930
    2 18.345819 0.000000 0.000000 0.000000 0.000000 0.104588
    3 16.751528 0.000000 0.000000 0.189267 0.450162 -0.505756
    4 5.943489 0.000000 0.000000 0.020418 -0.027695 -0.536546
    5 -3.625659 0.000000 0.000000 -1.171855 -0.136657 -1.868787
    6 18.345812 0.000000 0.000000 0.000000 0.000000 0.150262
    7 16.751524 0.000000 0.000000 0.023692 -0.244332 -0.751790
    8 5.943490 0.000000 0.000000 -0.112054 0.023874 -0.439066
    9 0.000000 4.043964 -0.017929 1.569956 -0.130203 1.635807
    10 3.995838 0.000000 0.000000 -0.002761 0.031044 -0.155259
    11 3.698242 -0.000001 0.000000 0.003294 -0.033175 -0.042363
    12 5.700890 0.000000 0.000000 -0.023920 -0.063728 0.445630
    13 5.352852 -0.000001 0.000000 3.115734 0.130316 0.113530
    14 4.461819 0.000000 0.000000 -0.074317 -0.116091 0.734117
    15 4.065388 1.458945 1.500000 -1.588751 -0.902960 -0.156608
    16 5.507357 0.000004 -0.000001 -2.033670 -0.731825 -0.081569
    17 10.907398 0.000000 0.000000 0.000000 0.000000 -1.137623
    18 10.424324 -0.000008 -0.000027 1.231333 0.314231 0.243734
    19 2.997274 0.005409 -1.477472 0.297493 0.497556 -0.080474
    20 1.510382 0.000000 0.000000 0.011341 0.016615 -0.257537
    21 0.808655 0.000002 0.000000 -0.054433 -0.175361 0.039377
    22 3.305792 0.203112 -0.546730 0.228981 0.234014 0.043917
    23 1.807182 0.000002 0.000000 -0.051906 -0.088339 -0.190157
    24 0.966137 0.000001 0.000000 0.002387 0.009734 0.099588
    25 3.571512 0.109303 0.409580 0.187237 0.067893 0.178800
    26 2.150654 -0.000002 0.000000 -0.042028 -0.053936 -0.320272
    27 1.152748 0.000000 0.000000 0.001856 0.011945 0.064941
    28 3.684092 -0.158705 1.419183 0.117459 -0.234196 0.132137
    29 1.701014 -0.000002 0.000000 0.051316 0.064006 -0.334034
    30 0.994705 0.000002 0.000000 0.001258 0.038493 0.020488
    31 1.068069 -1.287201 0.981905 1.455344 -0.844004 0.072049
    32 1.836304 -0.000002 -0.000004 -0.000056 -0.188092 0.157023
    33 1.223948 -0.000001 0.000000 -0.000073 -0.040582 0.037650
    34 4.065392 1.458946 -1.500000 1.404655 0.892049 -0.204357
    35 5.507360 0.000008 -0.000001 2.440222 0.580870 -0.006356
    36 10.907398 0.000000 0.000004 0.000000 0.000000 -2.327611
    37 10.424301 -0.000005 0.000019 -1.090922 -0.181169 0.120464
    38 2.997293 0.000065 1.477481 -0.296388 -0.505836 0.084787
    39 1.510378 -0.000004 0.000000 -0.011341 -0.016615 -0.257537
    40 0.808655 0.000000 0.000000 0.054433 0.175361 0.039377
    41 3.305817 0.201134 0.547461 -0.222549 -0.222705 0.044651
    42 1.807175 0.000000 0.000000 0.051906 0.088339 -0.190157
    43 0.966141 -0.000001 0.000000 -0.002387 -0.009734 0.099588
    44 3.571524 0.110786 -0.409182 -0.183620 -0.067925 0.084169
    45 2.150656 0.000000 0.000000 0.042028 0.053936 -0.320272
    46 1.152752 0.000000 0.000000 -0.001808 -0.011970 0.185709
    47 3.684113 -0.153563 -1.419748 -0.130025 0.167228 0.135320
    48 1.701017 0.000002 0.000000 -0.051316 -0.064006 -0.334034
    49 0.994705 0.000001 0.000000 -0.001284 -0.038506 0.309237
    50 1.068094 -1.283653 -0.986553 -1.411132 0.792526 0.151201
    51 1.836306 -0.000002 0.000000 0.000056 0.188092 0.157023
    52 1.223946 0.000000 0.000002 0.000034 0.040606 0.078248
    53 3.929688 -20.703125 -5.222656 1.735351 0.247744 2.146471
    54 0.000000 0.000000 0.000000 -0.077030 -0.068757 -1.299215
    55 0.000004 -0.000007 -0.000031 1.373047 0.113574 0.124314
    56 0.000000 -0.000007 -0.000031 1.373047 0.113574 0.124314
    57 2.856897 -1.536201 -0.973800 -1.501147 -0.272558 -1.578261
    58 2.856895 -1.536198 -0.973800 -1.501147 -0.272558 -1.578261
    59 0.000000 0.000000 10.000000 0.000000 0.000000 0.000000
    60 0.018898 0.665159 9.395884 0.000000 0.000000 0.000000
    61 2.000008 -3.000000 0.000000 -1.570796 0.000000 -1.326450
    62 3.028210 -0.923409 -2.009452 1.574082 -0.012974 1.587244
    63 0.116955 4.311607 0.061861 0.000010 0.000000 0.000000
    64 0.000000 0.000000 0.000001 0.000000 0.000000 0.000000
    65 0.000000 1.000000 0.000008 0.000000 0.000000 0.000000
    66 0.000000 0.000000 0.000002 0.000000 0.000000 0.000000
    67 0.000000 0.000000 0.000002 0.000000 0.000000 0.000000
    68 0.000000 0.000000 0.000002 0.000000 0.000000 0.000000
time 85
    0 2.257813 -8.406250 46.250000 1.578667 -0.022713 -0.103342
    1 3.625659 0.000000 0.000000 -2.074975 -0.055332 -1.296535
    2 18.345819 0.000000 0.000000 0.000000 0.000000 0.110640
    3 16.751528 0.000000 0.000000 0.209819 0.451790 -0.497871
    4 5.943489 0.000000 0.000000 0.020401 -0.027707 -0.535382
    5 -3.625659 0.000000 0.000000 -1.167527 -0.135724 -1.865772
    6 18.345812 0.000000 0.000000 0.000000 0.000000 0.150695
    7 16.751524 0.000000 0.000000 0.022028 -0.245374 -0.742116
    8 5.943490 0.000000 0.000000 -0.112069 0.023843 -0.457864
    9 0.000000 4.043964 -0.017929 1.568771 -0.132082 1.634261
    10 3.995838 0.000000 0.000000 -0.003918 0.030348 -0.155188
    11 3.698242 -0.000001 0.000000 0.001746 -0.030874 -0.045962
    12 5.700890 0.000000 0.000000 -0.023540 -0.059861 0.439171
    13 5.352852 -0.000001 0.000000 3.115831 0.130172 0.125932
    14 4.461819 0.000000 0.000000 -0.074744 -0.117093 0.724491
    15 4.065388 1.458945 1.500000 -1.585130 -0.902496 -0.146642
    16 5.507357 0.000004 -0.000001 -2.044041 -0.734246 -0.063285
    17 10.907398 0.000000 0.000000 0.000000 0.000000 -1.144084
    18 10.424324 -0.000008 -0.000027 1.219315 0.323488 0.239659
    19 2.997274 0.005409 -1.477472 0.297493 0.497556 -0.080474
    20 1.510382 0.000000 0.000000 0.011341 0.016615 -0.257537
    21 0.808655 0.000002 0.000000 -0.054433 -0.175361 0.039377
    22 3.305792 0.203112 -0.546730 0.228981 0.234014 0.043917
    23 1.807182 0.000002 0.000000 -0.051906 -0.088339 -0.190157
    24 0.966137 0.000001 0.000000 0.002387 0.009734 0.099588
    25 3.571512 0.109303 0.409580 0.187237 0.067893 0.178800
    26 2.150654 -0.000002 0.000000 -0.042028 -0.053936 -0.320272
    27 1.152748 0.000000 0.000000 0.001856 0.011945 0.064941
    28 3.684092 -0.158705 1.419183 0.117459 -0.234196 0.132137
    29 1.701014 -0.000002 0.000000 0.051316 0.064006 -0.334034
    30 0.994705 0.000002 0.000000 0.001258 0.038493 0.020488
    31 1.068069 -1.287201 0.981905 1.455344 -0.844004 0.072049
    32 1.836304 -0.000002 -0.000004 -0.000056 -0.188092 0.157023
    33 1.223948 -0.000001 0.000000 -0.000073 -0.040582 0.037650
    34 4.065392 1.458946 -1.500000 1.401690 0.886255 -0.200406
    35 5.507360 0.000008 -0.000001 2.441771 0.581344 -0.006448
    36 10.907398 0.000000 0.000004 0.000000 0.000000 -2.320744
    37 10.424301 -0.000005 0.000019 -1.066234 -0.207724 0.121359
    38 2.997293 0.000065 1.477481 -0.296388 -0.505836 0.084787
    39 1.510378 -0.000004 0.000000 -0.011341 -0.016615 -0.257537
    40 0.808655 0.000000 0.000000 0.054433 0.175361 0.039377
    41 3.305817 0.201134 0.547461 -0.222549 -0.222705 0.044651
    42 1.807175 0.000000 0.000000 0.051906 0.088339 -0.190157
    43 0.966141 -0.000001 0.000000 -0.002387 -0.009734 0.099588
    44 3.571524 0.110786 -0.409182 -0.183620 -0.067925 0.084169
    45 2.150656 0.000000 0.000000 0.042028 0.053936 -0.320272
    46 1.152752 0.000000 0.000000 -0.001808 -0.011970 0.185709
    47 3.684113 -0.153563 -1.419748 -0.130025 0.167228 0.135320
    48 1.701017 0.000002 0.000000 -0.051316 -0.064006 -0.334034
    49 0.994705 0.000001 0.000000 -0.001284 -0.038506 0.309237
    50 1.068094 -1.283653 -0.986553 -1.411132 0.792526 0.151201
    51 1.836306 -0.000002 0.000000 0.000056 0.188092 0.157023
    52 1.223946 0.000000 0.000002 0.000034 0.040606 0.078248
    53 1.676758 -25.156250 -1.642578 1.740831 0.258606 2.154924
    54 0.000000 0.000000 0.000000 -0.077030 -0.068757 -1.299215
    55 0.000004 -0.000007 -0.000031 1.373047 0.113574 0.124314
    56 0.000000 -0.000007 -0.000031 1.373047 0.113574 0.124314
    57 2.856897 -1.536201 -0.973800 -1.501147 -0.272558 -1.578261
    58 2.856895 -1.536198 -0.973800 -1.501147 -0.272558 -1.578261
    59 0.000000 0.000000 10.000000 0.000000 0.000000 0.000000
    60 0.018898 0.665159 9.395884 0.000000 0.000000 0.000000
    61 2.000008 -3.000000 0.000000 -1.570796 0.000000 -1.326450
    62 3.028210 -0.923409 -2.009452 1.574082 -0.012974 1.587244
    63 0.116955 4.311607 0.061861 0.000010 0.000000 0.000000
    64 0.000000 0.000000 0.000001 0.000000 0.000000 0.000000
    65 0.000000 1.000000 0.000008 0.000000 0.000000 0.000000
    66 0.000000 0.000000 0.000002 0.000000 0.000000 0.000000
    67 0.000000 0.000000 0.000002 0.000000 0.000000 0.000000
    68 0.000000 0.000000 0.000002 0.000000 0.000000 0.000000
time 86
    0 2.083984 -8.429688 46.156250 1.575172 -0.019519 -0.092294
    1 3.625659 0.000000 0.000000 -2.102294 -0.055752 -1.290497
    2 18.345819 0.000000 0.000000 0.000000 0.000000 0.115396
    3 16.751528 0.000000 0.000000 0.224019 0.449272 -0.493177
    4 5.943489 0.000000 0.000000 0.020405 -0.027704 -0.535651
    5 -3.625659 0.000000 0.000000 -1.166243 -0.134667 -1.861567
    6 18.345812 0.000000 0.000000 0.000000 0.000000 0.151214
    7 16.751524 0.000000 0.000000 0.019334 -0.249071 -0.738256
    8 5.943490 0.000000 0.000000 -0.112049 0.023853 -0.471101
    9 0.000000 4.043964 -0.017929 1.567372 -0.134535 1.632187
    10 3.995838 0.000000 0.000000 -0.005209 0.029209 -0.154771
    11 3.698242 -0.000001 0.000000 0.000184 -0.028493 -0.049305
    12 5.700890 0.000000 0.000000 -0.023109 -0.055656 0.432625
    13 5.352852 -0.000001 0.000000 3.116292 0.131738 0.138175
    14 4.461819 0.000000 0.000000 -0.075591 -0.117936 0.715272
    15 4.065388 1.458945 1.500000 -1.579989 -0.900874 -0.139562
    16 5.507357 0.000004 -0.000001 -2.051795 -0.733843 -0.048967
    17 10.907398 0.000000 0.000000 0.000000 0.000000 -1.150045
    18 10.424324 -0.000008 -0.000027 1.203763 0.335609 0.242756
    19 2.997274 0.005409 -1.477472 0.297493 0.497556 -0.080474
    20 1.510382 0.000000 0.000000 0.011341 0.016615 -0.257537
    21 0.808655 0.000002 0.000000 -0.054433 -0.175361 0.039377
    22 3.305792 0.203112 -0.546730 0.228981 0.234014 0.043917
    23 1.807182 0.000002 0.000000 -0.051906 -0.088339 -0.190157
    24 0.966137 0.000001 0.000000 0.002387 0.009734 0.099588
    25 3.571512 0.109303 0.409580 0.187237 0.067893 0.178800
    26 2.150654 -0.000002 0.000000 -0.042028 -0.053936 -0.320272
    27 1.152748 0.000000 0.000000 0.001856 0.011945 0.064941
    28 3.684092 -0.158705 1.419183 0.117459 -0.234196 0.132137
    29 1.701014 -0.000002 0.000000 0.051316 0.064006 -0.334034
    30 0.994705 0.000002 0.000000 0.001258 0.038493 0.020488
    31 1.068069 -1.287201 0.981905 1.455344 -0.844004 0.072049
    32 1.836304 -0.000002 -0.000004 -0.000056 -0.188092 0.157023
    33 1.223948 -0.000001 0.000000 -0.000073 -0.040582 0.037650
    34 4.065392 1.458946 -1.500000 1.400201 0.880742 -0.195646
    35 5.507360 0.000008 -0.000001 2.446404 0.581820 -0.009350
    36 10.907398 0.000000 0.000004 0.000000 0.000000 -2.317542
    37 10.424301 -0.000005 0.000019 -1.036399 -0.224278 0.117163
    38 2.997293 0.000065 1.477481 -0.296388 -0.505836 0.084787
    39 1.510378 -0.000004 0.000000 -0.011341 -0.016615 -0.257537
    40 0.808655 0.000000 0.000000 0.054433 0.175361 0.039377
    41 3.305817 0.201134 0.547461 -0.222549 -0.222705 0.044651
    42 1.807175 0.000000 0.000000 0.051906 0.088339 -0.190157
    43 0.966141 -0.000001 0.000000 -0.002387 -0.009734 0.099588
    44 3.571524 0.110786 -0.409182 -0.183620 -0.067925 0.084169
    45 2.150656 0.000000 0.000000 0.042028 0.053936 -0.320272
    46 1.152752 0.000000 0.000000 -0.001808 -0.011970 0.185709
    47 3.684113 -0.153563 -1.419748 -0.130025 0.167228 0.135320
    48 1.701017 0.000002 0.000000 -0.051316 -0.064006 -0.334034
    49 0.994705 0.000001 0.000000 -0.001284 -0.038506 0.309237
    50 1.068094 -1.283653 -0.986553 -1.411132 0.792526 0.151201
    51 1.836306 -0.000002 0.000000 0.000056 0.188092 0.157023
    52 1.223946 0.000000 0.000002 0.000034 0.040606 0.078248
    53 -3.246094 -26.031250 1.224609 1.745494 0.268861 2.159508
    54 0.000000 0.000000 0.000000 -0.077030 -0.068757 -1.299215
    55 0.000004 -0.000007 -0.000031 1.373047 0.113574 0.124314
    56 0.000000 -0.000007 -0.000031 1.373047 0.113574 0.124314
    57 2.856897 -1.536201 -0.973800 -1.501147 -0.272558 -1.578261
    58 2.856895 -1.536198 -0.973800 -1.501147 -0.272558 -1.578261
    59 0.000000 0.000000 10.000000 0.000000 0.000000 0.000000
    60 0.018898 0.665159 9.395884 0.000000 0.000000 0.000000
    61 2.000008 -3.000000 0.000000 -1.570796 0.000000 -1.326450
    62 3.028210 -0.923409 -2.009452 1.574082 -0.012974 1.587244
    63 0.116955 4.311607 0.061861 0.000010 0.000000 0.000000
    64 0.000000 0.000000 0.000001 0.000000 0.000000 0.000000
    65 0.000000 1.000000 0.000008 0.000000 0.000000 0.000000
    66 0.000000 0.000000 0.000002 0.000000 0.000000 0.000000
    67 0.000000 0.000000 0.000002 0.000000 0.000000 0.000000
    68 0.000000 0.000000 0.000002 0.000000 0.000000 0.000000
time 87
    0 1.907227 -8.445313 46.062500 1.573446 -0.014967 -0.082789
    1 3.625659 0.000000 0.000000 -2.123145 -0.056641 -1.285123
    2 18.345819 0.000000 0.000000 0.000000 0.000000 0.117730
    3 16.751528 0.000000 0.000000 0.222067 0.440457 -0.494978
    4 5.943489 0.000000 0.000000 0.020418 -0.027695 -0.536546
    5 -3.625659 0.000000 0.000000 -1.164946 -0.134045 -1.855685
    6 18.345812 0.000000 0.000000 0.000000 0.000000 0.150955
    7 16.751524 0.000000 0.000000 0.012142 -0.255549 -0.739650
    8 5.943490 0.000000 0.000000 -0.112017 0.023808 -0.473766
    9 0.000000 4.043964 -0.017929 1.566216 -0.136657 1.630535
    10 3.995838 0.000000 0.000000 -0.006356 0.028428 -0.154438
    11 3.698242 -0.000001 0.000000 -0.001299 -0.026114 -0.052652
    12 5.700890 0.000000 0.000000 -0.022603 -0.051383 0.426084
    13 5.352852 -0.000001 0.000000 3.116341 0.133591 0.150136
    14 4.461819 0.000000 0.000000 -0.076975 -0.118676 0.706471
    15 4.065388 1.458945 1.500000 -1.575754 -0.899256 -0.133132
    16 5.507357 0.000004 -0.000001 -2.060288 -0.731306 -0.038053
    17 10.907398 0.000000 0.000000 0.000000 0.000000 -1.152412
    18 10.424324 -0.000008 -0.000027 1.185012 0.349614 0.252309
    19 2.997274 0.005409 -1.477472 0.297493 0.497556 -0.080474
    20 1.510382 0.000000 0.000000 0.011341 0.016615 -0.257537
    21 0.808655 0.000002 0.000000 -0.054433 -0.175361 0.039377
    22 3.305792 0.203112 -0.546730 0.228981 0.234014 0.043917
    23 1.807182 0.000002 0.000000 -0.051906 -0.088339 -0.190157
    24 0.966137 0.000001 0.000000 0.002387 0.009734 0.099588
    25 3.571512 0.109303 0.409580 0.187237 0.067893 0.178800
    26 2.150654 -0.000002 0.000000 -0.042028 -0.053936 -0.320272
    27 1.152748 0.000000 0.000000 0.001856 0.011945 0.064941
    28 3.684092 -0.158705 1.419183 0.117459 -0.234196 0.132137
    29 1.701014 -0.000002 0.000000 0.051316 0.064006 -0.334034
    30 0.994705 0.000002 0.000000 0.001258 0.038493 0.020488
    31 1.068069 -1.287201 0.981905 1.455344 -0.844004 0.072049
    32 1.836304 -0.000002 -0.000004 -0.000056 -0.188092 0.157023
    33 1.223948 -0.000001 0.000000 -0.000073 -0.040582 0.037650
    34 4.065392 1.458946 -1.500000 1.398707 0.875436 -0.191395
    35 5.507360 0.000008 -0.000001 2.447901 0.581416 -0.010573
    36 10.907398 0.000000 0.000004 0.000000 0.000000 -2.312357
    37 10.424301 -0.000005 0.000019 -0.997389 -0.239192 0.114304
    38 2.997293 0.000065 1.477481 -0.296388 -0.505836 0.084787
    39 1.510378 -0.000004 0.000000 -0.011341 -0.016615 -0.257537
    40 0.808655 0.000000 0.000000 0.054433 0.175361 0.039377
    41 3.305817 0.201134 0.547461 -0.222549 -0.222705 0.044651
    42 1.807175 0.000000 0.000000 0.051906 0.088339 -0.190157
    43 0.966141 -0.000001 0.000000 -0.002387 -0.009734 0.099588
    44 3.571524 0.110786 -0.409182 -0.183620 -0.067925 0.084169
    45 2.150656 0.000000 0.000000 0.042028 0.053936 -0.320272
    46 1.152752 0.000000 0.000000 -0.001808 -0.011970 0.185709
    47 3.684113 -0.153563 -1.419748 -0.130025 0.167228 0.135320
    48 1.701017 0.000002 0.000000 -0.051316 -0.064006 -0.334034
    49 0.994705 0.000001 0.000000 -0.001284 -0.038506 0.309237
    50 1.068094 -1.283653 -0.986553 -1.411132 0.792526 0.151201
    51 1.836306 -0.000002 0.000000 0.000056 0.188092 0.157023
    52 1.223946 0.000000 0.000002 0.000034 0.040606 0.078248
    53 -9.234375 -21.609375 1.185547 1.751124 0.275188 2.159126
    54 0.000000 0.000000 0.000000 -0.077030 -0.068757 -1.299215
    55 0.000004 -0.000007 -0.000031 1.373047 0.113574 0.124314
    56 0.000000 -0.000007 -0.000031 1.373047 0.113574 0.124314
    57 2.856897 -1.536201 -0.973800 -1.501147 -0.272558 -1.578261
    58 2.856895 -1.536198 -0.973800 -1.501147 -0.272558 -1.578261
    59 0.000000 0.000000 10.000000 0.000000 0.000000 0.000000
    60 0.018898 0.665159 9.395884 0.000000 0.000000 0.000000
    61 2.000008 -3.000000 0.000000 -1.570796 0.000000 -1.326450
    62 3.028210 -0.923409 -2.009452 1.574082 -0.012974 1.587244
    63 0.116955 4.311607 0.061861 0.000010 0.000000 0.000000
    64 0.000000 0.000000 0.000001 0.000000 0.000000 0.000000
    65 0.000000 1.000000 0.000008 0.000000 0.000000 0.000000
    66 0.000000 0.000000 0.000002 0.000000 0.000000 0.000000
    67 0.000000 0.000000 0.000002 0.000000 0.000000 0.000000
    68 0.000000 0.000000 0.000002 0.000000 0.000000 0.000000
time 88
    0 1.745117 -8.445313 46.000000 1.572604 -0.009757 -0.074329
    1 3.625659 0.000000 0.000000 -2.138851 -0.057772 -1.281220
    2 18.345819 0.000000 0.000000 0.000000 0.000000 0.118768
    3 16.751528 0.000000 0.000000 0.206378 0.427375 -0.503500
    4 5.943489 0.000000 0.000000 0.020411 -0.027699 -0.536099
    5 -3.625659 0.000000 0.000000 -1.162414 -0.132370 -1.849430
    6 18.345812 0.000000 0.000000 0.000000 0.000000 0.150608
    7 16.751524 0.000000 0.000000 0.004716 -0.262584 -0.742605
    8 5.943490 0.000000 0.000000 -0.112012 0.023833 -0.473322
    9 0.000000 4.043964 -0.017929 1.565205 -0.138600 1.629556
    10 3.995838 0.000000 0.000000 -0.007451 0.028085 -0.154106
    11 3.698242 -0.000001 0.000000 -0.002705 -0.023739 -0.055832
    12 5.700890 0.000000 0.000000 -0.022080 -0.047293 0.419643
    13 5.352852 -0.000001 0.000000 3.115883 0.134956 0.161292
    14 4.461819 0.000000 0.000000 -0.078506 -0.119177 0.698510
    15 4.065388 1.458945 1.500000 -1.572610 -0.898035 -0.127141
    16 5.507357 0.000004 -0.000001 -2.068388 -0.728411 -0.029287
    17 10.907398 0.000000 0.000000 0.000000 0.000000 -1.150971
    18 10.424324 -0.000008 -0.000027 1.171638 0.362551 0.250823
    19 2.997274 0.005409 -1.477472 0.297493 0.497556 -0.080474
    20 1.510382 0.000000 0.000000 0.011341 0.016615 -0.257537
    21 0.808655 0.000002 0.000000 -0.054433 -0.175361 0.039377
    22 3.305792 0.203112 -0.546730 0.228981 0.234014 0.043917
    23 1.807182 0.000002 0.000000 -0.051906 -0.088339 -0.190157
    24 0.966137 0.000001 0.000000 0.002387 0.009734 0.099588
    25 3.571512 0.109303 0.409580 0.187237 0.067893 0.178800
    26 2.150654 -0.000002 0.000000 -0.042028 -0.053936 -0.320272
    27 1.152748 0.000000 0.000000 0.001856 0.011945 0.064941
    28 3.684092 -0.158705 1.419183 0.117459 -0.234196 0.132137
    29 1.701014 -0.000002 0.000000 0.051316 0.064006 -0.334034
    30 0.994705 0.000002 0.000000 0.001258 0.038493 0.020488
    31 1.068069 -1.287201 0.981905 1.455344 -0.844004 0.072049
    32 1.836304 -0.000002 -0.000004 -0.000056 -0.188092 0.157023
    33 1.223948 -0.000001 0.000000 -0.000073 -0.040582 0.037650
    34 4.065392 1.458946 -1.500000 1.398086 0.870308 -0.187706
    35 5.507360 0.000008 -0.000001 2.448434 0.580872 -0.010598
    36 10.907398 0.000000 0.000004 0.000000 0.000000 -2.304616
    37 10.424301 -0.000005 0.000019 -0.950021 -0.263449 0.104119
    38 2.997293 0.000065 1.477481 -0.296388 -0.505836 0.084787
    39 1.510378 -0.000004 0.000000 -0.011341 -0.016615 -0.257537
    40 0.808655 0.000000 0.000000 0.054433 0.175361 0.039377
    41 3.305817 0.201134 0.547461 -0.222549 -0.222705 0.044651
    42 1.807175 0.000000 0.000000 0.051906 0.088339 -0.190157
    43 0.966141 -0.000001 0.000000 -0.002387 -0.009734 0.099588
    44 3.571524 0.110786 -0.409182 -0.183620 -0.067925 0.084169
    45 2.150656 0.000000 0.000000 0.042028 0.053936 -0.320272
    46 1.152752 0.000000 0.000000 -0.001808 -0.011970 0.185709
    47 3.684113 -0.153563 -1.419748 -0.130025 0.167228 0.135320
    48 1.701017 0.000002 0.000000 -0.051316 -0.064006 -0.334034
    49 0.994705 0.000001 0.000000 -0.001284 -0.038506 0.309237
    50 1.068094 -1.283653 -0.986553 -1.411132 0.792526 0.151201
    51 1.836306 -0.000002 0.000000 0.000056 0.188092 0.157023
    52 1.223946 0.000000 0.000002 0.000034 0.040606 0.078248
    53 -11.945313 -15.289063 -2.345703 1.756869 0.279726 2.155272
    54 0.000000 0.000000 0.000000 -0.077030 -0.068757 -1.299215
    55 0.000004 -0.000007 -0.000031 1.373047 0.113574 0.124314
    56 0.000000 -0.000007 -0.000031 1.373047 0.113574 0.124314
    57 2.856897 -1.536201 -0.973800 -1.501147 -0.272558 -1.578261
    58 2.856895 -1.536198 -0.973800 -1.501147 -0.272558 -1.578261
    59 0.000000 0.000000 10.000000 0.000000 0.000000 0.000000
    60 0.018898 0.665159 9.395884 0.000000 0.000000 0.000000
    61 2.000008 -3.000000 0.000000 -1.570796 0.000000 -1.326450
    62 3.028210 -0.923409 -2.009452 1.574082 -0.012974 1.587244
    63 0.116955 4.311607 0.061861 0.000010 0.000000 0.000000
    64 0.000000 0.000000 0.000001 0.000000 0.000000 0.000000
    65 0.000000 1.000000 0.000008 0.000000 0.000000 0.000000
    66 0.000000 0.000000 0.000002 0.000000 0.000000 0.000000
    67 0.000000 0.000000 0.000002 0.000000 0.000000 0.000000
    68 0.000000 0.000000 0.000002 0.000000 0.000000 0.000000
time 89
    0 1.624023 -8.437500 45.937500 1.572539 -0.005892 -0.066998
    1 3.625659 0.000000 0.000000 -2.148954 -0.058595 -1.281093
    2 18.345819 0.000000 0.000000 0.000000 0.000000 0.117990
    3 16.751528 0.000000 0.000000 0.183145 0.410907 -0.515853
    4 5.943489 0.000000 0.000000 0.020410 -0.027700 -0.536009
    5 -3.625659 0.000000 0.000000 -1.160480 -0.129107 -1.845803
    6 18.345812 0.000000 0.000000 0.000000 0.000000 0.151734
    7 16.751524 0.000000 0.000000 0.001485 -0.269306 -0.747020
    8 5.943490 0.000000 0.000000 -0.112084 0.023868 -0.472348
    9 0.000000 4.043964 -0.017929 1.564102 -0.140453 1.628756
    10 3.995838 0.000000 0.000000 -0.008456 0.027661 -0.154031
    11 3.698242 -0.000001 0.000000 -0.004203 -0.021542 -0.058841
    12 5.700890 0.000000 0.000000 -0.021556 -0.043028 0.413562
    13 5.352852 -0.000001 0.000000 3.114965 0.135742 0.171299
    14 4.461819 0.000000 0.000000 -0.080099 -0.119193 0.691363
    15 4.065388 1.458945 1.500000 -1.570706 -0.897520 -0.120779
    16 5.507357 0.000004 -0.000001 -2.075066 -0.725104 -0.021522
    17 10.907398 0.000000 0.000000 0.000000 0.000000 -1.149633
    18 10.424324 -0.000008 -0.000027 1.160313 0.375168 0.246493
    19 2.997274 0.005409 -1.477472 0.297493 0.497556 -0.080474
    20 1.510382 0.000000 0.000000 0.011341 0.016615 -0.257537
    21 0.808655 0.000002 0.000000 -0.054433 -0.175361 0.039377
    22 3.305792 0.203112 -0.546730 0.228981 0.234014 0.043917
    23 1.807182 0.000002 0.000000 -0.051906 -0.088339 -0.190157
    24 0.966137 0.000001 0.000000 0.002387 0.009734 0.099588
    25 3.571512 0.109303 0.409580 0.187237 0.067893 0.178800
    26 2.150654 -0.000002 0.000000 -0.042028 -0.053936 -0.320272
    27 1.152748 0.000000 0.000000 0.001856 0.011945 0.064941
    28 3.684092 -0.158705 1.419183 0.117459 -0.234196 0.132137
    29 1.701014 -0.000002 0.000000 0.051316 0.064006 -0.334034
    30 0.994705 0.000002 0.000000 0.001258 0.038493 0.020488
    31 1.068069 -1.287201 0.981905 1.455344 -0.844004 0.072049
    32 1.836304 -0.000002 -0.000004 -0.000056 -0.188092 0.157023
    33 1.223948 -0.000001 0.000000 -0.000073 -0.040582 0.037650
    34 4.065392 1.458946 -1.500000 1.397702 0.865623 -0.185387
    35 5.507360 0.000008 -0.000001 2.453226 0.580193 -0.012740
    36 10.907398 0.000000 0.000004 0.000000 0.000000 -2.299417
    37 10.424301 -0.000005 0.000019 -0.912011 -0.278158 0.086343
    38 2.997293 0.000065 1.477481 -0.296388 -0.505836 0.084787
    39 1.510378 -0.000004 0.000000 -0.011341 -0.016615 -0.257537
    40 0.808655 0.000000 0.000000 0.054433 0.175361 0.039377
    41 3.305817 0.201134 0.547461 -0.222549 -0.222705 0.044651
    42 1.807175 0.000000 0.000000 0.051906 0.088339 -0.190157
    43 0.966141 -0.000001 0.000000 -0.002387 -0.009734 0.099588
    44 3.571524 0.110786 -0.409182 -0.183620 -0.067925 0.084169
    45 2.150656 0.000000 0.000000 0.042028 0.053936 -0.320272
    46 1.152752 0.000000 0.000000 -0.001808 -0.011970 0.185709
    47 3.684113 -0.153563 -1.419748 -0.130025 0.167228 0.135320
    48 1.701017 0.000002 0.000000 -0.051316 -0.064006 -0.334034
    49 0.994705 0.000001 0.000000 -0.001284 -0.038506 0.309237
    50 1.068094 -1.283653 -0.986553 -1.411132 0.792526 0.151201
    51 1.836306 -0.000002 0.000000 0.000056 0.188092 0.157023
    52 1.223946 0.000000 0.000002 0.000034 0.040606 0.078248
    53 -8.632813 -12.359375 -7.328125 1.761953 0.284810 2.152430
    54 0.000000 0.000000 0.000000 -0.077030 -0.068757 -1.299215
    55 0.000004 -0.000007 -0.000031 1.373047 0.113574 0.124314
    56 0.000000 -0.000007 -0.000031 1.373047 0.113574 0.124314
    57 2.856897 -1.536201 -0.973800 -1.501147 -0.272558 -1.578261
    58 2.856895 -1.536198 -0.973800 -1.501147 -0.272558 -1.578261
    59 0.000000 0.000000 10.000000 0.000000 0.000000 0.000000
    60 0.018898 0.665159 9.395884 0.000000 0.000000 0.000000
    61 2.000008 -3.000000 0.000000 -1.570796 0.000000 -1.326450
    62 3.028210 -0.923409 -2.009452 1.574082 -0.012974 1.587244
    63 0.116955 4.311607 0.061861 0.000010 0.000000 0.000000
    64 0.000000 0.000000 0.000001 0.000000 0.000000 0.000000
    65 0.000000 1.000000 0.000008 0.000000 0.000000 0.000000
    66 0.000000 0.000000 0.000002 0.000000 0.000000 0.000000
    67 0.000000 0.000000 0.000002 0.000000 0.000000 0.000000
    68 0.000000 0.000000 0.000002 0.000000 0.000000 0.000000
time 90
    0 1.530273 -8.429688 45.875000 1.573296 -0.001766 -0.060640
    1 3.625659 0.000000 0.000000 -2.153069 -0.059480 -1.282367
    2 18.345819 0.000000 0.000000 0.000000 0.000000 0.116693
    3 16.751528 0.000000 0.000000 0.155956 0.391812 -0.531029
    4 5.943489 0.000000 0.000000 0.020388 -0.027678 -0.540397
    5 -3.625659 0.000000 0.000000 -1.157886 -0.125090 -1.842528
    6 18.345812 0.000000 0.000000 0.000000 0.000000 0.152773
    7 16.751524 0.000000 0.000000 0.000395 -0.275590 -0.749739
    8 5.943490 0.000000 0.000000 -0.112047 0.023863 -0.470924
    9 0.000000 4.043964 -0.017929 1.563155 -0.141587 1.627738
    10 3.995838 0.000000 0.000000 -0.009468 0.027324 -0.153957
    11 3.698242 -0.000001 0.000000 -0.005555 -0.018740 -0.061597
    12 5.700890 0.000000 0.000000 -0.020722 -0.037945 0.407912
    13 5.352852 -0.000001 0.000000 3.114367 0.137433 0.179586
    14 4.461819 0.000000 0.000000 -0.081837 -0.119429 0.685168
    15 4.065388 1.458945 1.500000 -1.571028 -0.897169 -0.112471
    16 5.507357 0.000004 -0.000001 -2.081132 -0.720614 -0.014520
    17 10.907398 0.000000 0.000000 0.000000 0.000000 -1.151382
    18 10.424324 -0.000008 -0.000027 1.151178 0.387914 0.237735
    19 2.997274 0.005409 -1.477472 0.297493 0.497556 -0.080474
    20 1.510382 0.000000 0.000000 0.011341 0.016615 -0.257537
    21 0.808655 0.000002 0.000000 -0.054433 -0.175361 0.039377
    22 3.305792 0.203112 -0.546730 0.228981 0.234014 0.043917
    23 1.807182 0.000002 0.000000 -0.051906 -0.088339 -0.190157
    24 0.966137 0.000001 0.000000 0.002387 0.009734 0.099588
    25 3.571512 0.109303 0.409580 0.187237 0.067893 0.178800
    26 2.150654 -0.000002 0.000000 -0.042028 -0.053936 -0.320272
    27 1.152748 0.000000 0.000000 0.001856 0.011945 0.064941
    28 3.684092 -0.158705 1.419183 0.117459 -0.234196 0.132137
    29 1.701014 -0.000002 0.000000 0.051316 0.064006 -0.334034
    30 0.994705 0.000002 0.000000 0.001258 0.038493 0.020488
    31 1.068069 -1.287201 0.981905 1.455344 -0.844004 0.072049
    32 1.836304 -0.000002 -0.000004 -0.000056 -0.188092 0.157023
    33 1.223948 -0.000001 0.000000 -0.000073 -0.040582 0.037650
    34 4.065392 1.458946 -1.500000 1.397611 0.863029 -0.183948
    35 5.507360 0.000008 -0.000001 2.456059 0.577689 -0.012520
    36 10.907398 0.000000 0.000004 0.000000 0.000000 -2.295727
    37 10.424301 -0.000005 0.000019 -0.885847 -0.283122 0.075868
    38 2.997293 0.000065 1.477481 -0.296388 -0.505836 0.084787
    39 1.510378 -0.000004 0.000000 -0.011341 -0.016615 -0.257537
    40 0.808655 0.000000 0.000000 0.054433 0.175361 0.039377
    41 3.305817 0.201134 0.547461 -0.222549 -0.222705 0.044651
    42 1.807175 0.000000 0.000000 0.051906 0.088339 -0.190157
    43 0.966141 -0.000001 0.000000 -0.002387 -0.009734 0.099588
    44 3.571524 0.110786 -0.409182 -0.183620 -0.067925 0.084169
    45 2.150656 0.000000 0.000000 0.042028 0.053936 -0.320272
    46 1.152752 0.000000 0.000000 -0.001808 -0.011970 0.185709
    47 3.684113 -0.153563 -1.419748 -0.130025 0.167228 0.135320
    48 1.701017 0.000002 0.000000 -0.051316 -0.064006 -0.334034
    49 0.994705 0.000001 0.000000 -0.001284 -0.038506 0.309237
    50 1.068094 -1.283653 -0.986553 -1.411132 0.792526 0.151201
    51 1.836306 -0.000002 0.000000 0.000056 0.188092 0.157023
    52 1.223946 0.000000 0.000002 0.000034 0.040606 0.078248
    53 -3.277344 -12.429688 -11.757813 1.766738 0.290290 2.153691
    54 0.000000 0.000000 0.000000 -0.077030 -0.068757 -1.299215
    55 0.000004 -0.000007 -0.000031 1.373047 0.113574 0.124314
    56 0.000000 -0.000007 -0.000031 1.373047 0.113574 0.124314
    57 2.856897 -1.536201 -0.973800 -1.501147 -0.272558 -1.578261
    58 2.856895 -1.536198 -0.973800 -1.501147 -0.272558 -1.578261
    59 0.000000 0.000000 10.000000 0.000000 0.000000 0.000000
    60 0.018898 0.665159 9.395884 0.000000 0.000000 0.000000
    61 2.000008 -3.000000 0.000000 -1.570796 0.000000 -1.326450
    62 3.028210 -0.923409 -2.009452 1.574082 -0.012974 1.587244
    63 0.116955 4.311607 0.061861 0.000010 0.000000 0.000000
    64 0.000000 0.000000 0.000001 0.000000 0.000000 0.000000
    65 0.000000 1.000000 0.000008 0.000000 0.000000 0.000000
    66 0.000000 0.000000 0.000002 0.000000 0.000000 0.000000
    67 0.000000 0.000000 0.000002 0.000000 0.000000 0.000000
    68 0.000000 0.000000 0.000002 0.000000 0.000000 0.000000
time 91
    0 1.455078 -8.398438 45.812500 1.575837 0.002038 -0.055425
    1 3.625659 0.000000 0.000000 -2.155607 -0.062183 -1.284111
    2 18.345819 0.000000 0.000000 0.000000 0.000000 0.115741
    3 16.751528 0.000000 0.000000 0.133123 0.372062 -0.542177
    4 5.943489 0.000000 0.000000 0.020440 -0.027678 -0.538158
    5 -3.625659 0.000000 0.000000 -1.157721 -0.122833 -1.839366
    6 18.345812 0.000000 0.000000 0.000000 0.000000 0.154764
    7 16.751524 0.000000 0.000000 0.000581 -0.277678 -0.749880
    8 5.943490 0.000000 0.000000 -0.112020 0.023809 -0.470387
    9 0.000000 4.043964 -0.017929 1.562383 -0.143198 1.627183
    10 3.995838 0.000000 0.000000 -0.010321 0.027172 -0.153882
    11 3.698242 -0.000001 0.000000 -0.006813 -0.016286 -0.064876
    12 5.700890 0.000000 0.000000 -0.020049 -0.033633 0.400876
    13 5.352852 -0.000001 0.000000 3.112239 0.138357 0.185431
    14 4.461819 0.000000 0.000000 -0.084019 -0.120238 0.679784
    15 4.065388 1.458945 1.500000 -1.572118 -0.899235 -0.106299
    16 5.507357 0.000004 -0.000001 -2.084311 -0.717272 -0.006981
    17 10.907398 0.000000 0.000000 0.000000 0.000000 -1.155090
    18 10.424324 -0.000008 -0.000027 1.142197 0.401797 0.230518
    19 2.997274 0.005409 -1.477472 0.297493 0.497556 -0.080474
    20 1.510382 0.000000 0.000000 0.011341 0.016615 -0.257537
    21 0.808655 0.000002 0.000000 -0.054433 -0.175361 0.039377
    22 3.305792 0.203112 -0.546730 0.228981 0.234014 0.043917
    23 1.807182 0.000002 0.000000 -0.051906 -0.088339 -0.190157
    24 0.966137 0.000001 0.000000 0.002387 0.009734 0.099588
    25 3.571512 0.109303 0.409580 0.187237 0.067893 0.178800
    26 2.150654 -0.000002 0.000000 -0.042028 -0.053936 -0.320272
    27 1.152748 0.000000 0.000000 0.001856 0.011945 0.064941
    28 3.684092 -0.158705 1.419183 0.117459 -0.234196 0.132137
    29 1.701014 -0.000002 0.000000 0.051316 0.064006 -0.334034
    30 0.994705 0.000002 0.000000 0.001258 0.038493 0.020488
    31 1.068069 -1.287201 0.981905 1.455344 -0.844004 0.072049
    32 1.836304 -0.000002 -0.000004 -0.000056 -0.188092 0.157023
    33 1.223948 -0.000001 0.000000 -0.000073 -0.040582 0.037650
    34 4.065392 1.458946 -1.500000 1.397979 0.861651 -0.183261
    35 5.507360 0.000008 -0.000001 2.456904 0.575375 -0.009911
    36 10.907398 0.000000 0.000004 0.000000 0.000000 -2.292791
    37 10.424301 -0.000005 0.000019 -0.858216 -0.290465 0.074282
    38 2.997293 0.000065 1.477481 -0.296388 -0.505836 0.084787
    39 1.510378 -0.000004 0.000000 -0.011341 -0.016615 -0.257537
    40 0.808655 0.000000 0.000000 0.054433 0.175361 0.039377
    41 3.305817 0.201134 0.547461 -0.222549 -0.222705 0.044651
    42 1.807175 0.000000 0.000000 0.051906 0.088339 -0.190157
    43 0.966141 -0.000001 0.000000 -0.002387 -0.009734 0.099588
    44 3.571524 0.110786 -0.409182 -0.183620 -0.067925 0.084169
    45 2.150656 0.000000 0.000000 0.042028 0.053936 -0.320272
    46 1.152752 0.000000 0.000000 -0.001808 -0.011970 0.185709
    47 3.684113 -0.153563 -1.419748 -0.130025 0.167228 0.135320
    48 1.701017 0.000002 0.000000 -0.051316 -0.064006 -0.334034
    49 0.994705 0.000001 0.000000 -0.001284 -0.038506 0.309237
    50 1.068094 -1.283653 -0.986553 -1.411132 0.792526 0.151201
    51 1.836306 -0.000002 0.000000 0.000056 0.188092 0.157023
    52 1.223946 0.000000 0.000002 0.000034 0.040606 0.078248
    53 2.468750 -17.234375 -14.210938 1.771592 0.295589 2.157310
    54 0.000000 0.000000 0.000000 -0.077030 -0.068757 -1.299215
    55 0.000004 -0.000007 -0.000031 1.373047 0.113574 0.124314
    56 0.000000 -0.000007 -0.000031 1.373047 0.113574 0.124314
    57 2.856897 -1.536201 -0.973800 -1.501147 -0.272558 -1.578261
    58 2.856895 -1.536198 -0.973800 -1.501147 -0.272558 -1.578261
    59 0.000000 0.000000 10.000000 0.000000 0.000000 0.000000
    60 0.018898 0.665159 9.395884 0.000000 0.000000 0.000000
    61 2.000008 -3.000000 0.000000 -1.570796 0.000000 -1.326450
    62 3.028210 -0.923409 -2.009452 1.574082 -0.012974 1.587244
    63 0.116955 4.311607 0.061861 0.000010 0.000000 0.000000
    64 0.000000 0.000000 0.000001 0.000000 0.000000 0.000000
    65 0.000000 1.000000 0.000008 0.000000 0.000000 0.000000
    66 0.000000 0.000000 0.000002 0.000000 0.000000 0.000000
    67 0.000000 0.000000 0.000002 0.000000 0.000000 0.000000
    68 0.000000 0.000000 0.000002 0.000000 0.000000 0.000000
time 92
    0 1.399414 -8.367188 45.750000 1.579041 0.005387 -0.051355
    1 3.625659 0.000000 0.000000 -2.158879 -0.065006 -1.286448
    2 18.345819 0.000000 0.000000 0.000000 0.000000 0.115396
    3 16.751528 0.000000 0.000000 0.116041 0.355841 -0.547135
    4 5.943489 0.000000 0.000000 0.020388 -0.027717 -0.534398
    5 -3.625659 0.000000 0.000000 -1.156889 -0.120665 -1.836624
    6 18.345812 0.000000 0.000000 0.000000 0.000000 0.156583
    7 16.751524 0.000000 0.000000 0.003148 -0.277360 -0.747038
    8 5.943490 0.000000 0.000000 -0.112065 0.023795 -0.468787
    9 0.000000 4.043964 -0.017929 1.561666 -0.144473 1.627066
    10 3.995838 0.000000 0.000000 -0.011021 0.027292 -0.153719
    11 3.698242 -0.000001 0.000000 -0.007807 -0.014259 -0.067985
    12 5.700890 0.000000 0.000000 -0.019580 -0.030161 0.394128
    13 5.352852 -0.000001 0.000000 3.110095 0.138477 0.189544
    14 4.461819 0.000000 0.000000 -0.085731 -0.120105 0.675136
    15 4.065388 1.458945 1.500000 -1.570346 -0.900373 -0.103993
    16 5.507357 0.000004 -0.000001 -2.087111 -0.715103 -0.000505
    17 10.907398 0.000000 0.000000 0.000000 0.000000 -1.158079
    18 10.424324 -0.000008 -0.000027 1.130991 0.415554 0.231827
    19 2.997274 0.005409 -1.477472 0.297493 0.497556 -0.080474
    20 1.510382 0.000000 0.000000 0.011341 0.016615 -0.257537
    21 0.808655 0.000002 0.000000 -0.054433 -0.175361 0.039377
    22 3.305792 0.203112 -0.546730 0.228981 0.234014 0.043917
    23 1.807182 0.000002 0.000000 -0.051906 -0.088339 -0.190157
    24 0.966137 0.000001 0.000000 0.002387 0.009734 0.099588
    25 3.571512 0.109303 0.409580 0.187237 0.067893 0.178800
    26 2.150654 -0.000002 0.000000 -0.042028 -0.053936 -0.320272
    27 1.152748 0.000000 0.000000 0.001856 0.011945 0.064941
    28 3.684092 -0.158705 1.419183 0.117459 -0.234196 0.132137
    29 1.701014 -0.000002 0.000000 0.051316 0.064006 -0.334034
    30 0.994705 0.000002 0.000000 0.001258 0.038493 0.020488
    31 1.068069 -1.287201 0.981905 1.455344 -0.844004 0.072049
    32 1.836304 -0.000002 -0.000004 -0.000056 -0.188092 0.157023
    33 1.223948 -0.000001 0.000000 -0.000073 -0.040582 0.037650
    34 4.065392 1.458946 -1.500000 1.397409 0.861415 -0.184846
    35 5.507360 0.000008 -0.000001 2.460078 0.574411 -0.006333
    36 10.907398 0.000000 0.000004 0.000000 0.000000 -2.291465
    37 10.424301 -0.000005 0.000019 -0.834733 -0.294490 0.073610
    38 2.997293 0.000065 1.477481 -0.296388 -0.505836 0.084787
    39 1.510378 -0.000004 0.000000 -0.011341 -0.016615 -0.257537
    40 0.808655 0.000000 0.000000 0.054433 0.175361 0.039377
    41 3.305817 0.201134 0.547461 -0.222549 -0.222705 0.044651
    42 1.807175 0.000000 0.000000 0.051906 0.088339 -0.190157
    43 0.966141 -0.000001 0.000000 -0.002387 -0.009734 0.099588
    44 3.571524 0.110786 -0.409182 -0.183620 -0.067925 0.084169
    45 2.150656 0.000000 0.000000 0.042028 0.053936 -0.320272
    46 1.152752 0.000000 0.000000 -0.001808 -0.011970 0.185709
    47 3.684113 -0.153563 -1.419748 -0.130025 0.167228 0.135320
    48 1.701017 0.000002 0.000000 -0.051316 -0.064006 -0.334034
    49 0.994705 0.000001 0.000000 -0.001284 -0.038506 0.309237
    50 1.068094 -1.283653 -0.986553 -1.411132 0.792526 0.151201
    51 1.836306 -0.000002 0.000000 0.000056 0.188092 0.157023
    52 1.223946 0.000000 0.000002 0.000034 0.040606 0.078248
    53 3.029297 -24.250000 -12.070313 1.776458 0.300997 2.160238
    54 0.000000 0.000000 0.000000 -0.077030 -0.068757 -1.299215
    55 0.000004 -0.000007 -0.000031 1.373047 0.113574 0.124314
    56 0.000000 -0.000007 -0.000031 1.373047 0.113574 0.124314
    57 2.856897 -1.536201 -0.973800 -1.501147 -0.272558 -1.578261
    58 2.856895 -1.536198 -0.973800 -1.501147 -0.272558 -1.578261
    59 0.000000 0.000000 10.000000 0.000000 0.000000 0.000000
    60 0.018898 0.665159 9.395884 0.000000 0.000000 0.000000
    61 2.000008 -3.000000 0.000000 -1.570796 0.000000 -1.326450
    62 3.028210 -0.923409 -2.009452 1.574082 -0.012974 1.587244
    63 0.116955 4.311607 0.061861 0.000010 0.000000 0.000000
    64 0.000000 0.000000 0.000001 0.000000 0.000000 0.000000
    65 0.000000 1.000000 0.000008 0.000000 0.000000 0.000000
    66 0.000000 0.000000 0.000002 0.000000 0.000000 0.000000
    67 0.000000 0.000000 0.000002 0.000000 0.000000 0.000000
    68 0.000000 0.000000 0.000002 0.000000 0.000000 0.000000
time 93
    0 1.360352 -8.367188 45.687500 1.581441 0.008323 -0.048616
    1 3.625659 0.000000 0.000000 -2.158778 -0.066615 -1.289194
    2 18.345819 0.000000 0.000000 0.000000 0.000000 0.116779
    3 16.751528 0.000000 0.000000 0.103925 0.344716 -0.549155
    4 5.943489 0.000000 0.000000 0.020415 -0.027735 -0.530371
    5 -3.625659 0.000000 0.000000 -1.155217 -0.117283 -1.834142
    6 18.345812 0.000000 0.000000 0.000000 0.000000 0.157448
    7 16.751524 0.000000 0.000000 0.006982 -0.276590 -0.741171
    8 5.943490 0.000000 0.000000 -0.112029 0.023828 -0.459993
    9 0.000000 4.043964 -0.017929 1.561335 -0.143082 1.627345
    10 3.995838 0.000000 0.000000 -0.011393 0.027431 -0.154764
    11 3.698242 -0.000001 0.000000 -0.008451 -0.012903 -0.069108
    12 5.700890 0.000000 0.000000 -0.019223 -0.027697 0.391538
    13 5.352852 -0.000001 0.000000 3.108046 0.137758 0.194978
    14 4.461819 0.000000 0.000000 -0.087020 -0.119858 0.670270
    15 4.065388 1.458945 1.500000 -1.571125 -0.900495 -0.099071
    16 5.507357 0.000004 -0.000001 -2.090359 -0.710119 0.006793
    17 10.907398 0.000000 0.000000 0.000000 0.000000 -1.158492
    18 10.424324 -0.000008 -0.000027 1.119373 0.429433 0.238104
    19 2.997274 0.005409 -1.477472 0.297493 0.497556 -0.080474
    20 1.510382 0.000000 0.000000 0.011341 0.016615 -0.257537
    21 0.808655 0.000002 0.000000 -0.054433 -0.175361 0.039377
    22 3.305792 0.203112 -0.546730 0.228981 0.234014 0.043917
    23 1.807182 0.000002 0.000000 -0.051906 -0.088339 -0.190157
    24 0.966137 0.000001 0.000000 0.002387 0.009734 0.099588
    25 3.571512 0.109303 0.409580 0.187237 0.067893 0.178800
    26 2.150654 -0.000002 0.000000 -0.042028 -0.053936 -0.320272
    27 1.152748 0.000000 0.000000 0.001856 0.011945 0.064941
    28 3.684092 -0.158705 1.419183 0.117459 -0.234196 0.132137
    29 1.701014 -0.000002 0.000000 0.051316 0.064006 -0.334034
    30 0.994705 0.000002 0.000000 0.001258 0.038493 0.020488
    31 1.068069 -1.287201 0.981905 1.455344 -0.844004 0.072049
    32 1.836304 -0.000002 -0.000004 -0.000056 -0.188092 0.157023
    33 1.223948 -0.000001 0.000000 -0.000073 -0.040582 0.037650
    34 4.065392 1.458946 -1.500000 1.397338 0.860587 -0.185042
    35 5.507360 0.000008 -0.000001 2.464065 0.572396 -0.001960
    36 10.907398 0.000000 0.000004 0.000000 0.000000 -2.288431
    37 10.424301 -0.000005 0.000019 -0.817464 -0.294610 0.072638
    38 2.997293 0.000065 1.477481 -0.296388 -0.505836 0.084787
    39 1.510378 -0.000004 0.000000 -0.011341 -0.016615 -0.257537
    40 0.808655 0.000000 0.000000 0.054433 0.175361 0.039377
    41 3.305817 0.201134 0.547461 -0.222549 -0.222705 0.044651
    42 1.807175 0.000000 0.000000 0.051906 0.088339 -0.190157
    43 0.966141 -0.000001 0.000000 -0.002387 -0.009734 0.099588
    44 3.571524 0.110786 -0.409182 -0.183620 -0.067925 0.084169
    45 2.150656 0.000000 0.000000 0.042028 0.053936 -0.320272
    46 1.152752 0.000000 0.000000 -0.001808 -0.011970 0.185709
    47 3.684113 -0.153563 -1.419748 -0.130025 0.167228 0.135320
    48 1.701017 0.000002 0.000000 -0.051316 -0.064006 -0.334034
    49 0.994705 0.000001 0.000000 -0.001284 -0.038506 0.309237
    50 1.068094 -1.283653 -0.986553 -1.411132 0.792526 0.151201
    51 1.836306 -0.000002 0.000000 0.000056 0.188092 0.157023
    52 1.223946 0.000000 0.000002 0.000034 0.040606 0.078248
    53 -0.620605 -27.781250 -9.125000 1.781588 0.307470 2.160749
    54 0.000000 0.000000 0.000000 -0.077030 -0.068757 -1.299215
    55 0.000004 -0.000007 -0.000031 1.373047 0.113574 0.124314
    56 0.000000 -0.000007 -0.000031 1.373047 0.113574 0.124314
    57 2.856897 -1.536201 -0.973800 -1.501147 -0.272558 -1.578261
    58 2.856895 -1.536198 -0.973800 -1.501147 -0.272558 -1.578261
    59 0.000000 0.000000 10.000000 0.000000 0.000000 0.000000
    60 0.018898 0.665159 9.395884 0.000000 0.000000 0.000000
    61 2.000008 -3.000000 0.000000 -1.570796 0.000000 -1.326450
    62 3.028210 -0.923409 -2.009452 1.574082 -0.012974 1.587244
    63 0.116955 4.311607 0.061861 0.000010 0.000000 0.000000
    64 0.000000 0.000000 0.000001 0.000000 0.000000 0.000000
    65 0.000000 1.000000 0.000008 0.000000 0.000000 0.000000
    66 0.000000 0.000000 0.000002 0.000000 0.000000 0.000000
    67 0.000000 0.000000 0.000002 0.000000 0.000000 0.000000
    68 0.000000 0.000000 0.000002 0.000000 0.000000 0.000000
time 94
    0 1.349609 -8.367188 45.625000 1.583945 0.010239 -0.049161
    1 3.625659 0.000000 0.000000 -2.157331 -0.066871 -1.292380
    2 18.345819 0.000000 0.000000 0.000000 0.000000 0.117471
    3 16.751528 0.000000 0.000000 0.099506 0.345374 -0.544838
    4 5.943489 0.000000 0.000000 0.020418 -0.027672 -0.526167
    5 -3.625659 0.000000 0.000000 -1.149523 -0.115325 -1.832732
    6 18.345812 0.000000 0.000000 0.000000 0.000000 0.158834
    7 16.751524 0.000000 0.000000 0.001832 -0.282176 -0.733096
    8 5.943490 0.000000 0.000000 -0.112018 0.023874 -0.437560
    9 0.000000 4.043964 -0.017929 1.561688 -0.139917 1.628109
    10 3.995838 0.000000 0.000000 -0.011278 0.027865 -0.156498
    11 3.698242 -0.000001 0.000000 -0.008389 -0.012210 -0.069112
    12 5.700890 0.000000 0.000000 -0.018665 -0.026664 0.391429
    13 5.352852 -0.000001 0.000000 3.106369 0.136605 0.201488
    14 4.461819 0.000000 0.000000 -0.087955 -0.119441 0.666376
    15 4.065388 1.458945 1.500000 -1.572012 -0.899480 -0.094547
    16 5.507357 0.000004 -0.000001 -2.094140 -0.704509 0.010996
    17 10.907398 0.000000 0.000000 0.000000 0.000000 -1.158595
    18 10.424324 -0.000008 -0.000027 1.111002 0.441257 0.239822
    19 2.997274 0.005409 -1.477472 0.297493 0.497556 -0.080474
    20 1.510382 0.000000 0.000000 0.011341 0.016615 -0.257537
    21 0.808655 0.000002 0.000000 -0.054433 -0.175361 0.039377
    22 3.305792 0.203112 -0.546730 0.228981 0.234014 0.043917
    23 1.807182 0.000002 0.000000 -0.051906 -0.088339 -0.190157
    24 0.966137 0.000001 0.000000 0.002387 0.009734 0.099588
    25 3.571512 0.109303 0.409580 0.187237 0.067893 0.178800
    26 2.150654 -0.000002 0.000000 -0.042028 -0.053936 -0.320272
    27 1.152748 0.000000 0.000000 0.001856 0.011945 0.064941
    28 3.684092 -0.158705 1.419183 0.117459 -0.234196 0.132137
    29 1.701014 -0.000002 0.000000 0.051316 0.064006 -0.334034
    30 0.994705 0.000002 0.000000 0.001258 0.038493 0.020488
    31 1.068069 -1.287201 0.981905 1.455344 -0.844004 0.072049
    32 1.836304 -0.000002 -0.000004 -0.000056 -0.188092 0.157023
    33 1.223948 -0.000001 0.000000 -0.000073 -0.040582 0.037650
    34 4.065392 1.458946 -1.500000 1.396788 0.858185 -0.184920
    35 5.507360 0.000008 -0.000001 2.468456 0.571027 0.002767
    36 10.907398 0.000000 0.000004 0.000000 0.000000 -2.283213
    37 10.424301 -0.000005 0.000019 -0.804784 -0.292426 0.068870
    38 2.997293 0.000065 1.477481 -0.296388 -0.505836 0.084787
    39 1.510378 -0.000004 0.000000 -0.011341 -0.016615 -0.257537
    40 0.808655 0.000000 0.000000 0.054433 0.175361 0.039377
    41 3.305817 0.201134 0.547461 -0.222549 -0.222705 0.044651
    42 1.807175 0.000000 0.000000 0.051906 0.088339 -0.190157
    43 0.966141 -0.000001 0.000000 -0.002387 -0.009734 0.099588
    44 3.571524 0.110786 -0.409182 -0.183620 -0.067925 0.084169
    45 2.150656 0.000000 0.000000 0.042028 0.053936 -0.320272
    46 1.152752 0.000000 0.000000 -0.001808 -0.011970 0.185709
    47 3.684113 -0.153563 -1.419748 -0.130025 0.167228 0.135320
    48 1.701017 0.000002 0.000000 -0.051316 -0.064006 -0.334034
    49 0.994705 0.000001 0.000000 -0.001284 -0.038506 0.309237
    50 1.068094 -1.283653 -0.986553 -1.411132 0.792526 0.151201
    51 1.836306 -0.000002 0.000000 0.000056 0.188092 0.157023
    52 1.223946 0.000000 0.000002 0.000034 0.040606 0.078248
    53 -6.972656 -25.609375 -7.929688 1.786286 0.311707 2.160395
    54 0.000000 0.000000 0.000000 -0.077030 -0.068757 -1.299215
    55 0.000004 -0.000007 -0.000031 1.373047 0.113574 0.124314
    56 0.000000 -0.000007 -0.000031 1.373047 0.113574 0.124314
    57 2.856897 -1.536201 -0.973800 -1.501147 -0.272558 -1.578261
    58 2.856895 -1.536198 -0.973800 -1.501147 -0.272558 -1.578261
    59 0.000000 0.000000 10.000000 0.000000 0.000000 0.000000
    60 0.018898 0.665159 9.395884 0.000000 0.000000 0.000000
    61 2.000008 -3.000000 0.000000 -1.570796 0.000000 -1.326450
    62 3.028210 -0.923409 -2.009452 1.574082 -0.012974 1.587244
    63 0.116955 4.311607 0.061861 0.000010 0.000000 0.000000
    64 0.000000 0.000000 0.000001 0.000000 0.000000 0.000000
    65 0.000000 1.000000 0.000008 0.000000 0.000000 0.000000
    66 0.000000 0.000000 0.000002 0.000000 0.000000 0.000000
    67 0.000000 0.000000 0.000002 0.000000 0.000000 0.000000
    68 0.000000 0.000000 0.000002 0.000000 0.000000 0.000000
time 95
    0 1.355469 -8.375000 45.562500 1.585880 0.011772 -0.051645
    1 3.625659 0.000000 0.000000 -2.154549 -0.066453 -1.295899
    2 18.345819 0.000000 0.000000 0.000000 0.000000 0.119373
    3 16.751528 0.000000 0.000000 0.113838 0.353134 -0.537092
    4 5.943489 0.000000 0.000000 0.020468 -0.027713 -0.517768
    5 -3.625659 0.000000 0.000000 -1.144110 -0.113720 -1.831547
    6 18.345812 0.000000 0.000000 0.000000 0.000000 0.160133
    7 16.751524 0.000000 0.000000 -0.009117 -0.288969 -0.723302
    8 5.943490 0.000000 0.000000 -0.112057 0.023829 -0.424990
    9 0.000000 4.043964 -0.017929 1.562222 -0.136910 1.629015
    10 3.995838 0.000000 0.000000 -0.010819 0.028327 -0.158140
    11 3.698242 -0.000001 0.000000 -0.007976 -0.011677 -0.068943
    12 5.700890 0.000000 0.000000 -0.018058 -0.026255 0.391591
    13 5.352852 -0.000001 0.000000 3.105369 0.135558 0.207697
    14 4.461819 0.000000 0.000000 -0.088569 -0.119035 0.663011
    15 4.065388 1.458945 1.500000 -1.570371 -0.897254 -0.092507
    16 5.507357 0.000004 -0.000001 -2.097001 -0.699056 0.011984
    17 10.907398 0.000000 0.000000 0.000000 0.000000 -1.162517
    18 10.424324 -0.000008 -0.000027 1.105706 0.452635 0.235789
    19 2.997274 0.005409 -1.477472 0.297493 0.497556 -0.080474
    20 1.510382 0.000000 0.000000 0.011341 0.016615 -0.257537
    21 0.808655 0.000002 0.000000 -0.054433 -0.175361 0.039377
    22 3.305792 0.203112 -0.546730 0.228981 0.234014 0.043917
    23 1.807182 0.000002 0.000000 -0.051906 -0.088339 -0.190157
    24 0.966137 0.000001 0.000000 0.002387 0.009734 0.099588
    25 3.571512 0.109303 0.409580 0.187237 0.067893 0.178800
    26 2.150654 -0.000002 0.000000 -0.042028 -0.053936 -0.320272
    27 1.152748 0.000000 0.000000 0.001856 0.011945 0.064941
    28 3.684092 -0.158705 1.419183 0.117459 -0.234196 0.132137
    29 1.701014 -0.000002 0.000000 0.051316 0.064006 -0.334034
    30 0.994705 0.000002 0.000000 0.001258 0.038493 0.020488
    31 1.068069 -1.287201 0.981905 1.455344 -0.844004 0.072049
    32 1.836304 -0.000002 -0.000004 -0.000056 -0.188092 0.157023
    33 1.223948 -0.000001 0.000000 -0.000073 -0.040582 0.037650
    34 4.065392 1.458946 -1.500000 1.395102 0.855766 -0.185388
    35 5.507360 0.000008 -0.000001 2.473668 0.570424 0.006694
    36 10.907398 0.000000 0.000004 0.000000 0.000000 -2.278749
    37 10.424301 -0.000005 0.000019 -0.794878 -0.289561 0.064830
    38 2.997293 0.000065 1.477481 -0.296388 -0.505836 0.084787
    39 1.510378 -0.000004 0.000000 -0.011341 -0.016615 -0.257537
    40 0.808655 0.000000 0.000000 0.054433 0.175361 0.039377
    41 3.305817 0.201134 0.547461 -0.222549 -0.222705 0.044651
    42 1.807175 0.000000 0.000000 0.051906 0.088339 -0.190157
    43 0.966141 -0.000001 0.000000 -0.002387 -0.009734 0.099588
    44 3.571524 0.110786 -0.409182 -0.183620 -0.067925 0.084169
    45 2.150656 0.000000 0.000000 0.042028 0.053936 -0.320272
    46 1.152752 0.000000 0.000000 -0.001808 -0.011970 0.185709
    47 3.684113 -0.153563 -1.419748 -0.130025 0.167228 0.135320
    48 1.701017 0.000002 0.000000 -0.051316 -0.064006 -0.334034
    49 0.994705 0.000001 0.000000 -0.001284 -0.038506 0.309237
    50 1.068094 -1.283653 -0.986553 -1.411132 0.792526 0.151201
    51 1.836306 -0.000002 0.000000 0.000056 0.188092 0.157023
    52 1.223946 0.000000 0.000002 0.000034 0.040606 0.078248
    53 -11.468750 -19.859375 -10.171875 1.790307 0.314849 2.162372
    54 0.000000 0.000000 0.000000 -0.077030 -0.068757 -1.299215
    55 0.000004 -0.000007 -0.000031 1.373047 0.113574 0.124314
    56 0.000000 -0.000007 -0.000031 1.373047 0.113574 0.124314
    57 2.856897 -1.536201 -0.973800 -1.501147 -0.272558 -1.578261
    58 2.856895 -1.536198 -0.973800 -1.501147 -0.272558 -1.578261
    59 0.000000 0.000000 10.000000 0.000000 0.000000 0.000000
    60 0.018898 0.665159 9.395884 0.000000 0.000000 0.000000
    61 2.000008 -3.000000 0.000000 -1.570796 0.000000 -1.326450
    62 3.028210 -0.923409 -2.009452 1.574082 -0.012974 1.587244
    63 0.116955 4.311607 0.061861 0.000010 0.000000 0.000000
    64 0.000000 0.000000 0.000001 0.000000 0.000000 0.000000
    65 0.000000 1.000000 0.000008 0.000000 0.000000 0.000000
    66 0.000000 0.000000 0.000002 0.000000 0.000000 0.000000
    67 0.000000 0.000000 0.000002 0.000000 0.000000 0.000000
    68 0.000000 0.000000 0.000002 0.000000 0.000000 0.000000
time 96
    0 1.373047 -8.398438 45.500000 1.586678 0.012705 -0.055154
    1 3.625659 0.000000 0.000000 -2.150200 -0.065122 -1.299850
    2 18.345819 0.000000 0.000000 0.000000 0.000000 0.122227
    3 16.751528 0.000000 0.000000 0.135842 0.365163 -0.526449
    4 5.943489 0.000000 0.000000 0.020454 -0.027704 -0.506255
    5 -3.625659 0.000000 0.000000 -1.141660 -0.112145 -1.830758
    6 18.345812 0.000000 0.000000 0.000000 0.000000 0.162471
    7 16.751524 0.000000 0.000000 -0.018348 -0.294247 -0.714765
    8 5.943490 0.000000 0.000000 -0.112037 0.023882 -0.412531
    9 0.000000 4.043964 -0.017929 1.562732 -0.135123 1.629678
    10 3.995838 0.000000 0.000000 -0.010242 0.028543 -0.158999
    11 3.698242 -0.000001 0.000000 -0.007379 -0.011483 -0.068775
    12 5.700890 0.000000 0.000000 -0.017428 -0.026206 0.391317
    13 5.352852 -0.000001 0.000000 3.104756 0.134964 0.212537
    14 4.461819 0.000000 0.000000 -0.089074 -0.118647 0.660554
    15 4.065388 1.458945 1.500000 -1.566419 -0.893983 -0.093921
    16 5.507357 0.000004 -0.000001 -2.097091 -0.695721 0.010641
    17 10.907398 0.000000 0.000000 0.000000 0.000000 -1.168824
    18 10.424324 -0.000008 -0.000027 1.100594 0.463284 0.234697
    19 2.997274 0.005409 -1.477472 0.297493 0.497556 -0.080474
    20 1.510382 0.000000 0.000000 0.011341 0.016615 -0.257537
    21 0.808655 0.000002 0.000000 -0.054433 -0.175361 0.039377
    22 3.305792 0.203112 -0.546730 0.228981 0.234014 0.043917
    23 1.807182 0.000002 0.000000 -0.051906 -0.088339 -0.190157
    24 0.966137 0.000001 0.000000 0.002387 0.009734 0.099588
    25 3.571512 0.109303 0.409580 0.187237 0.067893 0.178800
    26 2.150654 -0.000002 0.000000 -0.042028 -0.053936 -0.320272
    27 1.152748 0.000000 0.000000 0.001856 0.011945 0.064941
    28 3.684092 -0.158705 1.419183 0.117459 -0.234196 0.132137
    29 1.701014 -0.000002 0.000000 0.051316 0.064006 -0.334034
    30 0.994705 0.000002 0.000000 0.001258 0.038493 0.020488
    31 1.068069 -1.287201 0.981905 1.455344 -0.844004 0.072049
    32 1.836304 -0.000002 -0.000004 -0.000056 -0.188092 0.157023
    33 1.223948 -0.000001 0.000000 -0.000073 -0.040582 0.037650
    34 4.065392 1.458946 -1.500000 1.392287 0.853232 -0.187030
    35 5.507360 0.000008 -0.000001 2.477975 0.570426 0.009379
    36 10.907398 0.000000 0.000004 0.000000 0.000000 -2.275136
    37 10.424301 -0.000005 0.000019 -0.786872 -0.286884 0.061116
    38 2.997293 0.000065 1.477481 -0.296388 -0.505836 0.084787
    39 1.510378 -0.000004 0.000000 -0.011341 -0.016615 -0.257537
    40 0.808655 0.000000 0.000000 0.054433 0.175361 0.039377
    41 3.305817 0.201134 0.547461 -0.222549 -0.222705 0.044651
    42 1.807175 0.000000 0.000000 0.051906 0.088339 -0.190157
    43 0.966141 -0.000001 0.000000 -0.002387 -0.009734 0.099588
    44 3.571524 0.110786 -0.409182 -0.183620 -0.067925 0.084169
    45 2.150656 0.000000 0.000000 0.042028 0.053936 -0.320272
    46 1.152752 0.000000 0.000000 -0.001808 -0.011970 0.185709
    47 3.684113 -0.153563 -1.419748 -0.130025 0.167228 0.135320
    48 1.701017 0.000002 0.000000 -0.051316 -0.064006 -0.334034
    49 0.994705 0.000001 0.000000 -0.001284 -0.038506 0.309237
    50 1.068094 -1.283653 -0.986553 -1.411132 0.792526 0.151201
    51 1.836306 -0.000002 0.000000 0.000056 0.188092 0.157023
    52 1.223946 0.000000 0.000002 0.000034 0.040606 0.078248
    53 -9.929688 -15.546875 -14.953125 1.792563 0.318618 2.166184
    54 0.000000 0.000000 0.000000 -0.077030 -0.068757 -1.299215
    55 0.000004 -0.000007 -0.000031 1.373047 0.113574 0.124314
    56 0.000000 -0.000007 -0.000031 1.373047 0.113574 0.124314
    57 2.856897 -1.536201 -0.973800 -1.501147 -0.272558 -1.578261
    58 2.856895 -1.536198 -0.973800 -1.501147 -0.272558 -1.578261
    59 0.000000 0.000000 10.000000 0.000000 0.000000 0.000000
    60 0.018898 0.665159 9.395884 0.000000 0.000000 0.000000
    61 2.000008 -3.000000 0.000000 -1.570796 0.000000 -1.326450
    62 3.028210 -0.923409 -2.009452 1.574082 -0.012974 1.587244
    63 0.116955 4.311607 0.061861 0.000010 0.000000 0.000000
    64 0.000000 0.000000 0.000001 0.000000 0.000000 0.000000
    65 0.000000 1.000000 0.000008 0.000000 0.000000 0.000000
    66 0.000000 0.000000 0.000002 0.000000 0.000000 0.000000
    67 0.000000 0.000000 0.000002 0.000000 0.000000 0.000000
    68 0.000000 0.000000 0.000002 0.000000 0.000000 0.000000
time 97
    0 1.401367 -8.414063 45.468750 1.586192 0.013255 -0.058764
    1 3.625659 0.000000 0.000000 -2.141443 -0.062793 -1.303863
    2 18.345819 0.000000 0.000000 0.000000 0.000000 0.126206
    3 16.751528 0.000000 0.000000 0.144612 0.374834 -0.516266
    4 5.943489 0.000000 0.000000 0.020466 -0.027717 -0.490576
    5 -3.625659 0.000000 0.000000 -1.139797 -0.110679 -1.830208
    6 18.345812 0.000000 0.000000 0.000000 0.000000 0.164897
    7 16.751524 0.000000 0.000000 -0.024525 -0.297326 -0.705436
    8 5.943490 0.000000 0.000000 -0.112093 0.023875 -0.407498
    9 0.000000 4.043964 -0.017929 1.563366 -0.134547 1.630597
    10 3.995838 0.000000 0.000000 -0.009843 0.028920 -0.159255
    11 3.698242 -0.000001 0.000000 -0.006946 -0.011554 -0.068604
    12 5.700890 0.000000 0.000000 -0.017188 -0.026782 0.391144
    13 5.352852 -0.000001 0.000000 3.104339 0.134328 0.216521
    14 4.461819 0.000000 0.000000 -0.089279 -0.118351 0.658540
    15 4.065388 1.458945 1.500000 -1.562304 -0.890546 -0.097629
    16 5.507357 0.000004 -0.000001 -2.095424 -0.694771 0.007830
    17 10.907398 0.000000 0.000000 0.000000 0.000000 -1.174211
    18 10.424324 -0.000008 -0.000027 1.095147 0.474555 0.238266
    19 2.997274 0.005409 -1.477472 0.297493 0.497556 -0.080474
    20 1.510382 0.000000 0.000000 0.011341 0.016615 -0.257537
    21 0.808655 0.000002 0.000000 -0.054433 -0.175361 0.039377
    22 3.305792 0.203112 -0.546730 0.228981 0.234014 0.043917
    23 1.807182 0.000002 0.000000 -0.051906 -0.088339 -0.190157
    24 0.966137 0.000001 0.000000 0.002387 0.009734 0.099588
    25 3.571512 0.109303 0.409580 0.187237 0.067893 0.178800
    26 2.150654 -0.000002 0.000000 -0.042028 -0.053936 -0.320272
    27 1.152748 0.000000 0.000000 0.001856 0.011945 0.064941
    28 3.684092 -0.158705 1.419183 0.117459 -0.234196 0.132137
    29 1.701014 -0.000002 0.000000 0.051316 0.064006 -0.334034
    30 0.994705 0.000002 0.000000 0.001258 0.038493 0.020488
    31 1.068069 -1.287201 0.981905 1.455344 -0.844004 0.072049
    32 1.836304 -0.000002 -0.000004 -0.000056 -0.188092 0.157023
    33 1.223948 -0.000001 0.000000 -0.000073 -0.040582 0.037650
    34 4.065392 1.458946 -1.500000 1.389904 0.850395 -0.188358
    35 5.507360 0.000008 -0.000001 2.480223 0.570656 0.011288
    36 10.907398 0.000000 0.000004 0.000000 0.000000 -2.271520
    37 10.424301 -0.000005 0.000019 -0.776362 -0.286739 0.060258
    38 2.997293 0.000065 1.477481 -0.296388 -0.505836 0.084787
    39 1.510378 -0.000004 0.000000 -0.011341 -0.016615 -0.257537
    40 0.808655 0.000000 0.000000 0.054433 0.175361 0.039377
    41 3.305817 0.201134 0.547461 -0.222549 -0.222705 0.044651
    42 1.807175 0.000000 0.000000 0.051906 0.088339 -0.190157
    43 0.966141 -0.000001 0.000000 -0.002387 -0.009734 0.099588
    44 3.571524 0.110786 -0.409182 -0.183620 -0.067925 0.084169
    45 2.150656 0.000000 0.000000 0.042028 0.053936 -0.320272
    46 1.152752 0.000000 0.000000 -0.001808 -0.011970 0.185709
    47 3.684113 -0.153563 -1.419748 -0.130025 0.167228 0.135320
    48 1.701017 0.000002 0.000000 -0.051316 -0.064006 -0.334034
    49 0.994705 0.000001 0.000000 -0.001284 -0.038506 0.309237
    50 1.068094 -1.283653 -0.986553 -1.411132 0.792526 0.151201
    51 1.836306 -0.000002 0.000000 0.000056 0.188092 0.157023
    52 1.223946 0.000000 0.000002 0.000034 0.040606 0.078248
    53 -5.550781 -14.101563 -19.046875 1.794168 0.321757 2.170271
    54 0.000000 0.000000 0.000000 -0.077030 -0.068757 -1.299215
    55 0.000004 -0.000007 -0.000031 1.373047 0.113574 0.124314
    56 0.000000 -0.000007 -0.000031 1.373047 0.113574 0.124314
    57 2.856897 -1.536201 -0.973800 -1.501147 -0.272558 -1.578261
    58 2.856895 -1.536198 -0.973800 -1.501147 -0.272558 -1.578261
    59 0.000000 0.000000 10.000000 0.000000 0.000000 0.000000
    60 0.018898 0.665159 9.395884 0.000000 0.000000 0.000000
    61 2.000008 -3.000000 0.000000 -1.570796 0.000000 -1.326450
    62 3.028210 -0.923409 -2.009452 1.574082 -0.012974 1.587244
    63 0.116955 4.311607 0.061861 0.000010 0.000000 0.000000
    64 0.000000 0.000000 0.000001 0.000000 0.000000 0.000000
    65 0.000000 1.000000 0.000008 0.000000 0.000000 0.000000
    66 0.000000 0.000000 0.000002 0.000000 0.000000 0.000000
    67 0.000000 0.000000 0.000002 0.000000 0.000000 0.000000
    68 0.000000 0.000000 0.000002 0.000000 0.000000 0.000000
time 98
    0 1.444336 -8.429688 45.406250 1.584701 0.013822 -0.061460
    1 3.625659 0.000000 0.000000 -2.129547 -0.060365 -1.307546
    2 18.345819 0.000000 0.000000 0.000000 0.000000 0.130358
    3 16.751528 0.000000 0.000000 0.143557 0.381105 -0.507533
    4 5.943489 0.000000 0.000000 0.020427 -0.027688 -0.483192
    5 -3.625659 0.000000 0.000000 -1.136241 -0.109225 -1.829538
    6 18.345812 0.000000 0.000000 0.000000 0.000000 0.166629
    7 16.751524 0.000000 0.000000 -0.025646 -0.298862 -0.694550
    8 5.943490 0.000000 0.000000 -0.112026 0.023859 -0.404759
    9 0.000000 4.043964 -0.017929 1.563475 -0.134579 1.632353
    10 3.995838 0.000000 0.000000 -0.009731 0.029709 -0.159171
    11 3.698242 -0.000001 0.000000 -0.006849 -0.011895 -0.068431
    12 5.700890 0.000000 0.000000 -0.017390 -0.027798 0.391247
    13 5.352852 -0.000001 0.000000 3.103759 0.133434 0.219802
    14 4.461819 0.000000 0.000000 -0.089479 -0.117681 0.656957
    15 4.065388 1.458945 1.500000 -1.557975 -0.887583 -0.102313
    16 5.507357 0.000004 -0.000001 -2.095803 -0.695232 0.004731
    17 10.907398 0.000000 0.000000 0.000000 0.000000 -1.178362
    18 10.424324 -0.000008 -0.000027 1.091734 0.484361 0.240465
    19 2.997274 0.005409 -1.477472 0.297493 0.497556 -0.080474
    20 1.510382 0.000000 0.000000 0.011341 0.016615 -0.257537
    21 0.808655 0.000002 0.000000 -0.054433 -0.175361 0.039377
    22 3.305792 0.203112 -0.546730 0.228981 0.234014 0.043917
    23 1.807182 0.000002 0.000000 -0.051906 -0.088339 -0.190157
    24 0.966137 0.000001 0.000000 0.002387 0.009734 0.099588
    25 3.571512 0.109303 0.409580 0.187237 0.067893 0.178800
    26 2.150654 -0.000002 0.000000 -0.042028 -0.053936 -0.320272
    27 1.152748 0.000000 0.000000 0.001856 0.011945 0.064941
    28 3.684092 -0.158705 1.419183 0.117459 -0.234196 0.132137
    29 1.701014 -0.000002 0.000000 0.051316 0.064006 -0.334034
    30 0.994705 0.000002 0.000000 0.001258 0.038493 0.020488
    31 1.068069 -1.287201 0.981905 1.455344 -0.844004 0.072049
    32 1.836304 -0.000002 -0.000004 -0.000056 -0.188092 0.157023
    33 1.223948 -0.000001 0.000000 -0.000073 -0.040582 0.037650
    34 4.065392 1.458946 -1.500000 1.388404 0.846764 -0.188831
    35 5.507360 0.000008 -0.000001 2.482828 0.570853 0.010173
    36 10.907398 0.000000 0.000004 0.000000 0.000000 -2.269425
    37 10.424301 -0.000005 0.000019 -0.763261 -0.288915 0.062379
    38 2.997293 0.000065 1.477481 -0.296388 -0.505836 0.084787
    39 1.510378 -0.000004 0.000000 -0.011341 -0.016615 -0.257537
    40 0.808655 0.000000 0.000000 0.054433 0.175361 0.039377
    41 3.305817 0.201134 0.547461 -0.222549 -0.222705 0.044651
    42 1.807175 0.000000 0.000000 0.051906 0.088339 -0.190157
    43 0.966141 -0.000001 0.000000 -0.002387 -0.009734 0.099588
    44 3.571524 0.110786 -0.409182 -0.183620 -0.067925 0.084169
    45 2.150656 0.000000 0.000000 0.042028 0.053936 -0.320272
    46 1.152752 0.000000 0.000000 -0.001808 -0.011970 0.185709
    47 3.684113 -0.153563 -1.419748 -0.130025 0.167228 0.135320
    48 1.701017 0.000002 0.000000 -0.051316 -0.064006 -0.334034
    49 0.994705 0.000001 0.000000 -0.001284 -0.038506 0.309237
    50 1.068094 -1.283653 -0.986553 -1.411132 0.792526 0.151201
    51 1.836306 -0.000002 0.000000 0.000056 0.188092 0.157023
    52 1.223946 0.000000 0.000002 0.000034 0.040606 0.078248
    53 -0.109558 -18.250000 -18.750000 1.796647 0.322261 2.174519
    54 0.000000 0.000000 0.000000 -0.077030 -0.068757 -1.299215
    55 0.000004 -0.000007 -0.000031 1.373047 0.113574 0.124314
    56 0.000000 -0.000007 -0.000031 1.373047 0.113574 0.124314
    57 2.856897 -1.536201 -0.973800 -1.501147 -0.272558 -1.578261
    58 2.856895 -1.536198 -0.973800 -1.501147 -0.272558 -1.578261
    59 0.000000 0.000000 10.000000 0.000000 0.000000 0.000000
    60 0.018898 0.665159 9.395884 0.000000 0.000000 0.000000
    61 2.000008 -3.000000 0.000000 -1.570796 0.000000 -1.326450
    62 3.028210 -0.923409 -2.009452 1.574082 -0.012974 1.587244
    63 0.116955 4.311607 0.061861 0.000010 0.000000 0.000000
    64 0.000000 0.000000 0.000001 0.000000 0.000000 0.000000
    65 0.000000 1.000000 0.000008 0.000000 0.000000 0.000000
    66 0.000000 0.000000 0.000002 0.000000 0.000000 0.000000
    67 0.000000 0.000000 0.000002 0.000000 0.000000 0.000000
    68 0.000000 0.000000 0.000002 0.000000 0.000000 0.000000
time 99
    0 1.483398 -8.453125 45.406250 1.582060 0.014460 -0.063663
    1 3.625659 0.000000 0.000000 -2.117584 -0.057324 -1.310347
    2 18.345819 0.000000 0.000000 0.000000 0.000000 0.133905
    3 16.751528 0.000000 0.000000 0.141519 0.384809 -0.499956
    4 5.943489 0.000000 0.000000 0.020394 -0.027712 -0.480791
    5 -3.625659 0.000000 0.000000 -1.132452 -0.106971 -1.828123
    6 18.345812 0.000000 0.000000 0.000000 0.000000 0.167322
    7 16.751524 0.000000 0.000000 -0.021307 -0.299629 -0.684915
    8 5.943490 0.000000 0.000000 -0.112065 0.023840 -0.406613
    9 0.000000 4.043964 -0.017929 1.563520 -0.135098 1.633998
    10 3.995838 0.000000 0.000000 -0.009874 0.030478 -0.158832
    11 3.698242 -0.000001 0.000000 -0.006837 -0.012325 -0.067911
    12 5.700890 0.000000 0.000000 -0.017618 -0.028893 0.391879
    13 5.352852 -0.000001 0.000000 3.102932 0.132374 0.222287
    14 4.461819 0.000000 0.000000 -0.089844 -0.116854 0.655834
    15 4.065388 1.458945 1.500000 -1.553306 -0.885134 -0.106887
    16 5.507357 0.000004 -0.000001 -2.100266 -0.696900 0.003375
    17 10.907398 0.000000 0.000000 0.000000 0.000000 -1.178985
    18 10.424324 -0.000008 -0.000027 1.089685 0.492026 0.244404
    19 2.997274 0.005409 -1.477472 0.297493 0.497556 -0.080474
    20 1.510382 0.000000 0.000000 0.011341 0.016615 -0.257537
    21 0.808655 0.000002 0.000000 -0.054433 -0.175361 0.039377
    22 3.305792 0.203112 -0.546730 0.228981 0.234014 0.043917
    23 1.807182 0.000002 0.000000 -0.051906 -0.088339 -0.190157
    24 0.966137 0.000001 0.000000 0.002387 0.009734 0.099588
    25 3.571512 0.109303 0.409580 0.187237 0.067893 0.178800
    26 2.150654 -0.000002 0.000000 -0.042028 -0.053936 -0.320272
    27 1.152748 0.000000 0.000000 0.001856 0.011945 0.064941
    28 3.684092 -0.158705 1.419183 0.117459 -0.234196 0.132137
    29 1.701014 -0.000002 0.000000 0.051316 0.064006 -0.334034
    30 0.994705 0.000002 0.000000 0.001258 0.038493 0.020488
    31 1.068069 -1.287201 0.981905 1.455344 -0.844004 0.072049
    32 1.836304 -0.000002 -0.000004 -0.000056 -0.188092 0.157023
    33 1.223948 -0.000001 0.000000 -0.000073 -0.040582 0.037650
    34 4.065392 1.458946 -1.500000 1.387173 0.842824 -0.189067
    35 5.507360 0.000008 -0.000001 2.486151 0.571431 0.006764
    36 10.907398 0.000000 0.000004 0.000000 0.000000 -2.268758
    37 10.424301 -0.000005 0.000019 -0.752585 -0.289782 0.063761
    38 2.997293 0.000065 1.477481 -0.296388 -0.505836 0.084787
    39 1.510378 -0.000004 0.000000 -0.011341 -0.016615 -0.257537
    40 0.808655 0.000000 0.000000 0.054433 0.175361 0.039377
    41 3.305817 0.201134 0.547461 -0.222549 -0.222705 0.044651
    42 1.807175 0.000000 0.000000 0.051906 0.088339 -0.190157
    43 0.966141 -0.000001 0.000000 -0.002387 -0.009734 0.099588
    44 3.571524 0.110786 -0.409182 -0.183620 -0.067925 0.084169
    45 2.150656 0.000000 0.000000 0.042028 0.053936 -0.320272
    46 1.152752 0.000000 0.000000 -0.001808 -0.011970 0.185709
    47 3.684113 -0.153563 -1.419748 -0.130025 0.167228 0.135320
    48 1.701017 0.000002 0.000000 -0.051316 -0.064006 -0.334034
    49 0.994705 0.000001 0.000000 -0.001284 -0.038506 0.309237
    50 1.068094 -1.283653 -0.986553 -1.411132 0.792526 0.151201
    51 1.836306 -0.000002 0.000000 0.000056 0.188092 0.157023
    52 1.223946 0.000000 0.000002 0.000034 0.040606 0.078248
    53 1.975586 -23.859375 -14.632813 1.800031 0.319957 2.177071
    54 0.000000 0.000000 0.000000 -0.077030 -0.068757 -1.299215
    55 0.000004 -0.000007 -0.000031 1.373047 0.113574 0.124314
    56 0.000000 -0.000007 -0.000031 1.373047 0.113574 0.124314
    57 2.856897 -1.536201 -0.973800 -1.501147 -0.272558 -1.578261
    58 2.856895 -1.536198 -0.973800 -1.501147 -0.272558 -1.578261
    59 0.000000 0.000000 10.000000 0.000000 0.000000 0.000000
    60 0.018898 0.665159 9.395884 0.000000 0.000000 0.000000
    61 2.000008 -3.000000 0.000000 -1.570796 0.000000 -1.326450
    62 3.028210 -0.923409 -2.009452 1.574082 -0.012974 1.587244
    63 0.116955 4.311607 0.061861 0.000010 0.000000 0.000000
    64 0.000000 0.000000 0.000001 0.000000 0.000000 0.000000
    65 0.000000 1.000000 0.000008 0.000000 0.000000 0.000000
    66 0.000000 0.000000 0.000002 0.000000 0.000000 0.000000
    67 0.000000 0.000000 0.000002 0.000000 0.000000 0.000000
    68 0.000000 0.000000 0.000002 0.000000 0.000000 0.000000
time 100
    0 1.500977 -8.476563 45.375000 1.578906 0.014900 -0.066372
    1 3.625659 0.000000 0.000000 -2.106935 -0.053702 -1.311382
    2 18.345819 0.000000 0.000000 0.000000 0.000000 0.137366
    3 16.751528 0.000000 0.000000 0.135111 0.387358 -0.494568
    4 5.943489 0.000000 0.000000 0.020395 -0.027711 -0.480880
    5 -3.625659 0.000000 0.000000 -1.129680 -0.104570 -1.825749
    6 18.345812 0.000000 0.000000 0.000000 0.000000 0.167149
    7 16.751524 0.000000 0.000000 -0.014167 -0.299381 -0.678637
    8 5.943490 0.000000 0.000000 -0.112045 0.023888 -0.409087
    9 0.000000 4.043964 -0.017929 1.563500 -0.135475 1.634900
    10 3.995838 0.000000 0.000000 -0.009730 0.030924 -0.158399
    11 3.698242 -0.000001 0.000000 -0.006569 -0.012745 -0.067048
    12 5.700890 0.000000 0.000000 -0.018016 -0.029860 0.393658
    13 5.352852 -0.000001 0.000000 3.101916 0.131664 0.223972
    14 4.461819 0.000000 0.000000 -0.090339 -0.116342 0.655016
    15 4.065388 1.458945 1.500000 -1.548292 -0.883062 -0.111487
    16 5.507357 0.000004 -0.000001 -2.107830 -0.699145 0.003041
    17 10.907398 0.000000 0.000000 0.000000 0.000000 -1.178362
    18 10.424324 -0.000008 -0.000027 1.088487 0.499750 0.252347
    19 2.997274 0.005409 -1.477472 0.297493 0.497556 -0.080474
    20 1.510382 0.000000 0.000000 0.011341 0.016615 -0.257537
    21 0.808655 0.000002 0.000000 -0.054433 -0.175361 0.039377
    22 3.305792 0.203112 -0.546730 0.228981 0.234014 0.043917
    23 1.807182 0.000002 0.000000 -0.051906 -0.088339 -0.190157
    24 0.966137 0.000001 0.000000 0.002387 0.009734 0.099588
    25 3.571512 0.109303 0.409580 0.187237 0.067893 0.178800
    26 2.150654 -0.000002 0.000000 -0.042028 -0.053936 -0.320272
    27 1.152748 0.000000 0.000000 0.001856 0.011945 0.064941
    28 3.684092 -0.158705 1.419183 0.117459 -0.234196 0.132137
    29 1.701014 -0.000002 0.000000 0.051316 0.064006 -0.334034
    30 0.994705 0.000002 0.000000 0.001258 0.038493 0.020488
    31 1.068069 -1.287201 0.981905 1.455344 -0.844004 0.072049
    32 1.836304 -0.000002 -0.000004 -0.000056 -0.188092 0.157023
    33 1.223948 -0.000001 0.000000 -0.000073 -0.040582 0.037650
    34 4.065392 1.458946 -1.500000 1.385824 0.839287 -0.189272
    35 5.507360 0.000008 -0.000001 2.488331 0.572910 0.003671
    36 10.907398 0.000000 0.000004 0.000000 0.000000 -2.267711
    37 10.424301 -0.000005 0.000019 -0.744110 -0.290263 0.063172
    38 2.997293 0.000065 1.477481 -0.296388 -0.505836 0.084787
    39 1.510378 -0.000004 0.000000 -0.011341 -0.016615 -0.257537
    40 0.808655 0.000000 0.000000 0.054433 0.175361 0.039377
    41 3.305817 0.201134 0.547461 -0.222549 -0.222705 0.044651
    42 1.807175 0.000000 0.000000 0.051906 0.088339 -0.190157
    43 0.966141 -0.000001 0.000000 -0.002387 -0.009734 0.099588
    44 3.571524 0.110786 -0.409182 -0.183620 -0.067925 0.084169
    45 2.150656 0.000000 0.000000 0.042028 0.053936 -0.320272
    46 1.152752 0.000000 0.000000 -0.001808 -0.011970 0.185709
    47 3.684113 -0.153563 -1.419748 -0.130025 0.167228 0.135320
    48 1.701017 0.000002 0.000000 -0.051316 -0.064006 -0.334034
    49 0.994705 0.000001 0.000000 -0.001284 -0.038506 0.309237
    50 1.068094 -1.283653 -0.986553 -1.411132 0.792526 0.151201
    51 1.836306 -0.000002 0.000000 0.000056 0.188092 0.157023
    52 1.223946 0.000000 0.000002 0.000034 0.040606 0.078248
    53 0.303223 -27.093750 -9.429688 1.804084 0.314819 2.179223
    54 0.000000 0.000000 0.000000 -0.077030 -0.068757 -1.299215
    55 0.000004 -0.000007 -0.000031 1.373047 0.113574 0.124314
    56 0.000000 -0.000007 -0.000031 1.373047 0.113574 0.124314
    57 2.856897 -1.536201 -0.973800 -1.501147 -0.272558 -1.578261
    58 2.856895 -1.536198 -0.973800 -1.501147 -0.272558 -1.578261
    59 0.000000 0.000000 10.000000 0.000000 0.000000 0.000000
    60 0.018898 0.665159 9.395884 0.000000 0.000000 0.000000
    61 2.000008 -3.000000 0.000000 -1.570796 0.000000 -1.326450
    62 3.028210 -0.923409 -2.009452 1.574082 -0.012974 1.587244
    63 0.116955 4.311607 0.061861 0.000010 0.000000 0.000000
    64 0.000000 0.000000 0.000001 0.000000 0.000000 0.000000
    65 0.000000 1.000000 0.000008 0.000000 0.000000 0.000000
    66 0.000000 0.000000 0.000002 0.000000 0.000000 0.000000
    67 0.000000 0.000000 0.000002 0.000000 0.000000 0.000000
    68 0.000000 0.000000 0.000002 0.000000 0.000000 0.000000
time 101
    0 1.514648 -8.507813 45.375000 1.575437 0.014622 -0.069251
    1 3.625659 0.000000 0.000000 -2.096640 -0.049500 -1.311432
    2 18.345819 0.000000 0.000000 0.000000 0.000000 0.139962
    3 16.751528 0.000000 0.000000 0.124866 0.386585 -0.493233
    4 5.943489 0.000000 0.000000 0.020391 -0.027673 -0.486660
    5 -3.625659 0.000000 0.000000 -1.125687 -0.101990 -1.823494
    6 18.345812 0.000000 0.000000 0.000000 0.000000 0.165763
    7 16.751524 0.000000 0.000000 -0.008188 -0.299807 -0.676123
    8 5.943490 0.000000 0.000000 -0.112098 0.023850 -0.407938
    9 0.000000 4.043964 -0.017929 1.563590 -0.135559 1.634889
    10 3.995838 0.000000 0.000000 -0.009639 0.030932 -0.158138
    11 3.698242 -0.000001 0.000000 -0.006392 -0.013166 -0.065579
    12 5.700890 0.000000 0.000000 -0.018212 -0.030596 0.396576
    13 5.352852 -0.000001 0.000000 3.101360 0.131414 0.225246
    14 4.461819 0.000000 0.000000 -0.090743 -0.116036 0.654477
    15 4.065388 1.458945 1.500000 -1.543556 -0.880989 -0.115807
    16 5.507357 0.000004 -0.000001 -2.116922 -0.700225 0.001942
    17 10.907398 0.000000 0.000000 0.000000 0.000000 -1.181167
    18 10.424324 -0.000008 -0.000027 1.091131 0.508365 0.258100
    19 2.997274 0.005409 -1.477472 0.297493 0.497556 -0.080474
    20 1.510382 0.000000 0.000000 0.011341 0.016615 -0.257537
    21 0.808655 0.000002 0.000000 -0.054433 -0.175361 0.039377
    22 3.305792 0.203112 -0.546730 0.228981 0.234014 0.043917
    23 1.807182 0.000002 0.000000 -0.051906 -0.088339 -0.190157
    24 0.966137 0.000001 0.000000 0.002387 0.009734 0.099588
    25 3.571512 0.109303 0.409580 0.187237 0.067893 0.178800
    26 2.150654 -0.000002 0.000000 -0.042028 -0.053936 -0.320272
    27 1.152748 0.000000 0.000000 0.001856 0.011945 0.064941
    28 3.684092 -0.158705 1.419183 0.117459 -0.234196 0.132137
    29 1.701014 -0.000002 0.000000 0.051316 0.064006 -0.334034
    30 0.994705 0.000002 0.000000 0.001258 0.038493 0.020488
    31 1.068069 -1.287201 0.981905 1.455344 -0.844004 0.072049
    32 1.836304 -0.000002 -0.000004 -0.000056 -0.188092 0.157023
    33 1.223948 -0.000001 0.000000 -0.000073 -0.040582 0.037650
    34 4.065392 1.458946 -1.500000 1.382170 0.835711 -0.190507
    35 5.507360 0.000008 -0.000001 2.492850 0.575875 0.000013
    36 10.907398 0.000000 0.000004 0.000000 0.000000 -2.267615
    37 10.424301 -0.000005 0.000019 -0.736676 -0.290774 0.062571
    38 2.997293 0.000065 1.477481 -0.296388 -0.505836 0.084787
    39 1.510378 -0.000004 0.000000 -0.011341 -0.016615 -0.257537
    40 0.808655 0.000000 0.000000 0.054433 0.175361 0.039377
    41 3.305817 0.201134 0.547461 -0.222549 -0.222705 0.044651
    42 1.807175 0.000000 0.000000 0.051906 0.088339 -0.190157
    43 0.966141 -0.000001 0.000000 -0.002387 -0.009734 0.099588
    44 3.571524 0.110786 -0.409182 -0.183620 -0.067925 0.084169
    45 2.150656 0.000000 0.000000 0.042028 0.053936 -0.320272
    46 1.152752 0.000000 0.000000 -0.001808 -0.011970 0.185709
    47 3.684113 -0.153563 -1.419748 -0.130025 0.167228 0.135320
    48 1.701017 0.000002 0.000000 -0.051316 -0.064006 -0.334034
    49 0.994705 0.000001 0.000000 -0.001284 -0.038506 0.309237
    50 1.068094 -1.283653 -0.986553 -1.411132 0.792526 0.151201
    51 1.836306 -0.000002 0.000000 0.000056 0.188092 0.157023
    52 1.223946 0.000000 0.000002 0.000034 0.040606 0.078248
    53 -4.554688 -26.093750 -5.523438 1.808309 0.307673 2.183899
    54 0.000000 0.000000 0.000000 -0.077030 -0.068757 -1.299215
    55 0.000004 -0.000007 -0.000031 1.373047 0.113574 0.124314
    56 0.000000 -0.000007 -0.000031 1.373047 0.113574 0.124314
    57 2.856897 -1.536201 -0.973800 -1.501147 -0.272558 -1.578261
    58 2.856895 -1.536198 -0.973800 -1.501147 -0.272558 -1.578261
    59 0.000000 0.000000 10.000000 0.000000 0.000000 0.000000
    60 0.018898 0.665159 9.395884 0.000000 0.000000 0.000000
    61 2.000008 -3.000000 0.000000 -1.570796 0.000000 -1.326450
    62 3.028210 -0.923409 -2.009452 1.574082 -0.012974 1.587244
    63 0.116955 4.311607 0.061861 0.000010 0.000000 0.000000
    64 0.000000 0.000000 0.000001 0.000000 0.000000 0.000000
    65 0.000000 1.000000 0.000008 0.000000 0.000000 0.000000
    66 0.000000 0.000000 0.000002 0.000000 0.000000 0.000000
    67 0.000000 0.000000 0.000002 0.000000 0.000000 0.000000
    68 0.000000 0.000000 0.000002 0.000000 0.000000 0.000000
time 102
    0 1.523438 -8.546875 45.375000 1.571757 0.013361 -0.072462
    1 3.625659 0.000000 0.000000 -2.089123 -0.044577 -1.310890
    2 18.345819 0.000000 0.000000 0.000000 0.000000 0.141693
    3 16.751528 0.000000 0.000000 0.119260 0.383377 -0.497289
    4 5.943489 0.000000 0.000000 0.020458 -0.027723 -0.489953
    5 -3.625659 0.000000 0.000000 -1.119389 -0.099369 -1.821952
    6 18.345812 0.000000 0.000000 0.000000 0.000000 0.163338
    7 16.751524 0.000000 0.000000 -0.006870 -0.300508 -0.677096
    8 5.943490 0.000000 0.000000 -0.112067 0.023881 -0.402555
    9 0.000000 4.043964 -0.017929 1.563764 -0.135014 1.634323
    10 3.995838 0.000000 0.000000 -0.009452 0.030774 -0.158047
    11 3.698242 -0.000001 0.000000 -0.006212 -0.013758 -0.063678
    12 5.700890 0.000000 0.000000 -0.018484 -0.031572 0.400820
    13 5.352852 -0.000001 0.000000 3.100464 0.130920 0.225718
    14 4.461819 0.000000 0.000000 -0.091319 -0.115394 0.654112
    15 4.065388 1.458945 1.500000 -1.538993 -0.881479 -0.119739
    16 5.507357 0.000004 -0.000001 -2.123608 -0.700235 0.001215
    17 10.907398 0.000000 0.000000 0.000000 0.000000 -1.186160
    18 10.424324 -0.000008 -0.000027 1.096933 0.518757 0.262878
    19 2.997274 0.005409 -1.477472 0.297493 0.497556 -0.080474
    20 1.510382 0.000000 0.000000 0.011341 0.016615 -0.257537
    21 0.808655 0.000002 0.000000 -0.054433 -0.175361 0.039377
    22 3.305792 0.203112 -0.546730 0.228981 0.234014 0.043917
    23 1.807182 0.000002 0.000000 -0.051906 -0.088339 -0.190157
    24 0.966137 0.000001 0.000000 0.002387 0.009734 0.099588
    25 3.571512 0.109303 0.409580 0.187237 0.067893 0.178800
    26 2.150654 -0.000002 0.000000 -0.042028 -0.053936 -0.320272
    27 1.152748 0.000000 0.000000 0.001856 0.011945 0.064941
    28 3.684092 -0.158705 1.419183 0.117459 -0.234196 0.132137
    29 1.701014 -0.000002 0.000000 0.051316 0.064006 -0.334034
    30 0.994705 0.000002 0.000000 0.001258 0.038493 0.020488
    31 1.068069 -1.287201 0.981905 1.455344 -0.844004 0.072049
    32 1.836304 -0.000002 -0.000004 -0.000056 -0.188092 0.157023
    33 1.223948 -0.000001 0.000000 -0.000073 -0.040582 0.037650
    34 4.065392 1.458946 -1.500000 1.377144 0.831704 -0.192083
    35 5.507360 0.000008 -0.000001 2.500051 0.580947 -0.003432
    36 10.907398 0.000000 0.000004 0.000000 0.000000 -2.268663
    37 10.424301 -0.000005 0.000019 -0.731611 -0.290239 0.063895
    38 2.997293 0.000065 1.477481 -0.296388 -0.505836 0.084787
    39 1.510378 -0.000004 0.000000 -0.011341 -0.016615 -0.257537
    40 0.808655 0.000000 0.000000 0.054433 0.175361 0.039377
    41 3.305817 0.201134 0.547461 -0.222549 -0.222705 0.044651
    42 1.807175 0.000000 0.000000 0.051906 0.088339 -0.190157
    43 0.966141 -0.000001 0.000000 -0.002387 -0.009734 0.099588
    44 3.571524 0.110786 -0.409182 -0.183620 -0.067925 0.084169
    45 2.150656 0.000000 0.000000 0.042028 0.053936 -0.320272
    46 1.152752 0.000000 0.000000 -0.001808 -0.011970 0.185709
    47 3.684113 -0.153563 -1.419748 -0.130025 0.167228 0.135320
    48 1.701017 0.000002 0.000000 -0.051316 -0.064006 -0.334034
    49 0.994705 0.000001 0.000000 -0.001284 -0.038506 0.309237
    50 1.068094 -1.283653 -0.986553 -1.411132 0.792526 0.151201
    51 1.836306 -0.000002 0.000000 0.000056 0.188092 0.157023
    52 1.223946 0.000000 0.000002 0.000034 0.040606 0.078248
    53 -9.554688 -21.953125 -5.632813 1.810096 0.300897 2.188949
    54 0.000000 0.000000 0.000000 -0.077030 -0.068757 -1.299215
    55 0.000004 -0.000007 -0.000031 1.373047 0.113574 0.124314
    56 0.000000 -0.000007 -0.000031 1.373047 0.113574 0.124314
    57 2.856897 -1.536201 -0.973800 -1.501147 -0.272558 -1.578261
    58 2.856895 -1.536198 -0.973800 -1.501147 -0.272558 -1.578261
    59 0.000000 0.000000 10.000000 0.000000 0.000000 0.000000
    60 0.018898 0.665159 9.395884 0.000000 0.000000 0.000000
    61 2.000008 -3.000000 0.000000 -1.570796 0.000000 -1.326450
    62 3.028210 -0.923409 -2.009452 1.574082 -0.012974 1.587244
    63 0.116955 4.311607 0.061861 0.000010 0.000000 0.000000
    64 0.000000 0.000000 0.000001 0.000000 0.000000 0.000000
    65 0.000000 1.000000 0.000008 0.000000 0.000000 0.000000
    66 0.000000 0.000000 0.000002 0.000000 0.000000 0.000000
    67 0.000000 0.000000 0.000002 0.000000 0.000000 0.000000
    68 0.000000 0.000000 0.000002 0.000000 0.000000 0.000000
time 103
    0 1.527344 -8.601563 45.437500 1.567777 0.011289 -0.075744
    1 3.625659 0.000000 0.000000 -2.087339 -0.038470 -1.309848
    2 18.345819 0.000000 0.000000 0.000000 0.000000 0.142732
    3 16.751528 0.000000 0.000000 0.117944 0.380020 -0.504669
    4 5.943489 0.000000 0.000000 0.020450 -0.027729 -0.489419
    5 -3.625659 0.000000 0.000000 -1.115262 -0.095698 -1.820936
    6 18.345812 0.000000 0.000000 0.000000 0.000000 0.160046
    7 16.751524 0.000000 0.000000 -0.002089 -0.298868 -0.681341
    8 5.943490 0.000000 0.000000 -0.112058 0.023808 -0.399022
    9 0.000000 4.043964 -0.017929 1.563753 -0.133587 1.633234
    10 3.995838 0.000000 0.000000 -0.009336 0.030349 -0.158303
    11 3.698242 -0.000001 0.000000 -0.005946 -0.014605 -0.061000
    12 5.700890 0.000000 0.000000 -0.018944 -0.032851 0.406926
    13 5.352852 -0.000001 0.000000 3.099788 0.130837 0.226199
    14 4.461819 0.000000 0.000000 -0.091834 -0.115143 0.653586
    15 4.065388 1.458945 1.500000 -1.535470 -0.883019 -0.122625
    16 5.507357 0.000004 -0.000001 -2.128117 -0.697893 0.000164
    17 10.907398 0.000000 0.000000 0.000000 0.000000 -1.197111
    18 10.424324 -0.000008 -0.000027 1.103329 0.530528 0.270583
    19 2.997274 0.005409 -1.477472 0.297493 0.497556 -0.080474
    20 1.510382 0.000000 0.000000 0.011341 0.016615 -0.257537
    21 0.808655 0.000002 0.000000 -0.054433 -0.175361 0.039377
    22 3.305792 0.203112 -0.546730 0.228981 0.234014 0.043917
    23 1.807182 0.000002 0.000000 -0.051906 -0.088339 -0.190157
    24 0.966137 0.000001 0.000000 0.002387 0.009734 0.099588
    25 3.571512 0.109303 0.409580 0.187237 0.067893 0.178800
    26 2.150654 -0.000002 0.000000 -0.042028 -0.053936 -0.320272
    27 1.152748 0.000000 0.000000 0.001856 0.011945 0.064941
    28 3.684092 -0.158705 1.419183 0.117459 -0.234196 0.132137
    29 1.701014 -0.000002 0.000000 0.051316 0.064006 -0.334034
    30 0.994705 0.000002 0.000000 0.001258 0.038493 0.020488
    31 1.068069 -1.287201 0.981905 1.455344 -0.844004 0.072049
    32 1.836304 -0.000002 -0.000004 -0.000056 -0.188092 0.157023
    33 1.223948 -0.000001 0.000000 -0.000073 -0.040582 0.037650
    34 4.065392 1.458946 -1.500000 1.371954 0.831052 -0.193920
    35 5.507360 0.000008 -0.000001 2.505075 0.587021 -0.000798
    36 10.907398 0.000000 0.000004 0.000000 0.000000 -2.267329
    37 10.424301 -0.000005 0.000019 -0.727095 -0.290502 0.062910
    38 2.997293 0.000065 1.477481 -0.296388 -0.505836 0.084787
    39 1.510378 -0.000004 0.000000 -0.011341 -0.016615 -0.257537
    40 0.808655 0.000000 0.000000 0.054433 0.175361 0.039377
    41 3.305817 0.201134 0.547461 -0.222549 -0.222705 0.044651
    42 1.807175 0.000000 0.000000 0.051906 0.088339 -0.190157
    43 0.966141 -0.000001 0.000000 -0.002387 -0.009734 0.099588
    44 3.571524 0.110786 -0.409182 -0.183620 -0.067925 0.084169
    45 2.150656 0.000000 0.000000 0.042028 0.053936 -0.320272
    46 1.152752 0.000000 0.000000 -0.001808 -0.011970 0.185709
    47 3.684113 -0.153563 -1.419748 -0.130025 0.167228 0.135320
    48 1.701017 0.000002 0.000000 -0.051316 -0.064006 -0.334034
    49 0.994705 0.000001 0.000000 -0.001284 -0.038506 0.309237
    50 1.068094 -1.283653 -0.986553 -1.411132 0.792526 0.151201
    51 1.836306 -0.000002 0.000000 0.000056 0.188092 0.157023
    52 1.223946 0.000000 0.000002 0.000034 0.040606 0.078248
    53 -10.484375 -17.781250 -10.820313 1.810240 0.294634 2.197646
    54 0.000000 0.000000 0.000000 -0.077030 -0.068757 -1.299215
    55 0.000004 -0.000007 -0.000031 1.373047 0.113574 0.124314
    56 0.000000 -0.000007 -0.000031 1.373047 0.113574 0.124314
    57 2.856897 -1.536201 -0.973800 -1.501147 -0.272558 -1.578261
    58 2.856895 -1.536198 -0.973800 -1.501147 -0.272558 -1.578261
    59 0.000000 0.000000 10.000000 0.000000 0.000000 0.000000
    60 0.018898 0.665159 9.395884 0.000000 0.000000 0.000000
    61 2.000008 -3.000000 0.000000 -1.570796 0.000000 -1.326450
    62 3.028210 -0.923409 -2.009452 1.574082 -0.012974 1.587244
    63 0.116955 4.311607 0.061861 0.000010 0.000000 0.000000
    64 0.000000 0.000000 0.000001 0.000000 0.000000 0.000000
    65 0.000000 1.000000 0.000008 0.000000 0.000000 0.000000
    66 0.000000 0.000000 0.000002 0.000000 0.000000 0.000000
    67 0.000000 0.000000 0.000002 0.000000 0.000000 0.000000
    68 0.000000 0.000000 0.000002 0.000000 0.000000 0.000000
time 104
    0 1.525391 -8.656250 45.468750 1.562990 0.008458 -0.079171
    1 3.625659 0.000000 0.000000 -2.093640 -0.031385 -1.308028
    2 18.345819 0.000000 0.000000 0.000000 0.000000 0.143684
    3 16.751528 0.000000 0.000000 0.119477 0.379508 -0.511155
    4 5.943489 0.000000 0.000000 0.020400 -0.027667 -0.487282
    5 -3.625659 0.000000 0.000000 -1.111882 -0.091453 -1.820760
    6 18.345812 0.000000 0.000000 0.000000 0.000000 0.156929
    7 16.751524 0.000000 0.000000 0.006489 -0.295117 -0.685667
    8 5.943490 0.000000 0.000000 -0.112084 0.023848 -0.399819
    9 0.000000 4.043964 -0.017929 1.563940 -0.132422 1.631695
    10 3.995838 0.000000 0.000000 -0.009108 0.029675 -0.158209
    11 3.698242 -0.000001 0.000000 -0.005591 -0.015707 -0.057805
    12 5.700890 0.000000 0.000000 -0.019498 -0.034457 0.413924
    13 5.352852 -0.000001 0.000000 3.099260 0.131345 0.226595
    14 4.461819 0.000000 0.000000 -0.092589 -0.115260 0.653375
    15 4.065388 1.458945 1.500000 -1.533045 -0.885690 -0.124781
    16 5.507357 0.000004 -0.000001 -2.133389 -0.693471 -0.002506
    17 10.907398 0.000000 0.000000 0.000000 0.000000 -1.212091
    18 10.424324 -0.000008 -0.000027 1.109359 0.540331 0.280227
    19 2.997274 0.005409 -1.477472 0.297493 0.497556 -0.080474
    20 1.510382 0.000000 0.000000 0.011341 0.016615 -0.257537
    21 0.808655 0.000002 0.000000 -0.054433 -0.175361 0.039377
    22 3.305792 0.203112 -0.546730 0.228981 0.234014 0.043917
    23 1.807182 0.000002 0.000000 -0.051906 -0.088339 -0.190157
    24 0.966137 0.000001 0.000000 0.002387 0.009734 0.099588
    25 3.571512 0.109303 0.409580 0.187237 0.067893 0.178800
    26 2.150654 -0.000002 0.000000 -0.042028 -0.053936 -0.320272
    27 1.152748 0.000000 0.000000 0.001856 0.011945 0.064941
    28 3.684092 -0.158705 1.419183 0.117459 -0.234196 0.132137
    29 1.701014 -0.000002 0.000000 0.051316 0.064006 -0.334034
    30 0.994705 0.000002 0.000000 0.001258 0.038493 0.020488
    31 1.068069 -1.287201 0.981905 1.455344 -0.844004 0.072049
    32 1.836304 -0.000002 -0.000004 -0.000056 -0.188092 0.157023
    33 1.223948 -0.000001 0.000000 -0.000073 -0.040582 0.037650
    34 4.065392 1.458946 -1.500000 1.367166 0.834450 -0.196294
    35 5.507360 0.000008 -0.000001 2.511399 0.593476 0.004611
    36 10.907398 0.000000 0.000004 0.000000 0.000000 -2.266186
    37 10.424301 -0.000005 0.000019 -0.723177 -0.291077 0.059623
    38 2.997293 0.000065 1.477481 -0.296388 -0.505836 0.084787
    39 1.510378 -0.000004 0.000000 -0.011341 -0.016615 -0.257537
    40 0.808655 0.000000 0.000000 0.054433 0.175361 0.039377
    41 3.305817 0.201134 0.547461 -0.222549 -0.222705 0.044651
    42 1.807175 0.000000 0.000000 0.051906 0.088339 -0.190157
    43 0.966141 -0.000001 0.000000 -0.002387 -0.009734 0.099588
    44 3.571524 0.110786 -0.409182 -0.183620 -0.067925 0.084169
    45 2.150656 0.000000 0.000000 0.042028 0.053936 -0.320272
    46 1.152752 0.000000 0.000000 -0.001808 -0.011970 0.185709
    47 3.684113 -0.153563 -1.419748 -0.130025 0.167228 0.135320
    48 1.701017 0.000002 0.000000 -0.051316 -0.064006 -0.334034
    49 0.994705 0.000001 0.000000 -0.001284 -0.038506 0.309237
    50 1.068094 -1.283653 -0.986553 -1.411132 0.792526 0.151201
    51 1.836306 -0.000002 0.000000 0.000056 0.188092 0.157023
    52 1.223946 0.000000 0.000002 0.000034 0.040606 0.078248
    53 -8.835938 -15.359375 -16.609375 1.810098 0.285134 2.208226
    54 0.000000 0.000000 0.000000 -0.077030 -0.068757 -1.299215
    55 0.000004 -0.000007 -0.000031 1.373047 0.113574 0.124314
    56 0.000000 -0.000007 -0.000031 1.373047 0.113574 0.124314
    57 2.856897 -1.536201 -0.973800 -1.501147 -0.272558 -1.578261
    58 2.856895 -1.536198 -0.973800 -1.501147 -0.272558 -1.578261
    59 0.000000 0.000000 10.000000 0.000000 0.000000 0.000000
    60 0.018898 0.665159 9.395884 0.000000 0.000000 0.000000
    61 2.000008 -3.000000 0.000000 -1.570796 0.000000 -1.326450
    62 3.028210 -0.923409 -2.009452 1.574082 -0.012974 1.587244
    63 0.116955 4.311607 0.061861 0.000010 0.000000 0.000000
    64 0.000000 0.000000 0.000001 0.000000 0.000000 0.000000
    65 0.000000 1.000000 0.000008 0.000000 0.000000 0.000000
    66 0.000000 0.000000 0.000002 0.000000 0.000000 0.000000
    67 0.000000 0.000000 0.000002 0.000000 0.000000 0.000000
    68 0.000000 0.000000 0.000002 0.000000 0.000000 0.000000
time 105
    0 1.517578 -8.703125 45.562500 1.557877 0.006002 -0.082648
    1 3.625659 0.000000 0.000000 -2.097197 -0.024570 -1.305683
    2 18.345819 0.000000 0.000000 0.000000 0.000000 0.144722
    3 16.751528 0.000000 0.000000 0.113567 0.377195 -0.518975
    4 5.943489 0.000000 0.000000 0.020399 -0.027668 -0.487193
    5 -3.625659 0.000000 0.000000 -1.108253 -0.087538 -1.820350
    6 18.345812 0.000000 0.000000 0.000000 0.000000 0.154418
    7 16.751524 0.000000 0.000000 0.012180 -0.287980 -0.689439
    8 5.943490 0.000000 0.000000 -0.112079 0.023872 -0.399379
    9 0.000000 4.043964 -0.017929 1.564121 -0.131328 1.630404
    10 3.995838 0.000000 0.000000 -0.008884 0.029087 -0.157942
    11 3.698242 -0.000001 0.000000 -0.005237 -0.017154 -0.053918
    12 5.700890 0.000000 0.000000 -0.020277 -0.036537 0.422000
    13 5.352852 -0.000001 0.000000 3.099897 0.133682 0.225646
    14 4.461819 0.000000 0.000000 -0.093381 -0.116345 0.654144
    15 4.065388 1.458945 1.500000 -1.531763 -0.889574 -0.126801
    16 5.507357 0.000004 -0.000001 -2.140348 -0.688997 -0.004546
    17 10.907398 0.000000 0.000000 0.000000 0.000000 -1.225356
    18 10.424324 -0.000008 -0.000027 1.109958 0.542404 0.294038
    19 2.997274 0.005409 -1.477472 0.297493 0.497556 -0.080474
    20 1.510382 0.000000 0.000000 0.011341 0.016615 -0.257537
    21 0.808655 0.000002 0.000000 -0.054433 -0.175361 0.039377
    22 3.305792 0.203112 -0.546730 0.228981 0.234014 0.043917
    23 1.807182 0.000002 0.000000 -0.051906 -0.088339 -0.190157
    24 0.966137 0.000001 0.000000 0.002387 0.009734 0.099588
    25 3.571512 0.109303 0.409580 0.187237 0.067893 0.178800
    26 2.150654 -0.000002 0.000000 -0.042028 -0.053936 -0.320272
    27 1.152748 0.000000 0.000000 0.001856 0.011945 0.064941
    28 3.684092 -0.158705 1.419183 0.117459 -0.234196 0.132137
    29 1.701014 -0.000002 0.000000 0.051316 0.064006 -0.334034
    30 0.994705 0.000002 0.000000 0.001258 0.038493 0.020488
    31 1.068069 -1.287201 0.981905 1.455344 -0.844004 0.072049
    32 1.836304 -0.000002 -0.000004 -0.000056 -0.188092 0.157023
    33 1.223948 -0.000001 0.000000 -0.000073 -0.040582 0.037650
    34 4.065392 1.458946 -1.500000 1.363230 0.841880 -0.198968
    35 5.507360 0.000008 -0.000001 2.518179 0.600685 0.013481
    36 10.907398 0.000000 0.000004 0.000000 0.000000 -2.265137
    37 10.424301 -0.000005 0.000019 -0.721646 -0.289956 0.054019
    38 2.997293 0.000065 1.477481 -0.296388 -0.505836 0.084787
    39 1.510378 -0.000004 0.000000 -0.011341 -0.016615 -0.257537
    40 0.808655 0.000000 0.000000 0.054433 0.175361 0.039377
    41 3.305817 0.201134 0.547461 -0.222549 -0.222705 0.044651
    42 1.807175 0.000000 0.000000 0.051906 0.088339 -0.190157
    43 0.966141 -0.000001 0.000000 -0.002387 -0.009734 0.099588
    44 3.571524 0.110786 -0.409182 -0.183620 -0.067925 0.084169
    45 2.150656 0.000000 0.000000 0.042028 0.053936 -0.320272
    46 1.152752 0.000000 0.000000 -0.001808 -0.011970 0.185709
    47 3.684113 -0.153563 -1.419748 -0.130025 0.167228 0.135320
    48 1.701017 0.000002 0.000000 -0.051316 -0.064006 -0.334034
    49 0.994705 0.000001 0.000000 -0.001284 -0.038506 0.309237
    50 1.068094 -1.283653 -0.986553 -1.411132 0.792526 0.151201
    51 1.836306 -0.000002 0.000000 0.000056 0.188092 0.157023
    52 1.223946 0.000000 0.000002 0.000034 0.040606 0.078248
    53 -5.234375 -15.226563 -21.593750 1.809832 0.272804 2.217739
    54 0.000000 0.000000 0.000000 -0.077030 -0.068757 -1.299215
    55 0.000004 -0.000007 -0.000031 1.373047 0.113574 0.124314
    56 0.000000 -0.000007 -0.000031 1.373047 0.113574 0.124314
    57 2.856897 -1.536201 -0.973800 -1.501147 -0.272558 -1.578261
    58 2.856895 -1.536198 -0.973800 -1.501147 -0.272558 -1.578261
    59 0.000000 0.000000 10.000000 0.000000 0.000000 0.000000
    60 0.018898 0.665159 9.395884 0.000000 0.000000 0.000000
    61 2.000008 -3.000000 0.000000 -1.570796 0.000000 -1.326450
    62 3.028210 -0.923409 -2.009452 1.574082 -0.012974 1.587244
    63 0.116955 4.311607 0.061861 0.000010 0.000000 0.000000
    64 0.000000 0.000000 0.000001 0.000000 0.000000 0.000000
    65 0.000000 1.000000 0.000008 0.000000 0.000000 0.000000
    66 0.000000 0.000000 0.000002 0.000000 0.000000 0.000000
    67 0.000000 0.000000 0.000002 0.000000 0.000000 0.000000
    68 0.000000 0.000000 0.000002 0.000000 0.000000 0.000000
time 106
    0 1.501953 -8.734375 45.687500 1.552179 0.004072 -0.086258
    1 3.625659 0.000000 0.000000 -2.100485 -0.017769 -1.303013
    2 18.345819 0.000000 0.000000 0.000000 0.000000 0.145328
    3 16.751528 0.000000 0.000000 0.107795 0.375272 -0.524476
    4 5.943489 0.000000 0.000000 0.020453 -0.027727 -0.489597
    5 -3.625659 0.000000 0.000000 -1.105978 -0.083213 -1.819864
    6 18.345812 0.000000 0.000000 0.000000 0.000000 0.152773
    7 16.751524 0.000000 0.000000 0.016850 -0.280153 -0.695126
    8 5.943490 0.000000 0.000000 -0.112022 0.023812 -0.397434
    9 0.000000 4.043964 -0.017929 1.564252 -0.129561 1.629826
    10 3.995838 0.000000 0.000000 -0.008692 0.028931 -0.157506
    11 3.698242 -0.000001 0.000000 -0.004804 -0.019200 -0.048303
    12 5.700890 0.000000 0.000000 -0.021522 -0.039554 0.433115
    13 5.352852 -0.000001 0.000000 3.101738 0.138382 0.220568
    14 4.461819 0.000000 0.000000 -0.094379 -0.118474 0.657742
    15 4.065388 1.458945 1.500000 -1.531265 -0.894477 -0.130812
    16 5.507357 0.000004 -0.000001 -2.150829 -0.684392 -0.005476
    17 10.907398 0.000000 0.000000 0.000000 0.000000 -1.236987
    18 10.424324 -0.000008 -0.000027 1.107831 0.532150 0.303698
    19 2.997274 0.005409 -1.477472 0.297493 0.497556 -0.080474
    20 1.510382 0.000000 0.000000 0.011341 0.016615 -0.257537
    21 0.808655 0.000002 0.000000 -0.054433 -0.175361 0.039377
    22 3.305792 0.203112 -0.546730 0.228981 0.234014 0.043917
    23 1.807182 0.000002 0.000000 -0.051906 -0.088339 -0.190157
    24 0.966137 0.000001 0.000000 0.002387 0.009734 0.099588
    25 3.571512 0.109303 0.409580 0.187237 0.067893 0.178800
    26 2.150654 -0.000002 0.000000 -0.042028 -0.053936 -0.320272
    27 1.152748 0.000000 0.000000 0.001856 0.011945 0.064941
    28 3.684092 -0.158705 1.419183 0.117459 -0.234196 0.132137
    29 1.701014 -0.000002 0.000000 0.051316 0.064006 -0.334034
    30 0.994705 0.000002 0.000000 0.001258 0.038493 0.020488
    31 1.068069 -1.287201 0.981905 1.455344 -0.844004 0.072049
    32 1.836304 -0.000002 -0.000004 -0.000056 -0.188092 0.157023
    33 1.223948 -0.000001 0.000000 -0.000073 -0.040582 0.037650
    34 4.065392 1.458946 -1.500000 1.360087 0.853942 -0.204849
    35 5.507360 0.000008 -0.000001 2.522411 0.608993 0.026216
    36 10.907398 0.000000 0.000004 0.000000 0.000000 -2.264661
    37 10.424301 -0.000005 0.000019 -0.716970 -0.292989 0.050527
    38 2.997293 0.000065 1.477481 -0.296388 -0.505836 0.084787
    39 1.510378 -0.000004 0.000000 -0.011341 -0.016615 -0.257537
    40 0.808655 0.000000 0.000000 0.054433 0.175361 0.039377
    41 3.305817 0.201134 0.547461 -0.222549 -0.222705 0.044651
    42 1.807175 0.000000 0.000000 0.051906 0.088339 -0.190157
    43 0.966141 -0.000001 0.000000 -0.002387 -0.009734 0.099588
    44 3.571524 0.110786 -0.409182 -0.183620 -0.067925 0.084169
    45 2.150656 0.000000 0.000000 0.042028 0.053936 -0.320272
    46 1.152752 0.000000 0.000000 -0.001808 -0.011970 0.185709
    47 3.684113 -0.153563 -1.419748 -0.130025 0.167228 0.135320
    48 1.701017 0.000002 0.000000 -0.051316 -0.064006 -0.334034
    49 0.994705 0.000001 0.000000 -0.001284 -0.038506 0.309237
    50 1.068094 -1.283653 -0.986553 -1.411132 0.792526 0.151201
    51 1.836306 -0.000002 0.000000 0.000056 0.188092 0.157023
    52 1.223946 0.000000 0.000002 0.000034 0.040606 0.078248
    53 -0.626953 -18.187500 -23.796875 1.810605 0.256511 2.225903
    54 0.000000 0.000000 0.000000 -0.077030 -0.068757 -1.299215
    55 0.000004 -0.000007 -0.000031 1.373047 0.113574 0.124314
    56 0.000000 -0.000007 -0.000031 1.373047 0.113574 0.124314
    57 2.856897 -1.536201 -0.973800 -1.501147 -0.272558 -1.578261
    58 2.856895 -1.536198 -0.973800 -1.501147 -0.272558 -1.578261
    59 0.000000 0.000000 10.000000 0.000000 0.000000 0.000000
    60 0.018898 0.665159 9.395884 0.000000 0.000000 0.000000
    61 2.000008 -3.000000 0.000000 -1.570796 0.000000 -1.326450
    62 3.028210 -0.923409 -2.009452 1.574082 -0.012974 1.587244
    63 0.116955 4.311607 0.061861 0.000010 0.000000 0.000000
    64 0.000000 0.000000 0.000001 0.000000 0.000000 0.000000
    65 0.000000 1.000000 0.000008 0.000000 0.000000 0.000000
    66 0.000000 0.000000 0.000002 0.000000 0.000000 0.000000
    67 0.000000 0.000000 0.000002 0.000000 0.000000 0.000000
    68 0.000000 0.000000 0.000002 0.000000 0.000000 0.000000
time 107
    0 1.479492 -8.765625 45.812500 1.545978 0.002506 -0.089751
    1 3.625659 0.000000 0.000000 -2.102689 -0.010913 -1.299709
    2 18.345819 0.000000 0.000000 0.000000 0.000000 0.145415
    3 16.751528 0.000000 0.000000 0.104339 0.374820 -0.527643
    4 5.943489 0.000000 0.000000 0.020400 -0.027725 -0.491821
    5 -3.625659 0.000000 0.000000 -1.107256 -0.078248 -1.819344
    6 18.345812 0.000000 0.000000 0.000000 0.000000 0.152859
    7 16.751524 0.000000 0.000000 0.028569 -0.273973 -0.705326
    8 5.943490 0.000000 0.000000 -0.112064 0.023829 -0.395319
    9 0.000000 4.043964 -0.017929 1.564594 -0.127125 1.630029
    10 3.995838 0.000000 0.000000 -0.008258 0.029054 -0.156807
    11 3.698242 -0.000001 0.000000 -0.004039 -0.022187 -0.040620
    12 5.700890 0.000000 0.000000 -0.023237 -0.043769 0.447201
    13 5.352852 -0.000001 0.000000 3.103952 0.145265 0.210452
    14 4.461819 0.000000 0.000000 -0.096060 -0.121842 0.664501
    15 4.065388 1.458945 1.500000 -1.532956 -0.899456 -0.135342
    16 5.507357 0.000004 -0.000001 -2.164964 -0.678643 -0.006810
    17 10.907398 0.000000 0.000000 0.000000 0.000000 -1.246645
    18 10.424324 -0.000008 -0.000027 1.104239 0.517828 0.316430
    19 2.997274 0.005409 -1.477472 0.297493 0.497556 -0.080474
    20 1.510382 0.000000 0.000000 0.011341 0.016615 -0.257537
    21 0.808655 0.000002 0.000000 -0.054433 -0.175361 0.039377
    22 3.305792 0.203112 -0.546730 0.228981 0.234014 0.043917
    23 1.807182 0.000002 0.000000 -0.051906 -0.088339 -0.190157
    24 0.966137 0.000001 0.000000 0.002387 0.009734 0.099588
    25 3.571512 0.109303 0.409580 0.187237 0.067893 0.178800
    26 2.150654 -0.000002 0.000000 -0.042028 -0.053936 -0.320272
    27 1.152748 0.000000 0.000000 0.001856 0.011945 0.064941
    28 3.684092 -0.158705 1.419183 0.117459 -0.234196 0.132137
    29 1.701014 -0.000002 0.000000 0.051316 0.064006 -0.334034
    30 0.994705 0.000002 0.000000 0.001258 0.038493 0.020488
    31 1.068069 -1.287201 0.981905 1.455344 -0.844004 0.072049
    32 1.836304 -0.000002 -0.000004 -0.000056 -0.188092 0.157023
    33 1.223948 -0.000001 0.000000 -0.000073 -0.040582 0.037650
    34 4.065392 1.458946 -1.500000 1.357681 0.871820 -0.214545
    35 5.507360 0.000008 -0.000001 2.528573 0.617759 0.037669
    36 10.907398 0.000000 0.000004 0.000000 0.000000 -2.268473
    37 10.424301 -0.000005 0.000019 -0.707128 -0.301066 0.052365
    38 2.997293 0.000065 1.477481 -0.296388 -0.505836 0.084787
    39 1.510378 -0.000004 0.000000 -0.011341 -0.016615 -0.257537
    40 0.808655 0.000000 0.000000 0.054433 0.175361 0.039377
    41 3.305817 0.201134 0.547461 -0.222549 -0.222705 0.044651
    42 1.807175 0.000000 0.000000 0.051906 0.088339 -0.190157
    43 0.966141 -0.000001 0.000000 -0.002387 -0.009734 0.099588
    44 3.571524 0.110786 -0.409182 -0.183620 -0.067925 0.084169
    45 2.150656 0.000000 0.000000 0.042028 0.053936 -0.320272
    46 1.152752 0.000000 0.000000 -0.001808 -0.011970 0.185709
    47 3.684113 -0.153563 -1.419748 -0.130025 0.167228 0.135320
    48 1.701017 0.000002 0.000000 -0.051316 -0.064006 -0.334034
    49 0.994705 0.000001 0.000000 -0.001284 -0.038506 0.309237
    50 1.068094 -1.283653 -0.986553 -1.411132 0.792526 0.151201
    51 1.836306 -0.000002 0.000000 0.000056 0.188092 0.157023
    52 1.223946 0.000000 0.000002 0.000034 0.040606 0.078248
    53 2.558594 -22.531250 -23.375000 1.812001 0.235530 2.231398
    54 0.000000 0.000000 0.000000 -0.077030 -0.068757 -1.299215
    55 0.000004 -0.000007 -0.000031 1.373047 0.113574 0.124314
    56 0.000000 -0.000007 -0.000031 1.373047 0.113574 0.124314
    57 2.856897 -1.536201 -0.973800 -1.501147 -0.272558 -1.578261
    58 2.856895 -1.536198 -0.973800 -1.501147 -0.272558 -1.578261
    59 0.000000 0.000000 10.000000 0.000000 0.000000 0.000000
    60 0.018898 0.665159 9.395884 0.000000 0.000000 0.000000
    61 2.000008 -3.000000 0.000000 -1.570796 0.000000 -1.326450
    62 3.028210 -0.923409 -2.009452 1.574082 -0.012974 1.587244
    63 0.116955 4.311607 0.061861 0.000010 0.000000 0.000000
    64 0.000000 0.000000 0.000001 0.000000 0.000000 0.000000
    65 0.000000 1.000000 0.000008 0.000000 0.000000 0.000000
    66 0.000000 0.000000 0.000002 0.000000 0.000000 0.000000
    67 0.000000 0.000000 0.000002 0.000000 0.000000 0.000000
    68 0.000000 0.000000 0.000002 0.000000 0.000000 0.000000
time 108
    0 1.450195 -8.789063 45.968750 1.537424 0.001163 -0.093429
    1 3.625659 0.000000 0.000000 -2.101558 -0.003019 -1.296046
    2 18.345819 0.000000 0.000000 0.000000 0.000000 0.145934
    3 16.751528 0.000000 0.000000 0.100625 0.376843 -0.529123
    4 5.943489 0.000000 0.000000 0.020409 -0.027719 -0.492445
    5 -3.625659 0.000000 0.000000 -1.111629 -0.071582 -1.819084
    6 18.345812 0.000000 0.000000 0.000000 0.000000 0.154764
    7 16.751524 0.000000 0.000000 0.042440 -0.267718 -0.716072
    8 5.943490 0.000000 0.000000 -0.112089 0.023879 -0.395940
    9 0.000000 4.043964 -0.017929 1.564989 -0.124340 1.631002
    10 3.995838 0.000000 0.000000 -0.007659 0.029363 -0.155674
    11 3.698242 -0.000001 0.000000 -0.003217 -0.025953 -0.031558
    12 5.700890 0.000000 0.000000 -0.025366 -0.048934 0.462592
    13 5.352852 -0.000001 0.000000 3.106430 0.153037 0.201323
    14 4.461819 0.000000 0.000000 -0.097971 -0.126221 0.671643
    15 4.065388 1.458945 1.500000 -1.541132 -0.902673 -0.132014
    16 5.507357 0.000004 -0.000001 -2.178454 -0.668388 -0.010076
    17 10.907398 0.000000 0.000000 0.000000 0.000000 -1.254311
    18 10.424324 -0.000008 -0.000027 1.099286 0.497428 0.329135
    19 2.997274 0.005409 -1.477472 0.297493 0.497556 -0.080474
    20 1.510382 0.000000 0.000000 0.011341 0.016615 -0.257537
    21 0.808655 0.000002 0.000000 -0.054433 -0.175361 0.039377
    22 3.305792 0.203112 -0.546730 0.228981 0.234014 0.043917
    23 1.807182 0.000002 0.000000 -0.051906 -0.088339 -0.190157
    24 0.966137 0.000001 0.000000 0.002387 0.009734 0.099588
    25 3.571512 0.109303 0.409580 0.187237 0.067893 0.178800
    26 2.150654 -0.000002 0.000000 -0.042028 -0.053936 -0.320272
    27 1.152748 0.000000 0.000000 0.001856 0.011945 0.064941
    28 3.684092 -0.158705 1.419183 0.117459 -0.234196 0.132137
    29 1.701014 -0.000002 0.000000 0.051316 0.064006 -0.334034
    30 0.994705 0.000002 0.000000 0.001258 0.038493 0.020488
    31 1.068069 -1.287201 0.981905 1.455344 -0.844004 0.072049
    32 1.836304 -0.000002 -0.000004 -0.000056 -0.188092 0.157023
    33 1.223948 -0.000001 0.000000 -0.000073 -0.040582 0.037650
    34 4.065392 1.458946 -1.500000 1.359355 0.892348 -0.220090
    35 5.507360 0.000008 -0.000001 2.535605 0.624299 0.046536
    36 10.907398 0.000000 0.000004 0.000000 0.000000 -2.272377
    37 10.424301 -0.000005 0.000019 -0.702793 -0.304717 0.058128
    38 2.997293 0.000065 1.477481 -0.296388 -0.505836 0.084787
    39 1.510378 -0.000004 0.000000 -0.011341 -0.016615 -0.257537
    40 0.808655 0.000000 0.000000 0.054433 0.175361 0.039377
    41 3.305817 0.201134 0.547461 -0.222549 -0.222705 0.044651
    42 1.807175 0.000000 0.000000 0.051906 0.088339 -0.190157
    43 0.966141 -0.000001 0.000000 -0.002387 -0.009734 0.099588
    44 3.571524 0.110786 -0.409182 -0.183620 -0.067925 0.084169
    45 2.150656 0.000000 0.000000 0.042028 0.053936 -0.320272
    46 1.152752 0.000000 0.000000 -0.001808 -0.011970 0.185709
    47 3.684113 -0.153563 -1.419748 -0.130025 0.167228 0.135320
    48 1.701017 0.000002 0.000000 -0.051316 -0.064006 -0.334034
    49 0.994705 0.000001 0.000000 -0.001284 -0.038506 0.309237
    50 1.068094 -1.283653 -0.986553 -1.411132 0.792526 0.151201
    51 1.836306 -0.000002 0.000000 0.000056 0.188092 0.157023
    52 1.223946 0.000000 0.000002 0.000034 0.040606 0.078248
    53 3.062500 -26.390625 -21.250000 1.812240 0.213994 2.234345
    54 0.000000 0.000000 0.000000 -0.077030 -0.068757 -1.299215
    55 0.000004 -0.000007 -0.000031 1.373047 0.113574 0.124314
    56 0.000000 -0.000007 -0.000031 1.373047 0.113574 0.124314
    57 2.856897 -1.536201 -0.973800 -1.501147 -0.272558 -1.578261
    58 2.856895 -1.536198 -0.973800 -1.501147 -0.272558 -1.578261
    59 0.000000 0.000000 10.000000 0.000000 0.000000 0.000000
    60 0.018898 0.665159 9.395884 0.000000 0.000000 0.000000
    61 2.000008 -3.000000 0.000000 -1.570796 0.000000 -1.326450
    62 3.028210 -0.923409 -2.009452 1.574082 -0.012974 1.587244
    63 0.116955 4.311607 0.061861 0.000010 0.000000 0.000000
    64 0.000000 0.000000 0.000001 0.000000 0.000000 0.000000
    65 0.000000 1.000000 0.000008 0.000000 0.000000 0.000000
    66 0.000000 0.000000 0.000002 0.000000 0.000000 0.000000
    67 0.000000 0.000000 0.000002 0.000000 0.000000 0.000000
    68 0.000000 0.000000 0.000002 0.000000 0.000000 0.000000
time 109
    0 1.400391 -8.789063 46.125000 1.528564 0.000073 -0.097054
    1 3.625659 0.000000 0.000000 -2.095097 0.004132 -1.291746
    2 18.345819 0.000000 0.000000 0.000000 0.000000 0.147059
    3 16.751528 0.000000 0.000000 0.092595 0.379005 -0.530473
    4 5.943489 0.000000 0.000000 0.020468 -0.027716 -0.490665
    5 -3.625659 0.000000 0.000000 -1.117493 -0.065260 -1.818481
    6 18.345812 0.000000 0.000000 0.000000 0.000000 0.158921
    7 16.751524 0.000000 0.000000 0.054750 -0.261777 -0.725655
    8 5.943490 0.000000 0.000000 -0.112089 0.023879 -0.395940
    9 0.000000 4.043964 -0.017929 1.565280 -0.123588 1.631951
    10 3.995838 0.000000 0.000000 -0.007201 0.029492 -0.153330
    11 3.698242 -0.000001 0.000000 -0.002323 -0.030158 -0.023449
    12 5.700890 0.000000 0.000000 -0.027461 -0.054389 0.474566
    13 5.352852 -0.000001 0.000000 3.108932 0.161532 0.192560
    14 4.461819 0.000000 0.000000 -0.100144 -0.131421 0.679072
    15 4.065388 1.458945 1.500000 -1.550635 -0.903859 -0.125751
    16 5.507357 0.000004 -0.000001 -2.186077 -0.655778 -0.016166
    17 10.907398 0.000000 0.000000 0.000000 0.000000 -1.265421
    18 10.424324 -0.000008 -0.000027 1.095531 0.466313 0.338347
    19 2.997274 0.005409 -1.477472 0.297493 0.497556 -0.080474
    20 1.510382 0.000000 0.000000 0.011341 0.016615 -0.257537
    21 0.808655 0.000002 0.000000 -0.054433 -0.175361 0.039377
    22 3.305792 0.203112 -0.546730 0.228981 0.234014 0.043917
    23 1.807182 0.000002 0.000000 -0.051906 -0.088339 -0.190157
    24 0.966137 0.000001 0.000000 0.002387 0.009734 0.099588
    25 3.571512 0.109303 0.409580 0.187237 0.067893 0.178800
    26 2.150654 -0.000002 0.000000 -0.042028 -0.053936 -0.320272
    27 1.152748 0.000000 0.000000 0.001856 0.011945 0.064941
    28 3.684092 -0.158705 1.419183 0.117459 -0.234196 0.132137
    29 1.701014 -0.000002 0.000000 0.051316 0.064006 -0.334034
    30 0.994705 0.000002 0.000000 0.001258 0.038493 0.020488
    31 1.068069 -1.287201 0.981905 1.455344 -0.844004 0.072049
    32 1.836304 -0.000002 -0.000004 -0.000056 -0.188092 0.157023
    33 1.223948 -0.000001 0.000000 -0.000073 -0.040582 0.037650
    34 4.065392 1.458946 -1.500000 1.361602 0.914351 -0.223084
    35 5.507360 0.000008 -0.000001 2.540017 0.630833 0.055388
    36 10.907398 0.000000 0.000004 0.000000 0.000000 -2.275516
    37 10.424301 -0.000005 0.000019 -0.701053 -0.307123 0.059847
    38 2.997293 0.000065 1.477481 -0.296388 -0.505836 0.084787
    39 1.510378 -0.000004 0.000000 -0.011341 -0.016615 -0.257537
    40 0.808655 0.000000 0.000000 0.054433 0.175361 0.039377
    41 3.305817 0.201134 0.547461 -0.222549 -0.222705 0.044651
    42 1.807175 0.000000 0.000000 0.051906 0.088339 -0.190157
    43 0.966141 -0.000001 0.000000 -0.002387 -0.009734 0.099588
    44 3.571524 0.110786 -0.409182 -0.183620 -0.067925 0.084169
    45 2.150656 0.000000 0.000000 0.042028 0.053936 -0.320272
    46 1.152752 0.000000 0.000000 -0.001808 -0.011970 0.185709
    47 3.684113 -0.153563 -1.419748 -0.130025 0.167228 0.135320
    48 1.701017 0.000002 0.000000 -0.051316 -0.064006 -0.334034
    49 0.994705 0.000001 0.000000 -0.001284 -0.038506 0.309237
    50 1.068094 -1.283653 -0.986553 -1.411132 0.792526 0.151201
    51 1.836306 -0.000002 0.000000 0.000056 0.188092 0.157023
    52 1.223946 0.000000 0.000002 0.000034 0.040606 0.078248
    53 1.778320 -28.968750 -18.750000 1.809940 0.196039 2.238014
    54 0.000000 0.000000 0.000000 -0.077030 -0.068757 -1.299215
    55 0.000004 -0.000007 -0.000031 1.373047 0.113574 0.124314
    56 0.000000 -0.000007 -0.000031 1.373047 0.113574 0.124314
    57 2.856897 -1.536201 -0.973800 -1.501147 -0.272558 -1.578261
    58 2.856895 -1.536198 -0.973800 -1.501147 -0.272558 -1.578261
    59 0.000000 0.000000 10.000000 0.000000 0.000000 0.000000
    60 0.018898 0.665159 9.395884 0.000000 0.000000 0.000000
    61 2.000008 -3.000000 0.000000 -1.570796 0.000000 -1.326450
    62 3.028210 -0.923409 -2.009452 1.574082 -0.012974 1.587244
    63 0.116955 4.311607 0.061861 0.000010 0.000000 0.000000
    64 0.000000 0.000000 0.000001 0.000000 0.000000 0.000000
    65 0.000000 1.000000 0.000008 0.000000 0.000000 0.000000
    66 0.000000 0.000000 0.000002 0.000000 0.000000 0.000000
    67 0.000000 0.000000 0.000002 0.000000 0.000000 0.000000
    68 0.000000 0.000000 0.000002 0.000000 0.000000 0.000000
time 110
    0 1.328125 -8.781250 46.312500 1.521834 -0.000906 -0.100269
    1 3.625659 0.000000 0.000000 -2.084803 0.008684 -1.287324
    2 18.345819 0.000000 0.000000 0.000000 0.000000 0.148185
    3 16.751528 0.000000 0.000000 0.085201 0.380315 -0.531543
    4 5.943489 0.000000 0.000000 0.020401 -0.027707 -0.481325
    5 -3.625659 0.000000 0.000000 -1.123714 -0.061096 -1.817585
    6 18.345812 0.000000 0.000000 0.000000 0.000000 0.164117
    7 16.751524 0.000000 0.000000 0.063595 -0.255851 -0.731927
    8 5.943490 0.000000 0.000000 -0.112074 0.023846 -0.403171
    9 0.000000 4.043964 -0.017929 1.565411 -0.123235 1.632970
    10 3.995838 0.000000 0.000000 -0.006795 0.029182 -0.150898
    11 3.698242 -0.000001 0.000000 -0.001597 -0.034893 -0.017327
    12 5.700890 0.000000 0.000000 -0.029786 -0.059896 0.482937
    13 5.352852 -0.000001 0.000000 3.111051 0.170009 0.184311
    14 4.461819 0.000000 0.000000 -0.102460 -0.137123 0.686581
    15 4.065388 1.458945 1.500000 -1.556665 -0.906076 -0.120931
    16 5.507357 0.000004 -0.000001 -2.185913 -0.645511 -0.023376
    17 10.907398 0.000000 0.000000 0.000000 0.000000 -1.282495
    18 10.424324 -0.000008 -0.000027 1.096520 0.433931 0.352865
    19 2.997274 0.005409 -1.477472 0.297493 0.497556 -0.080474
    20 1.510382 0.000000 0.000000 0.011341 0.016615 -0.257537
    21 0.808655 0.000002 0.000000 -0.054433 -0.175361 0.039377
    22 3.305792 0.203112 -0.546730 0.228981 0.234014 0.043917
    23 1.807182 0.000002 0.000000 -0.051906 -0.088339 -0.190157
    24 0.966137 0.000001 0.000000 0.002387 0.009734 0.099588
    25 3.571512 0.109303 0.409580 0.187237 0.067893 0.178800
    26 2.150654 -0.000002 0.000000 -0.042028 -0.053936 -0.320272
    27 1.152748 0.000000 0.000000 0.001856 0.011945 0.064941
    28 3.684092 -0.158705 1.419183 0.117459 -0.234196 0.132137
    29 1.701014 -0.000002 0.000000 0.051316 0.064006 -0.334034
    30 0.994705 0.000002 0.000000 0.001258 0.038493 0.020488
    31 1.068069 -1.287201 0.981905 1.455344 -0.844004 0.072049
    32 1.836304 -0.000002 -0.000004 -0.000056 -0.188092 0.157023
    33 1.223948 -0.000001 0.000000 -0.000073 -0.040582 0.037650
    34 4.065392 1.458946 -1.500000 1.362252 0.936939 -0.224858
    35 5.507360 0.000008 -0.000001 2.543392 0.640197 0.064445
    36 10.907398 0.000000 0.000004 0.000000 0.000000 -2.279794
    37 10.424301 -0.000005 0.000019 -0.701378 -0.307458 0.057144
    38 2.997293 0.000065 1.477481 -0.296388 -0.505836 0.084787
    39 1.510378 -0.000004 0.000000 -0.011341 -0.016615 -0.257537
    40 0.808655 0.000000 0.000000 0.054433 0.175361 0.039377
    41 3.305817 0.201134 0.547461 -0.222549 -0.222705 0.044651
    42 1.807175 0.000000 0.000000 0.051906 0.088339 -0.190157
    43 0.966141 -0.000001 0.000000 -0.002387 -0.009734 0.099588
    44 3.571524 0.110786 -0.409182 -0.183620 -0.067925 0.084169
    45 2.150656 0.000000 0.000000 0.042028 0.053936 -0.320272
    46 1.152752 0.000000 0.000000 -0.001808 -0.011970 0.185709
    47 3.684113 -0.153563 -1.419748 -0.130025 0.167228 0.135320
    48 1.701017 0.000002 0.000000 -0.051316 -0.064006 -0.334034
    49 0.994705 0.000001 0.000000 -0.001284 -0.038506 0.309237
    50 1.068094 -1.283653 -0.986553 -1.411132 0.792526 0.151201
    51 1.836306 -0.000002 0.000000 0.000056 0.188092 0.157023
    52 1.223946 0.000000 0.000002 0.000034 0.040606 0.078248
    53 -0.001349 -30.625000 -16.421875 1.802766 0.181697 2.245796
    54 0.000000 0.000000 0.000000 -0.077030 -0.068757 -1.299215
    55 0.000004 -0.000007 -0.000031 1.373047 0.113574 0.124314
    56 0.000000 -0.000007 -0.000031 1.373047 0.113574 0.124314
    57 2.856897 -1.536201 -0.973800 -1.501147 -0.272558 -1.578261
    58 2.856895 -1.536198 -0.973800 -1.501147 -0.272558 -1.578261
    59 0.000000 0.000000 10.000000 0.000000 0.000000 0.000000
    60 0.018898 0.665159 9.395884 0.000000 0.000000 0.000000
    61 2.000008 -3.000000 0.000000 -1.570796 0.000000 -1.326450
    62 3.028210 -0.923409 -2.009452 1.574082 -0.012974 1.587244
    63 0.116955 4.311607 0.061861 0.000010 0.000000 0.000000
    64 0.000000 0.000000 0.000001 0.000000 0.000000 0.000000
    65 0.000000 1.000000 0.000008 0.000000 0.000000 0.000000
    66 0.000000 0.000000 0.000002 0.000000 0.000000 0.000000
    67 0.000000 0.000000 0.000002 0.000000 0.000000 0.000000
    68 0.000000 0.000000 0.000002 0.000000 0.000000 0.000000
time 111
    0 1.262695 -8.789063 46.531250 1.518059 -0.002247 -0.102695
    1 3.625659 0.000000 0.000000 -2.072502 0.010553 -1.283950
    2 18.345819 0.000000 0.000000 0.000000 0.000000 0.148098
    3 16.751528 0.000000 0.000000 0.078670 0.380448 -0.530082
    4 5.943489 0.000000 0.000000 0.020386 -0.027702 -0.469598
    5 -3.625659 0.000000 0.000000 -1.128277 -0.058631 -1.817594
    6 18.345812 0.000000 0.000000 0.000000 0.000000 0.168968
    7 16.751524 0.000000 0.000000 0.070307 -0.252113 -0.733678
    8 5.943490 0.000000 0.000000 -0.112054 0.023803 -0.413940
    9 0.000000 4.043964 -0.017929 1.565387 -0.120988 1.634437
    10 3.995838 0.000000 0.000000 -0.006673 0.028846 -0.150202
    11 3.698242 -0.000001 0.000000 -0.001149 -0.039375 -0.011806
    12 5.700890 0.000000 0.000000 -0.031971 -0.064725 0.490689
    13 5.352852 -0.000001 0.000000 3.112166 0.176703 0.177135
    14 4.461819 0.000000 0.000000 -0.104848 -0.141704 0.693766
    15 4.065388 1.458945 1.500000 -1.564302 -0.911132 -0.117714
    16 5.507357 0.000004 -0.000001 -2.171371 -0.638377 -0.033669
    17 10.907398 0.000000 0.000000 0.000000 0.000000 -1.305541
    18 10.424324 -0.000008 -0.000027 1.100906 0.395772 0.369747
    19 2.997274 0.005409 -1.477472 0.297493 0.497556 -0.080474
    20 1.510382 0.000000 0.000000 0.011341 0.016615 -0.257537
    21 0.808655 0.000002 0.000000 -0.054433 -0.175361 0.039377
    22 3.305792 0.203112 -0.546730 0.228981 0.234014 0.043917
    23 1.807182 0.000002 0.000000 -0.051906 -0.088339 -0.190157
    24 0.966137 0.000001 0.000000 0.002387 0.009734 0.099588
    25 3.571512 0.109303 0.409580 0.187237 0.067893 0.178800
    26 2.150654 -0.000002 0.000000 -0.042028 -0.053936 -0.320272
    27 1.152748 0.000000 0.000000 0.001856 0.011945 0.064941
    28 3.684092 -0.158705 1.419183 0.117459 -0.234196 0.132137
    29 1.701014 -0.000002 0.000000 0.051316 0.064006 -0.334034
    30 0.994705 0.000002 0.000000 0.001258 0.038493 0.020488
    31 1.068069 -1.287201 0.981905 1.455344 -0.844004 0.072049
    32 1.836304 -0.000002 -0.000004 -0.000056 -0.188092 0.157023
    33 1.223948 -0.000001 0.000000 -0.000073 -0.040582 0.037650
    34 4.065392 1.458946 -1.500000 1.364329 0.957239 -0.224906
    35 5.507360 0.000008 -0.000001 2.545043 0.651575 0.071064
    36 10.907398 0.000000 0.000004 0.000000 0.000000 -2.284067
    37 10.424301 -0.000005 0.000019 -0.705470 -0.303049 0.050883
    38 2.997293 0.000065 1.477481 -0.296388 -0.505836 0.084787
    39 1.510378 -0.000004 0.000000 -0.011341 -0.016615 -0.257537
    40 0.808655 0.000000 0.000000 0.054433 0.175361 0.039377
    41 3.305817 0.201134 0.547461 -0.222549 -0.222705 0.044651
    42 1.807175 0.000000 0.000000 0.051906 0.088339 -0.190157
    43 0.966141 -0.000001 0.000000 -0.002387 -0.009734 0.099588
    44 3.571524 0.110786 -0.409182 -0.183620 -0.067925 0.084169
    45 2.150656 0.000000 0.000000 0.042028 0.053936 -0.320272
    46 1.152752 0.000000 0.000000 -0.001808 -0.011970 0.185709
    47 3.684113 -0.153563 -1.419748 -0.130025 0.167228 0.135320
    48 1.701017 0.000002 0.000000 -0.051316 -0.064006 -0.334034
    49 0.994705 0.000001 0.000000 -0.001284 -0.038506 0.309237
    50 1.068094 -1.283653 -0.986553 -1.411132 0.792526 0.151201
    51 1.836306 -0.000002 0.000000 0.000056 0.188092 0.157023
    52 1.223946 0.000000 0.000002 0.000034 0.040606 0.078248
    53 -1.903320 -31.421875 -14.359375 1.789472 0.173314 2.258804
    54 0.000000 0.000000 0.000000 -0.077030 -0.068757 -1.299215
    55 0.000004 -0.000007 -0.000031 1.373047 0.113574 0.124314
    56 0.000000 -0.000007 -0.000031 1.373047 0.113574 0.124314
    57 2.856897 -1.536201 -0.973800 -1.501147 -0.272558 -1.578261
    58 2.856895 -1.536198 -0.973800 -1.501147 -0.272558 -1.578261
    59 0.000000 0.000000 10.000000 0.000000 0.000000 0.000000
    60 0.018898 0.665159 9.395884 0.000000 0.000000 0.000000
    61 2.000008 -3.000000 0.000000 -1.570796 0.000000 -1.326450
    62 3.028210 -0.923409 -2.009452 1.574082 -0.012974 1.587244
    63 0.116955 4.311607 0.061861 0.000010 0.000000 0.000000
    64 0.000000 0.000000 0.000001 0.000000 0.000000 0.000000
    65 0.000000 1.000000 0.000008 0.000000 0.000000 0.000000
    66 0.000000 0.000000 0.000002 0.000000 0.000000 0.000000
    67 0.000000 0.000000 0.000002 0.000000 0.000000 0.000000
    68 0.000000 0.000000 0.000002 0.000000 0.000000 0.000000
time 112
    0 1.194336 -8.796875 46.718750 1.515082 -0.002825 -0.104822
    1 3.625659 0.000000 0.000000 -2.060369 0.011695 -1.280318
    2 18.345819 0.000000 0.000000 0.000000 0.000000 0.147925
    3 16.751528 0.000000 0.000000 0.073271 0.380538 -0.527508
    4 5.943489 0.000000 0.000000 0.020387 -0.027686 -0.458952
    5 -3.625659 0.000000 0.000000 -1.132750 -0.056893 -1.817178
    6 18.345812 0.000000 0.000000 0.000000 0.000000 0.174254
    7 16.751524 0.000000 0.000000 0.071724 -0.248756 -0.732477
    8 5.943490 0.000000 0.000000 -0.112019 0.023880 -0.419245
    9 0.000000 4.043964 -0.017929 1.565193 -0.118252 1.635600
    10 3.995838 0.000000 0.000000 -0.006670 0.028934 -0.149596
    11 3.698242 -0.000001 0.000000 -0.000805 -0.042997 -0.006718
    12 5.700890 0.000000 0.000000 -0.034088 -0.068950 0.497288
    13 5.352852 -0.000001 0.000000 3.113295 0.182907 0.171103
    14 4.461819 0.000000 0.000000 -0.107137 -0.145955 0.700757
    15 4.065388 1.458945 1.500000 -1.571639 -0.917129 -0.112375
    16 5.507357 0.000004 -0.000001 -2.148367 -0.628810 -0.042527
    17 10.907398 0.000000 0.000000 0.000000 0.000000 -1.341432
    18 10.424324 -0.000008 -0.000027 1.112520 0.362757 0.388146
    19 2.997274 0.005409 -1.477472 0.297493 0.497556 -0.080474
    20 1.510382 0.000000 0.000000 0.011341 0.016615 -0.257537
    21 0.808655 0.000002 0.000000 -0.054433 -0.175361 0.039377
    22 3.305792 0.203112 -0.546730 0.228981 0.234014 0.043917
    23 1.807182 0.000002 0.000000 -0.051906 -0.088339 -0.190157
    24 0.966137 0.000001 0.000000 0.002387 0.009734 0.099588
    25 3.571512 0.109303 0.409580 0.187237 0.067893 0.178800
    26 2.150654 -0.000002 0.000000 -0.042028 -0.053936 -0.320272
    27 1.152748 0.000000 0.000000 0.001856 0.011945 0.064941
    28 3.684092 -0.158705 1.419183 0.117459 -0.234196 0.132137
    29 1.701014 -0.000002 0.000000 0.051316 0.064006 -0.334034
    30 0.994705 0.000002 0.000000 0.001258 0.038493 0.020488
    31 1.068069 -1.287201 0.981905 1.455344 -0.844004 0.072049
    32 1.836304 -0.000002 -0.000004 -0.000056 -0.188092 0.157023
    33 1.223948 -0.000001 0.000000 -0.000073 -0.040582 0.037650
    34 4.065392 1.458946 -1.500000 1.367700 0.976110 -0.224761
    35 5.507360 0.000008 -0.000001 2.539908 0.663677 0.077754
    36 10.907398 0.000000 0.000004 0.000000 0.000000 -2.287578
    37 10.424301 -0.000005 0.000019 -0.710731 -0.295915 0.050180
    38 2.997293 0.000065 1.477481 -0.296388 -0.505836 0.084787
    39 1.510378 -0.000004 0.000000 -0.011341 -0.016615 -0.257537
    40 0.808655 0.000000 0.000000 0.054433 0.175361 0.039377
    41 3.305817 0.201134 0.547461 -0.222549 -0.222705 0.044651
    42 1.807175 0.000000 0.000000 0.051906 0.088339 -0.190157
    43 0.966141 -0.000001 0.000000 -0.002387 -0.009734 0.099588
    44 3.571524 0.110786 -0.409182 -0.183620 -0.067925 0.084169
    45 2.150656 0.000000 0.000000 0.042028 0.053936 -0.320272
    46 1.152752 0.000000 0.000000 -0.001808 -0.011970 0.185709
    47 3.684113 -0.153563 -1.419748 -0.130025 0.167228 0.135320
    48 1.701017 0.000002 0.000000 -0.051316 -0.064006 -0.334034
    49 0.994705 0.000001 0.000000 -0.001284 -0.038506 0.309237
    50 1.068094 -1.283653 -0.986553 -1.411132 0.792526 0.151201
    51 1.836306 -0.000002 0.000000 0.000056 0.188092 0.157023
    52 1.223946 0.000000 0.000002 0.000034 0.040606 0.078248
    53 -3.769531 -31.000000 -12.734375 1.771270 0.173949 2.282376
    54 0.000000 0.000000 0.000000 -0.077030 -0.068757 -1.299215
    55 0.000004 -0.000007 -0.000031 1.373047 0.113574 0.124314
    56 0.000000 -0.000007 -0.000031 1.373047 0.113574 0.124314
    57 2.856897 -1.536201 -0.973800 -1.501147 -0.272558 -1.578261
    58 2.856895 -1.536198 -0.973800 -1.501147 -0.272558 -1.578261
    59 0.000000 0.000000 10.000000 0.000000 0.000000 0.000000
    60 0.018898 0.665159 9.395884 0.000000 0.000000 0.000000
    61 2.000008 -3.000000 0.000000 -1.570796 0.000000 -1.326450
    62 3.028210 -0.923409 -2.009452 1.574082 -0.012974 1.587244
    63 0.116955 4.311607 0.061861 0.000010 0.000000 0.000000
    64 0.000000 0.000000 0.000001 0.000000 0.000000 0.000000
    65 0.000000 1.000000 0.000008 0.000000 0.000000 0.000000
    66 0.000000 0.000000 0.000002 0.000000 0.000000 0.000000
    67 0.000000 0.000000 0.000002 0.000000 0.000000 0.000000
    68 0.000000 0.000000 0.000002 0.000000 0.000000 0.000000
time 113
    0 1.126953 -8.812500 46.937500 1.512700 -0.002449 -0.106330
    1 3.625659 0.000000 0.000000 -2.051678 0.012259 -1.276151
    2 18.345819 0.000000 0.000000 0.000000 0.000000 0.148185
    3 16.751528 0.000000 0.000000 0.070470 0.381829 -0.523023
    4 5.943489 0.000000 0.000000 0.020450 -0.027725 -0.451332
    5 -3.625659 0.000000 0.000000 -1.137670 -0.055667 -1.816451
    6 18.345812 0.000000 0.000000 0.000000 0.000000 0.180494
    7 16.751524 0.000000 0.000000 0.069308 -0.248059 -0.730411
    8 5.943490 0.000000 0.000000 -0.112014 0.023822 -0.412085
    9 0.000000 4.043964 -0.017929 1.565019 -0.115925 1.636653
    10 3.995838 0.000000 0.000000 -0.006746 0.028843 -0.149337
    11 3.698242 -0.000001 0.000000 -0.000720 -0.045758 -0.002488
    12 5.700890 0.000000 0.000000 -0.035536 -0.071655 0.502855
    13 5.352852 -0.000001 0.000000 3.113916 0.188127 0.165559
    14 4.461819 0.000000 0.000000 -0.109319 -0.149525 0.706969
    15 4.065388 1.458945 1.500000 -1.579257 -0.922445 -0.106961
    16 5.507357 0.000004 -0.000001 -2.117419 -0.618865 -0.053107
    17 10.907398 0.000000 0.000000 0.000000 0.000000 -1.389050
    18 10.424324 -0.000008 -0.000027 1.128543 0.332991 0.404555
    19 2.997274 0.005409 -1.477472 0.297493 0.497556 -0.080474
    20 1.510382 0.000000 0.000000 0.011341 0.016615 -0.257537
    21 0.808655 0.000002 0.000000 -0.054433 -0.175361 0.039377
    22 3.305792 0.203112 -0.546730 0.228981 0.234014 0.043917
    23 1.807182 0.000002 0.000000 -0.051906 -0.088339 -0.190157
    24 0.966137 0.000001 0.000000 0.002387 0.009734 0.099588
    25 3.571512 0.109303 0.409580 0.187237 0.067893 0.178800
    26 2.150654 -0.000002 0.000000 -0.042028 -0.053936 -0.320272
    27 1.152748 0.000000 0.000000 0.001856 0.011945 0.064941
    28 3.684092 -0.158705 1.419183 0.117459 -0.234196 0.132137
    29 1.701014 -0.000002 0.000000 0.051316 0.064006 -0.334034
    30 0.994705 0.000002 0.000000 0.001258 0.038493 0.020488
    31 1.068069 -1.287201 0.981905 1.455344 -0.844004 0.072049
    32 1.836304 -0.000002 -0.000004 -0.000056 -0.188092 0.157023
    33 1.223948 -0.000001 0.000000 -0.000073 -0.040582 0.037650
    34 4.065392 1.458946 -1.500000 1.371467 0.993667 -0.224971
    35 5.507360 0.000008 -0.000001 2.529200 0.676055 0.085645
    36 10.907398 0.000000 0.000004 0.000000 0.000000 -2.290138
    37 10.424301 -0.000005 0.000019 -0.715516 -0.288590 0.054223
    38 2.997293 0.000065 1.477481 -0.296388 -0.505836 0.084787
    39 1.510378 -0.000004 0.000000 -0.011341 -0.016615 -0.257537
    40 0.808655 0.000000 0.000000 0.054433 0.175361 0.039377
    41 3.305817 0.201134 0.547461 -0.222549 -0.222705 0.044651
    42 1.807175 0.000000 0.000000 0.051906 0.088339 -0.190157
    43 0.966141 -0.000001 0.000000 -0.002387 -0.009734 0.099588
    44 3.571524 0.110786 -0.409182 -0.183620 -0.067925 0.084169
    45 2.150656 0.000000 0.000000 0.042028 0.053936 -0.320272
    46 1.152752 0.000000 0.000000 -0.001808 -0.011970 0.185709
    47 3.684113 -0.153563 -1.419748 -0.130025 0.167228 0.135320
    48 1.701017 0.000002 0.000000 -0.051316 -0.064006 -0.334034
    49 0.994705 0.000001 0.000000 -0.001284 -0.038506 0.309237
    50 1.068094 -1.283653 -0.986553 -1.411132 0.792526 0.151201
    51 1.836306 -0.000002 0.000000 0.000056 0.188092 0.157023
    52 1.223946 0.000000 0.000002 0.000034 0.040606 0.078248
    53 -5.003906 -28.843750 -12.335938 1.749267 0.181052 2.316613
    54 0.000000 0.000000 0.000000 -0.077030 -0.068757 -1.299215
    55 0.000004 -0.000007 -0.000031 1.373047 0.113574 0.124314
    56 0.000000 -0.000007 -0.000031 1.373047 0.113574 0.124314
    57 2.856897 -1.536201 -0.973800 -1.501147 -0.272558 -1.578261
    58 2.856895 -1.536198 -0.973800 -1.501147 -0.272558 -1.578261
    59 0.000000 0.000000 10.000000 0.000000 0.000000 0.000000
    60 0.018898 0.665159 9.395884 0.000000 0.000000 0.000000
    61 2.000008 -3.000000 0.000000 -1.570796 0.000000 -1.326450
    62 3.028210 -0.923409 -2.009452 1.574082 -0.012974 1.587244
    63 0.116955 4.311607 0.061861 0.000010 0.000000 0.000000
    64 0.000000 0.000000 0.000001 0.000000 0.000000 0.000000
    65 0.000000 1.000000 0.000008 0.000000 0.000000 0.000000
    66 0.000000 0.000000 0.000002 0.000000 0.000000 0.000000
    67 0.000000 0.000000 0.000002 0.000000 0.000000 0.000000
    68 0.000000 0.000000 0.000002 0.000000 0.000000 0.000000
time 114
    0 1.058594 -8.828125 47.093750 1.510672 -0.001231 -0.107378
    1 3.625659 0.000000 0.000000 -2.047302 0.013151 -1.271886
    2 18.345819 0.000000 0.000000 0.000000 0.000000 0.147579
    3 16.751528 0.000000 0.000000 0.070761 0.383731 -0.516797
    4 5.943489 0.000000 0.000000 0.020441 -0.027676 -0.446018
    5 -3.625659 0.000000 0.000000 -1.143330 -0.054577 -1.816013
    6 18.345812 0.000000 0.000000 0.000000 0.000000 0.186995
    7 16.751524 0.000000 0.000000 0.069976 -0.250356 -0.725484
    8 5.943490 0.000000 0.000000 -0.112082 0.023807 -0.403875
    9 0.000000 4.043964 -0.017929 1.564610 -0.113848 1.637200
    10 3.995838 0.000000 0.000000 -0.006996 0.028738 -0.149167
    11 3.698242 -0.000001 0.000000 -0.000884 -0.047311 0.000884
    12 5.700890 0.000000 0.000000 -0.036545 -0.072785 0.507298
    13 5.352852 -0.000001 0.000000 3.114366 0.192156 0.160443
    14 4.461819 0.000000 0.000000 -0.111208 -0.151997 0.713172
    15 4.065388 1.458945 1.500000 -1.588599 -0.928407 -0.102146
    16 5.507357 0.000004 -0.000001 -2.077615 -0.610004 -0.064305
    17 10.907398 0.000000 0.000000 0.000000 0.000000 -1.443376
    18 10.424324 -0.000008 -0.000027 1.143316 0.287842 0.430041
    19 2.997274 0.005409 -1.477472 0.297493 0.497556 -0.080474
    20 1.510382 0.000000 0.000000 0.011341 0.016615 -0.257537
    21 0.808655 0.000002 0.000000 -0.054433 -0.175361 0.039377
    22 3.305792 0.203112 -0.546730 0.228981 0.234014 0.043917
    23 1.807182 0.000002 0.000000 -0.051906 -0.088339 -0.190157
    24 0.966137 0.000001 0.000000 0.002387 0.009734 0.099588
    25 3.571512 0.109303 0.409580 0.187237 0.067893 0.178800
    26 2.150654 -0.000002 0.000000 -0.042028 -0.053936 -0.320272
    27 1.152748 0.000000 0.000000 0.001856 0.011945 0.064941
    28 3.684092 -0.158705 1.419183 0.117459 -0.234196 0.132137
    29 1.701014 -0.000002 0.000000 0.051316 0.064006 -0.334034
    30 0.994705 0.000002 0.000000 0.001258 0.038493 0.020488
    31 1.068069 -1.287201 0.981905 1.455344 -0.844004 0.072049
    32 1.836304 -0.000002 -0.000004 -0.000056 -0.188092 0.157023
    33 1.223948 -0.000001 0.000000 -0.000073 -0.040582 0.037650
    34 4.065392 1.458946 -1.500000 1.372488 1.007296 -0.227507
    35 5.507360 0.000008 -0.000001 2.520763 0.689856 0.090351
    36 10.907398 0.000000 0.000004 0.000000 0.000000 -2.292980
    37 10.424301 -0.000005 0.000019 -0.729625 -0.273737 0.050044
    38 2.997293 0.000065 1.477481 -0.296388 -0.505836 0.084787
    39 1.510378 -0.000004 0.000000 -0.011341 -0.016615 -0.257537
    40 0.808655 0.000000 0.000000 0.054433 0.175361 0.039377
    41 3.305817 0.201134 0.547461 -0.222549 -0.222705 0.044651
    42 1.807175 0.000000 0.000000 0.051906 0.088339 -0.190157
    43 0.966141 -0.000001 0.000000 -0.002387 -0.009734 0.099588
    44 3.571524 0.110786 -0.409182 -0.183620 -0.067925 0.084169
    45 2.150656 0.000000 0.000000 0.042028 0.053936 -0.320272
    46 1.152752 0.000000 0.000000 -0.001808 -0.011970 0.185709
    47 3.684113 -0.153563 -1.419748 -0.130025 0.167228 0.135320
    48 1.701017 0.000002 0.000000 -0.051316 -0.064006 -0.334034
    49 0.994705 0.000001 0.000000 -0.001284 -0.038506 0.309237
    50 1.068094 -1.283653 -0.986553 -1.411132 0.792526 0.151201
    51 1.836306 -0.000002 0.000000 0.000056 0.188092 0.157023
    52 1.223946 0.000000 0.000002 0.000034 0.040606 0.078248
    53 -4.929688 -26.343750 -12.945313 1.723866 0.193997 2.358005
    54 0.000000 0.000000 0.000000 -0.077030 -0.068757 -1.299215
    55 0.000004 -0.000007 -0.000031 1.373047 0.113574 0.124314
    56 0.000000 -0.000007 -0.000031 1.373047 0.113574 0.124314
    57 2.856897 -1.536201 -0.973800 -1.501147 -0.272558 -1.578261
    58 2.856895 -1.536198 -0.973800 -1.501147 -0.272558 -1.578261
    59 0.000000 0.000000 10.000000 0.000000 0.000000 0.000000
    60 0.018898 0.665159 9.395884 0.000000 0.000000 0.000000
    61 2.000008 -3.000000 0.000000 -1.570796 0.000000 -1.326450
    62 3.028210 -0.923409 -2.009452 1.574082 -0.012974 1.587244
    63 0.116955 4.311607 0.061861 0.000010 0.000000 0.000000
    64 0.000000 0.000000 0.000001 0.000000 0.000000 0.000000
    65 0.000000 1.000000 0.000008 0.000000 0.000000 0.000000
    66 0.000000 0.000000 0.000002 0.000000 0.000000 0.000000
    67 0.000000 0.000000 0.000002 0.000000 0.000000 0.000000
    68 0.000000 0.000000 0.000002 0.000000 0.000000 0.000000
time 115
    0 0.991699 -8.851563 47.250000 1.509692 0.000131 -0.107721
    1 3.625659 0.000000 0.000000 -2.047186 0.013537 -1.267674
    2 18.345819 0.000000 0.000000 0.000000 0.000000 0.148098
    3 16.751528 0.000000 0.000000 0.072566 0.386568 -0.512494
    4 5.943489 0.000000 0.000000 0.020394 -0.027754 -0.436551
    5 -3.625659 0.000000 0.000000 -1.149399 -0.054518 -1.816860
    6 18.345812 0.000000 0.000000 0.000000 0.000000 0.194280
    7 16.751524 0.000000 0.000000 0.071405 -0.257764 -0.719520
    8 5.943490 0.000000 0.000000 -0.112085 0.023843 -0.399907
    9 0.000000 4.043964 -0.017929 1.563979 -0.112126 1.636649
    10 3.995838 0.000000 0.000000 -0.007578 0.028435 -0.149088
    11 3.698242 -0.000001 0.000000 -0.001380 -0.047395 0.003573
    12 5.700890 0.000000 0.000000 -0.036955 -0.072112 0.510688
    13 5.352852 -0.000001 0.000000 3.114839 0.195149 0.155685
    14 4.461819 0.000000 0.000000 -0.112531 -0.153298 0.718864
    15 4.065388 1.458945 1.500000 -1.600176 -0.935514 -0.099163
    16 5.507357 0.000004 -0.000001 -2.029417 -0.600071 -0.076291
    17 10.907398 0.000000 0.000000 0.000000 0.000000 -1.506356
    18 10.424324 -0.000008 -0.000027 1.140786 0.204902 0.456602
    19 2.997274 0.005409 -1.477472 0.297493 0.497556 -0.080474
    20 1.510382 0.000000 0.000000 0.011341 0.016615 -0.257537
    21 0.808655 0.000002 0.000000 -0.054433 -0.175361 0.039377
    22 3.305792 0.203112 -0.546730 0.228981 0.234014 0.043917
    23 1.807182 0.000002 0.000000 -0.051906 -0.088339 -0.190157
    24 0.966137 0.000001 0.000000 0.002387 0.009734 0.099588
    25 3.571512 0.109303 0.409580 0.187237 0.067893 0.178800
    26 2.150654 -0.000002 0.000000 -0.042028 -0.053936 -0.320272
    27 1.152748 0.000000 0.000000 0.001856 0.011945 0.064941
    28 3.684092 -0.158705 1.419183 0.117459 -0.234196 0.132137
    29 1.701014 -0.000002 0.000000 0.051316 0.064006 -0.334034
    30 0.994705 0.000002 0.000000 0.001258 0.038493 0.020488
    31 1.068069 -1.287201 0.981905 1.455344 -0.844004 0.072049
    32 1.836304 -0.000002 -0.000004 -0.000056 -0.188092 0.157023
    33 1.223948 -0.000001 0.000000 -0.000073 -0.040582 0.037650
    34 4.065392 1.458946 -1.500000 1.370422 1.016684 -0.233637
    35 5.507360 0.000008 -0.000001 2.512254 0.704592 0.094587
    36 10.907398 0.000000 0.000004 0.000000 0.000000 -2.295348
    37 10.424301 -0.000005 0.000019 -0.749307 -0.258907 0.047447
    38 2.997293 0.000065 1.477481 -0.296388 -0.505836 0.084787
    39 1.510378 -0.000004 0.000000 -0.011341 -0.016615 -0.257537
    40 0.808655 0.000000 0.000000 0.054433 0.175361 0.039377
    41 3.305817 0.201134 0.547461 -0.222549 -0.222705 0.044651
    42 1.807175 0.000000 0.000000 0.051906 0.088339 -0.190157
    43 0.966141 -0.000001 0.000000 -0.002387 -0.009734 0.099588
    44 3.571524 0.110786 -0.409182 -0.183620 -0.067925 0.084169
    45 2.150656 0.000000 0.000000 0.042028 0.053936 -0.320272
    46 1.152752 0.000000 0.000000 -0.001808 -0.011970 0.185709
    47 3.684113 -0.153563 -1.419748 -0.130025 0.167228 0.135320
    48 1.701017 0.000002 0.000000 -0.051316 -0.064006 -0.334034
    49 0.994705 0.000001 0.000000 -0.001284 -0.038506 0.309237
    50 1.068094 -1.283653 -0.986553 -1.411132 0.792526 0.151201
    51 1.836306 -0.000002 0.000000 0.000056 0.188092 0.157023
    52 1.223946 0.000000 0.000002 0.000034 0.040606 0.078248
    53 -4.042969 -24.265625 -13.765625 1.697277 0.212320 2.406780
    54 0.000000 0.000000 0.000000 -0.077030 -0.068757 -1.299215
    55 0.000004 -0.000007 -0.000031 1.373047 0.113574 0.124314
    56 0.000000 -0.000007 -0.000031 1.373047 0.113574 0.124314
    57 2.856897 -1.536201 -0.973800 -1.501147 -0.272558 -1.578261
    58 2.856895 -1.536198 -0.973800 -1.501147 -0.272558 -1.578261
    59 0.000000 0.000000 10.000000 0.000000 0.000000 0.000000
    60 0.018898 0.665159 9.395884 0.000000 0.000000 0.000000
    61 2.000008 -3.000000 0.000000 -1.570796 0.000000 -1.326450
    62 3.028210 -0.923409 -2.009452 1.574082 -0.012974 1.587244
    63 0.116955 4.311607 0.061861 0.000010 0.000000 0.000000
    64 0.000000 0.000000 0.000001 0.000000 0.000000 0.000000
    65 0.000000 1.000000 0.000008 0.000000 0.000000 0.000000
    66 0.000000 0.000000 0.000002 0.000000 0.000000 0.000000
    67 0.000000 0.000000 0.000002 0.000000 0.000000 0.000000
    68 0.000000 0.000000 0.000002 0.000000 0.000000 0.000000
time 116
    0 0.925781 -8.875000 47.375000 1.509312 0.002366 -0.107532
    1 3.625659 0.000000 0.000000 -2.051235 0.014245 -1.263076
    2 18.345819 0.000000 0.000000 0.000000 0.000000 0.149310
    3 16.751528 0.000000 0.000000 0.072642 0.390598 -0.509532
    4 5.943489 0.000000 0.000000 0.020425 -0.027676 -0.434074
    5 -3.625659 0.000000 0.000000 -1.157624 -0.055119 -1.817794
    6 18.345812 0.000000 0.000000 0.000000 0.000000 0.202001
    7 16.751524 0.000000 0.000000 0.071427 -0.265063 -0.715313
    8 5.943490 0.000000 0.000000 -0.112016 0.023837 -0.396994
    9 0.000000 4.043964 -0.017929 1.563271 -0.110890 1.636160
    10 3.995838 0.000000 0.000000 -0.008173 0.028304 -0.149009
    11 3.698242 -0.000001 0.000000 -0.002115 -0.046874 0.005490
    12 5.700890 0.000000 0.000000 -0.037097 -0.070627 0.512795
    13 5.352852 -0.000001 0.000000 3.115376 0.197778 0.150240
    14 4.461819 0.000000 0.000000 -0.113309 -0.154466 0.723204
    15 4.065388 1.458945 1.500000 -1.608809 -0.940875 -0.100598
    16 5.507357 0.000004 -0.000001 -1.989739 -0.590394 -0.089446
    17 10.907398 0.000000 0.000000 0.000000 0.000000 -1.572047
    18 10.424324 -0.000008 -0.000027 1.123329 0.093986 0.467498
    19 2.997274 0.005409 -1.477472 0.297493 0.497556 -0.080474
    20 1.510382 0.000000 0.000000 0.011341 0.016615 -0.257537
    21 0.808655 0.000002 0.000000 -0.054433 -0.175361 0.039377
    22 3.305792 0.203112 -0.546730 0.228981 0.234014 0.043917
    23 1.807182 0.000002 0.000000 -0.051906 -0.088339 -0.190157
    24 0.966137 0.000001 0.000000 0.002387 0.009734 0.099588
    25 3.571512 0.109303 0.409580 0.187237 0.067893 0.178800
    26 2.150654 -0.000002 0.000000 -0.042028 -0.053936 -0.320272
    27 1.152748 0.000000 0.000000 0.001856 0.011945 0.064941
    28 3.684092 -0.158705 1.419183 0.117459 -0.234196 0.132137
    29 1.701014 -0.000002 0.000000 0.051316 0.064006 -0.334034
    30 0.994705 0.000002 0.000000 0.001258 0.038493 0.020488
    31 1.068069 -1.287201 0.981905 1.455344 -0.844004 0.072049
    32 1.836304 -0.000002 -0.000004 -0.000056 -0.188092 0.157023
    33 1.223948 -0.000001 0.000000 -0.000073 -0.040582 0.037650
    34 4.065392 1.458946 -1.500000 1.369003 1.027151 -0.241958
    35 5.507360 0.000008 -0.000001 2.502665 0.718005 0.101915
    36 10.907398 0.000000 0.000004 0.000000 0.000000 -2.299039
    37 10.424301 -0.000005 0.000019 -0.767211 -0.253065 0.056950
    38 2.997293 0.000065 1.477481 -0.296388 -0.505836 0.084787
    39 1.510378 -0.000004 0.000000 -0.011341 -0.016615 -0.257537
    40 0.808655 0.000000 0.000000 0.054433 0.175361 0.039377
    41 3.305817 0.201134 0.547461 -0.222549 -0.222705 0.044651
    42 1.807175 0.000000 0.000000 0.051906 0.088339 -0.190157
    43 0.966141 -0.000001 0.000000 -0.002387 -0.009734 0.099588
    44 3.571524 0.110786 -0.409182 -0.183620 -0.067925 0.084169
    45 2.150656 0.000000 0.000000 0.042028 0.053936 -0.320272
    46 1.152752 0.000000 0.000000 -0.001808 -0.011970 0.185709
    47 3.684113 -0.153563 -1.419748 -0.130025 0.167228 0.135320
    48 1.701017 0.000002 0.000000 -0.051316 -0.064006 -0.334034
    49 0.994705 0.000001 0.000000 -0.001284 -0.038506 0.309237
    50 1.068094 -1.283653 -0.986553 -1.411132 0.792526 0.151201
    51 1.836306 -0.000002 0.000000 0.000056 0.188092 0.157023
    52 1.223946 0.000000 0.000002 0.000034 0.040606 0.078248
    53 -3.017578 -22.546875 -14.554688 1.677769 0.225009 2.457820
    54 0.000000 0.000000 0.000000 -0.077030 -0.068757 -1.299215
    55 0.000004 -0.000007 -0.000031 1.373047 0.113574 0.124314
    56 0.000000 -0.000007 -0.000031 1.373047 0.113574 0.124314
    57 2.856897 -1.536201 -0.973800 -1.501147 -0.272558 -1.578261
    58 2.856895 -1.536198 -0.973800 -1.501147 -0.272558 -1.578261
    59 0.000000 0.000000 10.000000 0.000000 0.000000 0.000000
    60 0.018898 0.665159 9.395884 0.000000 0.000000 0.000000
    61 2.000008 -3.000000 0.000000 -1.570796 0.000000 -1.326450
    62 3.028210 -0.923409 -2.009452 1.574082 -0.012974 1.587244
    63 0.116955 4.311607 0.061861 0.000010 0.000000 0.000000
    64 0.000000 0.000000 0.000001 0.000000 0.000000 0.000000
    65 0.000000 1.000000 0.000008 0.000000 0.000000 0.000000
    66 0.000000 0.000000 0.000002 0.000000 0.000000 0.000000
    67 0.000000 0.000000 0.000002 0.000000 0.000000 0.000000
    68 0.000000 0.000000 0.000002 0.000000 0.000000 0.000000
time 117
    0 0.862793 -8.921875 47.437500 1.508954 0.005179 -0.106620
    1 3.625659 0.000000 0.000000 -2.055743 0.015865 -1.258885
    2 18.345819 0.000000 0.000000 0.000000 0.000000 0.150608
    3 16.751528 0.000000 0.000000 0.071913 0.391882 -0.508779
    4 5.943489 0.000000 0.000000 0.020474 -0.027739 -0.436198
    5 -3.625659 0.000000 0.000000 -1.166829 -0.054884 -1.818353
    6 18.345812 0.000000 0.000000 0.000000 0.000000 0.207555
    7 16.751524 0.000000 0.000000 0.067706 -0.267654 -0.709880
    8 5.943490 0.000000 0.000000 -0.112080 0.023867 -0.399467
    9 0.000000 4.043964 -0.017929 1.562480 -0.109732 1.635669
    10 3.995838 0.000000 0.000000 -0.009057 0.028497 -0.149283
    11 3.698242 -0.000001 0.000000 -0.003086 -0.045315 0.006632
    12 5.700890 0.000000 0.000000 -0.036952 -0.068149 0.514329
    13 5.352852 -0.000001 0.000000 3.115404 0.199167 0.145972
    14 4.461819 0.000000 0.000000 -0.113762 -0.154863 0.726246
    15 4.065388 1.458945 1.500000 -1.616436 -0.946829 -0.102028
    16 5.507357 0.000004 -0.000001 -1.967746 -0.586846 -0.095103
    17 10.907398 0.000000 0.000000 0.000000 0.000000 -1.611317
    18 10.424324 -0.000008 -0.000027 1.112893 0.003777 0.476671
    19 2.997274 0.005409 -1.477472 0.297493 0.497556 -0.080474
    20 1.510382 0.000000 0.000000 0.011341 0.016615 -0.257537
    21 0.808655 0.000002 0.000000 -0.054433 -0.175361 0.039377
    22 3.305792 0.203112 -0.546730 0.228981 0.234014 0.043917
    23 1.807182 0.000002 0.000000 -0.051906 -0.088339 -0.190157
    24 0.966137 0.000001 0.000000 0.002387 0.009734 0.099588
    25 3.571512 0.109303 0.409580 0.187237 0.067893 0.178800
    26 2.150654 -0.000002 0.000000 -0.042028 -0.053936 -0.320272
    27 1.152748 0.000000 0.000000 0.001856 0.011945 0.064941
    28 3.684092 -0.158705 1.419183 0.117459 -0.234196 0.132137
    29 1.701014 -0.000002 0.000000 0.051316 0.064006 -0.334034
    30 0.994705 0.000002 0.000000 0.001258 0.038493 0.020488
    31 1.068069 -1.287201 0.981905 1.455344 -0.844004 0.072049
    32 1.836304 -0.000002 -0.000004 -0.000056 -0.188092 0.157023
    33 1.223948 -0.000001 0.000000 -0.000073 -0.040582 0.037650
    34 4.065392 1.458946 -1.500000 1.366152 1.033679 -0.248872
    35 5.507360 0.000008 -0.000001 2.502114 0.729132 0.108030
    36 10.907398 0.000000 0.000004 0.000000 0.000000 -2.306411
    37 10.424301 -0.000005 0.000019 -0.796909 -0.242176 0.057787
    38 2.997293 0.000065 1.477481 -0.296388 -0.505836 0.084787
    39 1.510378 -0.000004 0.000000 -0.011341 -0.016615 -0.257537
    40 0.808655 0.000000 0.000000 0.054433 0.175361 0.039377
    41 3.305817 0.201134 0.547461 -0.222549 -0.222705 0.044651
    42 1.807175 0.000000 0.000000 0.051906 0.088339 -0.190157
    43 0.966141 -0.000001 0.000000 -0.002387 -0.009734 0.099588
    44 3.571524 0.110786 -0.409182 -0.183620 -0.067925 0.084169
    45 2.150656 0.000000 0.000000 0.042028 0.053936 -0.320272
    46 1.152752 0.000000 0.000000 -0.001808 -0.011970 0.185709
    47 3.684113 -0.153563 -1.419748 -0.130025 0.167228 0.135320
    48 1.701017 0.000002 0.000000 -0.051316 -0.064006 -0.334034
    49 0.994705 0.000001 0.000000 -0.001284 -0.038506 0.309237
    50 1.068094 -1.283653 -0.986553 -1.411132 0.792526 0.151201
    51 1.836306 -0.000002 0.000000 0.000056 0.188092 0.157023
    52 1.223946 0.000000 0.000002 0.000034 0.040606 0.078248
    53 -2.550781 -21.187500 -15.171875 1.669806 0.230296 2.492536
    54 0.000000 0.000000 0.000000 -0.077030 -0.068757 -1.299215
    55 0.000004 -0.000007 -0.000031 1.373047 0.113574 0.124314
    56 0.000000 -0.000007 -0.000031 1.373047 0.113574 0.124314
    57 2.856897 -1.536201 -0.973800 -1.501147 -0.272558 -1.578261
    58 2.856895 -1.536198 -0.973800 -1.501147 -0.272558 -1.578261
    59 0.000000 0.000000 10.000000 0.000000 0.000000 0.000000
    60 0.018898 0.665159 9.395884 0.000000 0.000000 0.000000
    61 2.000008 -3.000000 0.000000 -1.570796 0.000000 -1.326450
    62 3.028210 -0.923409 -2.009452 1.574082 -0.012974 1.587244
    63 0.116955 4.311607 0.061861 0.000010 0.000000 0.000000
    64 0.000000 0.000000 0.000001 0.000000 0.000000 0.000000
    65 0.000000 1.000000 0.000008 0.000000 0.000000 0.000000
    66 0.000000 0.000000 0.000002 0.000000 0.000000 0.000000
    67 0.000000 0.000000 0.000002 0.000000 0.000000 0.000000
    68 0.000000 0.000000 0.000002 0.000000 0.000000 0.000000
time 118
    0 0.803223 -8.953125 47.500000 1.508571 0.007883 -0.104879
    1 3.625659 0.000000 0.000000 -2.059968 0.017603 -1.255776
    2 18.345819 0.000000 0.000000 0.000000 0.000000 0.152859
    3 16.751528 0.000000 0.000000 0.070134 0.390530 -0.512284
    4 5.943489 0.000000 0.000000 0.020391 -0.027713 -0.442389
    5 -3.625659 0.000000 0.000000 -1.177655 -0.054655 -1.819564
    6 18.345812 0.000000 0.000000 0.000000 0.000000 0.211461
    7 16.751524 0.000000 0.000000 0.079131 -0.260575 -0.709088
    8 5.943490 0.000000 0.000000 -0.112086 0.023838 -0.399995
    9 0.000000 4.043964 -0.017929 1.561459 -0.109401 1.634731
    10 3.995838 0.000000 0.000000 -0.010025 0.028684 -0.149384
    11 3.698242 -0.000001 0.000000 -0.004207 -0.042893 0.006912
    12 5.700890 0.000000 0.000000 -0.036538 -0.064861 0.514492
    13 5.352852 -0.000001 0.000000 3.114843 0.198925 0.144874
    14 4.461819 0.000000 0.000000 -0.114095 -0.154526 0.727176
    15 4.065388 1.458945 1.500000 -1.625969 -0.953291 -0.099684
    16 5.507357 0.000004 -0.000001 -1.952777 -0.588192 -0.090842
    17 10.907398 0.000000 0.000000 0.000000 0.000000 -1.605684
    18 10.424324 -0.000008 -0.000027 1.110889 -0.061443 0.479948
    19 2.997274 0.005409 -1.477472 0.297493 0.497556 -0.080474
    20 1.510382 0.000000 0.000000 0.011341 0.016615 -0.257537
    21 0.808655 0.000002 0.000000 -0.054433 -0.175361 0.039377
    22 3.305792 0.203112 -0.546730 0.228981 0.234014 0.043917
    23 1.807182 0.000002 0.000000 -0.051906 -0.088339 -0.190157
    24 0.966137 0.000001 0.000000 0.002387 0.009734 0.099588
    25 3.571512 0.109303 0.409580 0.187237 0.067893 0.178800
    26 2.150654 -0.000002 0.000000 -0.042028 -0.053936 -0.320272
    27 1.152748 0.000000 0.000000 0.001856 0.011945 0.064941
    28 3.684092 -0.158705 1.419183 0.117459 -0.234196 0.132137
    29 1.701014 -0.000002 0.000000 0.051316 0.064006 -0.334034
    30 0.994705 0.000002 0.000000 0.001258 0.038493 0.020488
    31 1.068069 -1.287201 0.981905 1.455344 -0.844004 0.072049
    32 1.836304 -0.000002 -0.000004 -0.000056 -0.188092 0.157023
    33 1.223948 -0.000001 0.000000 -0.000073 -0.040582 0.037650
    34 4.065392 1.458946 -1.500000 1.364637 1.035700 -0.252005
    35 5.507360 0.000008 -0.000001 2.501246 0.736000 0.115295
    36 10.907398 0.000000 0.000004 0.000000 0.000000 -2.311980
    37 10.424301 -0.000005 0.000019 -0.837453 -0.231039 0.065760
    38 2.997293 0.000065 1.477481 -0.296388 -0.505836 0.084787
    39 1.510378 -0.000004 0.000000 -0.011341 -0.016615 -0.257537
    40 0.808655 0.000000 0.000000 0.054433 0.175361 0.039377
    41 3.305817 0.201134 0.547461 -0.222549 -0.222705 0.044651
    42 1.807175 0.000000 0.000000 0.051906 0.088339 -0.190157
    43 0.966141 -0.000001 0.000000 -0.002387 -0.009734 0.099588
    44 3.571524 0.110786 -0.409182 -0.183620 -0.067925 0.084169
    45 2.150656 0.000000 0.000000 0.042028 0.053936 -0.320272
    46 1.152752 0.000000 0.000000 -0.001808 -0.011970 0.185709
    47 3.684113 -0.153563 -1.419748 -0.130025 0.167228 0.135320
    48 1.701017 0.000002 0.000000 -0.051316 -0.064006 -0.334034
    49 0.994705 0.000001 0.000000 -0.001284 -0.038506 0.309237
    50 1.068094 -1.283653 -0.986553 -1.411132 0.792526 0.151201
    51 1.836306 -0.000002 0.000000 0.000056 0.188092 0.157023
    52 1.223946 0.000000 0.000002 0.000034 0.040606 0.078248
    53 -2.814453 -20.218750 -15.601563 1.666705 0.238741 2.492038
    54 0.000000 0.000000 0.000000 -0.077030 -0.068757 -1.299215
    55 0.000004 -0.000007 -0.000031 1.373047 0.113574 0.124314
    56 0.000000 -0.000007 -0.000031 1.373047 0.113574 0.124314
    57 2.856897 -1.536201 -0.973800 -1.501147 -0.272558 -1.578261
    58 2.856895 -1.536198 -0.973800 -1.501147 -0.272558 -1.578261
    59 0.000000 0.000000 10.000000 0.000000 0.000000 0.000000
    60 0.018898 0.665159 9.395884 0.000000 0.000000 0.000000
    61 2.000008 -3.000000 0.000000 -1.570796 0.000000 -1.326450
    62 3.028210 -0.923409 -2.009452 1.574082 -0.012974 1.587244
    63 0.116955 4.311607 0.061861 0.000010 0.000000 0.000000
    64 0.000000 0.000000 0.000001 0.000000 0.000000 0.000000
    65 0.000000 1.000000 0.000008 0.000000 0.000000 0.000000
    66 0.000000 0.000000 0.000002 0.000000 0.000000 0.000000
    67 0.000000 0.000000 0.000002 0.000000 0.000000 0.000000
    68 0.000000 0.000000 0.000002 0.000000 0.000000 0.000000
time 119
    0 0.751953 -8.976563 47.531250 1.508254 0.010239 -0.102139
    1 3.625659 0.000000 0.000000 -2.064347 0.018987 -1.253707
    2 18.345819 0.000000 0.000000 0.000000 0.000000 0.155630
    3 16.751528 0.000000 0.000000 0.067206 0.389024 -0.518739
    4 5.943489 0.000000 0.000000 0.020418 -0.027749 -0.449029
    5 -3.625659 0.000000 0.000000 -1.187825 -0.054648 -1.820685
    6 18.345812 0.000000 0.000000 0.000000 0.000000 0.213892
    7 16.751524 0.000000 0.000000 0.096254 -0.246031 -0.710776
    8 5.943490 0.000000 0.000000 -0.112044 0.023821 -0.402110
    9 0.000000 4.043964 -0.017929 1.560475 -0.110153 1.633320
    10 3.995838 0.000000 0.000000 -0.011069 0.028780 -0.149227
    11 3.698242 -0.000001 0.000000 -0.005388 -0.039869 0.006065
    12 5.700890 0.000000 0.000000 -0.035778 -0.060784 0.513285
    13 5.352852 -0.000001 0.000000 3.114095 0.197702 0.146113
    14 4.461819 0.000000 0.000000 -0.114228 -0.153845 0.726482
    15 4.065388 1.458945 1.500000 -1.634833 -0.960235 -0.095480
    16 5.507357 0.000004 -0.000001 -1.938747 -0.593960 -0.088316
    17 10.907398 0.000000 0.000000 0.000000 0.000000 -1.545170
    18 10.424324 -0.000008 -0.000027 1.110777 -0.133833 0.470020
    19 2.997274 0.005409 -1.477472 0.297493 0.497556 -0.080474
    20 1.510382 0.000000 0.000000 0.011341 0.016615 -0.257537
    21 0.808655 0.000002 0.000000 -0.054433 -0.175361 0.039377
    22 3.305792 0.203112 -0.546730 0.228981 0.234014 0.043917
    23 1.807182 0.000002 0.000000 -0.051906 -0.088339 -0.190157
    24 0.966137 0.000001 0.000000 0.002387 0.009734 0.099588
    25 3.571512 0.109303 0.409580 0.187237 0.067893 0.178800
    26 2.150654 -0.000002 0.000000 -0.042028 -0.053936 -0.320272
    27 1.152748 0.000000 0.000000 0.001856 0.011945 0.064941
    28 3.684092 -0.158705 1.419183 0.117459 -0.234196 0.132137
    29 1.701014 -0.000002 0.000000 0.051316 0.064006 -0.334034
    30 0.994705 0.000002 0.000000 0.001258 0.038493 0.020488
    31 1.068069 -1.287201 0.981905 1.455344 -0.844004 0.072049
    32 1.836304 -0.000002 -0.000004 -0.000056 -0.188092 0.157023
    33 1.223948 -0.000001 0.000000 -0.000073 -0.040582 0.037650
    34 4.065392 1.458946 -1.500000 1.361855 1.034250 -0.255479
    35 5.507360 0.000008 -0.000001 2.496995 0.740703 0.122792
    36 10.907398 0.000000 0.000004 0.000000 0.000000 -2.312451
    37 10.424301 -0.000005 0.000019 -0.862712 -0.229268 0.079333
    38 2.997293 0.000065 1.477481 -0.296388 -0.505836 0.084787
    39 1.510378 -0.000004 0.000000 -0.011341 -0.016615 -0.257537
    40 0.808655 0.000000 0.000000 0.054433 0.175361 0.039377
    41 3.305817 0.201134 0.547461 -0.222549 -0.222705 0.044651
    42 1.807175 0.000000 0.000000 0.051906 0.088339 -0.190157
    43 0.966141 -0.000001 0.000000 -0.002387 -0.009734 0.099588
    44 3.571524 0.110786 -0.409182 -0.183620 -0.067925 0.084169
    45 2.150656 0.000000 0.000000 0.042028 0.053936 -0.320272
    46 1.152752 0.000000 0.000000 -0.001808 -0.011970 0.185709
    47 3.684113 -0.153563 -1.419748 -0.130025 0.167228 0.135320
    48 1.701017 0.000002 0.000000 -0.051316 -0.064006 -0.334034
    49 0.994705 0.000001 0.000000 -0.001284 -0.038506 0.309237
    50 1.068094 -1.283653 -0.986553 -1.411132 0.792526 0.151201
    51 1.836306 -0.000002 0.000000 0.000056 0.188092 0.157023
    52 1.223946 0.000000 0.000002 0.000034 0.040606 0.078248
    53 -3.980469 -19.453125 -15.906250 1.661131 0.245127 2.439039
    54 0.000000 0.000000 0.000000 -0.077030 -0.068757 -1.299215
    55 0.000004 -0.000007 -0.000031 1.373047 0.113574 0.124314
    56 0.000000 -0.000007 -0.000031 1.373047 0.113574 0.124314
    57 2.856897 -1.536201 -0.973800 -1.501147 -0.272558 -1.578261
    58 2.856895 -1.536198 -0.973800 -1.501147 -0.272558 -1.578261
    59 0.000000 0.000000 10.000000 0.000000 0.000000 0.000000
    60 0.018898 0.665159 9.395884 0.000000 0.000000 0.000000
    61 2.000008 -3.000000 0.000000 -1.570796 0.000000 -1.326450
    62 3.028210 -0.923409 -2.009452 1.574082 -0.012974 1.587244
    63 0.116955 4.311607 0.061861 0.000010 0.000000 0.000000
    64 0.000000 0.000000 0.000001 0.000000 0.000000 0.000000
    65 0.000000 1.000000 0.000008 0.000000 0.000000 0.000000
    66 0.000000 0.000000 0.000002 0.000000 0.000000 0.000000
    67 0.000000 0.000000 0.000002 0.000000 0.000000 0.000000
    68 0.000000 0.000000 0.000002 0.000000 0.000000 0.000000
time 120
    0 0.698242 -9.000000 47.531250 1.508039 0.012582 -0.097418
    1 3.625659 0.000000 0.000000 -2.067928 0.019698 -1.252640
    2 18.345819 0.000000 0.000000 0.000000 0.000000 0.157881
    3 16.751528 0.000000 0.000000 0.064509 0.387373 -0.526151
    4 5.943489 0.000000 0.000000 0.020390 -0.027727 -0.453103
    5 -3.625659 0.000000 0.000000 -1.193072 -0.054275 -1.820554
    6 18.345812 0.000000 0.000000 0.000000 0.000000 0.213805
    7 16.751524 0.000000 0.000000 0.102551 -0.229810 -0.716884
    8 5.943490 0.000000 0.000000 -0.112082 0.023807 -0.403875
    9 0.000000 4.043964 -0.017929 1.559173 -0.111879 1.631878
    10 3.995838 0.000000 0.000000 -0.012455 0.028851 -0.148902
    11 3.698242 -0.000001 0.000000 -0.006813 -0.036590 0.004269
    12 5.700890 0.000000 0.000000 -0.035038 -0.056272 0.510557
    13 5.352852 -0.000001 0.000000 3.113562 0.195826 0.150075
    14 4.461819 0.000000 0.000000 -0.113975 -0.153078 0.724076
    15 4.065388 1.458945 1.500000 -1.640229 -0.967579 -0.091285
    16 5.507357 0.000004 -0.000001 -1.945891 -0.603173 -0.092388
    17 10.907398 0.000000 0.000000 0.000000 0.000000 -1.446483
    18 10.424324 -0.000008 -0.000027 1.096565 -0.178197 0.482127
    19 2.997274 0.005409 -1.477472 0.297493 0.497556 -0.080474
    20 1.510382 0.000000 0.000000 0.011341 0.016615 -0.257537
    21 0.808655 0.000002 0.000000 -0.054433 -0.175361 0.039377
    22 3.305792 0.203112 -0.546730 0.228981 0.234014 0.043917
    23 1.807182 0.000002 0.000000 -0.051906 -0.088339 -0.190157
    24 0.966137 0.000001 0.000000 0.002387 0.009734 0.099588
    25 3.571512 0.109303 0.409580 0.187237 0.067893 0.178800
    26 2.150654 -0.000002 0.000000 -0.042028 -0.053936 -0.320272
    27 1.152748 0.000000 0.000000 0.001856 0.011945 0.064941
    28 3.684092 -0.158705 1.419183 0.117459 -0.234196 0.132137
    29 1.701014 -0.000002 0.000000 0.051316 0.064006 -0.334034
    30 0.994705 0.000002 0.000000 0.001258 0.038493 0.020488
    31 1.068069 -1.287201 0.981905 1.455344 -0.844004 0.072049
    32 1.836304 -0.000002 -0.000004 -0.000056 -0.188092 0.157023
    33 1.223948 -0.000001 0.000000 -0.000073 -0.040582 0.037650
    34 4.065392 1.458946 -1.500000 1.357498 1.028659 -0.259254
    35 5.507360 0.000008 -0.000001 2.497809 0.746073 0.123589
    36 10.907398 0.000000 0.000004 0.000000 0.000000 -2.315186
    37 10.424301 -0.000005 0.000019 -0.885510 -0.225046 0.081613
    38 2.997293 0.000065 1.477481 -0.296388 -0.505836 0.084787
    39 1.510378 -0.000004 0.000000 -0.011341 -0.016615 -0.257537
    40 0.808655 0.000000 0.000000 0.054433 0.175361 0.039377
    41 3.305817 0.201134 0.547461 -0.222549 -0.222705 0.044651
    42 1.807175 0.000000 0.000000 0.051906 0.088339 -0.190157
    43 0.966141 -0.000001 0.000000 -0.002387 -0.009734 0.099588
    44 3.571524 0.110786 -0.409182 -0.183620 -0.067925 0.084169
    45 2.150656 0.000000 0.000000 0.042028 0.053936 -0.320272
    46 1.152752 0.000000 0.000000 -0.001808 -0.011970 0.185709
    47 3.684113 -0.153563 -1.419748 -0.130025 0.167228 0.135320
    48 1.701017 0.000002 0.000000 -0.051316 -0.064006 -0.334034
    49 0.994705 0.000001 0.000000 -0.001284 -0.038506 0.309237
    50 1.068094 -1.283653 -0.986553 -1.411132 0.792526 0.151201
    51 1.836306 -0.000002 0.000000 0.000056 0.188092 0.157023
    52 1.223946 0.000000 0.000002 0.000034 0.040606 0.078248
    53 -6.062500 -18.687500 -16.015625 1.664268 0.229432 2.348334
    54 0.000000 0.000000 0.000000 -0.077030 -0.068757 -1.299215
    55 0.000004 -0.000007 -0.000031 1.373047 0.113574 0.124314
    56 0.000000 -0.000007 -0.000031 1.373047 0.113574 0.124314
    57 2.856897 -1.536201 -0.973800 -1.501147 -0.272558 -1.578261
    58 2.856895 -1.536198 -0.973800 -1.501147 -0.272558 -1.578261
    59 0.000000 0.000000 10.000000 0.000000 0.000000 0.000000
    60 0.018898 0.665159 9.395884 0.000000 0.000000 0.000000
    61 2.000008 -3.000000 0.000000 -1.570796 0.000000 -1.326450
    62 3.028210 -0.923409 -2.009452 1.574082 -0.012974 1.587244
    63 0.116955 4.311607 0.061861 0.000010 0.000000 0.000000
    64 0.000000 0.000000 0.000001 0.000000 0.000000 0.000000
    65 0.000000 1.000000 0.000008 0.000000 0.000000 0.000000
    66 0.000000 0.000000 0.000002 0.000000 0.000000 0.000000
    67 0.000000 0.000000 0.000002 0.000000 0.000000 0.000000
    68 0.000000 0.000000 0.000002 0.000000 0.000000 0.000000
time 121
    0 0.637695 -9.007813 47.531250 1.507659 0.015744 -0.090633
    1 3.625659 0.000000 0.000000 -2.070149 0.019696 -1.251207
    2 18.345819 0.000000 0.000000 0.000000 0.000000 0.159180
    3 16.751528 0.000000 0.000000 0.063218 0.386652 -0.532589
    4 5.943489 0.000000 0.000000 0.020399 -0.027720 -0.453723
    5 -3.625659 0.000000 0.000000 -1.195687 -0.053725 -1.818327
    6 18.345812 0.000000 0.000000 0.000000 0.000000 0.212155
    7 16.751524 0.000000 0.000000 0.106136 -0.215171 -0.724602
    8 5.943490 0.000000 0.000000 -0.112028 0.023849 -0.404935
    9 0.000000 4.043964 -0.017929 1.557699 -0.114622 1.631655
    10 3.995838 0.000000 0.000000 -0.013962 0.029435 -0.148410
    11 3.698242 -0.000001 0.000000 -0.008741 -0.033318 0.001268
    12 5.700890 0.000000 0.000000 -0.034850 -0.052257 0.506615
    13 5.352852 -0.000001 0.000000 3.114208 0.193739 0.156589
    14 4.461819 0.000000 0.000000 -0.112681 -0.152473 0.719826
    15 4.065388 1.458945 1.500000 -1.641437 -0.977480 -0.089153
    16 5.507357 0.000004 -0.000001 -1.981575 -0.611583 -0.094095
    17 10.907398 0.000000 0.000000 0.000000 0.000000 -1.342865
    18 10.424324 -0.000008 -0.000027 1.073101 -0.205287 0.474726
    19 2.997274 0.005409 -1.477472 0.297493 0.497556 -0.080474
    20 1.510382 0.000000 0.000000 0.011341 0.016615 -0.257537
    21 0.808655 0.000002 0.000000 -0.054433 -0.175361 0.039377
    22 3.305792 0.203112 -0.546730 0.228981 0.234014 0.043917
    23 1.807182 0.000002 0.000000 -0.051906 -0.088339 -0.190157
    24 0.966137 0.000001 0.000000 0.002387 0.009734 0.099588
    25 3.571512 0.109303 0.409580 0.187237 0.067893 0.178800
    26 2.150654 -0.000002 0.000000 -0.042028 -0.053936 -0.320272
    27 1.152748 0.000000 0.000000 0.001856 0.011945 0.064941
    28 3.684092 -0.158705 1.419183 0.117459 -0.234196 0.132137
    29 1.701014 -0.000002 0.000000 0.051316 0.064006 -0.334034
    30 0.994705 0.000002 0.000000 0.001258 0.038493 0.020488
    31 1.068069 -1.287201 0.981905 1.455344 -0.844004 0.072049
    32 1.836304 -0.000002 -0.000004 -0.000056 -0.188092 0.157023
    33 1.223948 -0.000001 0.000000 -0.000073 -0.040582 0.037650
    34 4.065392 1.458946 -1.500000 1.352559 1.017381 -0.262645
    35 5.507360 0.000008 -0.000001 2.498203 0.752178 0.121834
    36 10.907398 0.000000 0.000004 0.000000 0.000000 -2.315280
    37 10.424301 -0.000005 0.000019 -0.902222 -0.222352 0.086272
    38 2.997293 0.000065 1.477481 -0.296388 -0.505836 0.084787
    39 1.510378 -0.000004 0.000000 -0.011341 -0.016615 -0.257537
    40 0.808655 0.000000 0.000000 0.054433 0.175361 0.039377
    41 3.305817 0.201134 0.547461 -0.222549 -0.222705 0.044651
    42 1.807175 0.000000 0.000000 0.051906 0.088339 -0.190157
    43 0.966141 -0.000001 0.000000 -0.002387 -0.009734 0.099588
    44 3.571524 0.110786 -0.409182 -0.183620 -0.067925 0.084169
    45 2.150656 0.000000 0.000000 0.042028 0.053936 -0.320272
    46 1.152752 0.000000 0.000000 -0.001808 -0.011970 0.185709
    47 3.684113 -0.153563 -1.419748 -0.130025 0.167228 0.135320
    48 1.701017 0.000002 0.000000 -0.051316 -0.064006 -0.334034
    49 0.994705 0.000001 0.000000 -0.001284 -0.038506 0.309237
    50 1.068094 -1.283653 -0.986553 -1.411132 0.792526 0.151201
    51 1.836306 -0.000002 0.000000 0.000056 0.188092 0.157023
    52 1.223946 0.000000 0.000002 0.000034 0.040606 0.078248
    53 -8.546875 -17.968750 -15.835938 1.684802 0.192775 2.252454
    54 0.000000 0.000000 0.000000 -0.077030 -0.068757 -1.299215
    55 0.000004 -0.000007 -0.000031 1.373047 0.113574 0.124314
    56 0.000000 -0.000007 -0.000031 1.373047 0.113574 0.124314
    57 2.856897 -1.536201 -0.973800 -1.501147 -0.272558 -1.578261
    58 2.856895 -1.536198 -0.973800 -1.501147 -0.272558 -1.578261
    59 0.000000 0.000000 10.000000 0.000000 0.000000 0.000000
    60 0.018898 0.665159 9.395884 0.000000 0.000000 0.000000
    61 2.000008 -3.000000 0.000000 -1.570796 0.000000 -1.326450
    62 3.028210 -0.923409 -2.009452 1.574082 -0.012974 1.587244
    63 0.116955 4.311607 0.061861 0.000010 0.000000 0.000000
    64 0.000000 0.000000 0.000001 0.000000 0.000000 0.000000
    65 0.000000 1.000000 0.000008 0.000000 0.000000 0.000000
    66 0.000000 0.000000 0.000002 0.000000 0.000000 0.000000
    67 0.000000 0.000000 0.000002 0.000000 0.000000 0.000000
    68 0.000000 0.000000 0.000002 0.000000 0.000000 0.000000
time 122
    0 0.570801 -9.007813 47.468750 1.508015 0.019481 -0.082190
    1 3.625659 0.000000 0.000000 -2.071798 0.018394 -1.249789
    2 18.345819 0.000000 0.000000 0.000000 0.000000 0.159267
    3 16.751528 0.000000 0.000000 0.064821 0.387229 -0.538335
    4 5.943489 0.000000 0.000000 0.020425 -0.027743 -0.449561
    5 -3.625659 0.000000 0.000000 -1.194993 -0.053975 -1.814486
    6 18.345812 0.000000 0.000000 0.000000 0.000000 0.209725
    7 16.751524 0.000000 0.000000 0.109457 -0.210453 -0.732935
    8 5.943490 0.000000 0.000000 -0.112084 0.023848 -0.399819
    9 0.000000 4.043964 -0.017929 1.556038 -0.117016 1.631795
    10 3.995838 0.000000 0.000000 -0.015677 0.030435 -0.148099
    11 3.698242 -0.000001 0.000000 -0.010679 -0.030398 -0.001737
    12 5.700890 0.000000 0.000000 -0.035064 -0.048773 0.502079
    13 5.352852 -0.000001 0.000000 3.116193 0.192700 0.164531
    14 4.461819 0.000000 0.000000 -0.110438 -0.153037 0.712630
    15 4.065388 1.458945 1.500000 -1.643259 -0.986079 -0.086202
    16 5.507357 0.000004 -0.000001 -2.049506 -0.624941 -0.087082
    17 10.907398 0.000000 0.000000 0.000000 0.000000 -1.235822
    18 10.424324 -0.000008 -0.000027 1.064638 -0.219897 0.428565
    19 2.997274 0.005409 -1.477472 0.297493 0.497556 -0.080474
    20 1.510382 0.000000 0.000000 0.011341 0.016615 -0.257537
    21 0.808655 0.000002 0.000000 -0.054433 -0.175361 0.039377
    22 3.305792 0.203112 -0.546730 0.228981 0.234014 0.043917
    23 1.807182 0.000002 0.000000 -0.051906 -0.088339 -0.190157
    24 0.966137 0.000001 0.000000 0.002387 0.009734 0.099588
    25 3.571512 0.109303 0.409580 0.187237 0.067893 0.178800
    26 2.150654 -0.000002 0.000000 -0.042028 -0.053936 -0.320272
    27 1.152748 0.000000 0.000000 0.001856 0.011945 0.064941
    28 3.684092 -0.158705 1.419183 0.117459 -0.234196 0.132137
    29 1.701014 -0.000002 0.000000 0.051316 0.064006 -0.334034
    30 0.994705 0.000002 0.000000 0.001258 0.038493 0.020488
    31 1.068069 -1.287201 0.981905 1.455344 -0.844004 0.072049
    32 1.836304 -0.000002 -0.000004 -0.000056 -0.188092 0.157023
    33 1.223948 -0.000001 0.000000 -0.000073 -0.040582 0.037650
    34 4.065392 1.458946 -1.500000 1.346129 1.004425 -0.266352
    35 5.507360 0.000008 -0.000001 2.499132 0.757724 0.119865
    36 10.907398 0.000000 0.000004 0.000000 0.000000 -2.314526
    37 10.424301 -0.000005 0.000019 -0.906874 -0.225192 0.102178
    38 2.997293 0.000065 1.477481 -0.296388 -0.505836 0.084787
    39 1.510378 -0.000004 0.000000 -0.011341 -0.016615 -0.257537
    40 0.808655 0.000000 0.000000 0.054433 0.175361 0.039377
    41 3.305817 0.201134 0.547461 -0.222549 -0.222705 0.044651
    42 1.807175 0.000000 0.000000 0.051906 0.088339 -0.190157
    43 0.966141 -0.000001 0.000000 -0.002387 -0.009734 0.099588
    44 3.571524 0.110786 -0.409182 -0.183620 -0.067925 0.084169
    45 2.150656 0.000000 0.000000 0.042028 0.053936 -0.320272
    46 1.152752 0.000000 0.000000 -0.001808 -0.011970 0.185709
    47 3.684113 -0.153563 -1.419748 -0.130025 0.167228 0.135320
    48 1.701017 0.000002 0.000000 -0.051316 -0.064006 -0.334034
    49 0.994705 0.000001 0.000000 -0.001284 -0.038506 0.309237
    50 1.068094 -1.283653 -0.986553 -1.411132 0.792526 0.151201
    51 1.836306 -0.000002 0.000000 0.000056 0.188092 0.157023
    52 1.223946 0.000000 0.000002 0.000034 0.040606 0.078248
    53 -11.343750 -17.281250 -15.328125 1.725153 0.136944 2.162248
    54 0.000000 0.000000 0.000000 -0.077030 -0.068757 -1.299215
    55 0.000004 -0.000007 -0.000031 1.373047 0.113574 0.124314
    56 0.000000 -0.000007 -0.000031 1.373047 0.113574 0.124314
    57 2.856897 -1.536201 -0.973800 -1.501147 -0.272558 -1.578261
    58 2.856895 -1.536198 -0.973800 -1.501147 -0.272558 -1.578261
    59 0.000000 0.000000 10.000000 0.000000 0.000000 0.000000
    60 0.018898 0.665159 9.395884 0.000000 0.000000 0.000000
    61 2.000008 -3.000000 0.000000 -1.570796 0.000000 -1.326450
    62 3.028210 -0.923409 -2.009452 1.574082 -0.012974 1.587244
    63 0.116955 4.311607 0.061861 0.000010 0.000000 0.000000
    64 0.000000 0.000000 0.000001 0.000000 0.000000 0.000000
    65 0.000000 1.000000 0.000008 0.000000 0.000000 0.000000
    66 0.000000 0.000000 0.000002 0.000000 0.000000 0.000000
    67 0.000000 0.000000 0.000002 0.000000 0.000000 0.000000
    68 0.000000 0.000000 0.000002 0.000000 0.000000 0.000000
time 123
    0 0.493896 -9.007813 47.406250 1.508711 0.024569 -0.072320
    1 3.625659 0.000000 0.000000 -2.075493 0.016316 -1.247476
    2 18.345819 0.000000 0.000000 0.000000 0.000000 0.156842
    3 16.751528 0.000000 0.000000 0.068275 0.389906 -0.538017
    4 5.943489 0.000000 0.000000 0.020399 -0.027720 -0.453723
    5 -3.625659 0.000000 0.000000 -1.192151 -0.054542 -1.808601
    6 18.345812 0.000000 0.000000 0.000000 0.000000 0.207121
    7 16.751524 0.000000 0.000000 0.104426 -0.215182 -0.739529
    8 5.943490 0.000000 0.000000 -0.112056 0.023868 -0.394616
    9 0.000000 4.043964 -0.017929 1.554460 -0.118611 1.631380
    10 3.995838 0.000000 0.000000 -0.017339 0.030568 -0.148559
    11 3.698242 -0.000001 0.000000 -0.012454 -0.027482 -0.004664
    12 5.700890 0.000000 0.000000 -0.034710 -0.044266 0.498755
    13 5.352852 -0.000001 0.000000 3.116093 0.190083 0.172193
    14 4.461819 0.000000 0.000000 -0.108951 -0.152766 0.704987
    15 4.065388 1.458945 1.500000 -1.649191 -0.987092 -0.080780
    16 5.507357 0.000004 -0.000001 -2.152903 -0.651824 -0.071354
    17 10.907398 0.000000 0.000000 0.000000 0.000000 -1.111298
    18 10.424324 -0.000008 -0.000027 1.067934 -0.208745 0.374883
    19 2.997274 0.005409 -1.477472 0.297493 0.497556 -0.080474
    20 1.510382 0.000000 0.000000 0.011341 0.016615 -0.257537
    21 0.808655 0.000002 0.000000 -0.054433 -0.175361 0.039377
    22 3.305792 0.203112 -0.546730 0.228981 0.234014 0.043917
    23 1.807182 0.000002 0.000000 -0.051906 -0.088339 -0.190157
    24 0.966137 0.000001 0.000000 0.002387 0.009734 0.099588
    25 3.571512 0.109303 0.409580 0.187237 0.067893 0.178800
    26 2.150654 -0.000002 0.000000 -0.042028 -0.053936 -0.320272
    27 1.152748 0.000000 0.000000 0.001856 0.011945 0.064941
    28 3.684092 -0.158705 1.419183 0.117459 -0.234196 0.132137
    29 1.701014 -0.000002 0.000000 0.051316 0.064006 -0.334034
    30 0.994705 0.000002 0.000000 0.001258 0.038493 0.020488
    31 1.068069 -1.287201 0.981905 1.455344 -0.844004 0.072049
    32 1.836304 -0.000002 -0.000004 -0.000056 -0.188092 0.157023
    33 1.223948 -0.000001 0.000000 -0.000073 -0.040582 0.037650
    34 4.065392 1.458946 -1.500000 1.335770 0.995361 -0.274062
    35 5.507360 0.000008 -0.000001 2.505517 0.760871 0.116489
    36 10.907398 0.000000 0.000004 0.000000 0.000000 -2.315846
    37 10.424301 -0.000005 0.000019 -0.913065 -0.224234 0.107195
    38 2.997293 0.000065 1.477481 -0.296388 -0.505836 0.084787
    39 1.510378 -0.000004 0.000000 -0.011341 -0.016615 -0.257537
    40 0.808655 0.000000 0.000000 0.054433 0.175361 0.039377
    41 3.305817 0.201134 0.547461 -0.222549 -0.222705 0.044651
    42 1.807175 0.000000 0.000000 0.051906 0.088339 -0.190157
    43 0.966141 -0.000001 0.000000 -0.002387 -0.009734 0.099588
    44 3.571524 0.110786 -0.409182 -0.183620 -0.067925 0.084169
    45 2.150656 0.000000 0.000000 0.042028 0.053936 -0.320272
    46 1.152752 0.000000 0.000000 -0.001808 -0.011970 0.185709
    47 3.684113 -0.153563 -1.419748 -0.130025 0.167228 0.135320
    48 1.701017 0.000002 0.000000 -0.051316 -0.064006 -0.334034
    49 0.994705 0.000001 0.000000 -0.001284 -0.038506 0.309237
    50 1.068094 -1.283653 -0.986553 -1.411132 0.792526 0.151201
    51 1.836306 -0.000002 0.000000 0.000056 0.188092 0.157023
    52 1.223946 0.000000 0.000002 0.000034 0.040606 0.078248
    53 -14.554688 -16.406250 -14.515625 1.782177 0.058876 2.071864
    54 0.000000 0.000000 0.000000 -0.077030 -0.068757 -1.299215
    55 0.000004 -0.000007 -0.000031 1.373047 0.113574 0.124314
    56 0.000000 -0.000007 -0.000031 1.373047 0.113574 0.124314
    57 2.856897 -1.536201 -0.973800 -1.501147 -0.272558 -1.578261
    58 2.856895 -1.536198 -0.973800 -1.501147 -0.272558 -1.578261
    59 0.000000 0.000000 10.000000 0.000000 0.000000 0.000000
    60 0.018898 0.665159 9.395884 0.000000 0.000000 0.000000
    61 2.000008 -3.000000 0.000000 -1.570796 0.000000 -1.326450
    62 3.028210 -0.923409 -2.009452 1.574082 -0.012974 1.587244
    63 0.116955 4.311607 0.061861 0.000010 0.000000 0.000000
    64 0.000000 0.000000 0.000001 0.000000 0.000000 0.000000
    65 0.000000 1.000000 0.000008 0.000000 0.000000 0.000000
    66 0.000000 0.000000 0.000002 0.000000 0.000000 0.000000
    67 0.000000 0.000000 0.000002 0.000000 0.000000 0.000000
    68 0.000000 0.000000 0.000002 0.000000 0.000000 0.000000
time 124
    0 0.394775 -8.992188 47.312500 1.510142 0.029733 -0.059293
    1 3.625659 0.000000 0.000000 -2.080121 0.012159 -1.245257
    2 18.345819 0.000000 0.000000 0.000000 0.000000 0.152340
    3 16.751528 0.000000 0.000000 0.074134 0.390371 -0.531983
    4 5.943489 0.000000 0.000000 0.020446 -0.027742 -0.461791
    5 -3.625659 0.000000 0.000000 -1.189025 -0.054407 -1.802698
    6 18.345812 0.000000 0.000000 0.000000 0.000000 0.203649
    7 16.751524 0.000000 0.000000 0.108976 -0.221760 -0.739634
    8 5.943490 0.000000 0.000000 -0.112059 0.023853 -0.394880
    9 0.000000 4.043964 -0.017929 1.552338 -0.118582 1.627706
    10 3.995838 0.000000 0.000000 -0.019398 0.028934 -0.149613
    11 3.698242 -0.000001 0.000000 -0.014855 -0.023792 -0.006816
    12 5.700890 0.000000 0.000000 -0.034068 -0.037774 0.496367
    13 5.352852 -0.000001 0.000000 3.115756 0.187604 0.181141
    14 4.461819 0.000000 0.000000 -0.107907 -0.152066 0.696810
    15 4.065388 1.458945 1.500000 -1.658098 -0.978398 -0.071557
    16 5.507357 0.000004 -0.000001 -2.276982 -0.695789 -0.033143
    17 10.907398 0.000000 0.000000 0.000000 0.000000 -0.973210
    18 10.424324 -0.000008 -0.000027 1.058639 -0.212757 0.327597
    19 2.997274 0.005409 -1.477472 0.297493 0.497556 -0.080474
    20 1.510382 0.000000 0.000000 0.011341 0.016615 -0.257537
    21 0.808655 0.000002 0.000000 -0.054433 -0.175361 0.039377
    22 3.305792 0.203112 -0.546730 0.228981 0.234014 0.043917
    23 1.807182 0.000002 0.000000 -0.051906 -0.088339 -0.190157
    24 0.966137 0.000001 0.000000 0.002387 0.009734 0.099588
    25 3.571512 0.109303 0.409580 0.187237 0.067893 0.178800
    26 2.150654 -0.000002 0.000000 -0.042028 -0.053936 -0.320272
    27 1.152748 0.000000 0.000000 0.001856 0.011945 0.064941
    28 3.684092 -0.158705 1.419183 0.117459 -0.234196 0.132137
    29 1.701014 -0.000002 0.000000 0.051316 0.064006 -0.334034
    30 0.994705 0.000002 0.000000 0.001258 0.038493 0.020488
    31 1.068069 -1.287201 0.981905 1.455344 -0.844004 0.072049
    32 1.836304 -0.000002 -0.000004 -0.000056 -0.188092 0.157023
    33 1.223948 -0.000001 0.000000 -0.000073 -0.040582 0.037650
    34 4.065392 1.458946 -1.500000 1.325484 0.993292 -0.282232
    35 5.507360 0.000008 -0.000001 2.510924 0.759197 0.120751
    36 10.907398 0.000000 0.000004 0.000000 0.000000 -2.313112
    37 10.424301 -0.000005 0.000019 -0.916305 -0.225056 0.115887
    38 2.997293 0.000065 1.477481 -0.296388 -0.505836 0.084787
    39 1.510378 -0.000004 0.000000 -0.011341 -0.016615 -0.257537
    40 0.808655 0.000000 0.000000 0.054433 0.175361 0.039377
    41 3.305817 0.201134 0.547461 -0.222549 -0.222705 0.044651
    42 1.807175 0.000000 0.000000 0.051906 0.088339 -0.190157
    43 0.966141 -0.000001 0.000000 -0.002387 -0.009734 0.099588
    44 3.571524 0.110786 -0.409182 -0.183620 -0.067925 0.084169
    45 2.150656 0.000000 0.000000 0.042028 0.053936 -0.320272
    46 1.152752 0.000000 0.000000 -0.001808 -0.011970 0.185709
    47 3.684113 -0.153563 -1.419748 -0.130025 0.167228 0.135320
    48 1.701017 0.000002 0.000000 -0.051316 -0.064006 -0.334034
    49 0.994705 0.000001 0.000000 -0.001284 -0.038506 0.309237
    50 1.068094 -1.283653 -0.986553 -1.411132 0.792526 0.151201
    51 1.836306 -0.000002 0.000000 0.000056 0.188092 0.157023
    52 1.223946 0.000000 0.000002 0.000034 0.040606 0.078248
    53 -17.593750 -15.640625 -13.585938 1.838505 -0.021192 1.992488
    54 0.000000 0.000000 0.000000 -0.077030 -0.068757 -1.299215
    55 0.000004 -0.000007 -0.000031 1.373047 0.113574 0.124314
    56 0.000000 -0.000007 -0.000031 1.373047 0.113574 0.124314
    57 2.856897 -1.536201 -0.973800 -1.501147 -0.272558 -1.578261
    58 2.856895 -1.536198 -0.973800 -1.501147 -0.272558 -1.578261
    59 0.000000 0.000000 10.000000 0.000000 0.000000 0.000000
    60 0.018898 0.665159 9.395884 0.000000 0.000000 0.000000
    61 2.000008 -3.000000 0.000000 -1.570796 0.000000 -1.326450
    62 3.028210 -0.923409 -2.009452 1.574082 -0.012974 1.587244
    63 0.116955 4.311607 0.061861 0.000010 0.000000 0.000000
    64 0.000000 0.000000 0.000001 0.000000 0.000000 0.000000
    65 0.000000 1.000000 0.000008 0.000000 0.000000 0.000000
    66 0.000000 0.000000 0.000002 0.000000 0.000000 0.000000
    67 0.000000 0.000000 0.000002 0.000000 0.000000 0.000000
    68 0.000000 0.000000 0.000002 0.000000 0.000000 0.000000
time 125
    0 0.270020 -8.960938 47.187500 1.511885 0.035800 -0.043134
    1 3.625659 0.000000 0.000000 -2.083383 0.005530 -1.241726
    2 18.345819 0.000000 0.000000 0.000000 0.000000 0.147665
    3 16.751528 0.000000 0.000000 0.081300 0.386649 -0.525291
    4 5.943489 0.000000 0.000000 0.020470 -0.027724 -0.463477
    5 -3.625659 0.000000 0.000000 -1.187084 -0.054123 -1.796102
    6 18.345812 0.000000 0.000000 0.000000 0.000000 0.200960
    7 16.751524 0.000000 0.000000 0.114797 -0.226645 -0.732711
    8 5.943490 0.000000 0.000000 -0.112014 0.023846 -0.396818
    9 0.000000 4.043964 -0.017929 1.549149 -0.119980 1.621732
    10 3.995838 0.000000 0.000000 -0.022390 0.026021 -0.150143
    11 3.698242 -0.000001 0.000000 -0.018295 -0.018482 -0.010191
    12 5.700890 0.000000 0.000000 -0.033028 -0.028029 0.491867
    13 5.352852 -0.000001 0.000000 3.113367 0.184872 0.189121
    14 4.461819 0.000000 0.000000 -0.108758 -0.149464 0.689591
    15 4.065388 1.458945 1.500000 -1.662718 -0.966170 -0.064052
    16 5.507357 0.000004 -0.000001 -2.401181 -0.754817 0.038708
    17 10.907398 0.000000 0.000000 0.000000 0.000000 -0.820567
    18 10.424324 -0.000008 -0.000027 1.053433 -0.223586 0.269366
    19 2.997274 0.005409 -1.477472 0.297493 0.497556 -0.080474
    20 1.510382 0.000000 0.000000 0.011341 0.016615 -0.257537
    21 0.808655 0.000002 0.000000 -0.054433 -0.175361 0.039377
    22 3.305792 0.203112 -0.546730 0.228981 0.234014 0.043917
    23 1.807182 0.000002 0.000000 -0.051906 -0.088339 -0.190157
    24 0.966137 0.000001 0.000000 0.002387 0.009734 0.099588
    25 3.571512 0.109303 0.409580 0.187237 0.067893 0.178800
    26 2.150654 -0.000002 0.000000 -0.042028 -0.053936 -0.320272
    27 1.152748 0.000000 0.000000 0.001856 0.011945 0.064941
    28 3.684092 -0.158705 1.419183 0.117459 -0.234196 0.132137
    29 1.701014 -0.000002 0.000000 0.051316 0.064006 -0.334034
    30 0.994705 0.000002 0.000000 0.001258 0.038493 0.020488
    31 1.068069 -1.287201 0.981905 1.455344 -0.844004 0.072049
    32 1.836304 -0.000002 -0.000004 -0.000056 -0.188092 0.157023
    33 1.223948 -0.000001 0.000000 -0.000073 -0.040582 0.037650
    34 4.065392 1.458946 -1.500000 1.313904 0.992743 -0.291412
    35 5.507360 0.000008 -0.000001 2.517401 0.756166 0.131532
    36 10.907398 0.000000 0.000004 0.000000 0.000000 -2.307922
    37 10.424301 -0.000005 0.000019 -0.916895 -0.227040 0.125183
    38 2.997293 0.000065 1.477481 -0.296388 -0.505836 0.084787
    39 1.510378 -0.000004 0.000000 -0.011341 -0.016615 -0.257537
    40 0.808655 0.000000 0.000000 0.054433 0.175361 0.039377
    41 3.305817 0.201134 0.547461 -0.222549 -0.222705 0.044651
    42 1.807175 0.000000 0.000000 0.051906 0.088339 -0.190157
    43 0.966141 -0.000001 0.000000 -0.002387 -0.009734 0.099588
    44 3.571524 0.110786 -0.409182 -0.183620 -0.067925 0.084169
    45 2.150656 0.000000 0.000000 0.042028 0.053936 -0.320272
    46 1.152752 0.000000 0.000000 -0.001808 -0.011970 0.185709
    47 3.684113 -0.153563 -1.419748 -0.130025 0.167228 0.135320
    48 1.701017 0.000002 0.000000 -0.051316 -0.064006 -0.334034
    49 0.994705 0.000001 0.000000 -0.001284 -0.038506 0.309237
    50 1.068094 -1.283653 -0.986553 -1.411132 0.792526 0.151201
    51 1.836306 -0.000002 0.000000 0.000056 0.188092 0.157023
    52 1.223946 0.000000 0.000002 0.000034 0.040606 0.078248
    53 -20.125000 -15.226563 -12.890625 1.876710 -0.079540 1.923861
    54 0.000000 0.000000 0.000000 -0.077030 -0.068757 -1.299215
    55 0.000004 -0.000007 -0.000031 1.373047 0.113574 0.124314
    56 0.000000 -0.000007 -0.000031 1.373047 0.113574 0.124314
    57 2.856897 -1.536201 -0.973800 -1.501147 -0.272558 -1.578261
    58 2.856895 -1.536198 -0.973800 -1.501147 -0.272558 -1.578261
    59 0.000000 0.000000 10.000000 0.000000 0.000000 0.000000
    60 0.018898 0.665159 9.395884 0.000000 0.000000 0.000000
    61 2.000008 -3.000000 0.000000 -1.570796 0.000000 -1.326450
    62 3.028210 -0.923409 -2.009452 1.574082 -0.012974 1.587244
    63 0.116955 4.311607 0.061861 0.000010 0.000000 0.000000
    64 0.000000 0.000000 0.000001 0.000000 0.000000 0.000000
    65 0.000000 1.000000 0.000008 0.000000 0.000000 0.000000
    66 0.000000 0.000000 0.000002 0.000000 0.000000 0.000000
    67 0.000000 0.000000 0.000002 0.000000 0.000000 0.000000
    68 0.000000 0.000000 0.000002 0.000000 0.000000 0.000000
time 126
    0 0.130859 -8.921875 47.062500 1.513957 0.041977 -0.026477
    1 3.625659 0.000000 0.000000 -2.084246 -0.002168 -1.237384
    2 18.345819 0.000000 0.000000 0.000000 0.000000 0.142905
    3 16.751528 0.000000 0.000000 0.083093 0.379968 -0.519504
    4 5.943489 0.000000 0.000000 0.020394 -0.027696 -0.470131
    5 -3.625659 0.000000 0.000000 -1.188489 -0.054910 -1.789780
    6 18.345812 0.000000 0.000000 0.000000 0.000000 0.201220
    7 16.751524 0.000000 0.000000 0.114941 -0.228183 -0.719142
    8 5.943490 0.000000 0.000000 -0.112045 0.023888 -0.409087
    9 0.000000 4.043964 -0.017929 1.545914 -0.123185 1.615149
    10 3.995838 0.000000 0.000000 -0.025445 0.022936 -0.149970
    11 3.698242 -0.000001 0.000000 -0.022356 -0.012337 -0.014625
    12 5.700890 0.000000 0.000000 -0.031872 -0.016659 0.485316
    13 5.352852 -0.000001 0.000000 3.109508 0.180714 0.196116
    14 4.461819 0.000000 0.000000 -0.110146 -0.146366 0.683954
    15 4.065388 1.458945 1.500000 -1.660260 -0.952658 -0.063786
    16 5.507357 0.000004 -0.000001 -2.489717 -0.815151 0.122155
    17 10.907398 0.000000 0.000000 0.000000 0.000000 -0.680986
    18 10.424324 -0.000008 -0.000027 1.045049 -0.239836 0.237308
    19 2.997274 0.005409 -1.477472 0.297493 0.497556 -0.080474
    20 1.510382 0.000000 0.000000 0.011341 0.016615 -0.257537
    21 0.808655 0.000002 0.000000 -0.054433 -0.175361 0.039377
    22 3.305792 0.203112 -0.546730 0.228981 0.234014 0.043917
    23 1.807182 0.000002 0.000000 -0.051906 -0.088339 -0.190157
    24 0.966137 0.000001 0.000000 0.002387 0.009734 0.099588
    25 3.571512 0.109303 0.409580 0.187237 0.067893 0.178800
    26 2.150654 -0.000002 0.000000 -0.042028 -0.053936 -0.320272
    27 1.152748 0.000000 0.000000 0.001856 0.011945 0.064941
    28 3.684092 -0.158705 1.419183 0.117459 -0.234196 0.132137
    29 1.701014 -0.000002 0.000000 0.051316 0.064006 -0.334034
    30 0.994705 0.000002 0.000000 0.001258 0.038493 0.020488
    31 1.068069 -1.287201 0.981905 1.455344 -0.844004 0.072049
    32 1.836304 -0.000002 -0.000004 -0.000056 -0.188092 0.157023
    33 1.223948 -0.000001 0.000000 -0.000073 -0.040582 0.037650
    34 4.065392 1.458946 -1.500000 1.300026 0.987719 -0.300979
    35 5.507360 0.000008 -0.000001 2.529713 0.751929 0.140779
    36 10.907398 0.000000 0.000004 0.000000 0.000000 -2.304239
    37 10.424301 -0.000005 0.000019 -0.918105 -0.225773 0.126563
    38 2.997293 0.000065 1.477481 -0.296388 -0.505836 0.084787
    39 1.510378 -0.000004 0.000000 -0.011341 -0.016615 -0.257537
    40 0.808655 0.000000 0.000000 0.054433 0.175361 0.039377
    41 3.305817 0.201134 0.547461 -0.222549 -0.222705 0.044651
    42 1.807175 0.000000 0.000000 0.051906 0.088339 -0.190157
    43 0.966141 -0.000001 0.000000 -0.002387 -0.009734 0.099588
    44 3.571524 0.110786 -0.409182 -0.183620 -0.067925 0.084169
    45 2.150656 0.000000 0.000000 0.042028 0.053936 -0.320272
    46 1.152752 0.000000 0.000000 -0.001808 -0.011970 0.185709
    47 3.684113 -0.153563 -1.419748 -0.130025 0.167228 0.135320
    48 1.701017 0.000002 0.000000 -0.051316 -0.064006 -0.334034
    49 0.994705 0.000001 0.000000 -0.001284 -0.038506 0.309237
    50 1.068094 -1.283653 -0.986553 -1.411132 0.792526 0.151201
    51 1.836306 -0.000002 0.000000 0.000056 0.188092 0.157023
    52 1.223946 0.000000 0.000002 0.000034 0.040606 0.078248
    53 -21.718750 -15.664063 -12.648438 1.886354 -0.096493 1.872551
    54 0.000000 0.000000 0.000000 -0.077030 -0.068757 -1.299215
    55 0.000004 -0.000007 -0.000031 1.373047 0.113574 0.124314
    56 0.000000 -0.000007 -0.000031 1.373047 0.113574 0.124314
    57 2.856897 -1.536201 -0.973800 -1.501147 -0.272558 -1.578261
    58 2.856895 -1.536198 -0.973800 -1.501147 -0.272558 -1.578261
    59 0.000000 0.000000 10.000000 0.000000 0.000000 0.000000
    60 0.018898 0.665159 9.395884 0.000000 0.000000 0.000000
    61 2.000008 -3.000000 0.000000 -1.570796 0.000000 -1.326450
    62 3.028210 -0.923409 -2.009452 1.574082 -0.012974 1.587244
    63 0.116955 4.311607 0.061861 0.000010 0.000000 0.000000
    64 0.000000 0.000000 0.000001 0.000000 0.000000 0.000000
    65 0.000000 1.000000 0.000008 0.000000 0.000000 0.000000
    66 0.000000 0.000000 0.000002 0.000000 0.000000 0.000000
    67 0.000000 0.000000 0.000002 0.000000 0.000000 0.000000
    68 0.000000 0.000000 0.000002 0.000000 0.000000 0.000000
time 127
    0 -0.013321 -8.875000 46.937500 1.516397 0.047317 -0.011967
    1 3.625659 0.000000 0.000000 -2.080385 -0.010711 -1.233844
    2 18.345819 0.000000 0.000000 0.000000 0.000000 0.140049
    3 16.751528 0.000000 0.000000 0.074081 0.368054 -0.519346
    4 5.943489 0.000000 0.000000 0.020444 -0.027659 -0.473772
    5 -3.625659 0.000000 0.000000 -1.195097 -0.056947 -1.785436
    6 18.345812 0.000000 0.000000 0.000000 0.000000 0.203823
    7 16.751524 0.000000 0.000000 0.109190 -0.230038 -0.702985
    8 5.943490 0.000000 0.000000 -0.112050 0.023818 -0.413676
    9 0.000000 4.043964 -0.017929 1.543103 -0.126593 1.610041
    10 3.995838 0.000000 0.000000 -0.028366 0.020384 -0.149622
    11 3.698242 -0.000001 0.000000 -0.026089 -0.007330 -0.019157
    12 5.700890 0.000000 0.000000 -0.031327 -0.006754 0.478560
    13 5.352852 -0.000001 0.000000 3.103172 0.176242 0.200391
    14 4.461819 0.000000 0.000000 -0.112831 -0.143434 0.679646
    15 4.065388 1.458945 1.500000 -1.647856 -0.940285 -0.072760
    16 5.507357 0.000004 -0.000001 -2.501110 -0.855094 0.167461
    17 10.907398 0.000000 0.000000 0.000000 0.000000 -0.632286
    18 10.424324 -0.000008 -0.000027 1.042693 -0.246368 0.208412
    19 2.997274 0.005409 -1.477472 0.297493 0.497556 -0.080474
    20 1.510382 0.000000 0.000000 0.011341 0.016615 -0.257537
    21 0.808655 0.000002 0.000000 -0.054433 -0.175361 0.039377
    22 3.305792 0.203112 -0.546730 0.228981 0.234014 0.043917
    23 1.807182 0.000002 0.000000 -0.051906 -0.088339 -0.190157
    24 0.966137 0.000001 0.000000 0.002387 0.009734 0.099588
    25 3.571512 0.109303 0.409580 0.187237 0.067893 0.178800
    26 2.150654 -0.000002 0.000000 -0.042028 -0.053936 -0.320272
    27 1.152748 0.000000 0.000000 0.001856 0.011945 0.064941
    28 3.684092 -0.158705 1.419183 0.117459 -0.234196 0.132137
    29 1.701014 -0.000002 0.000000 0.051316 0.064006 -0.334034
    30 0.994705 0.000002 0.000000 0.001258 0.038493 0.020488
    31 1.068069 -1.287201 0.981905 1.455344 -0.844004 0.072049
    32 1.836304 -0.000002 -0.000004 -0.000056 -0.188092 0.157023
    33 1.223948 -0.000001 0.000000 -0.000073 -0.040582 0.037650
    34 4.065392 1.458946 -1.500000 1.284491 0.975431 -0.307727
    35 5.507360 0.000008 -0.000001 2.545498 0.750407 0.146743
    36 10.907398 0.000000 0.000004 0.000000 0.000000 -2.300457
    37 10.424301 -0.000005 0.000019 -0.919804 -0.225582 0.133101
    38 2.997293 0.000065 1.477481 -0.296388 -0.505836 0.084787
    39 1.510378 -0.000004 0.000000 -0.011341 -0.016615 -0.257537
    40 0.808655 0.000000 0.000000 0.054433 0.175361 0.039377
    41 3.305817 0.201134 0.547461 -0.222549 -0.222705 0.044651
    42 1.807175 0.000000 0.000000 0.051906 0.088339 -0.190157
    43 0.966141 -0.000001 0.000000 -0.002387 -0.009734 0.099588
    44 3.571524 0.110786 -0.409182 -0.183620 -0.067925 0.084169
    45 2.150656 0.000000 0.000000 0.042028 0.053936 -0.320272
    46 1.152752 0.000000 0.000000 -0.001808 -0.011970 0.185709
    47 3.684113 -0.153563 -1.419748 -0.130025 0.167228 0.135320
    48 1.701017 0.000002 0.000000 -0.051316 -0.064006 -0.334034
    49 0.994705 0.000001 0.000000 -0.001284 -0.038506 0.309237
    50 1.068094 -1.283653 -0.986553 -1.411132 0.792526 0.151201
    51 1.836306 -0.000002 0.000000 0.000056 0.188092 0.157023
    52 1.223946 0.000000 0.000002 0.000034 0.040606 0.078248
    53 -21.437500 -18.359375 -12.703125 1.872243 -0.064611 1.874028
    54 0.000000 0.000000 0.000000 -0.077030 -0.068757 -1.299215
    55 0.000004 -0.000007 -0.000031 1.373047 0.113574 0.124314
    56 0.000000 -0.000007 -0.000031 1.373047 0.113574 0.124314
    57 2.856897 -1.536201 -0.973800 -1.501147 -0.272558 -1.578261
    58 2.856895 -1.536198 -0.973800 -1.501147 -0.272558 -1.578261
    59 0.000000 0.000000 10.000000 0.000000 0.000000 0.000000
    60 0.018898 0.665159 9.395884 0.000000 0.000000 0.000000
    61 2.000008 -3.000000 0.000000 -1.570796 0.000000 -1.326450
    62 3.028210 -0.923409 -2.009452 1.574082 -0.012974 1.587244
    63 0.116955 4.311607 0.061861 0.000010 0.000000 0.000000
    64 0.000000 0.000000 0.000001 0.000000 0.000000 0.000000
    65 0.000000 1.000000 0.000008 0.000000 0.000000 0.000000
    66 0.000000 0.000000 0.000002 0.000000 0.000000 0.000000
    67 0.000000 0.000000 0.000002 0.000000 0.000000 0.000000
    68 0.000000 0.000000 0.000002 0.000000 0.000000 0.000000
time 128
    0 -0.163452 -8.843750 46.843750 1.518205 0.051202 -0.001814
    1 3.625659 0.000000 0.000000 -2.072322 -0.016985 -1.233383
    2 18.345819 0.000000 0.000000 0.000000 0.000000 0.136414
    3 16.751528 0.000000 0.000000 0.072906 0.355962 -0.517405
    4 5.943489 0.000000 0.000000 0.020426 -0.027673 -0.472439
    5 -3.625659 0.000000 0.000000 -1.207557 -0.058436 -1.783358
    6 18.345812 0.000000 0.000000 0.000000 0.000000 0.205298
    7 16.751524 0.000000 0.000000 0.103528 -0.233234 -0.689313
    8 5.943490 0.000000 0.000000 -0.112053 0.023849 -0.409791
    9 0.000000 4.043964 -0.017929 1.541034 -0.129265 1.605596
    10 3.995838 0.000000 0.000000 -0.030348 0.017989 -0.149346
    11 3.698242 -0.000001 0.000000 -0.028799 -0.003258 -0.022401
    12 5.700890 0.000000 0.000000 -0.030477 0.001401 0.473364
    13 5.352852 -0.000001 0.000000 3.098849 0.174607 0.203698
    14 4.461819 0.000000 0.000000 -0.114907 -0.142704 0.674086
    15 4.065388 1.458945 1.500000 -1.632438 -0.931268 -0.084096
    16 5.507357 0.000004 -0.000001 -2.447190 -0.885226 0.194505
    17 10.907398 0.000000 0.000000 0.000000 0.000000 -0.627928
    18 10.424324 -0.000008 -0.000027 1.047785 -0.252949 0.169173
    19 2.997274 0.005409 -1.477472 0.297493 0.497556 -0.080474
    20 1.510382 0.000000 0.000000 0.011341 0.016615 -0.257537
    21 0.808655 0.000002 0.000000 -0.054433 -0.175361 0.039377
    22 3.305792 0.203112 -0.546730 0.228981 0.234014 0.043917
    23 1.807182 0.000002 0.000000 -0.051906 -0.088339 -0.190157
    24 0.966137 0.000001 0.000000 0.002387 0.009734 0.099588
    25 3.571512 0.109303 0.409580 0.187237 0.067893 0.178800
    26 2.150654 -0.000002 0.000000 -0.042028 -0.053936 -0.320272
    27 1.152748 0.000000 0.000000 0.001856 0.011945 0.064941
    28 3.684092 -0.158705 1.419183 0.117459 -0.234196 0.132137
    29 1.701014 -0.000002 0.000000 0.051316 0.064006 -0.334034
    30 0.994705 0.000002 0.000000 0.001258 0.038493 0.020488
    31 1.068069 -1.287201 0.981905 1.455344 -0.844004 0.072049
    32 1.836304 -0.000002 -0.000004 -0.000056 -0.188092 0.157023
    33 1.223948 -0.000001 0.000000 -0.000073 -0.040582 0.037650
    34 4.065392 1.458946 -1.500000 1.274494 0.962362 -0.312914
    35 5.507360 0.000008 -0.000001 2.554026 0.753225 0.146806
    36 10.907398 0.000000 0.000004 0.000000 0.000000 -2.296673
    37 10.424301 -0.000005 0.000019 -0.917620 -0.229569 0.141163
    38 2.997293 0.000065 1.477481 -0.296388 -0.505836 0.084787
    39 1.510378 -0.000004 0.000000 -0.011341 -0.016615 -0.257537
    40 0.808655 0.000000 0.000000 0.054433 0.175361 0.039377
    41 3.305817 0.201134 0.547461 -0.222549 -0.222705 0.044651
    42 1.807175 0.000000 0.000000 0.051906 0.088339 -0.190157
    43 0.966141 -0.000001 0.000000 -0.002387 -0.009734 0.099588
    44 3.571524 0.110786 -0.409182 -0.183620 -0.067925 0.084169
    45 2.150656 0.000000 0.000000 0.042028 0.053936 -0.320272
    46 1.152752 0.000000 0.000000 -0.001808 -0.011970 0.185709
    47 3.684113 -0.153563 -1.419748 -0.130025 0.167228 0.135320
    48 1.701017 0.000002 0.000000 -0.051316 -0.064006 -0.334034
    49 0.994705 0.000001 0.000000 -0.001284 -0.038506 0.309237
    50 1.068094 -1.283653 -0.986553 -1.411132 0.792526 0.151201
    51 1.836306 -0.000002 0.000000 0.000056 0.188092 0.157023
    52 1.223946 0.000000 0.000002 0.000034 0.040606 0.078248
    53 -19.390625 -22.531250 -12.828125 1.841684 0.015817 1.899763
    54 0.000000 0.000000 0.000000 -0.077030 -0.068757 -1.299215
    55 0.000004 -0.000007 -0.000031 1.373047 0.113574 0.124314
    56 0.000000 -0.000007 -0.000031 1.373047 0.113574 0.124314
    57 2.856897 -1.536201 -0.973800 -1.501147 -0.272558 -1.578261
    58 2.856895 -1.536198 -0.973800 -1.501147 -0.272558 -1.578261
    59 0.000000 0.000000 10.000000 0.000000 0.000000 0.000000
    60 0.018898 0.665159 9.395884 0.000000 0.000000 0.000000
    61 2.000008 -3.000000 0.000000 -1.570796 0.000000 -1.326450
    62 3.028210 -0.923409 -2.009452 1.574082 -0.012974 1.587244
    63 0.116955 4.311607 0.061861 0.000010 0.000000 0.000000
    64 0.000000 0.000000 0.000001 0.000000 0.000000 0.000000
    65 0.000000 1.000000 0.000008 0.000000 0.000000 0.000000
    66 0.000000 0.000000 0.000002 0.000000 0.000000 0.000000
    67 0.000000 0.000000 0.000002 0.000000 0.000000 0.000000
    68 0.000000 0.000000 0.000002 0.000000 0.000000 0.000000
time 129
    0 -0.292725 -8.843750 46.781250 1.519963 0.052878 -0.000518
    1 3.625659 0.000000 0.000000 -2.071927 -0.018441 -1.235891
    2 18.345819 0.000000 0.000000 0.000000 0.000000 0.130704
    3 16.751528 0.000000 0.000000 0.087399 0.354126 -0.509758
    4 5.943489 0.000000 0.000000 0.020391 -0.027698 -0.469953
    5 -3.625659 0.000000 0.000000 -1.225608 -0.060781 -1.783959
    6 18.345812 0.000000 0.000000 0.000000 0.000000 0.205385
    7 16.751524 0.000000 0.000000 0.102153 -0.230392 -0.679186
    8 5.943490 0.000000 0.000000 -0.112018 0.023848 -0.408289
    9 0.000000 4.043964 -0.017929 1.541053 -0.128894 1.601352
    10 3.995838 0.000000 0.000000 -0.030286 0.015903 -0.150179
    11 3.698242 -0.000001 0.000000 -0.029350 -0.000346 -0.023565
    12 5.700890 0.000000 0.000000 -0.028602 0.006968 0.472038
    13 5.352852 -0.000001 0.000000 3.096197 0.175152 0.206689
    14 4.461819 0.000000 0.000000 -0.116698 -0.143458 0.668720
    15 4.065388 1.458945 1.500000 -1.618630 -0.925524 -0.094720
    16 5.507357 0.000004 -0.000001 -2.384140 -0.920121 0.200856
    17 10.907398 0.000000 0.000000 0.000000 0.000000 -0.620943
    18 10.424324 -0.000008 -0.000027 1.056602 -0.232272 0.169224
    19 2.997274 0.005409 -1.477472 0.297493 0.497556 -0.080474
    20 1.510382 0.000000 0.000000 0.011341 0.016615 -0.257537
    21 0.808655 0.000002 0.000000 -0.054433 -0.175361 0.039377
    22 3.305792 0.203112 -0.546730 0.228981 0.234014 0.043917
    23 1.807182 0.000002 0.000000 -0.051906 -0.088339 -0.190157
    24 0.966137 0.000001 0.000000 0.002387 0.009734 0.099588
    25 3.571512 0.109303 0.409580 0.187237 0.067893 0.178800
    26 2.150654 -0.000002 0.000000 -0.042028 -0.053936 -0.320272
    27 1.152748 0.000000 0.000000 0.001856 0.011945 0.064941
    28 3.684092 -0.158705 1.419183 0.117459 -0.234196 0.132137
    29 1.701014 -0.000002 0.000000 0.051316 0.064006 -0.334034
    30 0.994705 0.000002 0.000000 0.001258 0.038493 0.020488
    31 1.068069 -1.287201 0.981905 1.455344 -0.844004 0.072049
    32 1.836304 -0.000002 -0.000004 -0.000056 -0.188092 0.157023
    33 1.223948 -0.000001 0.000000 -0.000073 -0.040582 0.037650
    34 4.065392 1.458946 -1.500000 1.267480 0.951596 -0.316001
    35 5.507360 0.000008 -0.000001 2.563412 0.754494 0.141963
    36 10.907398 0.000000 0.000004 0.000000 0.000000 -2.296957
    37 10.424301 -0.000005 0.000019 -0.918050 -0.231817 0.139545
    38 2.997293 0.000065 1.477481 -0.296388 -0.505836 0.084787
    39 1.510378 -0.000004 0.000000 -0.011341 -0.016615 -0.257537
    40 0.808655 0.000000 0.000000 0.054433 0.175361 0.039377
    41 3.305817 0.201134 0.547461 -0.222549 -0.222705 0.044651
    42 1.807175 0.000000 0.000000 0.051906 0.088339 -0.190157
    43 0.966141 -0.000001 0.000000 -0.002387 -0.009734 0.099588
    44 3.571524 0.110786 -0.409182 -0.183620 -0.067925 0.084169
    45 2.150656 0.000000 0.000000 0.042028 0.053936 -0.320272
    46 1.152752 0.000000 0.000000 -0.001808 -0.011970 0.185709
    47 3.684113 -0.153563 -1.419748 -0.130025 0.167228 0.135320
    48 1.701017 0.000002 0.000000 -0.051316 -0.064006 -0.334034
    49 0.994705 0.000001 0.000000 -0.001284 -0.038506 0.309237
    50 1.068094 -1.283653 -0.986553 -1.411132 0.792526 0.151201
    51 1.836306 -0.000002 0.000000 0.000056 0.188092 0.157023
    52 1.223946 0.000000 0.000002 0.000034 0.040606 0.078248
    53 -16.203125 -25.578125 -13.773438 1.802447 0.084588 1.912505
    54 0.000000 0.000000 0.000000 -0.077030 -0.068757 -1.299215
    55 0.000004 -0.000007 -0.000031 1.373047 0.113574 0.124314
    56 0.000000 -0.000007 -0.000031 1.373047 0.113574 0.124314
    57 2.856897 -1.536201 -0.973800 -1.501147 -0.272558 -1.578261
    58 2.856895 -1.536198 -0.973800 -1.501147 -0.272558 -1.578261
    59 0.000000 0.000000 10.000000 0.000000 0.000000 0.000000
    60 0.018898 0.665159 9.395884 0.000000 0.000000 0.000000
    61 2.000008 -3.000000 0.000000 -1.570796 0.000000 -1.326450
    62 3.028210 -0.923409 -2.009452 1.574082 -0.012974 1.587244
    63 0.116955 4.311607 0.061861 0.000010 0.000000 0.000000
    64 0.000000 0.000000 0.000001 0.000000 0.000000 0.000000
    65 0.000000 1.000000 0.000008 0.000000 0.000000 0.000000
    66 0.000000 0.000000 0.000002 0.000000 0.000000 0.000000
    67 0.000000 0.000000 0.000002 0.000000 0.000000 0.000000
    68 0.000000 0.000000 0.000002 0.000000 0.000000 0.000000
time 130
    0 -0.359863 -8.875000 46.781250 1.522414 0.052777 -0.006984
    1 3.625659 0.000000 0.000000 -2.077947 -0.015511 -1.242494
    2 18.345819 0.000000 0.000000 0.000000 0.000000 0.124303
    3 16.751528 0.000000 0.000000 0.112814 0.365486 -0.499233
    4 5.943489 0.000000 0.000000 0.020452 -0.027695 -0.468268
    5 -3.625659 0.000000 0.000000 -1.244551 -0.064828 -1.787980
    6 18.345812 0.000000 0.000000 0.000000 0.000000 0.205906
    7 16.751524 0.000000 0.000000 0.104752 -0.220284 -0.676025
    8 5.943490 0.000000 0.000000 -0.112054 0.023827 -0.398670
    9 0.000000 4.043964 -0.017929 1.542800 -0.125420 1.598955
    10 3.995838 0.000000 0.000000 -0.028693 0.015215 -0.152232
    11 3.698242 -0.000001 0.000000 -0.028080 0.001837 -0.022905
    12 5.700890 0.000000 0.000000 -0.025874 0.009804 0.474136
    13 5.352852 -0.000001 0.000000 3.094159 0.176063 0.209291
    14 4.461819 0.000000 0.000000 -0.118308 -0.144356 0.663905
    15 4.065388 1.458945 1.500000 -1.609355 -0.924457 -0.101384
    16 5.507357 0.000004 -0.000001 -2.309186 -0.946547 0.198261
    17 10.907398 0.000000 0.000000 0.000000 0.000000 -0.614147
    18 10.424324 -0.000008 -0.000027 1.067245 -0.201553 0.178626
    19 2.997274 0.005409 -1.477472 0.297493 0.497556 -0.080474
    20 1.510382 0.000000 0.000000 0.011341 0.016615 -0.257537
    21 0.808655 0.000002 0.000000 -0.054433 -0.175361 0.039377
    22 3.305792 0.203112 -0.546730 0.228981 0.234014 0.043917
    23 1.807182 0.000002 0.000000 -0.051906 -0.088339 -0.190157
    24 0.966137 0.000001 0.000000 0.002387 0.009734 0.099588
    25 3.571512 0.109303 0.409580 0.187237 0.067893 0.178800
    26 2.150654 -0.000002 0.000000 -0.042028 -0.053936 -0.320272
    27 1.152748 0.000000 0.000000 0.001856 0.011945 0.064941
    28 3.684092 -0.158705 1.419183 0.117459 -0.234196 0.132137
    29 1.701014 -0.000002 0.000000 0.051316 0.064006 -0.334034
    30 0.994705 0.000002 0.000000 0.001258 0.038493 0.020488
    31 1.068069 -1.287201 0.981905 1.455344 -0.844004 0.072049
    32 1.836304 -0.000002 -0.000004 -0.000056 -0.188092 0.157023
    33 1.223948 -0.000001 0.000000 -0.000073 -0.040582 0.037650
    34 4.065392 1.458946 -1.500000 1.263940 0.945032 -0.317117
    35 5.507360 0.000008 -0.000001 2.570091 0.753918 0.140143
    36 10.907398 0.000000 0.000004 0.000000 0.000000 -2.298187
    37 10.424301 -0.000005 0.000019 -0.919867 -0.231643 0.135664
    38 2.997293 0.000065 1.477481 -0.296388 -0.505836 0.084787
    39 1.510378 -0.000004 0.000000 -0.011341 -0.016615 -0.257537
    40 0.808655 0.000000 0.000000 0.054433 0.175361 0.039377
    41 3.305817 0.201134 0.547461 -0.222549 -0.222705 0.044651
    42 1.807175 0.000000 0.000000 0.051906 0.088339 -0.190157
    43 0.966141 -0.000001 0.000000 -0.002387 -0.009734 0.099588
    44 3.571524 0.110786 -0.409182 -0.183620 -0.067925 0.084169
    45 2.150656 0.000000 0.000000 0.042028 0.053936 -0.320272
    46 1.152752 0.000000 0.000000 -0.001808 -0.011970 0.185709
    47 3.684113 -0.153563 -1.419748 -0.130025 0.167228 0.135320
    48 1.701017 0.000002 0.000000 -0.051316 -0.064006 -0.334034
    49 0.994705 0.000001 0.000000 -0.001284 -0.038506 0.309237
    50 1.068094 -1.283653 -0.986553 -1.411132 0.792526 0.151201
    51 1.836306 -0.000002 0.000000 0.000056 0.188092 0.157023
    52 1.223946 0.000000 0.000002 0.000034 0.040606 0.078248
    53 -12.734375 -26.921875 -14.914063 1.763455 0.155626 1.915093
    54 0.000000 0.000000 0.000000 -0.077030 -0.068757 -1.299215
    55 0.000004 -0.000007 -0.000031 1.373047 0.113574 0.124314
    56 0.000000 -0.000007 -0.000031 1.373047 0.113574 0.124314
    57 2.856897 -1.536201 -0.973800 -1.501147 -0.272558 -1.578261
    58 2.856895 -1.536198 -0.973800 -1.501147 -0.272558 -1.578261
    59 0.000000 0.000000 10.000000 0.000000 0.000000 0.000000
    60 0.018898 0.665159 9.395884 0.000000 0.000000 0.000000
    61 2.000008 -3.000000 0.000000 -1.570796 0.000000 -1.326450
    62 3.028210 -0.923409 -2.009452 1.574082 -0.012974 1.587244
    63 0.116955 4.311607 0.061861 0.000010 0.000000 0.000000
    64 0.000000 0.000000 0.000001 0.000000 0.000000 0.000000
    65 0.000000 1.000000 0.000008 0.000000 0.000000 0.000000
    66 0.000000 0.000000 0.000002 0.000000 0.000000 0.000000
    67 0.000000 0.000000 0.000002 0.000000 0.000000 0.000000
    68 0.000000 0.000000 0.000002 0.000000 0.000000 0.000000
time 131
    0 -0.405029 -8.890625 46.781250 1.524429 0.054295 -0.008867
    1 3.625659 0.000000 0.000000 -2.080904 -0.014603 -1.248310
    2 18.345819 0.000000 0.000000 0.000000 0.000000 0.121622
    3 16.751528 0.000000 0.000000 0.130057 0.378477 -0.490336
    4 5.943489 0.000000 0.000000 0.020394 -0.027696 -0.470131
    5 -3.625659 0.000000 0.000000 -1.257728 -0.067066 -1.791151
    6 18.345812 0.000000 0.000000 0.000000 0.000000 0.209551
    7 16.751524 0.000000 0.000000 0.124787 -0.200300 -0.683830
    8 5.943490 0.000000 0.000000 -0.112024 0.023853 -0.393380
    9 0.000000 4.043964 -0.017929 1.543196 -0.122507 1.598559
    10 3.995838 0.000000 0.000000 -0.028394 0.015650 -0.153794
    11 3.698242 -0.000001 0.000000 -0.028013 0.003751 -0.021896
    12 5.700890 0.000000 0.000000 -0.024623 0.012377 0.476509
    13 5.352852 -0.000001 0.000000 3.092666 0.177349 0.211673
    14 4.461819 0.000000 0.000000 -0.119973 -0.145176 0.661016
    15 4.065388 1.458945 1.500000 -1.606631 -0.924869 -0.103630
    16 5.507357 0.000004 -0.000001 -2.234539 -0.947990 0.171584
    17 10.907398 0.000000 0.000000 0.000000 0.000000 -0.639284
    18 10.424324 -0.000008 -0.000027 1.083469 -0.173781 0.161350
    19 2.997274 0.005409 -1.477472 0.297493 0.497556 -0.080474
    20 1.510382 0.000000 0.000000 0.011341 0.016615 -0.257537
    21 0.808655 0.000002 0.000000 -0.054433 -0.175361 0.039377
    22 3.305792 0.203112 -0.546730 0.228981 0.234014 0.043917
    23 1.807182 0.000002 0.000000 -0.051906 -0.088339 -0.190157
    24 0.966137 0.000001 0.000000 0.002387 0.009734 0.099588
    25 3.571512 0.109303 0.409580 0.187237 0.067893 0.178800
    26 2.150654 -0.000002 0.000000 -0.042028 -0.053936 -0.320272
    27 1.152748 0.000000 0.000000 0.001856 0.011945 0.064941
    28 3.684092 -0.158705 1.419183 0.117459 -0.234196 0.132137
    29 1.701014 -0.000002 0.000000 0.051316 0.064006 -0.334034
    30 0.994705 0.000002 0.000000 0.001258 0.038493 0.020488
    31 1.068069 -1.287201 0.981905 1.455344 -0.844004 0.072049
    32 1.836304 -0.000002 -0.000004 -0.000056 -0.188092 0.157023
    33 1.223948 -0.000001 0.000000 -0.000073 -0.040582 0.037650
    34 4.065392 1.458946 -1.500000 1.260053 0.943384 -0.318717
    35 5.507360 0.000008 -0.000001 2.576685 0.753488 0.149007
    36 10.907398 0.000000 0.000004 0.000000 0.000000 -2.296295
    37 10.424301 -0.000005 0.000019 -0.918903 -0.235474 0.137632
    38 2.997293 0.000065 1.477481 -0.296388 -0.505836 0.084787
    39 1.510378 -0.000004 0.000000 -0.011341 -0.016615 -0.257537
    40 0.808655 0.000000 0.000000 0.054433 0.175361 0.039377
    41 3.305817 0.201134 0.547461 -0.222549 -0.222705 0.044651
    42 1.807175 0.000000 0.000000 0.051906 0.088339 -0.190157
    43 0.966141 -0.000001 0.000000 -0.002387 -0.009734 0.099588
    44 3.571524 0.110786 -0.409182 -0.183620 -0.067925 0.084169
    45 2.150656 0.000000 0.000000 0.042028 0.053936 -0.320272
    46 1.152752 0.000000 0.000000 -0.001808 -0.011970 0.185709
    47 3.684113 -0.153563 -1.419748 -0.130025 0.167228 0.135320
    48 1.701017 0.000002 0.000000 -0.051316 -0.064006 -0.334034
    49 0.994705 0.000001 0.000000 -0.001284 -0.038506 0.309237
    50 1.068094 -1.283653 -0.986553 -1.411132 0.792526 0.151201
    51 1.836306 -0.000002 0.000000 0.000056 0.188092 0.157023
    52 1.223946 0.000000 0.000002 0.000034 0.040606 0.078248
    53 -9.062500 -27.312500 -16.265625 1.735561 0.206744 1.926217
    54 0.000000 0.000000 0.000000 -0.077030 -0.068757 -1.299215
    55 0.000004 -0.000007 -0.000031 1.373047 0.113574 0.124314
    56 0.000000 -0.000007 -0.000031 1.373047 0.113574 0.124314
    57 2.856897 -1.536201 -0.973800 -1.501147 -0.272558 -1.578261
    58 2.856895 -1.536198 -0.973800 -1.501147 -0.272558 -1.578261
    59 0.000000 0.000000 10.000000 0.000000 0.000000 0.000000
    60 0.018898 0.665159 9.395884 0.000000 0.000000 0.000000
    61 2.000008 -3.000000 0.000000 -1.570796 0.000000 -1.326450
    62 3.028210 -0.923409 -2.009452 1.574082 -0.012974 1.587244
    63 0.116955 4.311607 0.061861 0.000010 0.000000 0.000000
    64 0.000000 0.000000 0.000001 0.000000 0.000000 0.000000
    65 0.000000 1.000000 0.000008 0.000000 0.000000 0.000000
    66 0.000000 0.000000 0.000002 0.000000 0.000000 0.000000
    67 0.000000 0.000000 0.000002 0.000000 0.000000 0.000000
    68 0.000000 0.000000 0.000002 0.000000 0.000000 0.000000
time 132
    0 -0.426758 -8.906250 46.812500 1.525868 0.055894 -0.010230
    1 3.625659 0.000000 0.000000 -2.090144 -0.013302 -1.254786
    2 18.345819 0.000000 0.000000 0.000000 0.000000 0.123525
    3 16.751528 0.000000 0.000000 0.129362 0.386570 -0.489050
    4 5.943489 0.000000 0.000000 0.020452 -0.027695 -0.468268
    5 -3.625659 0.000000 0.000000 -1.267385 -0.067677 -1.794650
    6 18.345812 0.000000 0.000000 0.000000 0.000000 0.213197
    7 16.751524 0.000000 0.000000 0.151021 -0.184214 -0.691695
    8 5.943490 0.000000 0.000000 -0.112011 0.023811 -0.400785
    9 0.000000 4.043964 -0.017929 1.543205 -0.119316 1.598959
    10 3.995838 0.000000 0.000000 -0.028473 0.016490 -0.155280
    11 3.698242 -0.000001 0.000000 -0.028115 0.005586 -0.020281
    12 5.700890 0.000000 0.000000 -0.023734 0.014516 0.479778
    13 5.352852 -0.000001 0.000000 3.091435 0.178528 0.214164
    14 4.461819 0.000000 0.000000 -0.121856 -0.145687 0.659680
    15 4.065388 1.458945 1.500000 -1.600937 -0.927959 -0.107321
    16 5.507357 0.000004 -0.000001 -2.192744 -0.936423 0.137892
    17 10.907398 0.000000 0.000000 0.000000 0.000000 -0.675768
    18 10.424324 -0.000008 -0.000027 1.098227 -0.149335 0.150087
    19 2.997274 0.005409 -1.477472 0.297493 0.497556 -0.080474
    20 1.510382 0.000000 0.000000 0.011341 0.016615 -0.257537
    21 0.808655 0.000002 0.000000 -0.054433 -0.175361 0.039377
    22 3.305792 0.203112 -0.546730 0.228981 0.234014 0.043917
    23 1.807182 0.000002 0.000000 -0.051906 -0.088339 -0.190157
    24 0.966137 0.000001 0.000000 0.002387 0.009734 0.099588
    25 3.571512 0.109303 0.409580 0.187237 0.067893 0.178800
    26 2.150654 -0.000002 0.000000 -0.042028 -0.053936 -0.320272
    27 1.152748 0.000000 0.000000 0.001856 0.011945 0.064941
    28 3.684092 -0.158705 1.419183 0.117459 -0.234196 0.132137
    29 1.701014 -0.000002 0.000000 0.051316 0.064006 -0.334034
    30 0.994705 0.000002 0.000000 0.001258 0.038493 0.020488
    31 1.068069 -1.287201 0.981905 1.455344 -0.844004 0.072049
    32 1.836304 -0.000002 -0.000004 -0.000056 -0.188092 0.157023
    33 1.223948 -0.000001 0.000000 -0.000073 -0.040582 0.037650
    34 4.065392 1.458946 -1.500000 1.256817 0.944566 -0.320292
    35 5.507360 0.000008 -0.000001 2.584899 0.753803 0.160721
    36 10.907398 0.000000 0.000004 0.000000 0.000000 -2.294496
    37 10.424301 -0.000005 0.000019 -0.917261 -0.239833 0.140337
    38 2.997293 0.000065 1.477481 -0.296388 -0.505836 0.084787
    39 1.510378 -0.000004 0.000000 -0.011341 -0.016615 -0.257537
    40 0.808655 0.000000 0.000000 0.054433 0.175361 0.039377
    41 3.305817 0.201134 0.547461 -0.222549 -0.222705 0.044651
    42 1.807175 0.000000 0.000000 0.051906 0.088339 -0.190157
    43 0.966141 -0.000001 0.000000 -0.002387 -0.009734 0.099588
    44 3.571524 0.110786 -0.409182 -0.183620 -0.067925 0.084169
    45 2.150656 0.000000 0.000000 0.042028 0.053936 -0.320272
    46 1.152752 0.000000 0.000000 -0.001808 -0.011970 0.185709
    47 3.684113 -0.153563 -1.419748 -0.130025 0.167228 0.135320
    48 1.701017 0.000002 0.000000 -0.051316 -0.064006 -0.334034
    49 0.994705 0.000001 0.000000 -0.001284 -0.038506 0.309237
    50 1.068094 -1.283653 -0.986553 -1.411132 0.792526 0.151201
    51 1.836306 -0.000002 0.000000 0.000056 0.188092 0.157023
    52 1.223946 0.000000 0.000002 0.000034 0.040606 0.078248
    53 -5.859375 -26.421875 -18.312500 1.719573 0.220613 1.936123
    54 0.000000 0.000000 0.000000 -0.077030 -0.068757 -1.299215
    55 0.000004 -0.000007 -0.000031 1.373047 0.113574 0.124314
    56 0.000000 -0.000007 -0.000031 1.373047 0.113574 0.124314
    57 2.856897 -1.536201 -0.973800 -1.501147 -0.272558 -1.578261
    58 2.856895 -1.536198 -0.973800 -1.501147 -0.272558 -1.578261
    59 0.000000 0.000000 10.000000 0.000000 0.000000 0.000000
    60 0.018898 0.665159 9.395884 0.000000 0.000000 0.000000
    61 2.000008 -3.000000 0.000000 -1.570796 0.000000 -1.326450
    62 3.028210 -0.923409 -2.009452 1.574082 -0.012974 1.587244
    63 0.116955 4.311607 0.061861 0.000010 0.000000 0.000000
    64 0.000000 0.000000 0.000001 0.000000 0.000000 0.000000
    65 0.000000 1.000000 0.000008 0.000000 0.000000 0.000000
    66 0.000000 0.000000 0.000002 0.000000 0.000000 0.000000
    67 0.000000 0.000000 0.000002 0.000000 0.000000 0.000000
    68 0.000000 0.000000 0.000002 0.000000 0.000000 0.000000
time 133
    0 -0.433350 -8.945313 46.812500 1.526125 0.057052 -0.011167
    1 3.625659 0.000000 0.000000 -2.104736 -0.010991 -1.261151
    2 18.345819 0.000000 0.000000 0.000000 0.000000 0.128715
    3 16.751528 0.000000 0.000000 0.115182 0.387670 -0.492427
    4 5.943489 0.000000 0.000000 0.020432 -0.027710 -0.466847
    5 -3.625659 0.000000 0.000000 -1.274634 -0.065793 -1.798377
    6 18.345812 0.000000 0.000000 0.000000 0.000000 0.216062
    7 16.751524 0.000000 0.000000 0.166854 -0.177978 -0.696757
    8 5.943490 0.000000 0.000000 -0.112058 0.023808 -0.399022
    9 0.000000 4.043964 -0.017929 1.542990 -0.116129 1.598766
    10 3.995838 0.000000 0.000000 -0.028690 0.016887 -0.156673
    11 3.698242 -0.000001 0.000000 -0.028469 0.007253 -0.018148
    12 5.700890 0.000000 0.000000 -0.022978 0.016787 0.483938
    13 5.352852 -0.000001 0.000000 3.090311 0.179789 0.216751
    14 4.461819 0.000000 0.000000 -0.123841 -0.146221 0.659364
    15 4.065388 1.458945 1.500000 -1.595439 -0.929825 -0.111056
    16 5.507357 0.000004 -0.000001 -2.176930 -0.920475 0.100746
    17 10.907398 0.000000 0.000000 0.000000 0.000000 -0.710647
    18 10.424324 -0.000008 -0.000027 1.109755 -0.129330 0.147753
    19 2.997274 0.005409 -1.477472 0.297493 0.497556 -0.080474
    20 1.510382 0.000000 0.000000 0.011341 0.016615 -0.257537
    21 0.808655 0.000002 0.000000 -0.054433 -0.175361 0.039377
    22 3.305792 0.203112 -0.546730 0.228981 0.234014 0.043917
    23 1.807182 0.000002 0.000000 -0.051906 -0.088339 -0.190157
    24 0.966137 0.000001 0.000000 0.002387 0.009734 0.099588
    25 3.571512 0.109303 0.409580 0.187237 0.067893 0.178800
    26 2.150654 -0.000002 0.000000 -0.042028 -0.053936 -0.320272
    27 1.152748 0.000000 0.000000 0.001856 0.011945 0.064941
    28 3.684092 -0.158705 1.419183 0.117459 -0.234196 0.132137
    29 1.701014 -0.000002 0.000000 0.051316 0.064006 -0.334034
    30 0.994705 0.000002 0.000000 0.001258 0.038493 0.020488
    31 1.068069 -1.287201 0.981905 1.455344 -0.844004 0.072049
    32 1.836304 -0.000002 -0.000004 -0.000056 -0.188092 0.157023
    33 1.223948 -0.000001 0.000000 -0.000073 -0.040582 0.037650
    34 4.065392 1.458946 -1.500000 1.257461 0.947194 -0.320158
    35 5.507360 0.000008 -0.000001 2.589953 0.753829 0.168186
    36 10.907398 0.000000 0.000004 0.000000 0.000000 -2.293833
    37 10.424301 -0.000005 0.000019 -0.917091 -0.241799 0.140713
    38 2.997293 0.000065 1.477481 -0.296388 -0.505836 0.084787
    39 1.510378 -0.000004 0.000000 -0.011341 -0.016615 -0.257537
    40 0.808655 0.000000 0.000000 0.054433 0.175361 0.039377
    41 3.305817 0.201134 0.547461 -0.222549 -0.222705 0.044651
    42 1.807175 0.000000 0.000000 0.051906 0.088339 -0.190157
    43 0.966141 -0.000001 0.000000 -0.002387 -0.009734 0.099588
    44 3.571524 0.110786 -0.409182 -0.183620 -0.067925 0.084169
    45 2.150656 0.000000 0.000000 0.042028 0.053936 -0.320272
    46 1.152752 0.000000 0.000000 -0.001808 -0.011970 0.185709
    47 3.684113 -0.153563 -1.419748 -0.130025 0.167228 0.135320
    48 1.701017 0.000002 0.000000 -0.051316 -0.064006 -0.334034
    49 0.994705 0.000001 0.000000 -0.001284 -0.038506 0.309237
    50 1.068094 -1.283653 -0.986553 -1.411132 0.792526 0.151201
    51 1.836306 -0.000002 0.000000 0.000056 0.188092 0.157023
    52 1.223946 0.000000 0.000002 0.000034 0.040606 0.078248
    53 -3.548828 -24.046875 -20.906250 1.712701 0.207604 1.942416
    54 0.000000 0.000000 0.000000 -0.077030 -0.068757 -1.299215
    55 0.000004 -0.000007 -0.000031 1.373047 0.113574 0.124314
    56 0.000000 -0.000007 -0.000031 1.373047 0.113574 0.124314
    57 2.856897 -1.536201 -0.973800 -1.501147 -0.272558 -1.578261
    58 2.856895 -1.536198 -0.973800 -1.501147 -0.272558 -1.578261
    59 0.000000 0.000000 10.000000 0.000000 0.000000 0.000000
    60 0.018898 0.665159 9.395884 0.000000 0.000000 0.000000
    61 2.000008 -3.000000 0.000000 -1.570796 0.000000 -1.326450
    62 3.028210 -0.923409 -2.009452 1.574082 -0.012974 1.587244
    63 0.116955 4.311607 0.061861 0.000010 0.000000 0.000000
    64 0.000000 0.000000 0.000001 0.000000 0.000000 0.000000
    65 0.000000 1.000000 0.000008 0.000000 0.000000 0.000000
    66 0.000000 0.000000 0.000002 0.000000 0.000000 0.000000
    67 0.000000 0.000000 0.000002 0.000000 0.000000 0.000000
    68 0.000000 0.000000 0.000002 0.000000 0.000000 0.000000
time 134
    0 -0.427490 -8.968750 46.843750 1.525128 0.058356 -0.011682
    1 3.625659 0.000000 0.000000 -2.119458 -0.008070 -1.265975
    2 18.345819 0.000000 0.000000 0.000000 0.000000 0.135636
    3 16.751528 0.000000 0.000000 0.096160 0.382177 -0.498185
    4 5.943489 0.000000 0.000000 0.020420 -0.027719 -0.465960
    5 -3.625659 0.000000 0.000000 -1.282093 -0.062408 -1.801366
    6 18.345812 0.000000 0.000000 0.000000 0.000000 0.219362
    7 16.751524 0.000000 0.000000 0.159775 -0.184927 -0.699378
    8 5.943490 0.000000 0.000000 -0.112023 0.023858 -0.393292
    9 0.000000 4.043964 -0.017929 1.542656 -0.114800 1.599263
    10 3.995838 0.000000 0.000000 -0.029106 0.017715 -0.157036
    11 3.698242 -0.000001 0.000000 -0.028906 0.008655 -0.016443
    12 5.700890 0.000000 0.000000 -0.022602 0.018598 0.486681
    13 5.352852 -0.000001 0.000000 3.088101 0.180165 0.217947
    14 4.461819 0.000000 0.000000 -0.125977 -0.146327 0.659300
    15 4.065388 1.458945 1.500000 -1.593088 -0.933302 -0.112704
    16 5.507357 0.000004 -0.000001 -2.161624 -0.892994 0.057047
    17 10.907398 0.000000 0.000000 0.000000 0.000000 -0.759211
    18 10.424324 -0.000008 -0.000027 1.124472 -0.117839 0.130645
    19 2.997274 0.005409 -1.477472 0.297493 0.497556 -0.080474
    20 1.510382 0.000000 0.000000 0.011341 0.016615 -0.257537
    21 0.808655 0.000002 0.000000 -0.054433 -0.175361 0.039377
    22 3.305792 0.203112 -0.546730 0.228981 0.234014 0.043917
    23 1.807182 0.000002 0.000000 -0.051906 -0.088339 -0.190157
    24 0.966137 0.000001 0.000000 0.002387 0.009734 0.099588
    25 3.571512 0.109303 0.409580 0.187237 0.067893 0.178800
    26 2.150654 -0.000002 0.000000 -0.042028 -0.053936 -0.320272
    27 1.152748 0.000000 0.000000 0.001856 0.011945 0.064941
    28 3.684092 -0.158705 1.419183 0.117459 -0.234196 0.132137
    29 1.701014 -0.000002 0.000000 0.051316 0.064006 -0.334034
    30 0.994705 0.000002 0.000000 0.001258 0.038493 0.020488
    31 1.068069 -1.287201 0.981905 1.455344 -0.844004 0.072049
    32 1.836304 -0.000002 -0.000004 -0.000056 -0.188092 0.157023
    33 1.223948 -0.000001 0.000000 -0.000073 -0.040582 0.037650
    34 4.065392 1.458946 -1.500000 1.257203 0.949297 -0.321283
    35 5.507360 0.000008 -0.000001 2.594578 0.754026 0.176617
    36 10.907398 0.000000 0.000004 0.000000 0.000000 -2.293359
    37 10.424301 -0.000005 0.000019 -0.918090 -0.242641 0.138966
    38 2.997293 0.000065 1.477481 -0.296388 -0.505836 0.084787
    39 1.510378 -0.000004 0.000000 -0.011341 -0.016615 -0.257537
    40 0.808655 0.000000 0.000000 0.054433 0.175361 0.039377
    41 3.305817 0.201134 0.547461 -0.222549 -0.222705 0.044651
    42 1.807175 0.000000 0.000000 0.051906 0.088339 -0.190157
    43 0.966141 -0.000001 0.000000 -0.002387 -0.009734 0.099588
    44 3.571524 0.110786 -0.409182 -0.183620 -0.067925 0.084169
    45 2.150656 0.000000 0.000000 0.042028 0.053936 -0.320272
    46 1.152752 0.000000 0.000000 -0.001808 -0.011970 0.185709
    47 3.684113 -0.153563 -1.419748 -0.130025 0.167228 0.135320
    48 1.701017 0.000002 0.000000 -0.051316 -0.064006 -0.334034
    49 0.994705 0.000001 0.000000 -0.001284 -0.038506 0.309237
    50 1.068094 -1.283653 -0.986553 -1.411132 0.792526 0.151201
    51 1.836306 -0.000002 0.000000 0.000056 0.188092 0.157023
    52 1.223946 0.000000 0.000002 0.000034 0.040606 0.078248
    53 -2.707031 -20.062500 -23.250000 1.710782 0.188152 1.952716
    54 0.000000 0.000000 0.000000 -0.077030 -0.068757 -1.299215
    55 0.000004 -0.000007 -0.000031 1.373047 0.113574 0.124314
    56 0.000000 -0.000007 -0.000031 1.373047 0.113574 0.124314
    57 2.856897 -1.536201 -0.973800 -1.501147 -0.272558 -1.578261
    58 2.856895 -1.536198 -0.973800 -1.501147 -0.272558 -1.578261
    59 0.000000 0.000000 10.000000 0.000000 0.000000 0.000000
    60 0.018898 0.665159 9.395884 0.000000 0.000000 0.000000
    61 2.000008 -3.000000 0.000000 -1.570796 0.000000 -1.326450
    62 3.028210 -0.923409 -2.009452 1.574082 -0.012974 1.587244
    63 0.116955 4.311607 0.061861 0.000010 0.000000 0.000000
    64 0.000000 0.000000 0.000001 0.000000 0.000000 0.000000
    65 0.000000 1.000000 0.000008 0.000000 0.000000 0.000000
    66 0.000000 0.000000 0.000002 0.000000 0.000000 0.000000
    67 0.000000 0.000000 0.000002 0.000000 0.000000 0.000000
    68 0.000000 0.000000 0.000002 0.000000 0.000000 0.000000
time 135
    0 -0.414307 -8.976563 46.875000 1.523539 0.059230 -0.011859
    1 3.625659 0.000000 0.000000 -2.130810 -0.005575 -1.269330
    2 18.345819 0.000000 0.000000 0.000000 0.000000 0.143078
    3 16.751528 0.000000 0.000000 0.081251 0.376022 -0.502492
    4 5.943489 0.000000 0.000000 0.020435 -0.027708 -0.467025
    5 -3.625659 0.000000 0.000000 -1.288385 -0.058848 -1.804544
    6 18.345812 0.000000 0.000000 0.000000 0.000000 0.222402
    7 16.751524 0.000000 0.000000 0.149408 -0.197804 -0.700092
    8 5.943490 0.000000 0.000000 -0.112030 0.023879 -0.389592
    9 0.000000 4.043964 -0.017929 1.542141 -0.115344 1.599861
    10 3.995838 0.000000 0.000000 -0.029754 0.018369 -0.156187
    11 3.698242 -0.000001 0.000000 -0.029599 0.009704 -0.015166
    12 5.700890 0.000000 0.000000 -0.022591 0.020038 0.488091
    13 5.352852 -0.000001 0.000000 3.086133 0.180976 0.217412
    14 4.461819 0.000000 0.000000 -0.127831 -0.146889 0.659435
    15 4.065388 1.458945 1.500000 -1.592478 -0.937475 -0.115279
    16 5.507357 0.000004 -0.000001 -2.127932 -0.843880 0.004919
    17 10.907398 0.000000 0.000000 0.000000 0.000000 -0.842838
    18 10.424324 -0.000008 -0.000027 1.144530 -0.101657 0.100328
    19 2.997274 0.005409 -1.477472 0.297493 0.497556 -0.080474
    20 1.510382 0.000000 0.000000 0.011341 0.016615 -0.257537
    21 0.808655 0.000002 0.000000 -0.054433 -0.175361 0.039377
    22 3.305792 0.203112 -0.546730 0.228981 0.234014 0.043917
    23 1.807182 0.000002 0.000000 -0.051906 -0.088339 -0.190157
    24 0.966137 0.000001 0.000000 0.002387 0.009734 0.099588
    25 3.571512 0.109303 0.409580 0.187237 0.067893 0.178800
    26 2.150654 -0.000002 0.000000 -0.042028 -0.053936 -0.320272
    27 1.152748 0.000000 0.000000 0.001856 0.011945 0.064941
    28 3.684092 -0.158705 1.419183 0.117459 -0.234196 0.132137
    29 1.701014 -0.000002 0.000000 0.051316 0.064006 -0.334034
    30 0.994705 0.000002 0.000000 0.001258 0.038493 0.020488
    31 1.068069 -1.287201 0.981905 1.455344 -0.844004 0.072049
    32 1.836304 -0.000002 -0.000004 -0.000056 -0.188092 0.157023
    33 1.223948 -0.000001 0.000000 -0.000073 -0.040582 0.037650
    34 4.065392 1.458946 -1.500000 1.256210 0.949939 -0.323980
    35 5.507360 0.000008 -0.000001 2.600192 0.755676 0.186727
    36 10.907398 0.000000 0.000004 0.000000 0.000000 -2.291465
    37 10.424301 -0.000005 0.000019 -0.919075 -0.243430 0.135931
    38 2.997293 0.000065 1.477481 -0.296388 -0.505836 0.084787
    39 1.510378 -0.000004 0.000000 -0.011341 -0.016615 -0.257537
    40 0.808655 0.000000 0.000000 0.054433 0.175361 0.039377
    41 3.305817 0.201134 0.547461 -0.222549 -0.222705 0.044651
    42 1.807175 0.000000 0.000000 0.051906 0.088339 -0.190157
    43 0.966141 -0.000001 0.000000 -0.002387 -0.009734 0.099588
    44 3.571524 0.110786 -0.409182 -0.183620 -0.067925 0.084169
    45 2.150656 0.000000 0.000000 0.042028 0.053936 -0.320272
    46 1.152752 0.000000 0.000000 -0.001808 -0.011970 0.185709
    47 3.684113 -0.153563 -1.419748 -0.130025 0.167228 0.135320
    48 1.701017 0.000002 0.000000 -0.051316 -0.064006 -0.334034
    49 0.994705 0.000001 0.000000 -0.001284 -0.038506 0.309237
    50 1.068094 -1.283653 -0.986553 -1.411132 0.792526 0.151201
    51 1.836306 -0.000002 0.000000 0.000056 0.188092 0.157023
    52 1.223946 0.000000 0.000002 0.000034 0.040606 0.078248
    53 -3.863281 -15.601563 -23.984375 1.711349 0.180811 1.977902
    54 0.000000 0.000000 0.000000 -0.077030 -0.068757 -1.299215
    55 0.000004 -0.000007 -0.000031 1.373047 0.113574 0.124314
    56 0.000000 -0.000007 -0.000031 1.373047 0.113574 0.124314
    57 2.856897 -1.536201 -0.973800 -1.501147 -0.272558 -1.578261
    58 2.856895 -1.536198 -0.973800 -1.501147 -0.272558 -1.578261
    59 0.000000 0.000000 10.000000 0.000000 0.000000 0.000000
    60 0.018898 0.665159 9.395884 0.000000 0.000000 0.000000
    61 2.000008 -3.000000 0.000000 -1.570796 0.000000 -1.326450
    62 3.028210 -0.923409 -2.009452 1.574082 -0.012974 1.587244
    63 0.116955 4.311607 0.061861 0.000010 0.000000 0.000000
    64 0.000000 0.000000 0.000001 0.000000 0.000000 0.000000
    65 0.000000 1.000000 0.000008 0.000000 0.000000 0.000000
    66 0.000000 0.000000 0.000002 0.000000 0.000000 0.000000
    67 0.000000 0.000000 0.000002 0.000000 0.000000 0.000000
    68 0.000000 0.000000 0.000002 0.000000 0.000000 0.000000
time 136
    0 -0.396729 -8.968750 46.875000 1.522619 0.059706 -0.011948
    1 3.625659 0.000000 0.000000 -2.138565 -0.003670 -1.270254
    2 18.345819 0.000000 0.000000 0.000000 0.000000 0.149570
    3 16.751528 0.000000 0.000000 0.073692 0.373520 -0.505010
    4 5.943489 0.000000 0.000000 0.020424 -0.027716 -0.466226
    5 -3.625659 0.000000 0.000000 -1.292591 -0.055985 -1.806995
    6 18.345812 0.000000 0.000000 0.000000 0.000000 0.225356
    7 16.751524 0.000000 0.000000 0.143911 -0.204594 -0.703096
    8 5.943490 0.000000 0.000000 -0.112057 0.023806 -0.387562
    9 0.000000 4.043964 -0.017929 1.541371 -0.116201 1.600712
    10 3.995838 0.000000 0.000000 -0.030403 0.019024 -0.155338
    11 3.698242 -0.000001 0.000000 -0.030291 0.010401 -0.014403
    12 5.700890 0.000000 0.000000 -0.022960 0.021031 0.488881
    13 5.352852 -0.000001 0.000000 3.084173 0.182371 0.216254
    14 4.461819 0.000000 0.000000 -0.130118 -0.147292 0.659873
    15 4.065388 1.458945 1.500000 -1.595336 -0.942740 -0.117149
    16 5.507357 0.000004 -0.000001 -2.083109 -0.778173 -0.049168
    17 10.907398 0.000000 0.000000 0.000000 0.000000 -0.950231
    18 10.424324 -0.000008 -0.000027 1.168045 -0.074245 0.070343
    19 2.997274 0.005409 -1.477472 0.297493 0.497556 -0.080474
    20 1.510382 0.000000 0.000000 0.011341 0.016615 -0.257537
    21 0.808655 0.000002 0.000000 -0.054433 -0.175361 0.039377
    22 3.305792 0.203112 -0.546730 0.228981 0.234014 0.043917
    23 1.807182 0.000002 0.000000 -0.051906 -0.088339 -0.190157
    24 0.966137 0.000001 0.000000 0.002387 0.009734 0.099588
    25 3.571512 0.109303 0.409580 0.187237 0.067893 0.178800
    26 2.150654 -0.000002 0.000000 -0.042028 -0.053936 -0.320272
    27 1.152748 0.000000 0.000000 0.001856 0.011945 0.064941
    28 3.684092 -0.158705 1.419183 0.117459 -0.234196 0.132137
    29 1.701014 -0.000002 0.000000 0.051316 0.064006 -0.334034
    30 0.994705 0.000002 0.000000 0.001258 0.038493 0.020488
    31 1.068069 -1.287201 0.981905 1.455344 -0.844004 0.072049
    32 1.836304 -0.000002 -0.000004 -0.000056 -0.188092 0.157023
    33 1.223948 -0.000001 0.000000 -0.000073 -0.040582 0.037650
    34 4.065392 1.458946 -1.500000 1.254413 0.949254 -0.327275
    35 5.507360 0.000008 -0.000001 2.607933 0.758299 0.196242
    36 10.907398 0.000000 0.000004 0.000000 0.000000 -2.289569
    37 10.424301 -0.000005 0.000019 -0.919445 -0.245172 0.133762
    38 2.997293 0.000065 1.477481 -0.296388 -0.505836 0.084787
    39 1.510378 -0.000004 0.000000 -0.011341 -0.016615 -0.257537
    40 0.808655 0.000000 0.000000 0.054433 0.175361 0.039377
    41 3.305817 0.201134 0.547461 -0.222549 -0.222705 0.044651
    42 1.807175 0.000000 0.000000 0.051906 0.088339 -0.190157
    43 0.966141 -0.000001 0.000000 -0.002387 -0.009734 0.099588
    44 3.571524 0.110786 -0.409182 -0.183620 -0.067925 0.084169
    45 2.150656 0.000000 0.000000 0.042028 0.053936 -0.320272
    46 1.152752 0.000000 0.000000 -0.001808 -0.011970 0.185709
    47 3.684113 -0.153563 -1.419748 -0.130025 0.167228 0.135320
    48 1.701017 0.000002 0.000000 -0.051316 -0.064006 -0.334034
    49 0.994705 0.000001 0.000000 -0.001284 -0.038506 0.309237
    50 1.068094 -1.283653 -0.986553 -1.411132 0.792526 0.151201
    51 1.836306 -0.000002 0.000000 0.000056 0.188092 0.157023
    52 1.223946 0.000000 0.000002 0.000034 0.040606 0.078248
    53 -6.613281 -12.484375 -22.500000 1.711878 0.182442 2.012025
    54 0.000000 0.000000 0.000000 -0.077030 -0.068757 -1.299215
    55 0.000004 -0.000007 -0.000031 1.373047 0.113574 0.124314
    56 0.000000 -0.000007 -0.000031 1.373047 0.113574 0.124314
    57 2.856897 -1.536201 -0.973800 -1.501147 -0.272558 -1.578261
    58 2.856895 -1.536198 -0.973800 -1.501147 -0.272558 -1.578261
    59 0.000000 0.000000 10.000000 0.000000 0.000000 0.000000
    60 0.018898 0.665159 9.395884 0.000000 0.000000 0.000000
    61 2.000008 -3.000000 0.000000 -1.570796 0.000000 -1.326450
    62 3.028210 -0.923409 -2.009452 1.574082 -0.012974 1.587244
    63 0.116955 4.311607 0.061861 0.000010 0.000000 0.000000
    64 0.000000 0.000000 0.000001 0.000000 0.000000 0.000000
    65 0.000000 1.000000 0.000008 0.000000 0.000000 0.000000
    66 0.000000 0.000000 0.000002 0.000000 0.000000 0.000000
    67 0.000000 0.000000 0.000002 0.000000 0.000000 0.000000
    68 0.000000 0.000000 0.000002 0.000000 0.000000 0.000000
time 137
    0 -0.377686 -8.968750 46.875000 1.522454 0.059869 -0.011948
    1 3.625659 0.000000 0.000000 -2.144264 -0.002735 -1.270248
    2 18.345819 0.000000 0.000000 0.000000 0.000000 0.154591
    3 16.751528 0.000000 0.000000 0.070815 0.371934 -0.507053
    4 5.943489 0.000000 0.000000 0.020401 -0.027732 -0.464629
    5 -3.625659 0.000000 0.000000 -1.291616 -0.053407 -1.808339
    6 18.345812 0.000000 0.000000 0.000000 0.000000 0.227093
    7 16.751524 0.000000 0.000000 0.142766 -0.203819 -0.707949
    8 5.943490 0.000000 0.000000 -0.112087 0.023832 -0.388621
    9 0.000000 4.043964 -0.017929 1.540730 -0.117166 1.600699
    10 3.995838 0.000000 0.000000 -0.031001 0.018985 -0.154824
    11 3.698242 -0.000001 0.000000 -0.031071 0.011005 -0.014071
    12 5.700890 0.000000 0.000000 -0.023039 0.022482 0.489401
    13 5.352852 -0.000001 0.000000 3.083278 0.184947 0.214904
    14 4.461819 0.000000 0.000000 -0.132117 -0.148434 0.660352
    15 4.065388 1.458945 1.500000 -1.602706 -0.949107 -0.116644
    16 5.507357 0.000004 -0.000001 -2.040944 -0.703290 -0.099305
    17 10.907398 0.000000 0.000000 0.000000 0.000000 -1.053783
    18 10.424324 -0.000008 -0.000027 1.188952 -0.046202 0.044442
    19 2.997274 0.005409 -1.477472 0.297493 0.497556 -0.080474
    20 1.510382 0.000000 0.000000 0.011341 0.016615 -0.257537
    21 0.808655 0.000002 0.000000 -0.054433 -0.175361 0.039377
    22 3.305792 0.203112 -0.546730 0.228981 0.234014 0.043917
    23 1.807182 0.000002 0.000000 -0.051906 -0.088339 -0.190157
    24 0.966137 0.000001 0.000000 0.002387 0.009734 0.099588
    25 3.571512 0.109303 0.409580 0.187237 0.067893 0.178800
    26 2.150654 -0.000002 0.000000 -0.042028 -0.053936 -0.320272
    27 1.152748 0.000000 0.000000 0.001856 0.011945 0.064941
    28 3.684092 -0.158705 1.419183 0.117459 -0.234196 0.132137
    29 1.701014 -0.000002 0.000000 0.051316 0.064006 -0.334034
    30 0.994705 0.000002 0.000000 0.001258 0.038493 0.020488
    31 1.068069 -1.287201 0.981905 1.455344 -0.844004 0.072049
    32 1.836304 -0.000002 -0.000004 -0.000056 -0.188092 0.157023
    33 1.223948 -0.000001 0.000000 -0.000073 -0.040582 0.037650
    34 4.065392 1.458946 -1.500000 1.250764 0.950010 -0.332046
    35 5.507360 0.000008 -0.000001 2.617025 0.760237 0.206154
    36 10.907398 0.000000 0.000004 0.000000 0.000000 -2.288905
    37 10.424301 -0.000005 0.000019 -0.919825 -0.246813 0.132997
    38 2.997293 0.000065 1.477481 -0.296388 -0.505836 0.084787
    39 1.510378 -0.000004 0.000000 -0.011341 -0.016615 -0.257537
    40 0.808655 0.000000 0.000000 0.054433 0.175361 0.039377
    41 3.305817 0.201134 0.547461 -0.222549 -0.222705 0.044651
    42 1.807175 0.000000 0.000000 0.051906 0.088339 -0.190157
    43 0.966141 -0.000001 0.000000 -0.002387 -0.009734 0.099588
    44 3.571524 0.110786 -0.409182 -0.183620 -0.067925 0.084169
    45 2.150656 0.000000 0.000000 0.042028 0.053936 -0.320272
    46 1.152752 0.000000 0.000000 -0.001808 -0.011970 0.185709
    47 3.684113 -0.153563 -1.419748 -0.130025 0.167228 0.135320
    48 1.701017 0.000002 0.000000 -0.051316 -0.064006 -0.334034
    49 0.994705 0.000001 0.000000 -0.001284 -0.038506 0.309237
    50 1.068094 -1.283653 -0.986553 -1.411132 0.792526 0.151201
    51 1.836306 -0.000002 0.000000 0.000056 0.188092 0.157023
    52 1.223946 0.000000 0.000002 0.000034 0.040606 0.078248
    53 -9.585938 -12.312500 -18.593750 1.713024 0.184367 2.035904
    54 0.000000 0.000000 0.000000 -0.077030 -0.068757 -1.299215
    55 0.000004 -0.000007 -0.000031 1.373047 0.113574 0.124314
    56 0.000000 -0.000007 -0.000031 1.373047 0.113574 0.124314
    57 2.856897 -1.536201 -0.973800 -1.501147 -0.272558 -1.578261
    58 2.856895 -1.536198 -0.973800 -1.501147 -0.272558 -1.578261
    59 0.000000 0.000000 10.000000 0.000000 0.000000 0.000000
    60 0.018898 0.665159 9.395884 0.000000 0.000000 0.000000
    61 2.000008 -3.000000 0.000000 -1.570796 0.000000 -1.326450
    62 3.028210 -0.923409 -2.009452 1.574082 -0.012974 1.587244
    63 0.116955 4.311607 0.061861 0.000010 0.000000 0.000000
    64 0.000000 0.000000 0.000001 0.000000 0.000000 0.000000
    65 0.000000 1.000000 0.000008 0.000000 0.000000 0.000000
    66 0.000000 0.000000 0.000002 0.000000 0.000000 0.000000
    67 0.000000 0.000000 0.000002 0.000000 0.000000 0.000000
    68 0.000000 0.000000 0.000002 0.000000 0.000000 0.000000
time 138
    0 -0.358643 -8.953125 46.843750 1.522780 0.059537 -0.012120
    1 3.625659 0.000000 0.000000 -2.148835 -0.002343 -1.269299
    2 18.345819 0.000000 0.000000 0.000000 0.000000 0.157708
    3 16.751528 0.000000 0.000000 0.072034 0.372566 -0.507479
    4 5.943489 0.000000 0.000000 0.020401 -0.027732 -0.464629
    5 -3.625659 0.000000 0.000000 -1.287616 -0.051314 -1.808845
    6 18.345812 0.000000 0.000000 0.000000 0.000000 0.228484
    7 16.751524 0.000000 0.000000 0.143982 -0.198710 -0.713747
    8 5.943490 0.000000 0.000000 -0.112054 0.023878 -0.394440
    9 0.000000 4.043964 -0.017929 1.540340 -0.118022 1.598803
    10 3.995838 0.000000 0.000000 -0.031445 0.018092 -0.154295
    11 3.698242 -0.000001 0.000000 -0.031597 0.012387 -0.013837
    12 5.700890 0.000000 0.000000 -0.022284 0.025143 0.489564
    13 5.352852 -0.000001 0.000000 3.085879 0.189100 0.214714
    14 4.461819 0.000000 0.000000 -0.132297 -0.150477 0.660557
    15 4.065388 1.458945 1.500000 -1.608674 -0.949716 -0.115240
    16 5.507357 0.000004 -0.000001 -2.008680 -0.630470 -0.146519
    17 10.907398 0.000000 0.000000 0.000000 0.000000 -1.149325
    18 10.424324 -0.000008 -0.000027 1.206374 -0.018964 0.037573
    19 2.997274 0.005409 -1.477472 0.297493 0.497556 -0.080474
    20 1.510382 0.000000 0.000000 0.011341 0.016615 -0.257537
    21 0.808655 0.000002 0.000000 -0.054433 -0.175361 0.039377
    22 3.305792 0.203112 -0.546730 0.228981 0.234014 0.043917
    23 1.807182 0.000002 0.000000 -0.051906 -0.088339 -0.190157
    24 0.966137 0.000001 0.000000 0.002387 0.009734 0.099588
    25 3.571512 0.109303 0.409580 0.187237 0.067893 0.178800
    26 2.150654 -0.000002 0.000000 -0.042028 -0.053936 -0.320272
    27 1.152748 0.000000 0.000000 0.001856 0.011945 0.064941
    28 3.684092 -0.158705 1.419183 0.117459 -0.234196 0.132137
    29 1.701014 -0.000002 0.000000 0.051316 0.064006 -0.334034
    30 0.994705 0.000002 0.000000 0.001258 0.038493 0.020488
    31 1.068069 -1.287201 0.981905 1.455344 -0.844004 0.072049
    32 1.836304 -0.000002 -0.000004 -0.000056 -0.188092 0.157023
    33 1.223948 -0.000001 0.000000 -0.000073 -0.040582 0.037650
    34 4.065392 1.458946 -1.500000 1.243401 0.953167 -0.339481
    35 5.507360 0.000008 -0.000001 2.625724 0.760763 0.218892
    36 10.907398 0.000000 0.000004 0.000000 0.000000 -2.288052
    37 10.424301 -0.000005 0.000019 -0.919191 -0.248657 0.133628
    38 2.997293 0.000065 1.477481 -0.296388 -0.505836 0.084787
    39 1.510378 -0.000004 0.000000 -0.011341 -0.016615 -0.257537
    40 0.808655 0.000000 0.000000 0.054433 0.175361 0.039377
    41 3.305817 0.201134 0.547461 -0.222549 -0.222705 0.044651
    42 1.807175 0.000000 0.000000 0.051906 0.088339 -0.190157
    43 0.966141 -0.000001 0.000000 -0.002387 -0.009734 0.099588
    44 3.571524 0.110786 -0.409182 -0.183620 -0.067925 0.084169
    45 2.150656 0.000000 0.000000 0.042028 0.053936 -0.320272
    46 1.152752 0.000000 0.000000 -0.001808 -0.011970 0.185709
    47 3.684113 -0.153563 -1.419748 -0.130025 0.167228 0.135320
    48 1.701017 0.000002 0.000000 -0.051316 -0.064006 -0.334034
    49 0.994705 0.000001 0.000000 -0.001284 -0.038506 0.309237
    50 1.068094 -1.283653 -0.986553 -1.411132 0.792526 0.151201
    51 1.836306 -0.000002 0.000000 0.000056 0.188092 0.157023
    52 1.223946 0.000000 0.000002 0.000034 0.040606 0.078248
    53 -11.078125 -14.921875 -13.671875 1.712314 0.185229 2.054462
    54 0.000000 0.000000 0.000000 -0.077030 -0.068757 -1.299215
    55 0.000004 -0.000007 -0.000031 1.373047 0.113574 0.124314
    56 0.000000 -0.000007 -0.000031 1.373047 0.113574 0.124314
    57 2.856897 -1.536201 -0.973800 -1.501147 -0.272558 -1.578261
    58 2.856895 -1.536198 -0.973800 -1.501147 -0.272558 -1.578261
    59 0.000000 0.000000 10.000000 0.000000 0.000000 0.000000
    60 0.018898 0.665159 9.395884 0.000000 0.000000 0.000000
    61 2.000008 -3.000000 0.000000 -1.570796 0.000000 -1.326450
    62 3.028210 -0.923409 -2.009452 1.574082 -0.012974 1.587244
    63 0.116955 4.311607 0.061861 0.000010 0.000000 0.000000
    64 0.000000 0.000000 0.000001 0.000000 0.000000 0.000000
    65 0.000000 1.000000 0.000008 0.000000 0.000000 0.000000
    66 0.000000 0.000000 0.000002 0.000000 0.000000 0.000000
    67 0.000000 0.000000 0.000002 0.000000 0.000000 0.000000
    68 0.000000 0.000000 0.000002 0.000000 0.000000 0.000000
time 139
    0 -0.336182 -8.945313 46.843750 1.523428 0.058788 -0.012549
    1 3.625659 0.000000 0.000000 -2.148919 -0.001653 -1.267308
    2 18.345819 0.000000 0.000000 0.000000 0.000000 0.158661
    3 16.751528 0.000000 0.000000 0.076715 0.374298 -0.506841
    4 5.943489 0.000000 0.000000 0.020403 -0.027731 -0.464718
    5 -3.625659 0.000000 0.000000 -1.282777 -0.049777 -1.809015
    6 18.345812 0.000000 0.000000 0.000000 0.000000 0.229439
    7 16.751524 0.000000 0.000000 0.141610 -0.195193 -0.719553
    8 5.943490 0.000000 0.000000 -0.112016 0.023837 -0.396994
    9 0.000000 4.043964 -0.017929 1.539954 -0.118878 1.596905
    10 3.995838 0.000000 0.000000 -0.031724 0.017301 -0.153678
    11 3.698242 -0.000001 0.000000 -0.032039 0.014028 -0.013607
    12 5.700890 0.000000 0.000000 -0.021468 0.028055 0.489639
    13 5.352852 -0.000001 0.000000 3.087075 0.191458 0.213650
    14 4.461819 0.000000 0.000000 -0.132660 -0.151617 0.661155
    15 4.065388 1.458945 1.500000 -1.611679 -0.949976 -0.115007
    16 5.507357 0.000004 -0.000001 -1.977469 -0.577805 -0.174748
    17 10.907398 0.000000 0.000000 0.000000 0.000000 -1.216611
    18 10.424324 -0.000008 -0.000027 1.221570 0.011400 0.034748
    19 2.997274 0.005409 -1.477472 0.297493 0.497556 -0.080474
    20 1.510382 0.000000 0.000000 0.011341 0.016615 -0.257537
    21 0.808655 0.000002 0.000000 -0.054433 -0.175361 0.039377
    22 3.305792 0.203112 -0.546730 0.228981 0.234014 0.043917
    23 1.807182 0.000002 0.000000 -0.051906 -0.088339 -0.190157
    24 0.966137 0.000001 0.000000 0.002387 0.009734 0.099588
    25 3.571512 0.109303 0.409580 0.187237 0.067893 0.178800
    26 2.150654 -0.000002 0.000000 -0.042028 -0.053936 -0.320272
    27 1.152748 0.000000 0.000000 0.001856 0.011945 0.064941
    28 3.684092 -0.158705 1.419183 0.117459 -0.234196 0.132137
    29 1.701014 -0.000002 0.000000 0.051316 0.064006 -0.334034
    30 0.994705 0.000002 0.000000 0.001258 0.038493 0.020488
    31 1.068069 -1.287201 0.981905 1.455344 -0.844004 0.072049
    32 1.836304 -0.000002 -0.000004 -0.000056 -0.188092 0.157023
    33 1.223948 -0.000001 0.000000 -0.000073 -0.040582 0.037650
    34 4.065392 1.458946 -1.500000 1.235470 0.953927 -0.347349
    35 5.507360 0.000008 -0.000001 2.634241 0.761187 0.230115
    36 10.907398 0.000000 0.000004 0.000000 0.000000 -2.287483
    37 10.424301 -0.000005 0.000019 -0.917905 -0.251358 0.133712
    38 2.997293 0.000065 1.477481 -0.296388 -0.505836 0.084787
    39 1.510378 -0.000004 0.000000 -0.011341 -0.016615 -0.257537
    40 0.808655 0.000000 0.000000 0.054433 0.175361 0.039377
    41 3.305817 0.201134 0.547461 -0.222549 -0.222705 0.044651
    42 1.807175 0.000000 0.000000 0.051906 0.088339 -0.190157
    43 0.966141 -0.000001 0.000000 -0.002387 -0.009734 0.099588
    44 3.571524 0.110786 -0.409182 -0.183620 -0.067925 0.084169
    45 2.150656 0.000000 0.000000 0.042028 0.053936 -0.320272
    46 1.152752 0.000000 0.000000 -0.001808 -0.011970 0.185709
    47 3.684113 -0.153563 -1.419748 -0.130025 0.167228 0.135320
    48 1.701017 0.000002 0.000000 -0.051316 -0.064006 -0.334034
    49 0.994705 0.000001 0.000000 -0.001284 -0.038506 0.309237
    50 1.068094 -1.283653 -0.986553 -1.411132 0.792526 0.151201
    51 1.836306 -0.000002 0.000000 0.000056 0.188092 0.157023
    52 1.223946 0.000000 0.000002 0.000034 0.040606 0.078248
    53 -10.937500 -19.109375 -8.859375 1.703663 0.198370 2.066222
    54 0.000000 0.000000 0.000000 -0.077030 -0.068757 -1.299215
    55 0.000004 -0.000007 -0.000031 1.373047 0.113574 0.124314
    56 0.000000 -0.000007 -0.000031 1.373047 0.113574 0.124314
    57 2.856897 -1.536201 -0.973800 -1.501147 -0.272558 -1.578261
    58 2.856895 -1.536198 -0.973800 -1.501147 -0.272558 -1.578261
    59 0.000000 0.000000 10.000000 0.000000 0.000000 0.000000
    60 0.018898 0.665159 9.395884 0.000000 0.000000 0.000000
    61 2.000008 -3.000000 0.000000 -1.570796 0.000000 -1.326450
    62 3.028210 -0.923409 -2.009452 1.574082 -0.012974 1.587244
    63 0.116955 4.311607 0.061861 0.000010 0.000000 0.000000
    64 0.000000 0.000000 0.000001 0.000000 0.000000 0.000000
    65 0.000000 1.000000 0.000008 0.000000 0.000000 0.000000
    66 0.000000 0.000000 0.000002 0.000000 0.000000 0.000000
    67 0.000000 0.000000 0.000002 0.000000 0.000000 0.000000
    68 0.000000 0.000000 0.000002 0.000000 0.000000 0.000000
time 140
    0 -0.301758 -8.929688 46.843750 1.524138 0.057357 -0.013412
    1 3.625659 0.000000 0.000000 -2.142393 -0.000936 -1.264529
    2 18.345819 0.000000 0.000000 0.000000 0.000000 0.158488
    3 16.751528 0.000000 0.000000 0.077156 0.373519 -0.509028
    4 5.943489 0.000000 0.000000 0.020452 -0.027737 -0.462235
    5 -3.625659 0.000000 0.000000 -1.276453 -0.048870 -1.809584
    6 18.345812 0.000000 0.000000 0.000000 0.000000 0.230048
    7 16.751524 0.000000 0.000000 0.130856 -0.198019 -0.724263
    8 5.943490 0.000000 0.000000 -0.112015 0.023842 -0.396906
    9 0.000000 4.043964 -0.017929 1.539782 -0.119555 1.595772
    10 3.995838 0.000000 0.000000 -0.031859 0.016865 -0.153153
    11 3.698242 -0.000001 0.000000 -0.032391 0.015151 -0.013455
    12 5.700890 0.000000 0.000000 -0.020861 0.030128 0.489632
    13 5.352852 -0.000001 0.000000 3.086724 0.192046 0.212036
    14 4.461819 0.000000 0.000000 -0.133041 -0.151907 0.662136
    15 4.065388 1.458945 1.500000 -1.612959 -0.950578 -0.115663
    16 5.507357 0.000004 -0.000001 -1.954583 -0.544161 -0.193366
    17 10.907398 0.000000 0.000000 0.000000 0.000000 -1.268313
    18 10.424324 -0.000008 -0.000027 1.232483 0.039351 0.036018
    19 2.997274 0.005409 -1.477472 0.297493 0.497556 -0.080474
    20 1.510382 0.000000 0.000000 0.011341 0.016615 -0.257537
    21 0.808655 0.000002 0.000000 -0.054433 -0.175361 0.039377
    22 3.305792 0.203112 -0.546730 0.228981 0.234014 0.043917
    23 1.807182 0.000002 0.000000 -0.051906 -0.088339 -0.190157
    24 0.966137 0.000001 0.000000 0.002387 0.009734 0.099588
    25 3.571512 0.109303 0.409580 0.187237 0.067893 0.178800
    26 2.150654 -0.000002 0.000000 -0.042028 -0.053936 -0.320272
    27 1.152748 0.000000 0.000000 0.001856 0.011945 0.064941
    28 3.684092 -0.158705 1.419183 0.117459 -0.234196 0.132137
    29 1.701014 -0.000002 0.000000 0.051316 0.064006 -0.334034
    30 0.994705 0.000002 0.000000 0.001258 0.038493 0.020488
    31 1.068069 -1.287201 0.981905 1.455344 -0.844004 0.072049
    32 1.836304 -0.000002 -0.000004 -0.000056 -0.188092 0.157023
    33 1.223948 -0.000001 0.000000 -0.000073 -0.040582 0.037650
    34 4.065392 1.458946 -1.500000 1.228594 0.952813 -0.355223
    35 5.507360 0.000008 -0.000001 2.641447 0.762424 0.237543
    36 10.907398 0.000000 0.000004 0.000000 0.000000 -2.287673
    37 10.424301 -0.000005 0.000019 -0.917885 -0.254986 0.133684
    38 2.997293 0.000065 1.477481 -0.296388 -0.505836 0.084787
    39 1.510378 -0.000004 0.000000 -0.011341 -0.016615 -0.257537
    40 0.808655 0.000000 0.000000 0.054433 0.175361 0.039377
    41 3.305817 0.201134 0.547461 -0.222549 -0.222705 0.044651
    42 1.807175 0.000000 0.000000 0.051906 0.088339 -0.190157
    43 0.966141 -0.000001 0.000000 -0.002387 -0.009734 0.099588
    44 3.571524 0.110786 -0.409182 -0.183620 -0.067925 0.084169
    45 2.150656 0.000000 0.000000 0.042028 0.053936 -0.320272
    46 1.152752 0.000000 0.000000 -0.001808 -0.011970 0.185709
    47 3.684113 -0.153563 -1.419748 -0.130025 0.167228 0.135320
    48 1.701017 0.000002 0.000000 -0.051316 -0.064006 -0.334034
    49 0.994705 0.000001 0.000000 -0.001284 -0.038506 0.309237
    50 1.068094 -1.283653 -0.986553 -1.411132 0.792526 0.151201
    51 1.836306 -0.000002 0.000000 0.000056 0.188092 0.157023
    52 1.223946 0.000000 0.000002 0.000034 0.040606 0.078248
    53 -7.492188 -24.265625 -6.117188 1.693880 0.208638 2.081619
    54 0.000000 0.000000 0.000000 -0.077030 -0.068757 -1.299215
    55 0.000004 -0.000007 -0.000031 1.373047 0.113574 0.124314
    56 0.000000 -0.000007 -0.000031 1.373047 0.113574 0.124314
    57 2.856897 -1.536201 -0.973800 -1.501147 -0.272558 -1.578261
    58 2.856895 -1.536198 -0.973800 -1.501147 -0.272558 -1.578261
    59 0.000000 0.000000 10.000000 0.000000 0.000000 0.000000
    60 0.018898 0.665159 9.395884 0.000000 0.000000 0.000000
    61 2.000008 -3.000000 0.000000 -1.570796 0.000000 -1.326450
    62 3.028210 -0.923409 -2.009452 1.574082 -0.012974 1.587244
    63 0.116955 4.311607 0.061861 0.000010 0.000000 0.000000
    64 0.000000 0.000000 0.000001 0.000000 0.000000 0.000000
    65 0.000000 1.000000 0.000008 0.000000 0.000000 0.000000
    66 0.000000 0.000000 0.000002 0.000000 0.000000 0.000000
    67 0.000000 0.000000 0.000002 0.000000 0.000000 0.000000
    68 0.000000 0.000000 0.000002 0.000000 0.000000 0.000000
time 141
    0 -0.264404 -8.921875 46.843750 1.524816 0.054894 -0.014964
    1 3.625659 0.000000 0.000000 -2.130514 -0.000669 -1.262085
    2 18.345819 0.000000 0.000000 0.000000 0.000000 0.159094
    3 16.751528 0.000000 0.000000 0.070331 0.367652 -0.515906
    4 5.943489 0.000000 0.000000 0.020387 -0.027686 -0.458952
    5 -3.625659 0.000000 0.000000 -1.269038 -0.048458 -1.810409
    6 18.345812 0.000000 0.000000 0.000000 0.000000 0.229613
    7 16.751524 0.000000 0.000000 0.114532 -0.206021 -0.727112
    8 5.943490 0.000000 0.000000 -0.112035 0.023866 -0.401318
    9 0.000000 4.043964 -0.017929 1.539831 -0.120059 1.595235
    10 3.995838 0.000000 0.000000 -0.031831 0.016524 -0.152974
    11 3.698242 -0.000001 0.000000 -0.032479 0.015584 -0.013291
    12 5.700890 0.000000 0.000000 -0.020521 0.031116 0.489986
    13 5.352852 -0.000001 0.000000 3.085248 0.191347 0.210078
    14 4.461819 0.000000 0.000000 -0.133731 -0.151440 0.663351
    15 4.065388 1.458945 1.500000 -1.613173 -0.952330 -0.117358
    16 5.507357 0.000004 -0.000001 -1.945933 -0.531722 -0.199939
    17 10.907398 0.000000 0.000000 0.000000 0.000000 -1.311742
    18 10.424324 -0.000008 -0.000027 1.231160 0.055096 0.049230
    19 2.997274 0.005409 -1.477472 0.297493 0.497556 -0.080474
    20 1.510382 0.000000 0.000000 0.011341 0.016615 -0.257537
    21 0.808655 0.000002 0.000000 -0.054433 -0.175361 0.039377
    22 3.305792 0.203112 -0.546730 0.228981 0.234014 0.043917
    23 1.807182 0.000002 0.000000 -0.051906 -0.088339 -0.190157
    24 0.966137 0.000001 0.000000 0.002387 0.009734 0.099588
    25 3.571512 0.109303 0.409580 0.187237 0.067893 0.178800
    26 2.150654 -0.000002 0.000000 -0.042028 -0.053936 -0.320272
    27 1.152748 0.000000 0.000000 0.001856 0.011945 0.064941
    28 3.684092 -0.158705 1.419183 0.117459 -0.234196 0.132137
    29 1.701014 -0.000002 0.000000 0.051316 0.064006 -0.334034
    30 0.994705 0.000002 0.000000 0.001258 0.038493 0.020488
    31 1.068069 -1.287201 0.981905 1.455344 -0.844004 0.072049
    32 1.836304 -0.000002 -0.000004 -0.000056 -0.188092 0.157023
    33 1.223948 -0.000001 0.000000 -0.000073 -0.040582 0.037650
    34 4.065392 1.458946 -1.500000 1.223097 0.950002 -0.362180
    35 5.507360 0.000008 -0.000001 2.647572 0.764047 0.242049
    36 10.907398 0.000000 0.000004 0.000000 0.000000 -2.288336
    37 10.424301 -0.000005 0.000019 -0.917751 -0.256621 0.132737
    38 2.997293 0.000065 1.477481 -0.296388 -0.505836 0.084787
    39 1.510378 -0.000004 0.000000 -0.011341 -0.016615 -0.257537
    40 0.808655 0.000000 0.000000 0.054433 0.175361 0.039377
    41 3.305817 0.201134 0.547461 -0.222549 -0.222705 0.044651
    42 1.807175 0.000000 0.000000 0.051906 0.088339 -0.190157
    43 0.966141 -0.000001 0.000000 -0.002387 -0.009734 0.099588
    44 3.571524 0.110786 -0.409182 -0.183620 -0.067925 0.084169
    45 2.150656 0.000000 0.000000 0.042028 0.053936 -0.320272
    46 1.152752 0.000000 0.000000 -0.001808 -0.011970 0.185709
    47 3.684113 -0.153563 -1.419748 -0.130025 0.167228 0.135320
    48 1.701017 0.000002 0.000000 -0.051316 -0.064006 -0.334034
    49 0.994705 0.000001 0.000000 -0.001284 -0.038506 0.309237
    50 1.068094 -1.283653 -0.986553 -1.411132 0.792526 0.151201
    51 1.836306 -0.000002 0.000000 0.000056 0.188092 0.157023
    52 1.223946 0.000000 0.000002 0.000034 0.040606 0.078248
    53 -1.324219 -26.906250 -7.882813 1.689900 0.213023 2.112173
    54 0.000000 0.000000 0.000000 -0.077030 -0.068757 -1.299215
    55 0.000004 -0.000007 -0.000031 1.373047 0.113574 0.124314
    56 0.000000 -0.000007 -0.000031 1.373047 0.113574 0.124314
    57 2.856897 -1.536201 -0.973800 -1.501147 -0.272558 -1.578261
    58 2.856895 -1.536198 -0.973800 -1.501147 -0.272558 -1.578261
    59 0.000000 0.000000 10.000000 0.000000 0.000000 0.000000
    60 0.018898 0.665159 9.395884 0.000000 0.000000 0.000000
    61 2.000008 -3.000000 0.000000 -1.570796 0.000000 -1.326450
    62 3.028210 -0.923409 -2.009452 1.574082 -0.012974 1.587244
    63 0.116955 4.311607 0.061861 0.000010 0.000000 0.000000
    64 0.000000 0.000000 0.000001 0.000000 0.000000 0.000000
    65 0.000000 1.000000 0.000008 0.000000 0.000000 0.000000
    66 0.000000 0.000000 0.000002 0.000000 0.000000 0.000000
    67 0.000000 0.000000 0.000002 0.000000 0.000000 0.000000
    68 0.000000 0.000000 0.000002 0.000000 0.000000 0.000000
time 142
    0 -0.227905 -8.921875 46.812500 1.525479 0.051735 -0.017201
    1 3.625659 0.000000 0.000000 -2.120231 0.000035 -1.259758
    2 18.345819 0.000000 0.000000 0.000000 0.000000 0.159180
    3 16.751528 0.000000 0.000000 0.063607 0.360218 -0.522705
    4 5.943489 0.000000 0.000000 0.020383 -0.027689 -0.458686
    5 -3.625659 0.000000 0.000000 -1.262080 -0.048296 -1.811289
    6 18.345812 0.000000 0.000000 0.000000 0.000000 0.228744
    7 16.751524 0.000000 0.000000 0.103725 -0.212938 -0.729935
    8 5.943490 0.000000 0.000000 -0.112020 0.023884 -0.404319
    9 0.000000 4.043964 -0.017929 1.539975 -0.120607 1.596317
    10 3.995838 0.000000 0.000000 -0.031689 0.016973 -0.152634
    11 3.698242 -0.000001 0.000000 -0.032389 0.014892 -0.013451
    12 5.700890 0.000000 0.000000 -0.020987 0.029981 0.489632
    13 5.352852 -0.000001 0.000000 3.083110 0.189856 0.208424
    14 4.461819 0.000000 0.000000 -0.134604 -0.150278 0.664246
    15 4.065388 1.458945 1.500000 -1.610912 -0.956714 -0.121395
    16 5.507357 0.000004 -0.000001 -1.949136 -0.537388 -0.192654
    17 10.907398 0.000000 0.000000 0.000000 0.000000 -1.337028
    18 10.424324 -0.000008 -0.000027 1.232728 0.074795 0.063901
    19 2.997274 0.005409 -1.477472 0.297493 0.497556 -0.080474
    20 1.510382 0.000000 0.000000 0.011341 0.016615 -0.257537
    21 0.808655 0.000002 0.000000 -0.054433 -0.175361 0.039377
    22 3.305792 0.203112 -0.546730 0.228981 0.234014 0.043917
    23 1.807182 0.000002 0.000000 -0.051906 -0.088339 -0.190157
    24 0.966137 0.000001 0.000000 0.002387 0.009734 0.099588
    25 3.571512 0.109303 0.409580 0.187237 0.067893 0.178800
    26 2.150654 -0.000002 0.000000 -0.042028 -0.053936 -0.320272
    27 1.152748 0.000000 0.000000 0.001856 0.011945 0.064941
    28 3.684092 -0.158705 1.419183 0.117459 -0.234196 0.132137
    29 1.701014 -0.000002 0.000000 0.051316 0.064006 -0.334034
    30 0.994705 0.000002 0.000000 0.001258 0.038493 0.020488
    31 1.068069 -1.287201 0.981905 1.455344 -0.844004 0.072049
    32 1.836304 -0.000002 -0.000004 -0.000056 -0.188092 0.157023
    33 1.223948 -0.000001 0.000000 -0.000073 -0.040582 0.037650
    34 4.065392 1.458946 -1.500000 1.219078 0.945022 -0.367187
    35 5.507360 0.000008 -0.000001 2.653459 0.766976 0.245039
    36 10.907398 0.000000 0.000004 0.000000 0.000000 -2.288526
    37 10.424301 -0.000005 0.000019 -0.917688 -0.258218 0.132267
    38 2.997293 0.000065 1.477481 -0.296388 -0.505836 0.084787
    39 1.510378 -0.000004 0.000000 -0.011341 -0.016615 -0.257537
    40 0.808655 0.000000 0.000000 0.054433 0.175361 0.039377
    41 3.305817 0.201134 0.547461 -0.222549 -0.222705 0.044651
    42 1.807175 0.000000 0.000000 0.051906 0.088339 -0.190157
    43 0.966141 -0.000001 0.000000 -0.002387 -0.009734 0.099588
    44 3.571524 0.110786 -0.409182 -0.183620 -0.067925 0.084169
    45 2.150656 0.000000 0.000000 0.042028 0.053936 -0.320272
    46 1.152752 0.000000 0.000000 -0.001808 -0.011970 0.185709
    47 3.684113 -0.153563 -1.419748 -0.130025 0.167228 0.135320
    48 1.701017 0.000002 0.000000 -0.051316 -0.064006 -0.334034
    49 0.994705 0.000001 0.000000 -0.001284 -0.038506 0.309237
    50 1.068094 -1.283653 -0.986553 -1.411132 0.792526 0.151201
    51 1.836306 -0.000002 0.000000 0.000056 0.188092 0.157023
    52 1.223946 0.000000 0.000002 0.000034 0.040606 0.078248
    53 3.572266 -25.875000 -11.781250 1.692687 0.214682 2.144782
    54 0.000000 0.000000 0.000000 -0.077030 -0.068757 -1.299215
    55 0.000004 -0.000007 -0.000031 1.373047 0.113574 0.124314
    56 0.000000 -0.000007 -0.000031 1.373047 0.113574 0.124314
    57 2.856897 -1.536201 -0.973800 -1.501147 -0.272558 -1.578261
    58 2.856895 -1.536198 -0.973800 -1.501147 -0.272558 -1.578261
    59 0.000000 0.000000 10.000000 0.000000 0.000000 0.000000
    60 0.018898 0.665159 9.395884 0.000000 0.000000 0.000000
    61 2.000008 -3.000000 0.000000 -1.570796 0.000000 -1.326450
    62 3.028210 -0.923409 -2.009452 1.574082 -0.012974 1.587244
    63 0.116955 4.311607 0.061861 0.000010 0.000000 0.000000
    64 0.000000 0.000000 0.000001 0.000000 0.000000 0.000000
    65 0.000000 1.000000 0.000008 0.000000 0.000000 0.000000
    66 0.000000 0.000000 0.000002 0.000000 0.000000 0.000000
    67 0.000000 0.000000 0.000002 0.000000 0.000000 0.000000
    68 0.000000 0.000000 0.000002 0.000000 0.000000 0.000000
time 143
    0 -0.187500 -8.921875 46.812500 1.525886 0.048200 -0.020204
    1 3.625659 0.000000 0.000000 -2.111994 0.000935 -1.257234
    2 18.345819 0.000000 0.000000 0.000000 0.000000 0.159527
    3 16.751528 0.000000 0.000000 0.054491 0.354041 -0.529078
    4 5.943489 0.000000 0.000000 0.020456 -0.027734 -0.462501
    5 -3.625659 0.000000 0.000000 -1.255081 -0.048458 -1.811797
    6 18.345812 0.000000 0.000000 0.000000 0.000000 0.227962
    7 16.751524 0.000000 0.000000 0.099672 -0.217700 -0.733946
    8 5.943490 0.000000 0.000000 -0.112066 0.023886 -0.402467
    9 0.000000 4.043964 -0.017929 1.540371 -0.121159 1.597471
    10 3.995838 0.000000 0.000000 -0.031369 0.017348 -0.152377
    11 3.698242 -0.000001 0.000000 -0.031950 0.013771 -0.013516
    12 5.700890 0.000000 0.000000 -0.021387 0.028031 0.489373
    13 5.352852 -0.000001 0.000000 3.082701 0.189540 0.208131
    14 4.461819 0.000000 0.000000 -0.134843 -0.149815 0.664592
    15 4.065388 1.458945 1.500000 -1.604222 -0.961142 -0.128518
    16 5.507357 0.000004 -0.000001 -1.961030 -0.550221 -0.182872
    17 10.907398 0.000000 0.000000 0.000000 0.000000 -1.351922
    18 10.424324 -0.000008 -0.000027 1.238484 0.094391 0.072606
    19 2.997274 0.005409 -1.477472 0.297493 0.497556 -0.080474
    20 1.510382 0.000000 0.000000 0.011341 0.016615 -0.257537
    21 0.808655 0.000002 0.000000 -0.054433 -0.175361 0.039377
    22 3.305792 0.203112 -0.546730 0.228981 0.234014 0.043917
    23 1.807182 0.000002 0.000000 -0.051906 -0.088339 -0.190157
    24 0.966137 0.000001 0.000000 0.002387 0.009734 0.099588
    25 3.571512 0.109303 0.409580 0.187237 0.067893 0.178800
    26 2.150654 -0.000002 0.000000 -0.042028 -0.053936 -0.320272
    27 1.152748 0.000000 0.000000 0.001856 0.011945 0.064941
    28 3.684092 -0.158705 1.419183 0.117459 -0.234196 0.132137
    29 1.701014 -0.000002 0.000000 0.051316 0.064006 -0.334034
    30 0.994705 0.000002 0.000000 0.001258 0.038493 0.020488
    31 1.068069 -1.287201 0.981905 1.455344 -0.844004 0.072049
    32 1.836304 -0.000002 -0.000004 -0.000056 -0.188092 0.157023
    33 1.223948 -0.000001 0.000000 -0.000073 -0.040582 0.037650
    34 4.065392 1.458946 -1.500000 1.214754 0.942721 -0.372361
    35 5.507360 0.000008 -0.000001 2.659900 0.769654 0.251541
    36 10.907398 0.000000 0.000004 0.000000 0.000000 -2.287388
    37 10.424301 -0.000005 0.000019 -0.916984 -0.259475 0.132297
    38 2.997293 0.000065 1.477481 -0.296388 -0.505836 0.084787
    39 1.510378 -0.000004 0.000000 -0.011341 -0.016615 -0.257537
    40 0.808655 0.000000 0.000000 0.054433 0.175361 0.039377
    41 3.305817 0.201134 0.547461 -0.222549 -0.222705 0.044651
    42 1.807175 0.000000 0.000000 0.051906 0.088339 -0.190157
    43 0.966141 -0.000001 0.000000 -0.002387 -0.009734 0.099588
    44 3.571524 0.110786 -0.409182 -0.183620 -0.067925 0.084169
    45 2.150656 0.000000 0.000000 0.042028 0.053936 -0.320272
    46 1.152752 0.000000 0.000000 -0.001808 -0.011970 0.185709
    47 3.684113 -0.153563 -1.419748 -0.130025 0.167228 0.135320
    48 1.701017 0.000002 0.000000 -0.051316 -0.064006 -0.334034
    49 0.994705 0.000001 0.000000 -0.001284 -0.038506 0.309237
    50 1.068094 -1.283653 -0.986553 -1.411132 0.792526 0.151201
    51 1.836306 -0.000002 0.000000 0.000056 0.188092 0.157023
    52 1.223946 0.000000 0.000002 0.000034 0.040606 0.078248
    53 4.464844 -21.187500 -15.984375 1.699296 0.210625 2.172552
    54 0.000000 0.000000 0.000000 -0.077030 -0.068757 -1.299215
    55 0.000004 -0.000007 -0.000031 1.373047 0.113574 0.124314
    56 0.000000 -0.000007 -0.000031 1.373047 0.113574 0.124314
    57 2.856897 -1.536201 -0.973800 -1.501147 -0.272558 -1.578261
    58 2.856895 -1.536198 -0.973800 -1.501147 -0.272558 -1.578261
    59 0.000000 0.000000 10.000000 0.000000 0.000000 0.000000
    60 0.018898 0.665159 9.395884 0.000000 0.000000 0.000000
    61 2.000008 -3.000000 0.000000 -1.570796 0.000000 -1.326450
    62 3.028210 -0.923409 -2.009452 1.574082 -0.012974 1.587244
    63 0.116955 4.311607 0.061861 0.000010 0.000000 0.000000
    64 0.000000 0.000000 0.000001 0.000000 0.000000 0.000000
    65 0.000000 1.000000 0.000008 0.000000 0.000000 0.000000
    66 0.000000 0.000000 0.000002 0.000000 0.000000 0.000000
    67 0.000000 0.000000 0.000002 0.000000 0.000000 0.000000
    68 0.000000 0.000000 0.000002 0.000000 0.000000 0.000000
time 144
    0 -0.142944 -8.921875 46.812500 1.525880 0.044198 -0.023880
    1 3.625659 0.000000 0.000000 -2.102672 0.002268 -1.254795
    2 18.345819 0.000000 0.000000 0.000000 0.000000 0.159960
    3 16.751528 0.000000 0.000000 0.042453 0.348771 -0.534832
    4 5.943489 0.000000 0.000000 0.020445 -0.027742 -0.461703
    5 -3.625659 0.000000 0.000000 -1.245914 -0.049095 -1.812130
    6 18.345812 0.000000 0.000000 0.000000 0.000000 0.227006
    7 16.751524 0.000000 0.000000 0.098809 -0.219510 -0.735489
    8 5.943490 0.000000 0.000000 -0.112058 0.023808 -0.399022
    9 0.000000 4.043964 -0.017929 1.540858 -0.121556 1.598371
    10 3.995838 0.000000 0.000000 -0.030777 0.017570 -0.152115
    11 3.698242 -0.000001 0.000000 -0.031164 0.012483 -0.013404
    12 5.700890 0.000000 0.000000 -0.021700 0.025707 0.489387
    13 5.352852 -0.000001 0.000000 3.082836 0.188877 0.209378
    14 4.461819 0.000000 0.000000 -0.134648 -0.149172 0.663964
    15 4.065388 1.458945 1.500000 -1.594376 -0.963182 -0.137145
    16 5.507357 0.000004 -0.000001 -1.968845 -0.557594 -0.178644
    17 10.907398 0.000000 0.000000 0.000000 0.000000 -1.367352
    18 10.424324 -0.000008 -0.000027 1.242315 0.111417 0.082008
    19 2.997274 0.005409 -1.477472 0.297493 0.497556 -0.080474
    20 1.510382 0.000000 0.000000 0.011341 0.016615 -0.257537
    21 0.808655 0.000002 0.000000 -0.054433 -0.175361 0.039377
    22 3.305792 0.203112 -0.546730 0.228981 0.234014 0.043917
    23 1.807182 0.000002 0.000000 -0.051906 -0.088339 -0.190157
    24 0.966137 0.000001 0.000000 0.002387 0.009734 0.099588
    25 3.571512 0.109303 0.409580 0.187237 0.067893 0.178800
    26 2.150654 -0.000002 0.000000 -0.042028 -0.053936 -0.320272
    27 1.152748 0.000000 0.000000 0.001856 0.011945 0.064941
    28 3.684092 -0.158705 1.419183 0.117459 -0.234196 0.132137
    29 1.701014 -0.000002 0.000000 0.051316 0.064006 -0.334034
    30 0.994705 0.000002 0.000000 0.001258 0.038493 0.020488
    31 1.068069 -1.287201 0.981905 1.455344 -0.844004 0.072049
    32 1.836304 -0.000002 -0.000004 -0.000056 -0.188092 0.157023
    33 1.223948 -0.000001 0.000000 -0.000073 -0.040582 0.037650
    34 4.065392 1.458946 -1.500000 1.214116 0.941218 -0.374869
    35 5.507360 0.000008 -0.000001 2.662235 0.771628 0.254194
    36 10.907398 0.000000 0.000004 0.000000 0.000000 -2.286914
    37 10.424301 -0.000005 0.000019 -0.916416 -0.261344 0.132073
    38 2.997293 0.000065 1.477481 -0.296388 -0.505836 0.084787
    39 1.510378 -0.000004 0.000000 -0.011341 -0.016615 -0.257537
    40 0.808655 0.000000 0.000000 0.054433 0.175361 0.039377
    41 3.305817 0.201134 0.547461 -0.222549 -0.222705 0.044651
    42 1.807175 0.000000 0.000000 0.051906 0.088339 -0.190157
    43 0.966141 -0.000001 0.000000 -0.002387 -0.009734 0.099588
    44 3.571524 0.110786 -0.409182 -0.183620 -0.067925 0.084169
    45 2.150656 0.000000 0.000000 0.042028 0.053936 -0.320272
    46 1.152752 0.000000 0.000000 -0.001808 -0.011970 0.185709
    47 3.684113 -0.153563 -1.419748 -0.130025 0.167228 0.135320
    48 1.701017 0.000002 0.000000 -0.051316 -0.064006 -0.334034
    49 0.994705 0.000001 0.000000 -0.001284 -0.038506 0.309237
    50 1.068094 -1.283653 -0.986553 -1.411132 0.792526 0.151201
    51 1.836306 -0.000002 0.000000 0.000056 0.188092 0.157023
    52 1.223946 0.000000 0.000002 0.000034 0.040606 0.078248
    53 1.932617 -15.500000 -18.937500 1.702317 0.208448 2.192504
    54 0.000000 0.000000 0.000000 -0.077030 -0.068757 -1.299215
    55 0.000004 -0.000007 -0.000031 1.373047 0.113574 0.124314
    56 0.000000 -0.000007 -0.000031 1.373047 0.113574 0.124314
    57 2.856897 -1.536201 -0.973800 -1.501147 -0.272558 -1.578261
    58 2.856895 -1.536198 -0.973800 -1.501147 -0.272558 -1.578261
    59 0.000000 0.000000 10.000000 0.000000 0.000000 0.000000
    60 0.018898 0.665159 9.395884 0.000000 0.000000 0.000000
    61 2.000008 -3.000000 0.000000 -1.570796 0.000000 -1.326450
    62 3.028210 -0.923409 -2.009452 1.574082 -0.012974 1.587244
    63 0.116955 4.311607 0.061861 0.000010 0.000000 0.000000
    64 0.000000 0.000000 0.000001 0.000000 0.000000 0.000000
    65 0.000000 1.000000 0.000008 0.000000 0.000000 0.000000
    66 0.000000 0.000000 0.000002 0.000000 0.000000 0.000000
    67 0.000000 0.000000 0.000002 0.000000 0.000000 0.000000
    68 0.000000 0.000000 0.000002 0.000000 0.000000 0.000000
time 145
    0 -0.098022 -8.937500 46.812500 1.526496 0.040784 -0.027885
    1 3.625659 0.000000 0.000000 -2.093423 0.002951 -1.251600
    2 18.345819 0.000000 0.000000 0.000000 0.000000 0.159267
    3 16.751528 0.000000 0.000000 0.035641 0.345748 -0.536906
    4 5.943489 0.000000 0.000000 0.020445 -0.027742 -0.461703
    5 -3.625659 0.000000 0.000000 -1.234175 -0.050790 -1.811291
    6 18.345812 0.000000 0.000000 0.000000 0.000000 0.224834
    7 16.751524 0.000000 0.000000 0.098743 -0.219931 -0.732265
    8 5.943490 0.000000 0.000000 -0.112091 0.023869 -0.396116
    9 0.000000 4.043964 -0.017929 1.541626 -0.120575 1.599232
    10 3.995838 0.000000 0.000000 -0.030112 0.017874 -0.152546
    11 3.698242 -0.000001 0.000000 -0.030289 0.011199 -0.013034
    12 5.700890 0.000000 0.000000 -0.021942 0.023286 0.490116
    13 5.352852 -0.000001 0.000000 3.081581 0.186369 0.210884
    14 4.461819 0.000000 0.000000 -0.134255 -0.147613 0.662681
    15 4.065388 1.458945 1.500000 -1.586342 -0.965007 -0.143397
    16 5.507357 0.000004 -0.000001 -1.969432 -0.560700 -0.175973
    17 10.907398 0.000000 0.000000 0.000000 0.000000 -1.374377
    18 10.424324 -0.000008 -0.000027 1.245509 0.128899 0.093366
    19 2.997274 0.005409 -1.477472 0.297493 0.497556 -0.080474
    20 1.510382 0.000000 0.000000 0.011341 0.016615 -0.257537
    21 0.808655 0.000002 0.000000 -0.054433 -0.175361 0.039377
    22 3.305792 0.203112 -0.546730 0.228981 0.234014 0.043917
    23 1.807182 0.000002 0.000000 -0.051906 -0.088339 -0.190157
    24 0.966137 0.000001 0.000000 0.002387 0.009734 0.099588
    25 3.571512 0.109303 0.409580 0.187237 0.067893 0.178800
    26 2.150654 -0.000002 0.000000 -0.042028 -0.053936 -0.320272
    27 1.152748 0.000000 0.000000 0.001856 0.011945 0.064941
    28 3.684092 -0.158705 1.419183 0.117459 -0.234196 0.132137
    29 1.701014 -0.000002 0.000000 0.051316 0.064006 -0.334034
    30 0.994705 0.000002 0.000000 0.001258 0.038493 0.020488
    31 1.068069 -1.287201 0.981905 1.455344 -0.844004 0.072049
    32 1.836304 -0.000002 -0.000004 -0.000056 -0.188092 0.157023
    33 1.223948 -0.000001 0.000000 -0.000073 -0.040582 0.037650
    34 4.065392 1.458946 -1.500000 1.212325 0.939655 -0.376721
    35 5.507360 0.000008 -0.000001 2.664917 0.773743 0.256959
    36 10.907398 0.000000 0.000004 0.000000 0.000000 -2.286534
    37 10.424301 -0.000005 0.000019 -0.915281 -0.263672 0.133922
    38 2.997293 0.000065 1.477481 -0.296388 -0.505836 0.084787
    39 1.510378 -0.000004 0.000000 -0.011341 -0.016615 -0.257537
    40 0.808655 0.000000 0.000000 0.054433 0.175361 0.039377
    41 3.305817 0.201134 0.547461 -0.222549 -0.222705 0.044651
    42 1.807175 0.000000 0.000000 0.051906 0.088339 -0.190157
    43 0.966141 -0.000001 0.000000 -0.002387 -0.009734 0.099588
    44 3.571524 0.110786 -0.409182 -0.183620 -0.067925 0.084169
    45 2.150656 0.000000 0.000000 0.042028 0.053936 -0.320272
    46 1.152752 0.000000 0.000000 -0.001808 -0.011970 0.185709
    47 3.684113 -0.153563 -1.419748 -0.130025 0.167228 0.135320
    48 1.701017 0.000002 0.000000 -0.051316 -0.064006 -0.334034
    49 0.994705 0.000001 0.000000 -0.001284 -0.038506 0.309237
    50 1.068094 -1.283653 -0.986553 -1.411132 0.792526 0.151201
    51 1.836306 -0.000002 0.000000 0.000056 0.188092 0.157023
    52 1.223946 0.000000 0.000002 0.000034 0.040606 0.078248
    53 -3.404297 -12.664063 -18.546875 1.700537 0.210650 2.199266
    54 0.000000 0.000000 0.000000 -0.077030 -0.068757 -1.299215
    55 0.000004 -0.000007 -0.000031 1.373047 0.113574 0.124314
    56 0.000000 -0.000007 -0.000031 1.373047 0.113574 0.124314
    57 2.856897 -1.536201 -0.973800 -1.501147 -0.272558 -1.578261
    58 2.856895 -1.536198 -0.973800 -1.501147 -0.272558 -1.578261
    59 0.000000 0.000000 10.000000 0.000000 0.000000 0.000000
    60 0.018898 0.665159 9.395884 0.000000 0.000000 0.000000
    61 2.000008 -3.000000 0.000000 -1.570796 0.000000 -1.326450
    62 3.028210 -0.923409 -2.009452 1.574082 -0.012974 1.587244
    63 0.116955 4.311607 0.061861 0.000010 0.000000 0.000000
    64 0.000000 0.000000 0.000001 0.000000 0.000000 0.000000
    65 0.000000 1.000000 0.000008 0.000000 0.000000 0.000000
    66 0.000000 0.000000 0.000002 0.000000 0.000000 0.000000
    67 0.000000 0.000000 0.000002 0.000000 0.000000 0.000000
    68 0.000000 0.000000 0.000002 0.000000 0.000000 0.000000
time 146
    0 -0.052063 -8.953125 46.812500 1.527392 0.037956 -0.032050
    1 3.625659 0.000000 0.000000 -2.084143 0.003088 -1.247515
    2 18.345819 0.000000 0.000000 0.000000 0.000000 0.158228
    3 16.751528 0.000000 0.000000 0.034687 0.345378 -0.536693
    4 5.943489 0.000000 0.000000 0.020462 -0.027730 -0.462944
    5 -3.625659 0.000000 0.000000 -1.221585 -0.052707 -1.809562
    6 18.345812 0.000000 0.000000 0.000000 0.000000 0.221881
    7 16.751524 0.000000 0.000000 0.098460 -0.221470 -0.727631
    8 5.943490 0.000000 0.000000 -0.112061 0.023844 -0.395056
    9 0.000000 4.043964 -0.017929 1.542546 -0.119028 1.600026
    10 3.995838 0.000000 0.000000 -0.029279 0.018185 -0.153408
    11 3.698242 -0.000001 0.000000 -0.029329 0.010005 -0.012493
    12 5.700890 0.000000 0.000000 -0.021887 0.020975 0.491381
    13 5.352852 -0.000001 0.000000 3.078887 0.182171 0.211953
    14 4.461819 0.000000 0.000000 -0.134194 -0.145383 0.661554
    15 4.065388 1.458945 1.500000 -1.583413 -0.967954 -0.146269
    16 5.507357 0.000004 -0.000001 -1.968526 -0.560698 -0.174258
    17 10.907398 0.000000 0.000000 0.000000 0.000000 -1.377506
    18 10.424324 -0.000008 -0.000027 1.250762 0.147119 0.103016
    19 2.997274 0.005409 -1.477472 0.297493 0.497556 -0.080474
    20 1.510382 0.000000 0.000000 0.011341 0.016615 -0.257537
    21 0.808655 0.000002 0.000000 -0.054433 -0.175361 0.039377
    22 3.305792 0.203112 -0.546730 0.228981 0.234014 0.043917
    23 1.807182 0.000002 0.000000 -0.051906 -0.088339 -0.190157
    24 0.966137 0.000001 0.000000 0.002387 0.009734 0.099588
    25 3.571512 0.109303 0.409580 0.187237 0.067893 0.178800
    26 2.150654 -0.000002 0.000000 -0.042028 -0.053936 -0.320272
    27 1.152748 0.000000 0.000000 0.001856 0.011945 0.064941
    28 3.684092 -0.158705 1.419183 0.117459 -0.234196 0.132137
    29 1.701014 -0.000002 0.000000 0.051316 0.064006 -0.334034
    30 0.994705 0.000002 0.000000 0.001258 0.038493 0.020488
    31 1.068069 -1.287201 0.981905 1.455344 -0.844004 0.072049
    32 1.836304 -0.000002 -0.000004 -0.000056 -0.188092 0.157023
    33 1.223948 -0.000001 0.000000 -0.000073 -0.040582 0.037650
    34 4.065392 1.458946 -1.500000 1.209995 0.939057 -0.378426
    35 5.507360 0.000008 -0.000001 2.667889 0.775761 0.259960
    36 10.907398 0.000000 0.000004 0.000000 0.000000 -2.286060
    37 10.424301 -0.000005 0.000019 -0.915045 -0.264704 0.134010
    38 2.997293 0.000065 1.477481 -0.296388 -0.505836 0.084787
    39 1.510378 -0.000004 0.000000 -0.011341 -0.016615 -0.257537
    40 0.808655 0.000000 0.000000 0.054433 0.175361 0.039377
    41 3.305817 0.201134 0.547461 -0.222549 -0.222705 0.044651
    42 1.807175 0.000000 0.000000 0.051906 0.088339 -0.190157
    43 0.966141 -0.000001 0.000000 -0.002387 -0.009734 0.099588
    44 3.571524 0.110786 -0.409182 -0.183620 -0.067925 0.084169
    45 2.150656 0.000000 0.000000 0.042028 0.053936 -0.320272
    46 1.152752 0.000000 0.000000 -0.001808 -0.011970 0.185709
    47 3.684113 -0.153563 -1.419748 -0.130025 0.167228 0.135320
    48 1.701017 0.000002 0.000000 -0.051316 -0.064006 -0.334034
    49 0.994705 0.000001 0.000000 -0.001284 -0.038506 0.309237
    50 1.068094 -1.283653 -0.986553 -1.411132 0.792526 0.151201
    51 1.836306 -0.000002 0.000000 0.000056 0.188092 0.157023
    52 1.223946 0.000000 0.000002 0.000034 0.040606 0.078248
    53 -7.250000 -15.015625 -15.281250 1.699741 0.211272 2.201015
    54 0.000000 0.000000 0.000000 -0.077030 -0.068757 -1.299215
    55 0.000004 -0.000007 -0.000031 1.373047 0.113574 0.124314
    56 0.000000 -0.000007 -0.000031 1.373047 0.113574 0.124314
    57 2.856897 -1.536201 -0.973800 -1.501147 -0.272558 -1.578261
    58 2.856895 -1.536198 -0.973800 -1.501147 -0.272558 -1.578261
    59 0.000000 0.000000 10.000000 0.000000 0.000000 0.000000
    60 0.018898 0.665159 9.395884 0.000000 0.000000 0.000000
    61 2.000008 -3.000000 0.000000 -1.570796 0.000000 -1.326450
    62 3.028210 -0.923409 -2.009452 1.574082 -0.012974 1.587244
    63 0.116955 4.311607 0.061861 0.000010 0.000000 0.000000
    64 0.000000 0.000000 0.000001 0.000000 0.000000 0.000000
    65 0.000000 1.000000 0.000008 0.000000 0.000000 0.000000
    66 0.000000 0.000000 0.000002 0.000000 0.000000 0.000000
    67 0.000000 0.000000 0.000002 0.000000 0.000000 0.000000
    68 0.000000 0.000000 0.000002 0.000000 0.000000 0.000000
time 147
    0 -0.007408 -8.984375 46.843750 1.528313 0.035454 -0.036375
    1 3.625659 0.000000 0.000000 -2.078035 0.003120 -1.243032
    2 18.345819 0.000000 0.000000 0.000000 0.000000 0.156583
    3 16.751528 0.000000 0.000000 0.040590 0.347156 -0.533377
    4 5.943489 0.000000 0.000000 0.020410 -0.027726 -0.465250
    5 -3.625659 0.000000 0.000000 -1.207849 -0.054518 -1.807477
    6 18.345812 0.000000 0.000000 0.000000 0.000000 0.218320
    7 16.751524 0.000000 0.000000 0.095787 -0.227351 -0.721877
    8 5.943490 0.000000 0.000000 -0.112050 0.023842 -0.398406
    9 0.000000 4.043964 -0.017929 1.543404 -0.117010 1.599904
    10 3.995838 0.000000 0.000000 -0.028320 0.017986 -0.154348
    11 3.698242 -0.000001 0.000000 -0.028283 0.009160 -0.011612
    12 5.700890 0.000000 0.000000 -0.021598 0.019237 0.493268
    13 5.352852 -0.000001 0.000000 3.076464 0.178993 0.210940
    14 4.461819 0.000000 0.000000 -0.134200 -0.143711 0.661950
    15 4.065388 1.458945 1.500000 -1.583475 -0.969238 -0.148561
    16 5.507357 0.000004 -0.000001 -1.965034 -0.560984 -0.174895
    17 10.907398 0.000000 0.000000 0.000000 0.000000 -1.379408
    18 10.424324 -0.000008 -0.000027 1.254812 0.161882 0.112918
    19 2.997274 0.005409 -1.477472 0.297493 0.497556 -0.080474
    20 1.510382 0.000000 0.000000 0.011341 0.016615 -0.257537
    21 0.808655 0.000002 0.000000 -0.054433 -0.175361 0.039377
    22 3.305792 0.203112 -0.546730 0.228981 0.234014 0.043917
    23 1.807182 0.000002 0.000000 -0.051906 -0.088339 -0.190157
    24 0.966137 0.000001 0.000000 0.002387 0.009734 0.099588
    25 3.571512 0.109303 0.409580 0.187237 0.067893 0.178800
    26 2.150654 -0.000002 0.000000 -0.042028 -0.053936 -0.320272
    27 1.152748 0.000000 0.000000 0.001856 0.011945 0.064941
    28 3.684092 -0.158705 1.419183 0.117459 -0.234196 0.132137
    29 1.701014 -0.000002 0.000000 0.051316 0.064006 -0.334034
    30 0.994705 0.000002 0.000000 0.001258 0.038493 0.020488
    31 1.068069 -1.287201 0.981905 1.455344 -0.844004 0.072049
    32 1.836304 -0.000002 -0.000004 -0.000056 -0.188092 0.157023
    33 1.223948 -0.000001 0.000000 -0.000073 -0.040582 0.037650
    34 4.065392 1.458946 -1.500000 1.205446 0.941049 -0.382588
    35 5.507360 0.000008 -0.000001 2.671240 0.777622 0.264713
    36 10.907398 0.000000 0.000004 0.000000 0.000000 -2.285301
    37 10.424301 -0.000005 0.000019 -0.915989 -0.264605 0.131598
    38 2.997293 0.000065 1.477481 -0.296388 -0.505836 0.084787
    39 1.510378 -0.000004 0.000000 -0.011341 -0.016615 -0.257537
    40 0.808655 0.000000 0.000000 0.054433 0.175361 0.039377
    41 3.305817 0.201134 0.547461 -0.222549 -0.222705 0.044651
    42 1.807175 0.000000 0.000000 0.051906 0.088339 -0.190157
    43 0.966141 -0.000001 0.000000 -0.002387 -0.009734 0.099588
    44 3.571524 0.110786 -0.409182 -0.183620 -0.067925 0.084169
    45 2.150656 0.000000 0.000000 0.042028 0.053936 -0.320272
    46 1.152752 0.000000 0.000000 -0.001808 -0.011970 0.185709
    47 3.684113 -0.153563 -1.419748 -0.130025 0.167228 0.135320
    48 1.701017 0.000002 0.000000 -0.051316 -0.064006 -0.334034
    49 0.994705 0.000001 0.000000 -0.001284 -0.038506 0.309237
    50 1.068094 -1.283653 -0.986553 -1.411132 0.792526 0.151201
    51 1.836306 -0.000002 0.000000 0.000056 0.188092 0.157023
    52 1.223946 0.000000 0.000002 0.000034 0.040606 0.078248
    53 -8.570313 -19.609375 -11.570313 1.698378 0.211505 2.202440
    54 0.000000 0.000000 0.000000 -0.077030 -0.068757 -1.299215
    55 0.000004 -0.000007 -0.000031 1.373047 0.113574 0.124314
    56 0.000000 -0.000007 -0.000031 1.373047 0.113574 0.124314
    57 2.856897 -1.536201 -0.973800 -1.501147 -0.272558 -1.578261
    58 2.856895 -1.536198 -0.973800 -1.501147 -0.272558 -1.578261
    59 0.000000 0.000000 10.000000 0.000000 0.000000 0.000000
    60 0.018898 0.665159 9.395884 0.000000 0.000000 0.000000
    61 2.000008 -3.000000 0.000000 -1.570796 0.000000 -1.326450
    62 3.028210 -0.923409 -2.009452 1.574082 -0.012974 1.587244
    63 0.116955 4.311607 0.061861 0.000010 0.000000 0.000000
    64 0.000000 0.000000 0.000001 0.000000 0.000000 0.000000
    65 0.000000 1.000000 0.000008 0.000000 0.000000 0.000000
    66 0.000000 0.000000 0.000002 0.000000 0.000000 0.000000
    67 0.000000 0.000000 0.000002 0.000000 0.000000 0.000000
    68 0.000000 0.000000 0.000002 0.000000 0.000000 0.000000
time 148
    0 0.038849 -9.007813 46.843750 1.529427 0.033189 -0.041115
    1 3.625659 0.000000 0.000000 -2.073054 0.002322 -1.238571
    2 18.345819 0.000000 0.000000 0.000000 0.000000 0.155197
    3 16.751528 0.000000 0.000000 0.046179 0.349463 -0.530030
    4 5.943489 0.000000 0.000000 0.020448 -0.027698 -0.468001
    5 -3.625659 0.000000 0.000000 -1.194913 -0.057288 -1.805432
    6 18.345812 0.000000 0.000000 0.000000 0.000000 0.215194
    7 16.751524 0.000000 0.000000 0.088319 -0.234701 -0.716532
    8 5.943490 0.000000 0.000000 -0.112080 0.023867 -0.399467
    9 0.000000 4.043964 -0.017929 1.544571 -0.115026 1.598657
    10 3.995838 0.000000 0.000000 -0.027315 0.017186 -0.155279
    11 3.698242 -0.000001 0.000000 -0.027069 0.008659 -0.010909
    12 5.700890 0.000000 0.000000 -0.020724 0.018416 0.495061
    13 5.352852 -0.000001 0.000000 3.076252 0.178046 0.208589
    14 4.461819 0.000000 0.000000 -0.133981 -0.142777 0.664042
    15 4.065388 1.458945 1.500000 -1.585132 -0.967088 -0.150111
    16 5.507357 0.000004 -0.000001 -1.960672 -0.564235 -0.177219
    17 10.907398 0.000000 0.000000 0.000000 0.000000 -1.380639
    18 10.424324 -0.000008 -0.000027 1.260185 0.175811 0.116164
    19 2.997274 0.005409 -1.477472 0.297493 0.497556 -0.080474
    20 1.510382 0.000000 0.000000 0.011341 0.016615 -0.257537
    21 0.808655 0.000002 0.000000 -0.054433 -0.175361 0.039377
    22 3.305792 0.203112 -0.546730 0.228981 0.234014 0.043917
    23 1.807182 0.000002 0.000000 -0.051906 -0.088339 -0.190157
    24 0.966137 0.000001 0.000000 0.002387 0.009734 0.099588
    25 3.571512 0.109303 0.409580 0.187237 0.067893 0.178800
    26 2.150654 -0.000002 0.000000 -0.042028 -0.053936 -0.320272
    27 1.152748 0.000000 0.000000 0.001856 0.011945 0.064941
    28 3.684092 -0.158705 1.419183 0.117459 -0.234196 0.132137
    29 1.701014 -0.000002 0.000000 0.051316 0.064006 -0.334034
    30 0.994705 0.000002 0.000000 0.001258 0.038493 0.020488
    31 1.068069 -1.287201 0.981905 1.455344 -0.844004 0.072049
    32 1.836304 -0.000002 -0.000004 -0.000056 -0.188092 0.157023
    33 1.223948 -0.000001 0.000000 -0.000073 -0.040582 0.037650
    34 4.065392 1.458946 -1.500000 1.198529 0.944809 -0.388538
    35 5.507360 0.000008 -0.000001 2.674313 0.778809 0.270573
    36 10.907398 0.000000 0.000004 0.000000 0.000000 -2.284352
    37 10.424301 -0.000005 0.000019 -0.915492 -0.265820 0.132316
    38 2.997293 0.000065 1.477481 -0.296388 -0.505836 0.084787
    39 1.510378 -0.000004 0.000000 -0.011341 -0.016615 -0.257537
    40 0.808655 0.000000 0.000000 0.054433 0.175361 0.039377
    41 3.305817 0.201134 0.547461 -0.222549 -0.222705 0.044651
    42 1.807175 0.000000 0.000000 0.051906 0.088339 -0.190157
    43 0.966141 -0.000001 0.000000 -0.002387 -0.009734 0.099588
    44 3.571524 0.110786 -0.409182 -0.183620 -0.067925 0.084169
    45 2.150656 0.000000 0.000000 0.042028 0.053936 -0.320272
    46 1.152752 0.000000 0.000000 -0.001808 -0.011970 0.185709
    47 3.684113 -0.153563 -1.419748 -0.130025 0.167228 0.135320
    48 1.701017 0.000002 0.000000 -0.051316 -0.064006 -0.334034
    49 0.994705 0.000001 0.000000 -0.001284 -0.038506 0.309237
    50 1.068094 -1.283653 -0.986553 -1.411132 0.792526 0.151201
    51 1.836306 -0.000002 0.000000 0.000056 0.188092 0.157023
    52 1.223946 0.000000 0.000002 0.000034 0.040606 0.078248
    53 -4.496094 -25.093750 -9.492188 1.696640 0.212401 2.207161
    54 0.000000 0.000000 0.000000 -0.077030 -0.068757 -1.299215
    55 0.000004 -0.000007 -0.000031 1.373047 0.113574 0.124314
    56 0.000000 -0.000007 -0.000031 1.373047 0.113574 0.124314
    57 2.856897 -1.536201 -0.973800 -1.501147 -0.272558 -1.578261
    58 2.856895 -1.536198 -0.973800 -1.501147 -0.272558 -1.578261
    59 0.000000 0.000000 10.000000 0.000000 0.000000 0.000000
    60 0.018898 0.665159 9.395884 0.000000 0.000000 0.000000
    61 2.000008 -3.000000 0.000000 -1.570796 0.000000 -1.326450
    62 3.028210 -0.923409 -2.009452 1.574082 -0.012974 1.587244
    63 0.116955 4.311607 0.061861 0.000010 0.000000 0.000000
    64 0.000000 0.000000 0.000001 0.000000 0.000000 0.000000
    65 0.000000 1.000000 0.000008 0.000000 0.000000 0.000000
    66 0.000000 0.000000 0.000002 0.000000 0.000000 0.000000
    67 0.000000 0.000000 0.000002 0.000000 0.000000 0.000000
    68 0.000000 0.000000 0.000002 0.000000 0.000000 0.000000
time 149
    0 0.075867 -9.023438 46.843750 1.530384 0.031386 -0.044577
    1 3.625659 0.000000 0.000000 -2.069983 0.000603 -1.234477
    2 18.345819 0.000000 0.000000 0.000000 0.000000 0.153033
    3 16.751528 0.000000 0.000000 0.051447 0.352082 -0.528647
    4 5.943489 0.000000 0.000000 0.020426 -0.027673 -0.472439
    5 -3.625659 0.000000 0.000000 -1.184888 -0.060394 -1.802972
    6 18.345812 0.000000 0.000000 0.000000 0.000000 0.212937
    7 16.751524 0.000000 0.000000 0.083261 -0.239542 -0.713584
    8 5.943490 0.000000 0.000000 -0.112041 0.023887 -0.397615
    9 0.000000 4.043964 -0.017929 1.545163 -0.113916 1.597739
    10 3.995838 0.000000 0.000000 -0.026505 0.016721 -0.155957
    11 3.698242 -0.000001 0.000000 -0.026288 0.008498 -0.010299
    12 5.700890 0.000000 0.000000 -0.020172 0.017755 0.496049
    13 5.352852 -0.000001 0.000000 3.076442 0.177126 0.203744
    14 4.461819 0.000000 0.000000 -0.133545 -0.141185 0.668254
    15 4.065388 1.458945 1.500000 -1.586210 -0.967206 -0.152247
    16 5.507357 0.000004 -0.000001 -1.959626 -0.569472 -0.178175
    17 10.907398 0.000000 0.000000 0.000000 0.000000 -1.378177
    18 10.424324 -0.000008 -0.000027 1.265795 0.187379 0.115325
    19 2.997274 0.005409 -1.477472 0.297493 0.497556 -0.080474
    20 1.510382 0.000000 0.000000 0.011341 0.016615 -0.257537
    21 0.808655 0.000002 0.000000 -0.054433 -0.175361 0.039377
    22 3.305792 0.203112 -0.546730 0.228981 0.234014 0.043917
    23 1.807182 0.000002 0.000000 -0.051906 -0.088339 -0.190157
    24 0.966137 0.000001 0.000000 0.002387 0.009734 0.099588
    25 3.571512 0.109303 0.409580 0.187237 0.067893 0.178800
    26 2.150654 -0.000002 0.000000 -0.042028 -0.053936 -0.320272
    27 1.152748 0.000000 0.000000 0.001856 0.011945 0.064941
    28 3.684092 -0.158705 1.419183 0.117459 -0.234196 0.132137
    29 1.701014 -0.000002 0.000000 0.051316 0.064006 -0.334034
    30 0.994705 0.000002 0.000000 0.001258 0.038493 0.020488
    31 1.068069 -1.287201 0.981905 1.455344 -0.844004 0.072049
    32 1.836304 -0.000002 -0.000004 -0.000056 -0.188092 0.157023
    33 1.223948 -0.000001 0.000000 -0.000073 -0.040582 0.037650
    34 4.065392 1.458946 -1.500000 1.194170 0.947170 -0.393586
    35 5.507360 0.000008 -0.000001 2.676442 0.780253 0.274951
    36 10.907398 0.000000 0.000004 0.000000 0.000000 -2.283403
    37 10.424301 -0.000005 0.000019 -0.914889 -0.266925 0.133059
    38 2.997293 0.000065 1.477481 -0.296388 -0.505836 0.084787
    39 1.510378 -0.000004 0.000000 -0.011341 -0.016615 -0.257537
    40 0.808655 0.000000 0.000000 0.054433 0.175361 0.039377
    41 3.305817 0.201134 0.547461 -0.222549 -0.222705 0.044651
    42 1.807175 0.000000 0.000000 0.051906 0.088339 -0.190157
    43 0.966141 -0.000001 0.000000 -0.002387 -0.009734 0.099588
    44 3.571524 0.110786 -0.409182 -0.183620 -0.067925 0.084169
    45 2.150656 0.000000 0.000000 0.042028 0.053936 -0.320272
    46 1.152752 0.000000 0.000000 -0.001808 -0.011970 0.185709
    47 3.684113 -0.153563 -1.419748 -0.130025 0.167228 0.135320
    48 1.701017 0.000002 0.000000 -0.051316 -0.064006 -0.334034
    49 0.994705 0.000001 0.000000 -0.001284 -0.038506 0.309237
    50 1.068094 -1.283653 -0.986553 -1.411132 0.792526 0.151201
    51 1.836306 -0.000002 0.000000 0.000056 0.188092 0.157023
    52 1.223946 0.000000 0.000002 0.000034 0.040606 0.078248
    53 1.715820 -27.343750 -10.023438 1.696498 0.209892 2.209821
    54 0.000000 0.000000 0.000000 -0.077030 -0.068757 -1.299215
    55 0.000004 -0.000007 -0.000031 1.373047 0.113574 0.124314
    56 0.000000 -0.000007 -0.000031 1.373047 0.113574 0.124314
    57 2.856897 -1.536201 -0.973800 -1.501147 -0.272558 -1.578261
    58 2.856895 -1.536198 -0.973800 -1.501147 -0.272558 -1.578261
    59 0.000000 0.000000 10.000000 0.000000 0.000000 0.000000
    60 0.018898 0.665159 9.395884 0.000000 0.000000 0.000000
    61 2.000008 -3.000000 0.000000 -1.570796 0.000000 -1.326450
    62 3.028210 -0.923409 -2.009452 1.574082 -0.012974 1.587244
    63 0.116955 4.311607 0.061861 0.000010 0.000000 0.000000
    64 0.000000 0.000000 0.000001 0.000000 0.000000 0.000000
    65 0.000000 1.000000 0.000008 0.000000 0.000000 0.000000
    66 0.000000 0.000000 0.000002 0.000000 0.000000 0.000000
    67 0.000000 0.000000 0.000002 0.000000 0.000000 0.000000
    68 0.000000 0.000000 0.000002 0.000000 0.000000 0.000000
time 150
    0 0.095947 -9.023438 46.812500 1.531156 0.030624 -0.045252
    1 3.625659 0.000000 0.000000 -2.066484 -0.002868 -1.229651
    2 18.345819 0.000000 0.000000 0.000000 0.000000 0.150782
    3 16.751528 0.000000 0.000000 0.051286 0.354701 -0.530281
    4 5.943489 0.000000 0.000000 0.020437 -0.027665 -0.473239
    5 -3.625659 0.000000 0.000000 -1.178401 -0.063181 -1.800085
    6 18.345812 0.000000 0.000000 0.000000 0.000000 0.211027
    7 16.751524 0.000000 0.000000 0.083717 -0.242440 -0.712321
    8 5.943490 0.000000 0.000000 -0.112071 0.023799 -0.395847
    9 0.000000 4.043964 -0.017929 1.545217 -0.113785 1.596375
    10 3.995838 0.000000 0.000000 -0.026359 0.015952 -0.156032
    11 3.698242 -0.000001 0.000000 -0.026204 0.008931 -0.010218
    12 5.700890 0.000000 0.000000 -0.019603 0.018592 0.496225
    13 5.352852 -0.000001 0.000000 3.077971 0.177338 0.197942
    14 4.461819 0.000000 0.000000 -0.132965 -0.139577 0.674014
    15 4.065388 1.458945 1.500000 -1.588185 -0.966730 -0.153409
    16 5.507357 0.000004 -0.000001 -1.963598 -0.576742 -0.181121
    17 10.907398 0.000000 0.000000 0.000000 0.000000 -1.358904
    18 10.424324 -0.000008 -0.000027 1.268058 0.193898 0.116362
    19 2.997274 0.005409 -1.477472 0.297493 0.497556 -0.080474
    20 1.510382 0.000000 0.000000 0.011341 0.016615 -0.257537
    21 0.808655 0.000002 0.000000 -0.054433 -0.175361 0.039377
    22 3.305792 0.203112 -0.546730 0.228981 0.234014 0.043917
    23 1.807182 0.000002 0.000000 -0.051906 -0.088339 -0.190157
    24 0.966137 0.000001 0.000000 0.002387 0.009734 0.099588
    25 3.571512 0.109303 0.409580 0.187237 0.067893 0.178800
    26 2.150654 -0.000002 0.000000 -0.042028 -0.053936 -0.320272
    27 1.152748 0.000000 0.000000 0.001856 0.011945 0.064941
    28 3.684092 -0.158705 1.419183 0.117459 -0.234196 0.132137
    29 1.701014 -0.000002 0.000000 0.051316 0.064006 -0.334034
    30 0.994705 0.000002 0.000000 0.001258 0.038493 0.020488
    31 1.068069 -1.287201 0.981905 1.455344 -0.844004 0.072049
    32 1.836304 -0.000002 -0.000004 -0.000056 -0.188092 0.157023
    33 1.223948 -0.000001 0.000000 -0.000073 -0.040582 0.037650
    34 4.065392 1.458946 -1.500000 1.190188 0.948389 -0.398815
    35 5.507360 0.000008 -0.000001 2.677642 0.781416 0.277949
    36 10.907398 0.000000 0.000004 0.000000 0.000000 -2.282073
    37 10.424301 -0.000005 0.000019 -0.914620 -0.268257 0.132128
    38 2.997293 0.000065 1.477481 -0.296388 -0.505836 0.084787
    39 1.510378 -0.000004 0.000000 -0.011341 -0.016615 -0.257537
    40 0.808655 0.000000 0.000000 0.054433 0.175361 0.039377
    41 3.305817 0.201134 0.547461 -0.222549 -0.222705 0.044651
    42 1.807175 0.000000 0.000000 0.051906 0.088339 -0.190157
    43 0.966141 -0.000001 0.000000 -0.002387 -0.009734 0.099588
    44 3.571524 0.110786 -0.409182 -0.183620 -0.067925 0.084169
    45 2.150656 0.000000 0.000000 0.042028 0.053936 -0.320272
    46 1.152752 0.000000 0.000000 -0.001808 -0.011970 0.185709
    47 3.684113 -0.153563 -1.419748 -0.130025 0.167228 0.135320
    48 1.701017 0.000002 0.000000 -0.051316 -0.064006 -0.334034
    49 0.994705 0.000001 0.000000 -0.001284 -0.038506 0.309237
    50 1.068094 -1.283653 -0.986553 -1.411132 0.792526 0.151201
    51 1.836306 -0.000002 0.000000 0.000056 0.188092 0.157023
    52 1.223946 0.000000 0.000002 0.000034 0.040606 0.078248
    53 5.597656 -24.875000 -12.000000 1.698973 0.202080 2.198015
    54 0.000000 0.000000 0.000000 -0.077030 -0.068757 -1.299215
    55 0.000004 -0.000007 -0.000031 1.373047 0.113574 0.124314
    56 0.000000 -0.000007 -0.000031 1.373047 0.113574 0.124314
    57 2.856897 -1.536201 -0.973800 -1.501147 -0.272558 -1.578261
    58 2.856895 -1.536198 -0.973800 -1.501147 -0.272558 -1.578261
    59 0.000000 0.000000 10.000000 0.000000 0.000000 0.000000
    60 0.018898 0.665159 9.395884 0.000000 0.000000 0.000000
    61 2.000008 -3.000000 0.000000 -1.570796 0.000000 -1.326450
    62 3.028210 -0.923409 -2.009452 1.574082 -0.012974 1.587244
    63 0.116955 4.311607 0.061861 0.000010 0.000000 0.000000
    64 0.000000 0.000000 0.000001 0.000000 0.000000 0.000000
    65 0.000000 1.000000 0.000008 0.000000 0.000000 0.000000
    66 0.000000 0.000000 0.000002 0.000000 0.000000 0.000000
    67 0.000000 0.000000 0.000002 0.000000 0.000000 0.000000
    68 0.000000 0.000000 0.000002 0.000000 0.000000 0.000000
time 151
    0 0.112610 -9.015625 46.812500 1.531835 0.030564 -0.045339
    1 3.625659 0.000000 0.000000 -2.063364 -0.006630 -1.225234
    2 18.345819 0.000000 0.000000 0.000000 0.000000 0.147579
    3 16.751528 0.000000 0.000000 0.048779 0.357824 -0.531519
    4 5.943489 0.000000 0.000000 0.020442 -0.027661 -0.473594
    5 -3.625659 0.000000 0.000000 -1.175747 -0.065899 -1.797745
    6 18.345812 0.000000 0.000000 0.000000 0.000000 0.208509
    7 16.751524 0.000000 0.000000 0.081332 -0.245916 -0.711089
    8 5.943490 0.000000 0.000000 -0.112054 0.023878 -0.394440
    9 0.000000 4.043964 -0.017929 1.545355 -0.113654 1.595093
    10 3.995838 0.000000 0.000000 -0.026227 0.015355 -0.156109
    11 3.698242 -0.000001 0.000000 -0.026207 0.009534 -0.010312
    12 5.700890 0.000000 0.000000 -0.019013 0.019867 0.496220
    13 5.352852 -0.000001 0.000000 3.080195 0.177746 0.191936
    14 4.461819 0.000000 0.000000 -0.132118 -0.137744 0.680838
    15 4.065388 1.458945 1.500000 -1.593217 -0.966286 -0.151519
    16 5.507357 0.000004 -0.000001 -1.979868 -0.588849 -0.183242
    17 10.907398 0.000000 0.000000 0.000000 0.000000 -1.309020
    18 10.424324 -0.000008 -0.000027 1.264228 0.196029 0.125975
    19 2.997274 0.005409 -1.477472 0.297493 0.497556 -0.080474
    20 1.510382 0.000000 0.000000 0.011341 0.016615 -0.257537
    21 0.808655 0.000002 0.000000 -0.054433 -0.175361 0.039377
    22 3.305792 0.203112 -0.546730 0.228981 0.234014 0.043917
    23 1.807182 0.000002 0.000000 -0.051906 -0.088339 -0.190157
    24 0.966137 0.000001 0.000000 0.002387 0.009734 0.099588
    25 3.571512 0.109303 0.409580 0.187237 0.067893 0.178800
    26 2.150654 -0.000002 0.000000 -0.042028 -0.053936 -0.320272
    27 1.152748 0.000000 0.000000 0.001856 0.011945 0.064941
    28 3.684092 -0.158705 1.419183 0.117459 -0.234196 0.132137
    29 1.701014 -0.000002 0.000000 0.051316 0.064006 -0.334034
    30 0.994705 0.000002 0.000000 0.001258 0.038493 0.020488
    31 1.068069 -1.287201 0.981905 1.455344 -0.844004 0.072049
    32 1.836304 -0.000002 -0.000004 -0.000056 -0.188092 0.157023
    33 1.223948 -0.000001 0.000000 -0.000073 -0.040582 0.037650
    34 4.065392 1.458946 -1.500000 1.186244 0.948600 -0.403880
    35 5.507360 0.000008 -0.000001 2.678131 0.781919 0.279421
    36 10.907398 0.000000 0.000004 0.000000 0.000000 -2.281314
    37 10.424301 -0.000005 0.000019 -0.913439 -0.271164 0.133186
    38 2.997293 0.000065 1.477481 -0.296388 -0.505836 0.084787
    39 1.510378 -0.000004 0.000000 -0.011341 -0.016615 -0.257537
    40 0.808655 0.000000 0.000000 0.054433 0.175361 0.039377
    41 3.305817 0.201134 0.547461 -0.222549 -0.222705 0.044651
    42 1.807175 0.000000 0.000000 0.051906 0.088339 -0.190157
    43 0.966141 -0.000001 0.000000 -0.002387 -0.009734 0.099588
    44 3.571524 0.110786 -0.409182 -0.183620 -0.067925 0.084169
    45 2.150656 0.000000 0.000000 0.042028 0.053936 -0.320272
    46 1.152752 0.000000 0.000000 -0.001808 -0.011970 0.185709
    47 3.684113 -0.153563 -1.419748 -0.130025 0.167228 0.135320
    48 1.701017 0.000002 0.000000 -0.051316 -0.064006 -0.334034
    49 0.994705 0.000001 0.000000 -0.001284 -0.038506 0.309237
    50 1.068094 -1.283653 -0.986553 -1.411132 0.792526 0.151201
    51 1.836306 -0.000002 0.000000 0.000056 0.188092 0.157023
    52 1.223946 0.000000 0.000002 0.000034 0.040606 0.078248
    53 5.132813 -19.000000 -13.945313 1.708235 0.184127 2.162695
    54 0.000000 0.000000 0.000000 -0.077030 -0.068757 -1.299215
    55 0.000004 -0.000007 -0.000031 1.373047 0.113574 0.124314
    56 0.000000 -0.000007 -0.000031 1.373047 0.113574 0.124314
    57 2.856897 -1.536201 -0.973800 -1.501147 -0.272558 -1.578261
    58 2.856895 -1.536198 -0.973800 -1.501147 -0.272558 -1.578261
    59 0.000000 0.000000 10.000000 0.000000 0.000000 0.000000
    60 0.018898 0.665159 9.395884 0.000000 0.000000 0.000000
    61 2.000008 -3.000000 0.000000 -1.570796 0.000000 -1.326450
    62 3.028210 -0.923409 -2.009452 1.574082 -0.012974 1.587244
    63 0.116955 4.311607 0.061861 0.000010 0.000000 0.000000
    64 0.000000 0.000000 0.000001 0.000000 0.000000 0.000000
    65 0.000000 1.000000 0.000008 0.000000 0.000000 0.000000
    66 0.000000 0.000000 0.000002 0.000000 0.000000 0.000000
    67 0.000000 0.000000 0.000002 0.000000 0.000000 0.000000
    68 0.000000 0.000000 0.000002 0.000000 0.000000 0.000000
time 152
    0 0.125122 -9.007813 46.781250 1.532418 0.031299 -0.044583
    1 3.625659 0.000000 0.000000 -2.061253 -0.010341 -1.220874
    2 18.345819 0.000000 0.000000 0.000000 0.000000 0.142818
    3 16.751528 0.000000 0.000000 0.051289 0.364599 -0.530242
    4 5.943489 0.000000 0.000000 0.020416 -0.027680 -0.471729
    5 -3.625659 0.000000 0.000000 -1.175194 -0.068455 -1.795399
    6 18.345812 0.000000 0.000000 0.000000 0.000000 0.205645
    7 16.751524 0.000000 0.000000 0.078811 -0.247116 -0.710380
    8 5.943490 0.000000 0.000000 -0.112075 0.023830 -0.391970
    9 0.000000 4.043964 -0.017929 1.545249 -0.113562 1.595443
    10 3.995838 0.000000 0.000000 -0.026314 0.015346 -0.156283
    11 3.698242 -0.000001 0.000000 -0.026293 0.009273 -0.010482
    12 5.700890 0.000000 0.000000 -0.019268 0.019572 0.495953
    13 5.352852 -0.000001 0.000000 3.082416 0.177666 0.186467
    14 4.461819 0.000000 0.000000 -0.131040 -0.136092 0.687574
    15 4.065388 1.458945 1.500000 -1.600137 -0.966414 -0.147135
    16 5.507357 0.000004 -0.000001 -2.020698 -0.607189 -0.178914
    17 10.907398 0.000000 0.000000 0.000000 0.000000 -1.223985
    18 10.424324 -0.000008 -0.000027 1.241455 0.173768 0.142366
    19 2.997274 0.005409 -1.477472 0.297493 0.497556 -0.080474
    20 1.510382 0.000000 0.000000 0.011341 0.016615 -0.257537
    21 0.808655 0.000002 0.000000 -0.054433 -0.175361 0.039377
    22 3.305792 0.203112 -0.546730 0.228981 0.234014 0.043917
    23 1.807182 0.000002 0.000000 -0.051906 -0.088339 -0.190157
    24 0.966137 0.000001 0.000000 0.002387 0.009734 0.099588
    25 3.571512 0.109303 0.409580 0.187237 0.067893 0.178800
    26 2.150654 -0.000002 0.000000 -0.042028 -0.053936 -0.320272
    27 1.152748 0.000000 0.000000 0.001856 0.011945 0.064941
    28 3.684092 -0.158705 1.419183 0.117459 -0.234196 0.132137
    29 1.701014 -0.000002 0.000000 0.051316 0.064006 -0.334034
    30 0.994705 0.000002 0.000000 0.001258 0.038493 0.020488
    31 1.068069 -1.287201 0.981905 1.455344 -0.844004 0.072049
    32 1.836304 -0.000002 -0.000004 -0.000056 -0.188092 0.157023
    33 1.223948 -0.000001 0.000000 -0.000073 -0.040582 0.037650
    34 4.065392 1.458946 -1.500000 1.184478 0.948128 -0.406167
    35 5.507360 0.000008 -0.000001 2.678447 0.782039 0.278441
    36 10.907398 0.000000 0.000004 0.000000 0.000000 -2.280839
    37 10.424301 -0.000005 0.000019 -0.912368 -0.272294 0.135698
    38 2.997293 0.000065 1.477481 -0.296388 -0.505836 0.084787
    39 1.510378 -0.000004 0.000000 -0.011341 -0.016615 -0.257537
    40 0.808655 0.000000 0.000000 0.054433 0.175361 0.039377
    41 3.305817 0.201134 0.547461 -0.222549 -0.222705 0.044651
    42 1.807175 0.000000 0.000000 0.051906 0.088339 -0.190157
    43 0.966141 -0.000001 0.000000 -0.002387 -0.009734 0.099588
    44 3.571524 0.110786 -0.409182 -0.183620 -0.067925 0.084169
    45 2.150656 0.000000 0.000000 0.042028 0.053936 -0.320272
    46 1.152752 0.000000 0.000000 -0.001808 -0.011970 0.185709
    47 3.684113 -0.153563 -1.419748 -0.130025 0.167228 0.135320
    48 1.701017 0.000002 0.000000 -0.051316 -0.064006 -0.334034
    49 0.994705 0.000001 0.000000 -0.001284 -0.038506 0.309237
    50 1.068094 -1.283653 -0.986553 -1.411132 0.792526 0.151201
    51 1.836306 -0.000002 0.000000 0.000056 0.188092 0.157023
    52 1.223946 0.000000 0.000002 0.000034 0.040606 0.078248
    53 -0.428467 -12.562500 -13.257813 1.731777 0.149161 2.102484
    54 0.000000 0.000000 0.000000 -0.077030 -0.068757 -1.299215
    55 0.000004 -0.000007 -0.000031 1.373047 0.113574 0.124314
    56 0.000000 -0.000007 -0.000031 1.373047 0.113574 0.124314
    57 2.856897 -1.536201 -0.973800 -1.501147 -0.272558 -1.578261
    58 2.856895 -1.536198 -0.973800 -1.501147 -0.272558 -1.578261
    59 0.000000 0.000000 10.000000 0.000000 0.000000 0.000000
    60 0.018898 0.665159 9.395884 0.000000 0.000000 0.000000
    61 2.000008 -3.000000 0.000000 -1.570796 0.000000 -1.326450
    62 3.028210 -0.923409 -2.009452 1.574082 -0.012974 1.587244
    63 0.116955 4.311607 0.061861 0.000010 0.000000 0.000000
    64 0.000000 0.000000 0.000001 0.000000 0.000000 0.000000
    65 0.000000 1.000000 0.000008 0.000000 0.000000 0.000000
    66 0.000000 0.000000 0.000002 0.000000 0.000000 0.000000
    67 0.000000 0.000000 0.000002 0.000000 0.000000 0.000000
    68 0.000000 0.000000 0.000002 0.000000 0.000000 0.000000
time 153
    0 0.132568 -9.007813 46.750000 1.533165 0.032501 -0.042899
    1 3.625659 0.000000 0.000000 -2.060085 -0.014150 -1.217052
    2 18.345819 0.000000 0.000000 0.000000 0.000000 0.137193
    3 16.751528 0.000000 0.000000 0.065248 0.376126 -0.527345
    4 5.943489 0.000000 0.000000 0.020443 -0.027702 -0.467646
    5 -3.625659 0.000000 0.000000 -1.174867 -0.070965 -1.792828
    6 18.345812 0.000000 0.000000 0.000000 0.000000 0.203042
    7 16.751524 0.000000 0.000000 0.077714 -0.245845 -0.710583
    8 5.943490 0.000000 0.000000 -0.112039 0.023839 -0.390295
    9 0.000000 4.043964 -0.017929 1.545003 -0.112717 1.596345
    10 3.995838 0.000000 0.000000 -0.026696 0.015742 -0.156812
    11 3.698242 -0.000001 0.000000 -0.026549 0.008492 -0.010646
    12 5.700890 0.000000 0.000000 -0.020087 0.018445 0.496045
    13 5.352852 -0.000001 0.000000 3.084599 0.177204 0.181962
    14 4.461819 0.000000 0.000000 -0.129412 -0.134783 0.693105
    15 4.065388 1.458945 1.500000 -1.606057 -0.966555 -0.142170
    16 5.507357 0.000004 -0.000001 -2.104670 -0.636364 -0.159869
    17 10.907398 0.000000 0.000000 0.000000 0.000000 -1.097711
    18 10.424324 -0.000008 -0.000027 1.209332 0.117109 0.145784
    19 2.997274 0.005409 -1.477472 0.297493 0.497556 -0.080474
    20 1.510382 0.000000 0.000000 0.011341 0.016615 -0.257537
    21 0.808655 0.000002 0.000000 -0.054433 -0.175361 0.039377
    22 3.305792 0.203112 -0.546730 0.228981 0.234014 0.043917
    23 1.807182 0.000002 0.000000 -0.051906 -0.088339 -0.190157
    24 0.966137 0.000001 0.000000 0.002387 0.009734 0.099588
    25 3.571512 0.109303 0.409580 0.187237 0.067893 0.178800
    26 2.150654 -0.000002 0.000000 -0.042028 -0.053936 -0.320272
    27 1.152748 0.000000 0.000000 0.001856 0.011945 0.064941
    28 3.684092 -0.158705 1.419183 0.117459 -0.234196 0.132137
    29 1.701014 -0.000002 0.000000 0.051316 0.064006 -0.334034
    30 0.994705 0.000002 0.000000 0.001258 0.038493 0.020488
    31 1.068069 -1.287201 0.981905 1.455344 -0.844004 0.072049
    32 1.836304 -0.000002 -0.000004 -0.000056 -0.188092 0.157023
    33 1.223948 -0.000001 0.000000 -0.000073 -0.040582 0.037650
    34 4.065392 1.458946 -1.500000 1.184669 0.948402 -0.405794
    35 5.507360 0.000008 -0.000001 2.678293 0.781018 0.276112
    36 10.907398 0.000000 0.000004 0.000000 0.000000 -2.280554
    37 10.424301 -0.000005 0.000019 -0.911002 -0.274208 0.139225
    38 2.997293 0.000065 1.477481 -0.296388 -0.505836 0.084787
    39 1.510378 -0.000004 0.000000 -0.011341 -0.016615 -0.257537
    40 0.808655 0.000000 0.000000 0.054433 0.175361 0.039377
    41 3.305817 0.201134 0.547461 -0.222549 -0.222705 0.044651
    42 1.807175 0.000000 0.000000 0.051906 0.088339 -0.190157
    43 0.966141 -0.000001 0.000000 -0.002387 -0.009734 0.099588
    44 3.571524 0.110786 -0.409182 -0.183620 -0.067925 0.084169
    45 2.150656 0.000000 0.000000 0.042028 0.053936 -0.320272
    46 1.152752 0.000000 0.000000 -0.001808 -0.011970 0.185709
    47 3.684113 -0.153563 -1.419748 -0.130025 0.167228 0.135320
    48 1.701017 0.000002 0.000000 -0.051316 -0.064006 -0.334034
    49 0.994705 0.000001 0.000000 -0.001284 -0.038506 0.309237
    50 1.068094 -1.283653 -0.986553 -1.411132 0.792526 0.151201
    51 1.836306 -0.000002 0.000000 0.000056 0.188092 0.157023
    52 1.223946 0.000000 0.000002 0.000034 0.040606 0.078248
    53 -7.941406 -10.375000 -9.250000 1.777737 0.088511 2.016780
    54 0.000000 0.000000 0.000000 -0.077030 -0.068757 -1.299215
    55 0.000004 -0.000007 -0.000031 1.373047 0.113574 0.124314
    56 0.000000 -0.000007 -0.000031 1.373047 0.113574 0.124314
    57 2.856897 -1.536201 -0.973800 -1.501147 -0.272558 -1.578261
    58 2.856895 -1.536198 -0.973800 -1.501147 -0.272558 -1.578261
    59 0.000000 0.000000 10.000000 0.000000 0.000000 0.000000
    60 0.018898 0.665159 9.395884 0.000000 0.000000 0.000000
    61 2.000008 -3.000000 0.000000 -1.570796 0.000000 -1.326450
    62 3.028210 -0.923409 -2.009452 1.574082 -0.012974 1.587244
    63 0.116955 4.311607 0.061861 0.000010 0.000000 0.000000
    64 0.000000 0.000000 0.000001 0.000000 0.000000 0.000000
    65 0.000000 1.000000 0.000008 0.000000 0.000000 0.000000
    66 0.000000 0.000000 0.000002 0.000000 0.000000 0.000000
    67 0.000000 0.000000 0.000002 0.000000 0.000000 0.000000
    68 0.000000 0.000000 0.000002 0.000000 0.000000 0.000000
time 154
    0 0.127563 -9.000000 46.718750 1.533912 0.033920 -0.039856
    1 3.625659 0.000000 0.000000 -2.058646 -0.017246 -1.213909
    2 18.345819 0.000000 0.000000 0.000000 0.000000 0.130618
    3 16.751528 0.000000 0.000000 0.076860 0.386440 -0.521454
    4 5.943489 0.000000 0.000000 0.020459 -0.027690 -0.468800
    5 -3.625659 0.000000 0.000000 -1.174543 -0.072798 -1.790455
    6 18.345812 0.000000 0.000000 0.000000 0.000000 0.199832
    7 16.751524 0.000000 0.000000 0.076632 -0.245127 -0.710745
    8 5.943490 0.000000 0.000000 -0.112038 0.023844 -0.390207
    9 0.000000 4.043964 -0.017929 1.544416 -0.111303 1.596685
    10 3.995838 0.000000 0.000000 -0.027206 0.015518 -0.157679
    11 3.698242 -0.000001 0.000000 -0.026975 0.007542 -0.010548
    12 5.700890 0.000000 0.000000 -0.021049 0.017448 0.496492
    13 5.352852 -0.000001 0.000000 3.087484 0.177450 0.176808
    14 4.461819 0.000000 0.000000 -0.127353 -0.134497 0.697957
    15 4.065388 1.458945 1.500000 -1.609277 -0.963871 -0.138915
    16 5.507357 0.000004 -0.000001 -2.231754 -0.676901 -0.124718
    17 10.907398 0.000000 0.000000 0.000000 0.000000 -0.945768
    18 10.424324 -0.000008 -0.000027 1.173825 0.041067 0.145277
    19 2.997274 0.005409 -1.477472 0.297493 0.497556 -0.080474
    20 1.510382 0.000000 0.000000 0.011341 0.016615 -0.257537
    21 0.808655 0.000002 0.000000 -0.054433 -0.175361 0.039377
    22 3.305792 0.203112 -0.546730 0.228981 0.234014 0.043917
    23 1.807182 0.000002 0.000000 -0.051906 -0.088339 -0.190157
    24 0.966137 0.000001 0.000000 0.002387 0.009734 0.099588
    25 3.571512 0.109303 0.409580 0.187237 0.067893 0.178800
    26 2.150654 -0.000002 0.000000 -0.042028 -0.053936 -0.320272
    27 1.152748 0.000000 0.000000 0.001856 0.011945 0.064941
    28 3.684092 -0.158705 1.419183 0.117459 -0.234196 0.132137
    29 1.701014 -0.000002 0.000000 0.051316 0.064006 -0.334034
    30 0.994705 0.000002 0.000000 0.001258 0.038493 0.020488
    31 1.068069 -1.287201 0.981905 1.455344 -0.844004 0.072049
    32 1.836304 -0.000002 -0.000004 -0.000056 -0.188092 0.157023
    33 1.223948 -0.000001 0.000000 -0.000073 -0.040582 0.037650
    34 4.065392 1.458946 -1.500000 1.184507 0.951366 -0.405078
    35 5.507360 0.000008 -0.000001 2.677652 0.778493 0.274460
    36 10.907398 0.000000 0.000004 0.000000 0.000000 -2.279984
    37 10.424301 -0.000005 0.000019 -0.909178 -0.276145 0.143939
    38 2.997293 0.000065 1.477481 -0.296388 -0.505836 0.084787
    39 1.510378 -0.000004 0.000000 -0.011341 -0.016615 -0.257537
    40 0.808655 0.000000 0.000000 0.054433 0.175361 0.039377
    41 3.305817 0.201134 0.547461 -0.222549 -0.222705 0.044651
    42 1.807175 0.000000 0.000000 0.051906 0.088339 -0.190157
    43 0.966141 -0.000001 0.000000 -0.002387 -0.009734 0.099588
    44 3.571524 0.110786 -0.409182 -0.183620 -0.067925 0.084169
    45 2.150656 0.000000 0.000000 0.042028 0.053936 -0.320272
    46 1.152752 0.000000 0.000000 -0.001808 -0.011970 0.185709
    47 3.684113 -0.153563 -1.419748 -0.130025 0.167228 0.135320
    48 1.701017 0.000002 0.000000 -0.051316 -0.064006 -0.334034
    49 0.994705 0.000001 0.000000 -0.001284 -0.038506 0.309237
    50 1.068094 -1.283653 -0.986553 -1.411132 0.792526 0.151201
    51 1.836306 -0.000002 0.000000 0.000056 0.188092 0.157023
    52 1.223946 0.000000 0.000002 0.000034 0.040606 0.078248
    53 -14.148438 -9.867188 -4.203125 1.839934 0.001401 1.918024
    54 0.000000 0.000000 0.000000 -0.077030 -0.068757 -1.299215
    55 0.000004 -0.000007 -0.000031 1.373047 0.113574 0.124314
    56 0.000000 -0.000007 -0.000031 1.373047 0.113574 0.124314
    57 2.856897 -1.536201 -0.973800 -1.501147 -0.272558 -1.578261
    58 2.856895 -1.536198 -0.973800 -1.501147 -0.272558 -1.578261
    59 0.000000 0.000000 10.000000 0.000000 0.000000 0.000000
    60 0.018898 0.665159 9.395884 0.000000 0.000000 0.000000
    61 2.000008 -3.000000 0.000000 -1.570796 0.000000 -1.326450
    62 3.028210 -0.923409 -2.009452 1.574082 -0.012974 1.587244
    63 0.116955 4.311607 0.061861 0.000010 0.000000 0.000000
    64 0.000000 0.000000 0.000001 0.000000 0.000000 0.000000
    65 0.000000 1.000000 0.000008 0.000000 0.000000 0.000000
    66 0.000000 0.000000 0.000002 0.000000 0.000000 0.000000
    67 0.000000 0.000000 0.000002 0.000000 0.000000 0.000000
    68 0.000000 0.000000 0.000002 0.000000 0.000000 0.000000
time 155
    0 0.104004 -9.000000 46.687500 1.534669 0.035384 -0.035279
    1 3.625659 0.000000 0.000000 -2.057536 -0.020139 -1.211492
    2 18.345819 0.000000 0.000000 0.000000 0.000000 0.124130
    3 16.751528 0.000000 0.000000 0.085060 0.393751 -0.516354
    4 5.943489 0.000000 0.000000 0.020406 -0.027687 -0.471019
    5 -3.625659 0.000000 0.000000 -1.174160 -0.073812 -1.788413
    6 18.345812 0.000000 0.000000 0.000000 0.000000 0.195928
    7 16.751524 0.000000 0.000000 0.076611 -0.246435 -0.710388
    8 5.943490 0.000000 0.000000 -0.112073 0.023840 -0.391794
    9 0.000000 4.043964 -0.017929 1.543638 -0.110078 1.595743
    10 3.995838 0.000000 0.000000 -0.027925 0.014671 -0.158452
    11 3.698242 -0.000001 0.000000 -0.027662 0.006849 -0.010455
    12 5.700890 0.000000 0.000000 -0.022051 0.016996 0.497024
    13 5.352852 -0.000001 0.000000 3.090147 0.177733 0.169113
    14 4.461819 0.000000 0.000000 -0.124891 -0.134649 0.702724
    15 4.065388 1.458945 1.500000 -1.613024 -0.958287 -0.136118
    16 5.507357 0.000004 -0.000001 -2.371591 -0.709334 -0.087116
    17 10.907398 0.000000 0.000000 0.000000 0.000000 -0.829141
    18 10.424324 -0.000008 -0.000027 1.127236 -0.053814 0.153283
    19 2.997274 0.005409 -1.477472 0.297493 0.497556 -0.080474
    20 1.510382 0.000000 0.000000 0.011341 0.016615 -0.257537
    21 0.808655 0.000002 0.000000 -0.054433 -0.175361 0.039377
    22 3.305792 0.203112 -0.546730 0.228981 0.234014 0.043917
    23 1.807182 0.000002 0.000000 -0.051906 -0.088339 -0.190157
    24 0.966137 0.000001 0.000000 0.002387 0.009734 0.099588
    25 3.571512 0.109303 0.409580 0.187237 0.067893 0.178800
    26 2.150654 -0.000002 0.000000 -0.042028 -0.053936 -0.320272
    27 1.152748 0.000000 0.000000 0.001856 0.011945 0.064941
    28 3.684092 -0.158705 1.419183 0.117459 -0.234196 0.132137
    29 1.701014 -0.000002 0.000000 0.051316 0.064006 -0.334034
    30 0.994705 0.000002 0.000000 0.001258 0.038493 0.020488
    31 1.068069 -1.287201 0.981905 1.455344 -0.844004 0.072049
    32 1.836304 -0.000002 -0.000004 -0.000056 -0.188092 0.157023
    33 1.223948 -0.000001 0.000000 -0.000073 -0.040582 0.037650
    34 4.065392 1.458946 -1.500000 1.182596 0.956834 -0.406130
    35 5.507360 0.000008 -0.000001 2.676358 0.775068 0.274787
    36 10.907398 0.000000 0.000004 0.000000 0.000000 -2.277988
    37 10.424301 -0.000005 0.000019 -0.907512 -0.277796 0.148048
    38 2.997293 0.000065 1.477481 -0.296388 -0.505836 0.084787
    39 1.510378 -0.000004 0.000000 -0.011341 -0.016615 -0.257537
    40 0.808655 0.000000 0.000000 0.054433 0.175361 0.039377
    41 3.305817 0.201134 0.547461 -0.222549 -0.222705 0.044651
    42 1.807175 0.000000 0.000000 0.051906 0.088339 -0.190157
    43 0.966141 -0.000001 0.000000 -0.002387 -0.009734 0.099588
    44 3.571524 0.110786 -0.409182 -0.183620 -0.067925 0.084169
    45 2.150656 0.000000 0.000000 0.042028 0.053936 -0.320272
    46 1.152752 0.000000 0.000000 -0.001808 -0.011970 0.185709
    47 3.684113 -0.153563 -1.419748 -0.130025 0.167228 0.135320
    48 1.701017 0.000002 0.000000 -0.051316 -0.064006 -0.334034
    49 0.994705 0.000001 0.000000 -0.001284 -0.038506 0.309237
    50 1.068094 -1.283653 -0.986553 -1.411132 0.792526 0.151201
    51 1.836306 -0.000002 0.000000 0.000056 0.188092 0.157023
    52 1.223946 0.000000 0.000002 0.000034 0.040606 0.078248
    53 -17.156250 -13.195313 0.253906 1.904278 -0.096280 1.843886
    54 0.000000 0.000000 0.000000 -0.077030 -0.068757 -1.299215
    55 0.000004 -0.000007 -0.000031 1.373047 0.113574 0.124314
    56 0.000000 -0.000007 -0.000031 1.373047 0.113574 0.124314
    57 2.856897 -1.536201 -0.973800 -1.501147 -0.272558 -1.578261
    58 2.856895 -1.536198 -0.973800 -1.501147 -0.272558 -1.578261
    59 0.000000 0.000000 10.000000 0.000000 0.000000 0.000000
    60 0.018898 0.665159 9.395884 0.000000 0.000000 0.000000
    61 2.000008 -3.000000 0.000000 -1.570796 0.000000 -1.326450
    62 3.028210 -0.923409 -2.009452 1.574082 -0.012974 1.587244
    63 0.116955 4.311607 0.061861 0.000010 0.000000 0.000000
    64 0.000000 0.000000 0.000001 0.000000 0.000000 0.000000
    65 0.000000 1.000000 0.000008 0.000000 0.000000 0.000000
    66 0.000000 0.000000 0.000002 0.000000 0.000000 0.000000
    67 0.000000 0.000000 0.000002 0.000000 0.000000 0.000000
    68 0.000000 0.000000 0.000002 0.000000 0.000000 0.000000
time 156
    0 0.056122 -8.992188 46.656250 1.535453 0.037151 -0.028732
    1 3.625659 0.000000 0.000000 -2.060068 -0.022614 -1.209234
    2 18.345819 0.000000 0.000000 0.000000 0.000000 0.119027
    3 16.751528 0.000000 0.000000 0.095243 0.397835 -0.514003
    4 5.943489 0.000000 0.000000 0.020458 -0.027691 -0.468711
    5 -3.625659 0.000000 0.000000 -1.173535 -0.074024 -1.785878
    6 18.345812 0.000000 0.000000 0.000000 0.000000 0.192198
    7 16.751524 0.000000 0.000000 0.073718 -0.248225 -0.708749
    8 5.943490 0.000000 0.000000 -0.112042 0.023882 -0.397703
    9 0.000000 4.043964 -0.017929 1.542717 -0.109505 1.594778
    10 3.995838 0.000000 0.000000 -0.028807 0.013728 -0.158965
    11 3.698242 -0.000001 0.000000 -0.028523 0.006147 -0.010880
    12 5.700890 0.000000 0.000000 -0.023059 0.016891 0.496663
    13 5.352852 -0.000001 0.000000 3.087509 0.174187 0.157905
    14 4.461819 0.000000 0.000000 -0.124329 -0.132053 0.708259
    15 4.065388 1.458945 1.500000 -1.619958 -0.955580 -0.132221
    16 5.507357 0.000004 -0.000001 -2.456739 -0.727266 -0.043756
    17 10.907398 0.000000 0.000000 0.000000 0.000000 -0.759862
    18 10.424324 -0.000008 -0.000027 1.080960 -0.147526 0.150351
    19 2.997274 0.005409 -1.477472 0.297493 0.497556 -0.080474
    20 1.510382 0.000000 0.000000 0.011341 0.016615 -0.257537
    21 0.808655 0.000002 0.000000 -0.054433 -0.175361 0.039377
    22 3.305792 0.203112 -0.546730 0.228981 0.234014 0.043917
    23 1.807182 0.000002 0.000000 -0.051906 -0.088339 -0.190157
    24 0.966137 0.000001 0.000000 0.002387 0.009734 0.099588
    25 3.571512 0.109303 0.409580 0.187237 0.067893 0.178800
    26 2.150654 -0.000002 0.000000 -0.042028 -0.053936 -0.320272
    27 1.152748 0.000000 0.000000 0.001856 0.011945 0.064941
    28 3.684092 -0.158705 1.419183 0.117459 -0.234196 0.132137
    29 1.701014 -0.000002 0.000000 0.051316 0.064006 -0.334034
    30 0.994705 0.000002 0.000000 0.001258 0.038493 0.020488
    31 1.068069 -1.287201 0.981905 1.455344 -0.844004 0.072049
    32 1.836304 -0.000002 -0.000004 -0.000056 -0.188092 0.157023
    33 1.223948 -0.000001 0.000000 -0.000073 -0.040582 0.037650
    34 4.065392 1.458946 -1.500000 1.179372 0.960380 -0.408397
    35 5.507360 0.000008 -0.000001 2.674470 0.772759 0.274200
    36 10.907398 0.000000 0.000004 0.000000 0.000000 -2.275801
    37 10.424301 -0.000005 0.000019 -0.906539 -0.279346 0.149516
    38 2.997293 0.000065 1.477481 -0.296388 -0.505836 0.084787
    39 1.510378 -0.000004 0.000000 -0.011341 -0.016615 -0.257537
    40 0.808655 0.000000 0.000000 0.054433 0.175361 0.039377
    41 3.305817 0.201134 0.547461 -0.222549 -0.222705 0.044651
    42 1.807175 0.000000 0.000000 0.051906 0.088339 -0.190157
    43 0.966141 -0.000001 0.000000 -0.002387 -0.009734 0.099588
    44 3.571524 0.110786 -0.409182 -0.183620 -0.067925 0.084169
    45 2.150656 0.000000 0.000000 0.042028 0.053936 -0.320272
    46 1.152752 0.000000 0.000000 -0.001808 -0.011970 0.185709
    47 3.684113 -0.153563 -1.419748 -0.130025 0.167228 0.135320
    48 1.701017 0.000002 0.000000 -0.051316 -0.064006 -0.334034
    49 0.994705 0.000001 0.000000 -0.001284 -0.038506 0.309237
    50 1.068094 -1.283653 -0.986553 -1.411132 0.792526 0.151201
    51 1.836306 -0.000002 0.000000 0.000056 0.188092 0.157023
    52 1.223946 0.000000 0.000002 0.000034 0.040606 0.078248
    53 -15.398438 -19.531250 -0.026367 1.943319 -0.144586 1.806982
    54 0.000000 0.000000 0.000000 -0.077030 -0.068757 -1.299215
    55 0.000004 -0.000007 -0.000031 1.373047 0.113574 0.124314
    56 0.000000 -0.000007 -0.000031 1.373047 0.113574 0.124314
    57 2.856897 -1.536201 -0.973800 -1.501147 -0.272558 -1.578261
    58 2.856895 -1.536198 -0.973800 -1.501147 -0.272558 -1.578261
    59 0.000000 0.000000 10.000000 0.000000 0.000000 0.000000
    60 0.018898 0.665159 9.395884 0.000000 0.000000 0.000000
    61 2.000008 -3.000000 0.000000 -1.570796 0.000000 -1.326450
    62 3.028210 -0.923409 -2.009452 1.574082 -0.012974 1.587244
    63 0.116955 4.311607 0.061861 0.000010 0.000000 0.000000
    64 0.000000 0.000000 0.000001 0.000000 0.000000 0.000000
    65 0.000000 1.000000 0.000008 0.000000 0.000000 0.000000
    66 0.000000 0.000000 0.000002 0.000000 0.000000 0.000000
    67 0.000000 0.000000 0.000002 0.000000 0.000000 0.000000
    68 0.000000 0.000000 0.000002 0.000000 0.000000 0.000000
time 157
    0 -0.034241 -8.960938 46.625000 1.536408 0.039940 -0.017881
    1 3.625659 0.000000 0.000000 -2.065252 -0.025784 -1.206158
    2 18.345819 0.000000 0.000000 0.000000 0.000000 0.115223
    3 16.751528 0.000000 0.000000 0.103350 0.397240 -0.511556
    4 5.943489 0.000000 0.000000 0.020421 -0.027718 -0.466049
    5 -3.625659 0.000000 0.000000 -1.172294 -0.073229 -1.782281
    6 18.345812 0.000000 0.000000 0.000000 0.000000 0.189250
    7 16.751524 0.000000 0.000000 0.071445 -0.248947 -0.707104
    8 5.943490 0.000000 0.000000 -0.112056 0.023885 -0.405821
    9 0.000000 4.043964 -0.017929 1.540174 -0.110382 1.593307
    10 3.995838 0.000000 0.000000 -0.031205 0.012329 -0.158702
    11 3.698242 -0.000001 0.000000 -0.030939 0.005340 -0.011997
    12 5.700890 0.000000 0.000000 -0.025483 0.017564 0.494595
    13 5.352852 -0.000001 0.000000 3.085257 0.170677 0.146659
    14 4.461819 0.000000 0.000000 -0.123698 -0.129469 0.714166
    15 4.065388 1.458945 1.500000 -1.619492 -0.949628 -0.134606
    16 5.507357 0.000004 -0.000001 -2.480583 -0.747516 0.011168
    17 10.907398 0.000000 0.000000 0.000000 0.000000 -0.696210
    18 10.424324 -0.000008 -0.000027 1.039751 -0.208182 0.156152
    19 2.997274 0.005409 -1.477472 0.297493 0.497556 -0.080474
    20 1.510382 0.000000 0.000000 0.011341 0.016615 -0.257537
    21 0.808655 0.000002 0.000000 -0.054433 -0.175361 0.039377
    22 3.305792 0.203112 -0.546730 0.228981 0.234014 0.043917
    23 1.807182 0.000002 0.000000 -0.051906 -0.088339 -0.190157
    24 0.966137 0.000001 0.000000 0.002387 0.009734 0.099588
    25 3.571512 0.109303 0.409580 0.187237 0.067893 0.178800
    26 2.150654 -0.000002 0.000000 -0.042028 -0.053936 -0.320272
    27 1.152748 0.000000 0.000000 0.001856 0.011945 0.064941
    28 3.684092 -0.158705 1.419183 0.117459 -0.234196 0.132137
    29 1.701014 -0.000002 0.000000 0.051316 0.064006 -0.334034
    30 0.994705 0.000002 0.000000 0.001258 0.038493 0.020488
    31 1.068069 -1.287201 0.981905 1.455344 -0.844004 0.072049
    32 1.836304 -0.000002 -0.000004 -0.000056 -0.188092 0.157023
    33 1.223948 -0.000001 0.000000 -0.000073 -0.040582 0.037650
    34 4.065392 1.458946 -1.500000 1.180926 0.965562 -0.407197
    35 5.507360 0.000008 -0.000001 2.671520 0.770964 0.271260
    36 10.907398 0.000000 0.000004 0.000000 0.000000 -2.274946
    37 10.424301 -0.000005 0.000019 -0.907224 -0.279751 0.147031
    38 2.997293 0.000065 1.477481 -0.296388 -0.505836 0.084787
    39 1.510378 -0.000004 0.000000 -0.011341 -0.016615 -0.257537
    40 0.808655 0.000000 0.000000 0.054433 0.175361 0.039377
    41 3.305817 0.201134 0.547461 -0.222549 -0.222705 0.044651
    42 1.807175 0.000000 0.000000 0.051906 0.088339 -0.190157
    43 0.966141 -0.000001 0.000000 -0.002387 -0.009734 0.099588
    44 3.571524 0.110786 -0.409182 -0.183620 -0.067925 0.084169
    45 2.150656 0.000000 0.000000 0.042028 0.053936 -0.320272
    46 1.152752 0.000000 0.000000 -0.001808 -0.011970 0.185709
    47 3.684113 -0.153563 -1.419748 -0.130025 0.167228 0.135320
    48 1.701017 0.000002 0.000000 -0.051316 -0.064006 -0.334034
    49 0.994705 0.000001 0.000000 -0.001284 -0.038506 0.309237
    50 1.068094 -1.283653 -0.986553 -1.411132 0.792526 0.151201
    51 1.836306 -0.000002 0.000000 0.000056 0.188092 0.157023
    52 1.223946 0.000000 0.000002 0.000034 0.040606 0.078248
    53 -11.796875 -23.125000 -2.972656 1.949095 -0.129803 1.787562
    54 0.000000 0.000000 0.000000 -0.077030 -0.068757 -1.299215
    55 0.000004 -0.000007 -0.000031 1.373047 0.113574 0.124314
    56 0.000000 -0.000007 -0.000031 1.373047 0.113574 0.124314
    57 2.856897 -1.536201 -0.973800 -1.501147 -0.272558 -1.578261
    58 2.856895 -1.536198 -0.973800 -1.501147 -0.272558 -1.578261
    59 0.000000 0.000000 10.000000 0.000000 0.000000 0.000000
    60 0.018898 0.665159 9.395884 0.000000 0.000000 0.000000
    61 2.000008 -3.000000 0.000000 -1.570796 0.000000 -1.326450
    62 3.028210 -0.923409 -2.009452 1.574082 -0.012974 1.587244
    63 0.116955 4.311607 0.061861 0.000010 0.000000 0.000000
    64 0.000000 0.000000 0.000001 0.000000 0.000000 0.000000
    65 0.000000 1.000000 0.000008 0.000000 0.000000 0.000000
    66 0.000000 0.000000 0.000002 0.000000 0.000000 0.000000
    67 0.000000 0.000000 0.000002 0.000000 0.000000 0.000000
    68 0.000000 0.000000 0.000002 0.000000 0.000000 0.000000
time 158
    0 -0.163574 -8.929688 46.593750 1.537596 0.043714 -0.004977
    1 3.625659 0.000000 0.000000 -2.070502 -0.029568 -1.201863
    2 18.345819 0.000000 0.000000 0.000000 0.000000 0.114531
    3 16.751528 0.000000 0.000000 0.104315 0.390322 -0.513293
    4 5.943489 0.000000 0.000000 0.020413 -0.027724 -0.465428
    5 -3.625659 0.000000 0.000000 -1.173849 -0.071481 -1.778144
    6 18.345812 0.000000 0.000000 0.000000 0.000000 0.187602
    7 16.751524 0.000000 0.000000 0.071689 -0.250804 -0.706549
    8 5.943490 0.000000 0.000000 -0.112046 0.023838 -0.413323
    9 0.000000 4.043964 -0.017929 1.537628 -0.111733 1.592501
    10 3.995838 0.000000 0.000000 -0.033723 0.011355 -0.158358
    11 3.698242 -0.000001 0.000000 -0.033531 0.005041 -0.013467
    12 5.700890 0.000000 0.000000 -0.027744 0.018897 0.492163
    13 5.352852 -0.000001 0.000000 3.080819 0.166216 0.136578
    14 4.461819 0.000000 0.000000 -0.124535 -0.126149 0.720145
    15 4.065388 1.458945 1.500000 -1.614732 -0.945851 -0.138856
    16 5.507357 0.000004 -0.000001 -2.500027 -0.778678 0.047095
    17 10.907398 0.000000 0.000000 0.000000 0.000000 -0.651299
    18 10.424324 -0.000008 -0.000027 1.006502 -0.242829 0.177041
    19 2.997274 0.005409 -1.477472 0.297493 0.497556 -0.080474
    20 1.510382 0.000000 0.000000 0.011341 0.016615 -0.257537
    21 0.808655 0.000002 0.000000 -0.054433 -0.175361 0.039377
    22 3.305792 0.203112 -0.546730 0.228981 0.234014 0.043917
    23 1.807182 0.000002 0.000000 -0.051906 -0.088339 -0.190157
    24 0.966137 0.000001 0.000000 0.002387 0.009734 0.099588
    25 3.571512 0.109303 0.409580 0.187237 0.067893 0.178800
    26 2.150654 -0.000002 0.000000 -0.042028 -0.053936 -0.320272
    27 1.152748 0.000000 0.000000 0.001856 0.011945 0.064941
    28 3.684092 -0.158705 1.419183 0.117459 -0.234196 0.132137
    29 1.701014 -0.000002 0.000000 0.051316 0.064006 -0.334034
    30 0.994705 0.000002 0.000000 0.001258 0.038493 0.020488
    31 1.068069 -1.287201 0.981905 1.455344 -0.844004 0.072049
    32 1.836304 -0.000002 -0.000004 -0.000056 -0.188092 0.157023
    33 1.223948 -0.000001 0.000000 -0.000073 -0.040582 0.037650
    34 4.065392 1.458946 -1.500000 1.177947 0.965616 -0.408791
    35 5.507360 0.000008 -0.000001 2.673296 0.771753 0.269140
    36 10.907398 0.000000 0.000004 0.000000 0.000000 -2.274660
    37 10.424301 -0.000005 0.000019 -0.908712 -0.279214 0.143252
    38 2.997293 0.000065 1.477481 -0.296388 -0.505836 0.084787
    39 1.510378 -0.000004 0.000000 -0.011341 -0.016615 -0.257537
    40 0.808655 0.000000 0.000000 0.054433 0.175361 0.039377
    41 3.305817 0.201134 0.547461 -0.222549 -0.222705 0.044651
    42 1.807175 0.000000 0.000000 0.051906 0.088339 -0.190157
    43 0.966141 -0.000001 0.000000 -0.002387 -0.009734 0.099588
    44 3.571524 0.110786 -0.409182 -0.183620 -0.067925 0.084169
    45 2.150656 0.000000 0.000000 0.042028 0.053936 -0.320272
    46 1.152752 0.000000 0.000000 -0.001808 -0.011970 0.185709
    47 3.684113 -0.153563 -1.419748 -0.130025 0.167228 0.135320
    48 1.701017 0.000002 0.000000 -0.051316 -0.064006 -0.334034
    49 0.994705 0.000001 0.000000 -0.001284 -0.038506 0.309237
    50 1.068094 -1.283653 -0.986553 -1.411132 0.792526 0.151201
    51 1.836306 -0.000002 0.000000 0.000056 0.188092 0.157023
    52 1.223946 0.000000 0.000002 0.000034 0.040606 0.078248
    53 -8.195313 -21.328125 -6.679688 1.940859 -0.128559 1.779255
    54 0.000000 0.000000 0.000000 -0.077030 -0.068757 -1.299215
    55 0.000004 -0.000007 -0.000031 1.373047 0.113574 0.124314
    56 0.000000 -0.000007 -0.000031 1.373047 0.113574 0.124314
    57 2.856897 -1.536201 -0.973800 -1.501147 -0.272558 -1.578261
    58 2.856895 -1.536198 -0.973800 -1.501147 -0.272558 -1.578261
    59 0.000000 0.000000 10.000000 0.000000 0.000000 0.000000
    60 0.018898 0.665159 9.395884 0.000000 0.000000 0.000000
    61 2.000008 -3.000000 0.000000 -1.570796 0.000000 -1.326450
    62 3.028210 -0.923409 -2.009452 1.574082 -0.012974 1.587244
    63 0.116955 4.311607 0.061861 0.000010 0.000000 0.000000
    64 0.000000 0.000000 0.000001 0.000000 0.000000 0.000000
    65 0.000000 1.000000 0.000008 0.000000 0.000000 0.000000
    66 0.000000 0.000000 0.000002 0.000000 0.000000 0.000000
    67 0.000000 0.000000 0.000002 0.000000 0.000000 0.000000
    68 0.000000 0.000000 0.000002 0.000000 0.000000 0.000000
time 159
    0 -0.283447 -8.921875 46.562500 1.539253 0.048100 0.003874
    1 3.625659 0.000000 0.000000 -2.075313 -0.031022 -1.198067
    2 18.345819 0.000000 0.000000 0.000000 0.000000 0.116952
    3 16.751528 0.000000 0.000000 0.090465 0.375317 -0.524804
    4 5.943489 0.000000 0.000000 0.020400 -0.027733 -0.464540
    5 -3.625659 0.000000 0.000000 -1.182644 -0.070463 -1.775292
    6 18.345812 0.000000 0.000000 0.000000 0.000000 0.187082
    7 16.751524 0.000000 0.000000 0.068194 -0.256526 -0.705416
    8 5.943490 0.000000 0.000000 -0.112061 0.023814 -0.410408
    9 0.000000 4.043964 -0.017929 1.535993 -0.112003 1.593155
    10 3.995838 0.000000 0.000000 -0.035287 0.011401 -0.158543
    11 3.698242 -0.000001 0.000000 -0.035173 0.004924 -0.014592
    12 5.700890 0.000000 0.000000 -0.029184 0.019586 0.490455
    13 5.352852 -0.000001 0.000000 3.079110 0.164981 0.130390
    14 4.461819 0.000000 0.000000 -0.125084 -0.124661 0.724505
    15 4.065388 1.458945 1.500000 -1.607457 -0.943355 -0.144037
    16 5.507357 0.000004 -0.000001 -2.488643 -0.813735 0.071122
    17 10.907398 0.000000 0.000000 0.000000 0.000000 -0.621396
    18 10.424324 -0.000008 -0.000027 0.977687 -0.266124 0.205374
    19 2.997274 0.005409 -1.477472 0.297493 0.497556 -0.080474
    20 1.510382 0.000000 0.000000 0.011341 0.016615 -0.257537
    21 0.808655 0.000002 0.000000 -0.054433 -0.175361 0.039377
    22 3.305792 0.203112 -0.546730 0.228981 0.234014 0.043917
    23 1.807182 0.000002 0.000000 -0.051906 -0.088339 -0.190157
    24 0.966137 0.000001 0.000000 0.002387 0.009734 0.099588
    25 3.571512 0.109303 0.409580 0.187237 0.067893 0.178800
    26 2.150654 -0.000002 0.000000 -0.042028 -0.053936 -0.320272
    27 1.152748 0.000000 0.000000 0.001856 0.011945 0.064941
    28 3.684092 -0.158705 1.419183 0.117459 -0.234196 0.132137
    29 1.701014 -0.000002 0.000000 0.051316 0.064006 -0.334034
    30 0.994705 0.000002 0.000000 0.001258 0.038493 0.020488
    31 1.068069 -1.287201 0.981905 1.455344 -0.844004 0.072049
    32 1.836304 -0.000002 -0.000004 -0.000056 -0.188092 0.157023
    33 1.223948 -0.000001 0.000000 -0.000073 -0.040582 0.037650
    34 4.065392 1.458946 -1.500000 1.175440 0.965351 -0.410380
    35 5.507360 0.000008 -0.000001 2.675659 0.773481 0.268737
    36 10.907398 0.000000 0.000004 0.000000 0.000000 -2.274565
    37 10.424301 -0.000005 0.000019 -0.908610 -0.280232 0.142965
    38 2.997293 0.000065 1.477481 -0.296388 -0.505836 0.084787
    39 1.510378 -0.000004 0.000000 -0.011341 -0.016615 -0.257537
    40 0.808655 0.000000 0.000000 0.054433 0.175361 0.039377
    41 3.305817 0.201134 0.547461 -0.222549 -0.222705 0.044651
    42 1.807175 0.000000 0.000000 0.051906 0.088339 -0.190157
    43 0.966141 -0.000001 0.000000 -0.002387 -0.009734 0.099588
    44 3.571524 0.110786 -0.409182 -0.183620 -0.067925 0.084169
    45 2.150656 0.000000 0.000000 0.042028 0.053936 -0.320272
    46 1.152752 0.000000 0.000000 -0.001808 -0.011970 0.185709
    47 3.684113 -0.153563 -1.419748 -0.130025 0.167228 0.135320
    48 1.701017 0.000002 0.000000 -0.051316 -0.064006 -0.334034
    49 0.994705 0.000001 0.000000 -0.001284 -0.038506 0.309237
    50 1.068094 -1.283653 -0.986553 -1.411132 0.792526 0.151201
    51 1.836306 -0.000002 0.000000 0.000056 0.188092 0.157023
    52 1.223946 0.000000 0.000002 0.000034 0.040606 0.078248
    53 -5.597656 -16.500000 -9.195313 1.914417 -0.108337 1.781685
    54 0.000000 0.000000 0.000000 -0.077030 -0.068757 -1.299215
    55 0.000004 -0.000007 -0.000031 1.373047 0.113574 0.124314
    56 0.000000 -0.000007 -0.000031 1.373047 0.113574 0.124314
    57 2.856897 -1.536201 -0.973800 -1.501147 -0.272558 -1.578261
    58 2.856895 -1.536198 -0.973800 -1.501147 -0.272558 -1.578261
    59 0.000000 0.000000 10.000000 0.000000 0.000000 0.000000
    60 0.018898 0.665159 9.395884 0.000000 0.000000 0.000000
    61 2.000008 -3.000000 0.000000 -1.570796 0.000000 -1.326450
    62 3.028210 -0.923409 -2.009452 1.574082 -0.012974 1.587244
    63 0.116955 4.311607 0.061861 0.000010 0.000000 0.000000
    64 0.000000 0.000000 0.000001 0.000000 0.000000 0.000000
    65 0.000000 1.000000 0.000008 0.000000 0.000000 0.000000
    66 0.000000 0.000000 0.000002 0.000000 0.000000 0.000000
    67 0.000000 0.000000 0.000002 0.000000 0.000000 0.000000
    68 0.000000 0.000000 0.000002 0.000000 0.000000 0.000000
time 160
    0 -0.380615 -8.914063 46.562500 1.541367 0.050971 0.009730
    1 3.625659 0.000000 0.000000 -2.081071 -0.030387 -1.198316
    2 18.345819 0.000000 0.000000 0.000000 0.000000 0.119633
    3 16.751528 0.000000 0.000000 0.072214 0.358499 -0.537777
    4 5.943489 0.000000 0.000000 0.020390 -0.027741 -0.463830
    5 -3.625659 0.000000 0.000000 -1.195397 -0.070027 -1.775657
    6 18.345812 0.000000 0.000000 0.000000 0.000000 0.187776
    7 16.751524 0.000000 0.000000 0.061505 -0.263650 -0.702348
    8 5.943490 0.000000 0.000000 -0.112070 0.023866 -0.402819
    9 0.000000 4.043964 -0.017929 1.535177 -0.111394 1.593722
    10 3.995838 0.000000 0.000000 -0.036179 0.011664 -0.159247
    11 3.698242 -0.000001 0.000000 -0.036038 0.004817 -0.015369
    12 5.700890 0.000000 0.000000 -0.030115 0.019802 0.489468
    13 5.352852 -0.000001 0.000000 3.078598 0.165410 0.126950
    14 4.461819 0.000000 0.000000 -0.125514 -0.125067 0.726613
    15 4.065388 1.458945 1.500000 -1.601114 -0.943650 -0.147617
    16 5.507357 0.000004 -0.000001 -2.450937 -0.845986 0.096367
    17 10.907398 0.000000 0.000000 0.000000 0.000000 -0.597776
    18 10.424324 -0.000008 -0.000027 0.971083 -0.258381 0.207716
    19 2.997274 0.005409 -1.477472 0.297493 0.497556 -0.080474
    20 1.510382 0.000000 0.000000 0.011341 0.016615 -0.257537
    21 0.808655 0.000002 0.000000 -0.054433 -0.175361 0.039377
    22 3.305792 0.203112 -0.546730 0.228981 0.234014 0.043917
    23 1.807182 0.000002 0.000000 -0.051906 -0.088339 -0.190157
    24 0.966137 0.000001 0.000000 0.002387 0.009734 0.099588
    25 3.571512 0.109303 0.409580 0.187237 0.067893 0.178800
    26 2.150654 -0.000002 0.000000 -0.042028 -0.053936 -0.320272
    27 1.152748 0.000000 0.000000 0.001856 0.011945 0.064941
    28 3.684092 -0.158705 1.419183 0.117459 -0.234196 0.132137
    29 1.701014 -0.000002 0.000000 0.051316 0.064006 -0.334034
    30 0.994705 0.000002 0.000000 0.001258 0.038493 0.020488
    31 1.068069 -1.287201 0.981905 1.455344 -0.844004 0.072049
    32 1.836304 -0.000002 -0.000004 -0.000056 -0.188092 0.157023
    33 1.223948 -0.000001 0.000000 -0.000073 -0.040582 0.037650
    34 4.065392 1.458946 -1.500000 1.171707 0.965740 -0.412987
    35 5.507360 0.000008 -0.000001 2.678430 0.775962 0.270611
    36 10.907398 0.000000 0.000004 0.000000 0.000000 -2.273614
    37 10.424301 -0.000005 0.000019 -0.909236 -0.280805 0.140551
    38 2.997293 0.000065 1.477481 -0.296388 -0.505836 0.084787
    39 1.510378 -0.000004 0.000000 -0.011341 -0.016615 -0.257537
    40 0.808655 0.000000 0.000000 0.054433 0.175361 0.039377
    41 3.305817 0.201134 0.547461 -0.222549 -0.222705 0.044651
    42 1.807175 0.000000 0.000000 0.051906 0.088339 -0.190157
    43 0.966141 -0.000001 0.000000 -0.002387 -0.009734 0.099588
    44 3.571524 0.110786 -0.409182 -0.183620 -0.067925 0.084169
    45 2.150656 0.000000 0.000000 0.042028 0.053936 -0.320272
    46 1.152752 0.000000 0.000000 -0.001808 -0.011970 0.185709
    47 3.684113 -0.153563 -1.419748 -0.130025 0.167228 0.135320
    48 1.701017 0.000002 0.000000 -0.051316 -0.064006 -0.334034
    49 0.994705 0.000001 0.000000 -0.001284 -0.038506 0.309237
    50 1.068094 -1.283653 -0.986553 -1.411132 0.792526 0.151201
    51 1.836306 -0.000002 0.000000 0.000056 0.188092 0.157023
    52 1.223946 0.000000 0.000002 0.000034 0.040606 0.078248
    53 -4.988281 -9.992188 -9.867188 1.879069 -0.061457 1.788239
    54 0.000000 0.000000 0.000000 -0.077030 -0.068757 -1.299215
    55 0.000004 -0.000007 -0.000031 1.373047 0.113574 0.124314
    56 0.000000 -0.000007 -0.000031 1.373047 0.113574 0.124314
    57 2.856897 -1.536201 -0.973800 -1.501147 -0.272558 -1.578261
    58 2.856895 -1.536198 -0.973800 -1.501147 -0.272558 -1.578261
    59 0.000000 0.000000 10.000000 0.000000 0.000000 0.000000
    60 0.018898 0.665159 9.395884 0.000000 0.000000 0.000000
    61 2.000008 -3.000000 0.000000 -1.570796 0.000000 -1.326450
    62 3.028210 -0.923409 -2.009452 1.574082 -0.012974 1.587244
    63 0.116955 4.311607 0.061861 0.000010 0.000000 0.000000
    64 0.000000 0.000000 0.000001 0.000000 0.000000 0.000000
    65 0.000000 1.000000 0.000008 0.000000 0.000000 0.000000
    66 0.000000 0.000000 0.000002 0.000000 0.000000 0.000000
    67 0.000000 0.000000 0.000002 0.000000 0.000000 0.000000
    68 0.000000 0.000000 0.000002 0.000000 0.000000 0.000000
time 161
    0 -0.451416 -8.921875 46.593750 1.543797 0.053631 0.013876
    1 3.625659 0.000000 0.000000 -2.088518 -0.028775 -1.201644
    2 18.345819 0.000000 0.000000 0.000000 0.000000 0.122314
    3 16.751528 0.000000 0.000000 0.051754 0.344171 -0.548177
    4 5.943489 0.000000 0.000000 0.020422 -0.027717 -0.466137
    5 -3.625659 0.000000 0.000000 -1.208333 -0.069766 -1.777857
    6 18.345812 0.000000 0.000000 0.000000 0.000000 0.188296
    7 16.751524 0.000000 0.000000 0.053740 -0.270045 -0.700241
    8 5.943490 0.000000 0.000000 -0.112103 0.023877 -0.404144
    9 0.000000 4.043964 -0.017929 1.534642 -0.110276 1.595152
    10 3.995838 0.000000 0.000000 -0.036856 0.012462 -0.160047
    11 3.698242 -0.000001 0.000000 -0.036645 0.004888 -0.015976
    12 5.700890 0.000000 0.000000 -0.030707 0.019940 0.488928
    13 5.352852 -0.000001 0.000000 3.078352 0.165609 0.124840
    14 4.461819 0.000000 0.000000 -0.125712 -0.125603 0.727603
    15 4.065388 1.458945 1.500000 -1.595577 -0.946791 -0.150658
    16 5.507357 0.000004 -0.000001 -2.422718 -0.872959 0.117995
    17 10.907398 0.000000 0.000000 0.000000 0.000000 -0.576763
    18 10.424324 -0.000008 -0.000027 0.972979 -0.244491 0.200840
    19 2.997274 0.005409 -1.477472 0.297493 0.497556 -0.080474
    20 1.510382 0.000000 0.000000 0.011341 0.016615 -0.257537
    21 0.808655 0.000002 0.000000 -0.054433 -0.175361 0.039377
    22 3.305792 0.203112 -0.546730 0.228981 0.234014 0.043917
    23 1.807182 0.000002 0.000000 -0.051906 -0.088339 -0.190157
    24 0.966137 0.000001 0.000000 0.002387 0.009734 0.099588
    25 3.571512 0.109303 0.409580 0.187237 0.067893 0.178800
    26 2.150654 -0.000002 0.000000 -0.042028 -0.053936 -0.320272
    27 1.152748 0.000000 0.000000 0.001856 0.011945 0.064941
    28 3.684092 -0.158705 1.419183 0.117459 -0.234196 0.132137
    29 1.701014 -0.000002 0.000000 0.051316 0.064006 -0.334034
    30 0.994705 0.000002 0.000000 0.001258 0.038493 0.020488
    31 1.068069 -1.287201 0.981905 1.455344 -0.844004 0.072049
    32 1.836304 -0.000002 -0.000004 -0.000056 -0.188092 0.157023
    33 1.223948 -0.000001 0.000000 -0.000073 -0.040582 0.037650
    34 4.065392 1.458946 -1.500000 1.168060 0.965983 -0.415647
    35 5.507360 0.000008 -0.000001 2.680906 0.778366 0.272983
    36 10.907398 0.000000 0.000004 0.000000 0.000000 -2.273709
    37 10.424301 -0.000005 0.000019 -0.909462 -0.280888 0.139567
    38 2.997293 0.000065 1.477481 -0.296388 -0.505836 0.084787
    39 1.510378 -0.000004 0.000000 -0.011341 -0.016615 -0.257537
    40 0.808655 0.000000 0.000000 0.054433 0.175361 0.039377
    41 3.305817 0.201134 0.547461 -0.222549 -0.222705 0.044651
    42 1.807175 0.000000 0.000000 0.051906 0.088339 -0.190157
    43 0.966141 -0.000001 0.000000 -0.002387 -0.009734 0.099588
    44 3.571524 0.110786 -0.409182 -0.183620 -0.067925 0.084169
    45 2.150656 0.000000 0.000000 0.042028 0.053936 -0.320272
    46 1.152752 0.000000 0.000000 -0.001808 -0.011970 0.185709
    47 3.684113 -0.153563 -1.419748 -0.130025 0.167228 0.135320
    48 1.701017 0.000002 0.000000 -0.051316 -0.064006 -0.334034
    49 0.994705 0.000001 0.000000 -0.001284 -0.038506 0.309237
    50 1.068094 -1.283653 -0.986553 -1.411132 0.792526 0.151201
    51 1.836306 -0.000002 0.000000 0.000056 0.188092 0.157023
    52 1.223946 0.000000 0.000002 0.000034 0.040606 0.078248
    53 -8.546875 -4.816406 -7.542969 1.851452 -0.024840 1.790425
    54 0.000000 0.000000 0.000000 -0.077030 -0.068757 -1.299215
    55 0.000004 -0.000007 -0.000031 1.373047 0.113574 0.124314
    56 0.000000 -0.000007 -0.000031 1.373047 0.113574 0.124314
    57 2.856897 -1.536201 -0.973800 -1.501147 -0.272558 -1.578261
    58 2.856895 -1.536198 -0.973800 -1.501147 -0.272558 -1.578261
    59 0.000000 0.000000 10.000000 0.000000 0.000000 0.000000
    60 0.018898 0.665159 9.395884 0.000000 0.000000 0.000000
    61 2.000008 -3.000000 0.000000 -1.570796 0.000000 -1.326450
    62 3.028210 -0.923409 -2.009452 1.574082 -0.012974 1.587244
    63 0.116955 4.311607 0.061861 0.000010 0.000000 0.000000
    64 0.000000 0.000000 0.000001 0.000000 0.000000 0.000000
    65 0.000000 1.000000 0.000008 0.000000 0.000000 0.000000
    66 0.000000 0.000000 0.000002 0.000000 0.000000 0.000000
    67 0.000000 0.000000 0.000002 0.000000 0.000000 0.000000
    68 0.000000 0.000000 0.000002 0.000000 0.000000 0.000000
time 162
    0 -0.495605 -8.937500 46.593750 1.546012 0.055171 0.017239
    1 3.625659 0.000000 0.000000 -2.093085 -0.025828 -1.208404
    2 18.345819 0.000000 0.000000 0.000000 0.000000 0.124390
    3 16.751528 0.000000 0.000000 0.039617 0.337048 -0.553104
    4 5.943489 0.000000 0.000000 0.020413 -0.027682 -0.471551
    5 -3.625659 0.000000 0.000000 -1.218756 -0.068043 -1.782135
    6 18.345812 0.000000 0.000000 0.000000 0.000000 0.187082
    7 16.751524 0.000000 0.000000 0.049715 -0.271237 -0.700765
    8 5.943490 0.000000 0.000000 -0.112087 0.023859 -0.411117
    9 0.000000 4.043964 -0.017929 1.533918 -0.109136 1.597100
    10 3.995838 0.000000 0.000000 -0.037647 0.013595 -0.160941
    11 3.698242 -0.000001 0.000000 -0.037426 0.005216 -0.016589
    12 5.700890 0.000000 0.000000 -0.031299 0.020434 0.488384
    13 5.352852 -0.000001 0.000000 3.076787 0.163900 0.122849
    14 4.461819 0.000000 0.000000 -0.125733 -0.125122 0.727841
    15 4.065388 1.458945 1.500000 -1.591971 -0.954633 -0.153694
    16 5.507357 0.000004 -0.000001 -2.406700 -0.892612 0.132534
    17 10.907398 0.000000 0.000000 0.000000 0.000000 -0.565157
    18 10.424324 -0.000008 -0.000027 0.968887 -0.242352 0.208002
    19 2.997274 0.005409 -1.477472 0.297493 0.497556 -0.080474
    20 1.510382 0.000000 0.000000 0.011341 0.016615 -0.257537
    21 0.808655 0.000002 0.000000 -0.054433 -0.175361 0.039377
    22 3.305792 0.203112 -0.546730 0.228981 0.234014 0.043917
    23 1.807182 0.000002 0.000000 -0.051906 -0.088339 -0.190157
    24 0.966137 0.000001 0.000000 0.002387 0.009734 0.099588
    25 3.571512 0.109303 0.409580 0.187237 0.067893 0.178800
    26 2.150654 -0.000002 0.000000 -0.042028 -0.053936 -0.320272
    27 1.152748 0.000000 0.000000 0.001856 0.011945 0.064941
    28 3.684092 -0.158705 1.419183 0.117459 -0.234196 0.132137
    29 1.701014 -0.000002 0.000000 0.051316 0.064006 -0.334034
    30 0.994705 0.000002 0.000000 0.001258 0.038493 0.020488
    31 1.068069 -1.287201 0.981905 1.455344 -0.844004 0.072049
    32 1.836304 -0.000002 -0.000004 -0.000056 -0.188092 0.157023
    33 1.223948 -0.000001 0.000000 -0.000073 -0.040582 0.037650
    34 4.065392 1.458946 -1.500000 1.165488 0.963310 -0.416881
    35 5.507360 0.000008 -0.000001 2.683657 0.781752 0.275687
    36 10.907398 0.000000 0.000004 0.000000 0.000000 -2.273899
    37 10.424301 -0.000005 0.000019 -0.910021 -0.280546 0.138042
    38 2.997293 0.000065 1.477481 -0.296388 -0.505836 0.084787
    39 1.510378 -0.000004 0.000000 -0.011341 -0.016615 -0.257537
    40 0.808655 0.000000 0.000000 0.054433 0.175361 0.039377
    41 3.305817 0.201134 0.547461 -0.222549 -0.222705 0.044651
    42 1.807175 0.000000 0.000000 0.051906 0.088339 -0.190157
    43 0.966141 -0.000001 0.000000 -0.002387 -0.009734 0.099588
    44 3.571524 0.110786 -0.409182 -0.183620 -0.067925 0.084169
    45 2.150656 0.000000 0.000000 0.042028 0.053936 -0.320272
    46 1.152752 0.000000 0.000000 -0.001808 -0.011970 0.185709
    47 3.684113 -0.153563 -1.419748 -0.130025 0.167228 0.135320
    48 1.701017 0.000002 0.000000 -0.051316 -0.064006 -0.334034
    49 0.994705 0.000001 0.000000 -0.001284 -0.038506 0.309237
    50 1.068094 -1.283653 -0.986553 -1.411132 0.792526 0.151201
    51 1.836306 -0.000002 0.000000 0.000056 0.188092 0.157023
    52 1.223946 0.000000 0.000002 0.000034 0.040606 0.078248
    53 -13.109375 -2.931641 -4.679688 1.834306 -0.005620 1.793443
    54 0.000000 0.000000 0.000000 -0.077030 -0.068757 -1.299215
    55 0.000004 -0.000007 -0.000031 1.373047 0.113574 0.124314
    56 0.000000 -0.000007 -0.000031 1.373047 0.113574 0.124314
    57 2.856897 -1.536201 -0.973800 -1.501147 -0.272558 -1.578261
    58 2.856895 -1.536198 -0.973800 -1.501147 -0.272558 -1.578261
    59 0.000000 0.000000 10.000000 0.000000 0.000000 0.000000
    60 0.018898 0.665159 9.395884 0.000000 0.000000 0.000000
    61 2.000008 -3.000000 0.000000 -1.570796 0.000000 -1.326450
    62 3.028210 -0.923409 -2.009452 1.574082 -0.012974 1.587244
    63 0.116955 4.311607 0.061861 0.000010 0.000000 0.000000
    64 0.000000 0.000000 0.000001 0.000000 0.000000 0.000000
    65 0.000000 1.000000 0.000008 0.000000 0.000000 0.000000
    66 0.000000 0.000000 0.000002 0.000000 0.000000 0.000000
    67 0.000000 0.000000 0.000002 0.000000 0.000000 0.000000
    68 0.000000 0.000000 0.000002 0.000000 0.000000 0.000000
time 163
    0 -0.522949 -8.945313 46.625000 1.548798 0.056024 0.020176
    1 3.625659 0.000000 0.000000 -2.097406 -0.023856 -1.216222
    2 18.345819 0.000000 0.000000 0.000000 0.000000 0.128282
    3 16.751528 0.000000 0.000000 0.049352 0.345866 -0.552085
    4 5.943489 0.000000 0.000000 0.020433 -0.027724 -0.477592
    5 -3.625659 0.000000 0.000000 -1.229376 -0.067353 -1.788218
    6 18.345812 0.000000 0.000000 0.000000 0.000000 0.187082
    7 16.751524 0.000000 0.000000 0.059146 -0.265146 -0.706576
    8 5.943490 0.000000 0.000000 -0.112089 0.023803 -0.415443
    9 0.000000 4.043964 -0.017929 1.533157 -0.108820 1.598761
    10 3.995838 0.000000 0.000000 -0.038522 0.014729 -0.161404
    11 3.698242 -0.000001 0.000000 -0.038214 0.006233 -0.017215
    12 5.700890 0.000000 0.000000 -0.031456 0.021970 0.487562
    13 5.352852 -0.000001 0.000000 3.074380 0.160901 0.119877
    14 4.461819 0.000000 0.000000 -0.125777 -0.124043 0.728862
    15 4.065388 1.458945 1.500000 -1.590000 -0.962585 -0.158689
    16 5.507357 0.000004 -0.000001 -2.397384 -0.902577 0.142297
    17 10.907398 0.000000 0.000000 0.000000 0.000000 -0.561383
    18 10.424324 -0.000008 -0.000027 0.965077 -0.244207 0.210285
    19 2.997274 0.005409 -1.477472 0.297493 0.497556 -0.080474
    20 1.510382 0.000000 0.000000 0.011341 0.016615 -0.257537
    21 0.808655 0.000002 0.000000 -0.054433 -0.175361 0.039377
    22 3.305792 0.203112 -0.546730 0.228981 0.234014 0.043917
    23 1.807182 0.000002 0.000000 -0.051906 -0.088339 -0.190157
    24 0.966137 0.000001 0.000000 0.002387 0.009734 0.099588
    25 3.571512 0.109303 0.409580 0.187237 0.067893 0.178800
    26 2.150654 -0.000002 0.000000 -0.042028 -0.053936 -0.320272
    27 1.152748 0.000000 0.000000 0.001856 0.011945 0.064941
    28 3.684092 -0.158705 1.419183 0.117459 -0.234196 0.132137
    29 1.701014 -0.000002 0.000000 0.051316 0.064006 -0.334034
    30 0.994705 0.000002 0.000000 0.001258 0.038493 0.020488
    31 1.068069 -1.287201 0.981905 1.455344 -0.844004 0.072049
    32 1.836304 -0.000002 -0.000004 -0.000056 -0.188092 0.157023
    33 1.223948 -0.000001 0.000000 -0.000073 -0.040582 0.037650
    34 4.065392 1.458946 -1.500000 1.162620 0.957650 -0.419732
    35 5.507360 0.000008 -0.000001 2.687914 0.785691 0.278891
    36 10.907398 0.000000 0.000004 0.000000 0.000000 -2.274565
    37 10.424301 -0.000005 0.000019 -0.910587 -0.279859 0.136831
    38 2.997293 0.000065 1.477481 -0.296388 -0.505836 0.084787
    39 1.510378 -0.000004 0.000000 -0.011341 -0.016615 -0.257537
    40 0.808655 0.000000 0.000000 0.054433 0.175361 0.039377
    41 3.305817 0.201134 0.547461 -0.222549 -0.222705 0.044651
    42 1.807175 0.000000 0.000000 0.051906 0.088339 -0.190157
    43 0.966141 -0.000001 0.000000 -0.002387 -0.009734 0.099588
    44 3.571524 0.110786 -0.409182 -0.183620 -0.067925 0.084169
    45 2.150656 0.000000 0.000000 0.042028 0.053936 -0.320272
    46 1.152752 0.000000 0.000000 -0.001808 -0.011970 0.185709
    47 3.684113 -0.153563 -1.419748 -0.130025 0.167228 0.135320
    48 1.701017 0.000002 0.000000 -0.051316 -0.064006 -0.334034
    49 0.994705 0.000001 0.000000 -0.001284 -0.038506 0.309237
    50 1.068094 -1.283653 -0.986553 -1.411132 0.792526 0.151201
    51 1.836306 -0.000002 0.000000 0.000056 0.188092 0.157023
    52 1.223946 0.000000 0.000002 0.000034 0.040606 0.078248
    53 -17.218750 -4.414063 -2.429688 1.827892 0.006336 1.797170
    54 0.000000 0.000000 0.000000 -0.077030 -0.068757 -1.299215
    55 0.000004 -0.000007 -0.000031 1.373047 0.113574 0.124314
    56 0.000000 -0.000007 -0.000031 1.373047 0.113574 0.124314
    57 2.856897 -1.536201 -0.973800 -1.501147 -0.272558 -1.578261
    58 2.856895 -1.536198 -0.973800 -1.501147 -0.272558 -1.578261
    59 0.000000 0.000000 10.000000 0.000000 0.000000 0.000000
    60 0.018898 0.665159 9.395884 0.000000 0.000000 0.000000
    61 2.000008 -3.000000 0.000000 -1.570796 0.000000 -1.326450
    62 3.028210 -0.923409 -2.009452 1.574082 -0.012974 1.587244
    63 0.116955 4.311607 0.061861 0.000010 0.000000 0.000000
    64 0.000000 0.000000 0.000001 0.000000 0.000000 0.000000
    65 0.000000 1.000000 0.000008 0.000000 0.000000 0.000000
    66 0.000000 0.000000 0.000002 0.000000 0.000000 0.000000
    67 0.000000 0.000000 0.000002 0.000000 0.000000 0.000000
    68 0.000000 0.000000 0.000002 0.000000 0.000000 0.000000
time 164
    0 -0.536133 -8.921875 46.625000 1.551821 0.057534 0.022329
    1 3.625659 0.000000 0.000000 -2.103053 -0.022860 -1.223600
    2 18.345819 0.000000 0.000000 0.000000 0.000000 0.134251
    3 16.751528 0.000000 0.000000 0.061556 0.359814 -0.547213
    4 5.943489 0.000000 0.000000 0.020442 -0.027677 -0.484259
    5 -3.625659 0.000000 0.000000 -1.238826 -0.068681 -1.794321
    6 18.345812 0.000000 0.000000 0.000000 0.000000 0.188990
    7 16.751524 0.000000 0.000000 0.071610 -0.250918 -0.714335
    8 5.943490 0.000000 0.000000 -0.112036 0.023841 -0.416592
    9 0.000000 4.043964 -0.017929 1.532613 -0.108062 1.598892
    10 3.995838 0.000000 0.000000 -0.038999 0.015200 -0.161937
    11 3.698242 -0.000001 0.000000 -0.038833 0.007775 -0.017592
    12 5.700890 0.000000 0.000000 -0.030938 0.024418 0.487357
    13 5.352852 -0.000001 0.000000 3.075357 0.161400 0.120895
    14 4.461819 0.000000 0.000000 -0.125174 -0.125216 0.728449
    15 4.065388 1.458945 1.500000 -1.592316 -0.961757 -0.158907
    16 5.507357 0.000004 -0.000001 -2.401773 -0.904057 0.142440
    17 10.907398 0.000000 0.000000 0.000000 0.000000 -0.565157
    18 10.424324 -0.000008 -0.000027 0.958608 -0.252465 0.216842
    19 2.997274 0.005409 -1.477472 0.297493 0.497556 -0.080474
    20 1.510382 0.000000 0.000000 0.011341 0.016615 -0.257537
    21 0.808655 0.000002 0.000000 -0.054433 -0.175361 0.039377
    22 3.305792 0.203112 -0.546730 0.228981 0.234014 0.043917
    23 1.807182 0.000002 0.000000 -0.051906 -0.088339 -0.190157
    24 0.966137 0.000001 0.000000 0.002387 0.009734 0.099588
    25 3.571512 0.109303 0.409580 0.187237 0.067893 0.178800
    26 2.150654 -0.000002 0.000000 -0.042028 -0.053936 -0.320272
    27 1.152748 0.000000 0.000000 0.001856 0.011945 0.064941
    28 3.684092 -0.158705 1.419183 0.117459 -0.234196 0.132137
    29 1.701014 -0.000002 0.000000 0.051316 0.064006 -0.334034
    30 0.994705 0.000002 0.000000 0.001258 0.038493 0.020488
    31 1.068069 -1.287201 0.981905 1.455344 -0.844004 0.072049
    32 1.836304 -0.000002 -0.000004 -0.000056 -0.188092 0.157023
    33 1.223948 -0.000001 0.000000 -0.000073 -0.040582 0.037650
    34 4.065392 1.458946 -1.500000 1.158982 0.956488 -0.422285
    35 5.507360 0.000008 -0.000001 2.693568 0.784374 0.283268
    36 10.907398 0.000000 0.000004 0.000000 0.000000 -2.275136
    37 10.424301 -0.000005 0.000019 -0.910868 -0.280022 0.136089
    38 2.997293 0.000065 1.477481 -0.296388 -0.505836 0.084787
    39 1.510378 -0.000004 0.000000 -0.011341 -0.016615 -0.257537
    40 0.808655 0.000000 0.000000 0.054433 0.175361 0.039377
    41 3.305817 0.201134 0.547461 -0.222549 -0.222705 0.044651
    42 1.807175 0.000000 0.000000 0.051906 0.088339 -0.190157
    43 0.966141 -0.000001 0.000000 -0.002387 -0.009734 0.099588
    44 3.571524 0.110786 -0.409182 -0.183620 -0.067925 0.084169
    45 2.150656 0.000000 0.000000 0.042028 0.053936 -0.320272
    46 1.152752 0.000000 0.000000 -0.001808 -0.011970 0.185709
    47 3.684113 -0.153563 -1.419748 -0.130025 0.167228 0.135320
    48 1.701017 0.000002 0.000000 -0.051316 -0.064006 -0.334034
    49 0.994705 0.000001 0.000000 -0.001284 -0.038506 0.309237
    50 1.068094 -1.283653 -0.986553 -1.411132 0.792526 0.151201
    51 1.836306 -0.000002 0.000000 0.000056 0.188092 0.157023
    52 1.223946 0.000000 0.000002 0.000034 0.040606 0.078248
    53 -18.562500 -10.367188 -2.314453 1.829876 0.004613 1.804295
    54 0.000000 0.000000 0.000000 -0.077030 -0.068757 -1.299215
    55 0.000004 -0.000007 -0.000031 1.373047 0.113574 0.124314
    56 0.000000 -0.000007 -0.000031 1.373047 0.113574 0.124314
    57 2.856897 -1.536201 -0.973800 -1.501147 -0.272558 -1.578261
    58 2.856895 -1.536198 -0.973800 -1.501147 -0.272558 -1.578261
    59 0.000000 0.000000 10.000000 0.000000 0.000000 0.000000
    60 0.018898 0.665159 9.395884 0.000000 0.000000 0.000000
    61 2.000008 -3.000000 0.000000 -1.570796 0.000000 -1.326450
    62 3.028210 -0.923409 -2.009452 1.574082 -0.012974 1.587244
    63 0.116955 4.311607 0.061861 0.000010 0.000000 0.000000
    64 0.000000 0.000000 0.000001 0.000000 0.000000 0.000000
    65 0.000000 1.000000 0.000008 0.000000 0.000000 0.000000
    66 0.000000 0.000000 0.000002 0.000000 0.000000 0.000000
    67 0.000000 0.000000 0.000002 0.000000 0.000000 0.000000
    68 0.000000 0.000000 0.000002 0.000000 0.000000 0.000000
time 165
    0 -0.534180 -8.898438 46.593750 1.554421 0.059789 0.023794
    1 3.625659 0.000000 0.000000 -2.106856 -0.021517 -1.229613
    2 18.345819 0.000000 0.000000 0.000000 0.000000 0.140655
    3 16.751528 0.000000 0.000000 0.065704 0.370025 -0.543032
    4 5.943489 0.000000 0.000000 0.020390 -0.027674 -0.486571
    5 -3.625659 0.000000 0.000000 -1.247798 -0.070345 -1.799635
    6 18.345812 0.000000 0.000000 0.000000 0.000000 0.191158
    7 16.751524 0.000000 0.000000 0.082568 -0.235273 -0.724628
    8 5.943490 0.000000 0.000000 -0.112050 0.023864 -0.409527
    9 0.000000 4.043964 -0.017929 1.532292 -0.107684 1.600196
    10 3.995838 0.000000 0.000000 -0.039423 0.016110 -0.162393
    11 3.698242 -0.000001 0.000000 -0.039361 0.008711 -0.018045
    12 5.700890 0.000000 0.000000 -0.030824 0.025621 0.486632
    13 5.352852 -0.000001 0.000000 3.076038 0.161854 0.122586
    14 4.461819 0.000000 0.000000 -0.124564 -0.126794 0.727236
    15 4.065388 1.458945 1.500000 -1.590365 -0.959299 -0.161295
    16 5.507357 0.000004 -0.000001 -2.408829 -0.901715 0.143095
    17 10.907398 0.000000 0.000000 0.000000 0.000000 -0.576673
    18 10.424324 -0.000008 -0.000027 0.952696 -0.261532 0.223004
    19 2.997274 0.005409 -1.477472 0.297493 0.497556 -0.080474
    20 1.510382 0.000000 0.000000 0.011341 0.016615 -0.257537
    21 0.808655 0.000002 0.000000 -0.054433 -0.175361 0.039377
    22 3.305792 0.203112 -0.546730 0.228981 0.234014 0.043917
    23 1.807182 0.000002 0.000000 -0.051906 -0.088339 -0.190157
    24 0.966137 0.000001 0.000000 0.002387 0.009734 0.099588
    25 3.571512 0.109303 0.409580 0.187237 0.067893 0.178800
    26 2.150654 -0.000002 0.000000 -0.042028 -0.053936 -0.320272
    27 1.152748 0.000000 0.000000 0.001856 0.011945 0.064941
    28 3.684092 -0.158705 1.419183 0.117459 -0.234196 0.132137
    29 1.701014 -0.000002 0.000000 0.051316 0.064006 -0.334034
    30 0.994705 0.000002 0.000000 0.001258 0.038493 0.020488
    31 1.068069 -1.287201 0.981905 1.455344 -0.844004 0.072049
    32 1.836304 -0.000002 -0.000004 -0.000056 -0.188092 0.157023
    33 1.223948 -0.000001 0.000000 -0.000073 -0.040582 0.037650
    34 4.065392 1.458946 -1.500000 1.154425 0.955215 -0.424884
    35 5.507360 0.000008 -0.000001 2.701401 0.782298 0.289875
    36 10.907398 0.000000 0.000004 0.000000 0.000000 -2.274660
    37 10.424301 -0.000005 0.000019 -0.910929 -0.279908 0.136527
    38 2.997293 0.000065 1.477481 -0.296388 -0.505836 0.084787
    39 1.510378 -0.000004 0.000000 -0.011341 -0.016615 -0.257537
    40 0.808655 0.000000 0.000000 0.054433 0.175361 0.039377
    41 3.305817 0.201134 0.547461 -0.222549 -0.222705 0.044651
    42 1.807175 0.000000 0.000000 0.051906 0.088339 -0.190157
    43 0.966141 -0.000001 0.000000 -0.002387 -0.009734 0.099588
    44 3.571524 0.110786 -0.409182 -0.183620 -0.067925 0.084169
    45 2.150656 0.000000 0.000000 0.042028 0.053936 -0.320272
    46 1.152752 0.000000 0.000000 -0.001808 -0.011970 0.185709
    47 3.684113 -0.153563 -1.419748 -0.130025 0.167228 0.135320
    48 1.701017 0.000002 0.000000 -0.051316 -0.064006 -0.334034
    49 0.994705 0.000001 0.000000 -0.001284 -0.038506 0.309237
    50 1.068094 -1.283653 -0.986553 -1.411132 0.792526 0.151201
    51 1.836306 -0.000002 0.000000 0.000056 0.188092 0.157023
    52 1.223946 0.000000 0.000002 0.000034 0.040606 0.078248
    53 -16.703125 -17.093750 -3.744141 1.834575 0.003557 1.815272
    54 0.000000 0.000000 0.000000 -0.077030 -0.068757 -1.299215
    55 0.000004 -0.000007 -0.000031 1.373047 0.113574 0.124314
    56 0.000000 -0.000007 -0.000031 1.373047 0.113574 0.124314
    57 2.856897 -1.536201 -0.973800 -1.501147 -0.272558 -1.578261
    58 2.856895 -1.536198 -0.973800 -1.501147 -0.272558 -1.578261
    59 0.000000 0.000000 10.000000 0.000000 0.000000 0.000000
    60 0.018898 0.665159 9.395884 0.000000 0.000000 0.000000
    61 2.000008 -3.000000 0.000000 -1.570796 0.000000 -1.326450
    62 3.028210 -0.923409 -2.009452 1.574082 -0.012974 1.587244
    63 0.116955 4.311607 0.061861 0.000010 0.000000 0.000000
    64 0.000000 0.000000 0.000001 0.000000 0.000000 0.000000
    65 0.000000 1.000000 0.000008 0.000000 0.000000 0.000000
    66 0.000000 0.000000 0.000002 0.000000 0.000000 0.000000
    67 0.000000 0.000000 0.000002 0.000000 0.000000 0.000000
    68 0.000000 0.000000 0.000002 0.000000 0.000000 0.000000
time 166
    0 -0.518555 -8.867188 46.562500 1.556748 0.061788 0.024576
    1 3.625659 0.000000 0.000000 -2.112468 -0.019738 -1.235255
    2 18.345819 0.000000 0.000000 0.000000 0.000000 0.146973
    3 16.751528 0.000000 0.000000 0.065852 0.373253 -0.540875
    4 5.943489 0.000000 0.000000 0.020389 -0.027716 -0.480435
    5 -3.625659 0.000000 0.000000 -1.254887 -0.072319 -1.805150
    6 18.345812 0.000000 0.000000 0.000000 0.000000 0.192458
    7 16.751524 0.000000 0.000000 0.089138 -0.222729 -0.733694
    8 5.943490 0.000000 0.000000 -0.112035 0.023866 -0.401318
    9 0.000000 4.043964 -0.017929 1.532127 -0.107539 1.602082
    10 3.995838 0.000000 0.000000 -0.039783 0.017286 -0.162767
    11 3.698242 -0.000001 0.000000 -0.039626 0.008954 -0.018742
    12 5.700890 0.000000 0.000000 -0.031048 0.025835 0.485559
    13 5.352852 -0.000001 0.000000 3.074745 0.160589 0.123648
    14 4.461819 0.000000 0.000000 -0.124538 -0.127789 0.725746
    15 4.065388 1.458945 1.500000 -1.584620 -0.956668 -0.165428
    16 5.507357 0.000004 -0.000001 -2.407293 -0.896819 0.145789
    17 10.907398 0.000000 0.000000 0.000000 0.000000 -0.592178
    18 10.424324 -0.000008 -0.000027 0.948846 -0.267614 0.229569
    19 2.997274 0.005409 -1.477472 0.297493 0.497556 -0.080474
    20 1.510382 0.000000 0.000000 0.011341 0.016615 -0.257537
    21 0.808655 0.000002 0.000000 -0.054433 -0.175361 0.039377
    22 3.305792 0.203112 -0.546730 0.228981 0.234014 0.043917
    23 1.807182 0.000002 0.000000 -0.051906 -0.088339 -0.190157
    24 0.966137 0.000001 0.000000 0.002387 0.009734 0.099588
    25 3.571512 0.109303 0.409580 0.187237 0.067893 0.178800
    26 2.150654 -0.000002 0.000000 -0.042028 -0.053936 -0.320272
    27 1.152748 0.000000 0.000000 0.001856 0.011945 0.064941
    28 3.684092 -0.158705 1.419183 0.117459 -0.234196 0.132137
    29 1.701014 -0.000002 0.000000 0.051316 0.064006 -0.334034
    30 0.994705 0.000002 0.000000 0.001258 0.038493 0.020488
    31 1.068069 -1.287201 0.981905 1.455344 -0.844004 0.072049
    32 1.836304 -0.000002 -0.000004 -0.000056 -0.188092 0.157023
    33 1.223948 -0.000001 0.000000 -0.000073 -0.040582 0.037650
    34 4.065392 1.458946 -1.500000 1.150712 0.952495 -0.425924
    35 5.507360 0.000008 -0.000001 2.710830 0.779573 0.296976
    36 10.907398 0.000000 0.000004 0.000000 0.000000 -2.273138
    37 10.424301 -0.000005 0.000019 -0.909708 -0.281762 0.139172
    38 2.997293 0.000065 1.477481 -0.296388 -0.505836 0.084787
    39 1.510378 -0.000004 0.000000 -0.011341 -0.016615 -0.257537
    40 0.808655 0.000000 0.000000 0.054433 0.175361 0.039377
    41 3.305817 0.201134 0.547461 -0.222549 -0.222705 0.044651
    42 1.807175 0.000000 0.000000 0.051906 0.088339 -0.190157
    43 0.966141 -0.000001 0.000000 -0.002387 -0.009734 0.099588
    44 3.571524 0.110786 -0.409182 -0.183620 -0.067925 0.084169
    45 2.150656 0.000000 0.000000 0.042028 0.053936 -0.320272
    46 1.152752 0.000000 0.000000 -0.001808 -0.011970 0.185709
    47 3.684113 -0.153563 -1.419748 -0.130025 0.167228 0.135320
    48 1.701017 0.000002 0.000000 -0.051316 -0.064006 -0.334034
    49 0.994705 0.000001 0.000000 -0.001284 -0.038506 0.309237
    50 1.068094 -1.283653 -0.986553 -1.411132 0.792526 0.151201
    51 1.836306 -0.000002 0.000000 0.000056 0.188092 0.157023
    52 1.223946 0.000000 0.000002 0.000034 0.040606 0.078248
    53 -12.453125 -21.359375 -5.382813 1.837827 0.013630 1.827881
    54 0.000000 0.000000 0.000000 -0.077030 -0.068757 -1.299215
    55 0.000004 -0.000007 -0.000031 1.373047 0.113574 0.124314
    56 0.000000 -0.000007 -0.000031 1.373047 0.113574 0.124314
    57 2.856897 -1.536201 -0.973800 -1.501147 -0.272558 -1.578261
    58 2.856895 -1.536198 -0.973800 -1.501147 -0.272558 -1.578261
    59 0.000000 0.000000 10.000000 0.000000 0.000000 0.000000
    60 0.018898 0.665159 9.395884 0.000000 0.000000 0.000000
    61 2.000008 -3.000000 0.000000 -1.570796 0.000000 -1.326450
    62 3.028210 -0.923409 -2.009452 1.574082 -0.012974 1.587244
    63 0.116955 4.311607 0.061861 0.000010 0.000000 0.000000
    64 0.000000 0.000000 0.000001 0.000000 0.000000 0.000000
    65 0.000000 1.000000 0.000008 0.000000 0.000000 0.000000
    66 0.000000 0.000000 0.000002 0.000000 0.000000 0.000000
    67 0.000000 0.000000 0.000002 0.000000 0.000000 0.000000
    68 0.000000 0.000000 0.000002 0.000000 0.000000 0.000000
time 167
    0 -0.490234 -8.835938 46.500000 1.558633 0.063618 0.024920
    1 3.625659 0.000000 0.000000 -2.117466 -0.017566 -1.240460
    2 18.345819 0.000000 0.000000 0.000000 0.000000 0.153465
    3 16.751528 0.000000 0.000000 0.064958 0.367419 -0.538366
    4 5.943489 0.000000 0.000000 0.020451 -0.027712 -0.478837
    5 -3.625659 0.000000 0.000000 -1.258700 -0.074298 -1.810331
    6 18.345812 0.000000 0.000000 0.000000 0.000000 0.192112
    7 16.751524 0.000000 0.000000 0.089888 -0.216741 -0.737452
    8 5.943490 0.000000 0.000000 -0.112008 0.023825 -0.400522
    9 0.000000 4.043964 -0.017929 1.531963 -0.107947 1.604545
    10 3.995838 0.000000 0.000000 -0.039976 0.018568 -0.162882
    11 3.698242 -0.000001 0.000000 -0.039888 0.008848 -0.019604
    12 5.700890 0.000000 0.000000 -0.031468 0.025281 0.483695
    13 5.352852 -0.000001 0.000000 3.072198 0.158460 0.124901
    14 4.461819 0.000000 0.000000 -0.124996 -0.128142 0.724150
    15 4.065388 1.458945 1.500000 -1.577293 -0.953467 -0.170819
    16 5.507357 0.000004 -0.000001 -2.392770 -0.893397 0.147889
    17 10.907398 0.000000 0.000000 0.000000 0.000000 -0.607811
    18 10.424324 -0.000008 -0.000027 0.947875 -0.271637 0.233291
    19 2.997274 0.005409 -1.477472 0.297493 0.497556 -0.080474
    20 1.510382 0.000000 0.000000 0.011341 0.016615 -0.257537
    21 0.808655 0.000002 0.000000 -0.054433 -0.175361 0.039377
    22 3.305792 0.203112 -0.546730 0.228981 0.234014 0.043917
    23 1.807182 0.000002 0.000000 -0.051906 -0.088339 -0.190157
    24 0.966137 0.000001 0.000000 0.002387 0.009734 0.099588
    25 3.571512 0.109303 0.409580 0.187237 0.067893 0.178800
    26 2.150654 -0.000002 0.000000 -0.042028 -0.053936 -0.320272
    27 1.152748 0.000000 0.000000 0.001856 0.011945 0.064941
    28 3.684092 -0.158705 1.419183 0.117459 -0.234196 0.132137
    29 1.701014 -0.000002 0.000000 0.051316 0.064006 -0.334034
    30 0.994705 0.000002 0.000000 0.001258 0.038493 0.020488
    31 1.068069 -1.287201 0.981905 1.455344 -0.844004 0.072049
    32 1.836304 -0.000002 -0.000004 -0.000056 -0.188092 0.157023
    33 1.223948 -0.000001 0.000000 -0.000073 -0.040582 0.037650
    34 4.065392 1.458946 -1.500000 1.147783 0.947041 -0.425795
    35 5.507360 0.000008 -0.000001 2.720212 0.776636 0.300242
    36 10.907398 0.000000 0.000004 0.000000 0.000000 -2.272377
    37 10.424301 -0.000005 0.000019 -0.908963 -0.281110 0.143171
    38 2.997293 0.000065 1.477481 -0.296388 -0.505836 0.084787
    39 1.510378 -0.000004 0.000000 -0.011341 -0.016615 -0.257537
    40 0.808655 0.000000 0.000000 0.054433 0.175361 0.039377
    41 3.305817 0.201134 0.547461 -0.222549 -0.222705 0.044651
    42 1.807175 0.000000 0.000000 0.051906 0.088339 -0.190157
    43 0.966141 -0.000001 0.000000 -0.002387 -0.009734 0.099588
    44 3.571524 0.110786 -0.409182 -0.183620 -0.067925 0.084169
    45 2.150656 0.000000 0.000000 0.042028 0.053936 -0.320272
    46 1.152752 0.000000 0.000000 -0.001808 -0.011970 0.185709
    47 3.684113 -0.153563 -1.419748 -0.130025 0.167228 0.135320
    48 1.701017 0.000002 0.000000 -0.051316 -0.064006 -0.334034
    49 0.994705 0.000001 0.000000 -0.001284 -0.038506 0.309237
    50 1.068094 -1.283653 -0.986553 -1.411132 0.792526 0.151201
    51 1.836306 -0.000002 0.000000 0.000056 0.188092 0.157023
    52 1.223946 0.000000 0.000002 0.000034 0.040606 0.078248
    53 -7.648438 -21.640625 -6.367188 1.836151 0.035571 1.840478
    54 0.000000 0.000000 0.000000 -0.077030 -0.068757 -1.299215
    55 0.000004 -0.000007 -0.000031 1.373047 0.113574 0.124314
    56 0.000000 -0.000007 -0.000031 1.373047 0.113574 0.124314
    57 2.856897 -1.536201 -0.973800 -1.501147 -0.272558 -1.578261
    58 2.856895 -1.536198 -0.973800 -1.501147 -0.272558 -1.578261
    59 0.000000 0.000000 10.000000 0.000000 0.000000 0.000000
    60 0.018898 0.665159 9.395884 0.000000 0.000000 0.000000
    61 2.000008 -3.000000 0.000000 -1.570796 0.000000 -1.326450
    62 3.028210 -0.923409 -2.009452 1.574082 -0.012974 1.587244
    63 0.116955 4.311607 0.061861 0.000010 0.000000 0.000000
    64 0.000000 0.000000 0.000001 0.000000 0.000000 0.000000
    65 0.000000 1.000000 0.000008 0.000000 0.000000 0.000000
    66 0.000000 0.000000 0.000002 0.000000 0.000000 0.000000
    67 0.000000 0.000000 0.000002 0.000000 0.000000 0.000000
    68 0.000000 0.000000 0.000002 0.000000 0.000000 0.000000
time 168
    0 -0.447266 -8.796875 46.437500 1.560259 0.064779 0.024853
    1 3.625659 0.000000 0.000000 -2.122540 -0.015518 -1.245604
    2 18.345819 0.000000 0.000000 0.000000 0.000000 0.159440
    3 16.751528 0.000000 0.000000 0.066059 0.356924 -0.533065
    4 5.943489 0.000000 0.000000 0.020465 -0.027701 -0.479903
    5 -3.625659 0.000000 0.000000 -1.260018 -0.076617 -1.815002
    6 18.345812 0.000000 0.000000 0.000000 0.000000 0.190117
    7 16.751524 0.000000 0.000000 0.083807 -0.220091 -0.734926
    8 5.943490 0.000000 0.000000 -0.112023 0.023874 -0.404495
    9 0.000000 4.043964 -0.017929 1.531975 -0.108761 1.607240
    10 3.995838 0.000000 0.000000 -0.040159 0.019769 -0.162736
    11 3.698242 -0.000001 0.000000 -0.039889 0.008210 -0.021318
    12 5.700890 0.000000 0.000000 -0.032078 0.024323 0.481479
    13 5.352852 -0.000001 0.000000 3.070454 0.157141 0.128107
    14 4.461819 0.000000 0.000000 -0.125527 -0.128522 0.721177
    15 4.065388 1.458945 1.500000 -1.569005 -0.949926 -0.177072
    16 5.507357 0.000004 -0.000001 -2.369165 -0.893568 0.148600
    17 10.907398 0.000000 0.000000 0.000000 0.000000 -0.618405
    18 10.424324 -0.000008 -0.000027 0.950316 -0.271718 0.229979
    19 2.997274 0.005409 -1.477472 0.297493 0.497556 -0.080474
    20 1.510382 0.000000 0.000000 0.011341 0.016615 -0.257537
    21 0.808655 0.000002 0.000000 -0.054433 -0.175361 0.039377
    22 3.305792 0.203112 -0.546730 0.228981 0.234014 0.043917
    23 1.807182 0.000002 0.000000 -0.051906 -0.088339 -0.190157
    24 0.966137 0.000001 0.000000 0.002387 0.009734 0.099588
    25 3.571512 0.109303 0.409580 0.187237 0.067893 0.178800
    26 2.150654 -0.000002 0.000000 -0.042028 -0.053936 -0.320272
    27 1.152748 0.000000 0.000000 0.001856 0.011945 0.064941
    28 3.684092 -0.158705 1.419183 0.117459 -0.234196 0.132137
    29 1.701014 -0.000002 0.000000 0.051316 0.064006 -0.334034
    30 0.994705 0.000002 0.000000 0.001258 0.038493 0.020488
    31 1.068069 -1.287201 0.981905 1.455344 -0.844004 0.072049
    32 1.836304 -0.000002 -0.000004 -0.000056 -0.188092 0.157023
    33 1.223948 -0.000001 0.000000 -0.000073 -0.040582 0.037650
    34 4.065392 1.458946 -1.500000 1.145426 0.940204 -0.424833
    35 5.507360 0.000008 -0.000001 2.728714 0.773995 0.301735
    36 10.907398 0.000000 0.000004 0.000000 0.000000 -2.270568
    37 10.424301 -0.000005 0.000019 -0.907686 -0.282000 0.147840
    38 2.997293 0.000065 1.477481 -0.296388 -0.505836 0.084787
    39 1.510378 -0.000004 0.000000 -0.011341 -0.016615 -0.257537
    40 0.808655 0.000000 0.000000 0.054433 0.175361 0.039377
    41 3.305817 0.201134 0.547461 -0.222549 -0.222705 0.044651
    42 1.807175 0.000000 0.000000 0.051906 0.088339 -0.190157
    43 0.966141 -0.000001 0.000000 -0.002387 -0.009734 0.099588
    44 3.571524 0.110786 -0.409182 -0.183620 -0.067925 0.084169
    45 2.150656 0.000000 0.000000 0.042028 0.053936 -0.320272
    46 1.152752 0.000000 0.000000 -0.001808 -0.011970 0.185709
    47 3.684113 -0.153563 -1.419748 -0.130025 0.167228 0.135320
    48 1.701017 0.000002 0.000000 -0.051316 -0.064006 -0.334034
    49 0.994705 0.000001 0.000000 -0.001284 -0.038506 0.309237
    50 1.068094 -1.283653 -0.986553 -1.411132 0.792526 0.151201
    51 1.836306 -0.000002 0.000000 0.000056 0.188092 0.157023
    52 1.223946 0.000000 0.000002 0.000034 0.040606 0.078248
    53 -3.779297 -19.484375 -7.085938 1.829511 0.064281 1.849259
    54 0.000000 0.000000 0.000000 -0.077030 -0.068757 -1.299215
    55 0.000004 -0.000007 -0.000031 1.373047 0.113574 0.124314
    56 0.000000 -0.000007 -0.000031 1.373047 0.113574 0.124314
    57 2.856897 -1.536201 -0.973800 -1.501147 -0.272558 -1.578261
    58 2.856895 -1.536198 -0.973800 -1.501147 -0.272558 -1.578261
    59 0.000000 0.000000 10.000000 0.000000 0.000000 0.000000
    60 0.018898 0.665159 9.395884 0.000000 0.000000 0.000000
    61 2.000008 -3.000000 0.000000 -1.570796 0.000000 -1.326450
    62 3.028210 -0.923409 -2.009452 1.574082 -0.012974 1.587244
    63 0.116955 4.311607 0.061861 0.000010 0.000000 0.000000
    64 0.000000 0.000000 0.000001 0.000000 0.000000 0.000000
    65 0.000000 1.000000 0.000008 0.000000 0.000000 0.000000
    66 0.000000 0.000000 0.000002 0.000000 0.000000 0.000000
    67 0.000000 0.000000 0.000002 0.000000 0.000000 0.000000
    68 0.000000 0.000000 0.000002 0.000000 0.000000 0.000000
time 169
    0 -0.384033 -8.757813 46.375000 1.562076 0.064769 0.024494
    1 3.625659 0.000000 0.000000 -2.126317 -0.014232 -1.251722
    2 18.345819 0.000000 0.000000 0.000000 0.000000 0.164117
    3 16.751528 0.000000 0.000000 0.069496 0.350095 -0.525644
    4 5.943489 0.000000 0.000000 0.020400 -0.027708 -0.481236
    5 -3.625659 0.000000 0.000000 -1.260216 -0.079658 -1.820051
    6 18.345812 0.000000 0.000000 0.000000 0.000000 0.186475
    7 16.751524 0.000000 0.000000 0.077900 -0.225946 -0.726949
    8 5.943490 0.000000 0.000000 -0.112094 0.023824 -0.411734
    9 0.000000 4.043964 -0.017929 1.531906 -0.109729 1.610014
    10 3.995838 0.000000 0.000000 -0.040242 0.020805 -0.162585
    11 3.698242 -0.000001 0.000000 -0.039799 0.007315 -0.022941
    12 5.700890 0.000000 0.000000 -0.032755 0.022742 0.478472
    13 5.352852 -0.000001 0.000000 3.070864 0.157409 0.133254
    14 4.461819 0.000000 0.000000 -0.125153 -0.129184 0.717226
    15 4.065388 1.458945 1.500000 -1.559884 -0.945971 -0.184036
    16 5.507357 0.000004 -0.000001 -2.346447 -0.896271 0.147856
    17 10.907398 0.000000 0.000000 0.000000 0.000000 -0.622122
    18 10.424324 -0.000008 -0.000027 0.952282 -0.268911 0.229351
    19 2.997274 0.005409 -1.477472 0.297493 0.497556 -0.080474
    20 1.510382 0.000000 0.000000 0.011341 0.016615 -0.257537
    21 0.808655 0.000002 0.000000 -0.054433 -0.175361 0.039377
    22 3.305792 0.203112 -0.546730 0.228981 0.234014 0.043917
    23 1.807182 0.000002 0.000000 -0.051906 -0.088339 -0.190157
    24 0.966137 0.000001 0.000000 0.002387 0.009734 0.099588
    25 3.571512 0.109303 0.409580 0.187237 0.067893 0.178800
    26 2.150654 -0.000002 0.000000 -0.042028 -0.053936 -0.320272
    27 1.152748 0.000000 0.000000 0.001856 0.011945 0.064941
    28 3.684092 -0.158705 1.419183 0.117459 -0.234196 0.132137
    29 1.701014 -0.000002 0.000000 0.051316 0.064006 -0.334034
    30 0.994705 0.000002 0.000000 0.001258 0.038493 0.020488
    31 1.068069 -1.287201 0.981905 1.455344 -0.844004 0.072049
    32 1.836304 -0.000002 -0.000004 -0.000056 -0.188092 0.157023
    33 1.223948 -0.000001 0.000000 -0.000073 -0.040582 0.037650
    34 4.065392 1.458946 -1.500000 1.144785 0.935203 -0.423660
    35 5.507360 0.000008 -0.000001 2.734869 0.770288 0.305009
    36 10.907398 0.000000 0.000004 0.000000 0.000000 -2.266472
    37 10.424301 -0.000005 0.000019 -0.904606 -0.286324 0.154171
    38 2.997293 0.000065 1.477481 -0.296388 -0.505836 0.084787
    39 1.510378 -0.000004 0.000000 -0.011341 -0.016615 -0.257537
    40 0.808655 0.000000 0.000000 0.054433 0.175361 0.039377
    41 3.305817 0.201134 0.547461 -0.222549 -0.222705 0.044651
    42 1.807175 0.000000 0.000000 0.051906 0.088339 -0.190157
    43 0.966141 -0.000001 0.000000 -0.002387 -0.009734 0.099588
    44 3.571524 0.110786 -0.409182 -0.183620 -0.067925 0.084169
    45 2.150656 0.000000 0.000000 0.042028 0.053936 -0.320272
    46 1.152752 0.000000 0.000000 -0.001808 -0.011970 0.185709
    47 3.684113 -0.153563 -1.419748 -0.130025 0.167228 0.135320
    48 1.701017 0.000002 0.000000 -0.051316 -0.064006 -0.334034
    49 0.994705 0.000001 0.000000 -0.001284 -0.038506 0.309237
    50 1.068094 -1.283653 -0.986553 -1.411132 0.792526 0.151201
    51 1.836306 -0.000002 0.000000 0.000056 0.188092 0.157023
    52 1.223946 0.000000 0.000002 0.000034 0.040606 0.078248
    53 -2.187500 -15.210938 -8.195313 1.821586 0.090961 1.851590
    54 0.000000 0.000000 0.000000 -0.077030 -0.068757 -1.299215
    55 0.000004 -0.000007 -0.000031 1.373047 0.113574 0.124314
    56 0.000000 -0.000007 -0.000031 1.373047 0.113574 0.124314
    57 2.856897 -1.536201 -0.973800 -1.501147 -0.272558 -1.578261
    58 2.856895 -1.536198 -0.973800 -1.501147 -0.272558 -1.578261
    59 0.000000 0.000000 10.000000 0.000000 0.000000 0.000000
    60 0.018898 0.665159 9.395884 0.000000 0.000000 0.000000
    61 2.000008 -3.000000 0.000000 -1.570796 0.000000 -1.326450
    62 3.028210 -0.923409 -2.009452 1.574082 -0.012974 1.587244
    63 0.116955 4.311607 0.061861 0.000010 0.000000 0.000000
    64 0.000000 0.000000 0.000001 0.000000 0.000000 0.000000
    65 0.000000 1.000000 0.000008 0.000000 0.000000 0.000000
    66 0.000000 0.000000 0.000002 0.000000 0.000000 0.000000
    67 0.000000 0.000000 0.000002 0.000000 0.000000 0.000000
    68 0.000000 0.000000 0.000002 0.000000 0.000000 0.000000
time 170
    0 -0.287109 -8.718750 46.281250 1.564249 0.063505 0.023422
    1 3.625659 0.000000 0.000000 -2.128462 -0.014117 -1.259176
    2 18.345819 0.000000 0.000000 0.000000 0.000000 0.166109
    3 16.751528 0.000000 0.000000 0.079634 0.351154 -0.517226
    4 5.943489 0.000000 0.000000 0.020411 -0.027741 -0.475993
    5 -3.625659 0.000000 0.000000 -1.256021 -0.083509 -1.826015
    6 18.345812 0.000000 0.000000 0.000000 0.000000 0.180667
    7 16.751524 0.000000 0.000000 0.069256 -0.233174 -0.713425
    8 5.943490 0.000000 0.000000 -0.112024 0.023855 -0.419686
    9 0.000000 4.043964 -0.017929 1.531985 -0.110596 1.613376
    10 3.995838 0.000000 0.000000 -0.040263 0.022100 -0.162699
    11 3.698242 -0.000001 0.000000 -0.039617 0.005895 -0.024984
    12 5.700890 0.000000 0.000000 -0.033679 0.020500 0.474943
    13 5.352852 -0.000001 0.000000 3.072034 0.157655 0.139243
    14 4.461819 0.000000 0.000000 -0.124643 -0.129185 0.712470
    15 4.065388 1.458945 1.500000 -1.550472 -0.941831 -0.191229
    16 5.507357 0.000004 -0.000001 -2.328594 -0.896828 0.144888
    17 10.907398 0.000000 0.000000 0.000000 0.000000 -0.624933
    18 10.424324 -0.000008 -0.000027 0.954422 -0.267445 0.226944
    19 2.997274 0.005409 -1.477472 0.297493 0.497556 -0.080474
    20 1.510382 0.000000 0.000000 0.011341 0.016615 -0.257537
    21 0.808655 0.000002 0.000000 -0.054433 -0.175361 0.039377
    22 3.305792 0.203112 -0.546730 0.228981 0.234014 0.043917
    23 1.807182 0.000002 0.000000 -0.051906 -0.088339 -0.190157
    24 0.966137 0.000001 0.000000 0.002387 0.009734 0.099588
    25 3.571512 0.109303 0.409580 0.187237 0.067893 0.178800
    26 2.150654 -0.000002 0.000000 -0.042028 -0.053936 -0.320272
    27 1.152748 0.000000 0.000000 0.001856 0.011945 0.064941
    28 3.684092 -0.158705 1.419183 0.117459 -0.234196 0.132137
    29 1.701014 -0.000002 0.000000 0.051316 0.064006 -0.334034
    30 0.994705 0.000002 0.000000 0.001258 0.038493 0.020488
    31 1.068069 -1.287201 0.981905 1.455344 -0.844004 0.072049
    32 1.836304 -0.000002 -0.000004 -0.000056 -0.188092 0.157023
    33 1.223948 -0.000001 0.000000 -0.000073 -0.040582 0.037650
    34 4.065392 1.458946 -1.500000 1.147381 0.931947 -0.421863
    35 5.507360 0.000008 -0.000001 2.737182 0.765276 0.306415
    36 10.907398 0.000000 0.000004 0.000000 0.000000 -2.262467
    37 10.424301 -0.000005 0.000019 -0.901248 -0.291765 0.159435
    38 2.997293 0.000065 1.477481 -0.296388 -0.505836 0.084787
    39 1.510378 -0.000004 0.000000 -0.011341 -0.016615 -0.257537
    40 0.808655 0.000000 0.000000 0.054433 0.175361 0.039377
    41 3.305817 0.201134 0.547461 -0.222549 -0.222705 0.044651
    42 1.807175 0.000000 0.000000 0.051906 0.088339 -0.190157
    43 0.966141 -0.000001 0.000000 -0.002387 -0.009734 0.099588
    44 3.571524 0.110786 -0.409182 -0.183620 -0.067925 0.084169
    45 2.150656 0.000000 0.000000 0.042028 0.053936 -0.320272
    46 1.152752 0.000000 0.000000 -0.001808 -0.011970 0.185709
    47 3.684113 -0.153563 -1.419748 -0.130025 0.167228 0.135320
    48 1.701017 0.000002 0.000000 -0.051316 -0.064006 -0.334034
    49 0.994705 0.000001 0.000000 -0.001284 -0.038506 0.309237
    50 1.068094 -1.283653 -0.986553 -1.411132 0.792526 0.151201
    51 1.836306 -0.000002 0.000000 0.000056 0.188092 0.157023
    52 1.223946 0.000000 0.000002 0.000034 0.040606 0.078248
    53 -4.816406 -10.570313 -9.671875 1.816914 0.112622 1.850965
    54 0.000000 0.000000 0.000000 -0.077030 -0.068757 -1.299215
    55 0.000004 -0.000007 -0.000031 1.373047 0.113574 0.124314
    56 0.000000 -0.000007 -0.000031 1.373047 0.113574 0.124314
    57 2.856897 -1.536201 -0.973800 -1.501147 -0.272558 -1.578261
    58 2.856895 -1.536198 -0.973800 -1.501147 -0.272558 -1.578261
    59 0.000000 0.000000 10.000000 0.000000 0.000000 0.000000
    60 0.018898 0.665159 9.395884 0.000000 0.000000 0.000000
    61 2.000008 -3.000000 0.000000 -1.570796 0.000000 -1.326450
    62 3.028210 -0.923409 -2.009452 1.574082 -0.012974 1.587244
    63 0.116955 4.311607 0.061861 0.000010 0.000000 0.000000
    64 0.000000 0.000000 0.000001 0.000000 0.000000 0.000000
    65 0.000000 1.000000 0.000008 0.000000 0.000000 0.000000
    66 0.000000 0.000000 0.000002 0.000000 0.000000 0.000000
    67 0.000000 0.000000 0.000002 0.000000 0.000000 0.000000
    68 0.000000 0.000000 0.000002 0.000000 0.000000 0.000000
time 171
    0 -0.174561 -8.687500 46.187500 1.566642 0.061921 0.020224
    1 3.625659 0.000000 0.000000 -2.132386 -0.014000 -1.266153
    2 18.345819 0.000000 0.000000 0.000000 0.000000 0.165676
    3 16.751528 0.000000 0.000000 0.091600 0.360145 -0.509788
    4 5.943489 0.000000 0.000000 0.020389 -0.027700 -0.469776
    5 -3.625659 0.000000 0.000000 -1.249794 -0.089058 -1.831482
    6 18.345812 0.000000 0.000000 0.000000 0.000000 0.175207
    7 16.751524 0.000000 0.000000 0.058632 -0.241644 -0.700826
    8 5.943490 0.000000 0.000000 -0.112019 0.023839 -0.423310
    9 0.000000 4.043964 -0.017929 1.532731 -0.111386 1.617133
    10 3.995838 0.000000 0.000000 -0.039689 0.023529 -0.162895
    11 3.698242 -0.000001 0.000000 -0.038915 0.004564 -0.027288
    12 5.700890 0.000000 0.000000 -0.034053 0.017933 0.470715
    13 5.352852 -0.000001 0.000000 3.072988 0.157683 0.146006
    14 4.461819 0.000000 0.000000 -0.124293 -0.128671 0.707503
    15 4.065388 1.458945 1.500000 -1.540727 -0.935868 -0.199247
    16 5.507357 0.000004 -0.000001 -2.319991 -0.894524 0.137434
    17 10.907398 0.000000 0.000000 0.000000 0.000000 -0.627202
    18 10.424324 -0.000008 -0.000027 0.955879 -0.268512 0.225496
    19 2.997274 0.005409 -1.477472 0.297493 0.497556 -0.080474
    20 1.510382 0.000000 0.000000 0.011341 0.016615 -0.257537
    21 0.808655 0.000002 0.000000 -0.054433 -0.175361 0.039377
    22 3.305792 0.203112 -0.546730 0.228981 0.234014 0.043917
    23 1.807182 0.000002 0.000000 -0.051906 -0.088339 -0.190157
    24 0.966137 0.000001 0.000000 0.002387 0.009734 0.099588
    25 3.571512 0.109303 0.409580 0.187237 0.067893 0.178800
    26 2.150654 -0.000002 0.000000 -0.042028 -0.053936 -0.320272
    27 1.152748 0.000000 0.000000 0.001856 0.011945 0.064941
    28 3.684092 -0.158705 1.419183 0.117459 -0.234196 0.132137
    29 1.701014 -0.000002 0.000000 0.051316 0.064006 -0.334034
    30 0.994705 0.000002 0.000000 0.001258 0.038493 0.020488
    31 1.068069 -1.287201 0.981905 1.455344 -0.844004 0.072049
    32 1.836304 -0.000002 -0.000004 -0.000056 -0.188092 0.157023
    33 1.223948 -0.000001 0.000000 -0.000073 -0.040582 0.037650
    34 4.065392 1.458946 -1.500000 1.150445 0.926692 -0.420180
    35 5.507360 0.000008 -0.000001 2.738996 0.760692 0.303574
    36 10.907398 0.000000 0.000004 0.000000 0.000000 -2.259604
    37 10.424301 -0.000005 0.000019 -0.898927 -0.296943 0.163001
    38 2.997293 0.000065 1.477481 -0.296388 -0.505836 0.084787
    39 1.510378 -0.000004 0.000000 -0.011341 -0.016615 -0.257537
    40 0.808655 0.000000 0.000000 0.054433 0.175361 0.039377
    41 3.305817 0.201134 0.547461 -0.222549 -0.222705 0.044651
    42 1.807175 0.000000 0.000000 0.051906 0.088339 -0.190157
    43 0.966141 -0.000001 0.000000 -0.002387 -0.009734 0.099588
    44 3.571524 0.110786 -0.409182 -0.183620 -0.067925 0.084169
    45 2.150656 0.000000 0.000000 0.042028 0.053936 -0.320272
    46 1.152752 0.000000 0.000000 -0.001808 -0.011970 0.185709
    47 3.684113 -0.153563 -1.419748 -0.130025 0.167228 0.135320
    48 1.701017 0.000002 0.000000 -0.051316 -0.064006 -0.334034
    49 0.994705 0.000001 0.000000 -0.001284 -0.038506 0.309237
    50 1.068094 -1.283653 -0.986553 -1.411132 0.792526 0.151201
    51 1.836306 -0.000002 0.000000 0.000056 0.188092 0.157023
    52 1.223946 0.000000 0.000002 0.000034 0.040606 0.078248
    53 -8.851563 -7.601563 -10.703125 1.818309 0.124243 1.846565
    54 0.000000 0.000000 0.000000 -0.077030 -0.068757 -1.299215
    55 0.000004 -0.000007 -0.000031 1.373047 0.113574 0.124314
    56 0.000000 -0.000007 -0.000031 1.373047 0.113574 0.124314
    57 2.856897 -1.536201 -0.973800 -1.501147 -0.272558 -1.578261
    58 2.856895 -1.536198 -0.973800 -1.501147 -0.272558 -1.578261
    59 0.000000 0.000000 10.000000 0.000000 0.000000 0.000000
    60 0.018898 0.665159 9.395884 0.000000 0.000000 0.000000
    61 2.000008 -3.000000 0.000000 -1.570796 0.000000 -1.326450
    62 3.028210 -0.923409 -2.009452 1.574082 -0.012974 1.587244
    63 0.116955 4.311607 0.061861 0.000010 0.000000 0.000000
    64 0.000000 0.000000 0.000001 0.000000 0.000000 0.000000
    65 0.000000 1.000000 0.000008 0.000000 0.000000 0.000000
    66 0.000000 0.000000 0.000002 0.000000 0.000000 0.000000
    67 0.000000 0.000000 0.000002 0.000000 0.000000 0.000000
    68 0.000000 0.000000 0.000002 0.000000 0.000000 0.000000
time 172
    0 -0.072083 -8.648438 46.093750 1.568850 0.059922 0.016249
    1 3.625659 0.000000 0.000000 -2.136181 -0.014291 -1.271832
    2 18.345819 0.000000 0.000000 0.000000 0.000000 0.163857
    3 16.751528 0.000000 0.000000 0.100711 0.371684 -0.504570
    4 5.943489 0.000000 0.000000 0.020408 -0.027728 -0.465073
    5 -3.625659 0.000000 0.000000 -1.243240 -0.095410 -1.835075
    6 18.345812 0.000000 0.000000 0.000000 0.000000 0.170701
    7 16.751524 0.000000 0.000000 0.054246 -0.243706 -0.690599
    8 5.943490 0.000000 0.000000 -0.112025 0.023814 -0.423751
    9 0.000000 4.043964 -0.017929 1.533701 -0.112871 1.620004
    10 3.995838 0.000000 0.000000 -0.038993 0.024537 -0.162993
    11 3.698242 -0.000001 0.000000 -0.038042 0.003491 -0.029855
    12 5.700890 0.000000 0.000000 -0.033949 0.015858 0.465598
    13 5.352852 -0.000001 0.000000 3.073815 0.157444 0.152506
    14 4.461819 0.000000 0.000000 -0.123804 -0.128024 0.702518
    15 4.065388 1.458945 1.500000 -1.530921 -0.930073 -0.207437
    16 5.507357 0.000004 -0.000001 -2.327721 -0.890052 0.130902
    17 10.907398 0.000000 0.000000 0.000000 0.000000 -0.627928
    18 10.424324 -0.000008 -0.000027 0.954469 -0.270201 0.232513
    19 2.997274 0.005409 -1.477472 0.297493 0.497556 -0.080474
    20 1.510382 0.000000 0.000000 0.011341 0.016615 -0.257537
    21 0.808655 0.000002 0.000000 -0.054433 -0.175361 0.039377
    22 3.305792 0.203112 -0.546730 0.228981 0.234014 0.043917
    23 1.807182 0.000002 0.000000 -0.051906 -0.088339 -0.190157
    24 0.966137 0.000001 0.000000 0.002387 0.009734 0.099588
    25 3.571512 0.109303 0.409580 0.187237 0.067893 0.178800
    26 2.150654 -0.000002 0.000000 -0.042028 -0.053936 -0.320272
    27 1.152748 0.000000 0.000000 0.001856 0.011945 0.064941
    28 3.684092 -0.158705 1.419183 0.117459 -0.234196 0.132137
    29 1.701014 -0.000002 0.000000 0.051316 0.064006 -0.334034
    30 0.994705 0.000002 0.000000 0.001258 0.038493 0.020488
    31 1.068069 -1.287201 0.981905 1.455344 -0.844004 0.072049
    32 1.836304 -0.000002 -0.000004 -0.000056 -0.188092 0.157023
    33 1.223948 -0.000001 0.000000 -0.000073 -0.040582 0.037650
    34 4.065392 1.458946 -1.500000 1.152268 0.920023 -0.418319
    35 5.507360 0.000008 -0.000001 2.740664 0.756669 0.299436
    36 10.907398 0.000000 0.000004 0.000000 0.000000 -2.257408
    37 10.424301 -0.000005 0.000019 -0.896758 -0.300655 0.167410
    38 2.997293 0.000065 1.477481 -0.296388 -0.505836 0.084787
    39 1.510378 -0.000004 0.000000 -0.011341 -0.016615 -0.257537
    40 0.808655 0.000000 0.000000 0.054433 0.175361 0.039377
    41 3.305817 0.201134 0.547461 -0.222549 -0.222705 0.044651
    42 1.807175 0.000000 0.000000 0.051906 0.088339 -0.190157
    43 0.966141 -0.000001 0.000000 -0.002387 -0.009734 0.099588
    44 3.571524 0.110786 -0.409182 -0.183620 -0.067925 0.084169
    45 2.150656 0.000000 0.000000 0.042028 0.053936 -0.320272
    46 1.152752 0.000000 0.000000 -0.001808 -0.011970 0.185709
    47 3.684113 -0.153563 -1.419748 -0.130025 0.167228 0.135320
    48 1.701017 0.000002 0.000000 -0.051316 -0.064006 -0.334034
    49 0.994705 0.000001 0.000000 -0.001284 -0.038506 0.309237
    50 1.068094 -1.283653 -0.986553 -1.411132 0.792526 0.151201
    51 1.836306 -0.000002 0.000000 0.000056 0.188092 0.157023
    52 1.223946 0.000000 0.000002 0.000034 0.040606 0.078248
    53 -13.023438 -6.125000 -10.929688 1.827496 0.121863 1.840294
    54 0.000000 0.000000 0.000000 -0.077030 -0.068757 -1.299215
    55 0.000004 -0.000007 -0.000031 1.373047 0.113574 0.124314
    56 0.000000 -0.000007 -0.000031 1.373047 0.113574 0.124314
    57 2.856897 -1.536201 -0.973800 -1.501147 -0.272558 -1.578261
    58 2.856895 -1.536198 -0.973800 -1.501147 -0.272558 -1.578261
    59 0.000000 0.000000 10.000000 0.000000 0.000000 0.000000
    60 0.018898 0.665159 9.395884 0.000000 0.000000 0.000000
    61 2.000008 -3.000000 0.000000 -1.570796 0.000000 -1.326450
    62 3.028210 -0.923409 -2.009452 1.574082 -0.012974 1.587244
    63 0.116955 4.311607 0.061861 0.000010 0.000000 0.000000
    64 0.000000 0.000000 0.000001 0.000000 0.000000 0.000000
    65 0.000000 1.000000 0.000008 0.000000 0.000000 0.000000
    66 0.000000 0.000000 0.000002 0.000000 0.000000 0.000000
    67 0.000000 0.000000 0.000002 0.000000 0.000000 0.000000
    68 0.000000 0.000000 0.000002 0.000000 0.000000 0.000000
time 173
    0 0.026947 -8.601563 46.000000 1.570818 0.057580 0.013033
    1 3.625659 0.000000 0.000000 -2.137662 -0.015657 -1.276741
    2 18.345819 0.000000 0.000000 0.000000 0.000000 0.160653
    3 16.751528 0.000000 0.000000 0.109615 0.381691 -0.499490
    4 5.943489 0.000000 0.000000 0.020394 -0.027738 -0.464097
    5 -3.625659 0.000000 0.000000 -1.234461 -0.101436 -1.837442
    6 18.345812 0.000000 0.000000 0.000000 0.000000 0.167669
    7 16.751524 0.000000 0.000000 0.055101 -0.237746 -0.683923
    8 5.943490 0.000000 0.000000 -0.112057 0.023870 -0.420925
    9 0.000000 4.043964 -0.017929 1.534246 -0.113703 1.622318
    10 3.995838 0.000000 0.000000 -0.038271 0.025295 -0.162652
    11 3.698242 -0.000001 0.000000 -0.037255 0.002602 -0.031823
    12 5.700890 0.000000 0.000000 -0.033913 0.014185 0.461986
    13 5.352852 -0.000001 0.000000 3.074207 0.156192 0.158916
    14 4.461819 0.000000 0.000000 -0.123211 -0.127209 0.698067
    15 4.065388 1.458945 1.500000 -1.524702 -0.925600 -0.212901
    16 5.507357 0.000004 -0.000001 -2.346914 -0.882871 0.127078
    17 10.907398 0.000000 0.000000 0.000000 0.000000 -0.629562
    18 10.424324 -0.000008 -0.000027 0.952478 -0.274119 0.239154
    19 2.997274 0.005409 -1.477472 0.297493 0.497556 -0.080474
    20 1.510382 0.000000 0.000000 0.011341 0.016615 -0.257537
    21 0.808655 0.000002 0.000000 -0.054433 -0.175361 0.039377
    22 3.305792 0.203112 -0.546730 0.228981 0.234014 0.043917
    23 1.807182 0.000002 0.000000 -0.051906 -0.088339 -0.190157
    24 0.966137 0.000001 0.000000 0.002387 0.009734 0.099588
    25 3.571512 0.109303 0.409580 0.187237 0.067893 0.178800
    26 2.150654 -0.000002 0.000000 -0.042028 -0.053936 -0.320272
    27 1.152748 0.000000 0.000000 0.001856 0.011945 0.064941
    28 3.684092 -0.158705 1.419183 0.117459 -0.234196 0.132137
    29 1.701014 -0.000002 0.000000 0.051316 0.064006 -0.334034
    30 0.994705 0.000002 0.000000 0.001258 0.038493 0.020488
    31 1.068069 -1.287201 0.981905 1.455344 -0.844004 0.072049
    32 1.836304 -0.000002 -0.000004 -0.000056 -0.188092 0.157023
    33 1.223948 -0.000001 0.000000 -0.000073 -0.040582 0.037650
    34 4.065392 1.458946 -1.500000 1.154471 0.911132 -0.414760
    35 5.507360 0.000008 -0.000001 2.743634 0.752019 0.293939
    36 10.907398 0.000000 0.000004 0.000000 0.000000 -2.255498
    37 10.424301 -0.000005 0.000019 -0.893548 -0.304367 0.174795
    38 2.997293 0.000065 1.477481 -0.296388 -0.505836 0.084787
    39 1.510378 -0.000004 0.000000 -0.011341 -0.016615 -0.257537
    40 0.808655 0.000000 0.000000 0.054433 0.175361 0.039377
    41 3.305817 0.201134 0.547461 -0.222549 -0.222705 0.044651
    42 1.807175 0.000000 0.000000 0.051906 0.088339 -0.190157
    43 0.966141 -0.000001 0.000000 -0.002387 -0.009734 0.099588
    44 3.571524 0.110786 -0.409182 -0.183620 -0.067925 0.084169
    45 2.150656 0.000000 0.000000 0.042028 0.053936 -0.320272
    46 1.152752 0.000000 0.000000 -0.001808 -0.011970 0.185709
    47 3.684113 -0.153563 -1.419748 -0.130025 0.167228 0.135320
    48 1.701017 0.000002 0.000000 -0.051316 -0.064006 -0.334034
    49 0.994705 0.000001 0.000000 -0.001284 -0.038506 0.309237
    50 1.068094 -1.283653 -0.986553 -1.411132 0.792526 0.151201
    51 1.836306 -0.000002 0.000000 0.000056 0.188092 0.157023
    52 1.223946 0.000000 0.000002 0.000034 0.040606 0.078248
    53 -16.531250 -6.570313 -9.976563 1.842010 0.110089 1.836274
    54 0.000000 0.000000 0.000000 -0.077030 -0.068757 -1.299215
    55 0.000004 -0.000007 -0.000031 1.373047 0.113574 0.124314
    56 0.000000 -0.000007 -0.000031 1.373047 0.113574 0.124314
    57 2.856897 -1.536201 -0.973800 -1.501147 -0.272558 -1.578261
    58 2.856895 -1.536198 -0.973800 -1.501147 -0.272558 -1.578261
    59 0.000000 0.000000 10.000000 0.000000 0.000000 0.000000
    60 0.018898 0.665159 9.395884 0.000000 0.000000 0.000000
    61 2.000008 -3.000000 0.000000 -1.570796 0.000000 -1.326450
    62 3.028210 -0.923409 -2.009452 1.574082 -0.012974 1.587244
    63 0.116955 4.311607 0.061861 0.000010 0.000000 0.000000
    64 0.000000 0.000000 0.000001 0.000000 0.000000 0.000000
    65 0.000000 1.000000 0.000008 0.000000 0.000000 0.000000
    66 0.000000 0.000000 0.000002 0.000000 0.000000 0.000000
    67 0.000000 0.000000 0.000002 0.000000 0.000000 0.000000
    68 0.000000 0.000000 0.000002 0.000000 0.000000 0.000000
time 174
    0 0.120483 -8.570313 45.906250 1.571844 0.055239 0.010207
    1 3.625659 0.000000 0.000000 -2.135377 -0.016157 -1.280168
    2 18.345819 0.000000 0.000000 0.000000 0.000000 0.155890
    3 16.751528 0.000000 0.000000 0.114785 0.385514 -0.496982
    4 5.943489 0.000000 0.000000 0.020415 -0.027722 -0.465605
    5 -3.625659 0.000000 0.000000 -1.222913 -0.104719 -1.837421
    6 18.345812 0.000000 0.000000 0.000000 0.000000 0.163424
    7 16.751524 0.000000 0.000000 0.058143 -0.225620 -0.678858
    8 5.943490 0.000000 0.000000 -0.112029 0.023876 -0.415976
    9 0.000000 4.043964 -0.017929 1.534779 -0.113648 1.624240
    10 3.995838 0.000000 0.000000 -0.037894 0.025926 -0.163006
    11 3.698242 -0.000001 0.000000 -0.036727 0.001903 -0.032759
    12 5.700890 0.000000 0.000000 -0.033949 0.012918 0.460143
    13 5.352852 -0.000001 0.000000 3.073814 0.154248 0.163809
    14 4.461819 0.000000 0.000000 -0.122648 -0.126086 0.694149
    15 4.065388 1.458945 1.500000 -1.520888 -0.923816 -0.216042
    16 5.507357 0.000004 -0.000001 -2.364321 -0.875197 0.126471
    17 10.907398 0.000000 0.000000 0.000000 0.000000 -0.632468
    18 10.424324 -0.000008 -0.000027 0.951945 -0.276411 0.244617
    19 2.997274 0.005409 -1.477472 0.297493 0.497556 -0.080474
    20 1.510382 0.000000 0.000000 0.011341 0.016615 -0.257537
    21 0.808655 0.000002 0.000000 -0.054433 -0.175361 0.039377
    22 3.305792 0.203112 -0.546730 0.228981 0.234014 0.043917
    23 1.807182 0.000002 0.000000 -0.051906 -0.088339 -0.190157
    24 0.966137 0.000001 0.000000 0.002387 0.009734 0.099588
    25 3.571512 0.109303 0.409580 0.187237 0.067893 0.178800
    26 2.150654 -0.000002 0.000000 -0.042028 -0.053936 -0.320272
    27 1.152748 0.000000 0.000000 0.001856 0.011945 0.064941
    28 3.684092 -0.158705 1.419183 0.117459 -0.234196 0.132137
    29 1.701014 -0.000002 0.000000 0.051316 0.064006 -0.334034
    30 0.994705 0.000002 0.000000 0.001258 0.038493 0.020488
    31 1.068069 -1.287201 0.981905 1.455344 -0.844004 0.072049
    32 1.836304 -0.000002 -0.000004 -0.000056 -0.188092 0.157023
    33 1.223948 -0.000001 0.000000 -0.000073 -0.040582 0.037650
    34 4.065392 1.458946 -1.500000 1.157506 0.904108 -0.409851
    35 5.507360 0.000008 -0.000001 2.748027 0.747005 0.289991
    36 10.907398 0.000000 0.000004 0.000000 0.000000 -2.253968
    37 10.424301 -0.000005 0.000019 -0.891267 -0.306660 0.180010
    38 2.997293 0.000065 1.477481 -0.296388 -0.505836 0.084787
    39 1.510378 -0.000004 0.000000 -0.011341 -0.016615 -0.257537
    40 0.808655 0.000000 0.000000 0.054433 0.175361 0.039377
    41 3.305817 0.201134 0.547461 -0.222549 -0.222705 0.044651
    42 1.807175 0.000000 0.000000 0.051906 0.088339 -0.190157
    43 0.966141 -0.000001 0.000000 -0.002387 -0.009734 0.099588
    44 3.571524 0.110786 -0.409182 -0.183620 -0.067925 0.084169
    45 2.150656 0.000000 0.000000 0.042028 0.053936 -0.320272
    46 1.152752 0.000000 0.000000 -0.001808 -0.011970 0.185709
    47 3.684113 -0.153563 -1.419748 -0.130025 0.167228 0.135320
    48 1.701017 0.000002 0.000000 -0.051316 -0.064006 -0.334034
    49 0.994705 0.000001 0.000000 -0.001284 -0.038506 0.309237
    50 1.068094 -1.283653 -0.986553 -1.411132 0.792526 0.151201
    51 1.836306 -0.000002 0.000000 0.000056 0.188092 0.157023
    52 1.223946 0.000000 0.000002 0.000034 0.040606 0.078248
    53 -18.468750 -8.968750 -8.085938 1.855867 0.100042 1.835288
    54 0.000000 0.000000 0.000000 -0.077030 -0.068757 -1.299215
    55 0.000004 -0.000007 -0.000031 1.373047 0.113574 0.124314
    56 0.000000 -0.000007 -0.000031 1.373047 0.113574 0.124314
    57 2.856897 -1.536201 -0.973800 -1.501147 -0.272558 -1.578261
    58 2.856895 -1.536198 -0.973800 -1.501147 -0.272558 -1.578261
    59 0.000000 0.000000 10.000000 0.000000 0.000000 0.000000
    60 0.018898 0.665159 9.395884 0.000000 0.000000 0.000000
    61 2.000008 -3.000000 0.000000 -1.570796 0.000000 -1.326450
    62 3.028210 -0.923409 -2.009452 1.574082 -0.012974 1.587244
    63 0.116955 4.311607 0.061861 0.000010 0.000000 0.000000
    64 0.000000 0.000000 0.000001 0.000000 0.000000 0.000000
    65 0.000000 1.000000 0.000008 0.000000 0.000000 0.000000
    66 0.000000 0.000000 0.000002 0.000000 0.000000 0.000000
    67 0.000000 0.000000 0.000002 0.000000 0.000000 0.000000
    68 0.000000 0.000000 0.000002 0.000000 0.000000 0.000000
time 175
    0 0.213013 -8.546875 45.843750 1.572534 0.052306 0.007292
    1 3.625659 0.000000 0.000000 -2.130051 -0.017011 -1.282872
    2 18.345819 0.000000 0.000000 0.000000 0.000000 0.150262
    3 16.751528 0.000000 0.000000 0.113447 0.382231 -0.496702
    4 5.943489 0.000000 0.000000 0.020406 -0.027687 -0.471019
    5 -3.625659 0.000000 0.000000 -1.211384 -0.107165 -1.836556
    6 18.345812 0.000000 0.000000 0.000000 0.000000 0.160046
    7 16.751524 0.000000 0.000000 0.065200 -0.210036 -0.675681
    8 5.943490 0.000000 0.000000 -0.112089 0.023849 -0.411293
    9 0.000000 4.043964 -0.017929 1.535179 -0.114184 1.625554
    10 3.995838 0.000000 0.000000 -0.037484 0.026221 -0.162919
    11 3.698242 -0.000001 0.000000 -0.036199 0.001290 -0.033698
    12 5.700890 0.000000 0.000000 -0.033881 0.011712 0.458123
    13 5.352852 -0.000001 0.000000 3.072409 0.152228 0.164631
    14 4.461819 0.000000 0.000000 -0.122717 -0.124540 0.692921
    15 4.065388 1.458945 1.500000 -1.515401 -0.921842 -0.220884
    16 5.507357 0.000004 -0.000001 -2.374193 -0.870245 0.126610
    17 10.907398 0.000000 0.000000 0.000000 0.000000 -0.637738
    18 10.424324 -0.000008 -0.000027 0.952858 -0.275288 0.250498
    19 2.997274 0.005409 -1.477472 0.297493 0.497556 -0.080474
    20 1.510382 0.000000 0.000000 0.011341 0.016615 -0.257537
    21 0.808655 0.000002 0.000000 -0.054433 -0.175361 0.039377
    22 3.305792 0.203112 -0.546730 0.228981 0.234014 0.043917
    23 1.807182 0.000002 0.000000 -0.051906 -0.088339 -0.190157
    24 0.966137 0.000001 0.000000 0.002387 0.009734 0.099588
    25 3.571512 0.109303 0.409580 0.187237 0.067893 0.178800
    26 2.150654 -0.000002 0.000000 -0.042028 -0.053936 -0.320272
    27 1.152748 0.000000 0.000000 0.001856 0.011945 0.064941
    28 3.684092 -0.158705 1.419183 0.117459 -0.234196 0.132137
    29 1.701014 -0.000002 0.000000 0.051316 0.064006 -0.334034
    30 0.994705 0.000002 0.000000 0.001258 0.038493 0.020488
    31 1.068069 -1.287201 0.981905 1.455344 -0.844004 0.072049
    32 1.836304 -0.000002 -0.000004 -0.000056 -0.188092 0.157023
    33 1.223948 -0.000001 0.000000 -0.000073 -0.040582 0.037650
    34 4.065392 1.458946 -1.500000 1.158007 0.898503 -0.408099
    35 5.507360 0.000008 -0.000001 2.752784 0.743384 0.289159
    36 10.907398 0.000000 0.000004 0.000000 0.000000 -2.252821
    37 10.424301 -0.000005 0.000019 -0.888451 -0.308847 0.185926
    38 2.997293 0.000065 1.477481 -0.296388 -0.505836 0.084787
    39 1.510378 -0.000004 0.000000 -0.011341 -0.016615 -0.257537
    40 0.808655 0.000000 0.000000 0.054433 0.175361 0.039377
    41 3.305817 0.201134 0.547461 -0.222549 -0.222705 0.044651
    42 1.807175 0.000000 0.000000 0.051906 0.088339 -0.190157
    43 0.966141 -0.000001 0.000000 -0.002387 -0.009734 0.099588
    44 3.571524 0.110786 -0.409182 -0.183620 -0.067925 0.084169
    45 2.150656 0.000000 0.000000 0.042028 0.053936 -0.320272
    46 1.152752 0.000000 0.000000 -0.001808 -0.011970 0.185709
    47 3.684113 -0.153563 -1.419748 -0.130025 0.167228 0.135320
    48 1.701017 0.000002 0.000000 -0.051316 -0.064006 -0.334034
    49 0.994705 0.000001 0.000000 -0.001284 -0.038506 0.309237
    50 1.068094 -1.283653 -0.986553 -1.411132 0.792526 0.151201
    51 1.836306 -0.000002 0.000000 0.000056 0.188092 0.157023
    52 1.223946 0.000000 0.000002 0.000034 0.040606 0.078248
    53 -18.843750 -12.328125 -5.898438 1.865094 0.097521 1.837487
    54 0.000000 0.000000 0.000000 -0.077030 -0.068757 -1.299215
    55 0.000004 -0.000007 -0.000031 1.373047 0.113574 0.124314
    56 0.000000 -0.000007 -0.000031 1.373047 0.113574 0.124314
    57 2.856897 -1.536201 -0.973800 -1.501147 -0.272558 -1.578261
    58 2.856895 -1.536198 -0.973800 -1.501147 -0.272558 -1.578261
    59 0.000000 0.000000 10.000000 0.000000 0.000000 0.000000
    60 0.018898 0.665159 9.395884 0.000000 0.000000 0.000000
    61 2.000008 -3.000000 0.000000 -1.570796 0.000000 -1.326450
    62 3.028210 -0.923409 -2.009452 1.574082 -0.012974 1.587244
    63 0.116955 4.311607 0.061861 0.000010 0.000000 0.000000
    64 0.000000 0.000000 0.000001 0.000000 0.000000 0.000000
    65 0.000000 1.000000 0.000008 0.000000 0.000000 0.000000
    66 0.000000 0.000000 0.000002 0.000000 0.000000 0.000000
    67 0.000000 0.000000 0.000002 0.000000 0.000000 0.000000
    68 0.000000 0.000000 0.000002 0.000000 0.000000 0.000000
time 176
    0 0.299805 -8.539063 45.812500 1.573071 0.048525 0.004382
    1 3.625659 0.000000 0.000000 -2.122283 -0.018409 -1.285101
    2 18.345819 0.000000 0.000000 0.000000 0.000000 0.145674
    3 16.751528 0.000000 0.000000 0.104002 0.373353 -0.501620
    4 5.943489 0.000000 0.000000 0.020416 -0.027737 -0.476348
    5 -3.625659 0.000000 0.000000 -1.201867 -0.108610 -1.835380
    6 18.345812 0.000000 0.000000 0.000000 0.000000 0.157535
    7 16.751524 0.000000 0.000000 0.076263 -0.195314 -0.674978
    8 5.943490 0.000000 0.000000 -0.112069 0.023820 -0.406965
    9 0.000000 4.043964 -0.017929 1.535612 -0.114684 1.625771
    10 3.995838 0.000000 0.000000 -0.036945 0.026007 -0.162820
    11 3.698242 -0.000001 0.000000 -0.035673 0.000770 -0.034292
    12 5.700890 0.000000 0.000000 -0.033728 0.010853 0.456718
    13 5.352852 -0.000001 0.000000 3.070384 0.149956 0.164375
    14 4.461819 0.000000 0.000000 -0.123149 -0.123013 0.692646
    15 4.065388 1.458945 1.500000 -1.507951 -0.918922 -0.226401
    16 5.507357 0.000004 -0.000001 -2.375999 -0.868853 0.126066
    17 10.907398 0.000000 0.000000 0.000000 0.000000 -0.645015
    18 10.424324 -0.000008 -0.000027 0.955373 -0.272179 0.252579
    19 2.997274 0.005409 -1.477472 0.297493 0.497556 -0.080474
    20 1.510382 0.000000 0.000000 0.011341 0.016615 -0.257537
    21 0.808655 0.000002 0.000000 -0.054433 -0.175361 0.039377
    22 3.305792 0.203112 -0.546730 0.228981 0.234014 0.043917
    23 1.807182 0.000002 0.000000 -0.051906 -0.088339 -0.190157
    24 0.966137 0.000001 0.000000 0.002387 0.009734 0.099588
    25 3.571512 0.109303 0.409580 0.187237 0.067893 0.178800
    26 2.150654 -0.000002 0.000000 -0.042028 -0.053936 -0.320272
    27 1.152748 0.000000 0.000000 0.001856 0.011945 0.064941
    28 3.684092 -0.158705 1.419183 0.117459 -0.234196 0.132137
    29 1.701014 -0.000002 0.000000 0.051316 0.064006 -0.334034
    30 0.994705 0.000002 0.000000 0.001258 0.038493 0.020488
    31 1.068069 -1.287201 0.981905 1.455344 -0.844004 0.072049
    32 1.836304 -0.000002 -0.000004 -0.000056 -0.188092 0.157023
    33 1.223948 -0.000001 0.000000 -0.000073 -0.040582 0.037650
    34 4.065392 1.458946 -1.500000 1.157028 0.894145 -0.408044
    35 5.507360 0.000008 -0.000001 2.757771 0.740781 0.291438
    36 10.907398 0.000000 0.000004 0.000000 0.000000 -2.251100
    37 10.424301 -0.000005 0.000019 -0.885961 -0.311269 0.188827
    38 2.997293 0.000065 1.477481 -0.296388 -0.505836 0.084787
    39 1.510378 -0.000004 0.000000 -0.011341 -0.016615 -0.257537
    40 0.808655 0.000000 0.000000 0.054433 0.175361 0.039377
    41 3.305817 0.201134 0.547461 -0.222549 -0.222705 0.044651
    42 1.807175 0.000000 0.000000 0.051906 0.088339 -0.190157
    43 0.966141 -0.000001 0.000000 -0.002387 -0.009734 0.099588
    44 3.571524 0.110786 -0.409182 -0.183620 -0.067925 0.084169
    45 2.150656 0.000000 0.000000 0.042028 0.053936 -0.320272
    46 1.152752 0.000000 0.000000 -0.001808 -0.011970 0.185709
    47 3.684113 -0.153563 -1.419748 -0.130025 0.167228 0.135320
    48 1.701017 0.000002 0.000000 -0.051316 -0.064006 -0.334034
    49 0.994705 0.000001 0.000000 -0.001284 -0.038506 0.309237
    50 1.068094 -1.283653 -0.986553 -1.411132 0.792526 0.151201
    51 1.836306 -0.000002 0.000000 0.000056 0.188092 0.157023
    52 1.223946 0.000000 0.000002 0.000034 0.040606 0.078248
    53 -17.703125 -15.921875 -3.734375 1.867606 0.102181 1.842689
    54 0.000000 0.000000 0.000000 -0.077030 -0.068757 -1.299215
    55 0.000004 -0.000007 -0.000031 1.373047 0.113574 0.124314
    56 0.000000 -0.000007 -0.000031 1.373047 0.113574 0.124314
    57 2.856897 -1.536201 -0.973800 -1.501147 -0.272558 -1.578261
    58 2.856895 -1.536198 -0.973800 -1.501147 -0.272558 -1.578261
    59 0.000000 0.000000 10.000000 0.000000 0.000000 0.000000
    60 0.018898 0.665159 9.395884 0.000000 0.000000 0.000000
    61 2.000008 -3.000000 0.000000 -1.570796 0.000000 -1.326450
    62 3.028210 -0.923409 -2.009452 1.574082 -0.012974 1.587244
    63 0.116955 4.311607 0.061861 0.000010 0.000000 0.000000
    64 0.000000 0.000000 0.000001 0.000000 0.000000 0.000000
    65 0.000000 1.000000 0.000008 0.000000 0.000000 0.000000
    66 0.000000 0.000000 0.000002 0.000000 0.000000 0.000000
    67 0.000000 0.000000 0.000002 0.000000 0.000000 0.000000
    68 0.000000 0.000000 0.000002 0.000000 0.000000 0.000000
time 177
    0 0.381836 -8.531250 45.781250 1.573420 0.044820 0.000850
    1 3.625659 0.000000 0.000000 -2.115079 -0.020716 -1.285798
    2 18.345819 0.000000 0.000000 0.000000 0.000000 0.142385
    3 16.751528 0.000000 0.000000 0.098089 0.363899 -0.506222
    4 5.943489 0.000000 0.000000 0.020395 -0.027711 -0.480880
    5 -3.625659 0.000000 0.000000 -1.193459 -0.109570 -1.833654
    6 18.345812 0.000000 0.000000 0.000000 0.000000 0.155976
    7 16.751524 0.000000 0.000000 0.081420 -0.185422 -0.674361
    8 5.943490 0.000000 0.000000 -0.112085 0.023843 -0.399907
    9 0.000000 4.043964 -0.017929 1.536300 -0.114798 1.625654
    10 3.995838 0.000000 0.000000 -0.036328 0.025884 -0.162809
    11 3.698242 -0.000001 0.000000 -0.035063 0.000429 -0.034631
    12 5.700890 0.000000 0.000000 -0.033384 0.010052 0.456022
    13 5.352852 -0.000001 0.000000 3.068079 0.147614 0.163933
    14 4.461819 0.000000 0.000000 -0.123771 -0.121682 0.692678
    15 4.065388 1.458945 1.500000 -1.500537 -0.917004 -0.231488
    16 5.507357 0.000004 -0.000001 -2.372234 -0.870709 0.126084
    17 10.907398 0.000000 0.000000 0.000000 0.000000 -0.651207
    18 10.424324 -0.000008 -0.000027 0.959076 -0.267027 0.250933
    19 2.997274 0.005409 -1.477472 0.297493 0.497556 -0.080474
    20 1.510382 0.000000 0.000000 0.011341 0.016615 -0.257537
    21 0.808655 0.000002 0.000000 -0.054433 -0.175361 0.039377
    22 3.305792 0.203112 -0.546730 0.228981 0.234014 0.043917
    23 1.807182 0.000002 0.000000 -0.051906 -0.088339 -0.190157
    24 0.966137 0.000001 0.000000 0.002387 0.009734 0.099588
    25 3.571512 0.109303 0.409580 0.187237 0.067893 0.178800
    26 2.150654 -0.000002 0.000000 -0.042028 -0.053936 -0.320272
    27 1.152748 0.000000 0.000000 0.001856 0.011945 0.064941
    28 3.684092 -0.158705 1.419183 0.117459 -0.234196 0.132137
    29 1.701014 -0.000002 0.000000 0.051316 0.064006 -0.334034
    30 0.994705 0.000002 0.000000 0.001258 0.038493 0.020488
    31 1.068069 -1.287201 0.981905 1.455344 -0.844004 0.072049
    32 1.836304 -0.000002 -0.000004 -0.000056 -0.188092 0.157023
    33 1.223948 -0.000001 0.000000 -0.000073 -0.040582 0.037650
    34 4.065392 1.458946 -1.500000 1.155175 0.890703 -0.408640
    35 5.507360 0.000008 -0.000001 2.763445 0.739023 0.295476
    36 10.907398 0.000000 0.000004 0.000000 0.000000 -2.248899
    37 10.424301 -0.000005 0.000019 -0.884685 -0.313423 0.187398
    38 2.997293 0.000065 1.477481 -0.296388 -0.505836 0.084787
    39 1.510378 -0.000004 0.000000 -0.011341 -0.016615 -0.257537
    40 0.808655 0.000000 0.000000 0.054433 0.175361 0.039377
    41 3.305817 0.201134 0.547461 -0.222549 -0.222705 0.044651
    42 1.807175 0.000000 0.000000 0.051906 0.088339 -0.190157
    43 0.966141 -0.000001 0.000000 -0.002387 -0.009734 0.099588
    44 3.571524 0.110786 -0.409182 -0.183620 -0.067925 0.084169
    45 2.150656 0.000000 0.000000 0.042028 0.053936 -0.320272
    46 1.152752 0.000000 0.000000 -0.001808 -0.011970 0.185709
    47 3.684113 -0.153563 -1.419748 -0.130025 0.167228 0.135320
    48 1.701017 0.000002 0.000000 -0.051316 -0.064006 -0.334034
    49 0.994705 0.000001 0.000000 -0.001284 -0.038506 0.309237
    50 1.068094 -1.283653 -0.986553 -1.411132 0.792526 0.151201
    51 1.836306 -0.000002 0.000000 0.000056 0.188092 0.157023
    52 1.223946 0.000000 0.000002 0.000034 0.040606 0.078248
    53 -15.296875 -18.875000 -1.921875 1.864863 0.110872 1.848480
    54 0.000000 0.000000 0.000000 -0.077030 -0.068757 -1.299215
    55 0.000004 -0.000007 -0.000031 1.373047 0.113574 0.124314
    56 0.000000 -0.000007 -0.000031 1.373047 0.113574 0.124314
    57 2.856897 -1.536201 -0.973800 -1.501147 -0.272558 -1.578261
    58 2.856895 -1.536198 -0.973800 -1.501147 -0.272558 -1.578261
    59 0.000000 0.000000 10.000000 0.000000 0.000000 0.000000
    60 0.018898 0.665159 9.395884 0.000000 0.000000 0.000000
    61 2.000008 -3.000000 0.000000 -1.570796 0.000000 -1.326450
    62 3.028210 -0.923409 -2.009452 1.574082 -0.012974 1.587244
    63 0.116955 4.311607 0.061861 0.000010 0.000000 0.000000
    64 0.000000 0.000000 0.000001 0.000000 0.000000 0.000000
    65 0.000000 1.000000 0.000008 0.000000 0.000000 0.000000
    66 0.000000 0.000000 0.000002 0.000000 0.000000 0.000000
    67 0.000000 0.000000 0.000002 0.000000 0.000000 0.000000
    68 0.000000 0.000000 0.000002 0.000000 0.000000 0.000000
time 178
    0 0.461182 -8.523438 45.750000 1.573493 0.041611 -0.003478
    1 3.625659 0.000000 0.000000 -2.107761 -0.024487 -1.285326
    2 18.345819 0.000000 0.000000 0.000000 0.000000 0.141433
    3 16.751528 0.000000 0.000000 0.091736 0.357295 -0.508942
    4 5.943489 0.000000 0.000000 0.020423 -0.027690 -0.482925
    5 -3.625659 0.000000 0.000000 -1.186712 -0.110471 -1.831418
    6 18.345812 0.000000 0.000000 0.000000 0.000000 0.155976
    7 16.751524 0.000000 0.000000 0.082158 -0.183892 -0.672584
    8 5.943490 0.000000 0.000000 -0.112019 0.023877 -0.392941
    9 0.000000 4.043964 -0.017929 1.537061 -0.114662 1.625712
    10 3.995838 0.000000 0.000000 -0.035634 0.025852 -0.162885
    11 3.698242 -0.000001 0.000000 -0.034194 0.000100 -0.034539
    12 5.700890 0.000000 0.000000 -0.032886 0.009140 0.456125
    13 5.352852 -0.000001 0.000000 3.066032 0.145660 0.162980
    14 4.461819 0.000000 0.000000 -0.124419 -0.120606 0.693009
    15 4.065388 1.458945 1.500000 -1.493871 -0.916431 -0.235703
    16 5.507357 0.000004 -0.000001 -2.366291 -0.874964 0.126606
    17 10.907398 0.000000 0.000000 0.000000 0.000000 -0.655218
    18 10.424324 -0.000008 -0.000027 0.962719 -0.258581 0.253091
    19 2.997274 0.005409 -1.477472 0.297493 0.497556 -0.080474
    20 1.510382 0.000000 0.000000 0.011341 0.016615 -0.257537
    21 0.808655 0.000002 0.000000 -0.054433 -0.175361 0.039377
    22 3.305792 0.203112 -0.546730 0.228981 0.234014 0.043917
    23 1.807182 0.000002 0.000000 -0.051906 -0.088339 -0.190157
    24 0.966137 0.000001 0.000000 0.002387 0.009734 0.099588
    25 3.571512 0.109303 0.409580 0.187237 0.067893 0.178800
    26 2.150654 -0.000002 0.000000 -0.042028 -0.053936 -0.320272
    27 1.152748 0.000000 0.000000 0.001856 0.011945 0.064941
    28 3.684092 -0.158705 1.419183 0.117459 -0.234196 0.132137
    29 1.701014 -0.000002 0.000000 0.051316 0.064006 -0.334034
    30 0.994705 0.000002 0.000000 0.001258 0.038493 0.020488
    31 1.068069 -1.287201 0.981905 1.455344 -0.844004 0.072049
    32 1.836304 -0.000002 -0.000004 -0.000056 -0.188092 0.157023
    33 1.223948 -0.000001 0.000000 -0.000073 -0.040582 0.037650
    34 4.065392 1.458946 -1.500000 1.152026 0.887902 -0.409946
    35 5.507360 0.000008 -0.000001 2.769847 0.738159 0.300031
    36 10.907398 0.000000 0.000004 0.000000 0.000000 -2.247081
    37 10.424301 -0.000005 0.000019 -0.883021 -0.315705 0.186336
    38 2.997293 0.000065 1.477481 -0.296388 -0.505836 0.084787
    39 1.510378 -0.000004 0.000000 -0.011341 -0.016615 -0.257537
    40 0.808655 0.000000 0.000000 0.054433 0.175361 0.039377
    41 3.305817 0.201134 0.547461 -0.222549 -0.222705 0.044651
    42 1.807175 0.000000 0.000000 0.051906 0.088339 -0.190157
    43 0.966141 -0.000001 0.000000 -0.002387 -0.009734 0.099588
    44 3.571524 0.110786 -0.409182 -0.183620 -0.067925 0.084169
    45 2.150656 0.000000 0.000000 0.042028 0.053936 -0.320272
    46 1.152752 0.000000 0.000000 -0.001808 -0.011970 0.185709
    47 3.684113 -0.153563 -1.419748 -0.130025 0.167228 0.135320
    48 1.701017 0.000002 0.000000 -0.051316 -0.064006 -0.334034
    49 0.994705 0.000001 0.000000 -0.001284 -0.038506 0.309237
    50 1.068094 -1.283653 -0.986553 -1.411132 0.792526 0.151201
    51 1.836306 -0.000002 0.000000 0.000056 0.188092 0.157023
    52 1.223946 0.000000 0.000002 0.000034 0.040606 0.078248
    53 -12.460938 -20.703125 -0.698730 1.858877 0.120093 1.853412
    54 0.000000 0.000000 0.000000 -0.077030 -0.068757 -1.299215
    55 0.000004 -0.000007 -0.000031 1.373047 0.113574 0.124314
    56 0.000000 -0.000007 -0.000031 1.373047 0.113574 0.124314
    57 2.856897 -1.536201 -0.973800 -1.501147 -0.272558 -1.578261
    58 2.856895 -1.536198 -0.973800 -1.501147 -0.272558 -1.578261
    59 0.000000 0.000000 10.000000 0.000000 0.000000 0.000000
    60 0.018898 0.665159 9.395884 0.000000 0.000000 0.000000
    61 2.000008 -3.000000 0.000000 -1.570796 0.000000 -1.326450
    62 3.028210 -0.923409 -2.009452 1.574082 -0.012974 1.587244
    63 0.116955 4.311607 0.061861 0.000010 0.000000 0.000000
    64 0.000000 0.000000 0.000001 0.000000 0.000000 0.000000
    65 0.000000 1.000000 0.000008 0.000000 0.000000 0.000000
    66 0.000000 0.000000 0.000002 0.000000 0.000000 0.000000
    67 0.000000 0.000000 0.000002 0.000000 0.000000 0.000000
    68 0.000000 0.000000 0.000002 0.000000 0.000000 0.000000
time 179
    0 0.535156 -8.531250 45.750000 1.573443 0.038724 -0.008619
    1 3.625659 0.000000 0.000000 -2.101146 -0.028568 -1.284406
    2 18.345819 0.000000 0.000000 0.000000 0.000000 0.140222
    3 16.751528 0.000000 0.000000 0.090666 0.354695 -0.508392
    4 5.943489 0.000000 0.000000 0.020419 -0.027694 -0.482569
    5 -3.625659 0.000000 0.000000 -1.183396 -0.110780 -1.829089
    6 18.345812 0.000000 0.000000 0.000000 0.000000 0.157016
    7 16.751524 0.000000 0.000000 0.078032 -0.190304 -0.670403
    8 5.943490 0.000000 0.000000 -0.112051 0.023836 -0.387035
    9 0.000000 4.043964 -0.017929 1.538155 -0.114133 1.625686
    10 3.995838 0.000000 0.000000 -0.034689 0.025926 -0.163046
    11 3.698242 -0.000001 0.000000 -0.033241 -0.000050 -0.034191
    12 5.700890 0.000000 0.000000 -0.032030 0.008245 0.456848
    13 5.352852 -0.000001 0.000000 3.064574 0.144525 0.162046
    14 4.461819 0.000000 0.000000 -0.124872 -0.119961 0.693545
    15 4.065388 1.458945 1.500000 -1.487617 -0.916496 -0.239432
    16 5.507357 0.000004 -0.000001 -2.360202 -0.880561 0.126318
    17 10.907398 0.000000 0.000000 0.000000 0.000000 -0.658045
    18 10.424324 -0.000008 -0.000027 0.966466 -0.249327 0.254998
    19 2.997274 0.005409 -1.477472 0.297493 0.497556 -0.080474
    20 1.510382 0.000000 0.000000 0.011341 0.016615 -0.257537
    21 0.808655 0.000002 0.000000 -0.054433 -0.175361 0.039377
    22 3.305792 0.203112 -0.546730 0.228981 0.234014 0.043917
    23 1.807182 0.000002 0.000000 -0.051906 -0.088339 -0.190157
    24 0.966137 0.000001 0.000000 0.002387 0.009734 0.099588
    25 3.571512 0.109303 0.409580 0.187237 0.067893 0.178800
    26 2.150654 -0.000002 0.000000 -0.042028 -0.053936 -0.320272
    27 1.152748 0.000000 0.000000 0.001856 0.011945 0.064941
    28 3.684092 -0.158705 1.419183 0.117459 -0.234196 0.132137
    29 1.701014 -0.000002 0.000000 0.051316 0.064006 -0.334034
    30 0.994705 0.000002 0.000000 0.001258 0.038493 0.020488
    31 1.068069 -1.287201 0.981905 1.455344 -0.844004 0.072049
    32 1.836304 -0.000002 -0.000004 -0.000056 -0.188092 0.157023
    33 1.223948 -0.000001 0.000000 -0.000073 -0.040582 0.037650
    34 4.065392 1.458946 -1.500000 1.148226 0.885643 -0.411533
    35 5.507360 0.000008 -0.000001 2.776174 0.737699 0.304308
    36 10.907398 0.000000 0.000004 0.000000 0.000000 -2.245453
    37 10.424301 -0.000005 0.000019 -0.881773 -0.317024 0.184794
    38 2.997293 0.000065 1.477481 -0.296388 -0.505836 0.084787
    39 1.510378 -0.000004 0.000000 -0.011341 -0.016615 -0.257537
    40 0.808655 0.000000 0.000000 0.054433 0.175361 0.039377
    41 3.305817 0.201134 0.547461 -0.222549 -0.222705 0.044651
    42 1.807175 0.000000 0.000000 0.051906 0.088339 -0.190157
    43 0.966141 -0.000001 0.000000 -0.002387 -0.009734 0.099588
    44 3.571524 0.110786 -0.409182 -0.183620 -0.067925 0.084169
    45 2.150656 0.000000 0.000000 0.042028 0.053936 -0.320272
    46 1.152752 0.000000 0.000000 -0.001808 -0.011970 0.185709
    47 3.684113 -0.153563 -1.419748 -0.130025 0.167228 0.135320
    48 1.701017 0.000002 0.000000 -0.051316 -0.064006 -0.334034
    49 0.994705 0.000001 0.000000 -0.001284 -0.038506 0.309237
    50 1.068094 -1.283653 -0.986553 -1.411132 0.792526 0.151201
    51 1.836306 -0.000002 0.000000 0.000056 0.188092 0.157023
    52 1.223946 0.000000 0.000002 0.000034 0.040606 0.078248
    53 -9.820313 -21.640625 0.056000 1.851269 0.127591 1.857286
    54 0.000000 0.000000 0.000000 -0.077030 -0.068757 -1.299215
    55 0.000004 -0.000007 -0.000031 1.373047 0.113574 0.124314
    56 0.000000 -0.000007 -0.000031 1.373047 0.113574 0.124314
    57 2.856897 -1.536201 -0.973800 -1.501147 -0.272558 -1.578261
    58 2.856895 -1.536198 -0.973800 -1.501147 -0.272558 -1.578261
    59 0.000000 0.000000 10.000000 0.000000 0.000000 0.000000
    60 0.018898 0.665159 9.395884 0.000000 0.000000 0.000000
    61 2.000008 -3.000000 0.000000 -1.570796 0.000000 -1.326450
    62 3.028210 -0.923409 -2.009452 1.574082 -0.012974 1.587244
    63 0.116955 4.311607 0.061861 0.000010 0.000000 0.000000
    64 0.000000 0.000000 0.000001 0.000000 0.000000 0.000000
    65 0.000000 1.000000 0.000008 0.000000 0.000000 0.000000
    66 0.000000 0.000000 0.000002 0.000000 0.000000 0.000000
    67 0.000000 0.000000 0.000002 0.000000 0.000000 0.000000
    68 0.000000 0.000000 0.000002 0.000000 0.000000 0.000000
time 180
    0 0.604004 -8.554688 45.750000 1.572985 0.035562 -0.014099
    1 3.625659 0.000000 0.000000 -2.094366 -0.032843 -1.284091
    2 18.345819 0.000000 0.000000 0.000000 0.000000 0.138491
    3 16.751528 0.000000 0.000000 0.103192 0.359049 -0.504732
    4 5.943489 0.000000 0.000000 0.020465 -0.027701 -0.479903
    5 -3.625659 0.000000 0.000000 -1.182650 -0.110290 -1.827671
    6 18.345812 0.000000 0.000000 0.000000 0.000000 0.158228
    7 16.751524 0.000000 0.000000 0.071344 -0.200346 -0.666890
    8 5.943490 0.000000 0.000000 -0.112060 0.023852 -0.383424
    9 0.000000 4.043964 -0.017929 1.539173 -0.113453 1.625248
    10 3.995838 0.000000 0.000000 -0.033475 0.025847 -0.163374
    11 3.698242 -0.000001 0.000000 -0.032030 -0.000191 -0.033497
    12 5.700890 0.000000 0.000000 -0.031255 0.007381 0.458368
    13 5.352852 -0.000001 0.000000 3.064076 0.144278 0.161412
    14 4.461819 0.000000 0.000000 -0.125251 -0.119902 0.693939
    15 4.065388 1.458945 1.500000 -1.481956 -0.917085 -0.242719
    16 5.507357 0.000004 -0.000001 -2.351301 -0.885552 0.125277
    17 10.907398 0.000000 0.000000 0.000000 0.000000 -0.662516
    18 10.424324 -0.000008 -0.000027 0.971448 -0.239968 0.251544
    19 2.997274 0.005409 -1.477472 0.297493 0.497556 -0.080474
    20 1.510382 0.000000 0.000000 0.011341 0.016615 -0.257537
    21 0.808655 0.000002 0.000000 -0.054433 -0.175361 0.039377
    22 3.305792 0.203112 -0.546730 0.228981 0.234014 0.043917
    23 1.807182 0.000002 0.000000 -0.051906 -0.088339 -0.190157
    24 0.966137 0.000001 0.000000 0.002387 0.009734 0.099588
    25 3.571512 0.109303 0.409580 0.187237 0.067893 0.178800
    26 2.150654 -0.000002 0.000000 -0.042028 -0.053936 -0.320272
    27 1.152748 0.000000 0.000000 0.001856 0.011945 0.064941
    28 3.684092 -0.158705 1.419183 0.117459 -0.234196 0.132137
    29 1.701014 -0.000002 0.000000 0.051316 0.064006 -0.334034
    30 0.994705 0.000002 0.000000 0.001258 0.038493 0.020488
    31 1.068069 -1.287201 0.981905 1.455344 -0.844004 0.072049
    32 1.836304 -0.000002 -0.000004 -0.000056 -0.188092 0.157023
    33 1.223948 -0.000001 0.000000 -0.000073 -0.040582 0.037650
    34 4.065392 1.458946 -1.500000 1.143833 0.883978 -0.413597
    35 5.507360 0.000008 -0.000001 2.781800 0.737268 0.308517
    36 10.907398 0.000000 0.000004 0.000000 0.000000 -2.244399
    37 10.424301 -0.000005 0.000019 -0.880191 -0.319027 0.183898
    38 2.997293 0.000065 1.477481 -0.296388 -0.505836 0.084787
    39 1.510378 -0.000004 0.000000 -0.011341 -0.016615 -0.257537
    40 0.808655 0.000000 0.000000 0.054433 0.175361 0.039377
    41 3.305817 0.201134 0.547461 -0.222549 -0.222705 0.044651
    42 1.807175 0.000000 0.000000 0.051906 0.088339 -0.190157
    43 0.966141 -0.000001 0.000000 -0.002387 -0.009734 0.099588
    44 3.571524 0.110786 -0.409182 -0.183620 -0.067925 0.084169
    45 2.150656 0.000000 0.000000 0.042028 0.053936 -0.320272
    46 1.152752 0.000000 0.000000 -0.001808 -0.011970 0.185709
    47 3.684113 -0.153563 -1.419748 -0.130025 0.167228 0.135320
    48 1.701017 0.000002 0.000000 -0.051316 -0.064006 -0.334034
    49 0.994705 0.000001 0.000000 -0.001284 -0.038506 0.309237
    50 1.068094 -1.283653 -0.986553 -1.411132 0.792526 0.151201
    51 1.836306 -0.000002 0.000000 0.000056 0.188092 0.157023
    52 1.223946 0.000000 0.000002 0.000034 0.040606 0.078248
    53 -7.496094 -22.125000 0.575195 1.842401 0.136589 1.862001
    54 0.000000 0.000000 0.000000 -0.077030 -0.068757 -1.299215
    55 0.000004 -0.000007 -0.000031 1.373047 0.113574 0.124314
    56 0.000000 -0.000007 -0.000031 1.373047 0.113574 0.124314
    57 2.856897 -1.536201 -0.973800 -1.501147 -0.272558 -1.578261
    58 2.856895 -1.536198 -0.973800 -1.501147 -0.272558 -1.578261
    59 0.000000 0.000000 10.000000 0.000000 0.000000 0.000000
    60 0.018898 0.665159 9.395884 0.000000 0.000000 0.000000
    61 2.000008 -3.000000 0.000000 -1.570796 0.000000 -1.326450
    62 3.028210 -0.923409 -2.009452 1.574082 -0.012974 1.587244
    63 0.116955 4.311607 0.061861 0.000010 0.000000 0.000000
    64 0.000000 0.000000 0.000001 0.000000 0.000000 0.000000
    65 0.000000 1.000000 0.000008 0.000000 0.000000 0.000000
    66 0.000000 0.000000 0.000002 0.000000 0.000000 0.000000
    67 0.000000 0.000000 0.000002 0.000000 0.000000 0.000000
    68 0.000000 0.000000 0.000002 0.000000 0.000000 0.000000
time 181
    0 0.666992 -8.585938 45.750000 1.571877 0.032883 -0.019560
    1 3.625659 0.000000 0.000000 -2.090115 -0.036560 -1.283475
    2 18.345819 0.000000 0.000000 0.000000 0.000000 0.135722
    3 16.751528 0.000000 0.000000 0.126669 0.369889 -0.497625
    4 5.943489 0.000000 0.000000 0.020401 -0.027748 -0.475282
    5 -3.625659 0.000000 0.000000 -1.182362 -0.108056 -1.826184
    6 18.345812 0.000000 0.000000 0.000000 0.000000 0.158574
    7 16.751524 0.000000 0.000000 0.060780 -0.212037 -0.661710
    8 5.943490 0.000000 0.000000 -0.112089 0.023877 -0.384483
    9 0.000000 4.043964 -0.017929 1.540254 -0.112193 1.624998
    10 3.995838 0.000000 0.000000 -0.032440 0.025839 -0.163792
    11 3.698242 -0.000001 0.000000 -0.030905 -0.000325 -0.032200
    12 5.700890 0.000000 0.000000 -0.030375 0.006596 0.460951
    13 5.352852 -0.000001 0.000000 3.063797 0.144455 0.160952
    14 4.461819 0.000000 0.000000 -0.125552 -0.120150 0.694261
    15 4.065388 1.458945 1.500000 -1.476522 -0.918236 -0.245686
    16 5.507357 0.000004 -0.000001 -2.337597 -0.889034 0.122820
    17 10.907398 0.000000 0.000000 0.000000 0.000000 -0.668910
    18 10.424324 -0.000008 -0.000027 0.977054 -0.228563 0.247982
    19 2.997274 0.005409 -1.477472 0.297493 0.497556 -0.080474
    20 1.510382 0.000000 0.000000 0.011341 0.016615 -0.257537
    21 0.808655 0.000002 0.000000 -0.054433 -0.175361 0.039377
    22 3.305792 0.203112 -0.546730 0.228981 0.234014 0.043917
    23 1.807182 0.000002 0.000000 -0.051906 -0.088339 -0.190157
    24 0.966137 0.000001 0.000000 0.002387 0.009734 0.099588
    25 3.571512 0.109303 0.409580 0.187237 0.067893 0.178800
    26 2.150654 -0.000002 0.000000 -0.042028 -0.053936 -0.320272
    27 1.152748 0.000000 0.000000 0.001856 0.011945 0.064941
    28 3.684092 -0.158705 1.419183 0.117459 -0.234196 0.132137
    29 1.701014 -0.000002 0.000000 0.051316 0.064006 -0.334034
    30 0.994705 0.000002 0.000000 0.001258 0.038493 0.020488
    31 1.068069 -1.287201 0.981905 1.455344 -0.844004 0.072049
    32 1.836304 -0.000002 -0.000004 -0.000056 -0.188092 0.157023
    33 1.223948 -0.000001 0.000000 -0.000073 -0.040582 0.037650
    34 4.065392 1.458946 -1.500000 1.139275 0.882592 -0.415550
    35 5.507360 0.000008 -0.000001 2.786986 0.736588 0.312112
    36 10.907398 0.000000 0.000004 0.000000 0.000000 -2.244016
    37 10.424301 -0.000005 0.000019 -0.879019 -0.320713 0.181967
    38 2.997293 0.000065 1.477481 -0.296388 -0.505836 0.084787
    39 1.510378 -0.000004 0.000000 -0.011341 -0.016615 -0.257537
    40 0.808655 0.000000 0.000000 0.054433 0.175361 0.039377
    41 3.305817 0.201134 0.547461 -0.222549 -0.222705 0.044651
    42 1.807175 0.000000 0.000000 0.051906 0.088339 -0.190157
    43 0.966141 -0.000001 0.000000 -0.002387 -0.009734 0.099588
    44 3.571524 0.110786 -0.409182 -0.183620 -0.067925 0.084169
    45 2.150656 0.000000 0.000000 0.042028 0.053936 -0.320272
    46 1.152752 0.000000 0.000000 -0.001808 -0.011970 0.185709
    47 3.684113 -0.153563 -1.419748 -0.130025 0.167228 0.135320
    48 1.701017 0.000002 0.000000 -0.051316 -0.064006 -0.334034
    49 0.994705 0.000001 0.000000 -0.001284 -0.038506 0.309237
    50 1.068094 -1.283653 -0.986553 -1.411132 0.792526 0.151201
    51 1.836306 -0.000002 0.000000 0.000056 0.188092 0.157023
    52 1.223946 0.000000 0.000002 0.000034 0.040606 0.078248
    53 -7.414063 -22.187500 0.706055 1.832344 0.148524 1.866668
    54 0.000000 0.000000 0.000000 -0.077030 -0.068757 -1.299215
    55 0.000004 -0.000007 -0.000031 1.373047 0.113574 0.124314
    56 0.000000 -0.000007 -0.000031 1.373047 0.113574 0.124314
    57 2.856897 -1.536201 -0.973800 -1.501147 -0.272558 -1.578261
    58 2.856895 -1.536198 -0.973800 -1.501147 -0.272558 -1.578261
    59 0.000000 0.000000 10.000000 0.000000 0.000000 0.000000
    60 0.018898 0.665159 9.395884 0.000000 0.000000 0.000000
    61 2.000008 -3.000000 0.000000 -1.570796 0.000000 -1.326450
    62 3.028210 -0.923409 -2.009452 1.574082 -0.012974 1.587244
    63 0.116955 4.311607 0.061861 0.000010 0.000000 0.000000
    64 0.000000 0.000000 0.000001 0.000000 0.000000 0.000000
    65 0.000000 1.000000 0.000008 0.000000 0.000000 0.000000
    66 0.000000 0.000000 0.000002 0.000000 0.000000 0.000000
    67 0.000000 0.000000 0.000002 0.000000 0.000000 0.000000
    68 0.000000 0.000000 0.000002 0.000000 0.000000 0.000000
time 182
    0 0.718262 -8.617188 45.781250 1.569684 0.030769 -0.024325
    1 3.625659 0.000000 0.000000 -2.088095 -0.039814 -1.281977
    2 18.345819 0.000000 0.000000 0.000000 0.000000 0.132521
    3 16.751528 0.000000 0.000000 0.150854 0.381840 -0.490898
    4 5.943489 0.000000 0.000000 0.020398 -0.027751 -0.475016
    5 -3.625659 0.000000 0.000000 -1.180025 -0.104504 -1.824438
    6 18.345812 0.000000 0.000000 0.000000 0.000000 0.158228
    7 16.751524 0.000000 0.000000 0.047278 -0.223751 -0.657654
    8 5.943490 0.000000 0.000000 -0.112077 0.023876 -0.387831
    9 0.000000 4.043964 -0.017929 1.541097 -0.111497 1.624736
    10 3.995838 0.000000 0.000000 -0.031495 0.025915 -0.163866
    11 3.698242 -0.000001 0.000000 -0.029955 -0.000288 -0.030732
    12 5.700890 0.000000 0.000000 -0.029625 0.006020 0.463797
    13 5.352852 -0.000001 0.000000 3.063570 0.145238 0.160562
    14 4.461819 0.000000 0.000000 -0.125912 -0.120843 0.694442
    15 4.065388 1.458945 1.500000 -1.472018 -0.918916 -0.248008
    16 5.507357 0.000004 -0.000001 -2.313777 -0.889853 0.117431
    17 10.907398 0.000000 0.000000 0.000000 0.000000 -0.682360
    18 10.424324 -0.000008 -0.000027 0.983120 -0.213818 0.245634
    19 2.997274 0.005409 -1.477472 0.297493 0.497556 -0.080474
    20 1.510382 0.000000 0.000000 0.011341 0.016615 -0.257537
    21 0.808655 0.000002 0.000000 -0.054433 -0.175361 0.039377
    22 3.305792 0.203112 -0.546730 0.228981 0.234014 0.043917
    23 1.807182 0.000002 0.000000 -0.051906 -0.088339 -0.190157
    24 0.966137 0.000001 0.000000 0.002387 0.009734 0.099588
    25 3.571512 0.109303 0.409580 0.187237 0.067893 0.178800
    26 2.150654 -0.000002 0.000000 -0.042028 -0.053936 -0.320272
    27 1.152748 0.000000 0.000000 0.001856 0.011945 0.064941
    28 3.684092 -0.158705 1.419183 0.117459 -0.234196 0.132137
    29 1.701014 -0.000002 0.000000 0.051316 0.064006 -0.334034
    30 0.994705 0.000002 0.000000 0.001258 0.038493 0.020488
    31 1.068069 -1.287201 0.981905 1.455344 -0.844004 0.072049
    32 1.836304 -0.000002 -0.000004 -0.000056 -0.188092 0.157023
    33 1.223948 -0.000001 0.000000 -0.000073 -0.040582 0.037650
    34 4.065392 1.458946 -1.500000 1.134484 0.881597 -0.417600
    35 5.507360 0.000008 -0.000001 2.792098 0.735753 0.315020
    36 10.907398 0.000000 0.000004 0.000000 0.000000 -2.244207
    37 10.424301 -0.000005 0.000019 -0.878518 -0.321560 0.179285
    38 2.997293 0.000065 1.477481 -0.296388 -0.505836 0.084787
    39 1.510378 -0.000004 0.000000 -0.011341 -0.016615 -0.257537
    40 0.808655 0.000000 0.000000 0.054433 0.175361 0.039377
    41 3.305817 0.201134 0.547461 -0.222549 -0.222705 0.044651
    42 1.807175 0.000000 0.000000 0.051906 0.088339 -0.190157
    43 0.966141 -0.000001 0.000000 -0.002387 -0.009734 0.099588
    44 3.571524 0.110786 -0.409182 -0.183620 -0.067925 0.084169
    45 2.150656 0.000000 0.000000 0.042028 0.053936 -0.320272
    46 1.152752 0.000000 0.000000 -0.001808 -0.011970 0.185709
    47 3.684113 -0.153563 -1.419748 -0.130025 0.167228 0.135320
    48 1.701017 0.000002 0.000000 -0.051316 -0.064006 -0.334034
    49 0.994705 0.000001 0.000000 -0.001284 -0.038506 0.309237
    50 1.068094 -1.283653 -0.986553 -1.411132 0.792526 0.151201
    51 1.836306 -0.000002 0.000000 0.000056 0.188092 0.157023
    52 1.223946 0.000000 0.000002 0.000034 0.040606 0.078248
    53 -7.656250 -22.250000 0.859375 1.819563 0.167915 1.875185
    54 0.000000 0.000000 0.000000 -0.077030 -0.068757 -1.299215
    55 0.000004 -0.000007 -0.000031 1.373047 0.113574 0.124314
    56 0.000000 -0.000007 -0.000031 1.373047 0.113574 0.124314
    57 2.856897 -1.536201 -0.973800 -1.501147 -0.272558 -1.578261
    58 2.856895 -1.536198 -0.973800 -1.501147 -0.272558 -1.578261
    59 0.000000 0.000000 10.000000 0.000000 0.000000 0.000000
    60 0.018898 0.665159 9.395884 0.000000 0.000000 0.000000
    61 2.000008 -3.000000 0.000000 -1.570796 0.000000 -1.326450
    62 3.028210 -0.923409 -2.009452 1.574082 -0.012974 1.587244
    63 0.116955 4.311607 0.061861 0.000010 0.000000 0.000000
    64 0.000000 0.000000 0.000001 0.000000 0.000000 0.000000
    65 0.000000 1.000000 0.000008 0.000000 0.000000 0.000000
    66 0.000000 0.000000 0.000002 0.000000 0.000000 0.000000
    67 0.000000 0.000000 0.000002 0.000000 0.000000 0.000000
    68 0.000000 0.000000 0.000002 0.000000 0.000000 0.000000
time 183
    0 0.755859 -8.640625 45.781250 1.566397 0.028884 -0.028059
    1 3.625659 0.000000 0.000000 -2.086761 -0.042961 -1.280243
    2 18.345819 0.000000 0.000000 0.000000 0.000000 0.128974
    3 16.751528 0.000000 0.000000 0.160519 0.389330 -0.487696
    4 5.943489 0.000000 0.000000 0.020437 -0.027665 -0.473239
    5 -3.625659 0.000000 0.000000 -1.174591 -0.099871 -1.822570
    6 18.345812 0.000000 0.000000 0.000000 0.000000 0.157448
    7 16.751524 0.000000 0.000000 0.041144 -0.231281 -0.659111
    8 5.943490 0.000000 0.000000 -0.112040 0.023834 -0.390383
    9 0.000000 4.043964 -0.017929 1.541812 -0.111878 1.624017
    10 3.995838 0.000000 0.000000 -0.030685 0.025642 -0.163331
    11 3.698242 -0.000001 0.000000 -0.029179 -0.000254 -0.029265
    12 5.700890 0.000000 0.000000 -0.028881 0.005796 0.466462
    13 5.352852 -0.000001 0.000000 3.063562 0.146446 0.160348
    14 4.461819 0.000000 0.000000 -0.126542 -0.121988 0.694776
    15 4.065388 1.458945 1.500000 -1.468236 -0.918423 -0.250115
    16 5.507357 0.000004 -0.000001 -2.276252 -0.888585 0.108394
    17 10.907398 0.000000 0.000000 0.000000 0.000000 -0.704297
    18 10.424324 -0.000008 -0.000027 0.991197 -0.196178 0.237471
    19 2.997274 0.005409 -1.477472 0.297493 0.497556 -0.080474
    20 1.510382 0.000000 0.000000 0.011341 0.016615 -0.257537
    21 0.808655 0.000002 0.000000 -0.054433 -0.175361 0.039377
    22 3.305792 0.203112 -0.546730 0.228981 0.234014 0.043917
    23 1.807182 0.000002 0.000000 -0.051906 -0.088339 -0.190157
    24 0.966137 0.000001 0.000000 0.002387 0.009734 0.099588
    25 3.571512 0.109303 0.409580 0.187237 0.067893 0.178800
    26 2.150654 -0.000002 0.000000 -0.042028 -0.053936 -0.320272
    27 1.152748 0.000000 0.000000 0.001856 0.011945 0.064941
    28 3.684092 -0.158705 1.419183 0.117459 -0.234196 0.132137
    29 1.701014 -0.000002 0.000000 0.051316 0.064006 -0.334034
    30 0.994705 0.000002 0.000000 0.001258 0.038493 0.020488
    31 1.068069 -1.287201 0.981905 1.455344 -0.844004 0.072049
    32 1.836304 -0.000002 -0.000004 -0.000056 -0.188092 0.157023
    33 1.223948 -0.000001 0.000000 -0.000073 -0.040582 0.037650
    34 4.065392 1.458946 -1.500000 1.128947 0.880778 -0.420428
    35 5.507360 0.000008 -0.000001 2.797498 0.735148 0.317617
    36 10.907398 0.000000 0.000004 0.000000 0.000000 -2.244782
    37 10.424301 -0.000005 0.000019 -0.878282 -0.321671 0.177557
    38 2.997293 0.000065 1.477481 -0.296388 -0.505836 0.084787
    39 1.510378 -0.000004 0.000000 -0.011341 -0.016615 -0.257537
    40 0.808655 0.000000 0.000000 0.054433 0.175361 0.039377
    41 3.305817 0.201134 0.547461 -0.222549 -0.222705 0.044651
    42 1.807175 0.000000 0.000000 0.051906 0.088339 -0.190157
    43 0.966141 -0.000001 0.000000 -0.002387 -0.009734 0.099588
    44 3.571524 0.110786 -0.409182 -0.183620 -0.067925 0.084169
    45 2.150656 0.000000 0.000000 0.042028 0.053936 -0.320272
    46 1.152752 0.000000 0.000000 -0.001808 -0.011970 0.185709
    47 3.684113 -0.153563 -1.419748 -0.130025 0.167228 0.135320
    48 1.701017 0.000002 0.000000 -0.051316 -0.064006 -0.334034
    49 0.994705 0.000001 0.000000 -0.001284 -0.038506 0.309237
    50 1.068094 -1.283653 -0.986553 -1.411132 0.792526 0.151201
    51 1.836306 -0.000002 0.000000 0.000056 0.188092 0.157023
    52 1.223946 0.000000 0.000002 0.000034 0.040606 0.078248
    53 -10.601563 -21.718750 0.201904 1.802313 0.197719 1.888523
    54 0.000000 0.000000 0.000000 -0.077030 -0.068757 -1.299215
    55 0.000004 -0.000007 -0.000031 1.373047 0.113574 0.124314
    56 0.000000 -0.000007 -0.000031 1.373047 0.113574 0.124314
    57 2.856897 -1.536201 -0.973800 -1.501147 -0.272558 -1.578261
    58 2.856895 -1.536198 -0.973800 -1.501147 -0.272558 -1.578261
    59 0.000000 0.000000 10.000000 0.000000 0.000000 0.000000
    60 0.018898 0.665159 9.395884 0.000000 0.000000 0.000000
    61 2.000008 -3.000000 0.000000 -1.570796 0.000000 -1.326450
    62 3.028210 -0.923409 -2.009452 1.574082 -0.012974 1.587244
    63 0.116955 4.311607 0.061861 0.000010 0.000000 0.000000
    64 0.000000 0.000000 0.000001 0.000000 0.000000 0.000000
    65 0.000000 1.000000 0.000008 0.000000 0.000000 0.000000
    66 0.000000 0.000000 0.000002 0.000000 0.000000 0.000000
    67 0.000000 0.000000 0.000002 0.000000 0.000000 0.000000
    68 0.000000 0.000000 0.000002 0.000000 0.000000 0.000000
time 184
    0 0.783203 -8.664063 45.812500 1.563128 0.027581 -0.031173
    1 3.625659 0.000000 0.000000 -2.085338 -0.046264 -1.277911
    2 18.345819 0.000000 0.000000 0.000000 0.000000 0.124217
    3 16.751528 0.000000 0.000000 0.161133 0.391514 -0.486512
    4 5.943489 0.000000 0.000000 0.020408 -0.027685 -0.471196
    5 -3.625659 0.000000 0.000000 -1.167221 -0.095200 -1.819954
    6 18.345812 0.000000 0.000000 0.000000 0.000000 0.155717
    7 16.751524 0.000000 0.000000 0.040758 -0.234543 -0.663944
    8 5.943490 0.000000 0.000000 -0.112045 0.023810 -0.390822
    9 0.000000 4.043964 -0.017929 1.542527 -0.112416 1.623460
    10 3.995838 0.000000 0.000000 -0.029975 0.025536 -0.162713
    11 3.698242 -0.000001 0.000000 -0.028491 -0.000051 -0.027800
    12 5.700890 0.000000 0.000000 -0.028201 0.005673 0.469037
    13 5.352852 -0.000001 0.000000 3.063219 0.148019 0.159924
    14 4.461819 0.000000 0.000000 -0.127433 -0.123311 0.695240
    15 4.065388 1.458945 1.500000 -1.465118 -0.918262 -0.251654
    16 5.507357 0.000004 -0.000001 -2.233017 -0.887542 0.098786
    17 10.907398 0.000000 0.000000 0.000000 0.000000 -0.727431
    18 10.424324 -0.000008 -0.000027 0.999996 -0.173723 0.231156
    19 2.997274 0.005409 -1.477472 0.297434 0.497262 -0.080350
    20 1.510382 0.000000 0.000000 0.011341 0.016615 -0.257537
    21 0.808655 0.000002 0.000000 -0.054433 -0.175361 0.039377
    22 3.305792 0.203112 -0.546730 0.228981 0.234014 0.043917
    23 1.807182 0.000002 0.000000 -0.051906 -0.088339 -0.190157
    24 0.966137 0.000001 0.000000 0.002387 0.009734 0.099588
    25 3.571512 0.109303 0.409580 0.187237 0.067893 0.178800
    26 2.150654 -0.000002 0.000000 -0.042028 -0.053936 -0.320272
    27 1.152748 0.000000 0.000000 0.001856 0.011945 0.064941
    28 3.684092 -0.158705 1.419183 0.117459 -0.234196 0.132137
    29 1.701014 -0.000002 0.000000 0.051316 0.064006 -0.334034
    30 0.994705 0.000002 0.000000 0.001258 0.038493 0.020488
    31 1.068069 -1.287201 0.981905 1.455535 -0.843405 0.071986
    32 1.836304 -0.000002 -0.000004 -0.000056 -0.188092 0.157023
    33 1.223948 -0.000001 0.000000 -0.000073 -0.040582 0.037650
    34 4.065392 1.458946 -1.500000 1.124192 0.880466 -0.423297
    35 5.507360 0.000008 -0.000001 2.800254 0.734599 0.319539
    36 10.907398 0.000000 0.000004 0.000000 0.000000 -2.245070
    37 10.424301 -0.000005 0.000019 -0.879290 -0.320896 0.174112
    38 2.997293 0.000065 1.477481 -0.296019 -0.504664 0.084772
    39 1.510378 -0.000004 0.000000 -0.011341 -0.016615 -0.257537
    40 0.808655 0.000000 0.000000 0.054433 0.175361 0.039377
    41 3.305817 0.201134 0.547461 -0.222439 -0.222275 0.044589
    42 1.807175 0.000000 0.000000 0.051906 0.088339 -0.190157
    43 0.966141 -0.000001 0.000000 -0.002387 -0.009734 0.099588
    44 3.571524 0.110786 -0.409182 -0.183620 -0.067925 0.084169
    45 2.150656 0.000000 0.000000 0.042028 0.053936 -0.320272
    46 1.152752 0.000000 0.000000 -0.001808 -0.011970 0.185709
    47 3.684113 -0.153563 -1.419748 -0.130155 0.166624 0.135259
    48 1.701017 0.000002 0.000000 -0.051316 -0.064006 -0.334034
    49 0.994705 0.000001 0.000000 -0.001284 -0.038506 0.309237
    50 1.068094 -1.283653 -0.986553 -1.412126 0.792291 0.150024
    51 1.836306 -0.000002 0.000000 0.000056 0.188092 0.157023
    52 1.223946 0.000000 0.000002 0.000064 0.040606 0.079718
    53 -14.828125 -19.187500 -2.437500 1.781771 0.231339 1.901826
    54 0.000000 0.000000 0.000000 -0.077030 -0.068757 -1.299215
    55 0.000004 -0.000007 -0.000031 1.373047 0.113574 0.124314
    56 0.000000 -0.000007 -0.000031 1.373047 0.113574 0.124314
    57 2.856897 -1.536201 -0.973800 -1.501147 -0.272558 -1.578261
    58 2.856895 -1.536198 -0.973800 -1.501147 -0.272558 -1.578261
    59 0.000000 0.000000 10.000000 0.000000 0.000000 0.000000
    60 0.018898 0.665159 9.395884 0.000000 0.000000 0.000000
    61 2.000008 -3.000000 0.000000 -1.570796 0.000000 -1.326450
    62 3.028210 -0.923409 -2.009452 1.574082 -0.012974 1.587244
    63 0.116955 4.311607 0.061861 0.000010 0.000000 0.000000
    64 0.000000 0.000000 0.000001 0.000000 0.000000 0.000000
    65 0.000000 1.000000 0.000008 0.000000 0.000000 0.000000
    66 0.000000 0.000000 0.000002 0.000000 0.000000 0.000000
    67 0.000000 0.000000 0.000002 0.000000 0.000000 0.000000
    68 0.000000 0.000000 0.000002 0.000000 0.000000 0.000000
time 185
    0 0.799316 -8.687500 45.843750 1.560642 0.027057 -0.033580
    1 3.625659 0.000000 0.000000 -2.083521 -0.049962 -1.275268
    2 18.345819 0.000000 0.000000 0.000000 0.000000 0.119027
    3 16.751528 0.000000 0.000000 0.162146 0.390833 -0.484801
    4 5.943489 0.000000 0.000000 0.020468 -0.027725 -0.463388
    5 -3.625659 0.000000 0.000000 -1.158512 -0.091321 -1.816451
    6 18.345812 0.000000 0.000000 0.000000 0.000000 0.153812
    7 16.751524 0.000000 0.000000 0.045034 -0.233395 -0.671210
    8 5.943490 0.000000 0.000000 -0.112038 0.023844 -0.390207
    9 0.000000 4.043964 -0.017929 1.543144 -0.112776 1.623166
    10 3.995838 0.000000 0.000000 -0.029367 0.025591 -0.162272
    11 3.698242 -0.000001 0.000000 -0.027890 0.000236 -0.026422
    12 5.700890 0.000000 0.000000 -0.027566 0.005735 0.471522
    13 5.352852 -0.000001 0.000000 3.062560 0.150217 0.159282
    14 4.461819 0.000000 0.000000 -0.128988 -0.124669 0.695767
    15 4.065388 1.458945 1.500000 -1.463654 -0.919284 -0.251201
    16 5.507357 0.000004 -0.000001 -2.192237 -0.885299 0.088622
    17 10.907398 0.000000 0.000000 0.000000 0.000000 -0.753916
    18 10.424324 -0.000008 -0.000027 1.010325 -0.139275 0.230524
    19 2.997274 0.005409 -1.477472 0.297188 0.496418 -0.080258
    20 1.510382 0.000000 0.000000 0.011341 0.016615 -0.257537
    21 0.808655 0.000002 0.000000 -0.054433 -0.175361 0.039377
    22 3.305792 0.203112 -0.546730 0.228981 0.234014 0.043917
    23 1.807182 0.000002 0.000000 -0.051906 -0.088339 -0.190157
    24 0.966137 0.000001 0.000000 0.002387 0.009734 0.099588
    25 3.571512 0.109303 0.409580 0.187237 0.067893 0.178800
    26 2.150654 -0.000002 0.000000 -0.042028 -0.053936 -0.320272
    27 1.152748 0.000000 0.000000 0.001856 0.011945 0.064941
    28 3.684092 -0.158705 1.419183 0.117459 -0.234196 0.132137
    29 1.701014 -0.000002 0.000000 0.051316 0.064006 -0.334034
    30 0.994705 0.000002 0.000000 0.001258 0.038493 0.020488
    31 1.068069 -1.287201 0.981905 1.456288 -0.841949 0.071674
    32 1.836304 -0.000002 -0.000004 -0.000056 -0.188092 0.157023
    33 1.223948 -0.000001 0.000000 -0.000073 -0.040582 0.037650
    34 4.065392 1.458946 -1.500000 1.121959 0.881385 -0.424936
    35 5.507360 0.000008 -0.000001 2.799241 0.734106 0.318460
    36 10.907398 0.000000 0.000004 0.000000 0.000000 -2.246506
    37 10.424301 -0.000005 0.000019 -0.881135 -0.319475 0.171002
    38 2.997293 0.000065 1.477481 -0.295167 -0.501205 0.084987
    39 1.510378 -0.000004 0.000000 -0.011341 -0.016615 -0.257537
    40 0.808655 0.000000 0.000000 0.054433 0.175361 0.039377
    41 3.305817 0.201134 0.547461 -0.222237 -0.221129 0.044698
    42 1.807175 0.000000 0.000000 0.051906 0.088339 -0.190157
    43 0.966141 -0.000001 0.000000 -0.002387 -0.009734 0.099588
    44 3.571524 0.110786 -0.409182 -0.183620 -0.067925 0.084169
    45 2.150656 0.000000 0.000000 0.042028 0.053936 -0.320272
    46 1.152752 0.000000 0.000000 -0.001808 -0.011970 0.185709
    47 3.684113 -0.153563 -1.419748 -0.130626 0.164658 0.135252
    48 1.701017 0.000002 0.000000 -0.051316 -0.064006 -0.334034
    49 0.994705 0.000001 0.000000 -0.001284 -0.038506 0.309237
    50 1.068094 -1.283653 -0.986553 -1.414741 0.791554 0.146779
    51 1.836306 -0.000002 0.000000 0.000056 0.188092 0.157023
    52 1.223946 0.000000 0.000002 0.000067 0.040609 0.084125
    53 -16.578125 -13.648438 -7.519531 1.761077 0.260939 1.917093
    54 0.000000 0.000000 0.000000 -0.077030 -0.068757 -1.299215
    55 0.000004 -0.000007 -0.000031 1.373047 0.113574 0.124314
    56 0.000000 -0.000007 -0.000031 1.373047 0.113574 0.124314
    57 2.856897 -1.536201 -0.973800 -1.501147 -0.272558 -1.578261
    58 2.856895 -1.536198 -0.973800 -1.501147 -0.272558 -1.578261
    59 0.000000 0.000000 10.000000 0.000000 0.000000 0.000000
    60 0.018898 0.665159 9.395884 0.000000 0.000000 0.000000
    61 2.000008 -3.000000 0.000000 -1.570796 0.000000 -1.326450
    62 3.028210 -0.923409 -2.009452 1.574082 -0.012974 1.587244
    63 0.116955 4.311607 0.061861 0.000010 0.000000 0.000000
    64 0.000000 0.000000 0.000001 0.000000 0.000000 0.000000
    65 0.000000 1.000000 0.000008 0.000000 0.000000 0.000000
    66 0.000000 0.000000 0.000002 0.000000 0.000000 0.000000
    67 0.000000 0.000000 0.000002 0.000000 0.000000 0.000000
    68 0.000000 0.000000 0.000002 0.000000 0.000000 0.000000
time 186
    0 0.805176 -8.703125 45.875000 1.558758 0.027147 -0.035293
    1 3.625659 0.000000 0.000000 -2.081342 -0.053527 -1.272849
    2 18.345819 0.000000 0.000000 0.000000 0.000000 0.113753
    3 16.751528 0.000000 0.000000 0.165999 0.391459 -0.479800
    4 5.943489 0.000000 0.000000 0.020388 -0.027686 -0.459041
    5 -3.625659 0.000000 0.000000 -1.149553 -0.088003 -1.812778
    6 18.345812 0.000000 0.000000 0.000000 0.000000 0.151820
    7 16.751524 0.000000 0.000000 0.051309 -0.231068 -0.679391
    8 5.943490 0.000000 0.000000 -0.112006 0.023829 -0.388972
    9 0.000000 4.043964 -0.017929 1.543835 -0.112729 1.622884
    10 3.995838 0.000000 0.000000 -0.028689 0.025823 -0.162006
    11 3.698242 -0.000001 0.000000 -0.027292 0.000778 -0.025221
    12 5.700890 0.000000 0.000000 -0.026807 0.005940 0.473828
    13 5.352852 -0.000001 0.000000 3.062224 0.153474 0.159583
    14 4.461819 0.000000 0.000000 -0.130959 -0.126380 0.695350
    15 4.065388 1.458945 1.500000 -1.463917 -0.921497 -0.248858
    16 5.507357 0.000004 -0.000001 -2.154505 -0.879095 0.075712
    17 10.907398 0.000000 0.000000 0.000000 0.000000 -0.791662
    18 10.424324 -0.000008 -0.000027 1.027660 -0.085025 0.217603
    19 2.997274 0.005409 -1.477472 0.296778 0.495012 -0.080104
    20 1.510382 0.000000 0.000000 0.011341 0.016615 -0.257537
    21 0.808655 0.000002 0.000000 -0.054433 -0.175361 0.039377
    22 3.305792 0.203112 -0.546730 0.228981 0.234014 0.043917
    23 1.807182 0.000002 0.000000 -0.051906 -0.088339 -0.190157
    24 0.966137 0.000001 0.000000 0.002387 0.009734 0.099588
    25 3.571512 0.109303 0.409580 0.187237 0.067893 0.178800
    26 2.150654 -0.000002 0.000000 -0.042028 -0.053936 -0.320272
    27 1.152748 0.000000 0.000000 0.001856 0.011945 0.064941
    28 3.684092 -0.158705 1.419183 0.117459 -0.234196 0.132137
    29 1.701014 -0.000002 0.000000 0.051316 0.064006 -0.334034
    30 0.994705 0.000002 0.000000 0.001258 0.038493 0.020488
    31 1.068069 -1.287201 0.981905 1.457311 -0.839490 0.071370
    32 1.836304 -0.000002 -0.000004 -0.000056 -0.188092 0.157023
    33 1.223948 -0.000001 0.000000 -0.000073 -0.040582 0.037650
    34 4.065392 1.458946 -1.500000 1.121763 0.883406 -0.425965
    35 5.507360 0.000008 -0.000001 2.794028 0.733278 0.315138
    36 10.907398 0.000000 0.000004 0.000000 0.000000 -2.248899
    37 10.424301 -0.000005 0.000019 -0.883959 -0.317711 0.168207
    38 2.997293 0.000065 1.477481 -0.293690 -0.495681 0.085165
    39 1.510378 -0.000004 0.000000 -0.011341 -0.016615 -0.257537
    40 0.808655 0.000000 0.000000 0.054433 0.175361 0.039377
    41 3.305817 0.201134 0.547461 -0.221740 -0.219384 0.044705
    42 1.807175 0.000000 0.000000 0.051906 0.088339 -0.190157
    43 0.966141 -0.000001 0.000000 -0.002387 -0.009734 0.099588
    44 3.571524 0.110786 -0.409182 -0.183620 -0.067925 0.084169
    45 2.150656 0.000000 0.000000 0.042028 0.053936 -0.320272
    46 1.152752 0.000000 0.000000 -0.001808 -0.011970 0.185709
    47 3.684113 -0.153563 -1.419748 -0.131344 0.161576 0.135208
    48 1.701017 0.000002 0.000000 -0.051316 -0.064006 -0.334034
    49 0.994705 0.000001 0.000000 -0.001284 -0.038506 0.309237
    50 1.068094 -1.283653 -0.986553 -1.418974 0.790307 0.141475
    51 1.836306 -0.000002 0.000000 0.000056 0.188092 0.157023
    52 1.223946 0.000000 0.000002 0.000037 0.040616 0.091125
    53 -12.898438 -9.000000 -11.640625 1.741640 0.284586 1.939373
    54 0.000000 0.000000 0.000000 -0.077030 -0.068757 -1.299215
    55 0.000004 -0.000007 -0.000031 1.373047 0.113574 0.124314
    56 0.000000 -0.000007 -0.000031 1.373047 0.113574 0.124314
    57 2.856897 -1.536201 -0.973800 -1.501147 -0.272558 -1.578261
    58 2.856895 -1.536198 -0.973800 -1.501147 -0.272558 -1.578261
    59 0.000000 0.000000 10.000000 0.000000 0.000000 0.000000
    60 0.018898 0.665159 9.395884 0.000000 0.000000 0.000000
    61 2.000008 -3.000000 0.000000 -1.570796 0.000000 -1.326450
    62 3.028210 -0.923409 -2.009452 1.574082 -0.012974 1.587244
    63 0.116955 4.311607 0.061861 0.000010 0.000000 0.000000
    64 0.000000 0.000000 0.000001 0.000000 0.000000 0.000000
    65 0.000000 1.000000 0.000008 0.000000 0.000000 0.000000
    66 0.000000 0.000000 0.000002 0.000000 0.000000 0.000000
    67 0.000000 0.000000 0.000002 0.000000 0.000000 0.000000
    68 0.000000 0.000000 0.000002 0.000000 0.000000 0.000000
time 187
    0 0.799316 -8.718750 45.937500 1.557216 0.027427 -0.036320
    1 3.625659 0.000000 0.000000 -2.078970 -0.056968 -1.271074
    2 18.345819 0.000000 0.000000 0.000000 0.000000 0.110899
    3 16.751528 0.000000 0.000000 0.167568 0.394655 -0.472105
    4 5.943489 0.000000 0.000000 0.020415 -0.027709 -0.454875
    5 -3.625659 0.000000 0.000000 -1.141940 -0.084883 -1.809479
    6 18.345812 0.000000 0.000000 0.000000 0.000000 0.149570
    7 16.751524 0.000000 0.000000 0.057268 -0.229813 -0.687149
    8 5.943490 0.000000 0.000000 -0.112030 0.023879 -0.389592
    9 0.000000 4.043964 -0.017929 1.544449 -0.112687 1.622353
    10 3.995838 0.000000 0.000000 -0.028097 0.026048 -0.161741
    11 3.698242 -0.000001 0.000000 -0.026781 0.001405 -0.024020
    12 5.700890 0.000000 0.000000 -0.026175 0.006352 0.476132
    13 5.352852 -0.000001 0.000000 3.061834 0.156690 0.162663
    14 4.461819 0.000000 0.000000 -0.132900 -0.128178 0.693195
    15 4.065388 1.458945 1.500000 -1.465352 -0.925331 -0.244873
    16 5.507357 0.000004 -0.000001 -2.135231 -0.874350 0.067635
    17 10.907398 0.000000 0.000000 0.000000 0.000000 -0.818496
    18 10.424324 -0.000008 -0.000027 1.046714 -0.032856 0.199164
    19 2.997274 0.005409 -1.477472 0.296280 0.493149 -0.079946
    20 1.510382 0.000000 0.000000 0.011341 0.016615 -0.257537
    21 0.808655 0.000002 0.000000 -0.054433 -0.175361 0.039377
    22 3.305792 0.203112 -0.546730 0.228981 0.234014 0.043917
    23 1.807182 0.000002 0.000000 -0.051906 -0.088339 -0.190157
    24 0.966137 0.000001 0.000000 0.002387 0.009734 0.099588
    25 3.571512 0.109303 0.409580 0.187237 0.067893 0.178800
    26 2.150654 -0.000002 0.000000 -0.042028 -0.053936 -0.320272
    27 1.152748 0.000000 0.000000 0.001856 0.011945 0.064941
    28 3.684092 -0.158705 1.419183 0.117459 -0.234196 0.132137
    29 1.701014 -0.000002 0.000000 0.051316 0.064006 -0.334034
    30 0.994705 0.000002 0.000000 0.001258 0.038493 0.020488
    31 1.068069 -1.287201 0.981905 1.458959 -0.836249 0.070734
    32 1.836304 -0.000002 -0.000004 -0.000056 -0.188092 0.157023
    33 1.223948 -0.000001 0.000000 -0.000073 -0.040582 0.037650
    34 4.065392 1.458946 -1.500000 1.123967 0.887002 -0.425861
    35 5.507360 0.000008 -0.000001 2.783852 0.731783 0.309929
    36 10.907398 0.000000 0.000004 0.000000 0.000000 -2.252152
    37 10.424301 -0.000005 0.000019 -0.888227 -0.316201 0.164654
    38 2.997293 0.000065 1.477481 -0.291655 -0.488158 0.085522
    39 1.510378 -0.000004 0.000000 -0.011341 -0.016615 -0.257537
    40 0.808655 0.000000 0.000000 0.054433 0.175361 0.039377
    41 3.305817 0.201134 0.547461 -0.221142 -0.216932 0.044796
    42 1.807175 0.000000 0.000000 0.051906 0.088339 -0.190157
    43 0.966141 -0.000001 0.000000 -0.002387 -0.009734 0.099588
    44 3.571524 0.110786 -0.409182 -0.183620 -0.067925 0.084169
    45 2.150656 0.000000 0.000000 0.042028 0.053936 -0.320272
    46 1.152752 0.000000 0.000000 -0.001808 -0.011970 0.185709
    47 3.684113 -0.153563 -1.419748 -0.132296 0.157472 0.135210
    48 1.701017 0.000002 0.000000 -0.051316 -0.064006 -0.334034
    49 0.994705 0.000001 0.000000 -0.001284 -0.038506 0.309237
    50 1.068094 -1.283653 -0.986553 -1.424749 0.788589 0.134357
    51 1.836306 -0.000002 0.000000 0.000056 0.188092 0.157023
    52 1.223946 0.000000 0.000002 0.000058 0.040625 0.100634
    53 -4.945313 -10.132813 -10.882813 1.728329 0.293448 1.955302
    54 0.000000 0.000000 0.000000 -0.077030 -0.068757 -1.299215
    55 0.000004 -0.000007 -0.000031 1.373047 0.113574 0.124314
    56 0.000000 -0.000007 -0.000031 1.373047 0.113574 0.124314
    57 2.856897 -1.536201 -0.973800 -1.501147 -0.272558 -1.578261
    58 2.856895 -1.536198 -0.973800 -1.501147 -0.272558 -1.578261
    59 0.000000 0.000000 10.000000 0.000000 0.000000 0.000000
    60 0.018898 0.665159 9.395884 0.000000 0.000000 0.000000
    61 2.000008 -3.000000 0.000000 -1.570796 0.000000 -1.326450
    62 3.028210 -0.923409 -2.009452 1.574082 -0.012974 1.587244
    63 0.116955 4.311607 0.061861 0.000010 0.000000 0.000000
    64 0.000000 0.000000 0.000001 0.000000 0.000000 0.000000
    65 0.000000 1.000000 0.000008 0.000000 0.000000 0.000000
    66 0.000000 0.000000 0.000002 0.000000 0.000000 0.000000
    67 0.000000 0.000000 0.000002 0.000000 0.000000 0.000000
    68 0.000000 0.000000 0.000002 0.000000 0.000000 0.000000
time 188
    0 0.779785 -8.726563 46.031250 1.556098 0.028328 -0.036662
    1 3.625659 0.000000 0.000000 -2.076735 -0.059469 -1.268931
    2 18.345819 0.000000 0.000000 0.000000 0.000000 0.110208
    3 16.751528 0.000000 0.000000 0.172788 0.397369 -0.464125
    4 5.943489 0.000000 0.000000 0.020431 -0.027683 -0.445310
    5 -3.625659 0.000000 0.000000 -1.136948 -0.082100 -1.806055
    6 18.345812 0.000000 0.000000 0.000000 0.000000 0.147838
    7 16.751524 0.000000 0.000000 0.064698 -0.228735 -0.695759
    8 5.943490 0.000000 0.000000 -0.112020 0.023872 -0.393029
    9 0.000000 4.043964 -0.017929 1.545058 -0.112560 1.621909
    10 3.995838 0.000000 0.000000 -0.027604 0.026438 -0.161394
    11 3.698242 -0.000001 0.000000 -0.026358 0.002289 -0.022823
    12 5.700890 0.000000 0.000000 -0.025521 0.006846 0.478347
    13 5.352852 -0.000001 0.000000 3.061436 0.159785 0.166792
    14 4.461819 0.000000 0.000000 -0.134792 -0.130142 0.689859
    15 4.065388 1.458945 1.500000 -1.467044 -0.930282 -0.239498
    16 5.507357 0.000004 -0.000001 -2.143346 -0.870625 0.066286
    17 10.907398 0.000000 0.000000 0.000000 0.000000 -0.825464
    18 10.424324 -0.000008 -0.000027 1.061721 0.006693 0.196827
    19 2.997274 0.005409 -1.477472 0.295648 0.490887 -0.079604
    20 1.510382 0.000000 0.000000 0.011341 0.016615 -0.257537
    21 0.808655 0.000002 0.000000 -0.054433 -0.175361 0.039377
    22 3.305792 0.203112 -0.546730 0.228981 0.234014 0.043917
    23 1.807182 0.000002 0.000000 -0.051906 -0.088339 -0.190157
    24 0.966137 0.000001 0.000000 0.002387 0.009734 0.099588
    25 3.571512 0.109303 0.409580 0.187237 0.067893 0.178800
    26 2.150654 -0.000002 0.000000 -0.042028 -0.053936 -0.320272
    27 1.152748 0.000000 0.000000 0.001856 0.011945 0.064941
    28 3.684092 -0.158705 1.419183 0.117459 -0.234196 0.132137
    29 1.701014 -0.000002 0.000000 0.051316 0.064006 -0.334034
    30 0.994705 0.000002 0.000000 0.001258 0.038493 0.020488
    31 1.068069 -1.287201 0.981905 1.460838 -0.832210 0.070080
    32 1.836304 -0.000002 -0.000004 -0.000056 -0.188092 0.157023
    33 1.223948 -0.000001 0.000000 -0.000073 -0.040582 0.037650
    34 4.065392 1.458946 -1.500000 1.129063 0.892645 -0.424155
    35 5.507360 0.000008 -0.000001 2.770840 0.729411 0.300189
    36 10.907398 0.000000 0.000004 0.000000 0.000000 -2.258459
    37 10.424301 -0.000005 0.000019 -0.893508 -0.314588 0.159884
    38 2.997293 0.000065 1.477481 -0.289225 -0.478936 0.085889
    39 1.510378 -0.000004 0.000000 -0.011341 -0.016615 -0.257537
    40 0.808655 0.000000 0.000000 0.054433 0.175361 0.039377
    41 3.305817 0.201134 0.547461 -0.220436 -0.213870 0.044896
    42 1.807175 0.000000 0.000000 0.051906 0.088339 -0.190157
    43 0.966141 -0.000001 0.000000 -0.002387 -0.009734 0.099588
    44 3.571524 0.110786 -0.409182 -0.183620 -0.067925 0.084169
    45 2.150656 0.000000 0.000000 0.042028 0.053936 -0.320272
    46 1.152752 0.000000 0.000000 -0.001808 -0.011970 0.185709
    47 3.684113 -0.153563 -1.419748 -0.133490 0.152340 0.135177
    48 1.701017 0.000002 0.000000 -0.051316 -0.064006 -0.334034
    49 0.994705 0.000001 0.000000 -0.001284 -0.038506 0.309237
    50 1.068094 -1.283653 -0.986553 -1.431743 0.786430 0.125645
    51 1.836306 -0.000002 0.000000 0.000056 0.188092 0.157023
    52 1.223946 0.000000 0.000002 0.000036 0.040638 0.112307
    53 0.748535 -17.156250 -6.761719 1.725872 0.282567 1.957616
    54 0.000000 0.000000 0.000000 -0.077030 -0.068757 -1.299215
    55 0.000004 -0.000007 -0.000031 1.373047 0.113574 0.124314
    56 0.000000 -0.000007 -0.000031 1.373047 0.113574 0.124314
    57 2.856897 -1.536201 -0.973800 -1.501147 -0.272558 -1.578261
    58 2.856895 -1.536198 -0.973800 -1.501147 -0.272558 -1.578261
    59 0.000000 0.000000 10.000000 0.000000 0.000000 0.000000
    60 0.018898 0.665159 9.395884 0.000000 0.000000 0.000000
    61 2.000008 -3.000000 0.000000 -1.570796 0.000000 -1.326450
    62 3.028210 -0.923409 -2.009452 1.574082 -0.012974 1.587244
    63 0.116955 4.311607 0.061861 0.000010 0.000000 0.000000
    64 0.000000 0.000000 0.000001 0.000000 0.000000 0.000000
    65 0.000000 1.000000 0.000008 0.000000 0.000000 0.000000
    66 0.000000 0.000000 0.000002 0.000000 0.000000 0.000000
    67 0.000000 0.000000 0.000002 0.000000 0.000000 0.000000
    68 0.000000 0.000000 0.000002 0.000000 0.000000 0.000000
time 189
    0 0.744629 -8.726563 46.125000 1.555747 0.030284 -0.036397
    1 3.625659 0.000000 0.000000 -2.077427 -0.060758 -1.265587
    2 18.345819 0.000000 0.000000 0.000000 0.000000 0.113147
    3 16.751528 0.000000 0.000000 0.172242 0.398931 -0.459240
    4 5.943489 0.000000 0.000000 0.020386 -0.027705 -0.431246
    5 -3.625659 0.000000 0.000000 -1.135904 -0.080179 -1.802498
    6 18.345812 0.000000 0.000000 0.000000 0.000000 0.147406
    7 16.751524 0.000000 0.000000 0.073916 -0.228252 -0.705676
    8 5.943490 0.000000 0.000000 -0.112009 0.023814 -0.389235
    9 0.000000 4.043964 -0.017929 1.545396 -0.112329 1.621820
    10 3.995838 0.000000 0.000000 -0.027129 0.026996 -0.161395
    11 3.698242 -0.000001 0.000000 -0.026108 0.003254 -0.021885
    12 5.700890 0.000000 0.000000 -0.024870 0.007690 0.480293
    13 5.352852 -0.000001 0.000000 3.060834 0.162761 0.171605
    14 4.461819 0.000000 0.000000 -0.136735 -0.132221 0.685718
    15 4.065388 1.458945 1.500000 -1.468867 -0.935998 -0.233091
    16 5.507357 0.000004 -0.000001 -2.162531 -0.868405 0.068563
    17 10.907398 0.000000 0.000000 0.000000 0.000000 -0.822167
    18 10.424324 -0.000008 -0.000027 1.077858 0.048169 0.192165
    19 2.997274 0.005409 -1.477472 0.294833 0.488167 -0.079280
    20 1.510382 0.000000 0.000000 0.011341 0.016615 -0.257537
    21 0.808655 0.000002 0.000000 -0.054433 -0.175361 0.039377
    22 3.305792 0.203112 -0.546730 0.228981 0.234014 0.043917
    23 1.807182 0.000002 0.000000 -0.051906 -0.088339 -0.190157
    24 0.966137 0.000001 0.000000 0.002387 0.009734 0.099588
    25 3.571512 0.109303 0.409580 0.187237 0.067893 0.178800
    26 2.150654 -0.000002 0.000000 -0.042028 -0.053936 -0.320272
    27 1.152748 0.000000 0.000000 0.001856 0.011945 0.064941
    28 3.684092 -0.158705 1.419183 0.117459 -0.234196 0.132137
    29 1.701014 -0.000002 0.000000 0.051316 0.064006 -0.334034
    30 0.994705 0.000002 0.000000 0.001258 0.038493 0.020488
    31 1.068069 -1.287201 0.981905 1.463013 -0.827446 0.069320
    32 1.836304 -0.000002 -0.000004 -0.000056 -0.188092 0.157023
    33 1.223948 -0.000001 0.000000 -0.000073 -0.040582 0.037650
    34 4.065392 1.458946 -1.500000 1.136754 0.898954 -0.420457
    35 5.507360 0.000008 -0.000001 2.753893 0.726164 0.287578
    36 10.907398 0.000000 0.000004 0.000000 0.000000 -2.265328
    37 10.424301 -0.000005 0.000019 -0.900444 -0.311594 0.154155
    38 2.997293 0.000065 1.477481 -0.286357 -0.468001 0.086444
    39 1.510378 -0.000004 0.000000 -0.011341 -0.016615 -0.257537
    40 0.808655 0.000000 0.000000 0.054433 0.175361 0.039377
    41 3.305817 0.201134 0.547461 -0.219618 -0.210292 0.044927
    42 1.807175 0.000000 0.000000 0.051906 0.088339 -0.190157
    43 0.966141 -0.000001 0.000000 -0.002387 -0.009734 0.099588
    44 3.571524 0.110786 -0.409182 -0.183620 -0.067925 0.084169
    45 2.150656 0.000000 0.000000 0.042028 0.053936 -0.320272
    46 1.152752 0.000000 0.000000 -0.001808 -0.011970 0.185709
    47 3.684113 -0.153563 -1.419748 -0.134913 0.146272 0.135193
    48 1.701017 0.000002 0.000000 -0.051316 -0.064006 -0.334034
    49 0.994705 0.000001 0.000000 -0.001284 -0.038506 0.309237
    50 1.068094 -1.283653 -0.986553 -1.439894 0.783741 0.115438
    51 1.836306 -0.000002 0.000000 0.000056 0.188092 0.157023
    52 1.223946 0.000000 0.000002 0.000053 0.040567 0.126147
    53 -4.902344 -22.734375 -5.230469 1.727489 0.263865 1.953073
    54 0.000000 0.000000 0.000000 -0.077030 -0.068757 -1.299215
    55 0.000004 -0.000007 -0.000031 1.373047 0.113574 0.124314
    56 0.000000 -0.000007 -0.000031 1.373047 0.113574 0.124314
    57 2.856897 -1.536201 -0.973800 -1.501147 -0.272558 -1.578261
    58 2.856895 -1.536198 -0.973800 -1.501147 -0.272558 -1.578261
    59 0.000000 0.000000 10.000000 0.000000 0.000000 0.000000
    60 0.018898 0.665159 9.395884 0.000000 0.000000 0.000000
    61 2.000008 -3.000000 0.000000 -1.570796 0.000000 -1.326450
    62 3.028210 -0.923409 -2.009452 1.574082 -0.012974 1.587244
    63 0.116955 4.311607 0.061861 0.000010 0.000000 0.000000
    64 0.000000 0.000000 0.000001 0.000000 0.000000 0.000000
    65 0.000000 1.000000 0.000008 0.000000 0.000000 0.000000
    66 0.000000 0.000000 0.000002 0.000000 0.000000 0.000000
    67 0.000000 0.000000 0.000002 0.000000 0.000000 0.000000
    68 0.000000 0.000000 0.000002 0.000000 0.000000 0.000000
time 190
    0 0.697266 -8.726563 46.218750 1.555654 0.032429 -0.035533
    1 3.625659 0.000000 0.000000 -2.077096 -0.060548 -1.261810
    2 18.345819 0.000000 0.000000 0.000000 0.000000 0.121362
    3 16.751528 0.000000 0.000000 0.166553 0.398172 -0.460856
    4 5.943489 0.000000 0.000000 0.020418 -0.027672 -0.422676
    5 -3.625659 0.000000 0.000000 -1.138010 -0.078445 -1.799561
    6 18.345812 0.000000 0.000000 0.000000 0.000000 0.147232
    7 16.751524 0.000000 0.000000 0.082361 -0.227597 -0.714210
    8 5.943490 0.000000 0.000000 -0.112050 0.023841 -0.386947
    9 0.000000 4.043964 -0.017929 1.545833 -0.112195 1.621384
    10 3.995838 0.000000 0.000000 -0.026825 0.027543 -0.161225
    11 3.698242 -0.000001 0.000000 -0.025947 0.004473 -0.021210
    12 5.700890 0.000000 0.000000 -0.024157 0.008778 0.481704
    13 5.352852 -0.000001 0.000000 3.059969 0.165839 0.176134
    14 4.461819 0.000000 0.000000 -0.138872 -0.134326 0.681696
    15 4.065388 1.458945 1.500000 -1.473314 -0.943317 -0.224931
    16 5.507357 0.000004 -0.000001 -2.169111 -0.861558 0.063016
    17 10.907398 0.000000 0.000000 0.000000 0.000000 -0.833387
    18 10.424324 -0.000008 -0.000027 1.096741 0.090814 0.178462
    19 2.997274 0.005409 -1.477472 0.293934 0.485078 -0.078935
    20 1.510382 0.000000 0.000000 0.011341 0.016615 -0.257537
    21 0.808655 0.000002 0.000000 -0.054433 -0.175361 0.039377
    22 3.305792 0.203112 -0.546730 0.228981 0.234014 0.043917
    23 1.807182 0.000002 0.000000 -0.051906 -0.088339 -0.190157
    24 0.966137 0.000001 0.000000 0.002387 0.009734 0.099588
    25 3.571512 0.109303 0.409580 0.187237 0.067893 0.178800
    26 2.150654 -0.000002 0.000000 -0.042028 -0.053936 -0.320272
    27 1.152748 0.000000 0.000000 0.001856 0.011945 0.064941
    28 3.684092 -0.158705 1.419183 0.117459 -0.234196 0.132137
    29 1.701014 -0.000002 0.000000 0.051316 0.064006 -0.334034
    30 0.994705 0.000002 0.000000 0.001258 0.038493 0.020488
    31 1.068069 -1.287201 0.981905 1.465389 -0.822028 0.068441
    32 1.836304 -0.000002 -0.000004 -0.000056 -0.188092 0.157023
    33 1.223948 -0.000001 0.000000 -0.000073 -0.040582 0.037650
    34 4.065392 1.458946 -1.500000 1.145588 0.904296 -0.415330
    35 5.507360 0.000008 -0.000001 2.733891 0.722406 0.272787
    36 10.907398 0.000000 0.000004 0.000000 0.000000 -2.271806
    37 10.424301 -0.000005 0.000019 -0.908403 -0.308591 0.147513
    38 2.997293 0.000065 1.477481 -0.283133 -0.455744 0.087011
    39 1.510378 -0.000004 0.000000 -0.011341 -0.016615 -0.257537
    40 0.808655 0.000000 0.000000 0.054433 0.175361 0.039377
    41 3.305817 0.201134 0.547461 -0.218623 -0.206269 0.045067
    42 1.807175 0.000000 0.000000 0.051906 0.088339 -0.190157
    43 0.966141 -0.000001 0.000000 -0.002387 -0.009734 0.099588
    44 3.571524 0.110786 -0.409182 -0.183620 -0.067925 0.084169
    45 2.150656 0.000000 0.000000 0.042028 0.053936 -0.320272
    46 1.152752 0.000000 0.000000 -0.001808 -0.011970 0.185709
    47 3.684113 -0.153563 -1.419748 -0.136562 0.139437 0.135166
    48 1.701017 0.000002 0.000000 -0.051316 -0.064006 -0.334034
    49 0.994705 0.000001 0.000000 -0.001284 -0.038506 0.309237
    50 1.068094 -1.283653 -0.986553 -1.449067 0.780756 0.103962
    51 1.836306 -0.000002 0.000000 0.000056 0.188092 0.157023
    52 1.223946 0.000000 0.000002 0.000025 0.040590 0.141723
    53 -13.429688 -19.468750 -5.378906 1.725054 0.248459 1.955725
    54 0.000000 0.000000 0.000000 -0.077030 -0.068757 -1.299215
    55 0.000004 -0.000007 -0.000031 1.373047 0.113574 0.124314
    56 0.000000 -0.000007 -0.000031 1.373047 0.113574 0.124314
    57 2.856897 -1.536201 -0.973800 -1.501147 -0.272558 -1.578261
    58 2.856895 -1.536198 -0.973800 -1.501147 -0.272558 -1.578261
    59 0.000000 0.000000 10.000000 0.000000 0.000000 0.000000
    60 0.018898 0.665159 9.395884 0.000000 0.000000 0.000000
    61 2.000008 -3.000000 0.000000 -1.570796 0.000000 -1.326450
    62 3.028210 -0.923409 -2.009452 1.574082 -0.012974 1.587244
    63 0.116955 4.311607 0.061861 0.000010 0.000000 0.000000
    64 0.000000 0.000000 0.000001 0.000000 0.000000 0.000000
    65 0.000000 1.000000 0.000008 0.000000 0.000000 0.000000
    66 0.000000 0.000000 0.000002 0.000000 0.000000 0.000000
    67 0.000000 0.000000 0.000002 0.000000 0.000000 0.000000
    68 0.000000 0.000000 0.000002 0.000000 0.000000 0.000000
time 191
    0 0.640137 -8.726563 46.312500 1.555909 0.034003 -0.033904
    1 3.625659 0.000000 0.000000 -2.075565 -0.059194 -1.258748
    2 18.345819 0.000000 0.000000 0.000000 0.000000 0.130877
    3 16.751528 0.000000 0.000000 0.160001 0.394510 -0.462724
    4 5.943489 0.000000 0.000000 0.020400 -0.027739 -0.426121
    5 -3.625659 0.000000 0.000000 -1.142799 -0.076595 -1.797690
    6 18.345812 0.000000 0.000000 0.000000 0.000000 0.146800
    7 16.751524 0.000000 0.000000 0.088105 -0.228169 -0.719641
    8 5.943490 0.000000 0.000000 -0.112028 0.023889 -0.389416
    9 0.000000 4.043964 -0.017929 1.546293 -0.112163 1.620351
    10 3.995838 0.000000 0.000000 -0.026406 0.027752 -0.161049
    11 3.698242 -0.000001 0.000000 -0.025701 0.005776 -0.020795
    12 5.700890 0.000000 0.000000 -0.023363 0.010195 0.482579
    13 5.352852 -0.000001 0.000000 3.058869 0.169151 0.179505
    14 4.461819 0.000000 0.000000 -0.141346 -0.136476 0.678270
    15 4.065388 1.458945 1.500000 -1.479912 -0.951417 -0.215334
    16 5.507357 0.000004 -0.000001 -2.164794 -0.851921 0.049129
    17 10.907398 0.000000 0.000000 0.000000 0.000000 -0.854489
    18 10.424324 -0.000008 -0.000027 1.115468 0.134766 0.166288
    19 2.997274 0.005409 -1.477472 0.292954 0.481711 -0.078555
    20 1.510382 0.000000 0.000000 0.011341 0.016615 -0.257537
    21 0.808655 0.000002 0.000000 -0.054433 -0.175361 0.039377
    22 3.305792 0.203112 -0.546730 0.228981 0.234014 0.043917
    23 1.807182 0.000002 0.000000 -0.051906 -0.088339 -0.190157
    24 0.966137 0.000001 0.000000 0.002387 0.009734 0.099588
    25 3.571512 0.109303 0.409580 0.187237 0.067893 0.178800
    26 2.150654 -0.000002 0.000000 -0.042028 -0.053936 -0.320272
    27 1.152748 0.000000 0.000000 0.001856 0.011945 0.064941
    28 3.684092 -0.158705 1.419183 0.117459 -0.234196 0.132137
    29 1.701014 -0.000002 0.000000 0.051316 0.064006 -0.334034
    30 0.994705 0.000002 0.000000 0.001258 0.038493 0.020488
    31 1.068069 -1.287201 0.981905 1.468048 -0.816017 0.067614
    32 1.836304 -0.000002 -0.000004 -0.000056 -0.188092 0.157023
    33 1.223948 -0.000001 0.000000 -0.000073 -0.040582 0.037650
    34 4.065392 1.458946 -1.500000 1.154116 0.907675 -0.409648
    35 5.507360 0.000008 -0.000001 2.713668 0.718377 0.253922
    36 10.907398 0.000000 0.000004 0.000000 0.000000 -2.279889
    37 10.424301 -0.000005 0.000019 -0.916807 -0.305333 0.140101
    38 2.997293 0.000065 1.477481 -0.279497 -0.442062 0.087754
    39 1.510378 -0.000004 0.000000 -0.011341 -0.016615 -0.257537
    40 0.808655 0.000000 0.000000 0.054433 0.175361 0.039377
    41 3.305817 0.201134 0.547461 -0.217618 -0.201807 0.045249
    42 1.807175 0.000000 0.000000 0.051906 0.088339 -0.190157
    43 0.966141 -0.000001 0.000000 -0.002387 -0.009734 0.099588
    44 3.571524 0.110786 -0.409182 -0.183620 -0.067925 0.084169
    45 2.150656 0.000000 0.000000 0.042028 0.053936 -0.320272
    46 1.152752 0.000000 0.000000 -0.001808 -0.011970 0.185709
    47 3.684113 -0.153563 -1.419748 -0.138344 0.131913 0.135102
    48 1.701017 0.000002 0.000000 -0.051316 -0.064006 -0.334034
    49 0.994705 0.000001 0.000000 -0.001284 -0.038506 0.309237
    50 1.068094 -1.283653 -0.986553 -1.459200 0.777386 0.091318
    51 1.836306 -0.000002 0.000000 0.000056 0.188092 0.157023
    52 1.223946 0.000000 0.000002 0.000030 0.040615 0.158954
    53 -16.750000 -8.406250 -6.718750 1.718323 0.234757 1.961831
    54 0.000000 0.000000 0.000000 -0.077030 -0.068757 -1.299215
    55 0.000004 -0.000007 -0.000031 1.373047 0.113574 0.124314
    56 0.000000 -0.000007 -0.000031 1.373047 0.113574 0.124314
    57 2.856897 -1.536201 -0.973800 -1.501147 -0.272558 -1.578261
    58 2.856895 -1.536198 -0.973800 -1.501147 -0.272558 -1.578261
    59 0.000000 0.000000 10.000000 0.000000 0.000000 0.000000
    60 0.018898 0.665159 9.395884 0.000000 0.000000 0.000000
    61 2.000008 -3.000000 0.000000 -1.570796 0.000000 -1.326450
    62 3.028210 -0.923409 -2.009452 1.574082 -0.012974 1.587244
    63 0.116955 4.311607 0.061861 0.000010 0.000000 0.000000
    64 0.000000 0.000000 0.000001 0.000000 0.000000 0.000000
    65 0.000000 1.000000 0.000008 0.000000 0.000000 0.000000
    66 0.000000 0.000000 0.000002 0.000000 0.000000 0.000000
    67 0.000000 0.000000 0.000002 0.000000 0.000000 0.000000
    68 0.000000 0.000000 0.000002 0.000000 0.000000 0.000000
time 192
    0 0.577148 -8.718750 46.375000 1.556169 0.035583 -0.031933
    1 3.625659 0.000000 0.000000 -2.074478 -0.056703 -1.256266
    2 18.345819 0.000000 0.000000 0.000000 0.000000 0.140049
    3 16.751528 0.000000 0.000000 0.153505 0.388869 -0.466807
    4 5.943489 0.000000 0.000000 0.020437 -0.027668 -0.434870
    5 -3.625659 0.000000 0.000000 -1.149689 -0.074754 -1.796988
    6 18.345812 0.000000 0.000000 0.000000 0.000000 0.146367
    7 16.751524 0.000000 0.000000 0.091574 -0.229382 -0.724845
    8 5.943490 0.000000 0.000000 -0.112076 0.023825 -0.392058
    9 0.000000 4.043964 -0.017929 1.546692 -0.112549 1.618966
    10 3.995838 0.000000 0.000000 -0.026057 0.027784 -0.160697
    11 3.698242 -0.000001 0.000000 -0.025542 0.007161 -0.020639
    12 5.700890 0.000000 0.000000 -0.022446 0.011749 0.482744
    13 5.352852 -0.000001 0.000000 3.057366 0.172665 0.180830
    14 4.461819 0.000000 0.000000 -0.144126 -0.138649 0.676168
    15 4.065388 1.458945 1.500000 -1.487393 -0.959070 -0.205216
    16 5.507357 0.000004 -0.000001 -2.161556 -0.845082 0.039634
    17 10.907398 0.000000 0.000000 0.000000 0.000000 -0.868169
    18 10.424324 -0.000008 -0.000027 1.132365 0.181622 0.165159
    19 2.997274 0.005409 -1.477472 0.291892 0.477977 -0.078154
    20 1.510382 0.000000 0.000000 0.011341 0.016615 -0.257537
    21 0.808655 0.000002 0.000000 -0.054433 -0.175361 0.039377
    22 3.305792 0.203112 -0.546730 0.228981 0.234014 0.043917
    23 1.807182 0.000002 0.000000 -0.051906 -0.088339 -0.190157
    24 0.966137 0.000001 0.000000 0.002387 0.009734 0.099588
    25 3.571512 0.109303 0.409580 0.187237 0.067893 0.178800
    26 2.150654 -0.000002 0.000000 -0.042028 -0.053936 -0.320272
    27 1.152748 0.000000 0.000000 0.001856 0.011945 0.064941
    28 3.684092 -0.158705 1.419183 0.117459 -0.234196 0.132137
    29 1.701014 -0.000002 0.000000 0.051316 0.064006 -0.334034
    30 0.994705 0.000002 0.000000 0.001258 0.038493 0.020488
    31 1.068069 -1.287201 0.981905 1.471025 -0.809561 0.066574
    32 1.836304 -0.000002 -0.000004 -0.000056 -0.188092 0.157023
    33 1.223948 -0.000001 0.000000 -0.000073 -0.040582 0.037650
    34 4.065392 1.458946 -1.500000 1.164954 0.911672 -0.403546
    35 5.507360 0.000008 -0.000001 2.690395 0.713492 0.231937
    36 10.907398 0.000000 0.000004 0.000000 0.000000 -2.288905
    37 10.424301 -0.000005 0.000019 -0.926940 -0.300587 0.132880
    38 2.997293 0.000065 1.477481 -0.275642 -0.427328 0.088608
    39 1.510378 -0.000004 0.000000 -0.011341 -0.016615 -0.257537
    40 0.808655 0.000000 0.000000 0.054433 0.175361 0.039377
    41 3.305817 0.201134 0.547461 -0.216423 -0.197005 0.045378
    42 1.807175 0.000000 0.000000 0.051906 0.088339 -0.190157
    43 0.966141 -0.000001 0.000000 -0.002387 -0.009734 0.099588
    44 3.571524 0.110786 -0.409182 -0.183620 -0.067925 0.084169
    45 2.150656 0.000000 0.000000 0.042028 0.053936 -0.320272
    46 1.152752 0.000000 0.000000 -0.001808 -0.011970 0.185709
    47 3.684113 -0.153563 -1.419748 -0.140254 0.123709 0.135091
    48 1.701017 0.000002 0.000000 -0.051316 -0.064006 -0.334034
    49 0.994705 0.000001 0.000000 -0.001284 -0.038506 0.309237
    50 1.068094 -1.283653 -0.986553 -1.470069 0.773599 0.077744
    51 1.836306 -0.000002 0.000000 0.000056 0.188092 0.157023
    52 1.223946 0.000000 0.000002 0.000059 0.040558 0.177671
    53 -11.289063 -4.050781 -10.015625 1.712034 0.223420 1.964517
    54 0.000000 0.000000 0.000000 -0.077030 -0.068757 -1.299215
    55 0.000004 -0.000007 -0.000031 1.373047 0.113574 0.124314
    56 0.000000 -0.000007 -0.000031 1.373047 0.113574 0.124314
    57 2.856897 -1.536201 -0.973800 -1.501147 -0.272558 -1.578261
    58 2.856895 -1.536198 -0.973800 -1.501147 -0.272558 -1.578261
    59 0.000000 0.000000 10.000000 0.000000 0.000000 0.000000
    60 0.018898 0.665159 9.395884 0.000000 0.000000 0.000000
    61 2.000008 -3.000000 0.000000 -1.570796 0.000000 -1.326450
    62 3.028210 -0.923409 -2.009452 1.574082 -0.012974 1.587244
    63 0.116955 4.311607 0.061861 0.000010 0.000000 0.000000
    64 0.000000 0.000000 0.000001 0.000000 0.000000 0.000000
    65 0.000000 1.000000 0.000008 0.000000 0.000000 0.000000
    66 0.000000 0.000000 0.000002 0.000000 0.000000 0.000000
    67 0.000000 0.000000 0.000002 0.000000 0.000000 0.000000
    68 0.000000 0.000000 0.000002 0.000000 0.000000 0.000000
time 193
    0 0.511230 -8.710938 46.468750 1.556609 0.036837 -0.029278
    1 3.625659 0.000000 0.000000 -2.074847 -0.052925 -1.254800
    2 18.345819 0.000000 0.000000 0.000000 0.000000 0.147406
    3 16.751528 0.000000 0.000000 0.148180 0.383001 -0.473476
    4 5.943489 0.000000 0.000000 0.020439 -0.027678 -0.445841
    5 -3.625659 0.000000 0.000000 -1.156939 -0.072823 -1.797433
    6 18.345812 0.000000 0.000000 0.000000 0.000000 0.145847
    7 16.751524 0.000000 0.000000 0.090718 -0.231747 -0.730424
    8 5.943490 0.000000 0.000000 -0.112020 0.023872 -0.393029
    9 0.000000 4.043964 -0.017929 1.547021 -0.113261 1.617484
    10 3.995838 0.000000 0.000000 -0.025613 0.027738 -0.160257
    11 3.698242 -0.000001 0.000000 -0.025473 0.008625 -0.021003
    12 5.700890 0.000000 0.000000 -0.021556 0.013568 0.482196
    13 5.352852 -0.000001 0.000000 3.055553 0.176378 0.180288
    14 4.461819 0.000000 0.000000 -0.147300 -0.140810 0.675396
    15 4.065388 1.458945 1.500000 -1.495958 -0.965999 -0.194303
    16 5.507357 0.000004 -0.000001 -2.164726 -0.842524 0.036992
    17 10.907398 0.000000 0.000000 0.000000 0.000000 -0.872548
    18 10.424324 -0.000008 -0.000027 1.149412 0.226434 0.165385
    19 2.997274 0.005409 -1.477472 0.290752 0.474054 -0.077704
    20 1.510382 0.000000 0.000000 0.011341 0.016615 -0.257537
    21 0.808655 0.000002 0.000000 -0.054433 -0.175361 0.039377
    22 3.305792 0.203112 -0.546730 0.228981 0.234014 0.043917
    23 1.807182 0.000002 0.000000 -0.051906 -0.088339 -0.190157
    24 0.966137 0.000001 0.000000 0.002387 0.009734 0.099588
    25 3.571512 0.109303 0.409580 0.187237 0.067893 0.178800
    26 2.150654 -0.000002 0.000000 -0.042028 -0.053936 -0.320272
    27 1.152748 0.000000 0.000000 0.001856 0.011945 0.064941
    28 3.684092 -0.158705 1.419183 0.117459 -0.234196 0.132137
    29 1.701014 -0.000002 0.000000 0.051316 0.064006 -0.334034
    30 0.994705 0.000002 0.000000 0.001258 0.038493 0.020488
    31 1.068069 -1.287201 0.981905 1.474088 -0.802713 0.065628
    32 1.836304 -0.000002 -0.000004 -0.000056 -0.188092 0.157023
    33 1.223948 -0.000001 0.000000 -0.000073 -0.040582 0.037650
    34 4.065392 1.458946 -1.500000 1.179257 0.917700 -0.396952
    35 5.507360 0.000008 -0.000001 2.662922 0.707081 0.209223
    36 10.907398 0.000000 0.000004 0.000000 0.000000 -2.297620
    37 10.424301 -0.000005 0.000019 -0.937412 -0.295638 0.126217
    38 2.997293 0.000065 1.477481 -0.271584 -0.411636 0.089600
    39 1.510378 -0.000004 0.000000 -0.011341 -0.016615 -0.257537
    40 0.808655 0.000000 0.000000 0.054433 0.175361 0.039377
    41 3.305817 0.201134 0.547461 -0.215223 -0.191850 0.045561
    42 1.807175 0.000000 0.000000 0.051906 0.088339 -0.190157
    43 0.966141 -0.000001 0.000000 -0.002387 -0.009734 0.099588
    44 3.571524 0.110786 -0.409182 -0.183620 -0.067925 0.084169
    45 2.150656 0.000000 0.000000 0.042028 0.053936 -0.320272
    46 1.152752 0.000000 0.000000 -0.001808 -0.011970 0.185709
    47 3.684113 -0.153563 -1.419748 -0.142283 0.114997 0.135126
    48 1.701017 0.000002 0.000000 -0.051316 -0.064006 -0.334034
    49 0.994705 0.000001 0.000000 -0.001284 -0.038506 0.309237
    50 1.068094 -1.283653 -0.986553 -1.481509 0.769374 0.063324
    51 1.836306 -0.000002 0.000000 0.000056 0.188092 0.157023
    52 1.223946 0.000000 0.000002 0.000034 0.040598 0.197618
    53 -4.074219 -7.058594 -12.500000 1.708463 0.212234 1.964699
    54 0.000000 0.000000 0.000000 -0.077030 -0.068757 -1.299215
    55 0.000004 -0.000007 -0.000031 1.373047 0.113574 0.124314
    56 0.000000 -0.000007 -0.000031 1.373047 0.113574 0.124314
    57 2.856897 -1.536201 -0.973800 -1.501147 -0.272558 -1.578261
    58 2.856895 -1.536198 -0.973800 -1.501147 -0.272558 -1.578261
    59 0.000000 0.000000 10.000000 0.000000 0.000000 0.000000
    60 0.018898 0.665159 9.395884 0.000000 0.000000 0.000000
    61 2.000008 -3.000000 0.000000 -1.570796 0.000000 -1.326450
    62 3.028210 -0.923409 -2.009452 1.574082 -0.012974 1.587244
    63 0.116955 4.311607 0.061861 0.000010 0.000000 0.000000
    64 0.000000 0.000000 0.000001 0.000000 0.000000 0.000000
    65 0.000000 1.000000 0.000008 0.000000 0.000000 0.000000
    66 0.000000 0.000000 0.000002 0.000000 0.000000 0.000000
    67 0.000000 0.000000 0.000002 0.000000 0.000000 0.000000
    68 0.000000 0.000000 0.000002 0.000000 0.000000 0.000000
time 194
    0 0.445313 -8.703125 46.531250 1.557315 0.037844 -0.026277
    1 3.625659 0.000000 0.000000 -2.079095 -0.047639 -1.254500
    2 18.345819 0.000000 0.000000 0.000000 0.000000 0.150608
    3 16.751528 0.000000 0.000000 0.142830 0.378316 -0.482093
    4 5.943489 0.000000 0.000000 0.020434 -0.027694 -0.456293
    5 -3.625659 0.000000 0.000000 -1.163494 -0.071161 -1.799109
    6 18.345812 0.000000 0.000000 0.000000 0.000000 0.145415
    7 16.751524 0.000000 0.000000 0.085894 -0.236942 -0.734889
    8 5.943490 0.000000 0.000000 -0.112052 0.023888 -0.394265
    9 0.000000 4.043964 -0.017929 1.547453 -0.114148 1.615734
    10 3.995838 0.000000 0.000000 -0.025235 0.027427 -0.159814
    11 3.698242 -0.000001 0.000000 -0.025406 0.010172 -0.021627
    12 5.700890 0.000000 0.000000 -0.020547 0.015528 0.481028
    13 5.352852 -0.000001 0.000000 3.053736 0.179958 0.178873
    14 4.461819 0.000000 0.000000 -0.150263 -0.142910 0.675525
    15 4.065388 1.458945 1.500000 -1.504756 -0.972064 -0.183245
    16 5.507357 0.000004 -0.000001 -2.168090 -0.841290 0.039870
    17 10.907398 0.000000 0.000000 0.000000 0.000000 -0.871977
    18 10.424324 -0.000008 -0.000027 1.164447 0.264332 0.160784
    19 2.997274 0.005409 -1.477472 0.289536 0.469941 -0.077204
    20 1.510382 0.000000 0.000000 0.011341 0.016615 -0.257537
    21 0.808655 0.000002 0.000000 -0.054433 -0.175361 0.039377
    22 3.305792 0.203112 -0.546730 0.228981 0.234014 0.043917
    23 1.807182 0.000002 0.000000 -0.051906 -0.088339 -0.190157
    24 0.966137 0.000001 0.000000 0.002387 0.009734 0.099588
    25 3.571512 0.109303 0.409580 0.187237 0.067893 0.178800
    26 2.150654 -0.000002 0.000000 -0.042028 -0.053936 -0.320272
    27 1.152748 0.000000 0.000000 0.001856 0.011945 0.064941
    28 3.684092 -0.158705 1.419183 0.117459 -0.234196 0.132137
    29 1.701014 -0.000002 0.000000 0.051316 0.064006 -0.334034
    30 0.994705 0.000002 0.000000 0.001258 0.038493 0.020488
    31 1.068069 -1.287201 0.981905 1.477312 -0.795417 0.064545
    32 1.836304 -0.000002 -0.000004 -0.000056 -0.188092 0.157023
    33 1.223948 -0.000001 0.000000 -0.000073 -0.040582 0.037650
    34 4.065392 1.458946 -1.500000 1.195393 0.923570 -0.389621
    35 5.507360 0.000008 -0.000001 2.633378 0.699324 0.185905
    36 10.907398 0.000000 0.000004 0.000000 0.000000 -2.306222
    37 10.424301 -0.000005 0.000019 -0.947729 -0.291172 0.120673
    38 2.997293 0.000065 1.477481 -0.267223 -0.395092 0.090647
    39 1.510378 -0.000004 0.000000 -0.011341 -0.016615 -0.257537
    40 0.808655 0.000000 0.000000 0.054433 0.175361 0.039377
    41 3.305817 0.201134 0.547461 -0.213925 -0.186441 0.045713
    42 1.807175 0.000000 0.000000 0.051906 0.088339 -0.190157
    43 0.966141 -0.000001 0.000000 -0.002387 -0.009734 0.099588
    44 3.571524 0.110786 -0.409182 -0.183620 -0.067925 0.084169
    45 2.150656 0.000000 0.000000 0.042028 0.053936 -0.320272
    46 1.152752 0.000000 0.000000 -0.001808 -0.011970 0.185709
    47 3.684113 -0.153563 -1.419748 -0.144339 0.105857 0.135210
    48 1.701017 0.000002 0.000000 -0.051316 -0.064006 -0.334034
    49 0.994705 0.000001 0.000000 -0.001284 -0.038506 0.309237
    50 1.068094 -1.283653 -0.986553 -1.493283 0.764815 0.048439
    51 1.836306 -0.000002 0.000000 0.000056 0.188092 0.157023
    52 1.223946 0.000000 0.000002 0.000029 0.040643 0.218540
    53 -1.816406 -14.085938 -11.031250 1.705833 0.206676 1.963363
    54 0.000000 0.000000 0.000000 -0.077030 -0.068757 -1.299215
    55 0.000004 -0.000007 -0.000031 1.373047 0.113574 0.124314
    56 0.000000 -0.000007 -0.000031 1.373047 0.113574 0.124314
    57 2.856897 -1.536201 -0.973800 -1.501147 -0.272558 -1.578261
    58 2.856895 -1.536198 -0.973800 -1.501147 -0.272558 -1.578261
    59 0.000000 0.000000 10.000000 0.000000 0.000000 0.000000
    60 0.018898 0.665159 9.395884 0.000000 0.000000 0.000000
    61 2.000008 -3.000000 0.000000 -1.570796 0.000000 -1.326450
    62 3.028210 -0.923409 -2.009452 1.574082 -0.012974 1.587244
    63 0.116955 4.311607 0.061861 0.000010 0.000000 0.000000
    64 0.000000 0.000000 0.000001 0.000000 0.000000 0.000000
    65 0.000000 1.000000 0.000008 0.000000 0.000000 0.000000
    66 0.000000 0.000000 0.000002 0.000000 0.000000 0.000000
    67 0.000000 0.000000 0.000002 0.000000 0.000000 0.000000
    68 0.000000 0.000000 0.000002 0.000000 0.000000 0.000000
time 195
    0 0.381348 -8.695313 46.593750 1.558203 0.038687 -0.022757
    1 3.625659 0.000000 0.000000 -2.085712 -0.041856 -1.255470
    2 18.345819 0.000000 0.000000 0.000000 0.000000 0.151388
    3 16.751528 0.000000 0.000000 0.132430 0.373848 -0.495107
    4 5.943489 0.000000 0.000000 0.020446 -0.027700 -0.467824
    5 -3.625659 0.000000 0.000000 -1.170521 -0.069956 -1.802034
    6 18.345812 0.000000 0.000000 0.000000 0.000000 0.145155
    7 16.751524 0.000000 0.000000 0.079627 -0.243369 -0.738136
    8 5.943490 0.000000 0.000000 -0.112042 0.023882 -0.397703
    9 0.000000 4.043964 -0.017929 1.547722 -0.115190 1.613983
    10 3.995838 0.000000 0.000000 -0.024945 0.027108 -0.159459
    11 3.698242 -0.000001 0.000000 -0.025428 0.011626 -0.022682
    12 5.700890 0.000000 0.000000 -0.019693 0.017609 0.479239
    13 5.352852 -0.000001 0.000000 3.052434 0.182993 0.177953
    14 4.461819 0.000000 0.000000 -0.152665 -0.144918 0.675872
    15 4.065388 1.458945 1.500000 -1.513643 -0.976976 -0.172111
    16 5.507357 0.000004 -0.000001 -2.175262 -0.842828 0.046193
    17 10.907398 0.000000 0.000000 0.000000 0.000000 -0.865696
    18 10.424324 -0.000008 -0.000027 1.178440 0.296240 0.156297
    19 2.997274 0.005409 -1.477472 0.288337 0.465642 -0.076633
    20 1.510382 0.000000 0.000000 0.011341 0.016615 -0.257537
    21 0.808655 0.000002 0.000000 -0.054433 -0.175361 0.039377
    22 3.305792 0.203112 -0.546730 0.228981 0.234014 0.043917
    23 1.807182 0.000002 0.000000 -0.051906 -0.088339 -0.190157
    24 0.966137 0.000001 0.000000 0.002387 0.009734 0.099588
    25 3.571512 0.109303 0.409580 0.187237 0.067893 0.178800
    26 2.150654 -0.000002 0.000000 -0.042028 -0.053936 -0.320272
    27 1.152748 0.000000 0.000000 0.001856 0.011945 0.064941
    28 3.684092 -0.158705 1.419183 0.117459 -0.234196 0.132137
    29 1.701014 -0.000002 0.000000 0.051316 0.064006 -0.334034
    30 0.994705 0.000002 0.000000 0.001258 0.038493 0.020488
    31 1.068069 -1.287201 0.981905 1.480526 -0.787865 0.063611
    32 1.836304 -0.000002 -0.000004 -0.000056 -0.188092 0.157023
    33 1.223948 -0.000001 0.000000 -0.000073 -0.040582 0.037650
    34 4.065392 1.458946 -1.500000 1.212723 0.928752 -0.381737
    35 5.507360 0.000008 -0.000001 2.603810 0.690160 0.160763
    36 10.907398 0.000000 0.000004 0.000000 0.000000 -2.315657
    37 10.424301 -0.000005 0.000019 -0.959621 -0.285921 0.113152
    38 2.997293 0.000065 1.477481 -0.262776 -0.377954 0.091842
    39 1.510378 -0.000004 0.000000 -0.011341 -0.016615 -0.257537
    40 0.808655 0.000000 0.000000 0.054433 0.175361 0.039377
    41 3.305817 0.201134 0.547461 -0.212542 -0.180853 0.045931
    42 1.807175 0.000000 0.000000 0.051906 0.088339 -0.190157
    43 0.966141 -0.000001 0.000000 -0.002387 -0.009734 0.099588
    44 3.571524 0.110786 -0.409182 -0.183620 -0.067925 0.084169
    45 2.150656 0.000000 0.000000 0.042028 0.053936 -0.320272
    46 1.152752 0.000000 0.000000 -0.001808 -0.011970 0.185709
    47 3.684113 -0.153563 -1.419748 -0.146600 0.096295 0.135250
    48 1.701017 0.000002 0.000000 -0.051316 -0.064006 -0.334034
    49 0.994705 0.000001 0.000000 -0.001284 -0.038506 0.309237
    50 1.068094 -1.283653 -0.986553 -1.505587 0.760047 0.033026
    51 1.836306 -0.000002 0.000000 0.000056 0.188092 0.157023
    52 1.223946 0.000000 0.000002 0.000032 0.040606 0.240268
    53 -4.382813 -18.343750 -8.570313 1.705040 0.201266 1.960200
    54 0.000000 0.000000 0.000000 -0.077030 -0.068757 -1.299215
    55 0.000004 -0.000007 -0.000031 1.373047 0.113574 0.124314
    56 0.000000 -0.000007 -0.000031 1.373047 0.113574 0.124314
    57 2.856897 -1.536201 -0.973800 -1.501147 -0.272558 -1.578261
    58 2.856895 -1.536198 -0.973800 -1.501147 -0.272558 -1.578261
    59 0.000000 0.000000 10.000000 0.000000 0.000000 0.000000
    60 0.018898 0.665159 9.395884 0.000000 0.000000 0.000000
    61 2.000008 -3.000000 0.000000 -1.570796 0.000000 -1.326450
    62 3.028210 -0.923409 -2.009452 1.574082 -0.012974 1.587244
    63 0.116955 4.311607 0.061861 0.000010 0.000000 0.000000
    64 0.000000 0.000000 0.000001 0.000000 0.000000 0.000000
    65 0.000000 1.000000 0.000008 0.000000 0.000000 0.000000
    66 0.000000 0.000000 0.000002 0.000000 0.000000 0.000000
    67 0.000000 0.000000 0.000002 0.000000 0.000000 0.000000
    68 0.000000 0.000000 0.000002 0.000000 0.000000 0.000000
time 196
    0 0.320801 -8.671875 46.656250 1.559624 0.039287 -0.018285
    1 3.625659 0.000000 0.000000 -2.094554 -0.036208 -1.257573
    2 18.345819 0.000000 0.000000 0.000000 0.000000 0.150176
    3 16.751528 0.000000 0.000000 0.116885 0.368797 -0.514264
    4 5.943489 0.000000 0.000000 0.020458 -0.027706 -0.479370
    5 -3.625659 0.000000 0.000000 -1.176243 -0.069024 -1.805621
    6 18.345812 0.000000 0.000000 0.000000 0.000000 0.144895
    7 16.751524 0.000000 0.000000 0.070751 -0.250630 -0.740324
    8 5.943490 0.000000 0.000000 -0.112072 0.023856 -0.402995
    9 0.000000 4.043964 -0.017929 1.547824 -0.116384 1.612400
    10 3.995838 0.000000 0.000000 -0.024825 0.026776 -0.159020
    11 3.698242 -0.000001 0.000000 -0.025541 0.013161 -0.024083
    12 5.700890 0.000000 0.000000 -0.018995 0.019810 0.476917
    13 5.352852 -0.000001 0.000000 3.052193 0.185114 0.178116
    14 4.461819 0.000000 0.000000 -0.153776 -0.146914 0.676187
    15 4.065388 1.458945 1.500000 -1.522087 -0.980706 -0.161346
    16 5.507357 0.000004 -0.000001 -2.184971 -0.844456 0.051977
    17 10.907398 0.000000 0.000000 0.000000 0.000000 -0.859424
    18 10.424324 -0.000008 -0.000027 1.190619 0.319717 0.150650
    19 2.997274 0.005409 -1.477472 0.287043 0.461256 -0.076091
    20 1.510382 0.000000 0.000000 0.011341 0.016615 -0.257537
    21 0.808655 0.000002 0.000000 -0.054433 -0.175361 0.039377
    22 3.305792 0.203112 -0.546730 0.228981 0.234014 0.043917
    23 1.807182 0.000002 0.000000 -0.051906 -0.088339 -0.190157
    24 0.966137 0.000001 0.000000 0.002387 0.009734 0.099588
    25 3.571512 0.109303 0.409580 0.187237 0.067893 0.178800
    26 2.150654 -0.000002 0.000000 -0.042028 -0.053936 -0.320272
    27 1.152748 0.000000 0.000000 0.001856 0.011945 0.064941
    28 3.684092 -0.158705 1.419183 0.117459 -0.234196 0.132137
    29 1.701014 -0.000002 0.000000 0.051316 0.064006 -0.334034
    30 0.994705 0.000002 0.000000 0.001258 0.038493 0.020488
    31 1.068069 -1.287201 0.981905 1.483854 -0.780131 0.062581
    32 1.836304 -0.000002 -0.000004 -0.000056 -0.188092 0.157023
    33 1.223948 -0.000001 0.000000 -0.000073 -0.040582 0.037650
    34 4.065392 1.458946 -1.500000 1.230542 0.933020 -0.373350
    35 5.507360 0.000008 -0.000001 2.573211 0.679839 0.134903
    36 10.907398 0.000000 0.000004 0.000000 0.000000 -2.325166
    37 10.424301 -0.000005 0.000019 -0.971878 -0.280455 0.105078
    38 2.997293 0.000065 1.477481 -0.258249 -0.360311 0.093203
    39 1.510378 -0.000004 0.000000 -0.011341 -0.016615 -0.257537
    40 0.808655 0.000000 0.000000 0.054433 0.175361 0.039377
    41 3.305817 0.201134 0.547461 -0.211242 -0.175093 0.046147
    42 1.807175 0.000000 0.000000 0.051906 0.088339 -0.190157
    43 0.966141 -0.000001 0.000000 -0.002387 -0.009734 0.099588
    44 3.571524 0.110786 -0.409182 -0.183620 -0.067925 0.084169
    45 2.150656 0.000000 0.000000 0.042028 0.053936 -0.320272
    46 1.152752 0.000000 0.000000 -0.001808 -0.011970 0.185709
    47 3.684113 -0.153563 -1.419748 -0.148879 0.086478 0.135332
    48 1.701017 0.000002 0.000000 -0.051316 -0.064006 -0.334034
    49 0.994705 0.000001 0.000000 -0.001284 -0.038506 0.309237
    50 1.068094 -1.283653 -0.986553 -1.517843 0.754917 0.017452
    51 1.836306 -0.000002 0.000000 0.000056 0.188092 0.157023
    52 1.223946 0.000000 0.000002 0.000047 0.040574 0.262636
    53 -7.859375 -19.859375 -7.097656 1.705805 0.194128 1.957335
    54 0.000000 0.000000 0.000000 -0.077030 -0.068757 -1.299215
    55 0.000004 -0.000007 -0.000031 1.373047 0.113574 0.124314
    56 0.000000 -0.000007 -0.000031 1.373047 0.113574 0.124314
    57 2.856897 -1.536201 -0.973800 -1.501147 -0.272558 -1.578261
    58 2.856895 -1.536198 -0.973800 -1.501147 -0.272558 -1.578261
    59 0.000000 0.000000 10.000000 0.000000 0.000000 0.000000
    60 0.018898 0.665159 9.395884 0.000000 0.000000 0.000000
    61 2.000008 -3.000000 0.000000 -1.570796 0.000000 -1.326450
    62 3.028210 -0.923409 -2.009452 1.574082 -0.012974 1.587244
    63 0.116955 4.311607 0.061861 0.000010 0.000000 0.000000
    64 0.000000 0.000000 0.000001 0.000000 0.000000 0.000000
    65 0.000000 1.000000 0.000008 0.000000 0.000000 0.000000
    66 0.000000 0.000000 0.000002 0.000000 0.000000 0.000000
    67 0.000000 0.000000 0.000002 0.000000 0.000000 0.000000
    68 0.000000 0.000000 0.000002 0.000000 0.000000 0.000000
time 197
    0 0.265137 -8.648438 46.687500 1.562281 0.040066 -0.012578
    1 3.625659 0.000000 0.000000 -2.102863 -0.032758 -1.260041
    2 18.345819 0.000000 0.000000 0.000000 0.000000 0.149916
    3 16.751528 0.000000 0.000000 0.096708 0.362534 -0.539831
    4 5.943489 0.000000 0.000000 0.020401 -0.027666 -0.487371
    5 -3.625659 0.000000 0.000000 -1.180408 -0.069355 -1.809855
    6 18.345812 0.000000 0.000000 0.000000 0.000000 0.145242
    7 16.751524 0.000000 0.000000 0.061363 -0.258214 -0.742616
    8 5.943490 0.000000 0.000000 -0.112049 0.023868 -0.409439
    9 0.000000 4.043964 -0.017929 1.547655 -0.117397 1.611090
    10 3.995838 0.000000 0.000000 -0.024976 0.026505 -0.158932
    11 3.698242 -0.000001 0.000000 -0.026089 0.014513 -0.025918
    12 5.700890 0.000000 0.000000 -0.018477 0.022048 0.473974
    13 5.352852 -0.000001 0.000000 3.053306 0.186594 0.178423
    14 4.461819 0.000000 0.000000 -0.153780 -0.147976 0.677032
    15 4.065388 1.458945 1.500000 -1.529978 -0.983600 -0.150988
    16 5.507357 0.000004 -0.000001 -2.193382 -0.846151 0.056307
    17 10.907398 0.000000 0.000000 0.000000 0.000000 -0.854015
    18 10.424324 -0.000008 -0.000027 1.200568 0.336897 0.149231
    19 2.997274 0.005409 -1.477472 0.285748 0.456785 -0.075557
    20 1.510382 0.000000 0.000000 0.011341 0.016615 -0.257537
    21 0.808655 0.000002 0.000000 -0.054433 -0.175361 0.039377
    22 3.305792 0.203112 -0.546730 0.228981 0.234014 0.043917
    23 1.807182 0.000002 0.000000 -0.051906 -0.088339 -0.190157
    24 0.966137 0.000001 0.000000 0.002387 0.009734 0.099588
    25 3.571512 0.109303 0.409580 0.187237 0.067893 0.178800
    26 2.150654 -0.000002 0.000000 -0.042028 -0.053936 -0.320272
    27 1.152748 0.000000 0.000000 0.001856 0.011945 0.064941
    28 3.684092 -0.158705 1.419183 0.117459 -0.234196 0.132137
    29 1.701014 -0.000002 0.000000 0.051316 0.064006 -0.334034
    30 0.994705 0.000002 0.000000 0.001258 0.038493 0.020488
    31 1.068069 -1.287201 0.981905 1.487229 -0.772275 0.061687
    32 1.836304 -0.000002 -0.000004 -0.000056 -0.188092 0.157023
    33 1.223948 -0.000001 0.000000 -0.000073 -0.040582 0.037650
    34 4.065392 1.458946 -1.500000 1.247993 0.935836 -0.364663
    35 5.507360 0.000008 -0.000001 2.544288 0.668184 0.109053
    36 10.907398 0.000000 0.000004 0.000000 0.000000 -2.334844
    37 10.424301 -0.000005 0.000019 -0.984037 -0.274624 0.097858
    38 2.997293 0.000065 1.477481 -0.253534 -0.342365 0.094568
    39 1.510378 -0.000004 0.000000 -0.011341 -0.016615 -0.257537
    40 0.808655 0.000000 0.000000 0.054433 0.175361 0.039377
    41 3.305817 0.201134 0.547461 -0.209768 -0.169158 0.046423
    42 1.807175 0.000000 0.000000 0.051906 0.088339 -0.190157
    43 0.966141 -0.000001 0.000000 -0.002387 -0.009734 0.099588
    44 3.571524 0.110786 -0.409182 -0.183620 -0.067925 0.084169
    45 2.150656 0.000000 0.000000 0.042028 0.053936 -0.320272
    46 1.152752 0.000000 0.000000 -0.001808 -0.011970 0.185709
    47 3.684113 -0.153563 -1.419748 -0.151172 0.076492 0.135452
    48 1.701017 0.000002 0.000000 -0.051316 -0.064006 -0.334034
    49 0.994705 0.000001 0.000000 -0.001284 -0.038506 0.309237
    50 1.068094 -1.283653 -0.986553 -1.530250 0.749555 0.001649
    51 1.836306 -0.000002 0.000000 0.000056 0.188092 0.157023
    52 1.223946 0.000000 0.000002 0.000083 0.040632 0.285473
    53 -10.875000 -19.281250 -6.839844 1.706016 0.188088 1.954424
    54 0.000000 0.000000 0.000000 -0.077030 -0.068757 -1.299215
    55 0.000004 -0.000007 -0.000031 1.373047 0.113574 0.124314
    56 0.000000 -0.000007 -0.000031 1.373047 0.113574 0.124314
    57 2.856897 -1.536201 -0.973800 -1.501147 -0.272558 -1.578261
    58 2.856895 -1.536198 -0.973800 -1.501147 -0.272558 -1.578261
    59 0.000000 0.000000 10.000000 0.000000 0.000000 0.000000
    60 0.018898 0.665159 9.395884 0.000000 0.000000 0.000000
    61 2.000008 -3.000000 0.000000 -1.570796 0.000000 -1.326450
    62 3.028210 -0.923409 -2.009452 1.574082 -0.012974 1.587244
    63 0.116955 4.311607 0.061861 0.000010 0.000000 0.000000
    64 0.000000 0.000000 0.000001 0.000000 0.000000 0.000000
    65 0.000000 1.000000 0.000008 0.000000 0.000000 0.000000
    66 0.000000 0.000000 0.000002 0.000000 0.000000 0.000000
    67 0.000000 0.000000 0.000002 0.000000 0.000000 0.000000
    68 0.000000 0.000000 0.000002 0.000000 0.000000 0.000000
time 198
    0 0.221436 -8.625000 46.718750 1.565640 0.040643 -0.007357
    1 3.625659 0.000000 0.000000 -2.108189 -0.031673 -1.262016
    2 18.345819 0.000000 0.000000 0.000000 0.000000 0.150435
    3 16.751528 0.000000 0.000000 0.082132 0.357716 -0.560203
    4 5.943489 0.000000 0.000000 0.020470 -0.027714 -0.490843
    5 -3.625659 0.000000 0.000000 -1.182303 -0.070730 -1.813578
    6 18.345812 0.000000 0.000000 0.000000 0.000000 0.145761
    7 16.751524 0.000000 0.000000 0.055795 -0.263619 -0.745619
    8 5.943490 0.000000 0.000000 -0.112084 0.023828 -0.415002
    9 0.000000 4.043964 -0.017929 1.547715 -0.117918 1.610045
    10 3.995838 0.000000 0.000000 -0.025052 0.026322 -0.159277
    11 3.698242 -0.000001 0.000000 -0.026469 0.015863 -0.027925
    12 5.700890 0.000000 0.000000 -0.018027 0.024035 0.470947
    13 5.352852 -0.000001 0.000000 3.054330 0.188164 0.178634
    14 4.461819 0.000000 0.000000 -0.154061 -0.148303 0.677737
    15 4.065388 1.458945 1.500000 -1.537374 -0.986143 -0.140426
    16 5.507357 0.000004 -0.000001 -2.201801 -0.848515 0.060962
    17 10.907398 0.000000 0.000000 0.000000 0.000000 -0.847097
    18 10.424324 -0.000008 -0.000027 1.207194 0.345578 0.150174
    19 2.997274 0.005409 -1.477472 0.284474 0.452217 -0.074937
    20 1.510382 0.000000 0.000000 0.011341 0.016615 -0.257537
    21 0.808655 0.000002 0.000000 -0.054433 -0.175361 0.039377
    22 3.305792 0.203112 -0.546730 0.228981 0.234014 0.043917
    23 1.807182 0.000002 0.000000 -0.051906 -0.088339 -0.190157
    24 0.966137 0.000001 0.000000 0.002387 0.009734 0.099588
    25 3.571512 0.109303 0.409580 0.187237 0.067893 0.178800
    26 2.150654 -0.000002 0.000000 -0.042028 -0.053936 -0.320272
    27 1.152748 0.000000 0.000000 0.001856 0.011945 0.064941
    28 3.684092 -0.158705 1.419183 0.117459 -0.234196 0.132137
    29 1.701014 -0.000002 0.000000 0.051316 0.064006 -0.334034
    30 0.994705 0.000002 0.000000 0.001258 0.038493 0.020488
    31 1.068069 -1.287201 0.981905 1.490414 -0.764231 0.060823
    32 1.836304 -0.000002 -0.000004 -0.000056 -0.188092 0.157023
    33 1.223948 -0.000001 0.000000 -0.000073 -0.040582 0.037650
    34 4.065392 1.458946 -1.500000 1.264881 0.937455 -0.354845
    35 5.507360 0.000008 -0.000001 2.517816 0.655258 0.083680
    36 10.907398 0.000000 0.000004 0.000000 0.000000 -2.344876
    37 10.424301 -0.000005 0.000019 -0.996396 -0.268570 0.090829
    38 2.997293 0.000065 1.477481 -0.248847 -0.324271 0.096090
    39 1.510378 -0.000004 0.000000 -0.011341 -0.016615 -0.257537
    40 0.808655 0.000000 0.000000 0.054433 0.175361 0.039377
    41 3.305817 0.201134 0.547461 -0.208376 -0.163231 0.046628
    42 1.807175 0.000000 0.000000 0.051906 0.088339 -0.190157
    43 0.966141 -0.000001 0.000000 -0.002387 -0.009734 0.099588
    44 3.571524 0.110786 -0.409182 -0.183620 -0.067925 0.084169
    45 2.150656 0.000000 0.000000 0.042028 0.053936 -0.320272
    46 1.152752 0.000000 0.000000 -0.001808 -0.011970 0.185709
    47 3.684113 -0.153563 -1.419748 -0.153555 0.066514 0.135596
    48 1.701017 0.000002 0.000000 -0.051316 -0.064006 -0.334034
    49 0.994705 0.000001 0.000000 -0.001284 -0.038506 0.309237
    50 1.068094 -1.283653 -0.986553 -1.542648 0.744086 -0.014180
    51 1.836306 -0.000002 0.000000 0.000056 0.188092 0.157023
    52 1.223946 0.000000 0.000002 0.000024 0.040623 0.308433
    53 -12.320313 -18.328125 -7.437500 1.705693 0.182552 1.950434
    54 0.000000 0.000000 0.000000 -0.077030 -0.068757 -1.299215
    55 0.000004 -0.000007 -0.000031 1.373047 0.113574 0.124314
    56 0.000000 -0.000007 -0.000031 1.373047 0.113574 0.124314
    57 2.856897 -1.536201 -0.973800 -1.501147 -0.272558 -1.578261
    58 2.856895 -1.536198 -0.973800 -1.501147 -0.272558 -1.578261
    59 0.000000 0.000000 10.000000 0.000000 0.000000 0.000000
    60 0.018898 0.665159 9.395884 0.000000 0.000000 0.000000
    61 2.000008 -3.000000 0.000000 -1.570796 0.000000 -1.326450
    62 3.028210 -0.923409 -2.009452 1.574082 -0.012974 1.587244
    63 0.116955 4.311607 0.061861 0.000010 0.000000 0.000000
    64 0.000000 0.000000 0.000001 0.000000 0.000000 0.000000
    65 0.000000 1.000000 0.000008 0.000000 0.000000 0.000000
    66 0.000000 0.000000 0.000002 0.000000 0.000000 0.000000
    67 0.000000 0.000000 0.000002 0.000000 0.000000 0.000000
    68 0.000000 0.000000 0.000002 0.000000 0.000000 0.000000
end
