version 1
nodes
  0 "ValveBiped.Bip01_Pelvis" -1
  1 "ValveBiped.Bip01_L_Thigh" 0
  2 "ValveBiped.Bip01_L_Calf" 1
  3 "ValveBiped.Bip01_L_Foot" 2
  4 "ValveBiped.Bip01_L_Toe0" 3
  5 "ValveBiped.Bip01_R_Thigh" 0
  6 "ValveBiped.Bip01_R_Calf" 5
  7 "ValveBiped.Bip01_R_Foot" 6
  8 "ValveBiped.Bip01_R_Toe0" 7
  9 "ValveBiped.Bip01_Spine" 0
  10 "ValveBiped.Bip01_Spine1" 9
  11 "ValveBiped.Bip01_Spine2" 10
  12 "ValveBiped.Bip01_Spine4" 11
  13 "ValveBiped.Bip01_Neck1" 12
  14 "ValveBiped.Bip01_Head1" 13
  15 "ValveBiped.Bip01_L_Clavicle" 12
  16 "ValveBiped.Bip01_L_UpperArm" 15
  17 "ValveBiped.Bip01_L_Forearm" 16
  18 "ValveBiped.Bip01_L_Hand" 17
  19 "ValveBiped.Bip01_L_Finger4" 18
  20 "ValveBiped.Bip01_L_Finger41" 19
  21 "ValveBiped.Bip01_L_Finger42" 20
  22 "ValveBiped.Bip01_L_Finger3" 18
  23 "ValveBiped.Bip01_L_Finger31" 22
  24 "ValveBiped.Bip01_L_Finger32" 23
  25 "ValveBiped.Bip01_L_Finger2" 18
  26 "ValveBiped.Bip01_L_Finger21" 25
  27 "ValveBiped.Bip01_L_Finger22" 26
  28 "ValveBiped.Bip01_L_Finger1" 18
  29 "ValveBiped.Bip01_L_Finger11" 28
  30 "ValveBiped.Bip01_L_Finger12" 29
  31 "ValveBiped.Bip01_L_Finger0" 18
  32 "ValveBiped.Bip01_L_Finger01" 31
  33 "ValveBiped.Bip01_L_Finger02" 32
  34 "ValveBiped.Bip01_R_Clavicle" 12
  35 "ValveBiped.Bip01_R_UpperArm" 34
  36 "ValveBiped.Bip01_R_Forearm" 35
  37 "ValveBiped.Bip01_R_Hand" 36
  38 "ValveBiped.Bip01_R_Finger4" 37
  39 "ValveBiped.Bip01_R_Finger41" 38
  40 "ValveBiped.Bip01_R_Finger42" 39
  41 "ValveBiped.Bip01_R_Finger3" 37
  42 "ValveBiped.Bip01_R_Finger31" 41
  43 "ValveBiped.Bip01_R_Finger32" 42
  44 "ValveBiped.Bip01_R_Finger2" 37
  45 "ValveBiped.Bip01_R_Finger21" 44
  46 "ValveBiped.Bip01_R_Finger22" 45
  47 "ValveBiped.Bip01_R_Finger1" 37
  48 "ValveBiped.Bip01_R_Finger11" 47
  49 "ValveBiped.Bip01_R_Finger12" 48
  50 "ValveBiped.Bip01_R_Finger0" 37
  51 "ValveBiped.Bip01_R_Finger01" 50
  52 "ValveBiped.Bip01_R_Finger02" 51
  53 "ValveBiped.attachment_bandage_armL" 17
  54 "ValveBiped.attachment_bandage_legL" 1
  55 "ValveBiped.attachment_bandage_legR" 5
  56 "ValveBiped.attachment_armL_T" 17
  57 "ValveBiped.attachment_armR_T" 36
  58 "ValveBiped.weapon_bone" 37
  59 "ValveBiped.weapon_bone_Clip" 58
  60 "ValveBiped.L_weapon_bone" 18
  61 "ValveBiped.forward" 14
  62 "ValveBiped.weapon_bone_extra" 58
  63 "ValveBiped.weapon_bone_Clip2" 18
  64 "ValveBiped.weapon_bone_Clip2_Bullets" 63
  65 "ValveBiped.weapon_bolt_l" 18
  66 "ValveBiped.weapon_bone_Clip_Bullets" 59
  67 "ValveBiped.weapon_bolt" 58
  68 "ValveBiped.weapon_bolt_opposite" 58
  69 "ValveBiped.weapon_charger" 58
end
skeleton
time 0
    0 1.680664 3.220703 3.798828 0.096086 -0.221998 -0.060750
    1 3.455587 0.000000 0.000000 -1.633144 -0.098315 -1.367631
    2 16.572346 0.000000 0.000000 -0.002675 0.002250 0.249957
    3 16.265829 0.000000 0.000000 -0.366404 0.057375 -0.546642
    4 5.046457 0.000000 0.000000 0.020201 -0.027646 -0.420465
    5 -3.455587 0.000000 0.000000 -0.262947 -0.286729 -2.475469
    6 16.572346 0.000000 0.000000 0.008271 -0.047697 2.133326
    7 16.265831 0.000000 0.000000 0.155071 -0.166776 -0.889192
    8 5.046457 0.000000 0.000000 -0.111806 0.023849 -0.399195
    9 0.000000 3.703728 0.293189 1.570752 0.111739 1.647740
    10 3.307846 0.000000 0.000000 -0.014346 0.035003 0.028933
    11 3.297962 0.000000 0.000000 -0.021720 0.303702 -0.121208
    12 6.040985 0.000000 0.000000 -0.004879 -0.166558 0.339439
    13 5.065758 0.000000 0.000000 2.702821 -0.083844 -0.033970
    14 3.993755 0.000000 0.000000 -0.131825 -0.415731 0.230734
    15 3.815876 1.385489 1.500000 0.272662 -1.034801 -1.893679
    16 4.327093 0.000004 0.000000 -0.688196 -0.193083 -0.546241
    17 11.105114 0.000000 0.000000 -0.028574 -0.000265 -0.018558
    18 9.862099 -0.000011 -0.000031 2.094965 -0.012272 -0.295561
    19 2.641094 0.214619 -1.073586 0.204923 0.143299 -0.226648
    20 1.361605 -0.000002 0.000000 0.011394 0.016627 -0.599881
    21 0.779602 0.000002 0.000000 -0.054450 -0.175357 -0.302876
    22 2.908712 0.221762 -0.431868 0.197828 0.103894 -0.292786
    23 1.597527 0.000001 0.000000 -0.051956 -0.088303 -0.532546
    24 0.912680 0.000001 0.000000 0.002385 0.009683 -0.242644
    25 3.265450 0.050007 0.415744 0.187209 0.067909 -0.258128
    26 1.860470 0.000000 0.000000 -0.042091 -0.053928 -0.662606
    27 1.061481 -0.000001 0.000000 0.001830 0.012006 -0.156488
    28 3.340382 -0.242393 1.285012 0.180672 0.034142 -0.204037
    29 1.628906 -0.000005 0.000006 0.051292 0.063997 -0.676366
    30 0.904888 0.000001 0.000000 0.001263 0.038530 -0.033046
    31 1.219385 -1.063860 0.837143 1.693884 -0.344469 -0.124089
    32 1.496971 -0.000002 -0.000001 0.000014 -0.188062 -0.185216
    33 1.100086 0.000000 0.000000 -0.000007 -0.040598 0.196316
    34 3.815876 1.385489 -1.500000 0.226425 1.342241 -1.827891
    35 4.327089 -0.000004 0.000000 2.625115 0.121431 -0.434437
    36 11.105106 0.000000 0.000004 0.037258 -0.003110 -0.570443
    37 9.862080 -0.000007 0.000017 -1.975550 -0.050625 -0.164113
    38 2.641111 0.211586 1.074188 -0.201327 -0.143306 -0.226689
    39 1.361601 0.000000 0.000000 -0.011394 -0.016627 -0.599881
    40 0.779604 0.000001 0.000000 0.054450 0.175357 -0.302876
    41 2.908730 0.220541 0.432493 -0.194226 -0.103877 -0.292835
    42 1.597527 0.000000 0.000000 0.051956 0.088303 -0.532546
    43 0.912678 0.000000 0.000000 -0.002385 -0.009683 -0.242644
    44 3.265471 0.051184 -0.415600 -0.183626 -0.067869 -0.258123
    45 1.860470 0.000000 0.000000 0.042091 0.053928 -0.662606
    46 1.061485 0.000000 0.000000 -0.001830 -0.012006 -0.156488
    47 3.340403 -0.238762 -1.285691 -0.177006 -0.034199 -0.204061
    48 1.550755 0.000000 0.000000 -0.051292 -0.063997 -0.676366
    49 0.904886 0.000001 0.000000 -0.001263 -0.038530 -0.033046
    50 1.219410 -1.061498 -0.840143 -1.690135 0.344972 -0.122837
    51 1.496971 0.000002 0.000000 -0.000014 0.188062 -0.185216
    52 1.100088 0.000000 0.000000 0.000007 0.040598 0.196316
    53 0.000000 -0.000007 -0.000031 1.373047 0.113574 0.124314
    54 0.000000 0.000000 0.000000 -0.077030 -0.068757 -1.299215
    55 7.054213 0.000000 0.000000 0.000000 0.000000 0.000000
    56 0.000000 -0.000007 -0.000031 1.373047 0.113574 0.124314
    57 0.000000 -0.000007 -0.000031 1.373047 0.113574 0.124314
    58 2.856947 -1.536175 -0.973780 -1.501147 -0.272558 -1.578261
    59 0.000000 0.000000 10.000000 0.000000 0.000000 0.000000
    60 2.856899 -1.536201 -0.973800 -1.501147 -0.272558 -1.578261
    61 2.000000 -3.000000 0.000000 -1.570796 0.000000 -1.326450
    62 0.018896 0.665159 9.395880 0.000000 0.000000 0.000000
    63 3.028210 -0.923409 -2.009452 1.574082 -0.012974 1.587244
    64 0.116954 4.311606 0.061861 0.000010 0.000000 0.000000
    65 0.000000 -0.000002 0.000000 0.000000 0.000000 0.000000
    66 0.000000 1.000000 0.000010 0.000000 0.000000 0.000000
    67 -0.000001 0.000000 0.000000 0.000000 0.000000 0.000000
    68 -0.000001 0.000000 0.000000 0.000000 0.000000 0.000000
    69 -0.000001 0.000000 0.000000 0.000000 0.000000 0.000000
time 1
    0 1.626953 3.248047 3.798828 0.139866 -0.214155 -0.054679
    1 3.455587 0.000000 0.000000 -1.791038 -0.184368 -1.340952
    2 16.572346 0.000000 0.000000 -0.002500 0.005335 0.340291
    3 16.265829 0.000000 0.000000 -0.315415 -0.064425 -0.639729
    4 5.046457 0.000000 0.000000 0.020201 -0.027646 -0.420465
    5 -3.455587 0.000000 0.000000 -0.262976 -0.353735 -2.460215
    6 16.572346 0.000000 0.000000 0.015766 -0.055146 2.042235
    7 16.265831 0.000000 0.000000 0.120247 -0.109271 -0.926725
    8 5.046457 0.000000 0.000000 -0.111806 0.023849 -0.399195
    9 0.000000 3.703728 0.293189 1.547795 0.066765 1.625631
    10 3.307846 0.000000 0.000000 -0.016275 0.034051 -0.027821
    11 3.297962 0.000000 0.000000 -0.054282 0.295887 -0.233481
    12 6.040985 0.000000 0.000000 0.005793 -0.131275 0.275517
    13 5.065758 0.000000 0.000000 2.732249 -0.101183 0.148133
    14 3.993755 0.000000 0.000000 -0.131825 -0.415731 0.230734
    15 3.815876 1.385489 1.500000 0.213952 -1.025707 -1.797957
    16 4.327093 0.000004 0.000000 -0.715812 -0.057303 -0.467652
    17 11.105114 0.000000 0.000000 -0.021625 -0.003208 -0.207619
    18 9.862099 -0.000011 -0.000031 2.217247 0.388992 0.061974
    19 2.641094 0.214619 -1.073586 0.204923 0.143299 -0.226648
    20 1.361605 -0.000002 0.000000 0.011394 0.016627 -0.599881
    21 0.779602 0.000002 0.000000 -0.054450 -0.175357 -0.302876
    22 2.908712 0.221762 -0.431868 0.197828 0.103894 -0.292786
    23 1.597527 0.000001 0.000000 -0.051956 -0.088303 -0.532546
    24 0.912680 0.000001 0.000000 0.002385 0.009683 -0.242644
    25 3.265450 0.050007 0.415744 0.187209 0.067909 -0.258128
    26 1.860470 0.000000 0.000000 -0.042091 -0.053928 -0.662606
    27 1.061481 -0.000001 0.000000 0.001830 0.012006 -0.156488
    28 3.340382 -0.242393 1.285012 0.180672 0.034142 -0.204037
    29 1.628906 -0.000005 0.000006 0.051292 0.063997 -0.676366
    30 0.904888 0.000001 0.000000 0.001263 0.038530 -0.033046
    31 1.219385 -1.063860 0.837143 1.693884 -0.344469 -0.124089
    32 1.496971 -0.000002 -0.000001 0.000014 -0.188062 -0.185216
    33 1.100086 0.000000 0.000000 -0.000007 -0.040598 0.196316
    34 3.815876 1.385489 -1.500000 0.713498 1.393198 -1.284533
    35 4.327089 -0.000004 0.000000 2.493031 -0.025271 -0.606939
    36 11.105106 0.000000 0.000004 0.042761 0.004567 -0.824532
    37 9.862080 -0.000007 0.000017 -1.967833 0.075041 0.009571
    38 2.641111 0.211586 1.074188 -0.201327 -0.143306 -0.226689
    39 1.361601 0.000000 0.000000 -0.011394 -0.016627 -0.599881
    40 0.779604 0.000001 0.000000 0.054450 0.175357 -0.302876
    41 2.908730 0.220541 0.432493 -0.194226 -0.103877 -0.292835
    42 1.597527 0.000000 0.000000 0.051956 0.088303 -0.532546
    43 0.912678 0.000000 0.000000 -0.002385 -0.009683 -0.242644
    44 3.265471 0.051184 -0.415600 -0.183626 -0.067869 -0.258123
    45 1.860470 0.000000 0.000000 0.042091 0.053928 -0.662606
    46 1.061485 0.000000 0.000000 -0.001830 -0.012006 -0.156488
    47 3.340403 -0.238762 -1.285691 -0.177006 -0.034199 -0.204061
    48 1.550755 0.000000 0.000000 -0.051292 -0.063997 -0.676366
    49 0.904886 0.000001 0.000000 -0.001263 -0.038530 -0.033046
    50 1.219410 -1.061498 -0.840143 -1.690135 0.344972 -0.122837
    51 1.496971 0.000002 0.000000 -0.000014 0.188062 -0.185216
    52 1.100088 0.000000 0.000000 0.000007 0.040598 0.196316
    53 0.000000 -0.000007 -0.000031 1.373047 0.113574 0.124314
    54 0.000000 0.000000 0.000000 -0.077030 -0.068757 -1.299215
    55 7.054213 0.000000 0.000000 0.000000 0.000000 0.000000
    56 0.000000 -0.000007 -0.000031 1.373047 0.113574 0.124314
    57 0.000000 -0.000007 -0.000031 1.373047 0.113574 0.124314
    58 2.856947 -1.536175 -0.973780 -1.501147 -0.272558 -1.578261
    59 0.000000 0.000000 10.000000 0.000000 0.000000 0.000000
    60 2.856899 -1.536201 -0.973800 -1.501147 -0.272558 -1.578261
    61 2.000000 -3.000000 0.000000 -1.570796 0.000000 -1.326450
    62 0.018896 0.665159 9.395880 0.000000 0.000000 0.000000
    63 3.028210 -0.923409 -2.009452 1.574082 -0.012974 1.587244
    64 0.116954 4.311606 0.061861 0.000010 0.000000 0.000000
    65 0.000000 -0.000002 0.000000 0.000000 0.000000 0.000000
    66 0.000000 1.000000 0.000010 0.000000 0.000000 0.000000
    67 -0.000001 0.000000 0.000000 0.000000 0.000000 0.000000
    68 -0.000001 0.000000 0.000000 0.000000 0.000000 0.000000
    69 -0.000001 0.000000 0.000000 0.000000 0.000000 0.000000
time 2
    0 1.538086 3.294922 3.798828 0.183188 -0.206188 -0.047118
    1 3.455587 0.000000 0.000000 -1.894105 -0.261355 -1.316760
    2 16.572346 0.000000 0.000000 -0.002628 0.007175 0.417381
    3 16.265829 0.000000 0.000000 -0.267525 -0.225198 -0.734785
    4 5.046457 0.000000 0.000000 0.020201 -0.027646 -0.420465
    5 -3.455587 0.000000 0.000000 -0.264042 -0.414160 -2.441766
    6 16.572346 0.000000 0.000000 0.022713 -0.059500 1.938928
    7 16.265831 0.000000 0.000000 0.062599 -0.056241 -0.964779
    8 5.046457 0.000000 0.000000 -0.111806 0.023849 -0.399195
    9 0.000000 3.703728 0.293189 1.525332 0.020915 1.603785
    10 3.307846 0.000000 0.000000 -0.018169 0.033103 -0.084768
    11 3.297962 0.000000 0.000000 -0.086979 0.288131 -0.345946
    12 6.040985 0.000000 0.000000 0.016399 -0.095969 0.211533
    13 5.065758 0.000000 0.000000 2.747352 -0.119619 0.333525
    14 3.993755 0.000000 0.000000 -0.131825 -0.415731 0.230734
    15 3.815876 1.385489 1.500000 0.155487 -1.011571 -1.701722
    16 4.327093 0.000004 0.000000 -0.775063 0.017990 -0.393813
    17 11.105114 0.000000 0.000000 -0.019930 -0.005536 -0.399899
    18 9.862099 -0.000011 -0.000031 2.406196 0.510960 0.347984
    19 2.641094 0.214619 -1.073586 0.204923 0.143299 -0.226648
    20 1.361605 -0.000002 0.000000 0.011394 0.016627 -0.599881
    21 0.779602 0.000002 0.000000 -0.054450 -0.175357 -0.302876
    22 2.908712 0.221762 -0.431868 0.197828 0.103894 -0.292786
    23 1.597527 0.000001 0.000000 -0.051956 -0.088303 -0.532546
    24 0.912680 0.000001 0.000000 0.002385 0.009683 -0.242644
    25 3.265450 0.050007 0.415744 0.187209 0.067909 -0.258128
    26 1.860470 0.000000 0.000000 -0.042091 -0.053928 -0.662606
    27 1.061481 -0.000001 0.000000 0.001830 0.012006 -0.156488
    28 3.340382 -0.242393 1.285012 0.180672 0.034142 -0.204037
    29 1.628906 -0.000005 0.000006 0.051292 0.063997 -0.676366
    30 0.904888 0.000001 0.000000 0.001263 0.038530 -0.033046
    31 1.219385 -1.063860 0.837143 1.693884 -0.344469 -0.124089
    32 1.496971 -0.000002 -0.000001 0.000014 -0.188062 -0.185216
    33 1.100086 0.000000 0.000000 -0.000007 -0.040598 0.196316
    34 3.815876 1.385489 -1.500000 1.341050 1.369638 -0.588978
    35 4.327089 -0.000004 0.000000 2.390447 -0.158359 -0.767042
    36 11.105106 0.000000 0.000004 0.043868 0.010572 -1.023212
    37 9.862080 -0.000007 0.000017 -1.962173 0.160694 0.188630
    38 2.641111 0.211586 1.074188 -0.201327 -0.143306 -0.226689
    39 1.361601 0.000000 0.000000 -0.011394 -0.016627 -0.599881
    40 0.779604 0.000001 0.000000 0.054450 0.175357 -0.302876
    41 2.908730 0.220541 0.432493 -0.194226 -0.103877 -0.292835
    42 1.597527 0.000000 0.000000 0.051956 0.088303 -0.532546
    43 0.912678 0.000000 0.000000 -0.002385 -0.009683 -0.242644
    44 3.265471 0.051184 -0.415600 -0.183626 -0.067869 -0.258123
    45 1.860470 0.000000 0.000000 0.042091 0.053928 -0.662606
    46 1.061485 0.000000 0.000000 -0.001830 -0.012006 -0.156488
    47 3.340403 -0.238762 -1.285691 -0.177006 -0.034199 -0.204061
    48 1.550755 0.000000 0.000000 -0.051292 -0.063997 -0.676366
    49 0.904886 0.000001 0.000000 -0.001263 -0.038530 -0.033046
    50 1.219410 -1.061498 -0.840143 -1.690135 0.344972 -0.122837
    51 1.496971 0.000002 0.000000 -0.000014 0.188062 -0.185216
    52 1.100088 0.000000 0.000000 0.000007 0.040598 0.196316
    53 0.000000 -0.000007 -0.000031 1.373047 0.113574 0.124314
    54 0.000000 0.000000 0.000000 -0.077030 -0.068757 -1.299215
    55 7.054213 0.000000 0.000000 0.000000 0.000000 0.000000
    56 0.000000 -0.000007 -0.000031 1.373047 0.113574 0.124314
    57 0.000000 -0.000007 -0.000031 1.373047 0.113574 0.124314
    58 2.856947 -1.536175 -0.973780 -1.501147 -0.272558 -1.578261
    59 0.000000 0.000000 10.000000 0.000000 0.000000 0.000000
    60 2.856899 -1.536201 -0.973800 -1.501147 -0.272558 -1.578261
    61 2.000000 -3.000000 0.000000 -1.570796 0.000000 -1.326450
    62 0.018896 0.665159 9.395880 0.000000 0.000000 0.000000
    63 3.028210 -0.923409 -2.009452 1.574082 -0.012974 1.587244
    64 0.116954 4.311606 0.061861 0.000010 0.000000 0.000000
    65 0.000000 -0.000002 0.000000 0.000000 0.000000 0.000000
    66 0.000000 1.000000 0.000010 0.000000 0.000000 0.000000
    67 -0.000001 0.000000 0.000000 0.000000 0.000000 0.000000
    68 -0.000001 0.000000 0.000000 0.000000 0.000000 0.000000
    69 -0.000001 0.000000 0.000000 0.000000 0.000000 0.000000
time 3
    0 1.486328 3.320313 3.906250 0.214318 -0.200102 -0.040605
    1 3.455587 0.000000 0.000000 -1.916166 -0.313980 -1.309661
    2 16.572346 0.000000 0.000000 -0.002884 0.007255 0.468351
    3 16.265829 0.000000 0.000000 -0.238298 -0.375246 -0.802136
    4 5.046457 0.000000 0.000000 0.020201 -0.027646 -0.420465
    5 -3.455587 0.000000 0.000000 -0.268087 -0.448887 -2.423336
    6 16.572346 0.000000 0.000000 0.025568 -0.058357 1.850900
    7 16.265831 0.000000 0.000000 0.002969 -0.027365 -0.994606
    8 5.046457 0.000000 0.000000 -0.111806 0.023849 -0.399195
    9 0.000000 3.703728 0.293189 1.509231 -0.012765 1.587580
    10 3.307846 0.000000 0.000000 -0.019601 0.032327 -0.126026
    11 3.297962 0.000000 0.000000 -0.110668 0.282446 -0.427507
    12 6.040985 0.000000 0.000000 0.024080 -0.070355 0.165117
    13 5.065758 0.000000 0.000000 2.749416 -0.131454 0.469875
    14 3.993755 0.000000 0.000000 -0.131825 -0.415731 0.230734
    15 3.815876 1.385489 1.500000 0.107514 -0.994491 -1.620628
    16 4.327093 0.000004 0.000000 -0.870780 0.022697 -0.384735
    17 11.105114 0.000000 0.000000 -0.021117 -0.006335 -0.473202
    18 9.862099 -0.000011 -0.000031 2.496350 0.424060 0.340126
    19 2.641094 0.214619 -1.073586 0.204923 0.143299 -0.226648
    20 1.361605 -0.000002 0.000000 0.011394 0.016627 -0.599881
    21 0.779602 0.000002 0.000000 -0.054450 -0.175357 -0.302876
    22 2.908712 0.221762 -0.431868 0.197828 0.103894 -0.292786
    23 1.597527 0.000001 0.000000 -0.051956 -0.088303 -0.532546
    24 0.912680 0.000001 0.000000 0.002385 0.009683 -0.242644
    25 3.265450 0.050007 0.415744 0.187209 0.067909 -0.258128
    26 1.860470 0.000000 0.000000 -0.042091 -0.053928 -0.662606
    27 1.061481 -0.000001 0.000000 0.001830 0.012006 -0.156488
    28 3.340382 -0.242393 1.285012 0.180672 0.034142 -0.204037
    29 1.628906 -0.000005 0.000006 0.051292 0.063997 -0.676366
    30 0.904888 0.000001 0.000000 0.001263 0.038530 -0.033046
    31 1.219385 -1.063860 0.837143 1.693884 -0.344469 -0.124089
    32 1.496971 -0.000002 -0.000001 0.000014 -0.188062 -0.185216
    33 1.100086 0.000000 0.000000 -0.000007 -0.040598 0.196316
    34 3.815876 1.385489 -1.500000 1.638314 1.303405 -0.231650
    35 4.327089 -0.000004 0.000000 2.329189 -0.261424 -0.890416
    36 11.105106 0.000000 0.000004 0.045879 0.016229 -1.167291
    37 9.862080 -0.000007 0.000017 -1.954913 -0.010476 0.438939
    38 2.641111 0.211586 1.074188 -0.201327 -0.143306 -0.226689
    39 1.361601 0.000000 0.000000 -0.011394 -0.016627 -0.599881
    40 0.779604 0.000001 0.000000 0.054450 0.175357 -0.302876
    41 2.908730 0.220541 0.432493 -0.194226 -0.103877 -0.292835
    42 1.597527 0.000000 0.000000 0.051956 0.088303 -0.532546
    43 0.912678 0.000000 0.000000 -0.002385 -0.009683 -0.242644
    44 3.265471 0.051184 -0.415600 -0.183626 -0.067869 -0.258123
    45 1.860470 0.000000 0.000000 0.042091 0.053928 -0.662606
    46 1.061485 0.000000 0.000000 -0.001830 -0.012006 -0.156488
    47 3.340403 -0.238762 -1.285691 -0.177006 -0.034199 -0.204061
    48 1.550755 0.000000 0.000000 -0.051292 -0.063997 -0.676366
    49 0.904886 0.000001 0.000000 -0.001263 -0.038530 -0.033046
    50 1.219410 -1.061498 -0.840143 -1.690135 0.344972 -0.122837
    51 1.496971 0.000002 0.000000 -0.000014 0.188062 -0.185216
    52 1.100088 0.000000 0.000000 0.000007 0.040598 0.196316
    53 0.000000 -0.000007 -0.000031 1.373047 0.113574 0.124314
    54 0.000000 0.000000 0.000000 -0.077030 -0.068757 -1.299215
    55 7.054213 0.000000 0.000000 0.000000 0.000000 0.000000
    56 0.000000 -0.000007 -0.000031 1.373047 0.113574 0.124314
    57 0.000000 -0.000007 -0.000031 1.373047 0.113574 0.124314
    58 2.856947 -1.536175 -0.973780 -1.501147 -0.272558 -1.578261
    59 0.000000 0.000000 10.000000 0.000000 0.000000 0.000000
    60 2.856899 -1.536201 -0.973800 -1.501147 -0.272558 -1.578261
    61 2.000000 -3.000000 0.000000 -1.570796 0.000000 -1.326450
    62 0.018896 0.665159 9.395880 0.000000 0.000000 0.000000
    63 3.028210 -0.923409 -2.009452 1.574082 -0.012974 1.587244
    64 0.116954 4.311606 0.061861 0.000010 0.000000 0.000000
    65 0.000000 -0.000002 0.000000 0.000000 0.000000 0.000000
    66 0.000000 1.000000 0.000010 0.000000 0.000000 0.000000
    67 -0.000001 0.000000 0.000000 0.000000 0.000000 0.000000
    68 -0.000001 0.000000 0.000000 0.000000 0.000000 0.000000
    69 -0.000001 0.000000 0.000000 0.000000 0.000000 0.000000
time 4
    0 1.461914 3.333984 4.015625 0.229091 -0.197366 -0.037392
    1 3.455587 0.000000 0.000000 -1.913061 -0.336325 -1.310370
    2 16.572346 0.000000 0.000000 -0.002768 0.007096 0.488789
    3 16.265829 0.000000 0.000000 -0.222846 -0.447719 -0.830307
    4 5.046457 0.000000 0.000000 0.020201 -0.027646 -0.420465
    5 -3.455587 0.000000 0.000000 -0.270511 -0.460805 -2.413324
    6 16.572346 0.000000 0.000000 0.025718 -0.056243 1.807596
    7 16.265831 0.000000 0.000000 -0.028600 -0.019827 -1.008518
    8 5.046457 0.000000 0.000000 -0.111806 0.023849 -0.399195
    9 0.000000 3.703728 0.293189 1.501872 -0.028850 1.579967
    10 3.307846 0.000000 0.000000 -0.020258 0.032021 -0.145765
    11 3.297962 0.000000 0.000000 -0.121953 0.279760 -0.466464
    12 6.040985 0.000000 0.000000 0.027785 -0.058171 0.142950
    13 5.065758 0.000000 0.000000 2.747889 -0.136122 0.535418
    14 3.993755 0.000000 0.000000 -0.131825 -0.415731 0.230734
    15 3.815876 1.385489 1.500000 0.076222 -0.978113 -1.564820
    16 4.327093 0.000004 0.000000 -0.940158 -0.011911 -0.411208
    17 11.105114 0.000000 0.000000 -0.022624 -0.007040 -0.486704
    18 9.862099 -0.000011 -0.000031 2.531514 0.328366 0.277447
    19 2.641094 0.214619 -1.073586 0.204923 0.143299 -0.226648
    20 1.361605 -0.000002 0.000000 0.011394 0.016627 -0.599881
    21 0.779602 0.000002 0.000000 -0.054450 -0.175357 -0.302876
    22 2.908712 0.221762 -0.431868 0.197828 0.103894 -0.292786
    23 1.597527 0.000001 0.000000 -0.051956 -0.088303 -0.532546
    24 0.912680 0.000001 0.000000 0.002385 0.009683 -0.242644
    25 3.265450 0.050007 0.415744 0.187209 0.067909 -0.258128
    26 1.860470 0.000000 0.000000 -0.042091 -0.053928 -0.662606
    27 1.061481 -0.000001 0.000000 0.001830 0.012006 -0.156488
    28 3.340382 -0.242393 1.285012 0.180672 0.034142 -0.204037
    29 1.628906 -0.000005 0.000006 0.051292 0.063997 -0.676366
    30 0.904888 0.000001 0.000000 0.001263 0.038530 -0.033046
    31 1.219385 -1.063860 0.837143 1.693884 -0.344469 -0.124089
    32 1.496971 -0.000002 -0.000001 0.000014 -0.188062 -0.185216
    33 1.100086 0.000000 0.000000 -0.000007 -0.040598 0.196316
    34 3.815876 1.385489 -1.500000 1.720046 1.265043 -0.119945
    35 4.327089 -0.000004 0.000000 2.294480 -0.313206 -0.948343
    36 11.105106 0.000000 0.000004 0.047402 0.020318 -1.248557
    37 9.862080 -0.000007 0.000017 -1.888610 -0.252288 0.597118
    38 2.641111 0.211586 1.074188 -0.201327 -0.143306 -0.226689
    39 1.361601 0.000000 0.000000 -0.011394 -0.016627 -0.599881
    40 0.779604 0.000001 0.000000 0.054450 0.175357 -0.302876
    41 2.908730 0.220541 0.432493 -0.194226 -0.103877 -0.292835
    42 1.597527 0.000000 0.000000 0.051956 0.088303 -0.532546
    43 0.912678 0.000000 0.000000 -0.002385 -0.009683 -0.242644
    44 3.265471 0.051184 -0.415600 -0.183626 -0.067869 -0.258123
    45 1.860470 0.000000 0.000000 0.042091 0.053928 -0.662606
    46 1.061485 0.000000 0.000000 -0.001830 -0.012006 -0.156488
    47 3.340403 -0.238762 -1.285691 -0.177006 -0.034199 -0.204061
    48 1.550755 0.000000 0.000000 -0.051292 -0.063997 -0.676366
    49 0.904886 0.000001 0.000000 -0.001263 -0.038530 -0.033046
    50 1.219410 -1.061498 -0.840143 -1.690135 0.344972 -0.122837
    51 1.496971 0.000002 0.000000 -0.000014 0.188062 -0.185216
    52 1.100088 0.000000 0.000000 0.000007 0.040598 0.196316
    53 0.000000 -0.000007 -0.000031 1.373047 0.113574 0.124314
    54 0.000000 0.000000 0.000000 -0.077030 -0.068757 -1.299215
    55 7.054213 0.000000 0.000000 0.000000 0.000000 0.000000
    56 0.000000 -0.000007 -0.000031 1.373047 0.113574 0.124314
    57 0.000000 -0.000007 -0.000031 1.373047 0.113574 0.124314
    58 2.856947 -1.536175 -0.973780 -1.501147 -0.272558 -1.578261
    59 0.000000 0.000000 10.000000 0.000000 0.000000 0.000000
    60 2.856899 -1.536201 -0.973800 -1.501147 -0.272558 -1.578261
    61 2.000000 -3.000000 0.000000 -1.570796 0.000000 -1.326450
    62 0.018896 0.665159 9.395880 0.000000 0.000000 0.000000
    63 3.028210 -0.923409 -2.009452 1.574082 -0.012974 1.587244
    64 0.116954 4.311606 0.061861 0.000010 0.000000 0.000000
    65 0.000000 -0.000002 0.000000 0.000000 0.000000 0.000000
    66 0.000000 1.000000 0.000010 0.000000 0.000000 0.000000
    67 -0.000001 0.000000 0.000000 0.000000 0.000000 0.000000
    68 -0.000001 0.000000 0.000000 0.000000 0.000000 0.000000
    69 -0.000001 0.000000 0.000000 0.000000 0.000000 0.000000
time 5
    0 1.456055 3.335938 4.042969 0.232528 -0.196862 -0.036723
    1 3.455587 0.000000 0.000000 -1.923909 -0.339895 -1.308023
    2 16.572346 0.000000 0.000000 -0.002881 0.007310 0.492170
    3 16.265829 0.000000 0.000000 -0.208840 -0.455127 -0.840123
    4 5.046457 0.000000 0.000000 0.020201 -0.027646 -0.420465
    5 -3.455587 0.000000 0.000000 -0.270438 -0.463073 -2.411514
    6 16.572346 0.000000 0.000000 0.025805 -0.055811 1.799242
    7 16.265831 0.000000 0.000000 -0.034871 -0.019009 -1.011184
    8 5.046457 0.000000 0.000000 -0.111806 0.023849 -0.399195
    9 0.000000 3.703728 0.293189 1.500264 -0.032528 1.577856
    10 3.307846 0.000000 0.000000 -0.020416 0.031969 -0.150269
    11 3.297962 0.000000 0.000000 -0.124519 0.279095 -0.475404
    12 6.040985 0.000000 0.000000 0.028550 -0.055374 0.137941
    13 5.065758 0.000000 0.000000 2.747503 -0.136679 0.550550
    14 3.993755 0.000000 0.000000 -0.131825 -0.415731 0.230734
    15 3.815876 1.385489 1.500000 0.061118 -0.964397 -1.534290
    16 4.327093 0.000004 0.000000 -0.964817 -0.050595 -0.440918
    17 11.105114 0.000000 0.000000 -0.022678 -0.007550 -0.483675
    18 9.862099 -0.000011 -0.000031 2.307401 0.110888 0.068972
    19 2.641094 0.214619 -1.073586 0.204923 0.143299 -0.226648
    20 1.361605 -0.000002 0.000000 0.011394 0.016627 -0.599881
    21 0.779602 0.000002 0.000000 -0.054450 -0.175357 -0.302876
    22 2.908712 0.221762 -0.431868 0.197828 0.103894 -0.292786
    23 1.597527 0.000001 0.000000 -0.051956 -0.088303 -0.532546
    24 0.912680 0.000001 0.000000 0.002385 0.009683 -0.242644
    25 3.265450 0.050007 0.415744 0.187209 0.067909 -0.258128
    26 1.860470 0.000000 0.000000 -0.042091 -0.053928 -0.662606
    27 1.061481 -0.000001 0.000000 0.001830 0.012006 -0.156488
    28 3.340382 -0.242393 1.285012 0.180672 0.034142 -0.204037
    29 1.628906 -0.000005 0.000006 0.051292 0.063997 -0.676366
    30 0.904888 0.000001 0.000000 0.001263 0.038530 -0.033046
    31 1.219385 -1.063860 0.837143 1.693884 -0.344469 -0.124089
    32 1.496971 -0.000002 -0.000001 0.000014 -0.188062 -0.185216
    33 1.100086 0.000000 0.000000 -0.000007 -0.040598 0.196316
    34 3.815876 1.385489 -1.500000 1.732987 1.257114 -0.100773
    35 4.327089 -0.000004 0.000000 2.274127 -0.329033 -0.960885
    36 11.105106 0.000000 0.000004 0.047228 0.021732 -1.280655
    37 9.862080 -0.000007 0.000017 -1.830608 -0.394468 0.576618
    38 2.641111 0.211586 1.074188 -0.201327 -0.143306 -0.226689
    39 1.361601 0.000000 0.000000 -0.011394 -0.016627 -0.599881
    40 0.779604 0.000001 0.000000 0.054450 0.175357 -0.302876
    41 2.908730 0.220541 0.432493 -0.194226 -0.103877 -0.292835
    42 1.597527 0.000000 0.000000 0.051956 0.088303 -0.532546
    43 0.912678 0.000000 0.000000 -0.002385 -0.009683 -0.242644
    44 3.265471 0.051184 -0.415600 -0.183626 -0.067869 -0.258123
    45 1.860470 0.000000 0.000000 0.042091 0.053928 -0.662606
    46 1.061485 0.000000 0.000000 -0.001830 -0.012006 -0.156488
    47 3.340403 -0.238762 -1.285691 -0.177006 -0.034199 -0.204061
    48 1.550755 0.000000 0.000000 -0.051292 -0.063997 -0.676366
    49 0.904886 0.000001 0.000000 -0.001263 -0.038530 -0.033046
    50 1.219410 -1.061498 -0.840143 -1.690135 0.344972 -0.122837
    51 1.496971 0.000002 0.000000 -0.000014 0.188062 -0.185216
    52 1.100088 0.000000 0.000000 0.000007 0.040598 0.196316
    53 0.000000 -0.000007 -0.000031 1.373047 0.113574 0.124314
    54 0.000000 0.000000 0.000000 -0.077030 -0.068757 -1.299215
    55 7.054213 0.000000 0.000000 0.000000 0.000000 0.000000
    56 0.000000 -0.000007 -0.000031 1.373047 0.113574 0.124314
    57 0.000000 -0.000007 -0.000031 1.373047 0.113574 0.124314
    58 2.856947 -1.536175 -0.973780 -1.501147 -0.272558 -1.578261
    59 0.000000 0.000000 10.000000 0.000000 0.000000 0.000000
    60 2.856899 -1.536201 -0.973800 -1.501147 -0.272558 -1.578261
    61 2.000000 -3.000000 0.000000 -1.570796 0.000000 -1.326450
    62 0.018896 0.665159 9.395880 0.000000 0.000000 0.000000
    63 3.028210 -0.923409 -2.009452 1.574082 -0.012974 1.587244
    64 0.116954 4.311606 0.061861 0.000010 0.000000 0.000000
    65 0.000000 -0.000002 0.000000 0.000000 0.000000 0.000000
    66 0.000000 1.000000 0.000010 0.000000 0.000000 0.000000
    67 -0.000001 0.000000 0.000000 0.000000 0.000000 0.000000
    68 -0.000001 0.000000 0.000000 0.000000 0.000000 0.000000
    69 -0.000001 0.000000 0.000000 0.000000 0.000000 0.000000
time 6
    0 1.462891 3.333984 4.011719 0.228157 -0.196311 -0.036401
    1 3.455587 0.000000 0.000000 -1.933456 -0.338353 -1.305265
    2 16.572346 0.000000 0.000000 -0.003007 0.007444 0.497601
    3 16.265829 0.000000 0.000000 -0.194926 -0.459293 -0.848888
    4 5.046457 0.000000 0.000000 0.020201 -0.027646 -0.420465
    5 -3.455587 0.000000 0.000000 -0.275058 -0.462447 -2.408351
    6 16.572346 0.000000 0.000000 0.025857 -0.055602 1.793507
    7 16.265831 0.000000 0.000000 -0.038957 -0.016268 -1.012412
    8 5.046457 0.000000 0.000000 -0.111806 0.023849 -0.399195
    9 0.000000 3.703728 0.293189 1.500905 -0.028685 1.576586
    10 3.307846 0.000000 0.000000 -0.020160 0.032035 -0.145071
    11 3.297962 0.000000 0.000000 -0.121601 0.279876 -0.465167
    12 6.040985 0.000000 0.000000 0.027645 -0.058606 0.143728
    13 5.065758 0.000000 0.000000 2.748515 -0.133295 0.533179
    14 3.993755 0.000000 0.000000 -0.131825 -0.415731 0.230734
    15 3.815876 1.385489 1.500000 0.055306 -0.952924 -1.518297
    16 4.327093 0.000004 0.000000 -0.991276 -0.061610 -0.440947
    17 11.105114 0.000000 0.000000 -0.021975 -0.008311 -0.539174
    18 9.862099 -0.000011 -0.000031 2.522457 -0.213895 -0.409342
    19 2.641094 0.214619 -1.073586 0.204923 0.143299 -0.226648
    20 1.361605 -0.000002 0.000000 0.011394 0.016627 -0.599881
    21 0.779602 0.000002 0.000000 -0.054450 -0.175357 -0.302876
    22 2.908712 0.221762 -0.431868 0.197828 0.103894 -0.292786
    23 1.597527 0.000001 0.000000 -0.051956 -0.088303 -0.532546
    24 0.912680 0.000001 0.000000 0.002385 0.009683 -0.242644
    25 3.265450 0.050007 0.415744 0.187209 0.067909 -0.258128
    26 1.860470 0.000000 0.000000 -0.042091 -0.053928 -0.662606
    27 1.061481 -0.000001 0.000000 0.001830 0.012006 -0.156488
    28 3.340382 -0.242393 1.285012 0.180672 0.034142 -0.204037
    29 1.628906 -0.000005 0.000006 0.051292 0.063997 -0.676366
    30 0.904888 0.000001 0.000000 0.001263 0.038530 -0.033046
    31 1.219385 -1.063860 0.837143 1.693884 -0.344469 -0.124089
    32 1.496971 -0.000002 -0.000001 0.000014 -0.188062 -0.185216
    33 1.100086 0.000000 0.000000 -0.000007 -0.040598 0.196316
    34 3.815876 1.385489 -1.500000 1.744177 1.249526 -0.083815
    35 4.327089 -0.000004 0.000000 2.264495 -0.341255 -0.973338
    36 11.105106 0.000000 0.000004 0.047108 0.022656 -1.302270
    37 9.862080 -0.000007 0.000017 -1.729427 -0.510939 0.475752
    38 2.641111 0.211586 1.074188 -0.201327 -0.143306 -0.226689
    39 1.361601 0.000000 0.000000 -0.011394 -0.016627 -0.599881
    40 0.779604 0.000001 0.000000 0.054450 0.175357 -0.302876
    41 2.908730 0.220541 0.432493 -0.194226 -0.103877 -0.292835
    42 1.597527 0.000000 0.000000 0.051956 0.088303 -0.532546
    43 0.912678 0.000000 0.000000 -0.002385 -0.009683 -0.242644
    44 3.265471 0.051184 -0.415600 -0.183626 -0.067869 -0.258123
    45 1.860470 0.000000 0.000000 0.042091 0.053928 -0.662606
    46 1.061485 0.000000 0.000000 -0.001830 -0.012006 -0.156488
    47 3.340403 -0.238762 -1.285691 -0.177006 -0.034199 -0.204061
    48 1.550755 0.000000 0.000000 -0.051292 -0.063997 -0.676366
    49 0.904886 0.000001 0.000000 -0.001263 -0.038530 -0.033046
    50 1.219410 -1.061498 -0.840143 -1.690135 0.344972 -0.122837
    51 1.496971 0.000002 0.000000 -0.000014 0.188062 -0.185216
    52 1.100088 0.000000 0.000000 0.000007 0.040598 0.196316
    53 0.000000 -0.000007 -0.000031 1.373047 0.113574 0.124314
    54 0.000000 0.000000 0.000000 -0.077030 -0.068757 -1.299215
    55 7.054213 0.000000 0.000000 0.000000 0.000000 0.000000
    56 0.000000 -0.000007 -0.000031 1.373047 0.113574 0.124314
    57 0.000000 -0.000007 -0.000031 1.373047 0.113574 0.124314
    58 2.856947 -1.536175 -0.973780 -1.501147 -0.272558 -1.578261
    59 0.000000 0.000000 10.000000 0.000000 0.000000 0.000000
    60 2.856899 -1.536201 -0.973800 -1.501147 -0.272558 -1.578261
    61 2.000000 -3.000000 0.000000 -1.570796 0.000000 -1.326450
    62 0.018896 0.665159 9.395880 0.000000 0.000000 0.000000
    63 3.028210 -0.923409 -2.009452 1.574082 -0.012974 1.587244
    64 0.116954 4.311606 0.061861 0.000010 0.000000 0.000000
    65 0.000000 -0.000002 0.000000 0.000000 0.000000 0.000000
    66 0.000000 1.000000 0.000010 0.000000 0.000000 0.000000
    67 -0.000001 0.000000 0.000000 0.000000 0.000000 0.000000
    68 -0.000001 0.000000 0.000000 0.000000 0.000000 0.000000
    69 -0.000001 0.000000 0.000000 0.000000 0.000000 0.000000
time 7
    0 1.500977 3.314453 3.839844 0.202998 -0.195352 -0.036788
    1 3.455587 0.000000 0.000000 -1.938356 -0.324467 -1.302052
    2 16.572346 0.000000 0.000000 -0.003190 0.007611 0.509901
    3 16.265829 0.000000 0.000000 -0.180474 -0.461437 -0.856949
    4 5.046457 0.000000 0.000000 0.020201 -0.027646 -0.420465
    5 -3.455587 0.000000 0.000000 -0.292332 -0.454396 -2.400544
    6 16.572346 0.000000 0.000000 0.026138 -0.055842 1.791166
    7 16.265831 0.000000 0.000000 -0.039550 -0.007876 -1.010873
    8 5.046457 0.000000 0.000000 -0.111806 0.023849 -0.399195
    9 0.000000 3.703728 0.293189 1.506805 -0.005168 1.576574
    10 3.307846 0.000000 0.000000 -0.019163 0.032540 -0.114604
    11 3.297962 0.000000 0.000000 -0.104068 0.284059 -0.404886
    12 6.040985 0.000000 0.000000 0.021965 -0.077472 0.178054
    13 5.065758 0.000000 0.000000 2.751228 -0.118084 0.431846
    14 3.993755 0.000000 0.000000 -0.131825 -0.415731 0.230734
    15 3.815876 1.385489 1.500000 0.054546 -0.943591 -1.510931
    16 4.327093 0.000004 0.000000 -1.019656 -0.103381 -0.457877
    17 11.105114 0.000000 0.000000 -0.021409 -0.009145 -0.584364
    18 9.862099 -0.000011 -0.000031 2.631118 -0.362176 -0.422245
    19 2.641094 0.214619 -1.073586 0.204923 0.143299 -0.226648
    20 1.361605 -0.000002 0.000000 0.011394 0.016627 -0.599881
    21 0.779602 0.000002 0.000000 -0.054450 -0.175357 -0.302876
    22 2.908712 0.221762 -0.431868 0.197828 0.103894 -0.292786
    23 1.597527 0.000001 0.000000 -0.051956 -0.088303 -0.532546
    24 0.912680 0.000001 0.000000 0.002385 0.009683 -0.242644
    25 3.265450 0.050007 0.415744 0.187209 0.067909 -0.258128
    26 1.860470 0.000000 0.000000 -0.042091 -0.053928 -0.662606
    27 1.061481 -0.000001 0.000000 0.001830 0.012006 -0.156488
    28 3.340382 -0.242393 1.285012 0.180672 0.034142 -0.204037
    29 1.628906 -0.000005 0.000006 0.051292 0.063997 -0.676366
    30 0.904888 0.000001 0.000000 0.001263 0.038530 -0.033046
    31 1.219385 -1.063860 0.837143 1.693884 -0.344469 -0.124089
    32 1.496971 -0.000002 -0.000001 0.000014 -0.188062 -0.185216
    33 1.100086 0.000000 0.000000 -0.000007 -0.040598 0.196316
    34 3.815876 1.385489 -1.500000 1.754358 1.242332 -0.068109
    35 4.327089 -0.000004 0.000000 2.270721 -0.346981 -0.992620
    36 11.105106 0.000000 0.000004 0.043263 0.021419 -1.319039
    37 9.862080 -0.000007 0.000017 -1.551606 -0.572530 0.299255
    38 2.641111 0.211586 1.074188 -0.201327 -0.143306 -0.226689
    39 1.361601 0.000000 0.000000 -0.011394 -0.016627 -0.599881
    40 0.779604 0.000001 0.000000 0.054450 0.175357 -0.302876
    41 2.908730 0.220541 0.432493 -0.194226 -0.103877 -0.292835
    42 1.597527 0.000000 0.000000 0.051956 0.088303 -0.532546
    43 0.912678 0.000000 0.000000 -0.002385 -0.009683 -0.242644
    44 3.265471 0.051184 -0.415600 -0.183626 -0.067869 -0.258123
    45 1.860470 0.000000 0.000000 0.042091 0.053928 -0.662606
    46 1.061485 0.000000 0.000000 -0.001830 -0.012006 -0.156488
    47 3.340403 -0.238762 -1.285691 -0.177006 -0.034199 -0.204061
    48 1.550755 0.000000 0.000000 -0.051292 -0.063997 -0.676366
    49 0.904886 0.000001 0.000000 -0.001263 -0.038530 -0.033046
    50 1.219410 -1.061498 -0.840143 -1.690135 0.344972 -0.122837
    51 1.496971 0.000002 0.000000 -0.000014 0.188062 -0.185216
    52 1.100088 0.000000 0.000000 0.000007 0.040598 0.196316
    53 0.000000 -0.000007 -0.000031 1.373047 0.113574 0.124314
    54 0.000000 0.000000 0.000000 -0.077030 -0.068757 -1.299215
    55 7.054213 0.000000 0.000000 0.000000 0.000000 0.000000
    56 0.000000 -0.000007 -0.000031 1.373047 0.113574 0.124314
    57 0.000000 -0.000007 -0.000031 1.373047 0.113574 0.124314
    58 2.856947 -1.536175 -0.973780 -1.501147 -0.272558 -1.578261
    59 0.000000 0.000000 10.000000 0.000000 0.000000 0.000000
    60 2.856899 -1.536201 -0.973800 -1.501147 -0.272558 -1.578261
    61 2.000000 -3.000000 0.000000 -1.570796 0.000000 -1.326450
    62 0.018896 0.665159 9.395880 0.000000 0.000000 0.000000
    63 3.028210 -0.923409 -2.009452 1.574082 -0.012974 1.587244
    64 0.116954 4.311606 0.061861 0.000010 0.000000 0.000000
    65 0.000000 -0.000002 0.000000 0.000000 0.000000 0.000000
    66 0.000000 1.000000 0.000010 0.000000 0.000000 0.000000
    67 -0.000001 0.000000 0.000000 0.000000 0.000000 0.000000
    68 -0.000001 0.000000 0.000000 0.000000 0.000000 0.000000
    69 -0.000001 0.000000 0.000000 0.000000 0.000000 0.000000
time 8
    0 1.539063 3.294922 3.798828 0.178253 -0.194548 -0.037256
    1 3.455587 0.000000 0.000000 -1.943629 -0.304918 -1.300061
    2 16.572346 0.000000 0.000000 -0.003219 0.007731 0.518470
    3 16.265829 0.000000 0.000000 -0.166682 -0.460146 -0.866651
    4 5.046457 0.000000 0.000000 0.020201 -0.027646 -0.420465
    5 -3.455587 0.000000 0.000000 -0.311432 -0.441796 -2.392150
    6 16.572346 0.000000 0.000000 0.024345 -0.053529 1.789543
    7 16.265831 0.000000 0.000000 -0.036869 -0.003613 -1.010039
    8 5.046457 0.000000 0.000000 -0.111806 0.023849 -0.399195
    9 0.000000 3.703728 0.293189 1.512642 0.018227 1.576473
    10 3.307846 0.000000 0.000000 -0.018164 0.033105 -0.084508
    11 3.297962 0.000000 0.000000 -0.086812 0.288169 -0.345392
    12 6.040985 0.000000 0.000000 0.016278 -0.096135 0.211886
    13 5.065758 0.000000 0.000000 2.750440 -0.101851 0.332502
    14 3.993755 0.000000 0.000000 -0.131825 -0.415731 0.230734
    15 3.815876 1.385489 1.500000 0.055494 -0.936649 -1.507706
    16 4.327093 0.000004 0.000000 -1.035304 -0.155440 -0.483036
    17 11.105114 0.000000 0.000000 -0.021444 -0.008842 -0.558362
    18 9.862099 -0.000011 -0.000031 2.687728 -0.450636 -0.504082
    19 2.641094 0.214619 -1.073586 0.204923 0.143299 -0.226648
    20 1.361605 -0.000002 0.000000 0.011394 0.016627 -0.599881
    21 0.779602 0.000002 0.000000 -0.054450 -0.175357 -0.302876
    22 2.908712 0.221762 -0.431868 0.197828 0.103894 -0.292786
    23 1.597527 0.000001 0.000000 -0.051956 -0.088303 -0.532546
    24 0.912680 0.000001 0.000000 0.002385 0.009683 -0.242644
    25 3.265450 0.050007 0.415744 0.187209 0.067909 -0.258128
    26 1.860470 0.000000 0.000000 -0.042091 -0.053928 -0.662606
    27 1.061481 -0.000001 0.000000 0.001830 0.012006 -0.156488
    28 3.340382 -0.242393 1.285012 0.180672 0.034142 -0.204037
    29 1.628906 -0.000005 0.000006 0.051292 0.063997 -0.676366
    30 0.904888 0.000001 0.000000 0.001263 0.038530 -0.033046
    31 1.219385 -1.063860 0.837143 1.693884 -0.344469 -0.124089
    32 1.496971 -0.000002 -0.000001 0.000014 -0.188062 -0.185216
    33 1.100086 0.000000 0.000000 -0.000007 -0.040598 0.196316
    34 3.815876 1.385489 -1.500000 1.763194 1.235564 -0.054158
    35 4.327089 -0.000004 0.000000 2.286700 -0.353653 -1.007940
    36 11.105106 0.000000 0.000004 0.041928 0.021363 -1.326364
    37 9.862080 -0.000007 0.000017 -1.394054 -0.594744 0.140597
    38 2.641111 0.211586 1.074188 -0.201327 -0.143306 -0.226689
    39 1.361601 0.000000 0.000000 -0.011394 -0.016627 -0.599881
    40 0.779604 0.000001 0.000000 0.054450 0.175357 -0.302876
    41 2.908730 0.220541 0.432493 -0.194226 -0.103877 -0.292835
    42 1.597527 0.000000 0.000000 0.051956 0.088303 -0.532546
    43 0.912678 0.000000 0.000000 -0.002385 -0.009683 -0.242644
    44 3.265471 0.051184 -0.415600 -0.183626 -0.067869 -0.258123
    45 1.860470 0.000000 0.000000 0.042091 0.053928 -0.662606
    46 1.061485 0.000000 0.000000 -0.001830 -0.012006 -0.156488
    47 3.340403 -0.238762 -1.285691 -0.177006 -0.034199 -0.204061
    48 1.550755 0.000000 0.000000 -0.051292 -0.063997 -0.676366
    49 0.904886 0.000001 0.000000 -0.001263 -0.038530 -0.033046
    50 1.219410 -1.061498 -0.840143 -1.690135 0.344972 -0.122837
    51 1.496971 0.000002 0.000000 -0.000014 0.188062 -0.185216
    52 1.100088 0.000000 0.000000 0.000007 0.040598 0.196316
    53 0.000000 -0.000007 -0.000031 1.373047 0.113574 0.124314
    54 0.000000 0.000000 0.000000 -0.077030 -0.068757 -1.299215
    55 7.054213 0.000000 0.000000 0.000000 0.000000 0.000000
    56 0.000000 -0.000007 -0.000031 1.373047 0.113574 0.124314
    57 0.000000 -0.000007 -0.000031 1.373047 0.113574 0.124314
    58 2.856947 -1.536175 -0.973780 -1.501147 -0.272558 -1.578261
    59 0.000000 0.000000 10.000000 0.000000 0.000000 0.000000
    60 2.856899 -1.536201 -0.973800 -1.501147 -0.272558 -1.578261
    61 2.000000 -3.000000 0.000000 -1.570796 0.000000 -1.326450
    62 0.018896 0.665159 9.395880 0.000000 0.000000 0.000000
    63 3.028210 -0.923409 -2.009452 1.574082 -0.012974 1.587244
    64 0.116954 4.311606 0.061861 0.000010 0.000000 0.000000
    65 0.000000 -0.000002 0.000000 0.000000 0.000000 0.000000
    66 0.000000 1.000000 0.000010 0.000000 0.000000 0.000000
    67 -0.000001 0.000000 0.000000 0.000000 0.000000 0.000000
    68 -0.000001 0.000000 0.000000 0.000000 0.000000 0.000000
    69 -0.000001 0.000000 0.000000 0.000000 0.000000 0.000000
time 9
    0 1.524414 3.300781 3.798828 0.187331 -0.194621 -0.036853
    1 3.455587 0.000000 0.000000 -1.959670 -0.311675 -1.296323
    2 16.572346 0.000000 0.000000 -0.003409 0.008045 0.516951
    3 16.265829 0.000000 0.000000 -0.153859 -0.454561 -0.871694
    4 5.046457 0.000000 0.000000 0.020201 -0.027646 -0.420465
    5 -3.455587 0.000000 0.000000 -0.304778 -0.447198 -2.394537
    6 16.572346 0.000000 0.000000 0.025325 -0.054531 1.787811
    7 16.265831 0.000000 0.000000 -0.039972 -0.004260 -1.010844
    8 5.046457 0.000000 0.000000 -0.111806 0.023849 -0.399195
    9 0.000000 3.703728 0.293189 1.510273 0.009491 1.573004
    10 3.307846 0.000000 0.000000 -0.018517 0.032909 -0.095662
    11 3.297962 0.000000 0.000000 -0.093171 0.286645 -0.367434
    12 6.040985 0.000000 0.000000 0.018428 -0.089238 0.199304
    13 5.065758 0.000000 0.000000 2.751812 -0.104732 0.369246
    14 3.993755 0.000000 0.000000 -0.131825 -0.415731 0.230734
    15 3.815876 1.385489 1.500000 0.054976 -0.932208 -1.503933
    16 4.327093 0.000004 0.000000 -0.996256 -0.105833 -0.461476
    17 11.105114 0.000000 0.000000 -0.020085 -0.008166 -0.580859
    18 9.862099 -0.000011 -0.000031 2.665162 -0.472421 -0.557141
    19 2.641094 0.214619 -1.073586 0.204923 0.143299 -0.226648
    20 1.361605 -0.000002 0.000000 0.011394 0.016627 -0.599881
    21 0.779602 0.000002 0.000000 -0.054450 -0.175357 -0.302876
    22 2.908712 0.221762 -0.431868 0.197828 0.103894 -0.292786
    23 1.597527 0.000001 0.000000 -0.051956 -0.088303 -0.532546
    24 0.912680 0.000001 0.000000 0.002385 0.009683 -0.242644
    25 3.265450 0.050007 0.415744 0.187209 0.067909 -0.258128
    26 1.860470 0.000000 0.000000 -0.042091 -0.053928 -0.662606
    27 1.061481 -0.000001 0.000000 0.001830 0.012006 -0.156488
    28 3.340382 -0.242393 1.285012 0.180672 0.034142 -0.204037
    29 1.628906 -0.000005 0.000006 0.051292 0.063997 -0.676366
    30 0.904888 0.000001 0.000000 0.001263 0.038530 -0.033046
    31 1.219385 -1.063860 0.837143 1.693884 -0.344469 -0.124089
    32 1.496971 -0.000002 -0.000001 0.000014 -0.188062 -0.185216
    33 1.100086 0.000000 0.000000 -0.000007 -0.040598 0.196316
    34 3.815876 1.385489 -1.500000 1.770883 1.229293 -0.041703
    35 4.327089 -0.000004 0.000000 2.282006 -0.348959 -1.013188
    36 11.105106 0.000000 0.000004 0.042367 0.020976 -1.312709
    37 9.862080 -0.000007 0.000017 -1.377243 -0.636084 0.089519
    38 2.641111 0.211586 1.074188 -0.201327 -0.143306 -0.226689
    39 1.361601 0.000000 0.000000 -0.011394 -0.016627 -0.599881
    40 0.779604 0.000001 0.000000 0.054450 0.175357 -0.302876
    41 2.908730 0.220541 0.432493 -0.194226 -0.103877 -0.292835
    42 1.597527 0.000000 0.000000 0.051956 0.088303 -0.532546
    43 0.912678 0.000000 0.000000 -0.002385 -0.009683 -0.242644
    44 3.265471 0.051184 -0.415600 -0.183626 -0.067869 -0.258123
    45 1.860470 0.000000 0.000000 0.042091 0.053928 -0.662606
    46 1.061485 0.000000 0.000000 -0.001830 -0.012006 -0.156488
    47 3.340403 -0.238762 -1.285691 -0.177006 -0.034199 -0.204061
    48 1.550755 0.000000 0.000000 -0.051292 -0.063997 -0.676366
    49 0.904886 0.000001 0.000000 -0.001263 -0.038530 -0.033046
    50 1.219410 -1.061498 -0.840143 -1.690135 0.344972 -0.122837
    51 1.496971 0.000002 0.000000 -0.000014 0.188062 -0.185216
    52 1.100088 0.000000 0.000000 0.000007 0.040598 0.196316
    53 0.000000 -0.000007 -0.000031 1.373047 0.113574 0.124314
    54 0.000000 0.000000 0.000000 -0.077030 -0.068757 -1.299215
    55 7.054213 0.000000 0.000000 0.000000 0.000000 0.000000
    56 0.000000 -0.000007 -0.000031 1.373047 0.113574 0.124314
    57 0.000000 -0.000007 -0.000031 1.373047 0.113574 0.124314
    58 2.856947 -1.536175 -0.973780 -1.501147 -0.272558 -1.578261
    59 0.000000 0.000000 10.000000 0.000000 0.000000 0.000000
    60 2.856899 -1.536201 -0.973800 -1.501147 -0.272558 -1.578261
    61 2.000000 -3.000000 0.000000 -1.570796 0.000000 -1.326450
    62 0.018896 0.665159 9.395880 0.000000 0.000000 0.000000
    63 3.028210 -0.923409 -2.009452 1.574082 -0.012974 1.587244
    64 0.116954 4.311606 0.061861 0.000010 0.000000 0.000000
    65 0.000000 -0.000002 0.000000 0.000000 0.000000 0.000000
    66 0.000000 1.000000 0.000010 0.000000 0.000000 0.000000
    67 -0.000001 0.000000 0.000000 0.000000 0.000000 0.000000
    68 -0.000001 0.000000 0.000000 0.000000 0.000000 0.000000
    69 -0.000001 0.000000 0.000000 0.000000 0.000000 0.000000
time 10
    0 1.501953 3.312500 3.835938 0.202160 -0.194952 -0.036540
    1 3.455587 0.000000 0.000000 -1.978045 -0.321306 -1.292552
    2 16.572346 0.000000 0.000000 -0.003506 0.008415 0.512576
    3 16.265829 0.000000 0.000000 -0.141666 -0.446134 -0.875780
    4 5.046457 0.000000 0.000000 0.020201 -0.027646 -0.420465
    5 -3.455587 0.000000 0.000000 -0.294016 -0.454570 -2.398885
    6 16.572346 0.000000 0.000000 0.026211 -0.055599 1.787076
    7 16.265831 0.000000 0.000000 -0.042648 -0.006753 -1.011905
    8 5.046457 0.000000 0.000000 -0.111806 0.023849 -0.399195
    9 0.000000 3.703728 0.293189 1.506646 -0.004697 1.569826
    10 3.307846 0.000000 0.000000 -0.019149 0.032548 -0.113739
    11 3.297962 0.000000 0.000000 -0.103555 0.284109 -0.403210
    12 6.040985 0.000000 0.000000 0.021788 -0.078077 0.179010
    13 5.065758 0.000000 0.000000 2.752520 -0.111396 0.428876
    14 3.993755 0.000000 0.000000 -0.131825 -0.415731 0.230734
    15 3.815876 1.385489 1.500000 0.052565 -0.928857 -1.498299
    16 4.327093 0.000004 0.000000 -0.923517 -0.046373 -0.433586
    17 11.105114 0.000000 0.000000 -0.018166 -0.007323 -0.589885
    18 9.862099 -0.000011 -0.000031 2.628504 -0.505590 -0.638313
    19 2.641094 0.214619 -1.073586 0.204923 0.143299 -0.226648
    20 1.361605 -0.000002 0.000000 0.011394 0.016627 -0.599881
    21 0.779602 0.000002 0.000000 -0.054450 -0.175357 -0.302876
    22 2.908712 0.221762 -0.431868 0.197828 0.103894 -0.292786
    23 1.597527 0.000001 0.000000 -0.051956 -0.088303 -0.532546
    24 0.912680 0.000001 0.000000 0.002385 0.009683 -0.242644
    25 3.265450 0.050007 0.415744 0.187209 0.067909 -0.258128
    26 1.860470 0.000000 0.000000 -0.042091 -0.053928 -0.662606
    27 1.061481 -0.000001 0.000000 0.001830 0.012006 -0.156488
    28 3.340382 -0.242393 1.285012 0.180672 0.034142 -0.204037
    29 1.628906 -0.000005 0.000006 0.051292 0.063997 -0.676366
    30 0.904888 0.000001 0.000000 0.001263 0.038530 -0.033046
    31 1.219385 -1.063860 0.837143 1.693884 -0.344469 -0.124089
    32 1.496971 -0.000002 -0.000001 0.000014 -0.188062 -0.185216
    33 1.100086 0.000000 0.000000 -0.000007 -0.040598 0.196316
    34 3.815876 1.385489 -1.500000 1.777751 1.223444 -0.030412
    35 4.327089 -0.000004 0.000000 2.278774 -0.342522 -1.016248
    36 11.105106 0.000000 0.000004 0.043524 0.020728 -1.292736
    37 9.862080 -0.000007 0.000017 -1.428388 -0.681822 0.084786
    38 2.641111 0.211586 1.074188 -0.201327 -0.143306 -0.226689
    39 1.361601 0.000000 0.000000 -0.011394 -0.016627 -0.599881
    40 0.779604 0.000001 0.000000 0.054450 0.175357 -0.302876
    41 2.908730 0.220541 0.432493 -0.194226 -0.103877 -0.292835
    42 1.597527 0.000000 0.000000 0.051956 0.088303 -0.532546
    43 0.912678 0.000000 0.000000 -0.002385 -0.009683 -0.242644
    44 3.265471 0.051184 -0.415600 -0.183626 -0.067869 -0.258123
    45 1.860470 0.000000 0.000000 0.042091 0.053928 -0.662606
    46 1.061485 0.000000 0.000000 -0.001830 -0.012006 -0.156488
    47 3.340403 -0.238762 -1.285691 -0.177006 -0.034199 -0.204061
    48 1.550755 0.000000 0.000000 -0.051292 -0.063997 -0.676366
    49 0.904886 0.000001 0.000000 -0.001263 -0.038530 -0.033046
    50 1.219410 -1.061498 -0.840143 -1.690135 0.344972 -0.122837
    51 1.496971 0.000002 0.000000 -0.000014 0.188062 -0.185216
    52 1.100088 0.000000 0.000000 0.000007 0.040598 0.196316
    53 0.000000 -0.000007 -0.000031 1.373047 0.113574 0.124314
    54 0.000000 0.000000 0.000000 -0.077030 -0.068757 -1.299215
    55 7.054213 0.000000 0.000000 0.000000 0.000000 0.000000
    56 0.000000 -0.000007 -0.000031 1.373047 0.113574 0.124314
    57 0.000000 -0.000007 -0.000031 1.373047 0.113574 0.124314
    58 2.856947 -1.536175 -0.973780 -1.501147 -0.272558 -1.578261
    59 0.000000 0.000000 10.000000 0.000000 0.000000 0.000000
    60 2.856899 -1.536201 -0.973800 -1.501147 -0.272558 -1.578261
    61 2.000000 -3.000000 0.000000 -1.570796 0.000000 -1.326450
    62 0.018896 0.665159 9.395880 0.000000 0.000000 0.000000
    63 3.028210 -0.923409 -2.009452 1.574082 -0.012974 1.587244
    64 0.116954 4.311606 0.061861 0.000010 0.000000 0.000000
    65 0.000000 -0.000002 0.000000 0.000000 0.000000 0.000000
    66 0.000000 1.000000 0.000010 0.000000 0.000000 0.000000
    67 -0.000001 0.000000 0.000000 0.000000 0.000000 0.000000
    68 -0.000001 0.000000 0.000000 0.000000 0.000000 0.000000
    69 -0.000001 0.000000 0.000000 0.000000 0.000000 0.000000
time 11
    0 1.497070 3.316406 3.857422 0.205312 -0.195234 -0.036540
    1 3.455587 0.000000 0.000000 -1.993334 -0.321276 -1.289333
    2 16.572346 0.000000 0.000000 -0.003533 0.008684 0.510613
    3 16.265829 0.000000 0.000000 -0.130092 -0.435958 -0.880106
    4 5.046457 0.000000 0.000000 0.020201 -0.027646 -0.420465
    5 -3.455587 0.000000 0.000000 -0.291571 -0.455527 -2.400212
    6 16.572346 0.000000 0.000000 0.026184 -0.055612 1.788073
    7 16.265831 0.000000 0.000000 -0.041978 -0.007960 -1.011876
    8 5.046457 0.000000 0.000000 -0.111806 0.023849 -0.399195
    9 0.000000 3.703728 0.293189 1.505907 -0.007795 1.569116
    10 3.307846 0.000000 0.000000 -0.019298 0.032506 -0.117633
    11 3.297962 0.000000 0.000000 -0.105766 0.283584 -0.410806
    12 6.040985 0.000000 0.000000 0.022511 -0.075650 0.174665
    13 5.065758 0.000000 0.000000 2.752680 -0.112583 0.441712
    14 3.993755 0.000000 0.000000 -0.131825 -0.415731 0.230734
    15 3.815876 1.385489 1.500000 0.050173 -0.925703 -1.492803
    16 4.327093 0.000004 0.000000 -0.835179 -0.030547 -0.431863
    17 11.105114 0.000000 0.000000 -0.016604 -0.006645 -0.548514
    18 9.862099 -0.000011 -0.000031 2.558485 -0.574769 -0.697924
    19 2.641094 0.214619 -1.073586 0.204923 0.143299 -0.226648
    20 1.361605 -0.000002 0.000000 0.011394 0.016627 -0.599881
    21 0.779602 0.000002 0.000000 -0.054450 -0.175357 -0.302876
    22 2.908712 0.221762 -0.431868 0.197828 0.103894 -0.292786
    23 1.597527 0.000001 0.000000 -0.051956 -0.088303 -0.532546
    24 0.912680 0.000001 0.000000 0.002385 0.009683 -0.242644
    25 3.265450 0.050007 0.415744 0.187209 0.067909 -0.258128
    26 1.860470 0.000000 0.000000 -0.042091 -0.053928 -0.662606
    27 1.061481 -0.000001 0.000000 0.001830 0.012006 -0.156488
    28 3.340382 -0.242393 1.285012 0.180672 0.034142 -0.204037
    29 1.628906 -0.000005 0.000006 0.051292 0.063997 -0.676366
    30 0.904888 0.000001 0.000000 0.001263 0.038530 -0.033046
    31 1.219385 -1.063860 0.837143 1.693884 -0.344469 -0.124089
    32 1.496971 -0.000002 -0.000001 0.000014 -0.188062 -0.185216
    33 1.100086 0.000000 0.000000 -0.000007 -0.040598 0.196316
    34 3.815876 1.385489 -1.500000 1.783454 1.218099 -0.020569
    35 4.327089 -0.000004 0.000000 2.286218 -0.337153 -1.021666
    36 11.105106 0.000000 0.000004 0.044124 0.020368 -1.276351
    37 9.862080 -0.000007 0.000017 -1.492699 -0.696879 0.099144
    38 2.641111 0.211586 1.074188 -0.201327 -0.143306 -0.226689
    39 1.361601 0.000000 0.000000 -0.011394 -0.016627 -0.599881
    40 0.779604 0.000001 0.000000 0.054450 0.175357 -0.302876
    41 2.908730 0.220541 0.432493 -0.194226 -0.103877 -0.292835
    42 1.597527 0.000000 0.000000 0.051956 0.088303 -0.532546
    43 0.912678 0.000000 0.000000 -0.002385 -0.009683 -0.242644
    44 3.265471 0.051184 -0.415600 -0.183626 -0.067869 -0.258123
    45 1.860470 0.000000 0.000000 0.042091 0.053928 -0.662606
    46 1.061485 0.000000 0.000000 -0.001830 -0.012006 -0.156488
    47 3.340403 -0.238762 -1.285691 -0.177006 -0.034199 -0.204061
    48 1.550755 0.000000 0.000000 -0.051292 -0.063997 -0.676366
    49 0.904886 0.000001 0.000000 -0.001263 -0.038530 -0.033046
    50 1.219410 -1.061498 -0.840143 -1.690135 0.344972 -0.122837
    51 1.496971 0.000002 0.000000 -0.000014 0.188062 -0.185216
    52 1.100088 0.000000 0.000000 0.000007 0.040598 0.196316
    53 0.000000 -0.000007 -0.000031 1.373047 0.113574 0.124314
    54 0.000000 0.000000 0.000000 -0.077030 -0.068757 -1.299215
    55 7.054213 0.000000 0.000000 0.000000 0.000000 0.000000
    56 0.000000 -0.000007 -0.000031 1.373047 0.113574 0.124314
    57 0.000000 -0.000007 -0.000031 1.373047 0.113574 0.124314
    58 2.856947 -1.536175 -0.973780 -1.501147 -0.272558 -1.578261
    59 0.000000 0.000000 10.000000 0.000000 0.000000 0.000000
    60 2.856899 -1.536201 -0.973800 -1.501147 -0.272558 -1.578261
    61 2.000000 -3.000000 0.000000 -1.570796 0.000000 -1.326450
    62 0.018896 0.665159 9.395880 0.000000 0.000000 0.000000
    63 3.028210 -0.923409 -2.009452 1.574082 -0.012974 1.587244
    64 0.116954 4.311606 0.061861 0.000010 0.000000 0.000000
    65 0.000000 -0.000002 0.000000 0.000000 0.000000 0.000000
    66 0.000000 1.000000 0.000010 0.000000 0.000000 0.000000
    67 -0.000001 0.000000 0.000000 0.000000 0.000000 0.000000
    68 -0.000001 0.000000 0.000000 0.000000 0.000000 0.000000
    69 -0.000001 0.000000 0.000000 0.000000 0.000000 0.000000
time 12
    0 1.497070 3.316406 3.857422 0.205391 -0.195406 -0.036664
    1 3.455587 0.000000 0.000000 -2.007707 -0.319055 -1.286175
    2 16.572346 0.000000 0.000000 -0.003662 0.008892 0.509185
    3 16.265829 0.000000 0.000000 -0.119358 -0.424392 -0.883252
    4 5.046457 0.000000 0.000000 0.020201 -0.027646 -0.420465
    5 -3.455587 0.000000 0.000000 -0.290838 -0.455254 -2.401053
    6 16.572346 0.000000 0.000000 0.026170 -0.055711 1.790506
    7 16.265831 0.000000 0.000000 -0.040103 -0.008487 -1.011261
    8 5.046457 0.000000 0.000000 -0.111806 0.023849 -0.399195
    9 0.000000 3.703728 0.293189 1.506073 -0.007712 1.569205
    10 3.307846 0.000000 0.000000 -0.019298 0.032506 -0.117633
    11 3.297962 0.000000 0.000000 -0.105766 0.283584 -0.410806
    12 6.040985 0.000000 0.000000 0.022511 -0.075650 0.174665
    13 5.065758 0.000000 0.000000 2.752852 -0.112621 0.441703
    14 3.993755 0.000000 0.000000 -0.131825 -0.415731 0.230734
    15 3.815876 1.385489 1.500000 0.047792 -0.922746 -1.487437
    16 4.327093 0.000004 0.000000 -0.726818 -0.031824 -0.445497
    17 11.105114 0.000000 0.000000 -0.015385 -0.006145 -0.477651
    18 9.862099 -0.000011 -0.000031 2.421401 -0.648079 -0.667394
    19 2.641094 0.214619 -1.073586 0.204923 0.143299 -0.226648
    20 1.361605 -0.000002 0.000000 0.011394 0.016627 -0.599881
    21 0.779602 0.000002 0.000000 -0.054450 -0.175357 -0.302876
    22 2.908712 0.221762 -0.431868 0.197828 0.103894 -0.292786
    23 1.597527 0.000001 0.000000 -0.051956 -0.088303 -0.532546
    24 0.912680 0.000001 0.000000 0.002385 0.009683 -0.242644
    25 3.265450 0.050007 0.415744 0.187209 0.067909 -0.258128
    26 1.860470 0.000000 0.000000 -0.042091 -0.053928 -0.662606
    27 1.061481 -0.000001 0.000000 0.001830 0.012006 -0.156488
    28 3.340382 -0.242393 1.285012 0.180672 0.034142 -0.204037
    29 1.628906 -0.000005 0.000006 0.051292 0.063997 -0.676366
    30 0.904888 0.000001 0.000000 0.001263 0.038530 -0.033046
    31 1.219385 -1.063860 0.837143 1.693884 -0.344469 -0.124089
    32 1.496971 -0.000002 -0.000001 0.000014 -0.188062 -0.185216
    33 1.100086 0.000000 0.000000 -0.000007 -0.040598 0.196316
    34 3.815876 1.385489 -1.500000 1.788580 1.213196 -0.011820
    35 4.327089 -0.000004 0.000000 2.297091 -0.330491 -1.027095
    36 11.105106 0.000000 0.000004 0.044161 0.019598 -1.260174
    37 9.862080 -0.000007 0.000017 -1.576008 -0.676002 0.147866
    38 2.641111 0.211586 1.074188 -0.201327 -0.143306 -0.226689
    39 1.361601 0.000000 0.000000 -0.011394 -0.016627 -0.599881
    40 0.779604 0.000001 0.000000 0.054450 0.175357 -0.302876
    41 2.908730 0.220541 0.432493 -0.194226 -0.103877 -0.292835
    42 1.597527 0.000000 0.000000 0.051956 0.088303 -0.532546
    43 0.912678 0.000000 0.000000 -0.002385 -0.009683 -0.242644
    44 3.265471 0.051184 -0.415600 -0.183626 -0.067869 -0.258123
    45 1.860470 0.000000 0.000000 0.042091 0.053928 -0.662606
    46 1.061485 0.000000 0.000000 -0.001830 -0.012006 -0.156488
    47 3.340403 -0.238762 -1.285691 -0.177006 -0.034199 -0.204061
    48 1.550755 0.000000 0.000000 -0.051292 -0.063997 -0.676366
    49 0.904886 0.000001 0.000000 -0.001263 -0.038530 -0.033046
    50 1.219410 -1.061498 -0.840143 -1.690135 0.344972 -0.122837
    51 1.496971 0.000002 0.000000 -0.000014 0.188062 -0.185216
    52 1.100088 0.000000 0.000000 0.000007 0.040598 0.196316
    53 0.000000 -0.000007 -0.000031 1.373047 0.113574 0.124314
    54 0.000000 0.000000 0.000000 -0.077030 -0.068757 -1.299215
    55 7.054213 0.000000 0.000000 0.000000 0.000000 0.000000
    56 0.000000 -0.000007 -0.000031 1.373047 0.113574 0.124314
    57 0.000000 -0.000007 -0.000031 1.373047 0.113574 0.124314
    58 2.856947 -1.536175 -0.973780 -1.501147 -0.272558 -1.578261
    59 0.000000 0.000000 10.000000 0.000000 0.000000 0.000000
    60 2.856899 -1.536201 -0.973800 -1.501147 -0.272558 -1.578261
    61 2.000000 -3.000000 0.000000 -1.570796 0.000000 -1.326450
    62 0.018896 0.665159 9.395880 0.000000 0.000000 0.000000
    63 3.028210 -0.923409 -2.009452 1.574082 -0.012974 1.587244
    64 0.116954 4.311606 0.061861 0.000010 0.000000 0.000000
    65 0.000000 -0.000002 0.000000 0.000000 0.000000 0.000000
    66 0.000000 1.000000 0.000010 0.000000 0.000000 0.000000
    67 -0.000001 0.000000 0.000000 0.000000 0.000000 0.000000
    68 -0.000001 0.000000 0.000000 0.000000 0.000000 0.000000
    69 -0.000001 0.000000 0.000000 0.000000 0.000000 0.000000
time 13
    0 1.501953 3.312500 3.835938 0.202349 -0.195518 -0.037033
    1 3.455587 0.000000 0.000000 -2.021234 -0.314762 -1.283026
    2 16.572346 0.000000 0.000000 -0.003768 0.009185 0.508292
    3 16.265829 0.000000 0.000000 -0.109285 -0.411383 -0.885249
    4 5.046457 0.000000 0.000000 0.020201 -0.027646 -0.420465
    5 -3.455587 0.000000 0.000000 -0.291925 -0.453816 -2.401459
    6 16.572346 0.000000 0.000000 0.026173 -0.055895 1.794258
    7 16.265831 0.000000 0.000000 -0.037139 -0.008299 -1.009962
    8 5.046457 0.000000 0.000000 -0.111806 0.023849 -0.399195
    9 0.000000 3.703728 0.293189 1.507230 -0.004529 1.570270
    10 3.307846 0.000000 0.000000 -0.019147 0.032549 -0.113652
    11 3.297962 0.000000 0.000000 -0.103542 0.284113 -0.403119
    12 6.040985 0.000000 0.000000 0.021788 -0.078077 0.179010
    13 5.065758 0.000000 0.000000 2.753128 -0.111544 0.428757
    14 3.993755 0.000000 0.000000 -0.131825 -0.415731 0.230734
    15 3.815876 1.385489 1.500000 0.045371 -0.919790 -1.481950
    16 4.327093 0.000004 0.000000 -0.600142 -0.057874 -0.472610
    17 11.105114 0.000000 0.000000 -0.017948 -0.006946 -0.414081
    18 9.862099 -0.000011 -0.000031 2.100054 -0.505666 -0.404467
    19 2.641094 0.214619 -1.073586 0.204923 0.143299 -0.226648
    20 1.361605 -0.000002 0.000000 0.011394 0.016627 -0.599881
    21 0.779602 0.000002 0.000000 -0.054450 -0.175357 -0.302876
    22 2.908712 0.221762 -0.431868 0.197828 0.103894 -0.292786
    23 1.597527 0.000001 0.000000 -0.051956 -0.088303 -0.532546
    24 0.912680 0.000001 0.000000 0.002385 0.009683 -0.242644
    25 3.265450 0.050007 0.415744 0.187209 0.067909 -0.258128
    26 1.860470 0.000000 0.000000 -0.042091 -0.053928 -0.662606
    27 1.061481 -0.000001 0.000000 0.001830 0.012006 -0.156488
    28 3.340382 -0.242393 1.285012 0.180672 0.034142 -0.204037
    29 1.628906 -0.000005 0.000006 0.051292 0.063997 -0.676366
    30 0.904888 0.000001 0.000000 0.001263 0.038530 -0.033046
    31 1.219385 -1.063860 0.837143 1.693884 -0.344469 -0.124089
    32 1.496971 -0.000002 -0.000001 0.000014 -0.188062 -0.185216
    33 1.100086 0.000000 0.000000 -0.000007 -0.040598 0.196316
    34 3.815876 1.385489 -1.500000 1.792769 1.208866 -0.004231
    35 4.327089 -0.000004 0.000000 2.310695 -0.322630 -1.032534
    36 11.105106 0.000000 0.000004 0.043589 0.018632 -1.244729
    37 9.862080 -0.000007 0.000017 -1.674962 -0.589923 0.245168
    38 2.641111 0.211586 1.074188 -0.201327 -0.143306 -0.226689
    39 1.361601 0.000000 0.000000 -0.011394 -0.016627 -0.599881
    40 0.779604 0.000001 0.000000 0.054450 0.175357 -0.302876
    41 2.908730 0.220541 0.432493 -0.194226 -0.103877 -0.292835
    42 1.597527 0.000000 0.000000 0.051956 0.088303 -0.532546
    43 0.912678 0.000000 0.000000 -0.002385 -0.009683 -0.242644
    44 3.265471 0.051184 -0.415600 -0.183626 -0.067869 -0.258123
    45 1.860470 0.000000 0.000000 0.042091 0.053928 -0.662606
    46 1.061485 0.000000 0.000000 -0.001830 -0.012006 -0.156488
    47 3.340403 -0.238762 -1.285691 -0.177006 -0.034199 -0.204061
    48 1.550755 0.000000 0.000000 -0.051292 -0.063997 -0.676366
    49 0.904886 0.000001 0.000000 -0.001263 -0.038530 -0.033046
    50 1.219410 -1.061498 -0.840143 -1.690135 0.344972 -0.122837
    51 1.496971 0.000002 0.000000 -0.000014 0.188062 -0.185216
    52 1.100088 0.000000 0.000000 0.000007 0.040598 0.196316
    53 0.000000 -0.000007 -0.000031 1.373047 0.113574 0.124314
    54 0.000000 0.000000 0.000000 -0.077030 -0.068757 -1.299215
    55 7.054213 0.000000 0.000000 0.000000 0.000000 0.000000
    56 0.000000 -0.000007 -0.000031 1.373047 0.113574 0.124314
    57 0.000000 -0.000007 -0.000031 1.373047 0.113574 0.124314
    58 2.856947 -1.536175 -0.973780 -1.501147 -0.272558 -1.578261
    59 0.000000 0.000000 10.000000 0.000000 0.000000 0.000000
    60 2.856899 -1.536201 -0.973800 -1.501147 -0.272558 -1.578261
    61 2.000000 -3.000000 0.000000 -1.570796 0.000000 -1.326450
    62 0.018896 0.665159 9.395880 0.000000 0.000000 0.000000
    63 3.028210 -0.923409 -2.009452 1.574082 -0.012974 1.587244
    64 0.116954 4.311606 0.061861 0.000010 0.000000 0.000000
    65 0.000000 -0.000002 0.000000 0.000000 0.000000 0.000000
    66 0.000000 1.000000 0.000010 0.000000 0.000000 0.000000
    67 -0.000001 0.000000 0.000000 0.000000 0.000000 0.000000
    68 -0.000001 0.000000 0.000000 0.000000 0.000000 0.000000
    69 -0.000001 0.000000 0.000000 0.000000 0.000000 0.000000
time 14
    0 1.515625 3.306641 3.798828 0.193648 -0.195673 -0.037502
    1 3.455587 0.000000 0.000000 -2.032714 -0.305954 -1.280120
    2 16.572346 0.000000 0.000000 -0.003891 0.009396 0.508559
    3 16.265829 0.000000 0.000000 -0.099943 -0.397372 -0.886701
    4 5.046457 0.000000 0.000000 0.020201 -0.027646 -0.420465
    5 -3.455587 0.000000 0.000000 -0.296827 -0.449470 -2.400519
    6 16.572346 0.000000 0.000000 0.025805 -0.055811 1.799242
    7 16.265831 0.000000 0.000000 -0.032390 -0.007413 -1.007976
    8 5.046457 0.000000 0.000000 -0.111806 0.023849 -0.399195
    9 0.000000 3.703728 0.293189 1.509744 0.004029 1.572215
    10 3.307846 0.000000 0.000000 -0.018803 0.032747 -0.102840
    11 3.297962 0.000000 0.000000 -0.097371 0.285585 -0.381754
    12 6.040985 0.000000 0.000000 0.019733 -0.084739 0.191197
    13 5.065758 0.000000 0.000000 2.753194 -0.107538 0.393074
    14 3.993755 0.000000 0.000000 -0.131825 -0.415731 0.230734
    15 3.815876 1.385489 1.500000 0.042931 -0.916958 -1.476667
    16 4.327093 0.000004 0.000000 -0.475835 -0.111194 -0.521983
    17 11.105114 0.000000 0.000000 -0.025216 -0.007766 -0.334974
    18 9.862099 -0.000011 -0.000031 1.988478 -0.278775 -0.183538
    19 2.641094 0.214619 -1.073586 0.204923 0.143299 -0.226648
    20 1.361605 -0.000002 0.000000 0.011394 0.016627 -0.599881
    21 0.779602 0.000002 0.000000 -0.054450 -0.175357 -0.302876
    22 2.908712 0.221762 -0.431868 0.197828 0.103894 -0.292786
    23 1.597527 0.000001 0.000000 -0.051956 -0.088303 -0.532546
    24 0.912680 0.000001 0.000000 0.002385 0.009683 -0.242644
    25 3.265450 0.050007 0.415744 0.187209 0.067909 -0.258128
    26 1.860470 0.000000 0.000000 -0.042091 -0.053928 -0.662606
    27 1.061481 -0.000001 0.000000 0.001830 0.012006 -0.156488
    28 3.340382 -0.242393 1.285012 0.180672 0.034142 -0.204037
    29 1.628906 -0.000005 0.000006 0.051292 0.063997 -0.676366
    30 0.904888 0.000001 0.000000 0.001263 0.038530 -0.033046
    31 1.219385 -1.063860 0.837143 1.693884 -0.344469 -0.124089
    32 1.496971 -0.000002 -0.000001 0.000014 -0.188062 -0.185216
    33 1.100086 0.000000 0.000000 -0.000007 -0.040598 0.196316
    34 3.815876 1.385489 -1.500000 1.796446 1.204898 0.002409
    35 4.327089 -0.000004 0.000000 2.328376 -0.315822 -1.038056
    36 11.105106 0.000000 0.000004 0.042574 0.017567 -1.232542
    37 9.862080 -0.000007 0.000017 -1.734669 -0.445787 0.353874
    38 2.641111 0.211586 1.074188 -0.201327 -0.143306 -0.226689
    39 1.361601 0.000000 0.000000 -0.011394 -0.016627 -0.599881
    40 0.779604 0.000001 0.000000 0.054450 0.175357 -0.302876
    41 2.908730 0.220541 0.432493 -0.194226 -0.103877 -0.292835
    42 1.597527 0.000000 0.000000 0.051956 0.088303 -0.532546
    43 0.912678 0.000000 0.000000 -0.002385 -0.009683 -0.242644
    44 3.265471 0.051184 -0.415600 -0.183626 -0.067869 -0.258123
    45 1.860470 0.000000 0.000000 0.042091 0.053928 -0.662606
    46 1.061485 0.000000 0.000000 -0.001830 -0.012006 -0.156488
    47 3.340403 -0.238762 -1.285691 -0.177006 -0.034199 -0.204061
    48 1.550755 0.000000 0.000000 -0.051292 -0.063997 -0.676366
    49 0.904886 0.000001 0.000000 -0.001263 -0.038530 -0.033046
    50 1.219410 -1.061498 -0.840143 -1.690135 0.344972 -0.122837
    51 1.496971 0.000002 0.000000 -0.000014 0.188062 -0.185216
    52 1.100088 0.000000 0.000000 0.000007 0.040598 0.196316
    53 0.000000 -0.000007 -0.000031 1.373047 0.113574 0.124314
    54 0.000000 0.000000 0.000000 -0.077030 -0.068757 -1.299215
    55 7.054213 0.000000 0.000000 0.000000 0.000000 0.000000
    56 0.000000 -0.000007 -0.000031 1.373047 0.113574 0.124314
    57 0.000000 -0.000007 -0.000031 1.373047 0.113574 0.124314
    58 2.856947 -1.536175 -0.973780 -1.501147 -0.272558 -1.578261
    59 0.000000 0.000000 10.000000 0.000000 0.000000 0.000000
    60 2.856899 -1.536201 -0.973800 -1.501147 -0.272558 -1.578261
    61 2.000000 -3.000000 0.000000 -1.570796 0.000000 -1.326450
    62 0.018896 0.665159 9.395880 0.000000 0.000000 0.000000
    63 3.028210 -0.923409 -2.009452 1.574082 -0.012974 1.587244
    64 0.116954 4.311606 0.061861 0.000010 0.000000 0.000000
    65 0.000000 -0.000002 0.000000 0.000000 0.000000 0.000000
    66 0.000000 1.000000 0.000010 0.000000 0.000000 0.000000
    67 -0.000001 0.000000 0.000000 0.000000 0.000000 0.000000
    68 -0.000001 0.000000 0.000000 0.000000 0.000000 0.000000
    69 -0.000001 0.000000 0.000000 0.000000 0.000000 0.000000
time 15
    0 1.539063 3.294922 3.798828 0.178692 -0.195752 -0.038231
    1 3.455587 0.000000 0.000000 -2.041485 -0.290375 -1.278147
    2 16.572346 0.000000 0.000000 -0.003927 0.009586 0.509362
    3 16.265829 0.000000 0.000000 -0.091739 -0.382601 -0.888537
    4 5.046457 0.000000 0.000000 0.020201 -0.027646 -0.420465
    5 -3.455587 0.000000 0.000000 -0.306966 -0.440365 -2.397451
    6 16.572346 0.000000 0.000000 0.024253 -0.054122 1.804974
    7 16.265831 0.000000 0.000000 -0.025185 -0.007056 -1.005879
    8 5.046457 0.000000 0.000000 -0.111806 0.023849 -0.399195
    9 0.000000 3.703728 0.293189 1.513832 0.018537 1.577397
    10 3.307846 0.000000 0.000000 -0.018163 0.033106 -0.084422
    11 3.297962 0.000000 0.000000 -0.086799 0.288172 -0.345302
    12 6.040985 0.000000 0.000000 0.016269 -0.096221 0.211886
    13 5.065758 0.000000 0.000000 2.751717 -0.102253 0.332389
    14 3.993755 0.000000 0.000000 -0.131825 -0.415731 0.230734
    15 3.815876 1.385489 1.500000 0.040491 -0.914321 -1.471503
    16 4.327093 0.000004 0.000000 -0.345960 -0.209670 -0.692760
    17 11.105114 0.000000 0.000000 -0.032370 -0.000568 -0.019072
    18 9.862099 -0.000011 -0.000031 1.911496 -0.205303 -0.280216
    19 2.641094 0.214619 -1.073586 0.204923 0.143299 -0.226648
    20 1.361605 -0.000002 0.000000 0.011394 0.016627 -0.599881
    21 0.779602 0.000002 0.000000 -0.054450 -0.175357 -0.302876
    22 2.908712 0.221762 -0.431868 0.197828 0.103894 -0.292786
    23 1.597527 0.000001 0.000000 -0.051956 -0.088303 -0.532546
    24 0.912680 0.000001 0.000000 0.002385 0.009683 -0.242644
    25 3.265450 0.050007 0.415744 0.187209 0.067909 -0.258128
    26 1.860470 0.000000 0.000000 -0.042091 -0.053928 -0.662606
    27 1.061481 -0.000001 0.000000 0.001830 0.012006 -0.156488
    28 3.340382 -0.242393 1.285012 0.180672 0.034142 -0.204037
    29 1.628906 -0.000005 0.000006 0.051292 0.063997 -0.676366
    30 0.904888 0.000001 0.000000 0.001263 0.038530 -0.033046
    31 1.219385 -1.063860 0.837143 1.693884 -0.344469 -0.124089
    32 1.496971 -0.000002 -0.000001 0.000014 -0.188062 -0.185216
    33 1.100086 0.000000 0.000000 -0.000007 -0.040598 0.196316
    34 3.815876 1.385489 -1.500000 1.799572 1.201504 0.008185
    35 4.327089 -0.000004 0.000000 2.352685 -0.315544 -1.044801
    36 11.105106 0.000000 0.000004 0.042039 0.017437 -1.233917
    37 9.862080 -0.000007 0.000017 -1.722341 -0.309159 0.440507
    38 2.641111 0.211586 1.074188 -0.201327 -0.143306 -0.226689
    39 1.361601 0.000000 0.000000 -0.011394 -0.016627 -0.599881
    40 0.779604 0.000001 0.000000 0.054450 0.175357 -0.302876
    41 2.908730 0.220541 0.432493 -0.194226 -0.103877 -0.292835
    42 1.597527 0.000000 0.000000 0.051956 0.088303 -0.532546
    43 0.912678 0.000000 0.000000 -0.002385 -0.009683 -0.242644
    44 3.265471 0.051184 -0.415600 -0.183626 -0.067869 -0.258123
    45 1.860470 0.000000 0.000000 0.042091 0.053928 -0.662606
    46 1.061485 0.000000 0.000000 -0.001830 -0.012006 -0.156488
    47 3.340403 -0.238762 -1.285691 -0.177006 -0.034199 -0.204061
    48 1.550755 0.000000 0.000000 -0.051292 -0.063997 -0.676366
    49 0.904886 0.000001 0.000000 -0.001263 -0.038530 -0.033046
    50 1.219410 -1.061498 -0.840143 -1.690135 0.344972 -0.122837
    51 1.496971 0.000002 0.000000 -0.000014 0.188062 -0.185216
    52 1.100088 0.000000 0.000000 0.000007 0.040598 0.196316
    53 0.000000 -0.000007 -0.000031 1.373047 0.113574 0.124314
    54 0.000000 0.000000 0.000000 -0.077030 -0.068757 -1.299215
    55 7.054213 0.000000 0.000000 0.000000 0.000000 0.000000
    56 0.000000 -0.000007 -0.000031 1.373047 0.113574 0.124314
    57 0.000000 -0.000007 -0.000031 1.373047 0.113574 0.124314
    58 2.856947 -1.536175 -0.973780 -1.501147 -0.272558 -1.578261
    59 0.000000 0.000000 10.000000 0.000000 0.000000 0.000000
    60 2.856899 -1.536201 -0.973800 -1.501147 -0.272558 -1.578261
    61 2.000000 -3.000000 0.000000 -1.570796 0.000000 -1.326450
    62 0.018896 0.665159 9.395880 0.000000 0.000000 0.000000
    63 3.028210 -0.923409 -2.009452 1.574082 -0.012974 1.587244
    64 0.116954 4.311606 0.061861 0.000010 0.000000 0.000000
    65 0.000000 -0.000002 0.000000 0.000000 0.000000 0.000000
    66 0.000000 1.000000 0.000010 0.000000 0.000000 0.000000
    67 -0.000001 0.000000 0.000000 0.000000 0.000000 0.000000
    68 -0.000001 0.000000 0.000000 0.000000 0.000000 0.000000
    69 -0.000001 0.000000 0.000000 0.000000 0.000000 0.000000
time 16
    0 1.582031 3.271484 3.798828 0.150307 -0.195548 -0.039398
    1 3.455587 0.000000 0.000000 -2.045538 -0.263449 -1.276922
    2 16.572346 0.000000 0.000000 -0.003993 0.009615 0.513020
    3 16.265829 0.000000 0.000000 -0.084102 -0.367449 -0.891374
    4 5.046457 0.000000 0.000000 0.020201 -0.027646 -0.420465
    5 -3.455587 0.000000 0.000000 -0.327144 -0.423488 -2.390714
    6 16.572346 0.000000 0.000000 0.021279 -0.050792 1.811887
    7 16.265831 0.000000 0.000000 -0.014312 -0.005680 -1.002912
    8 5.046457 0.000000 0.000000 -0.111806 0.023849 -0.399195
    9 0.000000 3.703728 0.293189 1.522086 0.045906 1.591824
    10 3.307846 0.000000 0.000000 -0.016986 0.033691 -0.049592
    11 3.297962 0.000000 0.000000 -0.066773 0.292975 -0.276498
    12 6.040985 0.000000 0.000000 0.009784 -0.117809 0.251042
    13 5.065758 0.000000 0.000000 2.744059 -0.096305 0.218538
    14 3.993755 0.000000 0.000000 -0.131825 -0.415731 0.230734
    15 3.815876 1.385489 1.500000 0.037930 -0.911748 -1.466203
    16 4.327093 0.000004 0.000000 -0.492653 -0.202877 -0.613483
    17 11.105114 0.000000 0.000000 -0.030282 -0.007652 -0.295627
    18 9.862099 -0.000011 -0.000031 1.975569 -0.162586 -0.168998
    19 2.641094 0.214619 -1.073586 0.204923 0.143299 -0.226648
    20 1.361605 -0.000002 0.000000 0.011394 0.016627 -0.599881
    21 0.779602 0.000002 0.000000 -0.054450 -0.175357 -0.302876
    22 2.908712 0.221762 -0.431868 0.197828 0.103894 -0.292786
    23 1.597527 0.000001 0.000000 -0.051956 -0.088303 -0.532546
    24 0.912680 0.000001 0.000000 0.002385 0.009683 -0.242644
    25 3.265450 0.050007 0.415744 0.187209 0.067909 -0.258128
    26 1.860470 0.000000 0.000000 -0.042091 -0.053928 -0.662606
    27 1.061481 -0.000001 0.000000 0.001830 0.012006 -0.156488
    28 3.340382 -0.242393 1.285012 0.180672 0.034142 -0.204037
    29 1.628906 -0.000005 0.000006 0.051292 0.063997 -0.676366
    30 0.904888 0.000001 0.000000 0.001263 0.038530 -0.033046
    31 1.219385 -1.063860 0.837143 1.693884 -0.344469 -0.124089
    32 1.496971 -0.000002 -0.000001 0.000014 -0.188062 -0.185216
    33 1.100086 0.000000 0.000000 -0.000007 -0.040598 0.196316
    34 3.815876 1.385489 -1.500000 1.802118 1.198555 0.012925
    35 4.327089 -0.000004 0.000000 2.397493 -0.326505 -1.058997
    36 11.105106 0.000000 0.000004 0.041560 0.018411 -1.270455
    37 9.862080 -0.000007 0.000017 -1.653289 -0.226961 0.495574
    38 2.641111 0.211586 1.074188 -0.201327 -0.143306 -0.226689
    39 1.361601 0.000000 0.000000 -0.011394 -0.016627 -0.599881
    40 0.779604 0.000001 0.000000 0.054450 0.175357 -0.302876
    41 2.908730 0.220541 0.432493 -0.194226 -0.103877 -0.292835
    42 1.597527 0.000000 0.000000 0.051956 0.088303 -0.532546
    43 0.912678 0.000000 0.000000 -0.002385 -0.009683 -0.242644
    44 3.265471 0.051184 -0.415600 -0.183626 -0.067869 -0.258123
    45 1.860470 0.000000 0.000000 0.042091 0.053928 -0.662606
    46 1.061485 0.000000 0.000000 -0.001830 -0.012006 -0.156488
    47 3.340403 -0.238762 -1.285691 -0.177006 -0.034199 -0.204061
    48 1.550755 0.000000 0.000000 -0.051292 -0.063997 -0.676366
    49 0.904886 0.000001 0.000000 -0.001263 -0.038530 -0.033046
    50 1.219410 -1.061498 -0.840143 -1.690135 0.344972 -0.122837
    51 1.496971 0.000002 0.000000 -0.000014 0.188062 -0.185216
    52 1.100088 0.000000 0.000000 0.000007 0.040598 0.196316
    53 0.000000 -0.000007 -0.000031 1.373047 0.113574 0.124314
    54 0.000000 0.000000 0.000000 -0.077030 -0.068757 -1.299215
    55 7.054213 0.000000 0.000000 0.000000 0.000000 0.000000
    56 0.000000 -0.000007 -0.000031 1.373047 0.113574 0.124314
    57 0.000000 -0.000007 -0.000031 1.373047 0.113574 0.124314
    58 2.856947 -1.536175 -0.973780 -1.501147 -0.272558 -1.578261
    59 0.000000 0.000000 10.000000 0.000000 0.000000 0.000000
    60 2.856899 -1.536201 -0.973800 -1.501147 -0.272558 -1.578261
    61 2.000000 -3.000000 0.000000 -1.570796 0.000000 -1.326450
    62 0.018896 0.665159 9.395880 0.000000 0.000000 0.000000
    63 3.028210 -0.923409 -2.009452 1.574082 -0.012974 1.587244
    64 0.116954 4.311606 0.061861 0.000010 0.000000 0.000000
    65 0.000000 -0.000002 0.000000 0.000000 0.000000 0.000000
    66 0.000000 1.000000 0.000010 0.000000 0.000000 0.000000
    67 -0.000001 0.000000 0.000000 0.000000 0.000000 0.000000
    68 -0.000001 0.000000 0.000000 0.000000 0.000000 0.000000
    69 -0.000001 0.000000 0.000000 0.000000 0.000000 0.000000
time 17
    0 1.609375 3.257813 3.798828 0.132570 -0.195716 -0.040314
    1 3.455587 0.000000 0.000000 -2.052405 -0.245259 -1.275224
    2 16.572346 0.000000 0.000000 -0.003946 0.009783 0.513645
    3 16.265829 0.000000 0.000000 -0.077326 -0.351307 -0.891628
    4 5.046457 0.000000 0.000000 0.020201 -0.027646 -0.420465
    5 -3.455587 0.000000 0.000000 -0.338795 -0.412541 -2.387671
    6 16.572346 0.000000 0.000000 0.019403 -0.048685 1.818913
    7 16.265831 0.000000 0.000000 -0.005521 -0.005378 -1.000354
    8 5.046457 0.000000 0.000000 -0.111806 0.023849 -0.399195
    9 0.000000 3.703728 0.293189 1.527875 0.063203 1.601567
    10 3.307846 0.000000 0.000000 -0.016274 0.034052 -0.027735
    11 3.297962 0.000000 0.000000 -0.054267 0.295978 -0.233307
    12 6.040985 0.000000 0.000000 0.005775 -0.131361 0.275606
    13 5.065758 0.000000 0.000000 2.736231 -0.093013 0.147755
    14 3.993755 0.000000 0.000000 -0.131825 -0.415731 0.230734
    15 3.815876 1.385489 1.500000 0.035710 -0.909371 -1.461445
    16 4.327093 0.000004 0.000000 -0.570305 -0.199951 -0.584095
    17 11.105114 0.000000 0.000000 -0.028887 -0.009752 -0.429836
    18 9.862099 -0.000011 -0.000031 2.003623 -0.130324 -0.117399
    19 2.641094 0.214619 -1.073586 0.204923 0.143299 -0.226648
    20 1.361605 -0.000002 0.000000 0.011394 0.016627 -0.599881
    21 0.779602 0.000002 0.000000 -0.054450 -0.175357 -0.302876
    22 2.908712 0.221762 -0.431868 0.197828 0.103894 -0.292786
    23 1.597527 0.000001 0.000000 -0.051956 -0.088303 -0.532546
    24 0.912680 0.000001 0.000000 0.002385 0.009683 -0.242644
    25 3.265450 0.050007 0.415744 0.187209 0.067909 -0.258128
    26 1.860470 0.000000 0.000000 -0.042091 -0.053928 -0.662606
    27 1.061481 -0.000001 0.000000 0.001830 0.012006 -0.156488
    28 3.340382 -0.242393 1.285012 0.180672 0.034142 -0.204037
    29 1.628906 -0.000005 0.000006 0.051292 0.063997 -0.676366
    30 0.904888 0.000001 0.000000 0.001263 0.038530 -0.033046
    31 1.219385 -1.063860 0.837143 1.693884 -0.344469 -0.124089
    32 1.496971 -0.000002 -0.000001 0.000014 -0.188062 -0.185216
    33 1.100086 0.000000 0.000000 -0.000007 -0.040598 0.196316
    34 3.815876 1.385489 -1.500000 1.804203 1.196178 0.016885
    35 4.327089 -0.000004 0.000000 2.438409 -0.337497 -1.072175
    36 11.105106 0.000000 0.000004 0.041484 0.019150 -1.295235
    37 9.862080 -0.000007 0.000017 -1.618394 -0.202072 0.501187
    38 2.641111 0.211586 1.074188 -0.201327 -0.143306 -0.226689
    39 1.361601 0.000000 0.000000 -0.011394 -0.016627 -0.599881
    40 0.779604 0.000001 0.000000 0.054450 0.175357 -0.302876
    41 2.908730 0.220541 0.432493 -0.194226 -0.103877 -0.292835
    42 1.597527 0.000000 0.000000 0.051956 0.088303 -0.532546
    43 0.912678 0.000000 0.000000 -0.002385 -0.009683 -0.242644
    44 3.265471 0.051184 -0.415600 -0.183626 -0.067869 -0.258123
    45 1.860470 0.000000 0.000000 0.042091 0.053928 -0.662606
    46 1.061485 0.000000 0.000000 -0.001830 -0.012006 -0.156488
    47 3.340403 -0.238762 -1.285691 -0.177006 -0.034199 -0.204061
    48 1.550755 0.000000 0.000000 -0.051292 -0.063997 -0.676366
    49 0.904886 0.000001 0.000000 -0.001263 -0.038530 -0.033046
    50 1.219410 -1.061498 -0.840143 -1.690135 0.344972 -0.122837
    51 1.496971 0.000002 0.000000 -0.000014 0.188062 -0.185216
    52 1.100088 0.000000 0.000000 0.000007 0.040598 0.196316
    53 0.000000 -0.000007 -0.000031 1.373047 0.113574 0.124314
    54 0.000000 0.000000 0.000000 -0.077030 -0.068757 -1.299215
    55 7.054213 0.000000 0.000000 0.000000 0.000000 0.000000
    56 0.000000 -0.000007 -0.000031 1.373047 0.113574 0.124314
    57 0.000000 -0.000007 -0.000031 1.373047 0.113574 0.124314
    58 2.856947 -1.536175 -0.973780 -1.501147 -0.272558 -1.578261
    59 0.000000 0.000000 10.000000 0.000000 0.000000 0.000000
    60 2.856899 -1.536201 -0.973800 -1.501147 -0.272558 -1.578261
    61 2.000000 -3.000000 0.000000 -1.570796 0.000000 -1.326450
    62 0.018896 0.665159 9.395880 0.000000 0.000000 0.000000
    63 3.028210 -0.923409 -2.009452 1.574082 -0.012974 1.587244
    64 0.116954 4.311606 0.061861 0.000010 0.000000 0.000000
    65 0.000000 -0.000002 0.000000 0.000000 0.000000 0.000000
    66 0.000000 1.000000 0.000010 0.000000 0.000000 0.000000
    67 -0.000001 0.000000 0.000000 0.000000 0.000000 0.000000
    68 -0.000001 0.000000 0.000000 0.000000 0.000000 0.000000
    69 -0.000001 0.000000 0.000000 0.000000 0.000000 0.000000
time 18
    0 1.596680 3.263672 3.798828 0.141395 -0.196386 -0.040464
    1 3.455587 0.000000 0.000000 -2.066660 -0.249255 -1.272795
    2 16.572346 0.000000 0.000000 -0.003995 0.010043 0.507488
    3 16.265829 0.000000 0.000000 -0.071778 -0.334094 -0.887426
    4 5.046457 0.000000 0.000000 0.020201 -0.027646 -0.420465
    5 -3.455587 0.000000 0.000000 -0.330367 -0.416811 -2.392517
    6 16.572346 0.000000 0.000000 0.020254 -0.050044 1.825184
    7 16.265831 0.000000 0.000000 -0.002569 -0.008089 -0.998885
    8 5.046457 0.000000 0.000000 -0.111806 0.023849 -0.399195
    9 0.000000 3.703728 0.293189 1.525918 0.055024 1.597625
    10 3.307846 0.000000 0.000000 -0.016624 0.033876 -0.038274
    11 3.297962 0.000000 0.000000 -0.060325 0.294516 -0.254118
    12 6.040985 0.000000 0.000000 0.007675 -0.124842 0.263752
    13 5.065758 0.000000 0.000000 2.740348 -0.094802 0.181825
    14 3.993755 0.000000 0.000000 -0.131825 -0.415731 0.230734
    15 3.815876 1.385489 1.500000 0.033369 -0.907120 -1.456703
    16 4.327093 0.000004 0.000000 -0.534655 -0.170559 -0.535886
    17 11.105114 0.000000 0.000000 -0.029850 -0.011758 -0.513102
    18 9.862099 -0.000011 -0.000031 1.971744 -0.119687 -0.074021
    19 2.641094 0.214619 -1.073586 0.204923 0.143299 -0.226648
    20 1.361605 -0.000002 0.000000 0.011394 0.016627 -0.599881
    21 0.779602 0.000002 0.000000 -0.054450 -0.175357 -0.302876
    22 2.908712 0.221762 -0.431868 0.197828 0.103894 -0.292786
    23 1.597527 0.000001 0.000000 -0.051956 -0.088303 -0.532546
    24 0.912680 0.000001 0.000000 0.002385 0.009683 -0.242644
    25 3.265450 0.050007 0.415744 0.187209 0.067909 -0.258128
    26 1.860470 0.000000 0.000000 -0.042091 -0.053928 -0.662606
    27 1.061481 -0.000001 0.000000 0.001830 0.012006 -0.156488
    28 3.340382 -0.242393 1.285012 0.180672 0.034142 -0.204037
    29 1.628906 -0.000005 0.000006 0.051292 0.063997 -0.676366
    30 0.904888 0.000001 0.000000 0.001263 0.038530 -0.033046
    31 1.219385 -1.063860 0.837143 1.693884 -0.344469 -0.124089
    32 1.496971 -0.000002 -0.000001 0.000014 -0.188062 -0.185216
    33 1.100086 0.000000 0.000000 -0.000007 -0.040598 0.196316
    34 3.815876 1.385489 -1.500000 1.805782 1.194246 0.019876
    35 4.327089 -0.000004 0.000000 2.442851 -0.337682 -1.073260
    36 11.105106 0.000000 0.000004 0.042019 0.018443 -1.278732
    37 9.862080 -0.000007 0.000017 -1.649322 -0.200918 0.469481
    38 2.641111 0.211586 1.074188 -0.201327 -0.143306 -0.226689
    39 1.361601 0.000000 0.000000 -0.011394 -0.016627 -0.599881
    40 0.779604 0.000001 0.000000 0.054450 0.175357 -0.302876
    41 2.908730 0.220541 0.432493 -0.194226 -0.103877 -0.292835
    42 1.597527 0.000000 0.000000 0.051956 0.088303 -0.532546
    43 0.912678 0.000000 0.000000 -0.002385 -0.009683 -0.242644
    44 3.265471 0.051184 -0.415600 -0.183626 -0.067869 -0.258123
    45 1.860470 0.000000 0.000000 0.042091 0.053928 -0.662606
    46 1.061485 0.000000 0.000000 -0.001830 -0.012006 -0.156488
    47 3.340403 -0.238762 -1.285691 -0.177006 -0.034199 -0.204061
    48 1.550755 0.000000 0.000000 -0.051292 -0.063997 -0.676366
    49 0.904886 0.000001 0.000000 -0.001263 -0.038530 -0.033046
    50 1.219410 -1.061498 -0.840143 -1.690135 0.344972 -0.122837
    51 1.496971 0.000002 0.000000 -0.000014 0.188062 -0.185216
    52 1.100088 0.000000 0.000000 0.000007 0.040598 0.196316
    53 0.000000 -0.000007 -0.000031 1.373047 0.113574 0.124314
    54 0.000000 0.000000 0.000000 -0.077030 -0.068757 -1.299215
    55 7.054213 0.000000 0.000000 0.000000 0.000000 0.000000
    56 0.000000 -0.000007 -0.000031 1.373047 0.113574 0.124314
    57 0.000000 -0.000007 -0.000031 1.373047 0.113574 0.124314
    58 2.856947 -1.536175 -0.973780 -1.501147 -0.272558 -1.578261
    59 0.000000 0.000000 10.000000 0.000000 0.000000 0.000000
    60 2.856899 -1.536201 -0.973800 -1.501147 -0.272558 -1.578261
    61 2.000000 -3.000000 0.000000 -1.570796 0.000000 -1.326450
    62 0.018896 0.665159 9.395880 0.000000 0.000000 0.000000
    63 3.028210 -0.923409 -2.009452 1.574082 -0.012974 1.587244
    64 0.116954 4.311606 0.061861 0.000010 0.000000 0.000000
    65 0.000000 -0.000002 0.000000 0.000000 0.000000 0.000000
    66 0.000000 1.000000 0.000010 0.000000 0.000000 0.000000
    67 -0.000001 0.000000 0.000000 0.000000 0.000000 0.000000
    68 -0.000001 0.000000 0.000000 0.000000 0.000000 0.000000
    69 -0.000001 0.000000 0.000000 0.000000 0.000000 0.000000
time 19
    0 1.572266 3.277344 3.798828 0.157725 -0.197218 -0.040523
    1 3.455587 0.000000 0.000000 -2.082810 -0.259386 -1.270269
    2 16.572346 0.000000 0.000000 -0.004140 0.010320 0.499198
    3 16.265829 0.000000 0.000000 -0.066786 -0.316242 -0.881277
    4 5.046457 0.000000 0.000000 0.020201 -0.027646 -0.420465
    5 -3.455587 0.000000 0.000000 -0.316072 -0.425079 -2.399629
    6 16.572346 0.000000 0.000000 0.021833 -0.052368 1.831492
    7 16.265831 0.000000 0.000000 -0.001177 -0.011553 -0.997619
    8 5.046457 0.000000 0.000000 -0.111806 0.023849 -0.399195
    9 0.000000 3.703728 0.293189 1.521841 0.039789 1.589920
    10 3.307846 0.000000 0.000000 -0.017296 0.033529 -0.057888
    11 3.297962 0.000000 0.000000 -0.071558 0.291828 -0.292850
    12 6.040985 0.000000 0.000000 0.011383 -0.112665 0.241793
    13 5.065758 0.000000 0.000000 2.746596 -0.098065 0.245490
    14 3.993755 0.000000 0.000000 -0.131825 -0.415731 0.230734
    15 3.815876 1.385489 1.500000 0.031274 -0.905069 -1.452319
    16 4.327093 0.000004 0.000000 -0.455296 -0.144145 -0.480017
    17 11.105114 0.000000 0.000000 -0.032100 -0.014123 -0.577168
    18 9.862099 -0.000011 -0.000031 1.915299 -0.120006 -0.033378
    19 2.641094 0.214619 -1.073586 0.204923 0.143299 -0.226648
    20 1.361605 -0.000002 0.000000 0.011394 0.016627 -0.599881
    21 0.779602 0.000002 0.000000 -0.054450 -0.175357 -0.302876
    22 2.908712 0.221762 -0.431868 0.197828 0.103894 -0.292786
    23 1.597527 0.000001 0.000000 -0.051956 -0.088303 -0.532546
    24 0.912680 0.000001 0.000000 0.002385 0.009683 -0.242644
    25 3.265450 0.050007 0.415744 0.187209 0.067909 -0.258128
    26 1.860470 0.000000 0.000000 -0.042091 -0.053928 -0.662606
    27 1.061481 -0.000001 0.000000 0.001830 0.012006 -0.156488
    28 3.340382 -0.242393 1.285012 0.180672 0.034142 -0.204037
    29 1.628906 -0.000005 0.000006 0.051292 0.063997 -0.676366
    30 0.904888 0.000001 0.000000 0.001263 0.038530 -0.033046
    31 1.219385 -1.063860 0.837143 1.693884 -0.344469 -0.124089
    32 1.496971 -0.000002 -0.000001 0.000014 -0.188062 -0.185216
    33 1.100086 0.000000 0.000000 -0.000007 -0.040598 0.196316
    34 3.815876 1.385489 -1.500000 1.807118 1.192804 0.022312
    35 4.327089 -0.000004 0.000000 2.443287 -0.335796 -1.070603
    36 11.105106 0.000000 0.000004 0.042824 0.017377 -1.249956
    37 9.862080 -0.000007 0.000017 -1.703102 -0.219124 0.425929
    38 2.641111 0.211586 1.074188 -0.201327 -0.143306 -0.226689
    39 1.361601 0.000000 0.000000 -0.011394 -0.016627 -0.599881
    40 0.779604 0.000001 0.000000 0.054450 0.175357 -0.302876
    41 2.908730 0.220541 0.432493 -0.194226 -0.103877 -0.292835
    42 1.597527 0.000000 0.000000 0.051956 0.088303 -0.532546
    43 0.912678 0.000000 0.000000 -0.002385 -0.009683 -0.242644
    44 3.265471 0.051184 -0.415600 -0.183626 -0.067869 -0.258123
    45 1.860470 0.000000 0.000000 0.042091 0.053928 -0.662606
    46 1.061485 0.000000 0.000000 -0.001830 -0.012006 -0.156488
    47 3.340403 -0.238762 -1.285691 -0.177006 -0.034199 -0.204061
    48 1.550755 0.000000 0.000000 -0.051292 -0.063997 -0.676366
    49 0.904886 0.000001 0.000000 -0.001263 -0.038530 -0.033046
    50 1.219410 -1.061498 -0.840143 -1.690135 0.344972 -0.122837
    51 1.496971 0.000002 0.000000 -0.000014 0.188062 -0.185216
    52 1.100088 0.000000 0.000000 0.000007 0.040598 0.196316
    53 0.000000 -0.000007 -0.000031 1.373047 0.113574 0.124314
    54 0.000000 0.000000 0.000000 -0.077030 -0.068757 -1.299215
    55 7.054213 0.000000 0.000000 0.000000 0.000000 0.000000
    56 0.000000 -0.000007 -0.000031 1.373047 0.113574 0.124314
    57 0.000000 -0.000007 -0.000031 1.373047 0.113574 0.124314
    58 2.856947 -1.536175 -0.973780 -1.501147 -0.272558 -1.578261
    59 0.000000 0.000000 10.000000 0.000000 0.000000 0.000000
    60 2.856899 -1.536201 -0.973800 -1.501147 -0.272558 -1.578261
    61 2.000000 -3.000000 0.000000 -1.570796 0.000000 -1.326450
    62 0.018896 0.665159 9.395880 0.000000 0.000000 0.000000
    63 3.028210 -0.923409 -2.009452 1.574082 -0.012974 1.587244
    64 0.116954 4.311606 0.061861 0.000010 0.000000 0.000000
    65 0.000000 -0.000002 0.000000 0.000000 0.000000 0.000000
    66 0.000000 1.000000 0.000010 0.000000 0.000000 0.000000
    67 -0.000001 0.000000 0.000000 0.000000 0.000000 0.000000
    68 -0.000001 0.000000 0.000000 0.000000 0.000000 0.000000
    69 -0.000001 0.000000 0.000000 0.000000 0.000000 0.000000
time 20
    0 1.542969 3.291016 3.798828 0.176772 -0.198162 -0.040506
    1 3.455587 0.000000 0.000000 -2.099089 -0.271852 -1.267862
    2 16.572346 0.000000 0.000000 -0.004209 0.010573 0.489848
    3 16.265829 0.000000 0.000000 -0.062342 -0.298449 -0.874018
    4 5.046457 0.000000 0.000000 0.020201 -0.027646 -0.420465
    5 -3.455587 0.000000 0.000000 -0.299429 -0.434625 -2.407810
    6 16.572346 0.000000 0.000000 0.023658 -0.055046 1.837866
    7 16.265831 0.000000 0.000000 -0.000465 -0.015584 -0.996457
    8 5.046457 0.000000 0.000000 -0.111806 0.023849 -0.399195
    9 0.000000 3.703728 0.293189 1.517290 0.022029 1.580831
    10 3.307846 0.000000 0.000000 -0.018018 0.033141 -0.080877
    11 3.297962 0.000000 0.000000 -0.084752 0.288639 -0.338295
    12 6.040985 0.000000 0.000000 0.015671 -0.098382 0.215908
    13 5.065758 0.000000 0.000000 2.751534 -0.101770 0.320626
    14 3.993755 0.000000 0.000000 -0.131825 -0.415731 0.230734
    15 3.815876 1.385489 1.500000 0.029207 -0.903077 -1.448119
    16 4.327093 0.000004 0.000000 -0.359963 -0.122378 -0.411379
    17 11.105114 0.000000 0.000000 -0.034172 -0.017002 -0.651040
    18 9.862099 -0.000011 -0.000031 1.851195 -0.124385 0.015469
    19 2.641094 0.214619 -1.073586 0.204923 0.143299 -0.226648
    20 1.361605 -0.000002 0.000000 0.011394 0.016627 -0.599881
    21 0.779602 0.000002 0.000000 -0.054450 -0.175357 -0.302876
    22 2.908712 0.221762 -0.431868 0.197828 0.103894 -0.292786
    23 1.597527 0.000001 0.000000 -0.051956 -0.088303 -0.532546
    24 0.912680 0.000001 0.000000 0.002385 0.009683 -0.242644
    25 3.265450 0.050007 0.415744 0.187209 0.067909 -0.258128
    26 1.860470 0.000000 0.000000 -0.042091 -0.053928 -0.662606
    27 1.061481 -0.000001 0.000000 0.001830 0.012006 -0.156488
    28 3.340382 -0.242393 1.285012 0.180672 0.034142 -0.204037
    29 1.628906 -0.000005 0.000006 0.051292 0.063997 -0.676366
    30 0.904888 0.000001 0.000000 0.001263 0.038530 -0.033046
    31 1.219385 -1.063860 0.837143 1.693884 -0.344469 -0.124089
    32 1.496971 -0.000002 -0.000001 0.000014 -0.188062 -0.185216
    33 1.100086 0.000000 0.000000 -0.000007 -0.040598 0.196316
    34 3.815876 1.385489 -1.500000 1.807741 1.191806 0.023648
    35 4.327089 -0.000004 0.000000 2.450544 -0.333865 -1.065514
    36 11.105106 0.000000 0.000004 0.043776 0.016137 -1.215059
    37 9.862080 -0.000007 0.000017 -1.766574 -0.247860 0.396823
    38 2.641111 0.211586 1.074188 -0.201327 -0.143306 -0.226689
    39 1.361601 0.000000 0.000000 -0.011394 -0.016627 -0.599881
    40 0.779604 0.000001 0.000000 0.054450 0.175357 -0.302876
    41 2.908730 0.220541 0.432493 -0.194226 -0.103877 -0.292835
    42 1.597527 0.000000 0.000000 0.051956 0.088303 -0.532546
    43 0.912678 0.000000 0.000000 -0.002385 -0.009683 -0.242644
    44 3.265471 0.051184 -0.415600 -0.183626 -0.067869 -0.258123
    45 1.860470 0.000000 0.000000 0.042091 0.053928 -0.662606
    46 1.061485 0.000000 0.000000 -0.001830 -0.012006 -0.156488
    47 3.340403 -0.238762 -1.285691 -0.177006 -0.034199 -0.204061
    48 1.550755 0.000000 0.000000 -0.051292 -0.063997 -0.676366
    49 0.904886 0.000001 0.000000 -0.001263 -0.038530 -0.033046
    50 1.219410 -1.061498 -0.840143 -1.690135 0.344972 -0.122837
    51 1.496971 0.000002 0.000000 -0.000014 0.188062 -0.185216
    52 1.100088 0.000000 0.000000 0.000007 0.040598 0.196316
    53 0.000000 -0.000007 -0.000031 1.373047 0.113574 0.124314
    54 0.000000 0.000000 0.000000 -0.077030 -0.068757 -1.299215
    55 7.054213 0.000000 0.000000 0.000000 0.000000 0.000000
    56 0.000000 -0.000007 -0.000031 1.373047 0.113574 0.124314
    57 0.000000 -0.000007 -0.000031 1.373047 0.113574 0.124314
    58 2.856947 -1.536175 -0.973780 -1.501147 -0.272558 -1.578261
    59 0.000000 0.000000 10.000000 0.000000 0.000000 0.000000
    60 2.856899 -1.536201 -0.973800 -1.501147 -0.272558 -1.578261
    61 2.000000 -3.000000 0.000000 -1.570796 0.000000 -1.326450
    62 0.018896 0.665159 9.395880 0.000000 0.000000 0.000000
    63 3.028210 -0.923409 -2.009452 1.574082 -0.012974 1.587244
    64 0.116954 4.311606 0.061861 0.000010 0.000000 0.000000
    65 0.000000 -0.000002 0.000000 0.000000 0.000000 0.000000
    66 0.000000 1.000000 0.000010 0.000000 0.000000 0.000000
    67 -0.000001 0.000000 0.000000 0.000000 0.000000 0.000000
    68 -0.000001 0.000000 0.000000 0.000000 0.000000 0.000000
    69 -0.000001 0.000000 0.000000 0.000000 0.000000 0.000000
time 21
    0 1.517578 3.304688 3.798828 0.193745 -0.199018 -0.040560
    1 3.455587 0.000000 0.000000 -2.113862 -0.282556 -1.265932
    2 16.572346 0.000000 0.000000 -0.004258 0.010910 0.480954
    3 16.265829 0.000000 0.000000 -0.058378 -0.281167 -0.866559
    4 5.046457 0.000000 0.000000 0.020201 -0.027646 -0.420465
    5 -3.455587 0.000000 0.000000 -0.284345 -0.442757 -2.415302
    6 16.572346 0.000000 0.000000 0.025309 -0.057531 1.844229
    7 16.265831 0.000000 0.000000 0.000544 -0.019451 -0.995109
    8 5.046457 0.000000 0.000000 -0.111806 0.023849 -0.399195
    9 0.000000 3.703728 0.293189 1.513695 0.006055 1.572831
    10 3.307846 0.000000 0.000000 -0.018690 0.032767 -0.101196
    11 3.297962 0.000000 0.000000 -0.096393 0.285834 -0.378515
    12 6.040985 0.000000 0.000000 0.019470 -0.085781 0.193025
    13 5.065758 0.000000 0.000000 2.753729 -0.104786 0.387617
    14 3.993755 0.000000 0.000000 -0.131825 -0.415731 0.230734
    15 3.815876 1.385489 1.500000 0.027379 -0.901348 -1.444422
    16 4.327093 0.000004 0.000000 -0.259877 -0.117454 -0.348108
    17 11.105114 0.000000 0.000000 -0.036428 -0.019935 -0.713484
    18 9.862099 -0.000011 -0.000031 1.781331 -0.132213 0.060214
    19 2.641094 0.214619 -1.073586 0.204923 0.143299 -0.226648
    20 1.361605 -0.000002 0.000000 0.011394 0.016627 -0.599881
    21 0.779602 0.000002 0.000000 -0.054450 -0.175357 -0.302876
    22 2.908712 0.221762 -0.431868 0.197828 0.103894 -0.292786
    23 1.597527 0.000001 0.000000 -0.051956 -0.088303 -0.532546
    24 0.912680 0.000001 0.000000 0.002385 0.009683 -0.242644
    25 3.265450 0.050007 0.415744 0.187209 0.067909 -0.258128
    26 1.860470 0.000000 0.000000 -0.042091 -0.053928 -0.662606
    27 1.061481 -0.000001 0.000000 0.001830 0.012006 -0.156488
    28 3.340382 -0.242393 1.285012 0.180672 0.034142 -0.204037
    29 1.628906 -0.000005 0.000006 0.051292 0.063997 -0.676366
    30 0.904888 0.000001 0.000000 0.001263 0.038530 -0.033046
    31 1.219385 -1.063860 0.837143 1.693884 -0.344469 -0.124089
    32 1.496971 -0.000002 -0.000001 0.000014 -0.188062 -0.185216
    33 1.100086 0.000000 0.000000 -0.000007 -0.040598 0.196316
    34 3.815876 1.385489 -1.500000 1.808238 1.191379 0.024450
    35 4.327089 -0.000004 0.000000 2.471892 -0.333483 -1.059716
    36 11.105106 0.000000 0.000004 0.044882 0.014919 -1.181311
    37 9.862080 -0.000007 0.000017 -1.827428 -0.290183 0.391225
    38 2.641111 0.211586 1.074188 -0.201327 -0.143306 -0.226689
    39 1.361601 0.000000 0.000000 -0.011394 -0.016627 -0.599881
    40 0.779604 0.000001 0.000000 0.054450 0.175357 -0.302876
    41 2.908730 0.220541 0.432493 -0.194226 -0.103877 -0.292835
    42 1.597527 0.000000 0.000000 0.051956 0.088303 -0.532546
    43 0.912678 0.000000 0.000000 -0.002385 -0.009683 -0.242644
    44 3.265471 0.051184 -0.415600 -0.183626 -0.067869 -0.258123
    45 1.860470 0.000000 0.000000 0.042091 0.053928 -0.662606
    46 1.061485 0.000000 0.000000 -0.001830 -0.012006 -0.156488
    47 3.340403 -0.238762 -1.285691 -0.177006 -0.034199 -0.204061
    48 1.550755 0.000000 0.000000 -0.051292 -0.063997 -0.676366
    49 0.904886 0.000001 0.000000 -0.001263 -0.038530 -0.033046
    50 1.219410 -1.061498 -0.840143 -1.690135 0.344972 -0.122837
    51 1.496971 0.000002 0.000000 -0.000014 0.188062 -0.185216
    52 1.100088 0.000000 0.000000 0.000007 0.040598 0.196316
    53 0.000000 -0.000007 -0.000031 1.373047 0.113574 0.124314
    54 0.000000 0.000000 0.000000 -0.077030 -0.068757 -1.299215
    55 7.054213 0.000000 0.000000 0.000000 0.000000 0.000000
    56 0.000000 -0.000007 -0.000031 1.373047 0.113574 0.124314
    57 0.000000 -0.000007 -0.000031 1.373047 0.113574 0.124314
    58 2.856947 -1.536175 -0.973780 -1.501147 -0.272558 -1.578261
    59 0.000000 0.000000 10.000000 0.000000 0.000000 0.000000
    60 2.856899 -1.536201 -0.973800 -1.501147 -0.272558 -1.578261
    61 2.000000 -3.000000 0.000000 -1.570796 0.000000 -1.326450
    62 0.018896 0.665159 9.395880 0.000000 0.000000 0.000000
    63 3.028210 -0.923409 -2.009452 1.574082 -0.012974 1.587244
    64 0.116954 4.311606 0.061861 0.000010 0.000000 0.000000
    65 0.000000 -0.000002 0.000000 0.000000 0.000000 0.000000
    66 0.000000 1.000000 0.000010 0.000000 0.000000 0.000000
    67 -0.000001 0.000000 0.000000 0.000000 0.000000 0.000000
    68 -0.000001 0.000000 0.000000 0.000000 0.000000 0.000000
    69 -0.000001 0.000000 0.000000 0.000000 0.000000 0.000000
time 22
    0 1.501953 3.312500 3.835938 0.204206 -0.199818 -0.040729
    1 3.455587 0.000000 0.000000 -2.126104 -0.286508 -1.264701
    2 16.572346 0.000000 0.000000 -0.004324 0.011165 0.472958
    3 16.265829 0.000000 0.000000 -0.054588 -0.264003 -0.860469
    4 5.046457 0.000000 0.000000 0.020201 -0.027646 -0.420465
    5 -3.455587 0.000000 0.000000 -0.274959 -0.445954 -2.420482
    6 16.572346 0.000000 0.000000 0.025751 -0.058439 1.850566
    7 16.265831 0.000000 0.000000 0.003497 -0.023833 -0.993798
    8 5.046457 0.000000 0.000000 -0.111806 0.023849 -0.399195
    9 0.000000 3.703728 0.293189 1.511759 -0.003693 1.568128
    10 3.307846 0.000000 0.000000 -0.019149 0.032548 -0.113739
    11 3.297962 0.000000 0.000000 -0.103555 0.284109 -0.403210
    12 6.040985 0.000000 0.000000 0.021788 -0.078077 0.179010
    13 5.065758 0.000000 0.000000 2.754132 -0.106315 0.428832
    14 3.993755 0.000000 0.000000 -0.131825 -0.415731 0.230734
    15 3.815876 1.385489 1.500000 0.025594 -0.899752 -1.440816
    16 4.327093 0.000004 0.000000 -0.189396 -0.121892 -0.309483
    17 11.105114 0.000000 0.000000 -0.037545 -0.021787 -0.748032
    18 9.862099 -0.000011 -0.000031 1.730873 -0.137249 0.089006
    19 2.641094 0.214619 -1.073586 0.204923 0.143299 -0.226648
    20 1.361605 -0.000002 0.000000 0.011394 0.016627 -0.599881
    21 0.779602 0.000002 0.000000 -0.054450 -0.175357 -0.302876
    22 2.908712 0.221762 -0.431868 0.197828 0.103894 -0.292786
    23 1.597527 0.000001 0.000000 -0.051956 -0.088303 -0.532546
    24 0.912680 0.000001 0.000000 0.002385 0.009683 -0.242644
    25 3.265450 0.050007 0.415744 0.187209 0.067909 -0.258128
    26 1.860470 0.000000 0.000000 -0.042091 -0.053928 -0.662606
    27 1.061481 -0.000001 0.000000 0.001830 0.012006 -0.156488
    28 3.340382 -0.242393 1.285012 0.180672 0.034142 -0.204037
    29 1.628906 -0.000005 0.000006 0.051292 0.063997 -0.676366
    30 0.904888 0.000001 0.000000 0.001263 0.038530 -0.033046
    31 1.219385 -1.063860 0.837143 1.693884 -0.344469 -0.124089
    32 1.496971 -0.000002 -0.000001 0.000014 -0.188062 -0.185216
    33 1.100086 0.000000 0.000000 -0.000007 -0.040598 0.196316
    34 3.815876 1.385489 -1.500000 1.808238 1.191379 0.024450
    35 4.327089 -0.000004 0.000000 2.528788 -0.337722 -1.055257
    36 11.105106 0.000000 0.000004 0.046247 0.013740 -1.150825
    37 9.862080 -0.000007 0.000017 -1.893890 -0.360081 0.397780
    38 2.641111 0.211586 1.074188 -0.201327 -0.143306 -0.226689
    39 1.361601 0.000000 0.000000 -0.011394 -0.016627 -0.599881
    40 0.779604 0.000001 0.000000 0.054450 0.175357 -0.302876
    41 2.908730 0.220541 0.432493 -0.194226 -0.103877 -0.292835
    42 1.597527 0.000000 0.000000 0.051956 0.088303 -0.532546
    43 0.912678 0.000000 0.000000 -0.002385 -0.009683 -0.242644
    44 3.265471 0.051184 -0.415600 -0.183626 -0.067869 -0.258123
    45 1.860470 0.000000 0.000000 0.042091 0.053928 -0.662606
    46 1.061485 0.000000 0.000000 -0.001830 -0.012006 -0.156488
    47 3.340403 -0.238762 -1.285691 -0.177006 -0.034199 -0.204061
    48 1.550755 0.000000 0.000000 -0.051292 -0.063997 -0.676366
    49 0.904886 0.000001 0.000000 -0.001263 -0.038530 -0.033046
    50 1.219410 -1.061498 -0.840143 -1.690135 0.344972 -0.122837
    51 1.496971 0.000002 0.000000 -0.000014 0.188062 -0.185216
    52 1.100088 0.000000 0.000000 0.000007 0.040598 0.196316
    53 0.000000 -0.000007 -0.000031 1.373047 0.113574 0.124314
    54 0.000000 0.000000 0.000000 -0.077030 -0.068757 -1.299215
    55 7.054213 0.000000 0.000000 0.000000 0.000000 0.000000
    56 0.000000 -0.000007 -0.000031 1.373047 0.113574 0.124314
    57 0.000000 -0.000007 -0.000031 1.373047 0.113574 0.124314
    58 2.856947 -1.536175 -0.973780 -1.501147 -0.272558 -1.578261
    59 0.000000 0.000000 10.000000 0.000000 0.000000 0.000000
    60 2.856899 -1.536201 -0.973800 -1.501147 -0.272558 -1.578261
    61 2.000000 -3.000000 0.000000 -1.570796 0.000000 -1.326450
    62 0.018896 0.665159 9.395880 0.000000 0.000000 0.000000
    63 3.028210 -0.923409 -2.009452 1.574082 -0.012974 1.587244
    64 0.116954 4.311606 0.061861 0.000010 0.000000 0.000000
    65 0.000000 -0.000002 0.000000 0.000000 0.000000 0.000000
    66 0.000000 1.000000 0.000010 0.000000 0.000000 0.000000
    67 -0.000001 0.000000 0.000000 0.000000 0.000000 0.000000
    68 -0.000001 0.000000 0.000000 0.000000 0.000000 0.000000
    69 -0.000001 0.000000 0.000000 0.000000 0.000000 0.000000
time 23
    0 1.496094 3.316406 3.861328 0.208208 -0.200357 -0.041104
    1 3.455587 0.000000 0.000000 -2.135897 -0.285534 -1.263917
    2 16.572346 0.000000 0.000000 -0.004299 0.011404 0.466833
    3 16.265829 0.000000 0.000000 -0.050508 -0.247606 -0.854945
    4 5.046457 0.000000 0.000000 0.020201 -0.027646 -0.420465
    5 -3.455587 0.000000 0.000000 -0.270380 -0.445883 -2.423644
    6 16.572346 0.000000 0.000000 0.025593 -0.058713 1.857148
    7 16.265831 0.000000 0.000000 0.007608 -0.027295 -0.992221
    8 5.046457 0.000000 0.000000 -0.111806 0.023849 -0.399195
    9 0.000000 3.703728 0.293189 1.511528 -0.007086 1.566656
    10 3.307846 0.000000 0.000000 -0.019308 0.032500 -0.118238
    11 3.297962 0.000000 0.000000 -0.106240 0.283545 -0.412212
    12 6.040985 0.000000 0.000000 0.022665 -0.075219 0.173882
    13 5.065758 0.000000 0.000000 2.753994 -0.106847 0.443900
    14 3.993755 0.000000 0.000000 -0.131825 -0.415731 0.230734
    15 3.815876 1.385489 1.500000 0.023934 -0.898348 -1.437618
    16 4.327093 0.000004 0.000000 -0.165166 -0.125166 -0.296942
    17 11.105114 0.000000 0.000000 -0.037780 -0.022283 -0.757402
    18 9.862099 -0.000011 -0.000031 1.714876 -0.133604 0.102526
    19 2.641094 0.214619 -1.073586 0.204923 0.143299 -0.226648
    20 1.361605 -0.000002 0.000000 0.011394 0.016627 -0.599881
    21 0.779602 0.000002 0.000000 -0.054450 -0.175357 -0.302876
    22 2.908712 0.221762 -0.431868 0.197828 0.103894 -0.292786
    23 1.597527 0.000001 0.000000 -0.051956 -0.088303 -0.532546
    24 0.912680 0.000001 0.000000 0.002385 0.009683 -0.242644
    25 3.265450 0.050007 0.415744 0.187209 0.067909 -0.258128
    26 1.860470 0.000000 0.000000 -0.042091 -0.053928 -0.662606
    27 1.061481 -0.000001 0.000000 0.001830 0.012006 -0.156488
    28 3.340382 -0.242393 1.285012 0.180672 0.034142 -0.204037
    29 1.628906 -0.000005 0.000006 0.051292 0.063997 -0.676366
    30 0.904888 0.000001 0.000000 0.001263 0.038530 -0.033046
    31 1.219385 -1.063860 0.837143 1.693884 -0.344469 -0.124089
    32 1.496971 -0.000002 -0.000001 0.000014 -0.188062 -0.185216
    33 1.100086 0.000000 0.000000 -0.000007 -0.040598 0.196316
    34 3.815876 1.385489 -1.500000 1.807671 1.191969 0.023472
    35 4.327089 -0.000004 0.000000 2.598926 -0.306645 -1.070524
    36 11.105106 0.000000 0.000004 0.031729 0.005382 -1.140881
    37 9.862080 -0.000007 0.000017 -1.962376 -0.388209 0.426349
    38 2.641111 0.211586 1.074188 -0.201327 -0.143306 -0.226689
    39 1.361601 0.000000 0.000000 -0.011394 -0.016627 -0.599881
    40 0.779604 0.000001 0.000000 0.054450 0.175357 -0.302876
    41 2.908730 0.220541 0.432493 -0.194226 -0.103877 -0.292835
    42 1.597527 0.000000 0.000000 0.051956 0.088303 -0.532546
    43 0.912678 0.000000 0.000000 -0.002385 -0.009683 -0.242644
    44 3.265471 0.051184 -0.415600 -0.183626 -0.067869 -0.258123
    45 1.860470 0.000000 0.000000 0.042091 0.053928 -0.662606
    46 1.061485 0.000000 0.000000 -0.001830 -0.012006 -0.156488
    47 3.340403 -0.238762 -1.285691 -0.177006 -0.034199 -0.204061
    48 1.550755 0.000000 0.000000 -0.051292 -0.063997 -0.676366
    49 0.904886 0.000001 0.000000 -0.001263 -0.038530 -0.033046
    50 1.219410 -1.061498 -0.840143 -1.690135 0.344972 -0.122837
    51 1.496971 0.000002 0.000000 -0.000014 0.188062 -0.185216
    52 1.100088 0.000000 0.000000 0.000007 0.040598 0.196316
    53 0.000000 -0.000007 -0.000031 1.373047 0.113574 0.124314
    54 0.000000 0.000000 0.000000 -0.077030 -0.068757 -1.299215
    55 7.054213 0.000000 0.000000 0.000000 0.000000 0.000000
    56 0.000000 -0.000007 -0.000031 1.373047 0.113574 0.124314
    57 0.000000 -0.000007 -0.000031 1.373047 0.113574 0.124314
    58 2.856947 -1.536175 -0.973780 -1.501147 -0.272558 -1.578261
    59 0.000000 0.000000 10.000000 0.000000 0.000000 0.000000
    60 2.856899 -1.536201 -0.973800 -1.501147 -0.272558 -1.578261
    61 2.000000 -3.000000 0.000000 -1.570796 0.000000 -1.326450
    62 0.018896 0.665159 9.395880 0.000000 0.000000 0.000000
    63 3.028210 -0.923409 -2.009452 1.574082 -0.012974 1.587244
    64 0.116954 4.311606 0.061861 0.000010 0.000000 0.000000
    65 0.000000 -0.000002 0.000000 0.000000 0.000000 0.000000
    66 0.000000 1.000000 0.000010 0.000000 0.000000 0.000000
    67 -0.000001 0.000000 0.000000 0.000000 0.000000 0.000000
    68 -0.000001 0.000000 0.000000 0.000000 0.000000 0.000000
    69 -0.000001 0.000000 0.000000 0.000000 0.000000 0.000000
time 24
    0 1.495117 3.316406 3.867188 0.209323 -0.200850 -0.041597
    1 3.455587 0.000000 0.000000 -2.144547 -0.283089 -1.262972
    2 16.572346 0.000000 0.000000 -0.004286 0.011561 0.462043
    3 16.265829 0.000000 0.000000 -0.046214 -0.232156 -0.849588
    4 5.046457 0.000000 0.000000 0.020201 -0.027646 -0.420465
    5 -3.455587 0.000000 0.000000 -0.267778 -0.444977 -2.425968
    6 16.572346 0.000000 0.000000 0.025512 -0.058931 1.863391
    7 16.265831 0.000000 0.000000 0.011796 -0.029835 -0.990361
    8 5.046457 0.000000 0.000000 -0.111806 0.023849 -0.399195
    9 0.000000 3.703728 0.293189 1.511785 -0.007955 1.566599
    10 3.307846 0.000000 0.000000 -0.019328 0.032488 -0.119449
    11 3.297962 0.000000 0.000000 -0.106811 0.283377 -0.414423
    12 6.040985 0.000000 0.000000 0.022859 -0.074523 0.172580
    13 5.065758 0.000000 0.000000 2.753785 -0.106912 0.447719
    14 3.993755 0.000000 0.000000 -0.131825 -0.415731 0.230734
    15 3.815876 1.385489 1.500000 0.022571 -0.897145 -1.434915
    16 4.327093 0.000004 0.000000 -0.163964 -0.126150 -0.295351
    17 11.105114 0.000000 0.000000 -0.037740 -0.022156 -0.756660
    18 9.862099 -0.000011 -0.000031 1.716869 -0.125510 0.110030
    19 2.641094 0.214619 -1.073586 0.204923 0.143299 -0.226648
    20 1.361605 -0.000002 0.000000 0.011394 0.016627 -0.599881
    21 0.779602 0.000002 0.000000 -0.054450 -0.175357 -0.302876
    22 2.908712 0.221762 -0.431868 0.197828 0.103894 -0.292786
    23 1.597527 0.000001 0.000000 -0.051956 -0.088303 -0.532546
    24 0.912680 0.000001 0.000000 0.002385 0.009683 -0.242644
    25 3.265450 0.050007 0.415744 0.187209 0.067909 -0.258128
    26 1.860470 0.000000 0.000000 -0.042091 -0.053928 -0.662606
    27 1.061481 -0.000001 0.000000 0.001830 0.012006 -0.156488
    28 3.340382 -0.242393 1.285012 0.180672 0.034142 -0.204037
    29 1.628906 -0.000005 0.000006 0.051292 0.063997 -0.676366
    30 0.904888 0.000001 0.000000 0.001263 0.038530 -0.033046
    31 1.219385 -1.063860 0.837143 1.693884 -0.344469 -0.124089
    32 1.496971 -0.000002 -0.000001 0.000014 -0.188062 -0.185216
    33 1.100086 0.000000 0.000000 -0.000007 -0.040598 0.196316
    34 3.815876 1.385489 -1.500000 1.806688 1.193067 0.021681
    35 4.327089 -0.000004 0.000000 2.664853 -0.276470 -1.082903
    36 11.105106 0.000000 0.000004 0.018181 -0.002043 -1.133087
    37 9.862080 -0.000007 0.000017 -2.035759 -0.363384 0.440183
    38 2.641111 0.211586 1.074188 -0.201327 -0.143306 -0.226689
    39 1.361601 0.000000 0.000000 -0.011394 -0.016627 -0.599881
    40 0.779604 0.000001 0.000000 0.054450 0.175357 -0.302876
    41 2.908730 0.220541 0.432493 -0.194226 -0.103877 -0.292835
    42 1.597527 0.000000 0.000000 0.051956 0.088303 -0.532546
    43 0.912678 0.000000 0.000000 -0.002385 -0.009683 -0.242644
    44 3.265471 0.051184 -0.415600 -0.183626 -0.067869 -0.258123
    45 1.860470 0.000000 0.000000 0.042091 0.053928 -0.662606
    46 1.061485 0.000000 0.000000 -0.001830 -0.012006 -0.156488
    47 3.340403 -0.238762 -1.285691 -0.177006 -0.034199 -0.204061
    48 1.550755 0.000000 0.000000 -0.051292 -0.063997 -0.676366
    49 0.904886 0.000001 0.000000 -0.001263 -0.038530 -0.033046
    50 1.219410 -1.061498 -0.840143 -1.690135 0.344972 -0.122837
    51 1.496971 0.000002 0.000000 -0.000014 0.188062 -0.185216
    52 1.100088 0.000000 0.000000 0.000007 0.040598 0.196316
    53 0.000000 -0.000007 -0.000031 1.373047 0.113574 0.124314
    54 0.000000 0.000000 0.000000 -0.077030 -0.068757 -1.299215
    55 7.054213 0.000000 0.000000 0.000000 0.000000 0.000000
    56 0.000000 -0.000007 -0.000031 1.373047 0.113574 0.124314
    57 0.000000 -0.000007 -0.000031 1.373047 0.113574 0.124314
    58 2.856947 -1.536175 -0.973780 -1.501147 -0.272558 -1.578261
    59 0.000000 0.000000 10.000000 0.000000 0.000000 0.000000
    60 2.856899 -1.536201 -0.973800 -1.501147 -0.272558 -1.578261
    61 2.000000 -3.000000 0.000000 -1.570796 0.000000 -1.326450
    62 0.018896 0.665159 9.395880 0.000000 0.000000 0.000000
    63 3.028210 -0.923409 -2.009452 1.574082 -0.012974 1.587244
    64 0.116954 4.311606 0.061861 0.000010 0.000000 0.000000
    65 0.000000 -0.000002 0.000000 0.000000 0.000000 0.000000
    66 0.000000 1.000000 0.000010 0.000000 0.000000 0.000000
    67 -0.000001 0.000000 0.000000 0.000000 0.000000 0.000000
    68 -0.000001 0.000000 0.000000 0.000000 0.000000 0.000000
    69 -0.000001 0.000000 0.000000 0.000000 0.000000 0.000000
time 25
    0 1.497070 3.316406 3.859375 0.208448 -0.201254 -0.041966
    1 3.455587 0.000000 0.000000 -2.152873 -0.279580 -1.261940
    2 16.572346 0.000000 0.000000 -0.004269 0.011722 0.458319
    3 16.265829 0.000000 0.000000 -0.041294 -0.217474 -0.844612
    4 5.046457 0.000000 0.000000 0.020201 -0.027646 -0.420465
    5 -3.455587 0.000000 0.000000 -0.266484 -0.443393 -2.427701
    6 16.572346 0.000000 0.000000 0.025483 -0.059219 1.869614
    7 16.265831 0.000000 0.000000 0.015918 -0.031729 -0.988310
    8 5.046457 0.000000 0.000000 -0.111806 0.023849 -0.399195
    9 0.000000 3.703728 0.293189 1.512528 -0.006745 1.567539
    10 3.307846 0.000000 0.000000 -0.019307 0.032501 -0.118152
    11 3.297962 0.000000 0.000000 -0.106102 0.283581 -0.411837
    12 6.040985 0.000000 0.000000 0.022564 -0.075299 0.174059
    13 5.065758 0.000000 0.000000 2.753461 -0.106650 0.443371
    14 3.993755 0.000000 0.000000 -0.131825 -0.415731 0.230734
    15 3.815876 1.385489 1.500000 0.021245 -0.896138 -1.432444
    16 4.327093 0.000004 0.000000 -0.180230 -0.125082 -0.301737
    17 11.105114 0.000000 0.000000 -0.037488 -0.021689 -0.748776
    18 9.862099 -0.000011 -0.000031 1.732827 -0.114342 0.113406
    19 2.641094 0.214619 -1.073586 0.204923 0.143299 -0.226648
    20 1.361605 -0.000002 0.000000 0.011394 0.016627 -0.599881
    21 0.779602 0.000002 0.000000 -0.054450 -0.175357 -0.302876
    22 2.908712 0.221762 -0.431868 0.197828 0.103894 -0.292786
    23 1.597527 0.000001 0.000000 -0.051956 -0.088303 -0.532546
    24 0.912680 0.000001 0.000000 0.002385 0.009683 -0.242644
    25 3.265450 0.050007 0.415744 0.187209 0.067909 -0.258128
    26 1.860470 0.000000 0.000000 -0.042091 -0.053928 -0.662606
    27 1.061481 -0.000001 0.000000 0.001830 0.012006 -0.156488
    28 3.340382 -0.242393 1.285012 0.180672 0.034142 -0.204037
    29 1.628906 -0.000005 0.000006 0.051292 0.063997 -0.676366
    30 0.904888 0.000001 0.000000 0.001263 0.038530 -0.033046
    31 1.219385 -1.063860 0.837143 1.693884 -0.344469 -0.124089
    32 1.496971 -0.000002 -0.000001 0.000014 -0.188062 -0.185216
    33 1.100086 0.000000 0.000000 -0.000007 -0.040598 0.196316
    34 3.815876 1.385489 -1.500000 1.805436 1.194590 0.019238
    35 4.327089 -0.000004 0.000000 2.679837 -0.265498 -1.079544
    36 11.105106 0.000000 0.000004 0.014447 -0.004183 -1.120828
    37 9.862080 -0.000007 0.000017 -2.064968 -0.136434 0.366458
    38 2.641111 0.211586 1.074188 -0.201327 -0.143306 -0.226689
    39 1.361601 0.000000 0.000000 -0.011394 -0.016627 -0.599881
    40 0.779604 0.000001 0.000000 0.054450 0.175357 -0.302876
    41 2.908730 0.220541 0.432493 -0.194226 -0.103877 -0.292835
    42 1.597527 0.000000 0.000000 0.051956 0.088303 -0.532546
    43 0.912678 0.000000 0.000000 -0.002385 -0.009683 -0.242644
    44 3.265471 0.051184 -0.415600 -0.183626 -0.067869 -0.258123
    45 1.860470 0.000000 0.000000 0.042091 0.053928 -0.662606
    46 1.061485 0.000000 0.000000 -0.001830 -0.012006 -0.156488
    47 3.340403 -0.238762 -1.285691 -0.177006 -0.034199 -0.204061
    48 1.550755 0.000000 0.000000 -0.051292 -0.063997 -0.676366
    49 0.904886 0.000001 0.000000 -0.001263 -0.038530 -0.033046
    50 1.219410 -1.061498 -0.840143 -1.690135 0.344972 -0.122837
    51 1.496971 0.000002 0.000000 -0.000014 0.188062 -0.185216
    52 1.100088 0.000000 0.000000 0.000007 0.040598 0.196316
    53 0.000000 -0.000007 -0.000031 1.373047 0.113574 0.124314
    54 0.000000 0.000000 0.000000 -0.077030 -0.068757 -1.299215
    55 7.054213 0.000000 0.000000 0.000000 0.000000 0.000000
    56 0.000000 -0.000007 -0.000031 1.373047 0.113574 0.124314
    57 0.000000 -0.000007 -0.000031 1.373047 0.113574 0.124314
    58 2.856947 -1.536175 -0.973780 -1.501147 -0.272558 -1.578261
    59 0.000000 0.000000 10.000000 0.000000 0.000000 0.000000
    60 2.856899 -1.536201 -0.973800 -1.501147 -0.272558 -1.578261
    61 2.000000 -3.000000 0.000000 -1.570796 0.000000 -1.326450
    62 0.018896 0.665159 9.395880 0.000000 0.000000 0.000000
    63 3.028210 -0.923409 -2.009452 1.574082 -0.012974 1.587244
    64 0.116954 4.311606 0.061861 0.000010 0.000000 0.000000
    65 0.000000 -0.000002 0.000000 0.000000 0.000000 0.000000
    66 0.000000 1.000000 0.000010 0.000000 0.000000 0.000000
    67 -0.000001 0.000000 0.000000 0.000000 0.000000 0.000000
    68 -0.000001 0.000000 0.000000 0.000000 0.000000 0.000000
    69 -0.000001 0.000000 0.000000 0.000000 0.000000 0.000000
time 26
    0 1.500000 3.314453 3.843750 0.206229 -0.201659 -0.042454
    1 3.455587 0.000000 0.000000 -2.161051 -0.275424 -1.260763
    2 16.572346 0.000000 0.000000 -0.004331 0.011903 0.455394
    3 16.265829 0.000000 0.000000 -0.035754 -0.203562 -0.840093
    4 5.046457 0.000000 0.000000 0.020201 -0.027646 -0.420465
    5 -3.455587 0.000000 0.000000 -0.266251 -0.441513 -2.428923
    6 16.572346 0.000000 0.000000 0.025468 -0.059500 1.875288
    7 16.265831 0.000000 0.000000 0.019751 -0.033099 -0.986356
    8 5.046457 0.000000 0.000000 -0.111806 0.023849 -0.399195
    9 0.000000 3.703728 0.293189 1.513521 -0.004408 1.568974
    10 3.307846 0.000000 0.000000 -0.019173 0.032534 -0.115209
    11 3.297962 0.000000 0.000000 -0.104423 0.283959 -0.406179
    12 6.040985 0.000000 0.000000 0.022025 -0.077119 0.177274
    13 5.065758 0.000000 0.000000 2.753123 -0.106257 0.433866
    14 3.993755 0.000000 0.000000 -0.131192 -0.415342 0.230916
    15 3.815876 1.385489 1.500000 0.020389 -0.895404 -1.430703
    16 4.327093 0.000004 0.000000 -0.206548 -0.123239 -0.313156
    17 11.105114 0.000000 0.000000 -0.037103 -0.020883 -0.736279
    18 9.862099 -0.000011 -0.000031 1.756398 -0.101928 0.113659
    19 2.641094 0.214619 -1.073586 0.204923 0.143299 -0.226648
    20 1.361605 -0.000002 0.000000 0.011394 0.016627 -0.599881
    21 0.779602 0.000002 0.000000 -0.054450 -0.175357 -0.302876
    22 2.908712 0.221762 -0.431868 0.197828 0.103894 -0.292786
    23 1.597527 0.000001 0.000000 -0.051956 -0.088303 -0.532546
    24 0.912680 0.000001 0.000000 0.002385 0.009683 -0.242644
    25 3.265450 0.050007 0.415744 0.187209 0.067909 -0.258128
    26 1.860470 0.000000 0.000000 -0.042091 -0.053928 -0.662606
    27 1.061481 -0.000001 0.000000 0.001830 0.012006 -0.156488
    28 3.340382 -0.242393 1.285012 0.180672 0.034142 -0.204037
    29 1.628906 -0.000005 0.000006 0.051292 0.063997 -0.676366
    30 0.904888 0.000001 0.000000 0.001263 0.038530 -0.033046
    31 1.219385 -1.063860 0.837143 1.693884 -0.344469 -0.124089
    32 1.496971 -0.000002 -0.000001 0.000014 -0.188062 -0.185216
    33 1.100086 0.000000 0.000000 -0.000007 -0.040598 0.196316
    34 3.815876 1.385489 -1.500000 1.803775 1.196686 0.016061
    35 4.327089 -0.000004 0.000000 2.686848 -0.258834 -1.074915
    36 11.105106 0.000000 0.000004 0.012421 -0.005074 -1.115018
    37 9.862080 -0.000007 0.000017 -2.021340 0.050293 0.306977
    38 2.641111 0.211586 1.074188 -0.201333 -0.143297 -0.226601
    39 1.361601 0.000000 0.000000 -0.011395 -0.016626 -0.599791
    40 0.779604 0.000001 0.000000 0.054466 0.175353 -0.302699
    41 2.908730 0.220541 0.432493 -0.194231 -0.103868 -0.292747
    42 1.597527 0.000000 0.000000 0.051960 0.088301 -0.532456
    43 0.912678 0.000000 0.000000 -0.002385 -0.009683 -0.242557
    44 3.265471 0.051184 -0.415600 -0.183629 -0.067861 -0.258036
    45 1.860470 0.000000 0.000000 0.042094 0.053926 -0.662514
    46 1.061485 0.000000 0.000000 -0.001830 -0.012006 -0.156401
    47 3.340403 -0.238762 -1.285691 -0.177007 -0.034191 -0.203975
    48 1.550755 0.000000 0.000000 -0.051295 -0.063995 -0.676274
    49 0.904886 0.000001 0.000000 -0.001265 -0.038530 -0.032960
    50 1.219410 -1.061498 -0.840143 -1.690135 0.344972 -0.122837
    51 1.496971 0.000002 0.000000 -0.000014 0.188062 -0.185216
    52 1.100088 0.000000 0.000000 0.000007 0.040598 0.196316
    53 0.000000 -0.000007 -0.000031 1.373047 0.113574 0.124314
    54 0.000000 0.000000 0.000000 -0.077030 -0.068757 -1.299215
    55 7.054213 0.000000 0.000000 0.000000 0.000000 0.000000
    56 0.000000 -0.000007 -0.000031 1.373047 0.113574 0.124314
    57 0.000000 -0.000007 -0.000031 1.373047 0.113574 0.124314
    58 2.856947 -1.536175 -0.973780 -1.501147 -0.272558 -1.578261
    59 0.000000 0.000000 10.000000 0.000000 0.000000 0.000000
    60 2.856899 -1.536201 -0.973800 -1.501147 -0.272558 -1.578261
    61 2.000000 -3.000000 0.000000 -1.570796 0.000000 -1.326450
    62 0.018896 0.665159 9.395880 0.000000 0.000000 0.000000
    63 3.028210 -0.923409 -2.009452 1.574082 -0.012974 1.587244
    64 0.116954 4.311606 0.061861 0.000010 0.000000 0.000000
    65 0.000000 -0.000002 0.000000 0.000000 0.000000 0.000000
    66 0.000000 1.000000 0.000010 0.000000 0.000000 0.000000
    67 -0.000001 0.000000 0.000000 0.000000 0.000000 0.000000
    68 -0.000001 0.000000 0.000000 0.000000 0.000000 0.000000
    69 -0.000001 0.000000 0.000000 0.000000 0.000000 0.000000
time 27
    0 1.504883 3.312500 3.824219 0.203564 -0.202022 -0.042815
    1 3.455587 0.000000 0.000000 -2.169415 -0.271253 -1.259428
    2 16.572346 0.000000 0.000000 -0.004408 0.012002 0.453267
    3 16.265829 0.000000 0.000000 -0.029369 -0.190701 -0.836234
    4 5.046457 0.000000 0.000000 0.020201 -0.027646 -0.420465
    5 -3.455587 0.000000 0.000000 -0.266489 -0.439647 -2.429824
    6 16.572346 0.000000 0.000000 0.025472 -0.059773 1.880308
    7 16.265831 0.000000 0.000000 0.023265 -0.034059 -0.984593
    8 5.046457 0.000000 0.000000 -0.111806 0.023849 -0.399195
    9 0.000000 3.703728 0.293189 1.514604 -0.001629 1.570743
    10 3.307846 0.000000 0.000000 -0.019116 0.032567 -0.111749
    11 3.297962 0.000000 0.000000 -0.102489 0.284405 -0.399333
    12 6.040985 0.000000 0.000000 0.021422 -0.079290 0.181185
    13 5.065758 0.000000 0.000000 2.752732 -0.105691 0.422361
    14 3.993755 0.000000 0.000000 -0.131370 -0.415415 0.230873
    15 3.815876 1.385489 1.500000 0.019718 -0.894801 -1.429362
    16 4.327093 0.000004 0.000000 -0.234798 -0.121792 -0.326102
    17 11.105114 0.000000 0.000000 -0.036721 -0.020060 -0.722520
    18 9.862099 -0.000011 -0.000031 1.781238 -0.089960 0.112224
    19 2.641094 0.214619 -1.073586 0.204923 0.143299 -0.226648
    20 1.361605 -0.000002 0.000000 0.011394 0.016627 -0.599881
    21 0.779602 0.000002 0.000000 -0.054450 -0.175357 -0.302876
    22 2.908712 0.221762 -0.431868 0.197828 0.103894 -0.292786
    23 1.597527 0.000001 0.000000 -0.051956 -0.088303 -0.532546
    24 0.912680 0.000001 0.000000 0.002385 0.009683 -0.242644
    25 3.265450 0.050007 0.415744 0.187209 0.067909 -0.258128
    26 1.860470 0.000000 0.000000 -0.042091 -0.053928 -0.662606
    27 1.061481 -0.000001 0.000000 0.001830 0.012006 -0.156488
    28 3.340382 -0.242393 1.285012 0.180672 0.034142 -0.204037
    29 1.628906 -0.000005 0.000006 0.051292 0.063997 -0.676366
    30 0.904888 0.000001 0.000000 0.001263 0.038530 -0.033046
    31 1.219385 -1.063860 0.837143 1.693884 -0.344469 -0.124089
    32 1.496971 -0.000002 -0.000001 0.000014 -0.188062 -0.185216
    33 1.100086 0.000000 0.000000 -0.000007 -0.040598 0.196316
    34 3.815876 1.385489 -1.500000 1.801514 1.199145 0.011914
    35 4.327089 -0.000004 0.000000 2.689596 -0.258092 -1.075010
    36 11.105106 0.000000 0.000004 0.011632 -0.005541 -1.121024
    37 9.862080 -0.000007 0.000017 -2.012988 0.050242 0.317875
    38 2.641111 0.211586 1.074188 -0.206083 -0.136213 -0.192154
    39 1.361601 0.000000 0.000000 -0.011921 -0.016225 -0.565000
    40 0.779604 0.000001 0.000000 0.060583 0.173301 -0.267441
    41 2.908730 0.220541 0.432493 -0.197043 -0.098394 -0.265145
    42 1.597527 0.000000 0.000000 0.054372 0.086798 -0.504390
    43 0.912678 0.000000 0.000000 -0.002607 -0.009658 -0.214576
    44 3.265471 0.051184 -0.415600 -0.185994 -0.061024 -0.221273
    45 1.860470 0.000000 0.000000 0.044069 0.052358 -0.625156
    46 1.061485 0.000000 0.000000 -0.002317 -0.011899 -0.119102
    47 3.340403 -0.238762 -1.285691 -0.178038 -0.028421 -0.171820
    48 1.550755 0.000000 0.000000 -0.053342 -0.062304 -0.643641
    49 0.904886 0.000001 0.000000 -0.002498 -0.038418 -0.000297
    50 1.219410 -1.061498 -0.840143 -1.690135 0.344972 -0.122837
    51 1.496971 0.000002 0.000000 -0.000014 0.188062 -0.185216
    52 1.100088 0.000000 0.000000 0.000007 0.040598 0.196316
    53 0.000000 -0.000007 -0.000031 1.373047 0.113574 0.124314
    54 0.000000 0.000000 0.000000 -0.077030 -0.068757 -1.299215
    55 7.054213 0.000000 0.000000 0.000000 0.000000 0.000000
    56 0.000000 -0.000007 -0.000031 1.373047 0.113574 0.124314
    57 0.000000 -0.000007 -0.000031 1.373047 0.113574 0.124314
    58 2.856947 -1.536175 -0.973780 -1.501147 -0.272558 -1.578261
    59 0.000000 0.000000 10.000000 0.000000 0.000000 0.000000
    60 2.856899 -1.536201 -0.973800 -1.501147 -0.272558 -1.578261
    61 2.000000 -3.000000 0.000000 -1.570796 0.000000 -1.326450
    62 0.018896 0.665159 9.395880 0.000000 0.000000 0.000000
    63 3.028210 -0.923409 -2.009452 1.574082 -0.012974 1.587244
    64 0.116954 4.311606 0.061861 0.000010 0.000000 0.000000
    65 0.000000 -0.000002 0.000000 0.000000 0.000000 0.000000
    66 0.000000 1.000000 0.000010 0.000000 0.000000 0.000000
    67 -0.000001 0.000000 0.000000 0.000000 0.000000 0.000000
    68 -0.000001 0.000000 0.000000 0.000000 0.000000 0.000000
    69 -0.000001 0.000000 0.000000 0.000000 0.000000 0.000000
time 28
    0 1.508789 3.310547 3.806641 0.201078 -0.202200 -0.043171
    1 3.455587 0.000000 0.000000 -2.178765 -0.267254 -1.257891
    2 16.572346 0.000000 0.000000 -0.004465 0.012185 0.451406
    3 16.265829 0.000000 0.000000 -0.022018 -0.178546 -0.833114
    4 5.046457 0.000000 0.000000 0.020201 -0.027646 -0.420465
    5 -3.455587 0.000000 0.000000 -0.266870 -0.438012 -2.430543
    6 16.572346 0.000000 0.000000 0.025446 -0.059967 1.884575
    7 16.265831 0.000000 0.000000 0.026154 -0.034769 -0.983012
    8 5.046457 0.000000 0.000000 -0.111806 0.023849 -0.399195
    9 0.000000 3.703728 0.293189 1.515529 0.000980 1.572336
    10 3.307846 0.000000 0.000000 -0.018983 0.032689 -0.108549
    11 3.297962 0.000000 0.000000 -0.100617 0.284820 -0.392943
    12 6.040985 0.000000 0.000000 0.020836 -0.081283 0.184838
    13 5.065758 0.000000 0.000000 2.752151 -0.105109 0.411781
    14 3.993755 0.000000 0.000000 -0.131633 -0.415571 0.230766
    15 3.815876 1.385489 1.500000 0.019254 -0.894465 -1.428489
    16 4.327093 0.000004 0.000000 -0.259483 -0.121066 -0.337849
    17 11.105114 0.000000 0.000000 -0.036481 -0.019326 -0.709992
    18 9.862099 -0.000011 -0.000031 1.802645 -0.079170 0.109914
    19 2.641094 0.214619 -1.073586 0.204923 0.143299 -0.226648
    20 1.361605 -0.000002 0.000000 0.011394 0.016627 -0.599881
    21 0.779602 0.000002 0.000000 -0.054450 -0.175357 -0.302876
    22 2.908712 0.221762 -0.431868 0.197828 0.103894 -0.292786
    23 1.597527 0.000001 0.000000 -0.051956 -0.088303 -0.532546
    24 0.912680 0.000001 0.000000 0.002385 0.009683 -0.242644
    25 3.265450 0.050007 0.415744 0.187209 0.067909 -0.258128
    26 1.860470 0.000000 0.000000 -0.042091 -0.053928 -0.662606
    27 1.061481 -0.000001 0.000000 0.001830 0.012006 -0.156488
    28 3.340382 -0.242393 1.285012 0.180672 0.034142 -0.204037
    29 1.628906 -0.000005 0.000006 0.051292 0.063997 -0.676366
    30 0.904888 0.000001 0.000000 0.001263 0.038530 -0.033046
    31 1.219385 -1.063860 0.837143 1.693884 -0.344469 -0.124089
    32 1.496971 -0.000002 -0.000001 0.000014 -0.188062 -0.185216
    33 1.100086 0.000000 0.000000 -0.000007 -0.040598 0.196316
    34 3.815876 1.385489 -1.500000 1.798998 1.202111 0.007044
    35 4.327089 -0.000004 0.000000 2.689883 -0.258770 -1.074797
    36 11.105106 0.000000 0.000004 0.011314 -0.005611 -1.128267
    37 9.862080 -0.000007 0.000017 -2.014508 0.024566 0.334780
    38 2.641111 0.211586 1.074188 -0.215839 -0.120075 -0.116240
    39 1.361601 0.000000 0.000000 -0.013206 -0.015209 -0.488008
    40 0.779604 0.000001 0.000000 0.073817 0.168157 -0.189489
    41 2.908730 0.220541 0.432493 -0.202618 -0.086184 -0.204334
    42 1.597527 0.000000 0.000000 0.059652 0.083276 -0.442447
    43 0.912678 0.000000 0.000000 -0.003261 -0.009427 -0.152759
    44 3.265471 0.051184 -0.415600 -0.190307 -0.045560 -0.140113
    45 1.860470 0.000000 0.000000 0.048193 0.048454 -0.542595
    46 1.061485 0.000000 0.000000 -0.003241 -0.011629 -0.036586
    47 3.340403 -0.238762 -1.285691 -0.179595 -0.015596 -0.100833
    48 1.550755 0.000000 0.000000 -0.057693 -0.058269 -0.571435
    49 0.904886 0.000001 0.000000 -0.005258 -0.038167 0.071780
    50 1.219410 -1.061498 -0.840143 -1.690135 0.344972 -0.122837
    51 1.496971 0.000002 0.000000 -0.000014 0.188062 -0.185216
    52 1.100088 0.000000 0.000000 0.000007 0.040598 0.196316
    53 0.000000 -0.000007 -0.000031 1.373047 0.113574 0.124314
    54 0.000000 0.000000 0.000000 -0.077030 -0.068757 -1.299215
    55 7.054213 0.000000 0.000000 0.000000 0.000000 0.000000
    56 0.000000 -0.000007 -0.000031 1.373047 0.113574 0.124314
    57 0.000000 -0.000007 -0.000031 1.373047 0.113574 0.124314
    58 2.856947 -1.536175 -0.973780 -1.501147 -0.272558 -1.578261
    59 0.000000 0.000000 10.000000 0.000000 0.000000 0.000000
    60 2.856899 -1.536201 -0.973800 -1.501147 -0.272558 -1.578261
    61 2.000000 -3.000000 0.000000 -1.570796 0.000000 -1.326450
    62 0.018896 0.665159 9.395880 0.000000 0.000000 0.000000
    63 3.028210 -0.923409 -2.009452 1.574082 -0.012974 1.587244
    64 0.116954 4.311606 0.061861 0.000010 0.000000 0.000000
    65 0.000000 -0.000002 0.000000 0.000000 0.000000 0.000000
    66 0.000000 1.000000 0.000010 0.000000 0.000000 0.000000
    67 -0.000001 0.000000 0.000000 0.000000 0.000000 0.000000
    68 -0.000001 0.000000 0.000000 0.000000 0.000000 0.000000
    69 -0.000001 0.000000 0.000000 0.000000 0.000000 0.000000
time 29
    0 1.510742 3.308594 3.798828 0.199507 -0.202441 -0.043408
    1 3.455587 0.000000 0.000000 -2.189465 -0.263648 -1.256232
    2 16.572346 0.000000 0.000000 -0.004520 0.012369 0.449811
    3 16.265829 0.000000 0.000000 -0.013527 -0.167217 -0.831209
    4 5.046457 0.000000 0.000000 0.020201 -0.027646 -0.420465
    5 -3.455587 0.000000 0.000000 -0.267029 -0.436638 -2.431077
    6 16.572346 0.000000 0.000000 0.025350 -0.060007 1.887778
    7 16.265831 0.000000 0.000000 0.028478 -0.035686 -0.981916
    8 5.046457 0.000000 0.000000 -0.111806 0.023849 -0.399195
    9 0.000000 3.703728 0.293189 1.516206 0.002769 1.573110
    10 3.307846 0.000000 0.000000 -0.018864 0.032712 -0.106558
    11 3.297962 0.000000 0.000000 -0.099462 0.285125 -0.389057
    12 6.040985 0.000000 0.000000 0.020463 -0.082494 0.187015
    13 5.065758 0.000000 0.000000 2.751510 -0.104680 0.405197
    14 3.993755 0.000000 0.000000 -0.131825 -0.415731 0.230734
    15 3.815876 1.385489 1.500000 0.019151 -0.894332 -1.428257
    16 4.327093 0.000004 0.000000 -0.274752 -0.120477 -0.344712
    17 11.105114 0.000000 0.000000 -0.036211 -0.018869 -0.701993
    18 9.862099 -0.000011 -0.000031 1.816108 -0.070354 0.107394
    19 2.641094 0.214619 -1.073586 0.204923 0.143299 -0.226648
    20 1.361605 -0.000002 0.000000 0.011394 0.016627 -0.599881
    21 0.779602 0.000002 0.000000 -0.054450 -0.175357 -0.302876
    22 2.908712 0.221762 -0.431868 0.197828 0.103894 -0.292786
    23 1.597527 0.000001 0.000000 -0.051956 -0.088303 -0.532546
    24 0.912680 0.000001 0.000000 0.002385 0.009683 -0.242644
    25 3.265450 0.050007 0.415744 0.187209 0.067909 -0.258128
    26 1.860470 0.000000 0.000000 -0.042091 -0.053928 -0.662606
    27 1.061481 -0.000001 0.000000 0.001830 0.012006 -0.156488
    28 3.340382 -0.242393 1.285012 0.180672 0.034142 -0.204037
    29 1.628906 -0.000005 0.000006 0.051292 0.063997 -0.676366
    30 0.904888 0.000001 0.000000 0.001263 0.038530 -0.033046
    31 1.219385 -1.063860 0.837143 1.693884 -0.344469 -0.124089
    32 1.496971 -0.000002 -0.000001 0.000014 -0.188062 -0.185216
    33 1.100086 0.000000 0.000000 -0.000007 -0.040598 0.196316
    34 3.815876 1.385489 -1.500000 1.795722 1.205652 0.001176
    35 4.327089 -0.000004 0.000000 2.687658 -0.259285 -1.071980
    36 11.105106 0.000000 0.000004 0.011545 -0.005448 -1.132561
    37 9.862080 -0.000007 0.000017 -2.011257 0.023265 0.338795
    38 2.641111 0.211586 1.074188 -0.224212 -0.103322 -0.040642
    39 1.361601 0.000000 0.000000 -0.014328 -0.014186 -0.410956
    40 0.779604 0.000001 0.000000 0.086638 0.161996 -0.111712
    41 2.908730 0.220541 0.432493 -0.207470 -0.073545 -0.143604
    42 1.597527 0.000000 0.000000 0.064676 0.079496 -0.380531
    43 0.912678 0.000000 0.000000 -0.003814 -0.009247 -0.090916
    44 3.265471 0.051184 -0.415600 -0.193419 -0.029844 -0.058961
    45 1.860470 0.000000 0.000000 0.052045 0.044388 -0.460114
    46 1.061485 0.000000 0.000000 -0.004233 -0.011387 0.045868
    47 3.340403 -0.238762 -1.285691 -0.180214 -0.002696 -0.029835
    48 1.550755 0.000000 0.000000 -0.061734 -0.053983 -0.499310
    49 0.904886 0.000001 0.000000 -0.007999 -0.037681 0.144034
    50 1.219410 -1.061498 -0.840143 -1.690135 0.344972 -0.122837
    51 1.496971 0.000002 0.000000 -0.000014 0.188062 -0.185216
    52 1.100088 0.000000 0.000000 0.000007 0.040598 0.196316
    53 0.000000 -0.000007 -0.000031 1.373047 0.113574 0.124314
    54 0.000000 0.000000 0.000000 -0.077030 -0.068757 -1.299215
    55 7.054213 0.000000 0.000000 0.000000 0.000000 0.000000
    56 0.000000 -0.000007 -0.000031 1.373047 0.113574 0.124314
    57 0.000000 -0.000007 -0.000031 1.373047 0.113574 0.124314
    58 2.856947 -1.536175 -0.973780 -1.501147 -0.272558 -1.578261
    59 0.000000 0.000000 10.000000 0.000000 0.000000 0.000000
    60 2.856899 -1.536201 -0.973800 -1.501147 -0.272558 -1.578261
    61 2.000000 -3.000000 0.000000 -1.570796 0.000000 -1.326450
    62 0.018896 0.665159 9.395880 0.000000 0.000000 0.000000
    63 3.028210 -0.923409 -2.009452 1.574082 -0.012974 1.587244
    64 0.116954 4.311606 0.061861 0.000010 0.000000 0.000000
    65 0.000000 -0.000002 0.000000 0.000000 0.000000 0.000000
    66 0.000000 1.000000 0.000010 0.000000 0.000000 0.000000
    67 -0.000001 0.000000 0.000000 0.000000 0.000000 0.000000
    68 -0.000001 0.000000 0.000000 0.000000 0.000000 0.000000
    69 -0.000001 0.000000 0.000000 0.000000 0.000000 0.000000
time 30
    0 1.511719 3.308594 3.798828 0.199277 -0.202556 -0.043529
    1 3.455587 0.000000 0.000000 -2.207720 -0.260479 -1.253156
    2 16.572346 0.000000 0.000000 -0.004617 0.012743 0.448925
    3 16.265829 0.000000 0.000000 0.001438 -0.155055 -0.832095
    4 5.046457 0.000000 0.000000 0.020201 -0.027646 -0.420465
    5 -3.455587 0.000000 0.000000 -0.266921 -0.436115 -2.431406
    6 16.572346 0.000000 0.000000 0.025311 -0.060024 1.889058
    7 16.265831 0.000000 0.000000 0.029295 -0.036132 -0.981556
    8 5.046457 0.000000 0.000000 -0.111806 0.023849 -0.399195
    9 0.000000 3.703728 0.293189 1.516376 0.003127 1.573442
    10 3.307846 0.000000 0.000000 -0.018857 0.032716 -0.106126
    11 3.297962 0.000000 0.000000 -0.099246 0.285186 -0.388139
    12 6.040985 0.000000 0.000000 0.020331 -0.082749 0.187539
    13 5.065758 0.000000 0.000000 2.751984 -0.104775 0.403736
    14 3.993755 0.000000 0.000000 -0.133088 -0.417615 0.233759
    15 3.815876 1.385489 1.500000 0.019254 -0.894465 -1.428489
    16 4.327093 0.000004 0.000000 -0.279340 -0.119880 -0.345778
    17 11.105114 0.000000 0.000000 -0.036179 -0.018722 -0.699973
    18 9.862099 -0.000011 -0.000031 1.820905 -0.064654 0.106422
    19 2.641094 0.214619 -1.073586 0.204923 0.143299 -0.226648
    20 1.361605 -0.000002 0.000000 0.011394 0.016627 -0.599881
    21 0.779602 0.000002 0.000000 -0.054450 -0.175357 -0.302876
    22 2.908712 0.221762 -0.431868 0.197828 0.103894 -0.292786
    23 1.597527 0.000001 0.000000 -0.051956 -0.088303 -0.532546
    24 0.912680 0.000001 0.000000 0.002385 0.009683 -0.242644
    25 3.265450 0.050007 0.415744 0.187209 0.067909 -0.258128
    26 1.860470 0.000000 0.000000 -0.042091 -0.053928 -0.662606
    27 1.061481 -0.000001 0.000000 0.001830 0.012006 -0.156488
    28 3.340382 -0.242393 1.285012 0.180672 0.034142 -0.204037
    29 1.628906 -0.000005 0.000006 0.051292 0.063997 -0.676366
    30 0.904888 0.000001 0.000000 0.001263 0.038530 -0.033046
    31 1.219385 -1.063860 0.837143 1.693884 -0.344469 -0.124089
    32 1.496971 -0.000002 -0.000001 0.000014 -0.188062 -0.185216
    33 1.100086 0.000000 0.000000 -0.000007 -0.040598 0.196316
    34 3.815876 1.385489 -1.500000 1.791978 1.209555 -0.005598
    35 4.327089 -0.000004 0.000000 2.683444 -0.259814 -1.067590
    36 11.105106 0.000000 0.000004 0.011842 -0.005248 -1.134915
    37 9.862080 -0.000007 0.000017 -2.010700 0.022589 0.341851
    38 2.641111 0.211586 1.074188 -0.227642 -0.095514 -0.006732
    39 1.361601 0.000000 0.000000 -0.014789 -0.013713 -0.376360
    40 0.779604 0.000001 0.000000 0.092201 0.158847 -0.076771
    41 2.908730 0.220541 0.432493 -0.209383 -0.067807 -0.116366
    42 1.597527 0.000000 0.000000 0.066907 0.077652 -0.352717
    43 0.912678 0.000000 0.000000 -0.004117 -0.009113 -0.063183
    44 3.265471 0.051184 -0.415600 -0.194309 -0.022674 -0.022599
    45 1.860470 0.000000 0.000000 0.053601 0.042427 -0.423034
    46 1.061485 0.000000 0.000000 -0.004613 -0.011213 0.083010
    47 3.340403 -0.238762 -1.285691 -0.180231 0.003047 0.002065
    48 1.550755 0.000000 0.000000 -0.063466 -0.051941 -0.466932
    49 0.904886 0.000001 0.000000 -0.009203 -0.037407 0.176452
    50 1.219410 -1.061498 -0.840143 -1.690135 0.344972 -0.122837
    51 1.496971 0.000002 0.000000 -0.000014 0.188062 -0.185216
    52 1.100088 0.000000 0.000000 0.000007 0.040598 0.196316
    53 0.000000 -0.000007 -0.000031 1.373047 0.113574 0.124314
    54 0.000000 0.000000 0.000000 -0.077030 -0.068757 -1.299215
    55 7.054213 0.000000 0.000000 0.000000 0.000000 0.000000
    56 0.000000 -0.000007 -0.000031 1.373047 0.113574 0.124314
    57 0.000000 -0.000007 -0.000031 1.373047 0.113574 0.124314
    58 2.856947 -1.536175 -0.973780 -1.501147 -0.272558 -1.578261
    59 0.000000 0.000000 10.000000 0.000000 0.000000 0.000000
    60 2.856899 -1.536201 -0.973800 -1.501147 -0.272558 -1.578261
    61 2.000000 -3.000000 0.000000 -1.570796 0.000000 -1.326450
    62 0.018896 0.665159 9.395880 0.000000 0.000000 0.000000
    63 3.028210 -0.923409 -2.009452 1.574082 -0.012974 1.587244
    64 0.116954 4.311606 0.061861 0.000010 0.000000 0.000000
    65 0.000000 -0.000002 0.000000 0.000000 0.000000 0.000000
    66 0.000000 1.000000 0.000010 0.000000 0.000000 0.000000
    67 -0.000001 0.000000 0.000000 0.000000 0.000000 0.000000
    68 -0.000001 0.000000 0.000000 0.000000 0.000000 0.000000
    69 -0.000001 0.000000 0.000000 0.000000 0.000000 0.000000
time 31
    0 1.510742 3.308594 3.798828 0.199571 -0.202502 -0.043408
    1 3.455587 0.000000 0.000000 -2.237871 -0.256907 -1.247756
    2 16.572346 0.000000 0.000000 -0.004770 0.013222 0.449455
    3 16.265829 0.000000 0.000000 0.026546 -0.139986 -0.836837
    4 5.046457 0.000000 0.000000 0.020201 -0.027646 -0.420465
    5 -3.455587 0.000000 0.000000 -0.266881 -0.436600 -2.431219
    6 16.572346 0.000000 0.000000 0.025391 -0.060081 1.888094
    7 16.265831 0.000000 0.000000 0.028634 -0.035798 -0.981825
    8 5.046457 0.000000 0.000000 -0.111806 0.023849 -0.399195
    9 0.000000 3.703728 0.293189 1.516206 0.002769 1.573110
    10 3.307846 0.000000 0.000000 -0.018952 0.032707 -0.106646
    11 3.297962 0.000000 0.000000 -0.099488 0.285116 -0.389238
    12 6.040985 0.000000 0.000000 0.020475 -0.082407 0.186928
    13 5.065758 0.000000 0.000000 2.754436 -0.105562 0.405467
    14 3.993755 0.000000 0.000000 -0.135921 -0.422154 0.241831
    15 3.815876 1.385489 1.500000 0.019562 -0.894865 -1.429187
    16 4.327093 0.000004 0.000000 -0.277620 -0.119064 -0.343016
    17 11.105114 0.000000 0.000000 -0.036241 -0.018788 -0.701995
    18 9.862099 -0.000011 -0.000031 1.820692 -0.062134 0.107541
    19 2.641094 0.214619 -1.073586 0.204923 0.143299 -0.226648
    20 1.361605 -0.000002 0.000000 0.011394 0.016627 -0.599881
    21 0.779602 0.000002 0.000000 -0.054450 -0.175357 -0.302876
    22 2.908712 0.221762 -0.431868 0.197828 0.103894 -0.292786
    23 1.597527 0.000001 0.000000 -0.051956 -0.088303 -0.532546
    24 0.912680 0.000001 0.000000 0.002385 0.009683 -0.242644
    25 3.265450 0.050007 0.415744 0.187209 0.067909 -0.258128
    26 1.860470 0.000000 0.000000 -0.042091 -0.053928 -0.662606
    27 1.061481 -0.000001 0.000000 0.001830 0.012006 -0.156488
    28 3.340382 -0.242393 1.285012 0.180672 0.034142 -0.204037
    29 1.628906 -0.000005 0.000006 0.051292 0.063997 -0.676366
    30 0.904888 0.000001 0.000000 0.001263 0.038530 -0.033046
    31 1.219385 -1.063860 0.837143 1.693884 -0.344469 -0.124089
    32 1.496971 -0.000002 -0.000001 0.000014 -0.188062 -0.185216
    33 1.100086 0.000000 0.000000 -0.000007 -0.040598 0.196316
    34 3.815876 1.385489 -1.500000 1.787619 1.214032 -0.013297
    35 4.327089 -0.000004 0.000000 2.676832 -0.260378 -1.061948
    36 11.105106 0.000000 0.000004 0.012064 -0.005102 -1.136144
    37 9.862080 -0.000007 0.000017 -2.011059 0.022861 0.344468
    38 2.641111 0.211586 1.074188 -0.226846 -0.097242 -0.014315
    39 1.361601 0.000000 0.000000 -0.014651 -0.013754 -0.384097
    40 0.779604 0.000001 0.000000 0.090959 0.159608 -0.084558
    41 2.908730 0.220541 0.432493 -0.208966 -0.069124 -0.122420
    42 1.597527 0.000000 0.000000 0.066363 0.078069 -0.358961
    43 0.912678 0.000000 0.000000 -0.004003 -0.009122 -0.069316
    44 3.265471 0.051184 -0.415600 -0.194119 -0.024241 -0.030689
    45 1.860470 0.000000 0.000000 0.053286 0.042881 -0.431249
    46 1.061485 0.000000 0.000000 -0.004566 -0.011232 0.074716
    47 3.340403 -0.238762 -1.285691 -0.180239 0.001800 -0.005017
    48 1.550755 0.000000 0.000000 -0.063134 -0.052400 -0.474124
    49 0.904886 0.000001 0.000000 -0.008983 -0.037447 0.169254
    50 1.219410 -1.061498 -0.840143 -1.690135 0.344972 -0.122837
    51 1.496971 0.000002 0.000000 -0.000014 0.188062 -0.185216
    52 1.100088 0.000000 0.000000 0.000007 0.040598 0.196316
    53 0.000000 -0.000007 -0.000031 1.373047 0.113574 0.124314
    54 0.000000 0.000000 0.000000 -0.077030 -0.068757 -1.299215
    55 7.054213 0.000000 0.000000 0.000000 0.000000 0.000000
    56 0.000000 -0.000007 -0.000031 1.373047 0.113574 0.124314
    57 0.000000 -0.000007 -0.000031 1.373047 0.113574 0.124314
    58 2.856947 -1.536175 -0.973780 -1.501147 -0.272558 -1.578261
    59 0.000000 0.000000 10.000000 0.000000 0.000000 0.000000
    60 2.856899 -1.536201 -0.973800 -1.501147 -0.272558 -1.578261
    61 2.000000 -3.000000 0.000000 -1.570796 0.000000 -1.326450
    62 0.018896 0.665159 9.395880 0.000000 0.000000 0.000000
    63 3.028210 -0.923409 -2.009452 1.574082 -0.012974 1.587244
    64 0.116954 4.311606 0.061861 0.000010 0.000000 0.000000
    65 0.000000 -0.000002 0.000000 0.000000 0.000000 0.000000
    66 0.000000 1.000000 0.000010 0.000000 0.000000 0.000000
    67 -0.000001 0.000000 0.000000 0.000000 0.000000 0.000000
    68 -0.000001 0.000000 0.000000 0.000000 0.000000 0.000000
    69 -0.000001 0.000000 0.000000 0.000000 0.000000 0.000000
time 32
    0 1.509766 3.308594 3.800781 0.200466 -0.202330 -0.043169
    1 3.455587 0.000000 0.000000 -2.276243 -0.252631 -1.240959
    2 16.572346 0.000000 0.000000 -0.005067 0.013827 0.450692
    3 16.265829 0.000000 0.000000 0.058444 -0.122508 -0.843655
    4 5.046457 0.000000 0.000000 0.020201 -0.027646 -0.420465
    5 -3.455587 0.000000 0.000000 -0.267036 -0.437577 -2.430686
    6 16.572346 0.000000 0.000000 0.025464 -0.060050 1.885639
    7 16.265831 0.000000 0.000000 0.026925 -0.034946 -0.982643
    8 5.046457 0.000000 0.000000 -0.111806 0.023849 -0.399195
    9 0.000000 3.703728 0.293189 1.515783 0.001676 1.572755
    10 3.307846 0.000000 0.000000 -0.018970 0.032696 -0.107771
    11 3.297962 0.000000 0.000000 -0.100135 0.284946 -0.391368
    12 6.040985 0.000000 0.000000 0.020675 -0.081714 0.185709
    13 5.065758 0.000000 0.000000 2.757624 -0.106693 0.409082
    14 3.993755 0.000000 0.000000 -0.139815 -0.428149 0.252715
    15 3.815876 1.385489 1.500000 0.020076 -0.895531 -1.430352
    16 4.327093 0.000004 0.000000 -0.271876 -0.117887 -0.337871
    17 11.105114 0.000000 0.000000 -0.036332 -0.019009 -0.706407
    18 9.862099 -0.000011 -0.000031 1.817023 -0.062090 0.109855
    19 2.641094 0.214619 -1.073586 0.204923 0.143299 -0.226648
    20 1.361605 -0.000002 0.000000 0.011394 0.016627 -0.599881
    21 0.779602 0.000002 0.000000 -0.054450 -0.175357 -0.302876
    22 2.908712 0.221762 -0.431868 0.197828 0.103894 -0.292786
    23 1.597527 0.000001 0.000000 -0.051956 -0.088303 -0.532546
    24 0.912680 0.000001 0.000000 0.002385 0.009683 -0.242644
    25 3.265450 0.050007 0.415744 0.187209 0.067909 -0.258128
    26 1.860470 0.000000 0.000000 -0.042091 -0.053928 -0.662606
    27 1.061481 -0.000001 0.000000 0.001830 0.012006 -0.156488
    28 3.340382 -0.242393 1.285012 0.180672 0.034142 -0.204037
    29 1.628906 -0.000005 0.000006 0.051292 0.063997 -0.676366
    30 0.904888 0.000001 0.000000 0.001263 0.038530 -0.033046
    31 1.219385 -1.063860 0.837143 1.693884 -0.344469 -0.124089
    32 1.496971 -0.000002 -0.000001 0.000014 -0.188062 -0.185216
    33 1.100086 0.000000 0.000000 -0.000007 -0.040598 0.196316
    34 3.815876 1.385489 -1.500000 1.782675 1.218870 -0.022009
    35 4.327089 -0.000004 0.000000 2.668951 -0.260909 -1.055168
    36 11.105106 0.000000 0.000004 0.012356 -0.004912 -1.136862
    37 9.862080 -0.000007 0.000017 -2.012204 0.023580 0.346754
    38 2.641111 0.211586 1.074188 -0.224876 -0.101954 -0.034585
    39 1.361601 0.000000 0.000000 -0.014389 -0.014057 -0.404785
    40 0.779604 0.000001 0.000000 0.087598 0.161402 -0.105408
    41 2.908730 0.220541 0.432493 -0.207854 -0.072531 -0.138732
    42 1.597527 0.000000 0.000000 0.065090 0.079114 -0.375597
    43 0.912678 0.000000 0.000000 -0.003837 -0.009238 -0.085991
    44 3.265471 0.051184 -0.415600 -0.193618 -0.028525 -0.052491
    45 1.860470 0.000000 0.000000 0.052335 0.043982 -0.453466
    46 1.061485 0.000000 0.000000 -0.004269 -0.011287 0.052517
    47 3.340403 -0.238762 -1.285691 -0.180227 -0.001659 -0.024120
    48 1.550755 0.000000 0.000000 -0.062120 -0.053595 -0.493517
    49 0.904886 0.000001 0.000000 -0.008195 -0.037651 0.149838
    50 1.219410 -1.061498 -0.840143 -1.690135 0.344972 -0.122837
    51 1.496971 0.000002 0.000000 -0.000014 0.188062 -0.185216
    52 1.100088 0.000000 0.000000 0.000007 0.040598 0.196316
    53 0.000000 -0.000007 -0.000031 1.373047 0.113574 0.124314
    54 0.000000 0.000000 0.000000 -0.077030 -0.068757 -1.299215
    55 7.054213 0.000000 0.000000 0.000000 0.000000 0.000000
    56 0.000000 -0.000007 -0.000031 1.373047 0.113574 0.124314
    57 0.000000 -0.000007 -0.000031 1.373047 0.113574 0.124314
    58 2.856947 -1.536175 -0.973780 -1.501147 -0.272558 -1.578261
    59 0.000000 0.000000 10.000000 0.000000 0.000000 0.000000
    60 2.856899 -1.536201 -0.973800 -1.501147 -0.272558 -1.578261
    61 2.000000 -3.000000 0.000000 -1.570796 0.000000 -1.326450
    62 0.018896 0.665159 9.395880 0.000000 0.000000 0.000000
    63 3.028210 -0.923409 -2.009452 1.574082 -0.012974 1.587244
    64 0.116954 4.311606 0.061861 0.000010 0.000000 0.000000
    65 0.000000 -0.000002 0.000000 0.000000 0.000000 0.000000
    66 0.000000 1.000000 0.000010 0.000000 0.000000 0.000000
    67 -0.000001 0.000000 0.000000 0.000000 0.000000 0.000000
    68 -0.000001 0.000000 0.000000 0.000000 0.000000 0.000000
    69 -0.000001 0.000000 0.000000 0.000000 0.000000 0.000000
time 33
    0 1.507813 3.310547 3.808594 0.201309 -0.202086 -0.043050
    1 3.455587 0.000000 0.000000 -2.318203 -0.247450 -1.233925
    2 16.572346 0.000000 0.000000 -0.005258 0.014496 0.452108
    3 16.265829 0.000000 0.000000 0.093389 -0.103201 -0.850976
    4 5.046457 0.000000 0.000000 0.020201 -0.027646 -0.420465
    5 -3.455587 0.000000 0.000000 -0.267299 -0.438511 -2.430038
    6 16.572346 0.000000 0.000000 0.025449 -0.059874 1.882763
    7 16.265831 0.000000 0.000000 0.024991 -0.034214 -0.983657
    8 5.046457 0.000000 0.000000 -0.111806 0.023849 -0.399195
    9 0.000000 3.703728 0.293189 1.515276 0.000634 1.572080
    10 3.307846 0.000000 0.000000 -0.018990 0.032684 -0.108981
    11 3.297962 0.000000 0.000000 -0.100821 0.284763 -0.393770
    12 6.040985 0.000000 0.000000 0.020877 -0.081020 0.184404
    13 5.065758 0.000000 0.000000 2.760853 -0.107870 0.413058
    14 3.993755 0.000000 0.000000 -0.144277 -0.434481 0.264347
    15 3.815876 1.385489 1.500000 0.020880 -0.896463 -1.432152
    16 4.327093 0.000004 0.000000 -0.264810 -0.116311 -0.331942
    17 11.105114 0.000000 0.000000 -0.036414 -0.019245 -0.711651
    18 9.862099 -0.000011 -0.000031 1.811990 -0.063705 0.112373
    19 2.641094 0.214619 -1.073586 0.204923 0.143299 -0.226648
    20 1.361605 -0.000002 0.000000 0.011394 0.016627 -0.599881
    21 0.779602 0.000002 0.000000 -0.054450 -0.175357 -0.302876
    22 2.908712 0.221762 -0.431868 0.197828 0.103894 -0.292786
    23 1.597527 0.000001 0.000000 -0.051956 -0.088303 -0.532546
    24 0.912680 0.000001 0.000000 0.002385 0.009683 -0.242644
    25 3.265450 0.050007 0.415744 0.187209 0.067909 -0.258128
    26 1.860470 0.000000 0.000000 -0.042091 -0.053928 -0.662606
    27 1.061481 -0.000001 0.000000 0.001830 0.012006 -0.156488
    28 3.340382 -0.242393 1.285012 0.180672 0.034142 -0.204037
    29 1.628906 -0.000005 0.000006 0.051292 0.063997 -0.676366
    30 0.904888 0.000001 0.000000 0.001263 0.038530 -0.033046
    31 1.219385 -1.063860 0.837143 1.693884 -0.344469 -0.124089
    32 1.496971 -0.000002 -0.000001 0.000014 -0.188062 -0.185216
    33 1.100086 0.000000 0.000000 -0.000007 -0.040598 0.196316
    34 3.815876 1.385489 -1.500000 1.776852 1.224132 -0.031879
    35 4.327089 -0.000004 0.000000 2.660957 -0.261396 -1.047882
    36 11.105106 0.000000 0.000004 0.012722 -0.004675 -1.137477
    37 9.862080 -0.000007 0.000017 -2.013885 0.024296 0.348865
    38 2.641111 0.211586 1.074188 -0.221832 -0.108449 -0.063519
    39 1.361601 0.000000 0.000000 -0.013955 -0.014484 -0.434355
    40 0.779604 0.000001 0.000000 0.082836 0.163909 -0.135311
    41 2.908730 0.220541 0.432493 -0.206119 -0.077399 -0.161989
    42 1.597527 0.000000 0.000000 0.063197 0.080656 -0.399325
    43 0.912678 0.000000 0.000000 -0.003641 -0.009278 -0.109673
    44 3.265471 0.051184 -0.415600 -0.192596 -0.034642 -0.083595
    45 1.860470 0.000000 0.000000 0.050880 0.045686 -0.485164
    46 1.061485 0.000000 0.000000 -0.003918 -0.011441 0.020828
    47 3.340403 -0.238762 -1.285691 -0.180126 -0.006544 -0.051335
    48 1.550755 0.000000 0.000000 -0.060606 -0.055317 -0.521181
    49 0.904886 0.000001 0.000000 -0.007160 -0.037879 0.122126
    50 1.219410 -1.061498 -0.840143 -1.690135 0.344972 -0.122837
    51 1.496971 0.000002 0.000000 -0.000014 0.188062 -0.185216
    52 1.100088 0.000000 0.000000 0.000007 0.040598 0.196316
    53 0.000000 -0.000007 -0.000031 1.373047 0.113574 0.124314
    54 0.000000 0.000000 0.000000 -0.077030 -0.068757 -1.299215
    55 7.054213 0.000000 0.000000 0.000000 0.000000 0.000000
    56 0.000000 -0.000007 -0.000031 1.373047 0.113574 0.124314
    57 0.000000 -0.000007 -0.000031 1.373047 0.113574 0.124314
    58 2.856947 -1.536175 -0.973780 -1.501147 -0.272558 -1.578261
    59 0.000000 0.000000 10.000000 0.000000 0.000000 0.000000
    60 2.856899 -1.536201 -0.973800 -1.501147 -0.272558 -1.578261
    61 2.000000 -3.000000 0.000000 -1.570796 0.000000 -1.326450
    62 0.018896 0.665159 9.395880 0.000000 0.000000 0.000000
    63 3.028210 -0.923409 -2.009452 1.574082 -0.012974 1.587244
    64 0.116954 4.311606 0.061861 0.000010 0.000000 0.000000
    65 0.000000 -0.000002 0.000000 0.000000 0.000000 0.000000
    66 0.000000 1.000000 0.000010 0.000000 0.000000 0.000000
    67 -0.000001 0.000000 0.000000 0.000000 0.000000 0.000000
    68 -0.000001 0.000000 0.000000 0.000000 0.000000 0.000000
    69 -0.000001 0.000000 0.000000 0.000000 0.000000 0.000000
time 34
    0 1.506836 3.310547 3.812500 0.202020 -0.201978 -0.042809
    1 3.455587 0.000000 0.000000 -2.361472 -0.241496 -1.226867
    2 16.572346 0.000000 0.000000 -0.005534 0.015186 0.453345
    3 16.265829 0.000000 0.000000 0.129015 -0.082271 -0.857337
    4 5.046457 0.000000 0.000000 0.020201 -0.027646 -0.420465
    5 -3.455587 0.000000 0.000000 -0.267569 -0.439253 -2.429429
    6 16.572346 0.000000 0.000000 0.025475 -0.059771 1.880201
    7 16.265831 0.000000 0.000000 0.023322 -0.033440 -0.984483
    8 5.046457 0.000000 0.000000 -0.111806 0.023849 -0.399195
    9 0.000000 3.703728 0.293189 1.514939 -0.000150 1.571488
    10 3.307846 0.000000 0.000000 -0.018999 0.032590 -0.109845
    11 3.297962 0.000000 0.000000 -0.101348 0.284711 -0.395536
    12 6.040985 0.000000 0.000000 0.021061 -0.080415 0.183360
    13 5.065758 0.000000 0.000000 2.762995 -0.108639 0.416154
    14 3.993755 0.000000 0.000000 -0.148494 -0.440077 0.274652
    15 3.815876 1.385489 1.500000 0.021817 -0.897662 -1.434261
    16 4.327093 0.000004 0.000000 -0.258828 -0.114510 -0.326534
    17 11.105114 0.000000 0.000000 -0.036500 -0.019472 -0.716348
    18 9.862099 -0.000011 -0.000031 1.807557 -0.066164 0.114538
    19 2.641094 0.214619 -1.073586 0.204923 0.143299 -0.226648
    20 1.361605 -0.000002 0.000000 0.011394 0.016627 -0.599881
    21 0.779602 0.000002 0.000000 -0.054450 -0.175357 -0.302876
    22 2.908712 0.221762 -0.431868 0.197828 0.103894 -0.292786
    23 1.597527 0.000001 0.000000 -0.051956 -0.088303 -0.532546
    24 0.912680 0.000001 0.000000 0.002385 0.009683 -0.242644
    25 3.265450 0.050007 0.415744 0.187209 0.067909 -0.258128
    26 1.860470 0.000000 0.000000 -0.042091 -0.053928 -0.662606
    27 1.061481 -0.000001 0.000000 0.001830 0.012006 -0.156488
    28 3.340382 -0.242393 1.285012 0.180672 0.034142 -0.204037
    29 1.628906 -0.000005 0.000006 0.051292 0.063997 -0.676366
    30 0.904888 0.000001 0.000000 0.001263 0.038530 -0.033046
    31 1.219385 -1.063860 0.837143 1.693884 -0.344469 -0.124089
    32 1.496971 -0.000002 -0.000001 0.000014 -0.188062 -0.185216
    33 1.100086 0.000000 0.000000 -0.000007 -0.040598 0.196316
    34 3.815876 1.385489 -1.500000 1.770168 1.229966 -0.042901
    35 4.327089 -0.000004 0.000000 2.653475 -0.261447 -1.040362
    36 11.105106 0.000000 0.000004 0.013114 -0.004316 -1.138604
    37 9.862080 -0.000007 0.000017 -2.016026 0.025198 0.351138
    38 2.641111 0.211586 1.074188 -0.217941 -0.116182 -0.098239
    39 1.361601 0.000000 0.000000 -0.013448 -0.015024 -0.469701
    40 0.779604 0.000001 0.000000 0.076910 0.166739 -0.170998
    41 2.908730 0.220541 0.432493 -0.203892 -0.083206 -0.189828
    42 1.597527 0.000000 0.000000 0.060880 0.082439 -0.427723
    43 0.912678 0.000000 0.000000 -0.003417 -0.009409 -0.138044
    44 3.265471 0.051184 -0.415600 -0.191192 -0.041833 -0.120802
    45 1.860470 0.000000 0.000000 0.049134 0.047568 -0.522983
    46 1.061485 0.000000 0.000000 -0.003528 -0.011598 -0.016900
    47 3.340403 -0.238762 -1.285691 -0.179871 -0.012518 -0.083928
    48 1.550755 0.000000 0.000000 -0.058689 -0.057284 -0.554253
    49 0.904886 0.000001 0.000000 -0.005932 -0.038105 0.088988
    50 1.219410 -1.061498 -0.840143 -1.690135 0.344972 -0.122837
    51 1.496971 0.000002 0.000000 -0.000014 0.188062 -0.185216
    52 1.100088 0.000000 0.000000 0.000007 0.040598 0.196316
    53 0.000000 -0.000007 -0.000031 1.373047 0.113574 0.124314
    54 0.000000 0.000000 0.000000 -0.077030 -0.068757 -1.299215
    55 7.054213 0.000000 0.000000 0.000000 0.000000 0.000000
    56 0.000000 -0.000007 -0.000031 1.373047 0.113574 0.124314
    57 0.000000 -0.000007 -0.000031 1.373047 0.113574 0.124314
    58 2.856947 -1.536175 -0.973780 -1.501147 -0.272558 -1.578261
    59 0.000000 0.000000 10.000000 0.000000 0.000000 0.000000
    60 2.856899 -1.536201 -0.973800 -1.501147 -0.272558 -1.578261
    61 2.000000 -3.000000 0.000000 -1.570796 0.000000 -1.326450
    62 0.018896 0.665159 9.395880 0.000000 0.000000 0.000000
    63 3.028210 -0.923409 -2.009452 1.574082 -0.012974 1.587244
    64 0.116954 4.311606 0.061861 0.000010 0.000000 0.000000
    65 0.000000 -0.000002 0.000000 0.000000 0.000000 0.000000
    66 0.000000 1.000000 0.000010 0.000000 0.000000 0.000000
    67 -0.000001 0.000000 0.000000 0.000000 0.000000 0.000000
    68 -0.000001 0.000000 0.000000 0.000000 0.000000 0.000000
    69 -0.000001 0.000000 0.000000 0.000000 0.000000 0.000000
time 35
    0 1.506836 3.310547 3.814453 0.202128 -0.201866 -0.042687
    1 3.455587 0.000000 0.000000 -2.401619 -0.235049 -1.220707
    2 16.572346 0.000000 0.000000 -0.005834 0.015789 0.453963
    3 16.265829 0.000000 0.000000 0.162026 -0.060800 -0.861129
    4 5.046457 0.000000 0.000000 0.020201 -0.027646 -0.420465
    5 -3.455587 0.000000 0.000000 -0.267858 -0.439521 -2.429105
    6 16.572346 0.000000 0.000000 0.025459 -0.059687 1.879028
    7 16.265831 0.000000 0.000000 0.022545 -0.033072 -0.984850
    8 5.046457 0.000000 0.000000 -0.111806 0.023849 -0.399195
    9 0.000000 3.703728 0.293189 1.514855 -0.000239 1.571316
    10 3.307846 0.000000 0.000000 -0.019003 0.032588 -0.110105
    11 3.297962 0.000000 0.000000 -0.101500 0.284672 -0.396001
    12 6.040985 0.000000 0.000000 0.021079 -0.080327 0.183099
    13 5.065758 0.000000 0.000000 2.763349 -0.108763 0.416864
    14 3.993755 0.000000 0.000000 -0.151927 -0.444124 0.281251
    15 3.815876 1.385489 1.500000 0.023049 -0.899064 -1.436860
    16 4.327093 0.000004 0.000000 -0.256802 -0.112382 -0.323236
    17 11.105114 0.000000 0.000000 -0.036553 -0.019554 -0.719206
    18 9.862099 -0.000011 -0.000031 1.805969 -0.068405 0.115551
    19 2.641094 0.214619 -1.073586 0.204923 0.143299 -0.226648
    20 1.361605 -0.000002 0.000000 0.011394 0.016627 -0.599881
    21 0.779602 0.000002 0.000000 -0.054450 -0.175357 -0.302876
    22 2.908712 0.221762 -0.431868 0.197828 0.103894 -0.292786
    23 1.597527 0.000001 0.000000 -0.051956 -0.088303 -0.532546
    24 0.912680 0.000001 0.000000 0.002385 0.009683 -0.242644
    25 3.265450 0.050007 0.415744 0.187209 0.067909 -0.258128
    26 1.860470 0.000000 0.000000 -0.042091 -0.053928 -0.662606
    27 1.061481 -0.000001 0.000000 0.001830 0.012006 -0.156488
    28 3.340382 -0.242393 1.285012 0.180672 0.034142 -0.204037
    29 1.628906 -0.000005 0.000006 0.051292 0.063997 -0.676366
    30 0.904888 0.000001 0.000000 0.001263 0.038530 -0.033046
    31 1.219385 -1.063860 0.837143 1.693884 -0.344469 -0.124089
    32 1.496971 -0.000002 -0.000001 0.000014 -0.188062 -0.185216
    33 1.100086 0.000000 0.000000 -0.000007 -0.040598 0.196316
    34 3.815876 1.385489 -1.500000 1.762431 1.236236 -0.055402
    35 4.327089 -0.000004 0.000000 2.647233 -0.260850 -1.032961
    36 11.105106 0.000000 0.000004 0.013482 -0.004069 -1.140757
    37 9.862080 -0.000007 0.000017 -2.018240 0.026007 0.353753
    38 2.641111 0.211586 1.074188 -0.213549 -0.124171 -0.134860
    39 1.361601 0.000000 0.000000 -0.012850 -0.015457 -0.506982
    40 0.779604 0.000001 0.000000 0.070642 0.169558 -0.208706
    41 2.908730 0.220541 0.432493 -0.201292 -0.089193 -0.219291
    42 1.597527 0.000000 0.000000 0.058372 0.084200 -0.457730
    43 0.912678 0.000000 0.000000 -0.003096 -0.009530 -0.168003
    44 3.265471 0.051184 -0.415600 -0.189347 -0.049418 -0.160039
    45 1.860470 0.000000 0.000000 0.047198 0.049427 -0.562980
    46 1.061485 0.000000 0.000000 -0.003034 -0.011745 -0.056880
    47 3.340403 -0.238762 -1.285691 -0.179276 -0.018717 -0.118265
    48 1.550755 0.000000 0.000000 -0.056668 -0.059256 -0.589205
    49 0.904886 0.000001 0.000000 -0.004575 -0.038222 0.054058
    50 1.219410 -1.061498 -0.840143 -1.690135 0.344972 -0.122837
    51 1.496971 0.000002 0.000000 -0.000014 0.188062 -0.185216
    52 1.100088 0.000000 0.000000 0.000007 0.040598 0.196316
    53 0.000000 -0.000007 -0.000031 1.373047 0.113574 0.124314
    54 0.000000 0.000000 0.000000 -0.077030 -0.068757 -1.299215
    55 7.054213 0.000000 0.000000 0.000000 0.000000 0.000000
    56 0.000000 -0.000007 -0.000031 1.373047 0.113574 0.124314
    57 0.000000 -0.000007 -0.000031 1.373047 0.113574 0.124314
    58 2.856947 -1.536175 -0.973780 -1.501147 -0.272558 -1.578261
    59 0.000000 0.000000 10.000000 0.000000 0.000000 0.000000
    60 2.856899 -1.536201 -0.973800 -1.501147 -0.272558 -1.578261
    61 2.000000 -3.000000 0.000000 -1.570796 0.000000 -1.326450
    62 0.018896 0.665159 9.395880 0.000000 0.000000 0.000000
    63 3.028210 -0.923409 -2.009452 1.574082 -0.012974 1.587244
    64 0.116954 4.311606 0.061861 0.000010 0.000000 0.000000
    65 0.000000 -0.000002 0.000000 0.000000 0.000000 0.000000
    66 0.000000 1.000000 0.000010 0.000000 0.000000 0.000000
    67 -0.000001 0.000000 0.000000 0.000000 0.000000 0.000000
    68 -0.000001 0.000000 0.000000 0.000000 0.000000 0.000000
    69 -0.000001 0.000000 0.000000 0.000000 0.000000 0.000000
time 36
    0 1.507813 3.310547 3.808594 0.201463 -0.201923 -0.042806
    1 3.455587 0.000000 0.000000 -2.434208 -0.228617 -1.216140
    2 16.572346 0.000000 0.000000 -0.005993 0.016266 0.453429
    3 16.265829 0.000000 0.000000 0.188687 -0.040301 -0.861031
    4 5.046457 0.000000 0.000000 0.020201 -0.027646 -0.420465
    5 -3.455587 0.000000 0.000000 -0.268044 -0.439074 -2.429151
    6 16.572346 0.000000 0.000000 0.025481 -0.059769 1.879987
    7 16.265831 0.000000 0.000000 0.023276 -0.033171 -0.984477
    8 5.046457 0.000000 0.000000 -0.111806 0.023849 -0.399195
    9 0.000000 3.703728 0.293189 1.515024 0.000461 1.571819
    10 3.307846 0.000000 0.000000 -0.018993 0.032683 -0.109154
    11 3.297962 0.000000 0.000000 -0.100960 0.284728 -0.394144
    12 6.040985 0.000000 0.000000 0.020904 -0.080846 0.184144
    13 5.065758 0.000000 0.000000 2.760773 -0.107885 0.413876
    14 3.993755 0.000000 0.000000 -0.153567 -0.445505 0.281967
    15 3.815876 1.385489 1.500000 0.024400 -0.900659 -1.439862
    16 4.327093 0.000004 0.000000 -0.261431 -0.109912 -0.323288
    17 11.105114 0.000000 0.000000 -0.036506 -0.019436 -0.718838
    18 9.862099 -0.000011 -0.000031 1.809232 -0.069560 0.114772
    19 2.641094 0.214619 -1.073586 0.204923 0.143299 -0.226648
    20 1.361605 -0.000002 0.000000 0.011394 0.016627 -0.599881
    21 0.779602 0.000002 0.000000 -0.054450 -0.175357 -0.302876
    22 2.908712 0.221762 -0.431868 0.197828 0.103894 -0.292786
    23 1.597527 0.000001 0.000000 -0.051956 -0.088303 -0.532546
    24 0.912680 0.000001 0.000000 0.002385 0.009683 -0.242644
    25 3.265450 0.050007 0.415744 0.187209 0.067909 -0.258128
    26 1.860470 0.000000 0.000000 -0.042091 -0.053928 -0.662606
    27 1.061481 -0.000001 0.000000 0.001830 0.012006 -0.156488
    28 3.340382 -0.242393 1.285012 0.180672 0.034142 -0.204037
    29 1.628906 -0.000005 0.000006 0.051292 0.063997 -0.676366
    30 0.904888 0.000001 0.000000 0.001263 0.038530 -0.033046
    31 1.219385 -1.063860 0.837143 1.693884 -0.344469 -0.124089
    32 1.496971 -0.000002 -0.000001 0.000014 -0.188062 -0.185216
    33 1.100086 0.000000 0.000000 -0.000007 -0.040598 0.196316
    34 3.815876 1.385489 -1.500000 1.753684 1.242839 -0.069161
    35 4.327089 -0.000004 0.000000 2.643069 -0.259413 -1.026231
    36 11.105106 0.000000 0.000004 0.013853 -0.003810 -1.144554
    37 9.862080 -0.000007 0.000017 -2.019985 0.026635 0.357033
    38 2.641111 0.211586 1.074188 -0.209098 -0.131475 -0.169459
    39 1.361601 0.000000 0.000000 -0.012320 -0.015966 -0.541934
    40 0.779604 0.000001 0.000000 0.064608 0.171880 -0.244142
    41 2.908730 0.220541 0.432493 -0.198753 -0.094777 -0.246933
    42 1.597527 0.000000 0.000000 0.056010 0.085788 -0.485887
    43 0.912678 0.000000 0.000000 -0.002790 -0.009556 -0.196090
    44 3.265471 0.051184 -0.415600 -0.187458 -0.056477 -0.196967
    45 1.860470 0.000000 0.000000 0.045353 0.051196 -0.600501
    46 1.061485 0.000000 0.000000 -0.002637 -0.011878 -0.094375
    47 3.340403 -0.238762 -1.285691 -0.178648 -0.024551 -0.150590
    48 1.550755 0.000000 0.000000 -0.054659 -0.061118 -0.622080
    49 0.904886 0.000001 0.000000 -0.003343 -0.038384 0.021218
    50 1.219410 -1.061498 -0.840143 -1.690135 0.344972 -0.122837
    51 1.496971 0.000002 0.000000 -0.000014 0.188062 -0.185216
    52 1.100088 0.000000 0.000000 0.000007 0.040598 0.196316
    53 0.000000 -0.000007 -0.000031 1.373047 0.113574 0.124314
    54 0.000000 0.000000 0.000000 -0.077030 -0.068757 -1.299215
    55 7.054213 0.000000 0.000000 0.000000 0.000000 0.000000
    56 0.000000 -0.000007 -0.000031 1.373047 0.113574 0.124314
    57 0.000000 -0.000007 -0.000031 1.373047 0.113574 0.124314
    58 2.856947 -1.536175 -0.973780 -1.501147 -0.272558 -1.578261
    59 0.000000 0.000000 10.000000 0.000000 0.000000 0.000000
    60 2.856899 -1.536201 -0.973800 -1.501147 -0.272558 -1.578261
    61 2.000000 -3.000000 0.000000 -1.570796 0.000000 -1.326450
    62 0.018896 0.665159 9.395880 0.000000 0.000000 0.000000
    63 3.028210 -0.923409 -2.009452 1.574082 -0.012974 1.587244
    64 0.116954 4.311606 0.061861 0.000010 0.000000 0.000000
    65 0.000000 -0.000002 0.000000 0.000000 0.000000 0.000000
    66 0.000000 1.000000 0.000010 0.000000 0.000000 0.000000
    67 -0.000001 0.000000 0.000000 0.000000 0.000000 0.000000
    68 -0.000001 0.000000 0.000000 0.000000 0.000000 0.000000
    69 -0.000001 0.000000 0.000000 0.000000 0.000000 0.000000
time 37
    0 1.510742 3.308594 3.798828 0.199535 -0.202156 -0.043163
    1 3.455587 0.000000 0.000000 -2.456313 -0.222217 -1.213636
    2 16.572346 0.000000 0.000000 -0.006037 0.016532 0.451303
    3 16.265829 0.000000 0.000000 0.206679 -0.021407 -0.855732
    4 5.046457 0.000000 0.000000 0.020201 -0.027646 -0.420465
    5 -3.455587 0.000000 0.000000 -0.268165 -0.437532 -2.429921
    6 16.572346 0.000000 0.000000 0.025407 -0.059892 1.884152
    7 16.265831 0.000000 0.000000 0.026140 -0.034189 -0.983096
    8 5.046457 0.000000 0.000000 -0.111806 0.023849 -0.399195
    9 0.000000 3.703728 0.293189 1.515869 0.002667 1.572862
    10 3.307846 0.000000 0.000000 -0.018953 0.032706 -0.106733
    11 3.297962 0.000000 0.000000 -0.099589 0.285095 -0.389340
    12 6.040985 0.000000 0.000000 0.020475 -0.082407 0.186928
    13 5.065758 0.000000 0.000000 2.754494 -0.105629 0.405654
    14 3.993755 0.000000 0.000000 -0.152705 -0.443438 0.274387
    15 3.815876 1.385489 1.500000 0.026003 -0.902593 -1.443272
    16 4.327093 0.000004 0.000000 -0.275087 -0.107051 -0.328255
    17 11.105114 0.000000 0.000000 -0.036374 -0.019088 -0.713589
    18 9.862099 -0.000011 -0.000031 1.819099 -0.068981 0.111239
    19 2.641094 0.214619 -1.073586 0.204923 0.143299 -0.226648
    20 1.361605 -0.000002 0.000000 0.011394 0.016627 -0.599881
    21 0.779602 0.000002 0.000000 -0.054450 -0.175357 -0.302876
    22 2.908712 0.221762 -0.431868 0.197828 0.103894 -0.292786
    23 1.597527 0.000001 0.000000 -0.051956 -0.088303 -0.532546
    24 0.912680 0.000001 0.000000 0.002385 0.009683 -0.242644
    25 3.265450 0.050007 0.415744 0.187209 0.067909 -0.258128
    26 1.860470 0.000000 0.000000 -0.042091 -0.053928 -0.662606
    27 1.061481 -0.000001 0.000000 0.001830 0.012006 -0.156488
    28 3.340382 -0.242393 1.285012 0.180672 0.034142 -0.204037
    29 1.628906 -0.000005 0.000006 0.051292 0.063997 -0.676366
    30 0.904888 0.000001 0.000000 0.001263 0.038530 -0.033046
    31 1.219385 -1.063860 0.837143 1.693884 -0.344469 -0.124089
    32 1.496971 -0.000002 -0.000001 0.000014 -0.188062 -0.185216
    33 1.100086 0.000000 0.000000 -0.000007 -0.040598 0.196316
    34 3.815876 1.385489 -1.500000 1.743893 1.249873 -0.084454
    35 4.327089 -0.000004 0.000000 2.641527 -0.257178 -1.020263
    36 11.105106 0.000000 0.000004 0.014273 -0.003606 -1.150517
    37 9.862080 -0.000007 0.000017 -2.020897 0.026728 0.361114
    38 2.641111 0.211586 1.074188 -0.205215 -0.137638 -0.198802
    39 1.361601 0.000000 0.000000 -0.011866 -0.016265 -0.571746
    40 0.779604 0.000001 0.000000 0.059440 0.173691 -0.274268
    41 2.908730 0.220541 0.432493 -0.196530 -0.099500 -0.270499
    42 1.597527 0.000000 0.000000 0.053903 0.087153 -0.509851
    43 0.912678 0.000000 0.000000 -0.002580 -0.009665 -0.220047
    44 3.265471 0.051184 -0.415600 -0.185527 -0.062357 -0.228411
    45 1.860470 0.000000 0.000000 0.043661 0.052628 -0.632428
    46 1.061485 0.000000 0.000000 -0.002188 -0.011902 -0.126368
    47 3.340403 -0.238762 -1.285691 -0.177903 -0.029498 -0.178078
    48 1.550755 0.000000 0.000000 -0.053009 -0.062608 -0.649933
    49 0.904886 0.000001 0.000000 -0.002289 -0.038512 -0.006691
    50 1.219410 -1.061498 -0.840143 -1.690135 0.344972 -0.122837
    51 1.496971 0.000002 0.000000 -0.000014 0.188062 -0.185216
    52 1.100088 0.000000 0.000000 0.000007 0.040598 0.196316
    53 0.000000 -0.000007 -0.000031 1.373047 0.113574 0.124314
    54 0.000000 0.000000 0.000000 -0.077030 -0.068757 -1.299215
    55 7.054213 0.000000 0.000000 0.000000 0.000000 0.000000
    56 0.000000 -0.000007 -0.000031 1.373047 0.113574 0.124314
    57 0.000000 -0.000007 -0.000031 1.373047 0.113574 0.124314
    58 2.856947 -1.536175 -0.973780 -1.501147 -0.272558 -1.578261
    59 0.000000 0.000000 10.000000 0.000000 0.000000 0.000000
    60 2.856899 -1.536201 -0.973800 -1.501147 -0.272558 -1.578261
    61 2.000000 -3.000000 0.000000 -1.570796 0.000000 -1.326450
    62 0.018896 0.665159 9.395880 0.000000 0.000000 0.000000
    63 3.028210 -0.923409 -2.009452 1.574082 -0.012974 1.587244
    64 0.116954 4.311606 0.061861 0.000010 0.000000 0.000000
    65 0.000000 -0.000002 0.000000 0.000000 0.000000 0.000000
    66 0.000000 1.000000 0.000010 0.000000 0.000000 0.000000
    67 -0.000001 0.000000 0.000000 0.000000 0.000000 0.000000
    68 -0.000001 0.000000 0.000000 0.000000 0.000000 0.000000
    69 -0.000001 0.000000 0.000000 0.000000 0.000000 0.000000
time 38
    0 1.516602 3.306641 3.798828 0.196098 -0.202695 -0.043751
    1 3.455587 0.000000 0.000000 -2.463120 -0.215842 -1.214060
    2 16.572346 0.000000 0.000000 -0.005952 0.016667 0.446699
    3 16.265829 0.000000 0.000000 0.212309 -0.005341 -0.844395
    4 5.046457 0.000000 0.000000 0.020201 -0.027646 -0.420465
    5 -3.455587 0.000000 0.000000 -0.268436 -0.433765 -2.431410
    6 16.572346 0.000000 0.000000 0.024898 -0.059762 1.892066
    7 16.265831 0.000000 0.000000 0.031963 -0.036966 -0.980473
    8 5.046457 0.000000 0.000000 -0.111806 0.023849 -0.399195
    9 0.000000 3.703728 0.293189 1.517405 0.006299 1.575242
    10 3.307846 0.000000 0.000000 -0.018793 0.032753 -0.102235
    11 3.297962 0.000000 0.000000 -0.097015 0.285678 -0.380463
    12 6.040985 0.000000 0.000000 0.019662 -0.085176 0.191892
    13 5.065758 0.000000 0.000000 2.743420 -0.101598 0.390934
    14 3.993755 0.000000 0.000000 -0.148943 -0.436346 0.256691
    15 3.815876 1.385489 1.500000 0.027818 -0.904718 -1.447264
    16 4.327093 0.000004 0.000000 -0.299618 -0.103634 -0.339554
    17 11.105114 0.000000 0.000000 -0.035928 -0.018390 -0.701633
    18 9.862099 -0.000011 -0.000031 1.836889 -0.066592 0.103476
    19 2.641094 0.214619 -1.073586 0.204923 0.143299 -0.226648
    20 1.361605 -0.000002 0.000000 0.011394 0.016627 -0.599881
    21 0.779602 0.000002 0.000000 -0.054450 -0.175357 -0.302876
    22 2.908712 0.221762 -0.431868 0.197828 0.103894 -0.292786
    23 1.597527 0.000001 0.000000 -0.051956 -0.088303 -0.532546
    24 0.912680 0.000001 0.000000 0.002385 0.009683 -0.242644
    25 3.265450 0.050007 0.415744 0.187209 0.067909 -0.258128
    26 1.860470 0.000000 0.000000 -0.042091 -0.053928 -0.662606
    27 1.061481 -0.000001 0.000000 0.001830 0.012006 -0.156488
    28 3.340382 -0.242393 1.285012 0.180672 0.034142 -0.204037
    29 1.628906 -0.000005 0.000006 0.051292 0.063997 -0.676366
    30 0.904888 0.000001 0.000000 0.001263 0.038530 -0.033046
    31 1.219385 -1.063860 0.837143 1.693884 -0.344469 -0.124089
    32 1.496971 -0.000002 -0.000001 0.000014 -0.188062 -0.185216
    33 1.100086 0.000000 0.000000 -0.000007 -0.040598 0.196316
    34 3.815876 1.385489 -1.500000 1.732611 1.257375 -0.101414
    35 4.327089 -0.000004 0.000000 2.643874 -0.254776 -1.015126
    36 11.105106 0.000000 0.000004 0.015010 -0.003075 -1.158759
    37 9.862080 -0.000007 0.000017 -2.020631 0.025342 0.366071
    38 2.641111 0.211586 1.074188 -0.202374 -0.141820 -0.219143
    39 1.361601 0.000000 0.000000 -0.011483 -0.016501 -0.592295
    40 0.779604 0.000001 0.000000 0.055780 0.174895 -0.295142
    41 2.908730 0.220541 0.432493 -0.194880 -0.102724 -0.286766
    42 1.597527 0.000000 0.000000 0.052437 0.088022 -0.526440
    43 0.912678 0.000000 0.000000 -0.002414 -0.009676 -0.236558
    44 3.265471 0.051184 -0.415600 -0.184162 -0.066379 -0.250106
    45 1.860470 0.000000 0.000000 0.042475 0.053539 -0.654477
    46 1.061485 0.000000 0.000000 -0.001971 -0.011919 -0.148349
    47 3.340403 -0.238762 -1.285691 -0.177277 -0.032894 -0.197028
    48 1.550755 0.000000 0.000000 -0.051766 -0.063628 -0.669311
    49 0.904886 0.000001 0.000000 -0.001486 -0.038526 -0.025961
    50 1.219410 -1.061498 -0.840143 -1.690135 0.344972 -0.122837
    51 1.496971 0.000002 0.000000 -0.000014 0.188062 -0.185216
    52 1.100088 0.000000 0.000000 0.000007 0.040598 0.196316
    53 0.000000 -0.000007 -0.000031 1.373047 0.113574 0.124314
    54 0.000000 0.000000 0.000000 -0.077030 -0.068757 -1.299215
    55 7.054213 0.000000 0.000000 0.000000 0.000000 0.000000
    56 0.000000 -0.000007 -0.000031 1.373047 0.113574 0.124314
    57 0.000000 -0.000007 -0.000031 1.373047 0.113574 0.124314
    58 2.856947 -1.536175 -0.973780 -1.501147 -0.272558 -1.578261
    59 0.000000 0.000000 10.000000 0.000000 0.000000 0.000000
    60 2.856899 -1.536201 -0.973800 -1.501147 -0.272558 -1.578261
    61 2.000000 -3.000000 0.000000 -1.570796 0.000000 -1.326450
    62 0.018896 0.665159 9.395880 0.000000 0.000000 0.000000
    63 3.028210 -0.923409 -2.009452 1.574082 -0.012974 1.587244
    64 0.116954 4.311606 0.061861 0.000010 0.000000 0.000000
    65 0.000000 -0.000002 0.000000 0.000000 0.000000 0.000000
    66 0.000000 1.000000 0.000010 0.000000 0.000000 0.000000
    67 -0.000001 0.000000 0.000000 0.000000 0.000000 0.000000
    68 -0.000001 0.000000 0.000000 0.000000 0.000000 0.000000
    69 -0.000001 0.000000 0.000000 0.000000 0.000000 0.000000
time 39
    0 1.525391 3.300781 3.798828 0.190924 -0.203657 -0.044678
    1 3.455587 0.000000 0.000000 -2.450413 -0.210170 -1.217933
    2 16.572346 0.000000 0.000000 -0.005799 0.016420 0.439267
    3 16.265829 0.000000 0.000000 0.202551 0.006848 -0.826158
    4 5.046457 0.000000 0.000000 0.020201 -0.027646 -0.420465
    5 -3.455587 0.000000 0.000000 -0.268629 -0.427961 -2.433728
    6 16.572346 0.000000 0.000000 0.024168 -0.059425 1.904745
    7 16.265831 0.000000 0.000000 0.041037 -0.041564 -0.976274
    8 5.046457 0.000000 0.000000 -0.111806 0.023849 -0.399195
    9 0.000000 3.703728 0.293189 1.519829 0.011851 1.578795
    10 3.307846 0.000000 0.000000 -0.018513 0.032911 -0.095402
    11 3.297962 0.000000 0.000000 -0.093119 0.286661 -0.367072
    12 6.040985 0.000000 0.000000 0.018399 -0.089412 0.199565
    13 5.065758 0.000000 0.000000 2.726691 -0.095648 0.368628
    14 3.993755 0.000000 0.000000 -0.142316 -0.422742 0.227829
    15 3.815876 1.385489 1.500000 0.029844 -0.906912 -1.451534
    16 4.327093 0.000004 0.000000 -0.335241 -0.101520 -0.358099
    17 11.105114 0.000000 0.000000 -0.035166 -0.017332 -0.681825
    18 9.862099 -0.000011 -0.000031 1.862414 -0.061672 0.091410
    19 2.641094 0.214619 -1.073586 0.204923 0.143299 -0.226648
    20 1.361605 -0.000002 0.000000 0.011394 0.016627 -0.599881
    21 0.779602 0.000002 0.000000 -0.054450 -0.175357 -0.302876
    22 2.908712 0.221762 -0.431868 0.197828 0.103894 -0.292786
    23 1.597527 0.000001 0.000000 -0.051956 -0.088303 -0.532546
    24 0.912680 0.000001 0.000000 0.002385 0.009683 -0.242644
    25 3.265450 0.050007 0.415744 0.187209 0.067909 -0.258128
    26 1.860470 0.000000 0.000000 -0.042091 -0.053928 -0.662606
    27 1.061481 -0.000001 0.000000 0.001830 0.012006 -0.156488
    28 3.340382 -0.242393 1.285012 0.180672 0.034142 -0.204037
    29 1.628906 -0.000005 0.000006 0.051292 0.063997 -0.676366
    30 0.904888 0.000001 0.000000 0.001263 0.038530 -0.033046
    31 1.219385 -1.063860 0.837143 1.693884 -0.344469 -0.124089
    32 1.496971 -0.000002 -0.000001 0.000014 -0.188062 -0.185216
    33 1.100086 0.000000 0.000000 -0.000007 -0.040598 0.196316
    34 3.815876 1.385489 -1.500000 1.719805 1.265120 -0.120195
    35 4.327089 -0.000004 0.000000 2.650708 -0.251616 -1.011233
    36 11.105106 0.000000 0.000004 0.015986 -0.002563 -1.169820
    37 9.862080 -0.000007 0.000017 -2.019233 0.022652 0.372118
    38 2.641111 0.211586 1.074188 -0.201327 -0.143306 -0.226689
    39 1.361601 0.000000 0.000000 -0.011394 -0.016627 -0.599881
    40 0.779604 0.000001 0.000000 0.054450 0.175357 -0.302876
    41 2.908730 0.220541 0.432493 -0.194226 -0.103877 -0.292835
    42 1.597527 0.000000 0.000000 0.051956 0.088303 -0.532546
    43 0.912678 0.000000 0.000000 -0.002385 -0.009683 -0.242644
    44 3.265471 0.051184 -0.415600 -0.183626 -0.067869 -0.258123
    45 1.860470 0.000000 0.000000 0.042091 0.053928 -0.662606
    46 1.061485 0.000000 0.000000 -0.001830 -0.012006 -0.156488
    47 3.340403 -0.238762 -1.285691 -0.177006 -0.034199 -0.204061
    48 1.550755 0.000000 0.000000 -0.051292 -0.063997 -0.676366
    49 0.904886 0.000001 0.000000 -0.001263 -0.038530 -0.033046
    50 1.219410 -1.061498 -0.840143 -1.690135 0.344972 -0.122837
    51 1.496971 0.000002 0.000000 -0.000014 0.188062 -0.185216
    52 1.100088 0.000000 0.000000 0.000007 0.040598 0.196316
    53 0.000000 -0.000007 -0.000031 1.373047 0.113574 0.124314
    54 0.000000 0.000000 0.000000 -0.077030 -0.068757 -1.299215
    55 7.054213 0.000000 0.000000 0.000000 0.000000 0.000000
    56 0.000000 -0.000007 -0.000031 1.373047 0.113574 0.124314
    57 0.000000 -0.000007 -0.000031 1.373047 0.113574 0.124314
    58 2.856947 -1.536175 -0.973780 -1.501147 -0.272558 -1.578261
    59 0.000000 0.000000 10.000000 0.000000 0.000000 0.000000
    60 2.856899 -1.536201 -0.973800 -1.501147 -0.272558 -1.578261
    61 2.000000 -3.000000 0.000000 -1.570796 0.000000 -1.326450
    62 0.018896 0.665159 9.395880 0.000000 0.000000 0.000000
    63 3.028210 -0.923409 -2.009452 1.574082 -0.012974 1.587244
    64 0.116954 4.311606 0.061861 0.000010 0.000000 0.000000
    65 0.000000 -0.000002 0.000000 0.000000 0.000000 0.000000
    66 0.000000 1.000000 0.000010 0.000000 0.000000 0.000000
    67 -0.000001 0.000000 0.000000 0.000000 0.000000 0.000000
    68 -0.000001 0.000000 0.000000 0.000000 0.000000 0.000000
    69 -0.000001 0.000000 0.000000 0.000000 0.000000 0.000000
time 40
    0 1.544922 3.291016 3.798828 0.181236 -0.205808 -0.046846
    1 3.455587 0.000000 0.000000 -2.374178 -0.202116 -1.234563
    2 16.572346 0.000000 0.000000 -0.005052 0.015517 0.411364
    3 16.265829 0.000000 0.000000 0.143103 0.009476 -0.770573
    4 5.046457 0.000000 0.000000 0.020201 -0.027646 -0.420465
    5 -3.455587 0.000000 0.000000 -0.265095 -0.413307 -2.441486
    6 16.572346 0.000000 0.000000 0.022352 -0.058739 1.934564
    7 16.265831 0.000000 0.000000 0.059455 -0.054733 -0.966718
    8 5.046457 0.000000 0.000000 -0.111806 0.023849 -0.399195
    9 0.000000 3.703728 0.293189 1.525520 0.027661 1.587268
    10 3.307846 0.000000 0.000000 -0.017997 0.033153 -0.079580
    11 3.297962 0.000000 0.000000 -0.083883 0.290833 -0.337601
    12 6.040985 0.000000 0.000000 0.015672 -0.100478 0.216598
    13 5.065758 0.000000 0.000000 2.682087 -0.083294 0.311647
    14 3.993755 0.000000 0.000000 -0.128409 -0.380842 0.153396
    15 3.815876 1.385489 1.500000 0.046456 -0.921075 -1.485052
    16 4.327093 0.000004 0.000000 -0.414724 -0.085720 -0.375451
    17 11.105114 0.000000 0.000000 -0.033835 -0.015288 -0.653070
    18 9.862099 -0.000011 -0.000031 1.922538 -0.047251 0.069326
    19 2.641094 0.214619 -1.073586 0.204923 0.143299 -0.226648
    20 1.361605 -0.000002 0.000000 0.011394 0.016627 -0.599881
    21 0.779602 0.000002 0.000000 -0.054450 -0.175357 -0.302876
    22 2.908712 0.221762 -0.431868 0.197828 0.103894 -0.292786
    23 1.597527 0.000001 0.000000 -0.051956 -0.088303 -0.532546
    24 0.912680 0.000001 0.000000 0.002385 0.009683 -0.242644
    25 3.265450 0.050007 0.415744 0.187209 0.067909 -0.258128
    26 1.860470 0.000000 0.000000 -0.042091 -0.053928 -0.662606
    27 1.061481 -0.000001 0.000000 0.001830 0.012006 -0.156488
    28 3.340382 -0.242393 1.285012 0.180672 0.034142 -0.204037
    29 1.628906 -0.000005 0.000006 0.051292 0.063997 -0.676366
    30 0.904888 0.000001 0.000000 0.001263 0.038530 -0.033046
    31 1.219385 -1.063860 0.837143 1.693884 -0.344469 -0.124089
    32 1.496971 -0.000002 -0.000001 0.000014 -0.188062 -0.185216
    33 1.100086 0.000000 0.000000 -0.000007 -0.040598 0.196316
    34 3.815876 1.385489 -1.500000 1.651588 1.302026 -0.219005
    35 4.327089 -0.000004 0.000000 2.652351 -0.242485 -0.979177
    36 11.105106 0.000000 0.000004 0.017498 -0.001401 -1.201986
    37 9.862080 -0.000007 0.000017 -2.121856 0.022580 0.377550
    38 2.641111 0.211586 1.074188 -0.201327 -0.143306 -0.226689
    39 1.361601 0.000000 0.000000 -0.011394 -0.016627 -0.599881
    40 0.779604 0.000001 0.000000 0.054450 0.175357 -0.302876
    41 2.908730 0.220541 0.432493 -0.194226 -0.103877 -0.292835
    42 1.597527 0.000000 0.000000 0.051956 0.088303 -0.532546
    43 0.912678 0.000000 0.000000 -0.002385 -0.009683 -0.242644
    44 3.265471 0.051184 -0.415600 -0.183626 -0.067869 -0.258123
    45 1.860470 0.000000 0.000000 0.042091 0.053928 -0.662606
    46 1.061485 0.000000 0.000000 -0.001830 -0.012006 -0.156488
    47 3.340403 -0.238762 -1.285691 -0.177006 -0.034199 -0.204061
    48 1.550755 0.000000 0.000000 -0.051292 -0.063997 -0.676366
    49 0.904886 0.000001 0.000000 -0.001263 -0.038530 -0.033046
    50 1.219410 -1.061498 -0.840143 -1.690135 0.344972 -0.122837
    51 1.496971 0.000002 0.000000 -0.000014 0.188062 -0.185216
    52 1.100088 0.000000 0.000000 0.000007 0.040598 0.196316
    53 0.000000 -0.000007 -0.000031 1.373047 0.113574 0.124314
    54 0.000000 0.000000 0.000000 -0.077030 -0.068757 -1.299215
    55 7.054213 0.000000 0.000000 0.000000 0.000000 0.000000
    56 0.000000 -0.000007 -0.000031 1.373047 0.113574 0.124314
    57 0.000000 -0.000007 -0.000031 1.373047 0.113574 0.124314
    58 2.856947 -1.536175 -0.973780 -1.501147 -0.272558 -1.578261
    59 0.000000 0.000000 10.000000 0.000000 0.000000 0.000000
    60 2.856899 -1.536201 -0.973800 -1.501147 -0.272558 -1.578261
    61 2.000000 -3.000000 0.000000 -1.570796 0.000000 -1.326450
    62 0.018896 0.665159 9.395880 0.000000 0.000000 0.000000
    63 3.028210 -0.923409 -2.009452 1.574082 -0.012974 1.587244
    64 0.116954 4.311606 0.061861 0.000010 0.000000 0.000000
    65 0.000000 -0.000002 0.000000 0.000000 0.000000 0.000000
    66 0.000000 1.000000 0.000010 0.000000 0.000000 0.000000
    67 -0.000001 0.000000 0.000000 0.000000 0.000000 0.000000
    68 -0.000001 0.000000 0.000000 0.000000 0.000000 0.000000
    69 -0.000001 0.000000 0.000000 0.000000 0.000000 0.000000
time 41
    0 1.578125 3.273438 3.798828 0.166039 -0.209616 -0.050477
    1 3.455587 0.000000 0.000000 -2.214751 -0.184348 -1.267828
    2 16.572346 0.000000 0.000000 -0.003892 0.013503 0.355091
    3 16.265829 0.000000 0.000000 0.022073 0.009578 -0.675165
    4 5.046457 0.000000 0.000000 0.020201 -0.027646 -0.420465
    5 -3.455587 0.000000 0.000000 -0.257579 -0.386593 -2.454938
    6 16.572346 0.000000 0.000000 0.019128 -0.057025 1.983615
    7 16.265831 0.000000 0.000000 0.086101 -0.079528 -0.950274
    8 5.046457 0.000000 0.000000 -0.111806 0.023849 -0.399195
    9 0.000000 3.703728 0.293189 1.535558 0.054844 1.601636
    10 3.307846 0.000000 0.000000 -0.017128 0.033573 -0.053048
    11 3.297962 0.000000 0.000000 -0.068458 0.298589 -0.288965
    12 6.040985 0.000000 0.000000 0.011348 -0.119491 0.244592
    13 5.065758 0.000000 0.000000 2.602662 -0.065268 0.217367
    14 3.993755 0.000000 0.000000 -0.118132 -0.295859 0.041317
    15 3.815876 1.385489 1.500000 0.087267 -0.950027 -1.563708
    16 4.327093 0.000004 0.000000 -0.524331 -0.060015 -0.378269
    17 11.105114 0.000000 0.000000 -0.032016 -0.012674 -0.623375
    18 9.862099 -0.000011 -0.000031 2.002146 -0.025732 0.040987
    19 2.641094 0.214619 -1.073586 0.204923 0.143299 -0.226648
    20 1.361605 -0.000002 0.000000 0.011394 0.016627 -0.599881
    21 0.779602 0.000002 0.000000 -0.054450 -0.175357 -0.302876
    22 2.908712 0.221762 -0.431868 0.197828 0.103894 -0.292786
    23 1.597527 0.000001 0.000000 -0.051956 -0.088303 -0.532546
    24 0.912680 0.000001 0.000000 0.002385 0.009683 -0.242644
    25 3.265450 0.050007 0.415744 0.187209 0.067909 -0.258128
    26 1.860470 0.000000 0.000000 -0.042091 -0.053928 -0.662606
    27 1.061481 -0.000001 0.000000 0.001830 0.012006 -0.156488
    28 3.340382 -0.242393 1.285012 0.180672 0.034142 -0.204037
    29 1.628906 -0.000005 0.000006 0.051292 0.063997 -0.676366
    30 0.904888 0.000001 0.000000 0.001263 0.038530 -0.033046
    31 1.219385 -1.063860 0.837143 1.693884 -0.344469 -0.124089
    32 1.496971 -0.000002 -0.000001 0.000014 -0.188062 -0.185216
    33 1.100086 0.000000 0.000000 -0.000007 -0.040598 0.196316
    34 3.815876 1.385489 -1.500000 1.402864 1.368067 -0.528993
    35 4.327089 -0.000004 0.000000 2.645338 -0.211084 -0.905644
    36 11.105106 0.000000 0.000004 0.020503 0.001428 -1.254479
    37 9.862080 -0.000007 0.000017 -2.243052 0.013002 0.407742
    38 2.641111 0.211586 1.074188 -0.201327 -0.143306 -0.226689
    39 1.361601 0.000000 0.000000 -0.011394 -0.016627 -0.599881
    40 0.779604 0.000001 0.000000 0.054450 0.175357 -0.302876
    41 2.908730 0.220541 0.432493 -0.194226 -0.103877 -0.292835
    42 1.597527 0.000000 0.000000 0.051956 0.088303 -0.532546
    43 0.912678 0.000000 0.000000 -0.002385 -0.009683 -0.242644
    44 3.265471 0.051184 -0.415600 -0.183626 -0.067869 -0.258123
    45 1.860470 0.000000 0.000000 0.042091 0.053928 -0.662606
    46 1.061485 0.000000 0.000000 -0.001830 -0.012006 -0.156488
    47 3.340403 -0.238762 -1.285691 -0.177006 -0.034199 -0.204061
    48 1.550755 0.000000 0.000000 -0.051292 -0.063997 -0.676366
    49 0.904886 0.000001 0.000000 -0.001263 -0.038530 -0.033046
    50 1.219410 -1.061498 -0.840143 -1.690135 0.344972 -0.122837
    51 1.496971 0.000002 0.000000 -0.000014 0.188062 -0.185216
    52 1.100088 0.000000 0.000000 0.000007 0.040598 0.196316
    53 0.000000 -0.000007 -0.000031 1.373047 0.113574 0.124314
    54 0.000000 0.000000 0.000000 -0.077030 -0.068757 -1.299215
    55 7.054213 0.000000 0.000000 0.000000 0.000000 0.000000
    56 0.000000 -0.000007 -0.000031 1.373047 0.113574 0.124314
    57 0.000000 -0.000007 -0.000031 1.373047 0.113574 0.124314
    58 2.856947 -1.536175 -0.973780 -1.501147 -0.272558 -1.578261
    59 0.000000 0.000000 10.000000 0.000000 0.000000 0.000000
    60 2.856899 -1.536201 -0.973800 -1.501147 -0.272558 -1.578261
    61 2.000000 -3.000000 0.000000 -1.570796 0.000000 -1.326450
    62 0.018896 0.665159 9.395880 0.000000 0.000000 0.000000
    63 3.028210 -0.923409 -2.009452 1.574082 -0.012974 1.587244
    64 0.116954 4.311606 0.061861 0.000010 0.000000 0.000000
    65 0.000000 -0.000002 0.000000 0.000000 0.000000 0.000000
    66 0.000000 1.000000 0.000010 0.000000 0.000000 0.000000
    67 -0.000001 0.000000 0.000000 0.000000 0.000000 0.000000
    68 -0.000001 0.000000 0.000000 0.000000 0.000000 0.000000
    69 -0.000001 0.000000 0.000000 0.000000 0.000000 0.000000
time 42
    0 1.614258 3.255859 3.798828 0.147211 -0.213909 -0.054374
    1 3.455587 0.000000 0.000000 -2.017054 -0.152899 -1.305487
    2 16.572346 0.000000 0.000000 -0.002940 0.010982 0.288628
    3 16.265829 0.000000 0.000000 -0.121441 0.020304 -0.583185
    4 5.046457 0.000000 0.000000 0.020201 -0.027646 -0.420465
    5 -3.455587 0.000000 0.000000 -0.251291 -0.353868 -2.467811
    6 16.572346 0.000000 0.000000 0.015330 -0.054344 2.037303
    7 16.265831 0.000000 0.000000 0.111662 -0.109458 -0.930471
    8 5.046457 0.000000 0.000000 -0.111806 0.023849 -0.399195
    9 0.000000 3.703728 0.293189 1.547608 0.081943 1.618003
    10 3.307846 0.000000 0.000000 -0.016118 0.034086 -0.023674
    11 3.297962 0.000000 0.000000 -0.051398 0.305624 -0.233905
    12 6.040985 0.000000 0.000000 0.006324 -0.139657 0.276321
    13 5.065758 0.000000 0.000000 2.514132 -0.045762 0.119745
    14 3.993755 0.000000 0.000000 -0.125093 -0.187052 -0.056286
    15 3.815876 1.385489 1.500000 0.143076 -0.981187 -1.666993
    16 4.327093 0.000004 0.000000 -0.617652 -0.039049 -0.364148
    17 11.105114 0.000000 0.000000 -0.030602 -0.010616 -0.603841
    18 9.862099 -0.000011 -0.000031 2.062147 -0.006836 0.015970
    19 2.641094 0.214619 -1.073586 0.204923 0.143299 -0.226648
    20 1.361605 -0.000002 0.000000 0.011394 0.016627 -0.599881
    21 0.779602 0.000002 0.000000 -0.054450 -0.175357 -0.302876
    22 2.908712 0.221762 -0.431868 0.197828 0.103894 -0.292786
    23 1.597527 0.000001 0.000000 -0.051956 -0.088303 -0.532546
    24 0.912680 0.000001 0.000000 0.002385 0.009683 -0.242644
    25 3.265450 0.050007 0.415744 0.187209 0.067909 -0.258128
    26 1.860470 0.000000 0.000000 -0.042091 -0.053928 -0.662606
    27 1.061481 -0.000001 0.000000 0.001830 0.012006 -0.156488
    28 3.340382 -0.242393 1.285012 0.180672 0.034142 -0.204037
    29 1.628906 -0.000005 0.000006 0.051292 0.063997 -0.676366
    30 0.904888 0.000001 0.000000 0.001263 0.038530 -0.033046
    31 1.219385 -1.063860 0.837143 1.693884 -0.344469 -0.124089
    32 1.496971 -0.000002 -0.000001 0.000014 -0.188062 -0.185216
    33 1.100086 0.000000 0.000000 -0.000007 -0.040598 0.196316
    34 3.815876 1.385489 -1.500000 0.870042 1.402578 -1.126181
    35 4.327089 -0.000004 0.000000 2.644220 -0.149351 -0.822642
    36 11.105106 0.000000 0.000004 0.024834 0.005402 -1.297892
    37 9.862080 -0.000007 0.000017 -2.377591 -0.002576 0.441490
    38 2.641111 0.211586 1.074188 -0.201327 -0.143306 -0.226689
    39 1.361601 0.000000 0.000000 -0.011394 -0.016627 -0.599881
    40 0.779604 0.000001 0.000000 0.054450 0.175357 -0.302876
    41 2.908730 0.220541 0.432493 -0.194226 -0.103877 -0.292835
    42 1.597527 0.000000 0.000000 0.051956 0.088303 -0.532546
    43 0.912678 0.000000 0.000000 -0.002385 -0.009683 -0.242644
    44 3.265471 0.051184 -0.415600 -0.183626 -0.067869 -0.258123
    45 1.860470 0.000000 0.000000 0.042091 0.053928 -0.662606
    46 1.061485 0.000000 0.000000 -0.001830 -0.012006 -0.156488
    47 3.340403 -0.238762 -1.285691 -0.177006 -0.034199 -0.204061
    48 1.550755 0.000000 0.000000 -0.051292 -0.063997 -0.676366
    49 0.904886 0.000001 0.000000 -0.001263 -0.038530 -0.033046
    50 1.219410 -1.061498 -0.840143 -1.690135 0.344972 -0.122837
    51 1.496971 0.000002 0.000000 -0.000014 0.188062 -0.185216
    52 1.100088 0.000000 0.000000 0.000007 0.040598 0.196316
    53 0.000000 -0.000007 -0.000031 1.373047 0.113574 0.124314
    54 0.000000 0.000000 0.000000 -0.077030 -0.068757 -1.299215
    55 7.054213 0.000000 0.000000 0.000000 0.000000 0.000000
    56 0.000000 -0.000007 -0.000031 1.373047 0.113574 0.124314
    57 0.000000 -0.000007 -0.000031 1.373047 0.113574 0.124314
    58 2.856947 -1.536175 -0.973780 -1.501147 -0.272558 -1.578261
    59 0.000000 0.000000 10.000000 0.000000 0.000000 0.000000
    60 2.856899 -1.536201 -0.973800 -1.501147 -0.272558 -1.578261
    61 2.000000 -3.000000 0.000000 -1.570796 0.000000 -1.326450
    62 0.018896 0.665159 9.395880 0.000000 0.000000 0.000000
    63 3.028210 -0.923409 -2.009452 1.574082 -0.012974 1.587244
    64 0.116954 4.311606 0.061861 0.000010 0.000000 0.000000
    65 0.000000 -0.000002 0.000000 0.000000 0.000000 0.000000
    66 0.000000 1.000000 0.000010 0.000000 0.000000 0.000000
    67 -0.000001 0.000000 0.000000 0.000000 0.000000 0.000000
    68 -0.000001 0.000000 0.000000 0.000000 0.000000 0.000000
    69 -0.000001 0.000000 0.000000 0.000000 0.000000 0.000000
time 43
    0 1.646484 3.238281 3.804688 0.126462 -0.217761 -0.057555
    1 3.455587 0.000000 0.000000 -1.832485 -0.120331 -1.335700
    2 16.572346 0.000000 0.000000 -0.002725 0.007554 0.244471
    3 16.265829 0.000000 0.000000 -0.246703 0.037369 -0.535285
    4 5.046457 0.000000 0.000000 0.020201 -0.027646 -0.420465
    5 -3.455587 0.000000 0.000000 -0.251760 -0.322645 -2.474957
    6 16.572346 0.000000 0.000000 0.011821 -0.051193 2.083807
    7 16.265831 0.000000 0.000000 0.132520 -0.136966 -0.911444
    8 5.046457 0.000000 0.000000 -0.111806 0.023849 -0.399195
    9 0.000000 3.703728 0.293189 1.559145 0.111029 1.632386
    10 3.307846 0.000000 0.000000 -0.015251 0.034547 0.001809
    11 3.297962 0.000000 0.000000 -0.036829 0.308104 -0.182447
    12 6.040985 0.000000 0.000000 0.001438 -0.154798 0.305510
    13 5.065758 0.000000 0.000000 2.443298 -0.022292 0.043765
    14 3.993755 0.000000 0.000000 -0.145604 -0.082657 -0.115410
    15 3.815876 1.385489 1.500000 0.201529 -1.007408 -1.770964
    16 4.327093 0.000004 0.000000 -0.677744 -0.021148 -0.327111
    17 11.105114 0.000000 0.000000 -0.027678 -0.008965 -0.620524
    18 9.862099 -0.000011 -0.000031 2.094826 0.010594 0.016113
    19 2.641094 0.214619 -1.073586 0.204923 0.143299 -0.226648
    20 1.361605 -0.000002 0.000000 0.011394 0.016627 -0.599881
    21 0.779602 0.000002 0.000000 -0.054450 -0.175357 -0.302876
    22 2.908712 0.221762 -0.431868 0.197828 0.103894 -0.292786
    23 1.597527 0.000001 0.000000 -0.051956 -0.088303 -0.532546
    24 0.912680 0.000001 0.000000 0.002385 0.009683 -0.242644
    25 3.265450 0.050007 0.415744 0.187209 0.067909 -0.258128
    26 1.860470 0.000000 0.000000 -0.042091 -0.053928 -0.662606
    27 1.061481 -0.000001 0.000000 0.001830 0.012006 -0.156488
    28 3.340382 -0.242393 1.285012 0.180672 0.034142 -0.204037
    29 1.628906 -0.000005 0.000006 0.051292 0.063997 -0.676366
    30 0.904888 0.000001 0.000000 0.001263 0.038530 -0.033046
    31 1.219385 -1.063860 0.837143 1.693884 -0.344469 -0.124089
    32 1.496971 -0.000002 -0.000001 0.000014 -0.188062 -0.185216
    33 1.100086 0.000000 0.000000 -0.000007 -0.040598 0.196316
    34 3.815876 1.385489 -1.500000 0.387066 1.374946 -1.655932
    35 4.327089 -0.000004 0.000000 2.646727 -0.072389 -0.756247
    36 11.105106 0.000000 0.000004 0.024019 0.006908 -1.317232
    37 9.862080 -0.000007 0.000017 -2.510879 -0.012417 0.461992
    38 2.641111 0.211586 1.074188 -0.201327 -0.143306 -0.226689
    39 1.361601 0.000000 0.000000 -0.011394 -0.016627 -0.599881
    40 0.779604 0.000001 0.000000 0.054450 0.175357 -0.302876
    41 2.908730 0.220541 0.432493 -0.194226 -0.103877 -0.292835
    42 1.597527 0.000000 0.000000 0.051956 0.088303 -0.532546
    43 0.912678 0.000000 0.000000 -0.002385 -0.009683 -0.242644
    44 3.265471 0.051184 -0.415600 -0.183626 -0.067869 -0.258123
    45 1.860470 0.000000 0.000000 0.042091 0.053928 -0.662606
    46 1.061485 0.000000 0.000000 -0.001830 -0.012006 -0.156488
    47 3.340403 -0.238762 -1.285691 -0.177006 -0.034199 -0.204061
    48 1.550755 0.000000 0.000000 -0.051292 -0.063997 -0.676366
    49 0.904886 0.000001 0.000000 -0.001263 -0.038530 -0.033046
    50 1.219410 -1.061498 -0.840143 -1.690135 0.344972 -0.122837
    51 1.496971 0.000002 0.000000 -0.000014 0.188062 -0.185216
    52 1.100088 0.000000 0.000000 0.000007 0.040598 0.196316
    53 0.000000 -0.000007 -0.000031 1.373047 0.113574 0.124314
    54 0.000000 0.000000 0.000000 -0.077030 -0.068757 -1.299215
    55 7.054213 0.000000 0.000000 0.000000 0.000000 0.000000
    56 0.000000 -0.000007 -0.000031 1.373047 0.113574 0.124314
    57 0.000000 -0.000007 -0.000031 1.373047 0.113574 0.124314
    58 2.856947 -1.536175 -0.973780 -1.501147 -0.272558 -1.578261
    59 0.000000 0.000000 10.000000 0.000000 0.000000 0.000000
    60 2.856899 -1.536201 -0.973800 -1.501147 -0.272558 -1.578261
    61 2.000000 -3.000000 0.000000 -1.570796 0.000000 -1.326450
    62 0.018896 0.665159 9.395880 0.000000 0.000000 0.000000
    63 3.028210 -0.923409 -2.009452 1.574082 -0.012974 1.587244
    64 0.116954 4.311606 0.061861 0.000010 0.000000 0.000000
    65 0.000000 -0.000002 0.000000 0.000000 0.000000 0.000000
    66 0.000000 1.000000 0.000010 0.000000 0.000000 0.000000
    67 -0.000001 0.000000 0.000000 0.000000 0.000000 0.000000
    68 -0.000001 0.000000 0.000000 0.000000 0.000000 0.000000
    69 -0.000001 0.000000 0.000000 0.000000 0.000000 0.000000
end
